cutoff_date,total_mismatches,false_positives,false_negatives,exact,at_least_99pct,at_least_95pct,delta_mismatches
20160628,901,901,0,89,114,121,0
20160629,901,901,0,89,114,121,0
20160630,901,901,0,89,114,121,0
20160701,901,901,0,89,114,121,0
20160624,942,900,42,57,114,121,41
20160627,942,900,42,57,114,121,41
20160623,949,900,49,57,114,121,48
20160622,959,900,59,56,114,121,58
20160621,972,900,72,51,114,121,71
20160620,980,900,80,51,114,121,79
20160619,987,900,87,50,114,121,86
20160617,991,900,91,49,114,121,90
20160618,991,900,91,49,114,121,90
20160616,998,897,101,42,114,121,97
20160615,1028,897,131,35,114,121,127
20160614,1065,897,168,35,114,121,164
20160613,1074,897,177,33,114,121,173
20160610,1091,897,194,33,114,121,190
20160609,1093,897,196,33,114,121,192
20160608,1113,897,216,33,114,121,212
20160607,1143,897,246,27,113,121,242
20160606,1148,897,251,25,113,121,247
20160603,1158,897,261,25,113,121,257
20160602,1159,897,262,25,113,121,258
20160601,1190,897,293,21,113,121,289
20160531,1220,897,323,21,112,121,319
20160530,1240,897,343,21,112,121,339
20160526,1241,897,344,21,112,121,340
20160527,1241,897,344,21,112,121,340
20160525,1256,897,359,21,112,121,355
20160524,1435,897,538,15,112,121,534
20160523,1454,897,557,12,112,121,553
20160521,1472,897,575,12,112,121,571
20160520,1487,897,590,12,112,121,586
20160518,1579,897,682,4,112,121,678
20160519,1579,897,682,4,112,121,678
20160517,1584,897,687,4,112,121,683
20160516,1601,897,704,4,112,121,700
20160513,1603,897,706,4,112,121,702
20160512,1613,897,716,4,112,121,712
20160511,1623,897,726,4,112,121,722
20160510,1660,897,763,4,112,121,759
20160509,1670,897,773,4,112,121,769
20160506,1690,897,793,4,112,121,789
20160504,1701,897,804,4,112,121,800
20160502,1702,897,805,4,112,121,801
20160503,1702,897,805,4,112,121,801
20160428,1706,897,809,4,112,121,805
20160429,1706,897,809,4,112,121,805
20160427,1760,897,863,4,112,121,859
20160426,1793,897,896,4,112,121,892
20160421,1823,897,926,4,112,121,922
20160422,1823,897,926,4,112,121,922
20160425,1823,897,926,4,112,121,922
20160420,1845,897,948,4,112,121,944
20160418,1889,894,995,4,112,121,988
20160419,1889,894,995,4,112,121,988
20160413,1897,894,1003,4,112,121,996
20160414,1897,894,1003,4,112,121,996
20160415,1897,894,1003,4,112,121,996
20160407,1899,894,1005,4,112,121,998
20160408,1899,894,1005,4,112,121,998
20160411,1899,894,1005,4,112,121,998
20160406,1923,894,1029,4,112,121,1022
20160405,1929,894,1035,4,112,121,1028
20160404,1950,894,1056,4,112,121,1049
20160403,1953,894,1059,4,112,121,1052
20160401,1959,894,1065,4,112,121,1058
20160331,1960,894,1066,4,112,121,1059
20160330,1985,893,1092,4,112,121,1084
20160329,1999,893,1106,4,112,121,1098
20160325,2000,893,1107,4,112,121,1099
20160328,2000,893,1107,4,112,121,1099
20160324,2007,893,1114,4,112,121,1106
20160323,2024,893,1131,4,112,121,1123
20160322,2059,893,1166,4,112,121,1158
20160321,2065,893,1172,4,112,121,1164
20160320,2089,893,1196,4,112,121,1188
20160318,2125,893,1232,4,112,121,1224
20160317,2168,893,1275,4,112,121,1267
20160315,2174,893,1281,4,112,121,1273
20160316,2174,893,1281,4,112,121,1273
20160314,2181,893,1288,4,112,121,1280
20160312,2186,893,1293,4,112,121,1285
20160311,2188,893,1295,4,112,121,1287
20160310,2206,893,1313,4,112,121,1305
20160309,2250,893,1357,4,112,121,1349
20160307,2273,893,1380,4,112,121,1372
20160304,2278,893,1385,4,112,121,1377
20160303,2324,893,1431,4,111,121,1423
20160301,2349,893,1456,4,111,121,1448
20160229,2381,893,1488,4,111,121,1480
20160225,2390,893,1497,4,111,121,1489
20160226,2390,893,1497,4,111,121,1489
20160223,2437,893,1544,4,111,121,1536
20160224,2437,893,1544,4,111,121,1536
20160222,2441,891,1550,4,111,121,1540
20160219,2474,891,1583,4,111,121,1573
20160218,2484,891,1593,4,111,121,1583
20160217,2493,890,1603,4,111,121,1592
20160215,2508,890,1618,4,111,121,1607
20160212,2510,890,1620,4,111,121,1609
20160211,2532,890,1642,4,111,121,1631
20160210,2575,890,1685,4,111,121,1674
20160209,2585,890,1695,4,111,121,1684
20160208,2662,890,1772,4,110,121,1761
20160205,2670,890,1780,4,110,121,1769
20160204,2696,890,1806,4,110,121,1795
20160202,2710,890,1820,4,110,121,1809
20160201,2711,890,1821,4,110,121,1810
20160129,2717,890,1827,4,110,121,1816
20160128,2721,890,1831,4,110,121,1820
20160127,2726,890,1836,4,110,121,1825
20160126,2738,890,1848,4,110,121,1837
20160125,2757,890,1867,4,110,121,1856
20160122,2758,890,1868,4,110,121,1857
20160121,2781,890,1891,4,110,121,1880
20160119,2830,890,1940,4,110,121,1929
20160120,2830,890,1940,4,110,121,1929
20160118,2850,890,1960,4,110,121,1949
20160115,2866,890,1976,4,109,121,1965
20160114,2878,890,1988,4,109,121,1977
20160112,2923,890,2033,4,109,121,2022
20160111,2960,890,2070,4,109,121,2059
20160108,2968,890,2078,4,109,121,2067
20160107,2993,890,2103,4,109,121,2092
20160106,3000,890,2110,4,109,121,2099
20160105,3009,890,2119,4,109,121,2108
20160104,3012,890,2122,4,109,121,2111
20160103,3079,890,2189,4,109,121,2178
20151228,3087,878,2209,4,110,121,2186
20151223,3120,878,2242,4,110,121,2219
20151222,3126,878,2248,4,110,121,2225
20151221,3133,878,2255,4,110,121,2232
20151218,3134,878,2256,4,110,121,2233
20151217,3221,876,2345,4,109,121,2320
20151215,3236,876,2360,4,108,121,2335
20151214,3272,876,2396,4,108,121,2371
20151211,3285,876,2409,4,108,121,2384
20151210,3291,876,2415,4,108,121,2390
20151209,3322,876,2446,4,108,121,2421
20151208,3329,876,2453,4,107,121,2428
20151207,3361,876,2485,4,106,121,2460
20151203,3368,876,2492,4,106,121,2467
20151204,3368,876,2492,4,106,121,2467
20151202,3380,876,2504,4,106,121,2479
20151201,3393,876,2517,4,105,121,2492
20151130,3395,876,2519,4,105,121,2494
20151127,3399,876,2523,4,105,121,2498
20151126,3431,876,2555,4,105,121,2530
20151125,3433,876,2557,4,105,121,2532
20151123,3450,876,2574,4,105,121,2549
20151124,3450,876,2574,4,105,121,2549
20151120,3487,876,2611,4,104,121,2586
20151118,3488,876,2612,4,104,121,2587
20151117,3525,876,2649,4,103,121,2624
20151116,3552,876,2676,4,103,121,2651
20151112,3585,873,2712,4,103,121,2684
20151110,3599,873,2726,4,103,121,2698
20151109,3618,869,2749,4,103,121,2717
20151106,3629,869,2760,4,103,121,2728
20151105,3644,869,2775,4,103,121,2743
20151104,3657,869,2788,4,103,121,2756
20151102,3661,869,2792,4,103,121,2760
20151103,3661,869,2792,4,103,121,2760
20151030,3685,869,2816,4,103,121,2784
20151029,3867,869,2998,4,99,121,2966
20151028,3955,869,3086,4,99,121,3054
20151027,3964,867,3097,4,99,121,3063
20151026,3974,867,3107,4,99,121,3073
20151023,4009,867,3142,4,98,121,3108
20151025,4009,867,3142,4,98,121,3108
20151022,4033,867,3166,4,97,121,3132
20151021,4152,867,3285,4,94,121,3251
20151019,4163,867,3296,4,92,121,3262
20151020,4163,867,3296,4,92,121,3262
20151016,4199,867,3332,4,92,121,3298
20151015,4752,862,3890,4,81,121,3851
20151014,4760,862,3898,4,81,121,3859
20151013,4796,862,3934,4,81,121,3895
20151012,4821,862,3959,4,80,121,3920
20151009,4824,862,3962,4,80,121,3923
20151008,4835,862,3973,4,79,121,3934
20151007,4843,854,3989,4,79,121,3942
20151006,4855,854,4001,4,79,121,3954
20151005,4905,854,4051,4,79,121,4004
20151002,4908,854,4054,4,79,121,4007
20151001,4924,854,4070,4,79,121,4023
20150929,4929,854,4075,4,79,121,4028
20150928,4966,854,4112,4,76,121,4065
20150926,5023,854,4169,4,75,121,4122
20150925,5038,854,4184,4,74,121,4137
20150924,5043,854,4189,4,74,121,4142
20150923,5050,854,4196,4,73,121,4149
20150922,5060,852,4208,4,73,121,4159
20150921,5073,852,4221,4,73,121,4172
20150918,5076,852,4224,4,73,121,4175
20150917,5079,852,4227,4,73,121,4178
20150916,5098,852,4246,4,72,121,4197
20150915,5194,852,4342,4,70,121,4293
20150914,5202,852,4350,4,70,121,4301
20150910,5226,852,4374,4,70,121,4325
20150911,5226,852,4374,4,70,121,4325
20150909,5237,852,4385,4,70,121,4336
20150904,5252,852,4400,4,70,121,4351
20150902,5257,852,4405,4,70,121,4356
20150901,5264,852,4412,4,70,121,4363
20150831,5294,852,4442,4,68,121,4393
20150828,5296,852,4444,4,67,121,4395
20150827,5315,852,4463,4,67,121,4414
20150826,5316,852,4464,4,67,121,4415
20150825,5318,852,4466,4,67,121,4417
20150824,5320,852,4468,4,67,121,4419
20150822,5332,850,4482,4,67,121,4431
20150820,5380,850,4530,4,66,121,4479
20150821,5380,850,4530,4,66,121,4479
20150819,5402,850,4552,4,66,121,4501
20150818,5408,850,4558,4,66,121,4507
20150814,5409,850,4559,4,66,121,4508
20150817,5409,850,4559,4,66,121,4508
20150813,5414,850,4564,4,66,121,4513
20150812,5416,850,4566,4,65,121,4515
20150811,5432,850,4582,4,65,121,4531
20150810,5433,850,4583,4,65,121,4532
20150806,5442,850,4592,4,65,121,4541
20150807,5442,850,4592,4,65,121,4541
20150803,5546,850,4696,4,60,121,4645
20150731,5548,850,4698,4,60,121,4647
20150730,5557,850,4707,4,60,121,4656
20150729,5572,850,4722,4,60,121,4671
20150728,5606,850,4756,4,60,121,4705
20150727,5635,850,4785,4,58,121,4734
20150724,5664,850,4814,4,57,121,4763
20150725,5664,850,4814,4,57,121,4763
20150723,5681,850,4831,4,57,121,4780
20150722,5717,850,4867,4,56,121,4816
20150721,5721,850,4871,4,56,121,4820
20150720,5722,850,4872,4,56,121,4821
20150718,5752,850,4902,4,56,121,4851
20150717,5757,850,4907,4,56,121,4856
20150716,5761,850,4911,4,56,121,4860
20150715,5793,850,4943,4,56,121,4892
20150714,5813,848,4965,4,56,121,4912
20150713,5831,848,4983,4,56,121,4930
20150710,5873,848,5025,4,56,121,4972
20150709,5878,844,5034,4,56,121,4977
20150708,5911,844,5067,4,54,121,5010
20150707,5921,844,5077,4,54,121,5020
20150706,5940,841,5099,4,53,121,5039
20150703,5942,841,5101,4,53,121,5041
20150704,5942,841,5101,4,53,121,5041
20150702,5952,841,5111,4,53,121,5051
20150701,5991,841,5150,4,53,121,5090
20150630,6006,841,5165,4,53,121,5105
20150626,6109,841,5268,4,53,121,5208
20150629,6109,841,5268,4,53,121,5208
20150624,6166,832,5334,4,50,121,5265
20150625,6173,841,5332,4,50,121,5272
20150623,6184,831,5353,4,50,121,5283
20150622,6264,830,5434,4,49,121,5363
20150620,6365,826,5539,4,43,121,5464
20150619,6369,826,5543,4,43,121,5468
20150618,6394,826,5568,4,43,121,5493
20150617,6427,826,5601,4,43,121,5526
20150616,6428,824,5604,4,43,121,5527
20150615,6555,824,5731,4,42,121,5654
20150612,6561,824,5737,4,42,121,5660
20150611,6588,824,5764,4,41,121,5687
20150610,6621,824,5797,4,41,121,5720
20150609,6624,824,5800,4,41,121,5723
20150605,6645,824,5821,4,41,121,5744
20150607,6645,824,5821,4,41,121,5744
20150608,6645,824,5821,4,41,121,5744
20150604,6647,824,5823,4,41,121,5746
20150603,6700,824,5876,4,41,121,5799
20150602,6708,824,5884,4,41,121,5807
20150601,6730,824,5906,4,41,121,5829
20150528,6745,824,5921,4,41,121,5844
20150527,6792,824,5968,4,41,121,5891
20150526,6849,824,6025,3,40,121,5948
20150522,6850,824,6026,3,40,121,5949
20150521,6868,824,6044,3,40,121,5967
20150520,6990,824,6166,3,36,121,6089
20150519,7004,824,6180,3,36,121,6103
20150518,7083,822,6261,3,36,121,6182
20150515,7091,822,6269,3,36,121,6190
20150514,7143,822,6321,3,35,121,6242
20150513,7181,822,6359,3,35,121,6280
20150512,7201,822,6379,3,35,121,6300
20150511,7216,822,6394,3,35,121,6315
20150509,7242,822,6420,3,35,121,6341
20150508,7248,822,6426,3,35,121,6347
20150507,7266,820,6446,3,35,121,6365
20150506,7295,820,6475,3,35,121,6394
20150505,7325,818,6507,3,35,121,6424
20150504,7345,818,6527,3,35,121,6444
20150501,7429,818,6611,3,35,121,6528
20150430,7443,816,6627,3,35,121,6542
20150429,7490,816,6674,3,34,121,6589
20150428,7494,816,6678,3,34,121,6593
20150424,7514,816,6698,3,34,121,6613
20150427,7514,816,6698,3,34,121,6613
20150422,7526,816,6710,3,34,121,6625
20150423,7526,816,6710,3,34,121,6625
20150421,7561,812,6749,3,34,121,6660
20150420,7682,812,6870,3,34,121,6781
20150418,7684,812,6872,3,34,121,6783
20150417,7690,812,6878,3,34,121,6789
20150415,7744,812,6932,3,33,121,6843
20150416,7744,812,6932,3,33,121,6843
20150414,7787,812,6975,3,33,121,6886
20150413,7836,812,7024,1,33,121,6935
20150410,7839,812,7027,1,33,121,6938
20150409,7842,812,7030,1,33,121,6941
20150408,7885,812,7073,1,33,121,6984
20150406,7893,812,7081,1,33,121,6992
20150402,7928,812,7116,1,32,121,7027
20150401,7960,812,7148,1,31,121,7059
20150331,7982,812,7170,1,31,121,7081
20150330,8004,812,7192,1,31,121,7103
20150329,8017,812,7205,1,31,121,7116
20150328,8024,812,7212,1,30,121,7123
20150327,8030,812,7218,1,30,121,7129
20150326,8064,812,7252,1,30,121,7163
20150325,8075,812,7263,1,30,121,7174
20150323,8087,812,7275,1,30,121,7186
20150324,8087,812,7275,1,30,121,7186
20150320,8102,812,7290,1,30,121,7201
20150319,8112,812,7300,1,30,121,7211
20150318,8139,812,7327,1,29,121,7238
20150317,8143,812,7331,1,29,121,7242
20150316,8200,812,7388,1,27,121,7299
20150313,8242,812,7430,1,27,121,7341
20150312,8258,810,7448,1,27,121,7357
20150311,8260,810,7450,1,27,121,7359
20150310,8268,810,7458,1,27,121,7367
20150309,8306,810,7496,1,27,121,7405
20150306,8322,810,7512,1,27,121,7421
20150305,8326,810,7516,1,27,121,7425
20150304,8342,810,7532,1,26,121,7441
20150303,8373,810,7563,1,26,121,7472
20150302,8449,810,7639,1,26,121,7548
20150227,8453,810,7643,1,26,121,7552
20150226,8487,810,7677,1,26,121,7586
20150225,8496,810,7686,1,26,121,7595
20150223,8568,810,7758,1,26,121,7667
20150224,8568,810,7758,1,26,121,7667
20150219,8640,810,7830,1,25,121,7739
20150220,8640,810,7830,1,25,121,7739
20150218,8642,810,7832,1,25,121,7741
20150217,8646,810,7836,1,25,121,7745
20150216,8666,810,7856,1,25,121,7765
20150213,8689,810,7879,1,25,121,7788
20150212,8718,810,7908,1,25,121,7817
20150211,8751,810,7941,1,25,121,7850
20150210,8756,805,7951,1,25,121,7855
20150209,8782,805,7977,1,25,121,7881
20150207,8850,805,8045,1,25,121,7949
20150208,8850,805,8045,1,25,121,7949
20150206,8855,805,8050,1,25,121,7954
20150205,8885,805,8080,1,25,121,7984
20150204,8911,804,8107,1,25,121,8010
20150203,8929,804,8125,1,25,121,8028
20150202,8965,804,8161,1,25,121,8064
20150201,9050,804,8246,1,23,121,8149
20150129,9051,804,8247,1,23,121,8150
20150130,9051,804,8247,1,23,121,8150
20150131,9051,804,8247,1,23,121,8150
20150128,9080,804,8276,1,23,121,8179
20150127,9086,804,8282,1,23,121,8185
20150126,9097,804,8293,1,23,121,8196
20150123,9105,804,8301,1,23,121,8204
20150122,9117,804,8313,1,23,121,8216
20150121,9201,802,8399,1,23,121,8300
20150120,9223,802,8421,1,23,121,8322
20150119,9241,802,8439,1,23,121,8340
20150118,9258,802,8456,1,23,121,8357
20150116,9259,802,8457,1,23,121,8358
20150115,9287,802,8485,1,23,121,8386
20150113,9301,801,8500,1,23,121,8400
20150114,9301,801,8500,1,23,121,8400
20150112,9342,801,8541,1,22,121,8441
20150109,9354,801,8553,1,22,121,8453
20150108,9390,801,8589,1,21,121,8489
20150107,9431,801,8630,1,21,121,8530
20150106,9454,801,8653,1,21,121,8553
20150105,9455,801,8654,1,21,121,8554
20150104,9466,801,8665,1,21,121,8565
20141229,9469,801,8668,1,21,121,8568
20150103,9469,801,8668,1,21,121,8568
20141222,9483,801,8682,1,21,121,8582
20141227,9483,801,8682,1,21,121,8582
20141219,9507,799,8708,1,21,121,8606
20141218,9518,799,8719,1,21,121,8617
20141217,9592,799,8793,1,21,121,8691
20141216,9624,799,8825,1,21,121,8723
20141212,9632,799,8833,1,21,121,8731
20141215,9632,799,8833,1,21,121,8731
20141211,9634,799,8835,1,21,121,8733
20141210,9646,799,8847,1,21,121,8745
20141209,9657,799,8858,1,21,121,8756
20141208,9684,799,8885,1,21,121,8783
20141205,9732,799,8933,1,21,121,8831
20141207,9732,799,8933,1,21,121,8831
20141204,9761,799,8962,1,21,121,8860
20141203,9794,793,9001,1,21,121,8893
20141202,9847,793,9054,1,21,121,8946
20141201,9890,793,9097,1,21,121,8989
20141129,9894,793,9101,1,21,121,8993
20141127,9895,793,9102,1,21,121,8994
20141128,9895,793,9102,1,21,121,8994
20141126,9937,793,9144,1,21,121,9036
20141125,9955,793,9162,1,21,121,9054
20141124,9985,793,9192,1,21,120,9084
20141122,9995,793,9202,1,21,120,9094
20141120,10024,793,9231,1,21,120,9123
20141119,10032,793,9239,1,21,120,9131
20141118,10054,793,9261,1,21,120,9153
20141117,10107,793,9314,1,21,120,9206
20141116,10346,793,9553,1,18,120,9445
20141114,10350,793,9557,1,18,120,9449
20141115,10350,793,9557,1,18,120,9449
20141113,10356,793,9563,1,18,120,9455
20141112,10439,790,9649,1,17,120,9538
20141111,10498,787,9711,1,17,120,9597
20141110,10525,787,9738,1,17,120,9624
20141107,10602,787,9815,1,17,120,9701
20141109,10602,787,9815,1,17,120,9701
20141106,10722,787,9935,1,16,120,9821
20141105,11405,787,10618,1,16,120,10504
20141104,11522,787,10735,1,15,120,10621
20141103,11526,787,10739,1,15,120,10625
20141031,11558,786,10772,1,15,120,10657
20141030,11624,786,10838,1,15,120,10723
20141029,11632,786,10846,1,15,120,10731
20141028,11663,786,10877,1,15,120,10762
20141027,11674,786,10888,1,15,120,10773
20141024,11713,786,10927,1,15,120,10812
20141025,11713,786,10927,1,15,120,10812
20141023,11735,786,10949,1,15,120,10834
20141022,11889,786,11103,0,14,120,10988
20141021,11916,786,11130,0,14,120,11015
20141017,11953,786,11167,0,14,120,11052
20141016,12017,777,11240,0,14,120,11116
20141015,12030,777,11253,0,14,120,11129
20141014,12051,777,11274,0,14,120,11150
20141010,12066,777,11289,0,14,120,11165
20141009,12081,777,11304,0,14,120,11180
20141008,12089,774,11315,0,14,120,11188
20141007,12101,774,11327,0,14,120,11200
20141006,12118,774,11344,0,14,120,11217
20141002,12163,769,11394,0,14,120,11262
20141003,12163,769,11394,0,14,120,11262
20141005,12163,769,11394,0,14,120,11262
20141001,12175,769,11406,0,14,120,11274
20140930,12213,769,11444,0,14,120,11312
20140929,12215,769,11446,0,14,120,11314
20140926,12229,769,11460,0,13,120,11328
20140927,12229,769,11460,0,13,120,11328
20140924,12287,769,11518,0,13,120,11386
20140925,12287,769,11518,0,13,120,11386
20140923,12319,769,11550,0,13,120,11418
20140922,12359,769,11590,0,13,120,11458
20140921,12360,769,11591,0,13,120,11459
20140920,12365,769,11596,0,13,120,11464
20140919,12370,769,11601,0,13,120,11469
20140918,12372,769,11603,0,13,120,11471
20140917,12375,769,11606,0,13,120,11474
20140916,12386,769,11617,0,13,120,11485
20140915,12419,769,11650,0,13,120,11518
20140912,12449,769,11680,0,13,120,11548
20140910,12482,769,11713,0,13,120,11581
20140911,12482,769,11713,0,13,120,11581
20140909,12501,769,11732,0,13,120,11600
20140908,12525,769,11756,0,13,120,11624
20140905,12557,769,11788,0,13,120,11656
20140904,12571,769,11802,0,13,120,11670
20140903,12591,767,11824,0,13,120,11690
20140902,12593,767,11826,0,13,120,11692
20140901,12644,765,11879,0,13,120,11743
20140829,12701,763,11938,0,13,120,11800
20140828,12702,763,11939,0,13,120,11801
20140827,12724,763,11961,0,13,120,11823
20140826,12772,763,12009,0,13,120,11871
20140823,12787,763,12024,0,13,120,11886
20140824,12787,763,12024,0,13,120,11886
20140822,12790,763,12027,0,13,120,11889
20140821,12807,763,12044,0,13,120,11906
20140820,12842,763,12079,0,13,120,11941
20140819,12852,763,12089,0,13,120,11951
20140818,12881,763,12118,0,13,119,11980
20140817,12903,763,12140,0,13,119,12002
20140815,12946,763,12183,0,13,119,12045
20140814,12984,761,12223,0,13,119,12083
20140813,13012,761,12251,0,13,119,12111
20140812,13024,759,12265,0,13,119,12123
20140811,13053,759,12294,0,13,119,12152
20140808,13082,759,12323,0,13,118,12181
20140807,13128,759,12369,0,13,118,12227
20140806,13198,759,12439,0,13,118,12297
20140805,13275,759,12516,0,12,118,12374
20140804,13293,759,12534,0,12,118,12392
20140801,13369,759,12610,0,12,118,12468
20140731,13376,759,12617,0,12,118,12475
20140730,13441,759,12682,0,12,118,12540
20140729,13463,759,12704,0,12,118,12562
20140728,13562,759,12803,0,12,118,12661
20140726,13582,759,12823,0,12,115,12681
20140725,13591,759,12832,0,12,115,12690
20140724,13600,758,12842,0,12,115,12699
20140723,13623,758,12865,0,12,115,12722
20140722,13630,758,12872,0,12,115,12729
20140721,13642,758,12884,0,12,115,12741
20140720,13648,758,12890,0,12,115,12747
20140718,13669,758,12911,0,12,115,12768
20140717,13681,758,12923,0,12,114,12780
20140716,13693,758,12935,0,12,114,12792
20140715,13763,756,13007,0,12,114,12862
20140714,13807,756,13051,0,12,113,12906
20140710,14152,756,13396,0,9,113,13251
20140711,14152,756,13396,0,9,113,13251
20140709,14185,756,13429,0,9,113,13284
20140707,14198,756,13442,0,9,113,13297
20140708,14198,756,13442,0,9,113,13297
20140706,14224,756,13468,0,9,113,13323
20140704,14230,756,13474,0,9,113,13329
20140705,14230,756,13474,0,9,113,13329
20140703,14283,756,13527,0,9,113,13382
20140702,14328,756,13572,0,9,112,13427
20140701,14376,756,13620,0,9,112,13475
20140630,14434,753,13681,0,9,111,13533
20140627,14437,753,13684,0,9,111,13536
20140626,14809,753,14056,0,9,110,13908
20140625,14811,753,14058,0,9,110,13910
20140624,14814,753,14061,0,9,110,13913
20140623,14819,753,14066,0,9,110,13918
20140620,14864,753,14111,0,9,110,13963
20140617,14888,753,14135,0,9,110,13987
20140618,14888,753,14135,0,9,110,13987
20140619,14888,753,14135,0,9,110,13987
20140613,14906,753,14153,0,9,110,14005
20140616,14906,753,14153,0,9,110,14005
20140612,14908,753,14155,0,9,110,14007
20140610,14919,753,14166,0,9,110,14018
20140611,14919,753,14166,0,9,110,14018
20140609,14929,753,14176,0,9,110,14028
20140606,14934,753,14181,0,9,110,14033
20140605,14952,753,14199,0,9,110,14051
20140604,14958,753,14205,0,9,110,14057
20140603,14959,753,14206,0,9,110,14058
20140530,15003,753,14250,0,9,110,14102
20140529,15023,753,14270,0,9,106,14122
20140528,15034,753,14281,0,9,106,14133
20140527,15039,753,14286,0,9,106,14138
20140523,15094,753,14341,0,9,106,14193
20140522,15121,753,14368,0,9,106,14220
20140521,15155,753,14402,0,9,105,14254
20140520,16812,753,16059,0,9,99,15911
20140519,16829,753,16076,0,9,99,15928
20140516,16868,753,16115,0,9,99,15967
20140515,16916,753,16163,0,9,98,16015
20140514,16992,753,16239,0,9,98,16091
20140513,17033,753,16280,0,9,98,16132
20140512,17117,753,16364,0,9,98,16216
20140509,17182,753,16429,0,9,97,16281
20140508,17194,753,16441,0,9,97,16293
20140507,17227,753,16474,0,9,97,16326
20140505,17237,753,16484,0,9,96,16336
20140506,17237,753,16484,0,9,96,16336
20140502,17270,753,16517,0,9,95,16369
20140430,17354,753,16601,0,9,95,16453
20140429,17378,753,16625,0,9,95,16477
20140428,17392,753,16639,0,9,95,16491
20140425,17460,753,16707,0,9,95,16559
20140424,17475,753,16722,0,9,95,16574
20140423,17522,751,16771,0,8,95,16621
20140422,17535,751,16784,0,8,95,16634
20140417,17691,751,16940,0,8,94,16790
20140418,17691,751,16940,0,8,94,16790
20140416,17724,751,16973,0,8,94,16823
20140415,17742,751,16991,0,8,94,16841
20140411,17753,751,17002,0,8,94,16852
20140413,17753,751,17002,0,8,94,16852
20140410,17794,747,17047,0,8,94,16893
20140409,17905,747,17158,0,8,94,17004
20140408,17934,746,17188,0,8,94,17033
20140407,17935,746,17189,0,8,94,17034
20140406,17938,746,17192,0,8,94,17037
20140405,17943,746,17197,0,8,94,17042
20140404,17944,746,17198,0,8,94,17043
20140403,17965,746,17219,0,8,94,17064
20140402,18019,746,17273,0,8,94,17118
20140401,18038,713,17325,0,8,94,17137
20140331,18068,713,17355,0,8,94,17167
20140328,18185,699,17486,0,3,94,17284
20140330,18185,699,17486,0,3,94,17284
20140327,18190,699,17491,0,3,94,17289
20140326,18351,699,17652,0,3,94,17450
20140325,18483,699,17784,0,3,94,17582
20140324,18514,699,17815,0,3,94,17613
20140323,18573,699,17874,0,3,94,17672
20140322,18619,699,17920,0,3,94,17718
20140321,18684,699,17985,0,3,94,17783
20140320,18688,699,17989,0,3,94,17787
20140319,19015,699,18316,0,3,93,18114
20140318,19082,699,18383,0,3,92,18181
20140317,19087,699,18388,0,3,92,18186
20140313,19125,699,18426,0,3,92,18224
20140314,19125,699,18426,0,3,92,18224
20140316,19125,699,18426,0,3,92,18224
20140312,19140,699,18441,0,3,92,18239
20140310,19145,699,18446,0,3,92,18244
20140311,19145,699,18446,0,3,92,18244
20140307,19150,699,18451,0,3,92,18249
20140309,19150,699,18451,0,3,92,18249
20140306,19221,699,18522,0,3,92,18320
20140305,19232,699,18533,0,3,92,18331
20140304,19245,699,18546,0,3,92,18344
20140302,19257,699,18558,0,3,92,18356
20140228,19271,699,18572,0,3,92,18370
20140301,19271,699,18572,0,3,92,18370
20140227,19308,699,18609,0,3,92,18407
20140226,19335,699,18636,0,3,92,18434
20140225,19350,699,18651,0,3,92,18449
20140224,19352,699,18653,0,3,92,18451
20140223,19407,699,18708,0,3,92,18506
20140221,19479,699,18780,0,3,92,18578
20140220,19512,699,18813,0,3,92,18611
20140219,19516,693,18823,0,3,92,18615
20140218,19557,693,18864,0,3,92,18656
20140217,19569,693,18876,0,3,92,18668
20140214,19597,693,18904,0,3,92,18696
20140216,19597,693,18904,0,3,92,18696
20140213,19626,693,18933,0,3,92,18725
20140212,19664,693,18971,0,3,92,18763
20140211,19677,693,18984,0,3,92,18776
20140210,19690,693,18997,0,3,92,18789
20140207,19697,693,19004,0,3,92,18796
20140206,19704,693,19011,0,3,92,18803
20140205,19708,693,19015,0,3,92,18807
20140204,19739,693,19046,0,3,92,18838
20140203,19808,693,19115,0,3,92,18907
20140201,21294,689,20605,0,1,87,20393
20140131,21306,689,20617,0,1,86,20405
20140130,21310,689,20621,0,1,86,20409
20140129,21331,689,20642,0,1,86,20430
20140128,21369,689,20680,0,1,86,20468
20140127,21401,689,20712,0,1,86,20500
20140124,21405,689,20716,0,1,86,20504
20140126,21405,689,20716,0,1,86,20504
20140122,21406,689,20717,0,1,86,20505
20140121,21421,688,20733,0,1,86,20520
20140117,21431,688,20743,0,1,86,20530
20140120,21431,688,20743,0,1,86,20530
20140115,21463,687,20776,0,1,86,20562
20140116,21463,687,20776,0,1,86,20562
20140113,21486,687,20799,0,1,86,20585
20140110,21537,687,20850,0,1,86,20636
20140109,21562,687,20875,0,1,85,20661
20140108,21622,687,20935,0,1,85,20721
20140107,21627,687,20940,0,1,85,20726
20140106,21691,687,21004,0,1,85,20790
20140103,21703,687,21016,0,1,85,20802
20131231,21784,687,21097,0,1,85,20883
20140102,21784,687,21097,0,1,85,20883
20131230,21811,687,21124,0,1,85,20910
20131227,21830,687,21143,0,1,85,20929
20131224,21851,687,21164,0,1,85,20950
20131223,21872,687,21185,0,1,85,20971
20131220,21879,687,21192,0,1,85,20978
20131219,21913,687,21226,0,1,85,21012
20131218,21920,687,21233,0,1,85,21019
20131216,21949,687,21262,0,1,85,21048
20131217,21949,687,21262,0,1,85,21048
20131213,21951,687,21264,0,1,85,21050
20131212,22098,687,21411,0,0,85,21197
20131211,22158,687,21471,0,0,85,21257
20131210,22214,687,21527,0,0,85,21313
20131209,22317,687,21630,0,0,85,21416
20131206,22405,686,21719,0,0,85,21504
20131205,22618,686,21932,0,0,84,21717
20131204,23848,686,23162,0,0,79,22947
20131203,23854,686,23168,0,0,79,22953
20131202,23860,686,23174,0,0,79,22959
20131201,23908,686,23222,0,0,79,23007
20131129,23939,686,23253,0,0,79,23038
20131127,24000,686,23314,0,0,78,23099
20131128,24000,686,23314,0,0,78,23099
20131126,24038,684,23354,0,0,78,23137
20131125,24112,684,23428,0,0,76,23211
20131122,24123,684,23439,0,0,75,23222
20131121,24175,684,23491,0,0,75,23274
20131120,24209,684,23525,0,0,75,23308
20131119,24255,684,23571,0,0,75,23354
20131118,24269,684,23585,0,0,75,23368
20131115,24288,684,23604,0,0,75,23387
20131114,24347,684,23663,0,0,75,23446
20131112,24356,684,23672,0,0,75,23455
20131113,24356,684,23672,0,0,75,23455
20131110,24385,684,23701,0,0,75,23484
20131111,24385,684,23701,0,0,75,23484
20131109,24391,684,23707,0,0,75,23490
20131108,24427,684,23743,0,0,75,23526
20131107,24447,684,23763,0,0,75,23546
20131106,24603,684,23919,0,0,74,23702
20131105,24644,682,23962,0,0,74,23743
20131103,24657,682,23975,0,0,74,23756
20131101,24662,682,23980,0,0,74,23761
20131031,24673,682,23991,0,0,74,23772
20131030,24688,676,24012,0,0,74,23787
20131029,24712,676,24036,0,0,74,23811
20131024,25070,676,24394,0,0,74,24169
20131028,25070,676,24394,0,0,74,24169
20131022,26805,676,26129,0,0,74,25904
20131021,26826,676,26150,0,0,74,25925
20131019,26828,676,26152,0,0,74,25927
20131018,26833,676,26157,0,0,74,25932
20131017,26836,676,26160,0,0,74,25935
20131016,26889,676,26213,0,0,74,25988
20131015,26900,676,26224,0,0,74,25999
20131014,26992,676,26316,0,0,74,26091
20131013,27015,676,26339,0,0,74,26114
20131011,27025,676,26349,0,0,74,26124
20131012,27025,676,26349,0,0,74,26124
20131010,27075,676,26399,0,0,74,26174
20131009,27127,676,26451,0,0,74,26226
20131008,27156,676,26480,0,0,74,26255
20131007,27224,676,26548,0,0,74,26323
20131004,27243,676,26567,0,0,74,26342
20131003,27246,676,26570,0,0,74,26345
20131002,27291,676,26615,0,0,74,26390
20130927,27371,676,26695,0,0,73,26470
20130928,27371,676,26695,0,0,73,26470
20131001,27371,676,26695,0,0,73,26470
20130926,27415,676,26739,0,0,73,26514
20130924,27428,676,26752,0,0,73,26527
20130920,27550,676,26874,0,0,73,26649
20130919,27563,676,26887,0,0,73,26662
20130918,27564,676,26888,0,0,73,26663
20130917,27601,676,26925,0,0,73,26700
20130916,27604,676,26928,0,0,73,26703
20130913,27645,676,26969,0,0,73,26744
20130915,27645,676,26969,0,0,73,26744
20130912,27666,675,26991,0,0,73,26765
20130911,27670,675,26995,0,0,73,26769
20130910,27684,675,27009,0,0,73,26783
20130909,27744,675,27069,0,0,72,26843
20130906,27755,675,27080,0,0,72,26854
20130905,27756,673,27083,0,0,72,26855
20130904,27761,673,27088,0,0,72,26860
20130901,27778,673,27105,0,0,72,26877
20130902,27778,673,27105,0,0,72,26877
20130903,27778,673,27105,0,0,72,26877
20130830,27785,673,27112,0,0,72,26884
20130829,27815,673,27142,0,0,72,26914
20130828,29238,673,28565,0,0,72,28337
20130823,29248,673,28575,0,0,72,28347
20130827,29248,673,28575,0,0,72,28347
20130822,29251,673,28578,0,0,72,28350
20130821,29262,673,28589,0,0,70,28361
20130820,29339,673,28666,0,0,70,28438
20130819,29350,673,28677,0,0,70,28449
20130816,29364,673,28691,0,0,70,28463
20130814,29368,673,28695,0,0,70,28467
20130813,29371,673,28698,0,0,70,28470
20130809,29381,673,28708,0,0,70,28480
20130808,29383,673,28710,0,0,70,28482
20130807,29403,673,28730,0,0,70,28502
20130806,29428,673,28755,0,0,70,28527
20130805,29442,673,28769,0,0,70,28541
20130801,29492,673,28819,0,0,70,28591
20130802,29492,673,28819,0,0,70,28591
20130731,29496,673,28823,0,0,70,28595
20130730,29497,673,28824,0,0,70,28596
20130729,29517,670,28847,0,0,70,28616
20130726,29526,670,28856,0,0,69,28625
20130724,29538,670,28868,0,0,69,28637
20130723,29552,670,28882,0,0,69,28651
20130722,29575,670,28905,0,0,69,28674
20130719,29599,667,28932,0,0,69,28698
20130718,29715,667,29048,0,0,69,28814
20130717,29810,666,29144,0,0,69,28909
20130716,29849,666,29183,0,0,69,28948
20130715,30007,666,29341,0,0,69,29106
20130711,30016,666,29350,0,0,69,29115
20130712,30016,666,29350,0,0,69,29115
20130710,30019,666,29353,0,0,69,29118
20130708,30033,666,29367,0,0,69,29132
20130709,30033,666,29367,0,0,69,29132
20130705,30046,666,29380,0,0,69,29145
20130704,30050,666,29384,0,0,69,29149
20130703,30055,666,29389,0,0,69,29154
20130702,30115,666,29449,0,0,69,29214
20130701,30119,666,29453,0,0,69,29218
20130628,30141,666,29475,0,0,69,29240
20130627,30153,666,29487,0,0,69,29252
20130626,30234,666,29568,0,0,69,29333
20130625,30264,666,29598,0,0,69,29363
20130624,30271,666,29605,0,0,69,29370
20130621,30277,666,29611,0,0,69,29376
20130620,30291,664,29627,0,0,69,29390
20130619,30307,664,29643,0,0,69,29406
20130618,30336,664,29672,0,0,69,29435
20130617,30370,664,29706,0,0,69,29469
20130614,30468,664,29804,0,0,69,29567
20130613,30489,664,29825,0,0,69,29588
20130612,30529,664,29865,0,0,69,29628
20130610,30571,664,29907,0,0,69,29670
20130611,30571,664,29907,0,0,69,29670
20130607,30595,664,29931,0,0,69,29694
20130609,30595,664,29931,0,0,69,29694
20130606,30601,664,29937,0,0,69,29700
20130605,30608,664,29944,0,0,69,29707
20130603,30611,664,29947,0,0,69,29710
20130531,30617,664,29953,0,0,69,29716
20130530,30655,664,29991,0,0,69,29754
20130529,30659,664,29995,0,0,69,29758
20130528,30697,664,30033,0,0,69,29796
20130527,30702,661,30041,0,0,69,29801
20130524,30705,661,30044,0,0,69,29804
20130523,30753,661,30092,0,0,68,29852
20130516,30802,661,30141,0,0,68,29901
20130520,30802,661,30141,0,0,68,29901
20130522,30802,661,30141,0,0,68,29901
20130515,30804,661,30143,0,0,67,29903
20130514,30809,661,30148,0,0,67,29908
20130513,30814,661,30153,0,0,67,29913
20130511,30818,661,30157,0,0,67,29917
20130510,30819,661,30158,0,0,67,29918
20130507,30820,661,30159,0,0,67,29919
20130509,30820,661,30159,0,0,67,29919
20130503,30824,661,30163,0,0,67,29923
20130502,30877,659,30218,0,0,66,29976
20130501,30879,659,30220,0,0,66,29978
20130430,30884,659,30225,0,0,66,29983
20130429,30887,659,30228,0,0,66,29986
20130428,30900,659,30241,0,0,66,29999
20130426,30906,659,30247,0,0,66,30005
20130425,30935,659,30276,0,0,66,30034
20130424,30940,659,30281,0,0,66,30039
20130423,30974,659,30315,0,0,66,30073
20130422,30987,659,30328,0,0,66,30086
20130419,31039,659,30380,0,0,66,30138
20130418,31102,659,30443,0,0,65,30201
20130417,31105,659,30446,0,0,65,30204
20130416,31182,659,30523,0,0,64,30281
20130415,31200,659,30541,0,0,64,30299
20130413,31205,659,30546,0,0,64,30304
20130414,31205,659,30546,0,0,64,30304
20130412,31209,659,30550,0,0,64,30308
20130411,31305,659,30646,0,0,64,30404
20130410,31306,659,30647,0,0,64,30405
20130409,31310,659,30651,0,0,64,30409
20130403,31332,659,30673,0,0,64,30431
20130408,31332,659,30673,0,0,64,30431
20130402,31337,659,30678,0,0,64,30436
20130328,31341,659,30682,0,0,64,30440
20130331,31341,659,30682,0,0,64,30440
20130327,31371,657,30714,0,0,64,30470
20130326,31388,657,30731,0,0,64,30487
20130324,31415,657,30758,0,0,64,30514
20130325,31415,657,30758,0,0,64,30514
20130322,31425,657,30768,0,0,64,30524
20130321,31428,657,30771,0,0,64,30527
20130320,31454,657,30797,0,0,64,30553
20130319,31488,657,30831,0,0,64,30587
20130318,31503,657,30846,0,0,64,30602
20130316,31514,657,30857,0,0,64,30613
20130317,31514,657,30857,0,0,64,30613
20130315,31519,657,30862,0,0,64,30618
20130314,31573,654,30919,0,0,64,30672
20130313,31621,651,30970,0,0,64,30720
20130312,31644,651,30993,0,0,64,30743
20130311,31646,651,30995,0,0,64,30745
20130307,31892,646,31246,0,0,64,30991
20130308,31893,651,31242,0,0,64,30992
20130309,31893,651,31242,0,0,64,30992
20130305,31896,646,31250,0,0,64,30995
20130306,31896,646,31250,0,0,64,30995
20130304,31906,646,31260,0,0,64,31005
20130301,31908,646,31262,0,0,64,31007
20130227,31913,646,31267,0,0,64,31012
20130228,31913,646,31267,0,0,64,31012
20130226,31914,646,31268,0,0,64,31013
20130222,31918,646,31272,0,0,64,31017
20130225,31918,646,31272,0,0,64,31017
20130221,31962,646,31316,0,0,64,31061
20130219,32022,646,31376,0,0,64,31121
20130218,32095,646,31449,0,0,64,31194
20130215,32104,646,31458,0,0,64,31203
20130214,32105,646,31459,0,0,64,31204
20130213,32116,646,31470,0,0,64,31215
20130212,32126,646,31480,0,0,64,31225
20130211,32137,646,31491,0,0,64,31236
20130210,32197,637,31560,0,0,64,31296
20130209,32209,633,31576,0,0,64,31308
20130208,32211,633,31578,0,0,64,31310
20130206,32217,633,31584,0,0,64,31316
20130207,32217,633,31584,0,0,64,31316
20130205,32219,633,31586,0,0,64,31318
20130204,32258,633,31625,0,0,64,31357
20130201,32285,633,31652,0,0,64,31384
20130203,32285,633,31652,0,0,64,31384
20130131,32332,633,31699,0,0,64,31431
20130130,32339,633,31706,0,0,64,31438
20130129,32352,633,31719,0,0,64,31451
20130128,32366,633,31733,0,0,64,31465
20130125,32383,633,31750,0,0,64,31482
20130124,32412,633,31779,0,0,64,31511
20130121,32415,633,31782,0,0,64,31514
20130123,32415,633,31782,0,0,64,31514
20130118,32418,633,31785,0,0,64,31517
20130114,32463,633,31830,0,0,64,31562
20130116,32463,633,31830,0,0,64,31562
20130117,32463,633,31830,0,0,64,31562
20130111,32537,633,31904,0,0,64,31636
20130110,32587,633,31954,0,0,64,31686
20130109,32609,633,31976,0,0,64,31708
20130108,32633,633,32000,0,0,64,31732
20130107,32681,633,32048,0,0,64,31780
20130104,32692,633,32059,0,0,64,31791
20130102,32720,633,32087,0,0,64,31819
20121221,32722,633,32089,0,0,64,31821
20121226,32722,633,32089,0,0,64,31821
20121220,32738,633,32105,0,0,64,31837
20121219,32795,624,32171,0,0,64,31894
20121218,32812,624,32188,0,0,64,31911
20121217,32815,624,32191,0,0,64,31914
20121214,32818,624,32194,0,0,64,31917
20121213,32872,624,32248,0,0,64,31971
20121212,32915,624,32291,0,0,64,32014
20121211,32952,624,32328,0,0,64,32051
20121210,32980,624,32356,0,0,64,32079
20121207,33035,624,32411,0,0,64,32134
20121206,33067,624,32443,0,0,64,32166
20121205,33070,624,32446,0,0,64,32169
20121204,33086,624,32462,0,0,64,32185
20121203,33105,624,32481,0,0,64,32204
20121130,33253,624,32629,0,0,64,32352
20121129,33294,624,32670,0,0,64,32393
20121128,33297,624,32673,0,0,64,32396
20121127,33319,624,32695,0,0,64,32418
20121126,33355,624,32731,0,0,64,32454
20121123,33456,624,32832,0,0,64,32555
20121122,33474,623,32851,0,0,64,32573
20121121,33518,623,32895,0,0,64,32617
20121120,33651,623,33028,0,0,64,32750
20121119,33653,623,33030,0,0,64,32752
20121118,33702,623,33079,0,0,63,32801
20121117,33732,623,33109,0,0,63,32831
20121116,33742,623,33119,0,0,63,32841
20121115,33940,623,33317,0,0,63,33039
20121113,33954,623,33331,0,0,62,33053
20121114,33954,623,33331,0,0,62,33053
20121112,33990,623,33367,0,0,62,33089
20121111,33994,623,33371,0,0,62,33093
20121109,33996,623,33373,0,0,62,33095
20121106,34019,623,33396,0,0,62,33118
20121104,34032,623,33409,0,0,62,33131
20121102,34052,623,33429,0,0,62,33151
20121101,34067,623,33444,0,0,62,33166
20121031,34076,623,33453,0,0,62,33175
20121030,34087,623,33464,0,0,62,33186
20121029,34093,623,33470,0,0,62,33192
20121026,34118,623,33495,0,0,62,33217
20121025,34119,623,33496,0,0,62,33218
20121024,34127,623,33504,0,0,62,33226
20121023,34175,623,33552,0,0,62,33274
20121022,34183,623,33560,0,0,62,33282
20121019,34264,623,33641,0,0,62,33363
20121018,34279,623,33656,0,0,62,33378
20121017,34298,623,33675,0,0,62,33397
20121016,34348,623,33725,0,0,62,33447
20121015,34394,623,33771,0,0,62,33493
20121011,34401,623,33778,0,0,62,33500
20121012,34401,623,33778,0,0,62,33500
20121008,34417,623,33794,0,0,62,33516
20121007,34456,623,33833,0,0,62,33555
20121005,34463,623,33840,0,0,62,33562
20121006,34463,623,33840,0,0,62,33562
20121004,34474,623,33851,0,0,62,33573
20121003,34563,623,33940,0,0,62,33662
20121002,34611,623,33988,0,0,62,33710
20121001,34670,623,34047,0,0,62,33769
20120928,34676,623,34053,0,0,62,33775
20120927,34722,623,34099,0,0,62,33821
20120926,34733,623,34110,0,0,62,33832
20120925,34775,614,34161,0,0,62,33874
20120921,34812,613,34199,0,0,62,33911
20120924,34812,613,34199,0,0,62,33911
20120920,34883,613,34270,0,0,62,33982
20120919,34997,613,34384,0,0,62,34096
20120918,35034,613,34421,0,0,62,34133
20120917,35048,613,34435,0,0,62,34147
20120914,35089,611,34478,0,0,62,34188
20120913,35133,609,34524,0,0,62,34232
20120912,35155,609,34546,0,0,62,34254
20120911,35754,609,35145,0,0,60,34853
20120910,35759,609,35150,0,0,60,34858
20120905,35825,609,35216,0,0,60,34924
20120907,35825,609,35216,0,0,60,34924
20120904,35838,609,35229,0,0,60,34937
20120903,35846,609,35237,0,0,60,34945
20120828,35852,609,35243,0,0,60,34951
20120829,35852,609,35243,0,0,60,34951
20120831,35852,609,35243,0,0,60,34951
20120827,35863,606,35257,0,0,60,34962
20120824,35923,606,35317,0,0,60,35022
20120823,35959,606,35353,0,0,60,35058
20120822,35975,606,35369,0,0,60,35074
20120821,36000,606,35394,0,0,60,35099
20120817,36036,606,35430,0,0,60,35135
20120816,36039,606,35433,0,0,60,35138
20120815,36112,606,35506,0,0,59,35211
20120814,36137,606,35531,0,0,59,35236
20120810,36165,606,35559,0,0,59,35264
20120813,36165,606,35559,0,0,59,35264
20120809,36197,606,35591,0,0,59,35296
20120808,36203,606,35597,0,0,59,35302
20120807,36237,606,35631,0,0,59,35336
20120806,36238,605,35633,0,0,59,35337
20120803,36261,605,35656,0,0,59,35360
20120802,36269,605,35664,0,0,59,35368
20120801,36273,605,35668,0,0,59,35372
20120731,36306,605,35701,0,0,59,35405
20120730,36394,605,35789,0,0,59,35493
20120727,36451,605,35846,0,0,59,35550
20120726,36509,605,35904,0,0,59,35608
20120725,36525,605,35920,0,0,59,35624
20120724,36527,605,35922,0,0,59,35626
20120723,36562,605,35957,0,0,58,35661
20120720,36585,605,35980,0,0,58,35684
20120719,36659,605,36054,0,0,57,35758
20120718,36660,605,36055,0,0,57,35759
20120717,36685,605,36080,0,0,57,35784
20120716,36707,605,36102,0,0,57,35806
20120713,36714,605,36109,0,0,57,35813
20120715,36714,605,36109,0,0,57,35813
20120711,36728,605,36123,0,0,57,35827
20120710,36756,605,36151,0,0,57,35855
20120709,36776,605,36171,0,0,57,35875
20120706,36787,605,36182,0,0,57,35886
20120705,36801,605,36196,0,0,57,35900
20120704,36818,605,36213,0,0,57,35917
20120703,36859,605,36254,0,0,57,35958
20120702,36860,605,36255,0,0,57,35959
20120701,36863,605,36258,0,0,57,35962
20120629,36867,605,36262,0,0,57,35966
20120628,36917,605,36312,0,0,57,36016
20120627,36927,605,36322,0,0,57,36026
20120626,36949,605,36344,0,0,56,36048
20120625,36955,605,36350,0,0,56,36054
20120622,36977,603,36374,0,0,56,36076
20120621,36999,603,36396,0,0,56,36098
20120620,37024,603,36421,0,0,56,36123
20120619,37035,603,36432,0,0,56,36134
20120618,37070,603,36467,0,0,56,36169
20120615,37082,603,36479,0,0,56,36181
20120614,37103,603,36500,0,0,56,36202
20120613,37121,603,36518,0,0,56,36220
20120611,37138,598,36540,0,0,55,36237
20120612,37138,598,36540,0,0,55,36237
20120608,37157,598,36559,0,0,55,36256
20120607,37205,598,36607,0,0,55,36304
20120606,37264,598,36666,0,0,55,36363
20120605,37350,598,36752,0,0,55,36449
20120604,37360,598,36762,0,0,54,36459
20120601,37364,598,36766,0,0,54,36463
20120531,37423,598,36825,0,0,54,36522
20120530,37452,598,36854,0,0,54,36551
20120528,37501,598,36903,0,0,54,36600
20120529,37501,598,36903,0,0,54,36600
20120523,37503,598,36905,0,0,54,36602
20120525,37503,598,36905,0,0,54,36602
20120521,37529,598,36931,0,0,53,36628
20120522,37529,598,36931,0,0,53,36628
20120518,37587,598,36989,0,0,53,36686
20120517,37603,598,37005,0,0,53,36702
20120516,37655,598,37057,0,0,52,36754
20120515,37682,598,37084,0,0,52,36781
20120514,37693,598,37095,0,0,52,36792
20120511,37703,598,37105,0,0,52,36802
20120510,37729,598,37131,0,0,52,36828
20120509,37733,598,37135,0,0,52,36832
20120508,37743,598,37145,0,0,52,36842
20120507,37764,598,37166,0,0,52,36863
20120503,37784,597,37187,0,0,52,36883
20120504,37785,598,37187,0,0,52,36884
20120502,37814,597,37217,0,0,52,36913
20120501,37852,597,37255,0,0,52,36951
20120430,37875,597,37278,0,0,52,36974
20120427,37909,597,37312,0,0,52,37008
20120426,37950,597,37353,0,0,52,37049
20120425,37960,597,37363,0,0,52,37059
20120424,37994,597,37397,0,0,52,37093
20120423,38027,597,37430,0,0,51,37126
20120422,38070,597,37473,0,0,51,37169
20120420,38078,597,37481,0,0,51,37177
20120419,38095,597,37498,0,0,51,37194
20120418,38100,597,37503,0,0,51,37199
20120417,38171,597,37574,0,0,51,37270
20120416,38198,597,37601,0,0,50,37297
20120413,38230,597,37633,0,0,50,37329
20120414,38230,597,37633,0,0,50,37329
20120412,38265,597,37668,0,0,50,37364
20120411,38302,597,37705,0,0,50,37401
20120410,38324,597,37727,0,0,49,37423
20120408,38362,597,37765,0,0,49,37461
20120407,38376,597,37779,0,0,49,37475
20120406,38411,597,37814,0,0,49,37510
20120404,38413,597,37816,0,0,49,37512
20120403,38465,593,37872,0,0,49,37564
20120402,38575,593,37982,0,0,49,37674
20120330,38604,593,38011,0,0,49,37703
20120329,38616,593,38023,0,0,49,37715
20120328,38641,593,38048,0,0,49,37740
20120327,38666,593,38073,0,0,49,37765
20120323,38695,585,38110,0,0,49,37794
20120326,38700,593,38107,0,0,49,37799
20120322,38718,585,38133,0,0,49,37817
20120321,38732,585,38147,0,0,49,37831
20120320,38749,585,38164,0,0,49,37848
20120319,38753,585,38168,0,0,49,37852
20120316,38821,585,38236,0,0,49,37920
20120315,38900,585,38315,0,0,49,37999
20120314,38940,585,38355,0,0,49,38039
20120313,38995,583,38412,0,0,49,38094
20120312,39041,583,38458,0,0,49,38140
20120311,39090,583,38507,0,0,48,38189
20120309,39093,583,38510,0,0,48,38192
20120308,39115,583,38532,0,0,48,38214
20120307,39156,583,38573,0,0,48,38255
20120306,39227,583,38644,0,0,47,38326
20120305,39242,583,38659,0,0,47,38341
20120304,39295,583,38712,0,0,47,38394
20120302,39299,583,38716,0,0,47,38398
20120301,39349,583,38766,0,0,46,38448
20120229,39354,583,38771,0,0,46,38453
20120228,39373,583,38790,0,0,46,38472
20120227,39502,579,38923,0,0,46,38601
20120224,39504,579,38925,0,0,46,38603
20120223,39508,579,38929,0,0,46,38607
20120222,39544,579,38965,0,0,46,38643
20120221,39569,579,38990,0,0,46,38668
20120220,39603,579,39024,0,0,46,38702
20120217,39611,579,39032,0,0,46,38710
20120216,39660,579,39081,0,0,46,38759
20120215,39664,579,39085,0,0,46,38763
20120214,39712,579,39133,0,0,46,38811
20120213,39715,579,39136,0,0,46,38814
20120212,39749,579,39170,0,0,46,38848
20120210,39761,579,39182,0,0,46,38860
20120209,39777,579,39198,0,0,46,38876
20120208,39804,579,39225,0,0,46,38903
20120207,39823,579,39244,0,0,46,38922
20120206,39845,579,39266,0,0,46,38944
20120205,39866,579,39287,0,0,45,38965
20120203,39871,579,39292,0,0,45,38970
20120201,39900,579,39321,0,0,45,38999
20120131,39914,579,39335,0,0,45,39013
20120130,39949,579,39370,0,0,45,39048
20120128,39968,579,39389,0,0,45,39067
20120127,40008,579,39429,0,0,44,39107
20120126,40037,579,39458,0,0,44,39136
20120125,40052,579,39473,0,0,44,39151
20120124,40087,579,39508,0,0,44,39186
20120123,40092,579,39513,0,0,44,39191
20120120,40204,579,39625,0,0,43,39303
20120119,40226,579,39647,0,0,43,39325
20120118,40252,579,39673,0,0,42,39351
20120117,40346,577,39769,0,0,42,39445
20120116,40400,577,39823,0,0,42,39499
20120113,40485,577,39908,0,0,42,39584
20120112,40515,577,39938,0,0,42,39614
20120111,40615,577,40038,0,0,42,39714
20120110,40710,574,40136,0,0,41,39809
20120109,40749,574,40175,0,0,40,39848
20120108,40824,574,40250,0,0,40,39923
20120106,40829,574,40255,0,0,40,39928
20120105,40892,574,40318,0,0,40,39991
20120104,40966,572,40394,0,0,40,40065
20120103,40981,572,40409,0,0,40,40080
20120102,40986,572,40414,0,0,40,40085
20111229,40989,572,40417,0,0,40,40088
20111230,40989,572,40417,0,0,40,40088
20111228,41000,572,40428,0,0,40,40099
20111223,41001,572,40429,0,0,40,40100
20111226,41001,572,40429,0,0,40,40100
20111222,41024,572,40452,0,0,40,40123
20111221,41037,572,40465,0,0,40,40136
20111220,41070,572,40498,0,0,40,40169
20111219,41177,572,40605,0,0,39,40276
20111216,41182,572,40610,0,0,39,40281
20111215,41225,572,40653,0,0,39,40324
20111214,41268,570,40698,0,0,39,40367
20111213,41379,570,40809,0,0,37,40478
20111212,41496,570,40926,0,0,35,40595
20111211,41598,570,41028,0,0,33,40697
20111209,41715,570,41145,0,0,31,40814
20111208,41882,570,41312,0,0,30,40981
20111207,42116,570,41546,0,0,30,41215
20111206,42230,570,41660,0,0,30,41329
20111205,42301,570,41731,0,0,30,41400
20111202,42356,570,41786,0,0,30,41455
20111204,42356,570,41786,0,0,30,41455
20111201,42536,570,41966,0,0,30,41635
20111130,42639,570,42069,0,0,30,41738
20111129,42736,568,42168,0,0,28,41835
20111128,42802,568,42234,0,0,28,41901
20111127,42820,568,42252,0,0,28,41919
20111125,42842,567,42275,0,0,28,41941
20111124,42930,567,42363,0,0,27,42029
20111123,43051,567,42484,0,0,26,42150
20111122,43090,567,42523,0,0,26,42189
20111121,43150,567,42583,0,0,26,42249
20111120,43287,567,42720,0,0,26,42386
20111119,43438,567,42871,0,0,26,42537
20111118,43453,567,42886,0,0,26,42552
20111117,43513,567,42946,0,0,26,42612
20111116,43576,567,43009,0,0,26,42675
20111115,43693,567,43126,0,0,26,42792
20111114,43810,567,43243,0,0,25,42909
20111111,43842,564,43278,0,0,25,42941
20111110,44142,564,43578,0,0,25,43241
20111108,44194,564,43630,0,0,25,43293
20111109,44194,564,43630,0,0,25,43293
20111107,44230,564,43666,0,0,25,43329
20111105,44250,564,43686,0,0,25,43349
20111104,44327,564,43763,0,0,25,43426
20111103,44358,564,43794,0,0,25,43457
20111102,44448,564,43884,0,0,25,43547
20111101,44457,564,43893,0,0,25,43556
20111031,44468,564,43904,0,0,25,43567
20111030,44511,564,43947,0,0,25,43610
20111028,44515,564,43951,0,0,25,43614
20111029,44515,564,43951,0,0,25,43614
20111027,44556,564,43992,0,0,25,43655
20111026,44569,564,44005,0,0,25,43668
20111025,44606,564,44042,0,0,25,43705
20111024,44687,562,44125,0,0,24,43786
20111023,44734,562,44172,0,0,23,43833
20111021,44750,562,44188,0,0,23,43849
20111022,44750,562,44188,0,0,23,43849
20111020,44756,562,44194,0,0,23,43855
20111018,44770,562,44208,0,0,23,43869
20111019,44770,562,44208,0,0,23,43869
20111017,44786,562,44224,0,0,23,43885
20111014,44822,562,44260,0,0,23,43921
20111013,44849,562,44287,0,0,23,43948
20111012,44876,562,44314,0,0,23,43975
20111011,44900,562,44338,0,0,23,43999
20111009,44953,562,44391,0,0,23,44052
20111010,44953,562,44391,0,0,23,44052
20111007,44965,562,44403,0,0,23,44064
20111006,45048,559,44489,0,0,23,44147
20111005,45118,559,44559,0,0,23,44217
20111004,45126,559,44567,0,0,23,44225
20111003,45197,559,44638,0,0,23,44296
20110930,45209,559,44650,0,0,23,44308
20110929,45215,559,44656,0,0,23,44314
20110928,45264,558,44706,0,0,23,44363
20110927,45304,558,44746,0,0,23,44403
20110926,45347,558,44789,0,0,22,44446
20110924,45460,558,44902,0,0,22,44559
20110923,45490,558,44932,0,0,22,44589
20110922,45566,558,45008,0,0,22,44665
20110921,45591,558,45033,0,0,22,44690
20110920,45597,558,45039,0,0,22,44696
20110919,45681,556,45125,0,0,21,44780
20110916,45753,556,45197,0,0,21,44852
20110915,45815,556,45259,0,0,21,44914
20110914,45865,556,45309,0,0,21,44964
20110913,46033,556,45477,0,0,20,45132
20110912,46118,556,45562,0,0,20,45217
20110909,46140,556,45584,0,0,20,45239
20110907,46221,556,45665,0,0,19,45320
20110908,46221,556,45665,0,0,19,45320
20110906,46281,556,45725,0,0,19,45380
20110905,46327,556,45771,0,0,19,45426
20110904,46454,550,45904,0,0,18,45553
20110902,46554,550,46004,0,0,18,45653
20110901,46633,550,46083,0,0,18,45732
20110831,46681,550,46131,0,0,18,45780
20110830,46725,550,46175,0,0,18,45824
20110829,46817,550,46267,0,0,18,45916
20110828,46849,550,46299,0,0,18,45948
20110826,46882,550,46332,0,0,18,45981
20110825,46891,549,46342,0,0,18,45990
20110824,47024,545,46479,0,0,18,46123
20110823,47056,545,46511,0,0,18,46155
20110822,47100,545,46555,0,0,18,46199
20110819,47122,545,46577,0,0,18,46221
20110818,47159,545,46614,0,0,18,46258
20110817,47308,545,46763,0,0,18,46407
20110816,47312,545,46767,0,0,18,46411
20110815,47329,545,46784,0,0,18,46428
20110812,47502,543,46959,0,0,17,46601
20110811,47523,543,46980,0,0,17,46622
20110810,47732,543,47189,0,0,15,46831
20110809,47827,543,47284,0,0,15,46926
20110808,47855,543,47312,0,0,15,46954
20110805,47868,543,47325,0,0,15,46967
20110804,47917,543,47374,0,0,15,47016
20110803,48077,543,47534,0,0,14,47176
20110802,48138,543,47595,0,0,14,47237
20110801,48206,543,47663,0,0,14,47305
20110731,48211,543,47668,0,0,14,47310
20110729,48226,543,47683,0,0,14,47325
20110728,48244,543,47701,0,0,14,47343
20110727,48311,543,47768,0,0,14,47410
20110726,48325,543,47782,0,0,14,47424
20110725,48334,543,47791,0,0,14,47433
20110722,48514,543,47971,0,0,14,47613
20110721,48623,543,48080,0,0,14,47722
20110720,48644,543,48101,0,0,14,47743
20110719,48675,543,48132,0,0,14,47774
20110718,48845,543,48302,0,0,14,47944
20110715,48934,543,48391,0,0,13,48033
20110714,48994,543,48451,0,0,13,48093
20110713,48996,543,48453,0,0,13,48095
20110712,49028,543,48485,0,0,13,48127
20110711,49062,543,48519,0,0,13,48161
20110710,49254,543,48711,0,0,12,48353
20110708,49287,543,48744,0,0,12,48386
20110707,49424,543,48881,0,0,12,48523
20110706,49599,543,49056,0,0,12,48698
20110705,49793,541,49252,0,0,12,48892
20110704,49823,541,49282,0,0,12,48922
20110701,49899,541,49358,0,0,12,48998
20110630,49901,541,49360,0,0,12,49000
20110629,49949,541,49408,0,0,12,49048
20110628,50001,541,49460,0,0,12,49100
20110627,50044,541,49503,0,0,12,49143
20110626,50118,541,49577,0,0,12,49217
20110624,50119,541,49578,0,0,12,49218
20110623,50196,535,49661,0,0,12,49295
20110622,50376,535,49841,0,0,12,49475
20110621,50503,535,49968,0,0,12,49602
20110620,50570,535,50035,0,0,12,49669
20110618,50575,535,50040,0,0,12,49674
20110617,50628,535,50093,0,0,12,49727
20110616,50682,535,50147,0,0,12,49781
20110615,50844,535,50309,0,0,12,49943
20110614,50887,535,50352,0,0,12,49986
20110613,50905,535,50370,0,0,12,50004
20110610,50947,535,50412,0,0,12,50046
20110609,50951,535,50416,0,0,12,50050
20110608,50952,535,50417,0,0,12,50051
20110607,50962,535,50427,0,0,12,50061
20110606,50991,535,50456,0,0,12,50090
20110603,51061,535,50526,0,0,12,50160
20110601,51101,535,50566,0,0,12,50200
20110531,51223,530,50693,0,0,12,50322
20110527,51244,530,50714,0,0,12,50343
20110526,51329,530,50799,0,0,12,50428
20110525,51350,530,50820,0,0,12,50449
20110524,51437,530,50907,0,0,12,50536
20110523,51486,530,50956,0,0,12,50585
20110520,51572,530,51042,0,0,12,50671
20110519,51634,530,51104,0,0,12,50733
20110518,51684,530,51154,0,0,12,50783
20110517,51737,507,51230,0,0,12,50836
20110516,51982,504,51478,0,0,12,51081
20110515,52358,504,51854,0,0,12,51457
20110514,52360,504,51856,0,0,12,51459
20110512,52361,504,51857,0,0,12,51460
20110513,52361,504,51857,0,0,12,51460
20110511,52453,504,51949,0,0,12,51552
20110510,52493,504,51989,0,0,12,51592
20110509,52535,504,52031,0,0,12,51634
20110506,52552,504,52048,0,0,12,51651
20110505,52609,504,52105,0,0,12,51708
20110504,52710,504,52206,0,0,12,51809
20110503,52777,504,52273,0,0,12,51876
20110502,52851,504,52347,0,0,12,51950
20110501,52894,498,52396,0,0,12,51993
20110430,52903,498,52405,0,0,12,52002
20110429,52912,498,52414,0,0,12,52011
20110428,52981,498,52483,0,0,12,52080
20110427,53151,498,52653,0,0,12,52250
20110426,53496,498,52998,0,0,12,52595
20110421,53631,498,53133,0,0,11,52730
20110420,53652,498,53154,0,0,11,52751
20110419,53845,498,53347,0,0,11,52944
20110418,53911,498,53413,0,0,11,53010
20110415,54060,498,53562,0,0,11,53159
20110414,54218,498,53720,0,0,11,53317
20110413,54359,498,53861,0,0,11,53458
20110412,54490,498,53992,0,0,10,53589
20110411,54513,498,54015,0,0,10,53612
20110409,54631,498,54133,0,0,9,53730
20110408,54633,498,54135,0,0,9,53732
20110407,54715,498,54217,0,0,9,53814
20110406,54745,498,54247,0,0,9,53844
20110405,54847,498,54349,0,0,9,53946
20110404,54913,498,54415,0,0,9,54012
20110403,55057,498,54559,0,0,9,54156
20110401,55094,498,54596,0,0,9,54193
20110331,55310,493,54817,0,0,9,54409
20110330,55386,493,54893,0,0,9,54485
20110329,55533,493,55040,0,0,7,54632
20110328,55632,491,55141,0,0,7,54731
20110325,55670,491,55179,0,0,7,54769
20110324,55713,491,55222,0,0,7,54812
20110323,55758,491,55267,0,0,7,54857
20110322,55880,485,55395,0,0,6,54979
20110321,55952,485,55467,0,0,6,55051
20110320,56052,485,55567,0,0,6,55151
20110318,56053,485,55568,0,0,6,55152
20110317,56327,485,55842,0,0,6,55426
20110316,56521,483,56038,0,0,6,55620
20110315,56636,483,56153,0,0,6,55735
20110314,56727,483,56244,0,0,6,55826
20110311,56759,483,56276,0,0,6,55858
20110310,56847,483,56364,0,0,6,55946
20110309,56951,483,56468,0,0,6,56050
20110308,56994,483,56511,0,0,6,56093
20110307,57027,483,56544,0,0,6,56126
20110304,57116,483,56633,0,0,6,56215
20110303,57221,483,56738,0,0,6,56320
20110302,57233,483,56750,0,0,6,56332
20110301,57292,483,56809,0,0,6,56391
20110228,57463,483,56980,0,0,6,56562
20110225,57520,483,57037,0,0,6,56619
20110224,57540,482,57058,0,0,6,56639
20110223,57729,482,57247,0,0,6,56828
20110222,57831,479,57352,0,0,5,56930
20110221,57978,479,57499,0,0,5,57077
20110220,58017,479,57538,0,0,5,57116
20110218,58029,479,57550,0,0,5,57128
20110217,58069,477,57592,0,0,5,57168
20110216,58070,477,57593,0,0,5,57169
20110215,58100,468,57632,0,0,5,57199
20110214,58133,468,57665,0,0,5,57232
20110213,58162,468,57694,0,0,5,57261
20110211,58180,468,57712,0,0,5,57279
20110210,58240,468,57772,0,0,5,57339
20110209,58262,468,57794,0,0,5,57361
20110208,58351,468,57883,0,0,5,57450
20110207,58402,468,57934,0,0,5,57501
20110206,58487,462,58025,0,0,5,57586
20110205,58533,462,58071,0,0,5,57632
20110204,58545,462,58083,0,0,5,57644
20110203,58613,461,58152,0,0,5,57712
20110202,58761,461,58300,0,0,4,57860
20110201,58809,461,58348,0,0,4,57908
20110131,58900,461,58439,0,0,4,57999
20110128,58972,461,58511,0,0,4,58071
20110127,59032,461,58571,0,0,4,58131
20110126,59117,461,58656,0,0,4,58216
20110125,59261,461,58800,0,0,3,58360
20110124,59376,461,58915,0,0,3,58475
20110121,59587,461,59126,0,0,3,58686
20110120,59868,461,59407,0,0,3,58967
20110119,59996,459,59537,0,0,3,59095
20110118,60058,459,59599,0,0,3,59157
20110117,60117,459,59658,0,0,3,59216
20110114,60191,459,59732,0,0,3,59290
20110113,60230,456,59774,0,0,3,59329
20110112,60258,456,59802,0,0,3,59357
20110111,60305,456,59849,0,0,3,59404
20110110,60366,452,59914,0,0,3,59465
20110107,60685,452,60233,0,0,3,59784
20110106,60695,452,60243,0,0,3,59794
20110105,60727,452,60275,0,0,3,59826
20110104,60746,452,60294,0,0,3,59845
20110103,60799,452,60347,0,0,3,59898
20101230,60845,452,60393,0,0,3,59944
20101229,60864,452,60412,0,0,3,59963
20101228,60969,452,60517,0,0,3,60068
20101227,61010,452,60558,0,0,3,60109
20101223,61022,452,60570,0,0,3,60121
20101222,61028,452,60576,0,0,3,60127
20101221,61080,452,60628,0,0,3,60179
20101220,61330,452,60878,0,0,3,60429
20101217,61452,452,61000,0,0,3,60551
20101216,61746,447,61299,0,0,3,60845
20101215,61769,447,61322,0,0,3,60868
20101214,61829,447,61382,0,0,3,60928
20101213,61839,447,61392,0,0,3,60938
20101210,62052,444,61608,0,0,3,61151
20101209,62087,442,61645,0,0,3,61186
20101208,62114,442,61672,0,0,3,61213
20101206,62159,442,61717,0,0,3,61258
20101207,62159,442,61717,0,0,3,61258
20101203,62193,442,61751,0,0,3,61292
20101202,62312,442,61870,0,0,3,61411
20101201,62344,442,61902,0,0,3,61443
20101130,62358,442,61916,0,0,3,61457
20101129,62386,442,61944,0,0,3,61485
20101126,62409,442,61967,0,0,3,61508
20101125,62419,442,61977,0,0,3,61518
20101124,62442,442,62000,0,0,3,61541
20101123,62461,442,62019,0,0,3,61560
20101122,62537,440,62097,0,0,3,61636
20101119,62585,440,62145,0,0,3,61684
20101117,62672,440,62232,0,0,3,61771
20101118,62672,440,62232,0,0,3,61771
20101116,62701,440,62261,0,0,3,61800
20101115,62706,440,62266,0,0,3,61805
20101112,63753,440,63313,0,0,3,62852
20101111,63829,440,63389,0,0,3,62928
20101110,63840,440,63400,0,0,3,62939
20101109,63923,440,63483,0,0,3,63022
20101108,63990,440,63550,0,0,3,63089
20101105,64027,440,63587,0,0,3,63126
20101104,64588,440,64148,0,0,3,63687
20101103,64774,440,64334,0,0,3,63873
20101102,64794,440,64354,0,0,3,63893
20101101,64886,440,64446,0,0,3,63985
20101031,64973,440,64533,0,0,3,64072
20101029,65016,440,64576,0,0,3,64115
20101028,65030,440,64590,0,0,3,64129
20101027,65071,440,64631,0,0,3,64170
20101026,65074,440,64634,0,0,3,64173
20101022,65095,440,64655,0,0,3,64194
20101021,65111,440,64671,0,0,3,64210
20101020,65263,440,64823,0,0,3,64362
20101019,65297,440,64857,0,0,3,64396
20101018,65305,440,64865,0,0,3,64404
20101016,65420,440,64980,0,0,3,64519
20101015,65454,440,65014,0,0,3,64553
20101014,65602,440,65162,0,0,3,64701
20101013,65667,440,65227,0,0,3,64766
20101012,65722,439,65283,0,0,3,64821
20101011,65766,439,65327,0,0,3,64865
20101008,65781,439,65342,0,0,3,64880
20101007,65924,436,65488,0,0,3,65023
20101006,66023,436,65587,0,0,3,65122
20101005,66080,436,65644,0,0,3,65179
20101004,66195,436,65759,0,0,3,65294
20101001,66253,436,65817,0,0,3,65352
20100930,66279,436,65843,0,0,3,65378
20100929,66362,436,65926,0,0,3,65461
20100928,66517,436,66081,0,0,3,65616
20100927,66541,436,66105,0,0,3,65640
20100924,66561,436,66125,0,0,3,65660
20100923,66641,436,66205,0,0,3,65740
20100922,66692,436,66256,0,0,3,65791
20100921,66741,436,66305,0,0,3,65840
20100920,66762,436,66326,0,0,3,65861
20100917,66942,436,66506,0,0,3,66041
20100916,67053,436,66617,0,0,3,66152
20100915,67078,436,66642,0,0,3,66177
20100914,67165,436,66729,0,0,3,66264
20100913,67244,436,66808,0,0,3,66343
20100910,67268,436,66832,0,0,3,66367
20100908,67291,436,66855,0,0,3,66390
20100909,67291,436,66855,0,0,3,66390
20100907,67319,436,66883,0,0,3,66418
20100906,67327,436,66891,0,0,3,66426
20100903,67373,436,66937,0,0,3,66472
20100902,67404,436,66968,0,0,3,66503
20100901,67549,436,67113,0,0,3,66648
20100831,67582,436,67146,0,0,3,66681
20100827,67602,436,67166,0,0,3,66701
20100826,67608,436,67172,0,0,3,66707
20100825,67643,436,67207,0,0,3,66742
20100823,67673,436,67237,0,0,3,66772
20100824,67673,436,67237,0,0,3,66772
20100820,67707,436,67271,0,0,3,66806
20100819,67718,436,67282,0,0,3,66817
20100818,67951,436,67515,0,0,3,67050
20100817,67961,434,67527,0,0,3,67060
20100813,68049,434,67615,0,0,3,67148
20100814,68049,434,67615,0,0,3,67148
20100812,68080,434,67646,0,0,3,67179
20100811,68085,434,67651,0,0,3,67184
20100810,68102,434,67668,0,0,3,67201
20100809,68201,434,67767,0,0,3,67300
20100806,68284,434,67850,0,0,3,67383
20100805,68338,434,67904,0,0,3,67437
20100804,68349,434,67915,0,0,3,67448
20100803,68383,434,67949,0,0,3,67482
20100802,68506,434,68072,0,0,3,67605
20100730,68531,434,68097,0,0,3,67630
20100729,68699,434,68265,0,0,3,67798
20100728,68768,434,68334,0,0,3,67867
20100727,68954,434,68520,0,0,3,68053
20100726,68988,434,68554,0,0,3,68087
20100723,69009,434,68575,0,0,3,68108
20100722,69025,434,68591,0,0,3,68124
20100721,69201,434,68767,0,0,3,68300
20100719,69518,434,69084,0,0,3,68617
20100718,69686,434,69252,0,0,3,68785
20100716,69709,434,69275,0,0,3,68808
20100715,69751,434,69317,0,0,3,68850
20100714,69799,434,69365,0,0,3,68898
20100713,69838,434,69404,0,0,3,68937
20100712,69939,434,69505,0,0,3,69038
20100709,69970,434,69536,0,0,3,69069
20100708,69996,434,69562,0,0,3,69095
20100707,70081,434,69647,0,0,3,69180
20100706,70179,434,69745,0,0,3,69278
20100705,70235,434,69801,0,0,3,69334
20100702,70294,434,69860,0,0,3,69393
20100701,70345,434,69911,0,0,3,69444
20100630,70346,434,69912,0,0,3,69445
20100629,70417,434,69983,0,0,3,69516
20100628,70437,434,70003,0,0,3,69536
20100625,70498,432,70066,0,0,3,69597
20100624,70644,432,70212,0,0,3,69743
20100623,70784,430,70354,0,0,3,69883
20100622,70809,424,70385,0,0,3,69908
20100621,70860,424,70436,0,0,3,69959
20100618,70897,423,70474,0,0,3,69996
20100617,70958,423,70535,0,0,3,70057
20100616,71068,423,70645,0,0,3,70167
20100615,71070,423,70647,0,0,3,70169
20100614,71094,423,70671,0,0,3,70193
20100611,71224,423,70801,0,0,2,70323
20100610,71348,420,70928,0,0,2,70447
20100609,71489,420,71069,0,0,2,70588
20100608,71633,416,71217,0,0,2,70732
20100607,71779,405,71374,0,0,2,70878
20100604,72339,405,71934,0,0,2,71438
20100606,72339,405,71934,0,0,2,71438
20100603,72430,405,72025,0,0,2,71529
20100602,72687,403,72284,0,0,2,71786
20100601,72880,401,72479,0,0,2,71979
20100528,73052,401,72651,0,0,2,72151
20100527,73113,401,72712,0,0,2,72212
20100526,73137,401,72736,0,0,2,72236
20100525,73138,401,72737,0,0,2,72237
20100524,73183,401,72782,0,0,2,72282
20100521,73218,401,72817,0,0,2,72317
20100520,73237,401,72836,0,0,2,72336
20100519,73273,401,72872,0,0,2,72372
20100518,73344,401,72943,0,0,2,72443
20100517,73352,401,72951,0,0,2,72451
20100514,73752,401,73351,0,0,2,72851
20100513,73854,401,73453,0,0,2,72953
20100511,73859,401,73458,0,0,2,72958
20100510,73861,400,73461,0,0,2,72960
20100507,73977,400,73577,0,0,2,73076
20100506,74136,400,73736,0,0,2,73235
20100505,74149,400,73749,0,0,2,73248
20100504,74159,400,73759,0,0,2,73258
20100503,74204,400,73804,0,0,2,73303
20100430,74241,400,73841,0,0,2,73340
20100429,74376,399,73977,0,0,2,73475
20100428,74447,399,74048,0,0,2,73546
20100427,74534,399,74135,0,0,2,73633
20100426,74540,399,74141,0,0,2,73639
20100423,74644,399,74245,0,0,2,73743
20100422,74719,399,74320,0,0,2,73818
20100421,74748,399,74349,0,0,2,73847
20100420,74755,399,74356,0,0,2,73854
20100419,74777,399,74378,0,0,2,73876
20100416,74834,397,74437,0,0,2,73933
20100415,74838,397,74441,0,0,2,73937
20100414,74942,397,74545,0,0,2,74041
20100413,74975,397,74578,0,0,2,74074
20100412,75188,397,74791,0,0,2,74287
20100409,75271,397,74874,0,0,2,74370
20100408,75300,395,74905,0,0,2,74399
20100407,75360,395,74965,0,0,2,74459
20100406,75383,395,74988,0,0,2,74482
20100405,75384,395,74989,0,0,2,74483
20100401,75386,395,74991,0,0,2,74485
20100331,75394,395,74999,0,0,2,74493
20100330,75458,395,75063,0,0,2,74557
20100329,75474,395,75079,0,0,2,74573
20100326,75541,395,75146,0,0,2,74640
20100325,75986,395,75591,0,0,2,75085
20100324,76047,395,75652,0,0,2,75146
20100323,76068,395,75673,0,0,2,75167
20100322,76104,395,75709,0,0,2,75203
20100319,76162,395,75767,0,0,2,75261
20100318,76223,395,75828,0,0,2,75322
20100317,76247,395,75852,0,0,2,75346
20100316,76306,395,75911,0,0,2,75405
20100315,76334,395,75939,0,0,2,75433
20100312,76371,395,75976,0,0,2,75470
20100311,76422,395,76027,0,0,2,75521
20100310,76505,395,76110,0,0,2,75604
20100309,76548,395,76153,0,0,2,75647
20100308,76550,395,76155,0,0,2,75649
20100305,76586,395,76191,0,0,2,75685
20100304,76614,395,76219,0,0,2,75713
20100303,76669,395,76274,0,0,2,75768
20100302,76709,395,76314,0,0,2,75808
20100301,76780,395,76385,0,0,2,75879
20100226,76802,395,76407,0,0,2,75901
20100225,76894,395,76499,0,0,2,75993
20100224,76924,395,76529,0,0,2,76023
20100223,77029,395,76634,0,0,2,76128
20100222,77063,395,76668,0,0,2,76162
20100219,77146,395,76751,0,0,2,76245
20100218,77241,395,76846,0,0,2,76340
20100217,77295,395,76900,0,0,2,76394
20100216,77308,395,76913,0,0,2,76407
20100215,77342,395,76947,0,0,2,76441
20100212,77433,395,77038,0,0,2,76532
20100211,77442,395,77047,0,0,2,76541
20100210,77493,395,77098,0,0,2,76592
20100209,77555,395,77160,0,0,1,76654
20100208,77600,395,77205,0,0,1,76699
20100205,77740,383,77357,0,0,1,76839
20100204,78021,380,77641,0,0,1,77120
20100203,78107,380,77727,0,0,1,77206
20100202,78326,380,77946,0,0,1,77425
20100201,78456,380,78076,0,0,1,77555
20100130,78554,380,78174,0,0,1,77653
20100129,78624,380,78244,0,0,1,77723
20100128,78677,380,78297,0,0,1,77776
20100127,78721,380,78341,0,0,1,77820
20100126,78985,380,78605,0,0,1,78084
20100125,79044,380,78664,0,0,1,78143
20100124,79051,380,78671,0,0,1,78150
20100122,79053,380,78673,0,0,1,78152
20100121,79067,380,78687,0,0,1,78166
20100120,79160,380,78780,0,0,0,78259
20100118,79250,380,78870,0,0,0,78349
20100119,79250,380,78870,0,0,0,78349
20100115,79417,380,79037,0,0,0,78516
20100114,79511,380,79131,0,0,0,78610
20100113,79576,377,79199,0,0,0,78675
20100112,79683,377,79306,0,0,0,78782
20100111,79701,377,79324,0,0,0,78800
20100108,79805,377,79428,0,0,0,78904
20100107,79943,377,79566,0,0,0,79042
20100106,80029,377,79652,0,0,0,79128
20100105,80048,377,79671,0,0,0,79147
20100104,80060,377,79683,0,0,0,79159
20091223,80091,377,79714,0,0,0,79190
20091222,80127,377,79750,0,0,0,79226
20091221,80147,377,79770,0,0,0,79246
20091218,80154,377,79777,0,0,0,79253
20091216,80163,375,79788,0,0,0,79262
20091217,80163,375,79788,0,0,0,79262
20091215,80304,375,79929,0,0,0,79403
20091214,80406,375,80031,0,0,0,79505
20091211,80441,375,80066,0,0,0,79540
20091210,80510,375,80135,0,0,0,79609
20091209,80617,375,80242,0,0,0,79716
20091208,80692,375,80317,0,0,0,79791
20091207,80704,375,80329,0,0,0,79803
20091204,80752,375,80377,0,0,0,79851
20091203,80877,375,80502,0,0,0,79976
20091202,81010,373,80637,0,0,0,80109
20091201,81394,373,81021,0,0,0,80493
20091130,81484,373,81111,0,0,0,80583
20091129,81564,368,81196,0,0,0,80663
20091127,81577,368,81209,0,0,0,80676
20091126,81700,368,81332,0,0,0,80799
20091125,81804,368,81436,0,0,0,80903
20091124,81857,368,81489,0,0,0,80956
20091123,81938,368,81570,0,0,0,81037
20091120,82011,368,81643,0,0,0,81110
20091119,82057,364,81693,0,0,0,81156
20091118,82212,364,81848,0,0,0,81311
20091117,82253,364,81889,0,0,0,81352
20091116,82363,364,81999,0,0,0,81462
20091115,82499,364,82135,0,0,0,81598
20091114,82568,364,82204,0,0,0,81667
20091113,82572,364,82208,0,0,0,81671
20091112,82643,362,82281,0,0,0,81742
20091111,82773,362,82411,0,0,0,81872
20091110,82819,362,82457,0,0,0,81918
20091109,83051,360,82691,0,0,0,82150
20091106,83257,351,82906,0,0,0,82356
20091105,83302,351,82951,0,0,0,82401
20091104,83306,351,82955,0,0,0,82405
20091102,83352,351,83001,0,0,0,82451
20091031,83506,350,83156,0,0,0,82605
20091101,83506,350,83156,0,0,0,82605
20091030,83508,350,83158,0,0,0,82607
20091029,83642,350,83292,0,0,0,82741
20091028,83771,345,83426,0,0,0,82870
20091027,83773,345,83428,0,0,0,82872
20091023,84013,345,83668,0,0,0,83112
20091021,84025,345,83680,0,0,0,83124
20091020,84133,345,83788,0,0,0,83232
20091019,84159,345,83814,0,0,0,83258
20091014,84196,345,83851,0,0,0,83295
20091013,84261,345,83916,0,0,0,83360
20091012,84307,345,83962,0,0,0,83406
20091009,84325,345,83980,0,0,0,83424
20091008,84368,345,84023,0,0,0,83467
20091007,84372,341,84031,0,0,0,83471
20091006,84422,341,84081,0,0,0,83521
20091005,84454,341,84113,0,0,0,83553
20091002,84533,341,84192,0,0,0,83632
20091001,84641,341,84300,0,0,0,83740
20090930,84642,341,84301,0,0,0,83741
20090929,84674,341,84333,0,0,0,83773
20090928,84705,341,84364,0,0,0,83804
20090925,84720,341,84379,0,0,0,83819
20090924,84741,341,84400,0,0,0,83840
20090923,84780,341,84439,0,0,0,83879
20090922,84784,339,84445,0,0,0,83883
20090921,84856,336,84520,0,0,0,83955
20090917,85000,334,84666,0,0,0,84099
20090918,85000,334,84666,0,0,0,84099
20090915,85045,334,84711,0,0,0,84144
20090916,85045,334,84711,0,0,0,84144
20090914,85113,334,84779,0,0,0,84212
20090913,85203,334,84869,0,0,0,84302
20090911,85255,334,84921,0,0,0,84354
20090912,85255,334,84921,0,0,0,84354
20090909,85338,332,85006,0,0,0,84437
20090908,85405,332,85073,0,0,0,84504
20090907,85424,332,85092,0,0,0,84523
20090904,85520,332,85188,0,0,0,84619
20090903,85553,332,85221,0,0,0,84652
20090902,85651,332,85319,0,0,0,84750
20090901,85740,332,85408,0,0,0,84839
20090828,85864,332,85532,0,0,0,84963
20090831,85864,332,85532,0,0,0,84963
20090827,85938,332,85606,0,0,0,85037
20090826,86039,331,85708,0,0,0,85138
20090825,86352,325,86027,0,0,0,85451
20090824,86466,325,86141,0,0,0,85565
20090823,86570,308,86262,0,0,0,85669
20090821,86585,308,86277,0,0,0,85684
20090820,86645,304,86341,0,0,0,85744
20090819,86787,304,86483,0,0,0,85886
20090818,86930,304,86626,0,0,0,86029
20090817,87194,304,86890,0,0,0,86293
20090814,87279,304,86975,0,0,0,86378
20090813,87422,304,87118,0,0,0,86521
20090812,87444,304,87140,0,0,0,86543
20090811,87461,304,87157,0,0,0,86560
20090810,87546,303,87243,0,0,0,86645
20090807,87618,303,87315,0,0,0,86717
20090806,87825,303,87522,0,0,0,86924
20090805,87849,301,87548,0,0,0,86948
20090804,87979,300,87679,0,0,0,87078
20090803,88071,300,87771,0,0,0,87170
20090731,88326,300,88026,0,0,0,87425
20090730,88504,300,88204,0,0,0,87603
20090729,88553,300,88253,0,0,0,87652
20090727,88580,300,88280,0,0,0,87679
20090728,88580,300,88280,0,0,0,87679
20090724,88659,292,88367,0,0,0,87758
20090723,88717,292,88425,0,0,0,87816
20090722,88792,292,88500,0,0,0,87891
20090721,88805,292,88513,0,0,0,87904
20090720,88868,284,88584,0,0,0,87967
20090719,89108,284,88824,0,0,0,88207
20090717,89123,284,88839,0,0,0,88222
20090716,89190,284,88906,0,0,0,88289
20090715,89227,284,88943,0,0,0,88326
20090714,89302,284,89018,0,0,0,88401
20090713,89378,284,89094,0,0,0,88477
20090710,89561,284,89277,0,0,0,88660
20090709,89775,284,89491,0,0,0,88874
20090708,89961,284,89677,0,0,0,89060
20090707,89981,284,89697,0,0,0,89080
20090706,90046,284,89762,0,0,0,89145
20090703,90231,284,89947,0,0,0,89330
20090702,90292,284,90008,0,0,0,89391
20090701,90336,284,90052,0,0,0,89435
20090630,90344,284,90060,0,0,0,89443
20090629,90385,284,90101,0,0,0,89484
20090626,90522,283,90239,0,0,0,89621
20090625,90810,281,90529,0,0,0,89909
20090624,90904,281,90623,0,0,0,90003
20090623,90948,281,90667,0,0,0,90047
20090622,90953,281,90672,0,0,0,90052
20090619,90965,281,90684,0,0,0,90064
20090618,91051,276,90775,0,0,0,90150
20090617,91124,276,90848,0,0,0,90223
20090616,91226,275,90951,0,0,0,90325
20090615,91437,275,91162,0,0,0,90536
20090612,91462,275,91187,0,0,0,90561
20090611,91487,275,91212,0,0,0,90586
20090610,91572,275,91297,0,0,0,90671
20090609,91582,271,91311,0,0,0,90681
20090608,91623,271,91352,0,0,0,90722
20090605,91673,271,91402,0,0,0,90772
20090603,91777,271,91506,0,0,0,90876
20090602,91852,268,91584,0,0,0,90951
20090601,91864,268,91596,0,0,0,90963
20090529,91872,268,91604,0,0,0,90971
20090528,92423,268,92155,0,0,0,91522
20090527,92673,254,92419,0,0,0,91772
20090526,92697,254,92443,0,0,0,91796
20090524,92699,254,92445,0,0,0,91798
20090522,92729,254,92475,0,0,0,91828
20090521,92741,254,92487,0,0,0,91840
20090520,92770,254,92516,0,0,0,91869
20090519,92841,254,92587,0,0,0,91940
20090518,92941,254,92687,0,0,0,92040
20090515,93008,253,92755,0,0,0,92107
20090514,93031,253,92778,0,0,0,92130
20090512,93187,253,92934,0,0,0,92286
20090511,93188,253,92935,0,0,0,92287
20090508,93302,253,93049,0,0,0,92401
20090507,93407,253,93154,0,0,0,92506
20090506,93445,253,93192,0,0,0,92544
20090505,93446,253,93193,0,0,0,92545
20090501,93603,253,93350,0,0,0,92702
20090430,93622,251,93371,0,0,0,92721
20090429,93809,251,93558,0,0,0,92908
20090428,93988,251,93737,0,0,0,93087
20090427,94066,251,93815,0,0,0,93165
20090424,94475,230,94245,0,0,0,93574
20090422,94616,230,94386,0,0,0,93715
20090423,94616,230,94386,0,0,0,93715
20090421,94832,230,94602,0,0,0,93931
20090420,95046,230,94816,0,0,0,94145
20090417,95168,220,94948,0,0,0,94267
20090416,95221,220,95001,0,0,0,94320
20090415,95278,220,95058,0,0,0,94377
20090409,95371,220,95151,0,0,0,94470
20090408,95379,220,95159,0,0,0,94478
20090407,95435,220,95215,0,0,0,94534
20090406,95443,220,95223,0,0,0,94542
20090403,95481,220,95261,0,0,0,94580
20090331,95501,220,95281,0,0,0,94600
20090330,95509,220,95289,0,0,0,94608
20090326,95722,220,95502,0,0,0,94821
20090327,95722,220,95502,0,0,0,94821
20090325,95847,220,95627,0,0,0,94946
20090324,95901,220,95681,0,0,0,95000
20090323,96191,220,95971,0,0,0,95290
20090320,96221,220,96001,0,0,0,95320
20090319,96229,220,96009,0,0,0,95328
20090318,96265,220,96045,0,0,0,95364
20090317,96294,218,96076,0,0,0,95393
20090316,96301,218,96083,0,0,0,95400
20090313,96529,218,96311,0,0,0,95628
20090312,96554,218,96336,0,0,0,95653
20090309,96719,218,96501,0,0,0,95818
20090306,96833,218,96615,0,0,0,95932
20090305,97062,216,96846,0,0,0,96161
20090304,97117,216,96901,0,0,0,96216
20090302,97192,216,96976,0,0,0,96291
20090227,97261,216,97045,0,0,0,96360
20090226,97307,216,97091,0,0,0,96406
20090225,97336,216,97120,0,0,0,96435
20090220,97439,216,97223,0,0,0,96538
20090223,97439,216,97223,0,0,0,96538
20090219,97518,216,97302,0,0,0,96617
20090218,97607,215,97392,0,0,0,96706
20090217,97795,215,97580,0,0,0,96894
20090216,97823,215,97608,0,0,0,96922
20090213,97899,215,97684,0,0,0,96998
20090212,97954,215,97739,0,0,0,97053
20090211,97978,215,97763,0,0,0,97077
20090210,98037,215,97822,0,0,0,97136
20090209,98054,215,97839,0,0,0,97153
20090206,98156,215,97941,0,0,0,97255
20090205,98253,215,98038,0,0,0,97352
20090204,98404,215,98189,0,0,0,97503
20090203,98504,215,98289,0,0,0,97603
20090130,98548,215,98333,0,0,0,97647
20090128,98602,215,98387,0,0,0,97701
20090127,98612,215,98397,0,0,0,97711
20090126,98674,215,98459,0,0,0,97773
20090123,98754,215,98539,0,0,0,97853
20090125,98754,215,98539,0,0,0,97853
20090122,98811,215,98596,0,0,0,97910
20090121,98898,215,98683,0,0,0,97997
20090120,98958,215,98743,0,0,0,98057
20090119,99046,215,98831,0,0,0,98145
20090116,99060,215,98845,0,0,0,98159
20090115,99155,215,98940,0,0,0,98254
20090114,99345,215,99130,0,0,0,98444
20090113,99442,215,99227,0,0,0,98541
20090112,99447,215,99232,0,0,0,98546
20090108,99478,215,99263,0,0,0,98577
20090107,99537,215,99322,0,0,0,98636
20081219,99542,215,99327,0,0,0,98641
20081218,99607,215,99392,0,0,0,98706
20081217,99663,215,99448,0,0,0,98762
20081216,99760,215,99545,0,0,0,98859
20081212,99803,215,99588,0,0,0,98902
20081211,99865,215,99650,0,0,0,98964
20081209,99876,215,99661,0,0,0,98975
20081208,99917,215,99702,0,0,0,99016
20081207,99995,215,99780,0,0,0,99094
20081205,100054,215,99839,0,0,0,99153
20081204,100248,215,100033,0,0,0,99347
20081203,100276,215,100061,0,0,0,99375
20081202,100406,215,100191,0,0,0,99505
20081201,100432,215,100217,0,0,0,99531
20081129,100448,215,100233,0,0,0,99547
20081128,100555,215,100340,0,0,0,99654
20081127,100601,215,100386,0,0,0,99700
20081126,100627,215,100412,0,0,0,99726
20081124,100646,215,100431,0,0,0,99745
20081121,100691,215,100476,0,0,0,99790
20081119,100822,213,100609,0,0,0,99921
20081118,100887,213,100674,0,0,0,99986
20081116,100923,213,100710,0,0,0,100022
20081114,100924,213,100711,0,0,0,100023
20081110,100950,206,100744,0,0,0,100049
20081107,101010,206,100804,0,0,0,100109
20081109,101010,206,100804,0,0,0,100109
20081106,101117,206,100911,0,0,0,100216
20081105,101152,206,100946,0,0,0,100251
20081104,101195,206,100989,0,0,0,100294
20081103,101229,206,101023,0,0,0,100328
20081031,101274,206,101068,0,0,0,100373
20081030,101321,205,101116,0,0,0,100420
20081029,101329,205,101124,0,0,0,100428
20081027,101382,205,101177,0,0,0,100481
20081024,101389,205,101184,0,0,0,100488
20081023,101511,205,101306,0,0,0,100610
20081022,101512,205,101307,0,0,0,100611
20081021,101532,205,101327,0,0,0,100631
20081020,101579,205,101374,0,0,0,100678
20081017,101626,205,101421,0,0,0,100725
20081016,101678,205,101473,0,0,0,100777
20081015,101717,205,101512,0,0,0,100816
20081014,101795,205,101590,0,0,0,100894
20081013,101797,205,101592,0,0,0,100896
20081010,101858,205,101653,0,0,0,100957
20081008,101885,205,101680,0,0,0,100984
20081009,101885,205,101680,0,0,0,100984
20081007,101920,205,101715,0,0,0,101019
20081006,101997,205,101792,0,0,0,101096
20081003,102027,205,101822,0,0,0,101126
20081002,102145,205,101940,0,0,0,101244
20081001,102152,205,101947,0,0,0,101251
20080929,102169,205,101964,0,0,0,101268
20080928,102215,205,102010,0,0,0,101314
20080926,102346,205,102141,0,0,0,101445
20080925,102535,205,102330,0,0,0,101634
20080924,102552,205,102347,0,0,0,101651
20080923,102600,205,102395,0,0,0,101699
20080922,102623,205,102418,0,0,0,101722
20080919,102658,205,102453,0,0,0,101757
20080918,102846,205,102641,0,0,0,101945
20080917,102853,205,102648,0,0,0,101952
20080916,102903,205,102698,0,0,0,102002
20080915,102946,205,102741,0,0,0,102045
20080914,103081,205,102876,0,0,0,102180
20080912,103120,205,102915,0,0,0,102219
20080911,103147,205,102942,0,0,0,102246
20080910,103212,205,103007,0,0,0,102311
20080909,103245,205,103040,0,0,0,102344
20080908,103341,205,103136,0,0,0,102440
20080905,103396,205,103191,0,0,0,102495
20080904,103412,205,103207,0,0,0,102511
20080903,103444,205,103239,0,0,0,102543
20080902,103593,203,103390,0,0,0,102692
20080901,103735,203,103532,0,0,0,102834
20080831,103741,203,103538,0,0,0,102840
20080829,103750,203,103547,0,0,0,102849
20080827,103829,203,103626,0,0,0,102928
20080828,103829,203,103626,0,0,0,102928
20080826,103858,203,103655,0,0,0,102957
20080822,103866,203,103663,0,0,0,102965
20080821,103938,203,103735,0,0,0,103037
20080820,103951,203,103748,0,0,0,103050
20080818,104077,203,103874,0,0,0,103176
20080816,104237,203,104034,0,0,0,103336
20080815,104243,203,104040,0,0,0,103342
20080812,104304,203,104101,0,0,0,103403
20080811,104333,203,104130,0,0,0,103432
20080810,104373,201,104172,0,0,0,103472
20080808,104447,201,104246,0,0,0,103546
20080804,104505,201,104304,0,0,0,103604
20080803,104523,201,104322,0,0,0,103622
20080801,104556,201,104355,0,0,0,103655
20080731,104565,201,104364,0,0,0,103664
20080730,104601,201,104400,0,0,0,103700
20080729,104629,201,104428,0,0,0,103728
20080728,104638,201,104437,0,0,0,103737
20080725,104662,201,104461,0,0,0,103761
20080724,104736,201,104535,0,0,0,103835
20080723,104792,201,104591,0,0,0,103891
20080722,104814,201,104613,0,0,0,103913
20080721,104829,201,104628,0,0,0,103928
20080719,104834,201,104633,0,0,0,103933
20080718,104858,201,104657,0,0,0,103957
20080716,104895,201,104694,0,0,0,103994
20080715,104915,201,104714,0,0,0,104014
20080714,104919,201,104718,0,0,0,104018
20080711,105007,201,104806,0,0,0,104106
20080708,105015,201,104814,0,0,0,104114
20080707,105028,201,104827,0,0,0,104127
20080703,105088,201,104887,0,0,0,104187
20080704,105088,201,104887,0,0,0,104187
20080702,105105,201,104904,0,0,0,104204
20080627,105109,201,104908,0,0,0,104208
20080626,105136,201,104935,0,0,0,104235
20080625,105299,201,105098,0,0,0,104398
20080624,105385,201,105184,0,0,0,104484
20080623,105544,201,105343,0,0,0,104643
20080620,105645,201,105444,0,0,0,104744
20080618,105692,201,105491,0,0,0,104791
20080617,105737,201,105536,0,0,0,104836
20080616,105750,201,105549,0,0,0,104849
20080613,105781,201,105580,0,0,0,104880
20080612,105888,201,105687,0,0,0,104987
20080611,105943,201,105742,0,0,0,105042
20080610,105968,201,105767,0,0,0,105067
20080609,106037,201,105836,0,0,0,105136
20080606,106122,201,105921,0,0,0,105221
20080605,106249,201,106048,0,0,0,105348
20080604,106345,199,106146,0,0,0,105444
20080603,106457,199,106258,0,0,0,105556
20080602,106458,199,106259,0,0,0,105557
20080530,106466,199,106267,0,0,0,105565
20080531,106466,199,106267,0,0,0,105565
20080529,106630,199,106431,0,0,0,105729
20080528,106675,199,106476,0,0,0,105774
20080527,106755,199,106556,0,0,0,105854
20080523,106772,199,106573,0,0,0,105871
20080522,106802,199,106603,0,0,0,105901
20080521,106849,196,106653,0,0,0,105948
20080520,106885,196,106689,0,0,0,105984
20080519,106927,196,106731,0,0,0,106026
20080517,106957,196,106761,0,0,0,106056
20080516,106973,196,106777,0,0,0,106072
20080515,107034,196,106838,0,0,0,106133
20080514,107038,196,106842,0,0,0,106137
20080512,107076,196,106880,0,0,0,106175
20080509,107147,196,106951,0,0,0,106246
20080508,107212,196,107016,0,0,0,106311
20080507,107238,196,107042,0,0,0,106337
20080506,107264,196,107068,0,0,0,106363
20080505,107284,196,107088,0,0,0,106383
20080502,107289,196,107093,0,0,0,106388
20080501,107353,196,107157,0,0,0,106452
20080430,107362,196,107166,0,0,0,106461
20080429,107445,196,107249,0,0,0,106544
20080428,107519,196,107323,0,0,0,106618
20080425,107575,196,107379,0,0,0,106674
20080424,107672,196,107476,0,0,0,106771
20080423,107691,196,107495,0,0,0,106790
20080422,107730,196,107534,0,0,0,106829
20080421,107744,196,107548,0,0,0,106843
20080418,107839,196,107643,0,0,0,106938
20080417,107863,196,107667,0,0,0,106962
20080415,107882,196,107686,0,0,0,106981
20080416,107882,196,107686,0,0,0,106981
20080414,108007,181,107826,0,0,0,107106
20080411,108106,175,107931,0,0,0,107205
20080409,108120,175,107945,0,0,0,107219
20080407,108129,175,107954,0,0,0,107228
20080403,108203,174,108029,0,0,0,107302
20080402,108278,174,108104,0,0,0,107377
20080401,108342,174,108168,0,0,0,107441
20080331,108352,174,108178,0,0,0,107451
20080328,108411,174,108237,0,0,0,107510
20080327,108443,174,108269,0,0,0,107542
20080326,108446,174,108272,0,0,0,107545
20080325,108457,174,108283,0,0,0,107556
20080319,108497,174,108323,0,0,0,107596
20080317,108517,174,108343,0,0,0,107616
20080314,108520,174,108346,0,0,0,107619
20080313,108656,174,108482,0,0,0,107755
20080312,108688,174,108514,0,0,0,107787
20080311,108841,174,108667,0,0,0,107940
20080310,108884,174,108710,0,0,0,107983
20080307,109027,173,108854,0,0,0,108126
20080306,109068,168,108900,0,0,0,108167
20080305,109223,164,109059,0,0,0,108322
20080304,109242,164,109078,0,0,0,108341
20080303,109247,164,109083,0,0,0,108346
20080302,109284,164,109120,0,0,0,108383
20080228,109319,164,109155,0,0,0,108418
20080227,109371,164,109207,0,0,0,108470
20080226,109397,164,109233,0,0,0,108496
20080225,109427,164,109263,0,0,0,108526
20080221,109455,164,109291,0,0,0,108554
20080220,109502,164,109338,0,0,0,108601
20080219,109516,164,109352,0,0,0,108615
20080215,109580,164,109416,0,0,0,108679
20080214,109709,164,109545,0,0,0,108808
20080213,109782,164,109618,0,0,0,108881
20080212,109805,164,109641,0,0,0,108904
20080211,109856,164,109692,0,0,0,108955
20080208,109881,164,109717,0,0,0,108980
20080207,109885,164,109721,0,0,0,108984
20080206,109899,162,109737,0,0,0,108998
20080205,109980,162,109818,0,0,0,109079
20080204,110418,162,110256,0,0,0,109517
20080201,110471,162,110309,0,0,0,109570
20080131,110515,162,110353,0,0,0,109614
20080130,110597,159,110438,0,0,0,109696
20080129,110716,159,110557,0,0,0,109815
20080128,110747,159,110588,0,0,0,109846
20080125,110803,159,110644,0,0,0,109902
20080124,110809,159,110650,0,0,0,109908
20080123,110889,156,110733,0,0,0,109988
20080122,110945,156,110789,0,0,0,110044
20080121,110966,156,110810,0,0,0,110065
20080118,111092,156,110936,0,0,0,110191
20080112,111216,156,111060,0,0,0,110315
20080114,111216,156,111060,0,0,0,110315
20080116,111216,156,111060,0,0,0,110315
20080111,111220,156,111064,0,0,0,110319
20080110,111327,156,111171,0,0,0,110426
20080109,111341,156,111185,0,0,0,110440
20080107,111350,156,111194,0,0,0,110449
20080104,111434,156,111278,0,0,0,110533
20080103,111483,153,111330,0,0,0,110582
20080102,111527,153,111374,0,0,0,110626
20071228,111561,153,111408,0,0,0,110660
20071226,111581,153,111428,0,0,0,110680
20071224,111585,153,111432,0,0,0,110684
20071221,111601,153,111448,0,0,0,110700
20071220,111696,153,111543,0,0,0,110795
20071219,111746,153,111593,0,0,0,110845
20071217,111751,153,111598,0,0,0,110850
20071214,111768,153,111615,0,0,0,110867
20071213,111769,153,111616,0,0,0,110868
20071212,111805,151,111654,0,0,0,110904
20071210,111848,151,111697,0,0,0,110947
20071207,111924,151,111773,0,0,0,111023
20071206,111937,151,111786,0,0,0,111036
20071205,111947,151,111796,0,0,0,111046
20071204,111986,151,111835,0,0,0,111085
20071203,112001,151,111850,0,0,0,111100
20071130,112010,151,111859,0,0,0,111109
20071129,112034,151,111883,0,0,0,111133
20071128,112071,151,111920,0,0,0,111170
20071127,112077,151,111926,0,0,0,111176
20071126,112091,146,111945,0,0,0,111190
20071125,112298,146,112152,0,0,0,111397
20071123,112301,146,112155,0,0,0,111400
20071122,112362,146,112216,0,0,0,111461
20071121,112521,146,112375,0,0,0,111620
20071120,112566,146,112420,0,0,0,111665
20071119,112640,146,112494,0,0,0,111739
20071116,112675,146,112529,0,0,0,111774
20071115,112697,146,112551,0,0,0,111796
20071114,112716,146,112570,0,0,0,111815
20071113,113043,146,112897,0,0,0,112142
20071112,113111,143,112968,0,0,0,112210
20071109,113133,143,112990,0,0,0,112232
20071108,113143,143,113000,0,0,0,112242
20071031,113190,143,113047,0,0,0,112289
20071102,113190,143,113047,0,0,0,112289
20071030,113208,143,113065,0,0,0,112307
20071026,113219,140,113079,0,0,0,112318
20071029,113221,143,113078,0,0,0,112320
20071025,113285,140,113145,0,0,0,112384
20071024,113302,134,113168,0,0,0,112401
20071023,113318,134,113184,0,0,0,112417
20071022,113451,134,113317,0,0,0,112550
20071019,113518,134,113384,0,0,0,112617
20071018,113523,134,113389,0,0,0,112622
20071017,113774,134,113640,0,0,0,112873
20071016,113860,134,113726,0,0,0,112959
20071015,113935,134,113801,0,0,0,113034
20071012,113950,134,113816,0,0,0,113049
20071011,113983,134,113849,0,0,0,113082
20071005,114035,134,113901,0,0,0,113134
20071003,114056,134,113922,0,0,0,113155
20071002,114093,134,113959,0,0,0,113192
20071001,114133,134,113999,0,0,0,113232
20070928,114207,131,114076,0,0,0,113306
20070927,114217,131,114086,0,0,0,113316
20070924,114266,131,114135,0,0,0,113365
20070921,114272,131,114141,0,0,0,113371
20070920,114282,131,114151,0,0,0,113381
20070919,114314,131,114183,0,0,0,113413
20070918,114356,131,114225,0,0,0,113455
20070917,114374,131,114243,0,0,0,113473
20070914,114406,131,114275,0,0,0,113505
20070913,114549,128,114421,0,0,0,113648
20070912,114585,128,114457,0,0,0,113684
20070911,114634,121,114513,0,0,0,113733
20070910,114700,121,114579,0,0,0,113799
20070906,114713,121,114592,0,0,0,113812
20070905,114759,121,114638,0,0,0,113858
20070829,114776,121,114655,0,0,0,113875
20070824,114814,121,114693,0,0,0,113913
20070823,114912,121,114791,0,0,0,114011
20070822,114933,121,114812,0,0,0,114032
20070821,114938,121,114817,0,0,0,114037
20070820,114940,121,114819,0,0,0,114039
20070815,114945,121,114824,0,0,0,114044
20070814,114949,121,114828,0,0,0,114048
20070813,115019,121,114898,0,0,0,114118
20070812,115077,121,114956,0,0,0,114176
20070811,115085,121,114964,0,0,0,114184
20070810,115149,121,115028,0,0,0,114248
20070809,115165,121,115044,0,0,0,114264
20070808,115194,119,115075,0,0,0,114293
20070807,115244,117,115127,0,0,0,114343
20070806,115333,117,115216,0,0,0,114432
20070803,115357,117,115240,0,0,0,114456
20070802,115389,115,115274,0,0,0,114488
20070801,115414,115,115299,0,0,0,114513
20070727,115481,115,115366,0,0,0,114580
20070723,115521,115,115406,0,0,0,114620
20070720,115531,115,115416,0,0,0,114630
20070719,115553,115,115438,0,0,0,114652
20070717,115591,115,115476,0,0,0,114690
20070718,115591,115,115476,0,0,0,114690
20070716,115599,115,115484,0,0,0,114698
20070713,115625,115,115510,0,0,0,114724
20070712,115647,115,115532,0,0,0,114746
20070711,115683,115,115568,0,0,0,114782
20070709,115717,115,115602,0,0,0,114816
20070704,115719,115,115604,0,0,0,114818
20070703,115765,115,115650,0,0,0,114864
20070628,115816,115,115701,0,0,0,114915
20070627,115824,115,115709,0,0,0,114923
20070626,115873,115,115758,0,0,0,114972
20070623,115879,115,115764,0,0,0,114978
20070622,115887,115,115772,0,0,0,114986
20070621,115889,115,115774,0,0,0,114988
20070620,115915,115,115800,0,0,0,115014
20070614,115961,115,115846,0,0,0,115060
20070611,115964,115,115849,0,0,0,115063
20070608,115989,115,115874,0,0,0,115088
20070606,116073,115,115958,0,0,0,115172
20070605,116150,115,116035,0,0,0,115249
20070604,116200,107,116093,0,0,0,115299
20070601,116278,107,116171,0,0,0,115377
20070530,116313,107,116206,0,0,0,115412
20070529,116316,107,116209,0,0,0,115415
20070525,116323,107,116216,0,0,0,115422
20070524,116336,107,116229,0,0,0,115435
20070523,116358,107,116251,0,0,0,115457
20070522,116454,107,116347,0,0,0,115553
20070521,116478,107,116371,0,0,0,115577
20070517,116546,105,116441,0,0,0,115645
20070516,116549,105,116444,0,0,0,115648
20070514,116561,105,116456,0,0,0,115660
20070511,116568,105,116463,0,0,0,115667
20070509,116570,105,116465,0,0,0,115669
20070508,116622,105,116517,0,0,0,115721
20070507,116638,105,116533,0,0,0,115737
20070504,116648,105,116543,0,0,0,115747
20070430,116674,105,116569,0,0,0,115773
20070502,116674,105,116569,0,0,0,115773
20070503,116674,105,116569,0,0,0,115773
20070427,116678,102,116576,0,0,0,115777
20070426,116693,102,116591,0,0,0,115792
20070425,116783,101,116682,0,0,0,115882
20070424,116787,101,116686,0,0,0,115886
20070423,116793,101,116692,0,0,0,115892
20070420,116799,101,116698,0,0,0,115898
20070419,116854,101,116753,0,0,0,115953
20070418,116861,101,116760,0,0,0,115960
20070417,116954,101,116853,0,0,0,116053
20070416,116987,101,116886,0,0,0,116086
20070413,116998,101,116897,0,0,0,116097
20070412,117007,101,116906,0,0,0,116106
20070411,117026,101,116925,0,0,0,116125
20070410,117060,101,116959,0,0,0,116159
20070409,117096,101,116995,0,0,0,116195
20070406,117107,101,117006,0,0,0,116206
20070405,117117,101,117016,0,0,0,116216
20070404,117169,101,117068,0,0,0,116268
20070403,117275,101,117174,0,0,0,116374
20070402,117323,101,117222,0,0,0,116422
20070330,117353,101,117252,0,0,0,116452
20070329,117371,101,117270,0,0,0,116470
20070328,117393,101,117292,0,0,0,116492
20070327,117453,101,117352,0,0,0,116552
20070326,117454,101,117353,0,0,0,116553
20070323,117477,101,117376,0,0,0,116576
20070322,117478,101,117377,0,0,0,116577
20070321,117534,101,117433,0,0,0,116633
20070320,117583,101,117482,0,0,0,116682
20070319,117584,101,117483,0,0,0,116683
20070316,117647,101,117546,0,0,0,116746
20070315,117687,101,117586,0,0,0,116786
20070313,117691,101,117590,0,0,0,116790
20070314,117691,101,117590,0,0,0,116790
20070312,117712,101,117611,0,0,0,116811
20070307,117736,101,117635,0,0,0,116835
20070309,117736,101,117635,0,0,0,116835
20070306,117753,101,117652,0,0,0,116852
20070305,117765,101,117664,0,0,0,116864
20070302,117784,101,117683,0,0,0,116883
20070226,117838,93,117745,0,0,0,116937
20070301,117839,101,117738,0,0,0,116938
20070223,117857,93,117764,0,0,0,116956
20070222,117866,93,117773,0,0,0,116965
20070221,117891,93,117798,0,0,0,116990
20070220,117958,93,117865,0,0,0,117057
20070219,118028,91,117937,0,0,0,117127
20070216,118061,91,117970,0,0,0,117160
20070212,118073,89,117984,0,0,0,117172
20070209,118095,89,118006,0,0,0,117194
20070207,118115,89,118026,0,0,0,117214
20070206,118137,89,118048,0,0,0,117236
20070205,118158,89,118069,0,0,0,117257
20070202,118213,89,118124,0,0,0,117312
20070201,118272,89,118183,0,0,0,117371
20070131,118310,89,118221,0,0,0,117409
20070130,118356,89,118267,0,0,0,117455
20070129,118394,89,118305,0,0,0,117493
20070125,118457,89,118368,0,0,0,117556
20070126,118457,89,118368,0,0,0,117556
20070124,118515,89,118426,0,0,0,117614
20070123,118633,89,118544,0,0,0,117732
20070122,118658,89,118569,0,0,0,117757
20070119,118673,89,118584,0,0,0,117772
20070117,118689,89,118600,0,0,0,117788
20070118,118689,89,118600,0,0,0,117788
20070116,118744,89,118655,0,0,0,117843
20070115,118745,89,118656,0,0,0,117844
20070112,118789,89,118700,0,0,0,117888
20070110,118801,88,118713,0,0,0,117900
20070108,118839,88,118751,0,0,0,117938
20070105,118887,88,118799,0,0,0,117986
20070104,118946,88,118858,0,0,0,118045
20070103,118973,88,118885,0,0,0,118072
20070102,118980,88,118892,0,0,0,118079
20061230,119045,86,118959,0,0,0,118144
20061221,119090,86,119004,0,0,0,118189
20061222,119090,86,119004,0,0,0,118189
20061227,119090,86,119004,0,0,0,118189
20061220,119107,86,119021,0,0,0,118206
20061219,119125,86,119039,0,0,0,118224
20061218,119147,86,119061,0,0,0,118246
20061215,119184,85,119099,0,0,0,118283
20061214,119220,85,119135,0,0,0,118319
20061213,119296,85,119211,0,0,0,118395
20061212,119349,85,119264,0,0,0,118448
20061211,119360,84,119276,0,0,0,118459
20061208,119431,83,119348,0,0,0,118530
20061206,119471,83,119388,0,0,0,118570
20061205,119606,83,119523,0,0,0,118705
20061204,119751,83,119668,0,0,0,118850
20061201,119789,83,119706,0,0,0,118888
20061130,119811,83,119728,0,0,0,118910
20061127,119920,83,119837,0,0,0,119019
20061129,119920,83,119837,0,0,0,119019
20061124,119986,83,119903,0,0,0,119085
20061123,120073,83,119990,0,0,0,119172
20061122,120183,83,120100,0,0,0,119282
20061121,120228,83,120145,0,0,0,119327
20061120,120390,83,120307,0,0,0,119489
20061117,120546,80,120466,0,0,0,119645
20061116,120725,80,120645,0,0,0,119824
20061115,120737,80,120657,0,0,0,119836
20061114,120790,80,120710,0,0,0,119889
20061113,120898,80,120818,0,0,0,119997
20061109,120956,78,120878,0,0,0,120055
20061110,120956,78,120878,0,0,0,120055
20061108,121020,78,120942,0,0,0,120119
20061107,121057,78,120979,0,0,0,120156
20061106,121211,78,121133,0,0,0,120310
20061103,121418,76,121342,0,0,0,120517
20061102,121509,76,121433,0,0,0,120608
20061031,121547,76,121471,0,0,0,120646
20061030,121551,76,121475,0,0,0,120650
20061027,121614,76,121538,0,0,0,120713
20061026,121636,76,121560,0,0,0,120735
20061025,121796,76,121720,0,0,0,120895
20061024,121797,76,121721,0,0,0,120896
20061013,122033,74,121959,0,0,0,121132
20061016,122033,74,121959,0,0,0,121132
20061012,122047,74,121973,0,0,0,121146
20061011,122099,74,122025,0,0,0,121198
20061010,122131,73,122058,0,0,0,121230
20061009,122203,68,122135,0,0,0,121302
20061006,122242,68,122174,0,0,0,121341
20061004,122385,68,122317,0,0,0,121484
20061003,122426,63,122363,0,0,0,121525
20061002,122459,63,122396,0,0,0,121558
20060929,122528,63,122465,0,0,0,121627
20060928,122563,63,122500,0,0,0,121662
20060927,122582,63,122519,0,0,0,121681
20060926,122584,63,122521,0,0,0,121683
20060925,122614,63,122551,0,0,0,121713
20060922,122618,63,122555,0,0,0,121717
20060921,122625,63,122562,0,0,0,121724
20060920,122649,63,122586,0,0,0,121748
20060919,122687,63,122624,0,0,0,121786
20060918,122747,63,122684,0,0,0,121846
20060915,122775,63,122712,0,0,0,121874
20060914,122804,63,122741,0,0,0,121903
20060913,122818,63,122755,0,0,0,121917
20060912,122837,63,122774,0,0,0,121936
20060911,122882,63,122819,0,0,0,121981
20060907,122906,63,122843,0,0,0,122005
20060906,122912,63,122849,0,0,0,122011
20060905,122969,43,122926,0,0,0,122068
20060904,122995,43,122952,0,0,0,122094
20060901,123043,41,123002,0,0,0,122142
20060831,123077,41,123036,0,0,0,122176
20060830,123121,40,123081,0,0,0,122220
20060829,123128,40,123088,0,0,0,122227
20060824,123131,40,123091,0,0,0,122230
20060825,123131,40,123091,0,0,0,122230
20060823,123149,40,123109,0,0,0,122248
20060822,123188,40,123148,0,0,0,122287
20060821,123263,38,123225,0,0,0,122362
20060818,123364,38,123326,0,0,0,122463
20060817,123426,38,123388,0,0,0,122525
20060816,123436,38,123398,0,0,0,122535
20060815,123437,38,123399,0,0,0,122536
20060814,123449,38,123411,0,0,0,122548
20060811,123480,38,123442,0,0,0,122579
20060810,123509,37,123472,0,0,0,122608
20060809,123533,37,123496,0,0,0,122632
20060808,123632,37,123595,0,0,0,122731
20060803,123633,37,123596,0,0,0,122732
20060804,123633,37,123596,0,0,0,122732
20060802,123647,37,123610,0,0,0,122746
20060731,123678,37,123641,0,0,0,122777
20060728,123689,37,123652,0,0,0,122788
20060727,123744,37,123707,0,0,0,122843
20060726,123779,37,123742,0,0,0,122878
20060725,123863,34,123829,0,0,0,122962
20060724,123876,34,123842,0,0,0,122975
20060721,123924,34,123890,0,0,0,123023
20060720,123940,34,123906,0,0,0,123039
20060719,123957,34,123923,0,0,0,123056
20060717,123991,31,123960,0,0,0,123090
20060714,124043,31,124012,0,0,0,123142
20060713,124052,31,124021,0,0,0,123151
20060712,124116,31,124085,0,0,0,123215
20060711,124147,31,124116,0,0,0,123246
20060707,124207,31,124176,0,0,0,123306
20060706,124281,31,124250,0,0,0,123380
20060705,124290,31,124259,0,0,0,123389
20060630,124335,31,124304,0,0,0,123434
20060628,124345,31,124314,0,0,0,123444
20060619,124473,30,124443,0,0,0,123572
20060616,124522,30,124492,0,0,0,123621
20060612,124681,27,124654,0,0,0,123780
20060608,124702,27,124675,0,0,0,123801
20060607,124748,27,124721,0,0,0,123847
20060605,124752,27,124725,0,0,0,123851
20060602,124784,27,124757,0,0,0,123883
20060601,124823,27,124796,0,0,0,123922
20060531,124837,27,124810,0,0,0,123936
20060530,124851,27,124824,0,0,0,123950
20060526,124862,27,124835,0,0,0,123961
20060525,124890,27,124863,0,0,0,123989
20060524,125041,27,125014,0,0,0,124140
20060523,125103,27,125076,0,0,0,124202
20060522,125129,27,125102,0,0,0,124228
20060517,125141,27,125114,0,0,0,124240
20060516,125157,27,125130,0,0,0,124256
20060512,125171,27,125144,0,0,0,124270
20060509,125173,27,125146,0,0,0,124272
20060508,125179,27,125152,0,0,0,124278
20060505,125300,27,125273,0,0,0,124399
20060503,125308,27,125281,0,0,0,124407
20060504,125308,27,125281,0,0,0,124407
20060428,125311,27,125284,0,0,0,124410
20060426,125432,27,125405,0,0,0,124531
20060425,125460,27,125433,0,0,0,124559
20060424,125506,27,125479,0,0,0,124605
20060421,125577,27,125550,0,0,0,124676
20060419,125589,27,125562,0,0,0,124688
20060418,125608,27,125581,0,0,0,124707
20060414,125618,27,125591,0,0,0,124717
20060411,125629,27,125602,0,0,0,124728
20060410,125692,27,125665,0,0,0,124791
20060407,125728,27,125701,0,0,0,124827
20060406,125770,27,125743,0,0,0,124869
20060405,125780,27,125753,0,0,0,124879
20060404,125788,27,125761,0,0,0,124887
20060403,125868,27,125841,0,0,0,124967
20060331,126081,27,126054,0,0,0,125180
20060329,126191,27,126164,0,0,0,125290
20060328,126220,27,126193,0,0,0,125319
20060327,126221,27,126194,0,0,0,125320
20060324,126250,27,126223,0,0,0,125349
20060323,126296,27,126269,0,0,0,125395
20060322,126315,27,126288,0,0,0,125414
20060321,126327,27,126300,0,0,0,125426
20060320,126368,27,126341,0,0,0,125467
20060317,126493,27,126466,0,0,0,125592
20060315,126608,27,126581,0,0,0,125707
20060316,126608,27,126581,0,0,0,125707
20060310,126729,27,126702,0,0,0,125828
20060308,126755,27,126728,0,0,0,125854
20060307,126819,27,126792,0,0,0,125918
20060306,126876,27,126849,0,0,0,125975
20060303,126942,27,126915,0,0,0,126041
20060302,126966,27,126939,0,0,0,126065
20060301,127046,27,127019,0,0,0,126145
20060228,127065,27,127038,0,0,0,126164
20060227,127120,27,127093,0,0,0,126219
20060224,127252,27,127225,0,0,0,126351
20060223,127296,27,127269,0,0,0,126395
20060222,127331,27,127304,0,0,0,126430
20060221,127377,27,127350,0,0,0,126476
20060220,127417,27,127390,0,0,0,126516
20060216,127459,27,127432,0,0,0,126558
20060215,127602,27,127575,0,0,0,126701
20060214,127629,27,127602,0,0,0,126728
20060213,127639,27,127612,0,0,0,126738
20060210,127655,27,127628,0,0,0,126754
20060209,127660,27,127633,0,0,0,126759
20060208,127677,27,127650,0,0,0,126776
20060207,127856,27,127829,0,0,0,126955
20060206,127936,27,127909,0,0,0,127035
20060201,128052,27,128025,0,0,0,127151
20060131,128080,27,128053,0,0,0,127179
20060130,128156,27,128129,0,0,0,127255
20060126,128198,23,128175,0,0,0,127297
20060125,128225,23,128202,0,0,0,127324
20060124,128255,23,128232,0,0,0,127354
20060123,128396,23,128373,0,0,0,127495
20060120,128410,23,128387,0,0,0,127509
20060119,128516,21,128495,0,0,0,127615
20060118,128576,21,128555,0,0,0,127675
20060117,128609,21,128588,0,0,0,127708
20060116,128669,21,128648,0,0,0,127768
20060113,128764,21,128743,0,0,0,127863
20060112,128769,21,128748,0,0,0,127868
20060111,129164,21,129143,0,0,0,128263
20060110,129435,21,129414,0,0,0,128534
20060109,129679,21,129658,0,0,0,128778
20060106,129742,21,129721,0,0,0,128841
20060105,129815,21,129794,0,0,0,128914
20060104,129854,21,129833,0,0,0,128953
20060103,129903,21,129882,0,0,0,129002
20051223,129976,21,129955,0,0,0,129075
20051222,130031,21,130010,0,0,0,129130
20051221,130082,21,130061,0,0,0,129181
20051219,130179,21,130158,0,0,0,129278
20051216,130181,21,130160,0,0,0,129280
20051214,130198,21,130177,0,0,0,129297
20051213,130254,21,130233,0,0,0,129353
20051209,130258,21,130237,0,0,0,129357
20051212,130258,21,130237,0,0,0,129357
20051208,130455,21,130434,0,0,0,129554
20051207,130463,21,130442,0,0,0,129562
20051206,130482,21,130461,0,0,0,129581
20051205,130533,21,130512,0,0,0,129632
20051202,130554,21,130533,0,0,0,129653
20051130,130582,21,130561,0,0,0,129681
20051129,130606,21,130585,0,0,0,129705
20051128,130726,21,130705,0,0,0,129825
20051125,130744,21,130723,0,0,0,129843
20051124,130749,21,130728,0,0,0,129848
20051123,130757,21,130736,0,0,0,129856
20051122,130802,21,130781,0,0,0,129901
20051121,130821,21,130800,0,0,0,129920
20051118,130846,21,130825,0,0,0,129945
20051117,130914,18,130896,0,0,0,130013
20051116,130928,18,130910,0,0,0,130027
20051115,130946,18,130928,0,0,0,130045
20051111,131048,18,131030,0,0,0,130147
20051110,131068,18,131050,0,0,0,130167
20051109,131076,18,131058,0,0,0,130175
20051108,131098,18,131080,0,0,0,130197
20051107,131132,18,131114,0,0,0,130231
20051104,131175,18,131157,0,0,0,130274
20051103,131207,18,131189,0,0,0,130306
20051102,131251,18,131233,0,0,0,130350
20051101,131264,18,131246,0,0,0,130363
20051031,131271,18,131253,0,0,0,130370
20051028,131286,18,131268,0,0,0,130385
20051027,131350,18,131332,0,0,0,130449
20051026,131356,18,131338,0,0,0,130455
20051025,131370,18,131352,0,0,0,130469
20051024,131375,18,131357,0,0,0,130474
20051021,131381,18,131363,0,0,0,130480
20051018,131452,18,131434,0,0,0,130551
20051020,131452,18,131434,0,0,0,130551
20051017,131457,18,131439,0,0,0,130556
20051011,131465,18,131447,0,0,0,130564
20051010,131488,18,131470,0,0,0,130587
20051007,131550,18,131532,0,0,0,130649
20051004,131576,18,131558,0,0,0,130675
20050930,131624,18,131606,0,0,0,130723
20050928,131686,18,131668,0,0,0,130785
20050927,131701,16,131685,0,0,0,130800
20050926,131771,16,131755,0,0,0,130870
20050923,131774,16,131758,0,0,0,130873
20050922,131878,16,131862,0,0,0,130977
20050921,131899,16,131883,0,0,0,130998
20050920,131943,14,131929,0,0,0,131042
20050906,131965,14,131951,0,0,0,131064
20050905,132022,14,132008,0,0,0,131121
20050825,132038,14,132024,0,0,0,131137
20050826,132038,14,132024,0,0,0,131137
20050818,132044,14,132030,0,0,0,131143
20050812,132047,14,132033,0,0,0,131146
20050816,132047,14,132033,0,0,0,131146
20050811,132075,14,132061,0,0,0,131174
20050810,132087,14,132073,0,0,0,131186
20050809,132093,14,132079,0,0,0,131192
20050801,132160,14,132146,0,0,0,131259
20050808,132160,14,132146,0,0,0,131259
20050725,132196,14,132182,0,0,0,131295
20050722,132199,14,132185,0,0,0,131298
20050721,132230,14,132216,0,0,0,131329
20050720,132256,14,132242,0,0,0,131355
20050719,132264,14,132250,0,0,0,131363
20050715,132279,14,132265,0,0,0,131378
20050714,132341,14,132327,0,0,0,131440
20050712,132344,14,132330,0,0,0,131443
20050711,132354,14,132340,0,0,0,131453
20050708,132358,14,132344,0,0,0,131457
20050707,132381,14,132367,0,0,0,131480
20050705,132389,14,132375,0,0,0,131488
20050704,132392,14,132378,0,0,0,131491
20050701,132408,14,132394,0,0,0,131507
20050630,132421,14,132407,0,0,0,131520
20050628,132467,14,132453,0,0,0,131566
20050627,132509,14,132495,0,0,0,131608
20050624,132599,14,132585,0,0,0,131698
20050623,132609,14,132595,0,0,0,131708
20050620,132683,14,132669,0,0,0,131782
20050616,132692,14,132678,0,0,0,131791
20050613,132701,14,132687,0,0,0,131800
20050610,132826,14,132812,0,0,0,131925
20050609,132853,14,132839,0,0,0,131952
20050608,132903,14,132889,0,0,0,132002
20050607,132926,14,132912,0,0,0,132025
20050603,132941,14,132927,0,0,0,132040
20050531,132985,14,132971,0,0,0,132084
20050527,133031,14,133017,0,0,0,132130
20050526,133050,13,133037,0,0,0,132149
20050524,133097,13,133084,0,0,0,132196
20050523,133125,13,133112,0,0,0,132224
20050519,133175,10,133165,0,0,0,132274
20050513,133210,10,133200,0,0,0,132309
20050506,133223,10,133213,0,0,0,132322
20050505,133254,10,133244,0,0,0,132353
20050504,133270,10,133260,0,0,0,132369
20050503,133280,10,133270,0,0,0,132379
20050429,133340,10,133330,0,0,0,132439
20050428,133355,10,133345,0,0,0,132454
20050427,133415,10,133405,0,0,0,132514
20050426,133424,10,133414,0,0,0,132523
20050418,133458,10,133448,0,0,0,132557
20050415,133660,10,133650,0,0,0,132759
20050413,133699,10,133689,0,0,0,132798
20050412,133737,10,133727,0,0,0,132836
20050408,133847,8,133839,0,0,0,132946
20050405,133901,8,133893,0,0,0,133000
20050331,133909,8,133901,0,0,0,133008
20050330,133943,8,133935,0,0,0,133042
20050329,133951,8,133943,0,0,0,133050
20050324,133977,8,133969,0,0,0,133076
20050323,133979,8,133971,0,0,0,133078
20050322,134020,8,134012,0,0,0,133119
20050318,134149,8,134141,0,0,0,133248
20050316,134161,8,134153,0,0,0,133260
20050311,134237,8,134229,0,0,0,133336
20050308,134255,8,134247,0,0,0,133354
20050303,134390,8,134382,0,0,0,133489
20050302,134399,8,134391,0,0,0,133498
20050301,134443,8,134435,0,0,0,133542
20050224,134451,8,134443,0,0,0,133550
20050222,134457,8,134449,0,0,0,133556
20050221,134486,8,134478,0,0,0,133585
20050218,134565,8,134557,0,0,0,133664
20050217,134696,2,134694,0,0,0,133795
20050216,134828,2,134826,0,0,0,133927
20050215,135056,2,135054,0,0,0,134155
20050214,135099,2,135097,0,0,0,134198
20050211,135178,2,135176,0,0,0,134277
20050210,135194,2,135192,0,0,0,134293
20050208,135222,2,135220,0,0,0,134321
20050203,135268,2,135266,0,0,0,134367
20050202,135280,2,135278,0,0,0,134379
20050131,135337,2,135335,0,0,0,134436
20050128,135365,2,135363,0,0,0,134464
20050127,135388,2,135386,0,0,0,134487
20050118,135396,2,135394,0,0,0,134495
20050119,135396,2,135394,0,0,0,134495
20050114,135415,2,135413,0,0,0,134514
20050107,135453,2,135451,0,0,0,134552
20050103,135457,2,135455,0,0,0,134556
20041217,135461,2,135459,0,0,0,134560
20041213,135530,2,135528,0,0,0,134629
20041210,135532,2,135530,0,0,0,134631
20041207,135585,2,135583,0,0,0,134684
20041206,135617,2,135615,0,0,0,134716
20041203,135640,2,135638,0,0,0,134739
20041201,135730,2,135728,0,0,0,134829
20041130,135749,2,135747,0,0,0,134848
20041122,135785,2,135783,0,0,0,134884
20041119,135798,2,135796,0,0,0,134897
20041118,135902,2,135900,0,0,0,135001
20041116,135916,2,135914,0,0,0,135015
20041111,135935,2,135933,0,0,0,135034
20041109,135936,2,135934,0,0,0,135035
20041105,135979,2,135977,0,0,0,135078
20041103,136020,2,136018,0,0,0,135119
20041102,136032,0,136032,0,0,0,135131
20041101,136040,0,136040,0,0,0,135139
20041029,136080,0,136080,0,0,0,135179
20041027,136101,0,136101,0,0,0,135200
20041026,136103,0,136103,0,0,0,135202
20041025,136112,0,136112,0,0,0,135211
20041022,136125,0,136125,0,0,0,135224
20041021,136133,0,136133,0,0,0,135232
20041020,136136,0,136136,0,0,0,135235
20041019,136169,0,136169,0,0,0,135268
20041018,136216,0,136216,0,0,0,135315
20041015,136337,0,136337,0,0,0,135436
20041014,136367,0,136367,0,0,0,135466
20041008,136377,0,136377,0,0,0,135476
20041007,136395,0,136395,0,0,0,135494
20041006,136437,0,136437,0,0,0,135536
20041005,137460,0,137460,0,0,0,136559
20041004,137504,0,137504,0,0,0,136603
20040929,137514,0,137514,0,0,0,136613
20040924,137522,0,137522,0,0,0,136621
20040921,137547,0,137547,0,0,0,136646
20040916,137558,0,137558,0,0,0,136657
20040914,137646,0,137646,0,0,0,136745
20040910,137681,0,137681,0,0,0,136780
20040906,137685,0,137685,0,0,0,136784
20040902,137690,0,137690,0,0,0,136789
20040823,137695,0,137695,0,0,0,136794
20040820,137718,0,137718,0,0,0,136817
20040818,137760,0,137760,0,0,0,136859
20040817,137793,0,137793,0,0,0,136892
20040816,137857,0,137857,0,0,0,136956
20040813,137873,0,137873,0,0,0,136972
20040812,137892,0,137892,0,0,0,136991
20040811,137917,0,137917,0,0,0,137016
20040810,137920,0,137920,0,0,0,137019
20040809,137936,0,137936,0,0,0,137035
20040806,138013,0,138013,0,0,0,137112
20040805,138022,0,138022,0,0,0,137121
20040804,138077,0,138077,0,0,0,137176
20040803,138121,0,138121,0,0,0,137220
20040802,138123,0,138123,0,0,0,137222
20040730,138165,0,138165,0,0,0,137264
20040729,138189,0,138189,0,0,0,137288
20040728,138234,0,138234,0,0,0,137333
20040727,138245,0,138245,0,0,0,137344
20040726,138269,0,138269,0,0,0,137368
20040723,138271,0,138271,0,0,0,137370
20040722,138273,0,138273,0,0,0,137372
20040720,138305,0,138305,0,0,0,137404
20040719,138330,0,138330,0,0,0,137429
20040716,138364,0,138364,0,0,0,137463
20040712,138369,0,138369,0,0,0,137468
20040709,138372,0,138372,0,0,0,137471
20040708,138401,0,138401,0,0,0,137500
20040707,138418,0,138418,0,0,0,137517
20040706,138423,0,138423,0,0,0,137522
20040702,138485,0,138485,0,0,0,137584
20040701,138488,0,138488,0,0,0,137587
20040629,138492,0,138492,0,0,0,137591
20040623,138502,0,138502,0,0,0,137601
20040622,138514,0,138514,0,0,0,137613
20040617,138599,0,138599,0,0,0,137698
20040616,138601,0,138601,0,0,0,137700
20040615,138649,0,138649,0,0,0,137748
20040614,138659,0,138659,0,0,0,137758
20040611,138660,0,138660,0,0,0,137759
20040610,138665,0,138665,0,0,0,137764
20040609,138668,0,138668,0,0,0,137767
20040608,138672,0,138672,0,0,0,137771
20040607,138717,0,138717,0,0,0,137816
20040601,138738,0,138738,0,0,0,137837
20040602,138738,0,138738,0,0,0,137837
20040528,138742,0,138742,0,0,0,137841
20040526,138772,0,138772,0,0,0,137871
20040524,138797,0,138797,0,0,0,137896
20040519,138830,0,138830,0,0,0,137929
20040518,138853,0,138853,0,0,0,137952
20040514,138869,0,138869,0,0,0,137968
20040513,138913,0,138913,0,0,0,138012
20040512,138927,0,138927,0,0,0,138026
20040506,138941,0,138941,0,0,0,138040
20040430,138951,0,138951,0,0,0,138050
20040505,138951,0,138951,0,0,0,138050
20040427,139001,0,139001,0,0,0,138100
20040421,139026,0,139026,0,0,0,138125
20040420,139032,0,139032,0,0,0,138131
20040419,139048,0,139048,0,0,0,138147
20040416,139055,0,139055,0,0,0,138154
20040415,139065,0,139065,0,0,0,138164
20040414,139080,0,139080,0,0,0,138179
20040413,139103,0,139103,0,0,0,138202
20040408,139168,0,139168,0,0,0,138267
20040407,139204,0,139204,0,0,0,138303
20040406,139242,0,139242,0,0,0,138341
20040405,139280,0,139280,0,0,0,138379
20040330,139300,0,139300,0,0,0,138399
20040319,139344,0,139344,0,0,0,138443
20040317,139365,0,139365,0,0,0,138464
20040312,139371,0,139371,0,0,0,138470
20040311,139735,0,139735,0,0,0,138834
20040310,140096,0,140096,0,0,0,139195
20040309,140126,0,140126,0,0,0,139225
20040305,140143,0,140143,0,0,0,139242
20040303,140157,0,140157,0,0,0,139256
20040301,140165,0,140165,0,0,0,139264
20040227,140184,0,140184,0,0,0,139283
20040226,140217,0,140217,0,0,0,139316
20040224,140221,0,140221,0,0,0,139320
20040223,140268,0,140268,0,0,0,139367
20040220,140386,0,140386,0,0,0,139485
20040216,140390,0,140390,0,0,0,139489
20040212,140418,0,140418,0,0,0,139517
20040211,140424,0,140424,0,0,0,139523
20040205,140428,0,140428,0,0,0,139527
20040202,140461,0,140461,0,0,0,139560
20040129,140488,0,140488,0,0,0,139587
20040128,140491,0,140491,0,0,0,139590
20040122,140514,0,140514,0,0,0,139613
20040121,140515,0,140515,0,0,0,139614
20040116,140540,0,140540,0,0,0,139639
20031219,140548,0,140548,0,0,0,139647
20031216,140561,0,140561,0,0,0,139660
20031211,141539,0,141539,0,0,0,140638
20031202,141553,0,141553,0,0,0,140652
20031201,141562,0,141562,0,0,0,140661
20031128,141564,0,141564,0,0,0,140663
20031127,141572,0,141572,0,0,0,140671
20031125,141578,0,141578,0,0,0,140677
20031121,141690,0,141690,0,0,0,140789
20031118,141719,0,141719,0,0,0,140818
20031111,141755,0,141755,0,0,0,140854
20031107,141837,0,141837,0,0,0,140936
20031106,141879,0,141879,0,0,0,140978
20031103,141927,0,141927,0,0,0,141026
20031031,141950,0,141950,0,0,0,141049
20031023,141957,0,141957,0,0,0,141056
20031021,142000,0,142000,0,0,0,141099
20031002,142084,0,142084,0,0,0,141183
20030909,142111,0,142111,0,0,0,141210
20030908,142180,0,142180,0,0,0,141279
20030904,142210,0,142210,0,0,0,141309
20030827,142211,0,142211,0,0,0,141310
20030826,142236,0,142236,0,0,0,141335
20030822,142273,0,142273,0,0,0,141372
20030821,142712,0,142712,0,0,0,141811
20030820,142753,0,142753,0,0,0,141852
20030818,142755,0,142755,0,0,0,141854
20030814,142777,0,142777,0,0,0,141876
20030813,142862,0,142862,0,0,0,141961
20030811,142925,0,142925,0,0,0,142024
20030807,142943,0,142943,0,0,0,142042
20030806,142977,0,142977,0,0,0,142076
20030805,142986,0,142986,0,0,0,142085
20030804,143037,0,143037,0,0,0,142136
20030801,143065,0,143065,0,0,0,142164
20030729,143073,0,143073,0,0,0,142172
20030728,143105,0,143105,0,0,0,142204
20030724,143137,0,143137,0,0,0,142236
20030723,143155,0,143155,0,0,0,142254
20030722,143166,0,143166,0,0,0,142265
20030721,143179,0,143179,0,0,0,142278
20030717,143192,0,143192,0,0,0,142291
20030716,143202,0,143202,0,0,0,142301
20030709,143216,0,143216,0,0,0,142315
20030703,143244,0,143244,0,0,0,142343
20030702,143253,0,143253,0,0,0,142352
20030627,143262,0,143262,0,0,0,142361
20030623,143300,0,143300,0,0,0,142399
20030609,143305,0,143305,0,0,0,142404
20030523,143309,0,143309,0,0,0,142408
20030519,143316,0,143316,0,0,0,142415
20030428,143324,0,143324,0,0,0,142423
20030425,143369,0,143369,0,0,0,142468
20030424,143400,0,143400,0,0,0,142499
20030423,143431,0,143431,0,0,0,142530
20030422,143450,0,143450,0,0,0,142549
20030418,143470,0,143470,0,0,0,142569
20030404,143501,0,143501,0,0,0,142600
20030328,143561,0,143561,0,0,0,142660
20030327,143605,0,143605,0,0,0,142704
20030324,143630,0,143630,0,0,0,142729
20030319,143641,0,143641,0,0,0,142740
20030317,143681,0,143681,0,0,0,142780
20030306,143701,0,143701,0,0,0,142800
20030228,143724,0,143724,0,0,0,142823
20030217,143741,0,143741,0,0,0,142840
20030212,143749,0,143749,0,0,0,142848
20030206,143765,0,143765,0,0,0,142864
20030205,143782,0,143782,0,0,0,142881
20030130,143806,0,143806,0,0,0,142905
20030129,143816,0,143816,0,0,0,142915
20030121,143836,0,143836,0,0,0,142935
20030116,143844,0,143844,0,0,0,142943
20030110,143858,0,143858,0,0,0,142957
20030106,143875,0,143875,0,0,0,142974
20030103,143879,0,143879,0,0,0,142978
20021223,143883,0,143883,0,0,0,142982
20021218,143893,0,143893,0,0,0,142992
20021216,143902,0,143902,0,0,0,143001
20021129,143949,0,143949,0,0,0,143048
20021114,143964,0,143964,0,0,0,143063
20021107,143974,0,143974,0,0,0,143073
20021106,143978,0,143978,0,0,0,143077
20021105,144008,0,144008,0,0,0,143107
20021104,144029,0,144029,0,0,0,143128
20021014,144035,0,144035,0,0,0,143134
20021011,144052,0,144052,0,0,0,143151
20021004,144093,0,144093,0,0,0,143192
20020913,144102,0,144102,0,0,0,143201
20020906,144126,0,144126,0,0,0,143225
20020828,144137,0,144137,0,0,0,143236
20020827,144163,0,144163,0,0,0,143262
20020822,144166,0,144166,0,0,0,143265
20020821,144174,0,144174,0,0,0,143273
20020814,144195,0,144195,0,0,0,143294
20020808,144231,0,144231,0,0,0,143330
20020806,144233,0,144233,0,0,0,143332
20020731,144235,0,144235,0,0,0,143334
20020730,144254,0,144254,0,0,0,143353
20020627,144256,0,144256,0,0,0,143355
20020618,144303,0,144303,0,0,0,143402
20020612,144334,0,144334,0,0,0,143433
20020606,144350,0,144350,0,0,0,143449
20020605,144391,0,144391,0,0,0,143490
20020529,144406,0,144406,0,0,0,143505
20020522,144419,0,144419,0,0,0,143518
20020503,144423,0,144423,0,0,0,143522
20020502,144442,0,144442,0,0,0,143541
20020212,144446,0,144446,0,0,0,143545
20020129,144471,0,144471,0,0,0,143570
20020123,144474,0,144474,0,0,0,143573
20020117,144489,0,144489,0,0,0,143588
20020111,144498,0,144498,0,0,0,143597
20011217,144501,0,144501,0,0,0,143600
20011206,144509,0,144509,0,0,0,143608
20011120,144525,0,144525,0,0,0,143624
20011004,144527,0,144527,0,0,0,143626
20011002,144587,0,144587,0,0,0,143686
20010928,144619,0,144619,0,0,0,143718
20010926,144627,0,144627,0,0,0,143726
20010920,144631,0,144631,0,0,0,143730
20010918,144644,0,144644,0,0,0,143743
20010912,144648,0,144648,0,0,0,143747
20010906,144668,0,144668,0,0,0,143767
20010831,144679,0,144679,0,0,0,143778
20010830,144680,0,144680,0,0,0,143779
20010828,144725,0,144725,0,0,0,143824
20010824,144737,0,144737,0,0,0,143836
20010822,144746,0,144746,0,0,0,143845
20010821,144747,0,144747,0,0,0,143846
20010814,144795,0,144795,0,0,0,143894
20010813,144811,0,144811,0,0,0,143910
20000627,144844,0,144844,0,0,0,143943
