file_kind,category,value,count
GAF,Evidence_Code,TAS,92193
GAF,Evidence_Code,IEA,84378
GAF,Evidence_Code,IPI,74653
GAF,Evidence_Code,IDA,70739
GAF,Evidence_Code,IBA,20383
GAF,Evidence_Code,ISS,19585
GAF,Evidence_Code,IMP,16636
GAF,Evidence_Code,NAS,7430
GAF,Evidence_Code,ND,1858
GAF,Evidence_Code,IC,1369
GAF,Evidence_Code,EXP,1136
GAF,Evidence_Code,IGI,1120
GAF,Evidence_Code,IEP,946
GAF,Evidence_Code,IKR,14
GAF_BP,Evidence_Code,IEA,46510
GAF_BP,Evidence_Code,TAS,23449
GAF_BP,Evidence_Code,IDA,20671
GAF_BP,Evidence_Code,IMP,14838
GAF_BP,Evidence_Code,ISS,12462
GAF_BP,Evidence_Code,IBA,9155
GAF_BP,Evidence_Code,NAS,3604
GAF_BP,Evidence_Code,IGI,1035
GAF_BP,Evidence_Code,IEP,946
GAF_BP,Evidence_Code,IC,886
GAF_BP,Evidence_Code,ND,639
GAF_BP,Evidence_Code,IPI,90
GAF_BP,Evidence_Code,IKR,3
GAF,Aspect,P,134288
GAF,Aspect,F,129323
GAF,Aspect,C,128829
GAF,Qualifier,,388931
GAF,Qualifier,NOT,1327
GAF,Qualifier,colocalizes_with,1087
GAF,Qualifier,contributes_to,1069
GAF,Qualifier,NOT|contributes_to,15
GAF,Qualifier,NOT|colocalizes_with,11
GAF,Assigned_By,UniProt,127547
GAF,Assigned_By,Reactome,78075
GAF,Assigned_By,IntAct,55363
GAF,Assigned_By,Ensembl,39785
GAF,Assigned_By,BHF-UCL,24433
GAF,Assigned_By,GO_Central,20694
GAF,Assigned_By,PINC,10088
GAF,Assigned_By,InterPro,9907
GAF,Assigned_By,HPA,6644
GAF,Assigned_By,GOC,5318
GAF,Assigned_By,MGI,4325
GAF,Assigned_By,ParkinsonsUK-UCL,4003
GAF,Assigned_By,HGNC,2846
GAF,Assigned_By,AgBase,912
GAF,Assigned_By,CACAO,588
GAF,Assigned_By,NTNU_SB,531
GAF,Assigned_By,LIFEdb,448
GAF,Assigned_By,DFLAT,232
GAF,Assigned_By,FlyBase,198
GAF,Assigned_By,Alzheimers_University_of_Toronto,183
GAF,Assigned_By,SYSCILIA_CCNET,157
GAF,Assigned_By,WormBase,90
GAF,Assigned_By,GDB,29
GAF,Assigned_By,SGD,22
GAF,Assigned_By,MTBBASE,14
GAF,Assigned_By,dictyBase,7
GAF,Assigned_By,Roslin_Institute,1
GAF,Date,20160702,83745
GAF,Date,20160704,55363
GAF,Date,20130528,19482
GAF,Date,20160301,12540
GAF,Date,20130516,9869
GAF,Date,20030904,8314
GAF,Date,20130503,3127
GAF,Date,20130213,2376
GAF,Date,20140521,1834
GAF,Date,20140203,1699
GAF,Date,20131205,1450
GAF,Date,20150207,1257
GAF,Date,20140627,1171
GAF,Date,20140714,1169
GAF,Date,20110530,1129
GAF,Date,20130730,1080
GAF,Date,20131024,1051
GAF,Date,20101115,1028
GAF,Date,20050308,1005
GAF,Date,20061026,966
GAF,Date,20130801,944
GAF,Date,20141106,924
GAF,Date,20151016,890
GAF,Date,20031216,883
GAF,Date,20140730,776
GAF,Date,20141117,713
GAF,Date,20120912,687
GAF,Date,20130829,676
GAF,Date,20160525,676
GAF,Date,20160229,658
GAF,Date,20160423,633
GAF,Date,20150316,610
GAF,Date,20160309,600
GAF,Date,20100607,569
GAF,Date,20130729,562
GAF,Date,20111111,546
GAF,Date,20111102,506
GAF,Date,20150916,488
GAF,Date,20140927,481
GAF,Date,20140320,474
GAF,Date,20140925,474
GAF,Date,20110516,473
GAF,Date,20150225,463
GAF,Date,20150521,462
GAF,Date,20160118,454
GAF,Date,20151109,450
GAF,Date,20141113,433
GAF,Date,20130731,428
GAF,Date,20150909,426
GAF,Date,20140829,425
GAF,Date,20061106,421
GAF,Date,20150917,421
GAF,Date,20120708,415
GAF,Date,20120228,414
GAF,Date,20131029,412
GAF,Date,20150619,400
GAF,Date,20130523,395
GAF,Date,20140926,394
GAF,Date,20041006,391
GAF,Date,20150511,391
GAF,Date,20150424,389
GAF,Date,20100326,387
GAF,Date,20130802,375
GAF,Date,20150814,369
GAF,Date,20150818,369
GAF,Date,20140715,354
GAF,Date,20140729,346
GAF,Date,20140815,337
GAF,Date,20150408,327
GAF,Date,20140207,324
GAF,Date,20150722,317
GAF,Date,20141002,310
GAF,Date,20010823,308
GAF,Date,20130722,291
GAF,Date,20100517,290
GAF,Date,20101105,290
GAF,Date,20120118,285
GAF,Date,20140827,282
GAF,Date,20140924,279
GAF,Date,20150213,279
GAF,Date,20111121,278
GAF,Date,20110815,271
GAF,Date,20130311,271
GAF,Date,20150604,269
GAF,Date,20140603,263
GAF,Date,20141114,261
GAF,Date,20131220,259
GAF,Date,20141120,256
GAF,Date,20090422,248
GAF,Date,20141112,248
GAF,Date,20100614,244
GAF,Date,20150819,242
GAF,Date,20031119,240
GAF,Date,20150807,237
GAF,Date,20150422,235
GAF,Date,20080205,234
GAF,Date,20140731,231
GAF,Date,20160108,230
GAF,Date,20120221,222
GAF,Date,20150820,221
GAF,Date,20110517,219
GAF,Date,20110919,219
GAF,Date,20130524,218
GAF,Date,20141124,216
GAF,Date,20141203,216
GAF,Date,20150720,216
GAF,Date,20151030,215
GAF,Date,20061107,213
GAF,Date,20160428,212
GAF,Date,20080903,210
GAF,Date,20110427,210
GAF,Date,20110811,210
GAF,Date,20131213,210
GAF,Date,20091202,209
GAF,Date,20141029,209
GAF,Date,20150205,209
GAF,Date,20090528,208
GAF,Date,20140728,208
GAF,Date,20150320,208
GAF,Date,20120111,207
GAF,Date,20040811,205
GAF,Date,20110923,205
GAF,Date,20130716,204
GAF,Date,20111208,203
GAF,Date,20140402,201
GAF,Date,20160202,200
GAF,Date,20120127,197
GAF,Date,20140513,197
GAF,Date,20120920,195
GAF,Date,20141003,195
GAF,Date,20110818,193
GAF,Date,20130620,193
GAF,Date,20131211,193
GAF,Date,20150603,193
GAF,Date,20150805,193
GAF,Date,20140404,192
GAF,Date,20150901,192
GAF,Date,20140307,191
GAF,Date,20150330,191
GAF,Date,20110125,190
GAF,Date,20141212,190
GAF,Date,20090616,189
GAF,Date,20090826,189
GAF,Date,20110110,189
GAF,Date,20150709,188
GAF,Date,20110302,186
GAF,Date,20130529,186
GAF,Date,20130315,185
GAF,Date,20090721,184
GAF,Date,20150506,184
GAF,Date,20150911,184
GAF,Date,20151112,184
GAF,Date,20130513,181
GAF,Date,20140808,181
GAF,Date,20141219,181
GAF,Date,20160304,181
GAF,Date,20110317,180
GAF,Date,20110707,180
GAF,Date,20140903,180
GAF,Date,20140919,180
GAF,Date,20150313,180
GAF,Date,20160104,180
GAF,Date,20160601,180
GAF,Date,20090424,178
GAF,Date,20150206,178
GAF,Date,20150327,178
GAF,Date,20101217,177
GAF,Date,20110401,177
GAF,Date,20111213,176
GAF,Date,20130114,176
GAF,Date,20141205,176
GAF,Date,20150122,175
GAF,Date,20150414,175
GAF,Date,20140529,174
GAF,Date,20150317,174
GAF,Date,20150821,174
GAF,Date,20160128,174
GAF,Date,20160208,174
GAF,Date,20150514,173
GAF,Date,20021105,171
GAF,Date,20070906,171
GAF,Date,20110909,170
GAF,Date,20141210,170
GAF,Date,20130204,169
GAF,Date,20150812,169
GAF,Date,20140512,168
GAF,Date,20151009,167
GAF,Date,20111209,166
GAF,Date,20141217,166
GAF,Date,20110914,165
GAF,Date,20140519,165
GAF,Date,20130222,164
GAF,Date,20141204,163
GAF,Date,20100819,162
GAF,Date,20131223,162
GAF,Date,20090529,161
GAF,Date,20090803,160
GAF,Date,20090914,160
GAF,Date,20130902,160
GAF,Date,20111125,159
GAF,Date,20131206,159
GAF,Date,20140401,159
GAF,Date,20140701,159
GAF,Date,20150121,159
GAF,Date,20150717,159
GAF,Date,20150724,159
GAF,Date,20080902,158
GAF,Date,20140908,158
GAF,Date,20151125,157
GAF,Date,20100721,156
GAF,Date,20150303,156
GAF,Date,20160502,156
GAF,Date,20150515,155
GAF,Date,20110722,154
GAF,Date,20110706,153
GAF,Date,20150312,153
GAF,Date,20160616,153
GAF,Date,20160628,152
GAF,Date,20110913,150
GAF,Date,20121102,150
GAF,Date,20150528,149
GAF,Date,20150929,149
GAF,Date,20160307,149
GAF,Date,20111124,147
GAF,Date,20111202,147
GAF,Date,20120905,147
GAF,Date,20140523,146
GAF,Date,20140922,146
GAF,Date,20100203,145
GAF,Date,20130614,145
GAF,Date,20140109,145
GAF,Date,20130924,143
GAF,Date,20120730,142
GAF,Date,20141107,142
GAF,Date,20150522,142
GAF,Date,20150806,142
GAF,Date,20111206,141
GAF,Date,20120824,141
GAF,Date,20091117,140
GAF,Date,20110915,140
GAF,Date,20140514,140
GAF,Date,20051221,139
GAF,Date,20110121,139
GAF,Date,20120921,139
GAF,Date,20130517,139
GAF,Date,20061120,138
GAF,Date,20110624,138
GAF,Date,20110804,138
GAF,Date,20131209,138
GAF,Date,20110629,137
GAF,Date,20140515,137
GAF,Date,20140901,137
GAF,Date,20150429,137
GAF,Date,20150527,137
GAF,Date,20110926,136
GAF,Date,20090115,135
GAF,Date,20130130,135
GAF,Date,20140305,135
GAF,Date,20140813,134
GAF,Date,20150324,134
GAF,Date,20111103,133
GAF,Date,20151008,133
GAF,Date,20151102,133
GAF,Date,20140530,131
GAF,Date,20150708,131
GAF,Date,20100114,130
GAF,Date,20121022,130
GAF,Date,20150318,130
GAF,Date,20150519,130
GAF,Date,20070514,129
GAF,Date,20110719,129
GAF,Date,20120925,129
GAF,Date,20141031,129
GAF,Date,20150401,129
GAF,Date,20150715,129
GAF,Date,20091204,128
GAF,Date,20120120,128
GAF,Date,20150223,128
GAF,Date,20091119,127
GAF,Date,20100127,127
GAF,Date,20111104,127
GAF,Date,20131204,127
GAF,Date,20150623,127
GAF,Date,20150710,127
GAF,Date,20160209,127
GAF,Date,20160526,127
GAF,Date,20091203,126
GAF,Date,20101104,126
GAF,Date,20120112,126
GAF,Date,20120928,126
GAF,Date,20150723,126
GAF,Date,20160106,126
GAF,Date,20060111,125
GAF,Date,20110415,125
GAF,Date,20080926,124
GAF,Date,20091216,124
GAF,Date,20110418,124
GAF,Date,20120307,124
GAF,Date,20141209,124
GAF,Date,20151029,124
GAF,Date,20111130,123
GAF,Date,20151211,123
GAF,Date,20061024,122
GAF,Date,20100903,122
GAF,Date,20130624,122
GAF,Date,20150701,122
GAF,Date,20151127,122
GAF,Date,20100205,121
GAF,Date,20111117,121
GAF,Date,20130911,121
GAF,Date,20110912,120
GAF,Date,20120430,120
GAF,Date,20130830,120
GAF,Date,20130910,120
GAF,Date,20140912,120
GAF,Date,20100217,119
GAF,Date,20131210,119
GAF,Date,20140205,119
GAF,Date,20140522,119
GAF,Date,20150508,119
GAF,Date,20120427,118
GAF,Date,20150902,118
GAF,Date,20150220,117
GAF,Date,20151022,117
GAF,Date,20151119,117
GAF,Date,20100413,116
GAF,Date,20120329,116
GAF,Date,20130118,116
GAF,Date,20150309,116
GAF,Date,20110316,115
GAF,Date,20111223,115
GAF,Date,20130423,115
GAF,Date,20130502,115
GAF,Date,20140110,115
GAF,Date,20141023,115
GAF,Date,20150702,115
GAF,Date,20150727,115
GAF,Date,20150914,115
GAF,Date,20151218,115
GAF,Date,20100429,114
GAF,Date,20110224,114
GAF,Date,20140128,114
GAF,Date,20140811,114
GAF,Date,20081121,113
GAF,Date,20101221,113
GAF,Date,20110906,113
GAF,Date,20130718,113
GAF,Date,20130927,113
GAF,Date,20150319,113
GAF,Date,20150417,113
GAF,Date,20150910,113
GAF,Date,20090818,112
GAF,Date,20090907,112
GAF,Date,20100625,112
GAF,Date,20110314,112
GAF,Date,20130207,112
GAF,Date,20130522,112
GAF,Date,20131017,112
GAF,Date,20150421,112
GAF,Date,20150622,112
GAF,Date,20090205,111
GAF,Date,20110728,111
GAF,Date,20111116,111
GAF,Date,20150713,111
GAF,Date,20151215,111
GAF,Date,20160114,111
GAF,Date,20080818,110
GAF,Date,20090324,110
GAF,Date,20110111,110
GAF,Date,20110616,110
GAF,Date,20150615,110
GAF,Date,20151124,110
GAF,Date,20070403,109
GAF,Date,20080609,109
GAF,Date,20110414,109
GAF,Date,20111201,109
GAF,Date,20120110,109
GAF,Date,20120919,109
GAF,Date,20140422,109
GAF,Date,20150211,109
GAF,Date,20151126,109
GAF,Date,20151217,109
GAF,Date,20090720,108
GAF,Date,20141202,108
GAF,Date,20080626,107
GAF,Date,20100719,107
GAF,Date,20110718,107
GAF,Date,20121203,107
GAF,Date,20131129,107
GAF,Date,20140313,107
GAF,Date,20160421,107
GAF,Date,20070221,106
GAF,Date,20100204,106
GAF,Date,20110318,106
GAF,Date,20130110,106
GAF,Date,20060116,105
GAF,Date,20090811,105
GAF,Date,20111011,105
GAF,Date,20140804,105
GAF,Date,20150507,105
GAF,Date,20151012,105
GAF,Date,20071018,104
GAF,Date,20090505,104
GAF,Date,20090629,104
GAF,Date,20110429,104
GAF,Date,20120113,104
GAF,Date,20140220,104
GAF,Date,20140317,104
GAF,Date,20140909,104
GAF,Date,20150212,104
GAF,Date,20150728,104
GAF,Date,20150922,104
GAF,Date,20090406,103
GAF,Date,20110420,103
GAF,Date,20120119,103
GAF,Date,20130719,103
GAF,Date,20131122,103
GAF,Date,20140211,103
GAF,Date,20140710,103
GAF,Date,20141119,103
GAF,Date,20150216,103
GAF,Date,20080911,102
GAF,Date,20110126,102
GAF,Date,20110222,102
GAF,Date,20110907,102
GAF,Date,20120109,102
GAF,Date,20131118,102
GAF,Date,20131219,102
GAF,Date,20140612,102
GAF,Date,20140819,102
GAF,Date,20140916,102
GAF,Date,20090603,101
GAF,Date,20090805,101
GAF,Date,20091109,101
GAF,Date,20110114,101
GAF,Date,20110802,101
GAF,Date,20120105,101
GAF,Date,20130610,101
GAF,Date,20140117,101
GAF,Date,20140704,101
GAF,Date,20150311,101
GAF,Date,20150925,101
GAF,Date,20160608,101
GAF,Date,20091127,100
GAF,Date,20110329,100
GAF,Date,20110902,100
GAF,Date,20120726,100
GAF,Date,20140516,100
GAF,Date,20150219,100
GAF,Date,20150402,100
GAF,Date,20160609,100
GAF,Date,20050708,99
GAF,Date,20060112,99
GAF,Date,20090514,99
GAF,Date,20110426,99
GAF,Date,20121126,99
GAF,Date,20140103,99
GAF,Date,20140716,99
GAF,Date,20150202,99
GAF,Date,20150626,99
GAF,Date,20150810,99
GAF,Date,20060110,98
GAF,Date,20110124,98
GAF,Date,20130903,98
GAF,Date,20140331,98
GAF,Date,20140611,98
GAF,Date,20150105,98
GAF,Date,20151018,98
GAF,Date,20090723,97
GAF,Date,20100611,97
GAF,Date,20111003,97
GAF,Date,20130509,97
GAF,Date,20140113,97
GAF,Date,20140504,97
GAF,Date,20150129,97
GAF,Date,20160113,97
GAF,Date,20010824,96
GAF,Date,20090626,96
GAF,Date,20110117,96
GAF,Date,20110518,96
GAF,Date,20120123,96
GAF,Date,20120810,96
GAF,Date,20130621,96
GAF,Date,20140424,96
GAF,Date,20141105,96
GAF,Date,20150616,96
GAF,Date,20150624,96
GAF,Date,20150928,96
GAF,Date,20151103,96
GAF,Date,20041203,95
GAF,Date,20071114,95
GAF,Date,20080201,95
GAF,Date,20080623,95
GAF,Date,20090827,95
GAF,Date,20131126,95
GAF,Date,20141218,95
GAF,Date,20150204,95
GAF,Date,20150226,95
GAF,Date,20150618,95
GAF,Date,20150630,95
GAF,Date,20150918,95
GAF,Date,20160210,95
GAF,Date,20160506,95
GAF,Date,20061108,94
GAF,Date,20070220,94
GAF,Date,20080829,94
GAF,Date,20110413,94
GAF,Date,20110916,94
GAF,Date,20120126,94
GAF,Date,20120731,94
GAF,Date,20121116,94
GAF,Date,20140410,94
GAF,Date,20010912,93
GAF,Date,20031120,93
GAF,Date,20090429,93
GAF,Date,20091215,93
GAF,Date,20100514,93
GAF,Date,20120606,93
GAF,Date,20120727,93
GAF,Date,20130404,93
GAF,Date,20140508,93
GAF,Date,20141028,93
GAF,Date,20141110,93
GAF,Date,20150217,93
GAF,Date,20150305,93
GAF,Date,20151015,93
GAF,Date,20090427,92
GAF,Date,20100430,92
GAF,Date,20110307,92
GAF,Date,20120927,92
GAF,Date,20130206,92
GAF,Date,20150116,92
GAF,Date,20151214,92
GAF,Date,20050627,91
GAF,Date,20100603,91
GAF,Date,20100712,91
GAF,Date,20110403,91
GAF,Date,20111122,91
GAF,Date,20120319,91
GAF,Date,20120413,91
GAF,Date,20130327,91
GAF,Date,20131125,91
GAF,Date,20140221,91
GAF,Date,20140604,91
GAF,Date,20150415,91
GAF,Date,20020606,90
GAF,Date,20120104,90
GAF,Date,20140821,90
GAF,Date,20140826,90
GAF,Date,20140923,90
GAF,Date,20150106,90
GAF,Date,20150331,90
GAF,Date,20060428,89
GAF,Date,20061130,89
GAF,Date,20090511,89
GAF,Date,20090619,89
GAF,Date,20091007,89
GAF,Date,20100930,89
GAF,Date,20110204,89
GAF,Date,20110708,89
GAF,Date,20110901,89
GAF,Date,20110922,89
GAF,Date,20111024,89
GAF,Date,20111205,89
GAF,Date,20111216,89
GAF,Date,20120503,89
GAF,Date,20140505,89
GAF,Date,20140930,89
GAF,Date,20090325,88
GAF,Date,20101220,88
GAF,Date,20111214,88
GAF,Date,20130821,88
GAF,Date,20140806,88
GAF,Date,20150114,88
GAF,Date,20151117,88
GAF,Date,20080415,87
GAF,Date,20100728,87
GAF,Date,20101123,87
GAF,Date,20120517,87
GAF,Date,20130318,87
GAF,Date,20140828,87
GAF,Date,20141001,87
GAF,Date,20150326,87
GAF,Date,20151019,87
GAF,Date,20160613,87
GAF,Date,20050412,86
GAF,Date,20060317,86
GAF,Date,20090218,86
GAF,Date,20090724,86
GAF,Date,20101102,86
GAF,Date,20110824,86
GAF,Date,20120103,86
GAF,Date,20120312,86
GAF,Date,20130326,86
GAF,Date,20130906,86
GAF,Date,20141208,86
GAF,Date,20150430,86
GAF,Date,20150520,86
GAF,Date,20150605,86
GAF,Date,20070723,85
GAF,Date,20080919,85
GAF,Date,20100602,85
GAF,Date,20120530,85
GAF,Date,20120615,85
GAF,Date,20130227,85
GAF,Date,20131106,85
GAF,Date,20131121,85
GAF,Date,20151110,85
GAF,Date,20030822,84
GAF,Date,20090317,84
GAF,Date,20090706,84
GAF,Date,20101119,84
GAF,Date,20110330,84
GAF,Date,20120518,84
GAF,Date,20130125,84
GAF,Date,20140721,84
GAF,Date,20150203,84
GAF,Date,20160119,84
GAF,Date,20090625,83
GAF,Date,20101021,83
GAF,Date,20110323,83
GAF,Date,20110715,83
GAF,Date,20110830,83
GAF,Date,20120308,83
GAF,Date,20120314,83
GAF,Date,20130129,83
GAF,Date,20130211,83
GAF,Date,20130819,83
GAF,Date,20140415,83
GAF,Date,20140720,83
GAF,Date,20141111,83
GAF,Date,20160205,83
GAF,Date,20160602,83
GAF,Date,20040806,82
GAF,Date,20081128,82
GAF,Date,20090114,82
GAF,Date,20090824,82
GAF,Date,20100208,82
GAF,Date,20100426,82
GAF,Date,20100628,82
GAF,Date,20110823,82
GAF,Date,20120224,82
GAF,Date,20130307,82
GAF,Date,20150126,82
GAF,Date,20150210,82
GAF,Date,20150406,82
GAF,Date,20150611,82
GAF,Date,20150629,82
GAF,Date,20151116,82
GAF,Date,20090316,81
GAF,Date,20100219,81
GAF,Date,20100608,81
GAF,Date,20100609,81
GAF,Date,20110406,81
GAF,Date,20110920,81
GAF,Date,20121213,81
GAF,Date,20130205,81
GAF,Date,20140613,81
GAF,Date,20140709,81
GAF,Date,20140722,81
GAF,Date,20150218,81
GAF,Date,20150323,81
GAF,Date,20051209,80
GAF,Date,20080604,80
GAF,Date,20110120,80
GAF,Date,20110301,80
GAF,Date,20110812,80
GAF,Date,20111118,80
GAF,Date,20111220,80
GAF,Date,20120302,80
GAF,Date,20120601,80
GAF,Date,20120827,80
GAF,Date,20130613,80
GAF,Date,20131216,80
GAF,Date,20140605,80
GAF,Date,20150825,80
GAF,Date,20011002,79
GAF,Date,20050707,79
GAF,Date,20080310,79
GAF,Date,20080509,79
GAF,Date,20090330,79
GAF,Date,20100415,79
GAF,Date,20110825,79
GAF,Date,20110908,79
GAF,Date,20111211,79
GAF,Date,20121004,79
GAF,Date,20140112,79
GAF,Date,20140411,79
GAF,Date,20141127,79
GAF,Date,20141201,79
GAF,Date,20160107,79
GAF,Date,20160331,79
GAF,Date,20030404,78
GAF,Date,20080606,78
GAF,Date,20090312,78
GAF,Date,20100705,78
GAF,Date,20110428,78
GAF,Date,20110819,78
GAF,Date,20111031,78
GAF,Date,20130314,78
GAF,Date,20130704,78
GAF,Date,20131115,78
GAF,Date,20140409,78
GAF,Date,20140723,78
GAF,Date,20140724,78
GAF,Date,20140807,78
GAF,Date,20141006,78
GAF,Date,20150428,78
GAF,Date,20150602,78
GAF,Date,20150729,78
GAF,Date,20160112,78
GAF,Date,20080327,77
GAF,Date,20080928,77
GAF,Date,20090206,77
GAF,Date,20091030,77
GAF,Date,20110201,77
GAF,Date,20110405,77
GAF,Date,20110412,77
GAF,Date,20110512,77
GAF,Date,20120913,77
GAF,Date,20130111,77
GAF,Date,20130628,77
GAF,Date,20140915,77
GAF,Date,20150123,77
GAF,Date,20150127,77
GAF,Date,20160121,77
GAF,Date,20040312,76
GAF,Date,20080118,76
GAF,Date,20080121,76
GAF,Date,20080314,76
GAF,Date,20080402,76
GAF,Date,20090819,76
GAF,Date,20091130,76
GAF,Date,20101203,76
GAF,Date,20110810,76
GAF,Date,20111207,76
GAF,Date,20130805,76
GAF,Date,20140416,76
GAF,Date,20141118,76
GAF,Date,20050322,75
GAF,Date,20060315,75
GAF,Date,20100706,75
GAF,Date,20101008,75
GAF,Date,20110404,75
GAF,Date,20111115,75
GAF,Date,20120423,75
GAF,Date,20140319,75
GAF,Date,20141222,75
GAF,Date,20151024,75
GAF,Date,20060227,74
GAF,Date,20090731,74
GAF,Date,20090814,74
GAF,Date,20090901,74
GAF,Date,20110921,74
GAF,Date,20111114,74
GAF,Date,20111120,74
GAF,Date,20120305,74
GAF,Date,20120926,74
GAF,Date,20121220,74
GAF,Date,20130617,74
GAF,Date,20141024,74
GAF,Date,20150706,74
GAF,Date,20061204,73
GAF,Date,20081013,73
GAF,Date,20090420,73
GAF,Date,20090903,73
GAF,Date,20091126,73
GAF,Date,20100107,73
GAF,Date,20110304,73
GAF,Date,20110331,73
GAF,Date,20110803,73
GAF,Date,20110905,73
GAF,Date,20110929,73
GAF,Date,20150120,73
GAF,Date,20150310,73
GAF,Date,20160311,73
GAF,Date,20160606,73
GAF,Date,20040809,72
GAF,Date,20061117,72
GAF,Date,20070914,72
GAF,Date,20080624,72
GAF,Date,20081205,72
GAF,Date,20120322,72
GAF,Date,20120713,72
GAF,Date,20120914,72
GAF,Date,20130601,72
GAF,Date,20140825,72
GAF,Date,20140905,72
GAF,Date,20150923,72
GAF,Date,20151208,72
GAF,Date,20160125,72
GAF,Date,20040202,71
GAF,Date,20081007,71
GAF,Date,20090415,71
GAF,Date,20090716,71
GAF,Date,20090804,71
GAF,Date,20091102,71
GAF,Date,20100304,71
GAF,Date,20100528,71
GAF,Date,20110202,71
GAF,Date,20110208,71
GAF,Date,20110315,71
GAF,Date,20110411,71
GAF,Date,20111108,71
GAF,Date,20120806,71
GAF,Date,20131010,71
GAF,Date,20140219,71
GAF,Date,20140428,71
GAF,Date,20140506,71
GAF,Date,20140707,71
GAF,Date,20150610,71
GAF,Date,20160420,71
GAF,Date,20010927,70
GAF,Date,20050216,70
GAF,Date,20060206,70
GAF,Date,20080620,70
GAF,Date,20091209,70
GAF,Date,20100118,70
GAF,Date,20100707,70
GAF,Date,20110207,70
GAF,Date,20110223,70
GAF,Date,20110328,70
GAF,Date,20110808,70
GAF,Date,20111004,70
GAF,Date,20120801,70
GAF,Date,20121017,70
GAF,Date,20130909,70
GAF,Date,20131009,70
GAF,Date,20131030,70
GAF,Date,20141223,70
GAF,Date,20150930,70
GAF,Date,20160129,70
GAF,Date,20080923,69
GAF,Date,20090515,69
GAF,Date,20100708,69
GAF,Date,20100810,69
GAF,Date,20110419,69
GAF,Date,20120209,69
GAF,Date,20120521,69
GAF,Date,20130807,69
GAF,Date,20130828,69
GAF,Date,20131108,69
GAF,Date,20140206,69
GAF,Date,20140403,69
GAF,Date,20140910,69
GAF,Date,20150306,69
GAF,Date,20150413,69
GAF,Date,20160610,69
GAF,Date,20041206,68
GAF,Date,20061127,68
GAF,Date,20080530,68
GAF,Date,20080612,68
GAF,Date,20081119,68
GAF,Date,20101213,68
GAF,Date,20110322,68
GAF,Date,20111215,68
GAF,Date,20130329,68
GAF,Date,20130507,68
GAF,Date,20130521,68
GAF,Date,20130814,68
GAF,Date,20140702,68
GAF,Date,20140902,68
GAF,Date,20150115,68
GAF,Date,20150304,68
GAF,Date,20160422,68
GAF,Date,20061115,67
GAF,Date,20070321,67
GAF,Date,20081107,67
GAF,Date,20090107,67
GAF,Date,20090219,67
GAF,Date,20090306,67
GAF,Date,20090430,67
GAF,Date,20091116,67
GAF,Date,20100806,67
GAF,Date,20110503,67
GAF,Date,20111010,67
GAF,Date,20111017,67
GAF,Date,20111221,67
GAF,Date,20120229,67
GAF,Date,20120404,67
GAF,Date,20121119,67
GAF,Date,20121219,67
GAF,Date,20130308,67
GAF,Date,20130618,67
GAF,Date,20131202,67
GAF,Date,20131212,67
GAF,Date,20140321,67
GAF,Date,20140507,67
GAF,Date,20140805,67
GAF,Date,20140918,67
GAF,Date,20150518,67
GAF,Date,20150707,67
GAF,Date,20151028,67
GAF,Date,20060301,66
GAF,Date,20070807,66
GAF,Date,20080521,66
GAF,Date,20080718,66
GAF,Date,20090630,66
GAF,Date,20110711,66
GAF,Date,20111110,66
GAF,Date,20120402,66
GAF,Date,20120409,66
GAF,Date,20120620,66
GAF,Date,20130606,66
GAF,Date,20130705,66
GAF,Date,20140618,66
GAF,Date,20150109,66
GAF,Date,20150307,66
GAF,Date,20150512,66
GAF,Date,20060124,65
GAF,Date,20061205,65
GAF,Date,20091118,65
GAF,Date,20091207,65
GAF,Date,20100325,65
GAF,Date,20100624,65
GAF,Date,20100729,65
GAF,Date,20101006,65
GAF,Date,20110321,65
GAF,Date,20110520,65
GAF,Date,20110614,65
GAF,Date,20120106,65
GAF,Date,20120203,65
GAF,Date,20120217,65
GAF,Date,20140115,65
GAF,Date,20140226,65
GAF,Date,20160405,65
GAF,Date,20060308,64
GAF,Date,20090519,64
GAF,Date,20091120,64
GAF,Date,20100128,64
GAF,Date,20100730,64
GAF,Date,20110816,64
GAF,Date,20111028,64
GAF,Date,20120210,64
GAF,Date,20130723,64
GAF,Date,20140322,64
GAF,Date,20141010,64
GAF,Date,20150113,64
GAF,Date,20151203,64
GAF,Date,20160323,64
GAF,Date,20060403,63
GAF,Date,20080820,63
GAF,Date,20090507,63
GAF,Date,20090727,63
GAF,Date,20091002,63
GAF,Date,20091105,63
GAF,Date,20100113,63
GAF,Date,20100507,63
GAF,Date,20100920,63
GAF,Date,20110112,63
GAF,Date,20111212,63
GAF,Date,20120206,63
GAF,Date,20120607,63
GAF,Date,20120723,63
GAF,Date,20121121,63
GAF,Date,20131002,63
GAF,Date,20131224,63
GAF,Date,20140623,63
GAF,Date,20141211,63
GAF,Date,20151014,63
GAF,Date,20010831,62
GAF,Date,20060207,62
GAF,Date,20081218,62
GAF,Date,20090116,62
GAF,Date,20090714,62
GAF,Date,20090825,62
GAF,Date,20091029,62
GAF,Date,20091112,62
GAF,Date,20100120,62
GAF,Date,20100218,62
GAF,Date,20100311,62
GAF,Date,20120531,62
GAF,Date,20140325,62
GAF,Date,20141017,62
GAF,Date,20141027,62
GAF,Date,20160427,62
GAF,Date,20030424,61
GAF,Date,20051220,61
GAF,Date,20070328,61
GAF,Date,20071023,61
GAF,Date,20080414,61
GAF,Date,20090121,61
GAF,Date,20090204,61
GAF,Date,20091214,61
GAF,Date,20110107,61
GAF,Date,20110817,61
GAF,Date,20120116,61
GAF,Date,20120220,61
GAF,Date,20140210,61
GAF,Date,20140324,61
GAF,Date,20140417,61
GAF,Date,20140528,61
GAF,Date,20140717,61
GAF,Date,20140911,61
GAF,Date,20141103,61
GAF,Date,20150903,61
GAF,Date,20150904,61
GAF,Date,20151118,61
GAF,Date,20151210,61
GAF,Date,20020528,60
GAF,Date,20041119,60
GAF,Date,20041130,60
GAF,Date,20060425,60
GAF,Date,20060426,60
GAF,Date,20061109,60
GAF,Date,20061114,60
GAF,Date,20070418,60
GAF,Date,20070608,60
GAF,Date,20071001,60
GAF,Date,20080528,60
GAF,Date,20080909,60
GAF,Date,20081219,60
GAF,Date,20090326,60
GAF,Date,20090710,60
GAF,Date,20100726,60
GAF,Date,20110218,60
GAF,Date,20120609,60
GAF,Date,20131203,60
GAF,Date,20140812,60
GAF,Date,20160330,60
GAF,Date,20050221,59
GAF,Date,20070516,59
GAF,Date,20080516,59
GAF,Date,20080613,59
GAF,Date,20080821,59
GAF,Date,20100315,59
GAF,Date,20100524,59
GAF,Date,20110215,59
GAF,Date,20110623,59
GAF,Date,20140129,59
GAF,Date,20140822,59
GAF,Date,20141008,59
GAF,Date,20150112,59
GAF,Date,20150714,59
GAF,Date,20151113,59
GAF,Date,20160103,59
GAF,Date,20011004,58
GAF,Date,20050923,58
GAF,Date,20080915,58
GAF,Date,20090820,58
GAF,Date,20090909,58
GAF,Date,20091110,58
GAF,Date,20100209,58
GAF,Date,20100312,58
GAF,Date,20100929,58
GAF,Date,20110221,58
GAF,Date,20110607,58
GAF,Date,20110704,58
GAF,Date,20120223,58
GAF,Date,20120420,58
GAF,Date,20120501,58
GAF,Date,20120924,58
GAF,Date,20121008,58
GAF,Date,20130626,58
GAF,Date,20130717,58
GAF,Date,20140326,58
GAF,Date,20150601,58
GAF,Date,20160504,58
GAF,Date,20051122,57
GAF,Date,20071126,57
GAF,Date,20080130,57
GAF,Date,20080306,57
GAF,Date,20090421,57
GAF,Date,20091211,57
GAF,Date,20091218,57
GAF,Date,20100408,57
GAF,Date,20110127,57
GAF,Date,20110203,57
GAF,Date,20110805,57
GAF,Date,20120629,57
GAF,Date,20120710,57
GAF,Date,20130418,57
GAF,Date,20130703,57
GAF,Date,20140725,57
GAF,Date,20141216,57
GAF,Date,20150731,57
GAF,Date,20160523,57
GAF,Date,20010919,56
GAF,Date,20010924,56
GAF,Date,20060120,56
GAF,Date,20061006,56
GAF,Date,20080215,56
GAF,Date,20080512,56
GAF,Date,20081017,56
GAF,Date,20081106,56
GAF,Date,20081126,56
GAF,Date,20090216,56
GAF,Date,20090508,56
GAF,Date,20110621,56
GAF,Date,20110831,56
GAF,Date,20120320,56
GAF,Date,20121214,56
GAF,Date,20130304,56
GAF,Date,20130424,56
GAF,Date,20130708,56
GAF,Date,20130816,56
GAF,Date,20140122,56
GAF,Date,20140312,56
GAF,Date,20140527,56
GAF,Date,20140929,56
GAF,Date,20141007,56
GAF,Date,20141104,56
GAF,Date,20150811,56
GAF,Date,20151006,56
GAF,Date,20160517,56
GAF,Date,20070813,55
GAF,Date,20080311,55
GAF,Date,20080522,55
GAF,Date,20081217,55
GAF,Date,20100215,55
GAF,Date,20100604,55
GAF,Date,20101004,55
GAF,Date,20110615,55
GAF,Date,20110622,55
GAF,Date,20110720,55
GAF,Date,20111007,55
GAF,Date,20120117,55
GAF,Date,20120424,55
GAF,Date,20121015,55
GAF,Date,20130510,55
GAF,Date,20131112,55
GAF,Date,20140820,55
GAF,Date,20150509,55
GAF,Date,20150804,55
GAF,Date,20060818,54
GAF,Date,20061214,54
GAF,Date,20080811,54
GAF,Date,20091009,54
GAF,Date,20091210,54
GAF,Date,20100108,54
GAF,Date,20100201,54
GAF,Date,20100329,54
GAF,Date,20101018,54
GAF,Date,20110309,54
GAF,Date,20110927,54
GAF,Date,20111006,54
GAF,Date,20111014,54
GAF,Date,20120130,54
GAF,Date,20120215,54
GAF,Date,20120315,54
GAF,Date,20120613,54
GAF,Date,20121106,54
GAF,Date,20130218,54
GAF,Date,20130417,54
GAF,Date,20130605,54
GAF,Date,20130619,54
GAF,Date,20131201,54
GAF,Date,20131218,54
GAF,Date,20140131,54
GAF,Date,20140204,54
GAF,Date,20140223,54
GAF,Date,20150130,54
GAF,Date,20150721,54
GAF,Date,20150730,54
GAF,Date,20150921,54
GAF,Date,20051129,53
GAF,Date,20060117,53
GAF,Date,20060228,53
GAF,Date,20060508,53
GAF,Date,20070912,53
GAF,Date,20080131,53
GAF,Date,20081003,53
GAF,Date,20081203,53
GAF,Date,20090807,53
GAF,Date,20091124,53
GAF,Date,20100322,53
GAF,Date,20110627,53
GAF,Date,20111129,53
GAF,Date,20120720,53
GAF,Date,20130823,53
GAF,Date,20131127,53
GAF,Date,20140327,53
GAF,Date,20141126,53
GAF,Date,20150302,53
GAF,Date,20160122,53
GAF,Date,20160215,53
GAF,Date,20160322,53
GAF,Date,20160531,53
GAF,Date,20040430,52
GAF,Date,20060717,52
GAF,Date,20070124,52
GAF,Date,20080429,52
GAF,Date,20081114,52
GAF,Date,20090428,52
GAF,Date,20090717,52
GAF,Date,20090904,52
GAF,Date,20100104,52
GAF,Date,20100722,52
GAF,Date,20101013,52
GAF,Date,20110119,52
GAF,Date,20110310,52
GAF,Date,20120417,52
GAF,Date,20120822,52
GAF,Date,20121024,52
GAF,Date,20130320,52
GAF,Date,20140502,52
GAF,Date,20140703,52
GAF,Date,20140814,52
GAF,Date,20150617,52
GAF,Date,20150718,52
GAF,Date,20150908,52
GAF,Date,20160105,52
GAF,Date,20160111,52
GAF,Date,20160621,52
GAF,Date,20010921,51
GAF,Date,20051109,51
GAF,Date,20060404,51
GAF,Date,20071016,51
GAF,Date,20071122,51
GAF,Date,20080602,51
GAF,Date,20090209,51
GAF,Date,20091019,51
GAF,Date,20091123,51
GAF,Date,20100323,51
GAF,Date,20100510,51
GAF,Date,20100820,51
GAF,Date,20101125,51
GAF,Date,20110628,51
GAF,Date,20120316,51
GAF,Date,20120321,51
GAF,Date,20120808,51
GAF,Date,20121127,51
GAF,Date,20131004,51
GAF,Date,20150227,51
GAF,Date,20150423,51
GAF,Date,20150529,51
GAF,Date,20160211,51
GAF,Date,20010913,50
GAF,Date,20010918,50
GAF,Date,20011003,50
GAF,Date,20040311,50
GAF,Date,20050214,50
GAF,Date,20060223,50
GAF,Date,20060821,50
GAF,Date,20061113,50
GAF,Date,20080519,50
GAF,Date,20100115,50
GAF,Date,20100317,50
GAF,Date,20100422,50
GAF,Date,20100601,50
GAF,Date,20100914,50
GAF,Date,20110225,50
GAF,Date,20111123,50
GAF,Date,20120213,50
GAF,Date,20120327,50
GAF,Date,20120523,50
GAF,Date,20130612,50
GAF,Date,20131011,50
GAF,Date,20131120,50
GAF,Date,20140818,50
GAF,Date,20141016,50
GAF,Date,20150609,50
GAF,Date,20010920,49
GAF,Date,20040415,49
GAF,Date,20050218,49
GAF,Date,20070305,49
GAF,Date,20080312,49
GAF,Date,20080425,49
GAF,Date,20091020,49
GAF,Date,20100111,49
GAF,Date,20100126,49
GAF,Date,20110527,49
GAF,Date,20110712,49
GAF,Date,20110714,49
GAF,Date,20120608,49
GAF,Date,20120716,49
GAF,Date,20130108,49
GAF,Date,20130809,49
GAF,Date,20131031,49
GAF,Date,20140106,49
GAF,Date,20140304,49
GAF,Date,20150827,49
GAF,Date,20151021,49
GAF,Date,20151023,49
GAF,Date,20160223,49
GAF,Date,20160318,49
GAF,Date,20040817,48
GAF,Date,20060104,48
GAF,Date,20060316,48
GAF,Date,20090617,48
GAF,Date,20100301,48
GAF,Date,20100319,48
GAF,Date,20101014,48
GAF,Date,20110504,48
GAF,Date,20120403,48
GAF,Date,20120418,48
GAF,Date,20120816,48
GAF,Date,20140228,48
GAF,Date,20140306,48
GAF,Date,20140617,48
GAF,Date,20140801,48
GAF,Date,20141009,48
GAF,Date,20141030,48
GAF,Date,20150224,48
GAF,Date,20150409,48
GAF,Date,20150513,48
GAF,Date,20160510,48
GAF,Date,20160527,48
GAF,Date,20010925,47
GAF,Date,20030814,47
GAF,Date,20050331,47
GAF,Date,20051118,47
GAF,Date,20060106,47
GAF,Date,20061201,47
GAF,Date,20080514,47
GAF,Date,20090203,47
GAF,Date,20090608,47
GAF,Date,20091012,47
GAF,Date,20100423,47
GAF,Date,20100917,47
GAF,Date,20110210,47
GAF,Date,20120508,47
GAF,Date,20120611,47
GAF,Date,20120821,47
GAF,Date,20121016,47
GAF,Date,20121207,47
GAF,Date,20121212,47
GAF,Date,20130116,47
GAF,Date,20130212,47
GAF,Date,20130904,47
GAF,Date,20140218,47
GAF,Date,20140606,47
GAF,Date,20141022,47
GAF,Date,20150209,47
GAF,Date,20150427,47
GAF,Date,20151027,47
GAF,Date,20160218,47
GAF,Date,20160222,47
GAF,Date,20160321,47
GAF,Date,20010905,46
GAF,Date,20050715,46
GAF,Date,20060130,46
GAF,Date,20060424,46
GAF,Date,20060509,46
GAF,Date,20061012,46
GAF,Date,20080403,46
GAF,Date,20080507,46
GAF,Date,20080616,46
GAF,Date,20081129,46
GAF,Date,20091104,46
GAF,Date,20091201,46
GAF,Date,20100715,46
GAF,Date,20100825,46
GAF,Date,20101029,46
GAF,Date,20110128,46
GAF,Date,20110228,46
GAF,Date,20110809,46
GAF,Date,20110904,46
GAF,Date,20120621,46
GAF,Date,20130305,46
GAF,Date,20130325,46
GAF,Date,20130422,46
GAF,Date,20130508,46
GAF,Date,20130625,46
GAF,Date,20131105,46
GAF,Date,20140111,46
GAF,Date,20151202,46
GAF,Date,20160201,46
GAF,Date,20160607,46
GAF,Date,20010903,45
GAF,Date,20010928,45
GAF,Date,20020618,45
GAF,Date,20040129,45
GAF,Date,20060103,45
GAF,Date,20060208,45
GAF,Date,20060719,45
GAF,Date,20080625,45
GAF,Date,20081031,45
GAF,Date,20081207,45
GAF,Date,20081208,45
GAF,Date,20090618,45
GAF,Date,20100622,45
GAF,Date,20100727,45
GAF,Date,20120618,45
GAF,Date,20120815,45
GAF,Date,20120910,45
GAF,Date,20121123,45
GAF,Date,20130813,45
GAF,Date,20131114,45
GAF,Date,20140711,45
GAF,Date,20150416,45
GAF,Date,20150608,45
GAF,Date,20151002,45
GAF,Date,20151106,45
GAF,Date,20010929,44
GAF,Date,20021104,44
GAF,Date,20031118,44
GAF,Date,20060131,44
GAF,Date,20071002,44
GAF,Date,20071221,44
GAF,Date,20080124,44
GAF,Date,20080812,44
GAF,Date,20110113,44
GAF,Date,20110118,44
GAF,Date,20110325,44
GAF,Date,20120510,44
GAF,Date,20120706,44
GAF,Date,20121018,44
GAF,Date,20121023,44
GAF,Date,20130226,44
GAF,Date,20130301,44
GAF,Date,20130914,44
GAF,Date,20131015,44
GAF,Date,20140130,44
GAF,Date,20140630,44
GAF,Date,20141014,44
GAF,Date,20141215,44
GAF,Date,20150817,44
GAF,Date,20151105,44
GAF,Date,20160115,44
GAF,Date,20160212,44
GAF,Date,20160524,44
GAF,Date,20060302,43
GAF,Date,20070302,43
GAF,Date,20071017,43
GAF,Date,20080225,43
GAF,Date,20080307,43
GAF,Date,20090225,43
GAF,Date,20090709,43
GAF,Date,20091125,43
GAF,Date,20100121,43
GAF,Date,20100212,43
GAF,Date,20100303,43
GAF,Date,20100310,43
GAF,Date,20100629,43
GAF,Date,20101005,43
GAF,Date,20110131,43
GAF,Date,20110506,43
GAF,Date,20120717,43
GAF,Date,20121128,43
GAF,Date,20130328,43
GAF,Date,20130815,43
GAF,Date,20130822,43
GAF,Date,20131107,43
GAF,Date,20140212,43
GAF,Date,20141121,43
GAF,Date,20160120,43
GAF,Date,20010830,42
GAF,Date,20040225,42
GAF,Date,20060809,42
GAF,Date,20071120,42
GAF,Date,20080214,42
GAF,Date,20080502,42
GAF,Date,20080707,42
GAF,Date,20080725,42
GAF,Date,20080917,42
GAF,Date,20081104,42
GAF,Date,20081118,42
GAF,Date,20090120,42
GAF,Date,20090318,42
GAF,Date,20090729,42
GAF,Date,20091014,42
GAF,Date,20091115,42
GAF,Date,20100202,42
GAF,Date,20100714,42
GAF,Date,20110123,42
GAF,Date,20110721,42
GAF,Date,20120222,42
GAF,Date,20120504,42
GAF,Date,20120719,42
GAF,Date,20121005,42
GAF,Date,20121120,42
GAF,Date,20130121,42
GAF,Date,20130710,42
GAF,Date,20131003,42
GAF,Date,20131008,42
GAF,Date,20150612,42
GAF,Date,20151001,42
GAF,Date,20151223,42
GAF,Date,20010822,41
GAF,Date,20010904,41
GAF,Date,20041005,41
GAF,Date,20050418,41
GAF,Date,20050519,41
GAF,Date,20060220,41
GAF,Date,20060906,41
GAF,Date,20061215,41
GAF,Date,20070125,41
GAF,Date,20080111,41
GAF,Date,20080610,41
GAF,Date,20081024,41
GAF,Date,20090501,41
GAF,Date,20090915,41
GAF,Date,20091113,41
GAF,Date,20100222,41
GAF,Date,20110103,41
GAF,Date,20110822,41
GAF,Date,20120917,41
GAF,Date,20130201,41
GAF,Date,20130313,41
GAF,Date,20130627,41
GAF,Date,20140120,41
GAF,Date,20140214,41
GAF,Date,20140904,41
GAF,Date,20141015,41
GAF,Date,20150625,41
GAF,Date,20150915,41
GAF,Date,20160217,41
GAF,Date,20160225,41
GAF,Date,20020906,40
GAF,Date,20021018,40
GAF,Date,20031107,40
GAF,Date,20050927,40
GAF,Date,20060118,40
GAF,Date,20070730,40
GAF,Date,20080605,40
GAF,Date,20080801,40
GAF,Date,20080822,40
GAF,Date,20090304,40
GAF,Date,20100130,40
GAF,Date,20101109,40
GAF,Date,20101122,40
GAF,Date,20110105,40
GAF,Date,20110214,40
GAF,Date,20110216,40
GAF,Date,20110407,40
GAF,Date,20110525,40
GAF,Date,20120514,40
GAF,Date,20120625,40
GAF,Date,20120718,40
GAF,Date,20130415,40
GAF,Date,20130808,40
GAF,Date,20140921,40
GAF,Date,20150420,40
GAF,Date,20151020,40
GAF,Date,20151222,40
GAF,Date,20160419,40
GAF,Date,20160614,40
GAF,Date,20040405,39
GAF,Date,20051115,39
GAF,Date,20060113,39
GAF,Date,20060628,39
GAF,Date,20061116,39
GAF,Date,20070521,39
GAF,Date,20070911,39
GAF,Date,20080107,39
GAF,Date,20080827,39
GAF,Date,20090703,39
GAF,Date,20101015,39
GAF,Date,20101206,39
GAF,Date,20110408,39
GAF,Date,20110729,39
GAF,Date,20111105,39
GAF,Date,20111107,39
GAF,Date,20120803,39
GAF,Date,20121002,39
GAF,Date,20121101,39
GAF,Date,20130109,39
GAF,Date,20130128,39
GAF,Date,20130916,39
GAF,Date,20140301,39
GAF,Date,20140311,39
GAF,Date,20141125,39
GAF,Date,20160324,39
GAF,Date,20031111,38
GAF,Date,20040727,38
GAF,Date,20040820,38
GAF,Date,20060216,38
GAF,Date,20070913,38
GAF,Date,20071022,38
GAF,Date,20080102,38
GAF,Date,20080123,38
GAF,Date,20080803,38
GAF,Date,20081021,38
GAF,Date,20090309,38
GAF,Date,20090605,38
GAF,Date,20090902,38
GAF,Date,20100407,38
GAF,Date,20100617,38
GAF,Date,20100804,38
GAF,Date,20101101,38
GAF,Date,20110209,38
GAF,Date,20110217,38
GAF,Date,20110220,38
GAF,Date,20111019,38
GAF,Date,20120124,38
GAF,Date,20120323,38
GAF,Date,20120809,38
GAF,Date,20130515,38
GAF,Date,20150325,38
GAF,Date,20150505,38
GAF,Date,20150716,38
GAF,Date,20160615,38
GAF,Date,20011001,37
GAF,Date,20060310,37
GAF,Date,20060525,37
GAF,Date,20060707,37
GAF,Date,20061206,37
GAF,Date,20070605,37
GAF,Date,20070808,37
GAF,Date,20080228,37
GAF,Date,20080428,37
GAF,Date,20080924,37
GAF,Date,20090812,37
GAF,Date,20091021,37
GAF,Date,20091027,37
GAF,Date,20100129,37
GAF,Date,20100226,37
GAF,Date,20100412,37
GAF,Date,20100610,37
GAF,Date,20100623,37
GAF,Date,20100630,37
GAF,Date,20101007,37
GAF,Date,20101020,37
GAF,Date,20101022,37
GAF,Date,20101208,37
GAF,Date,20110620,37
GAF,Date,20120622,37
GAF,Date,20120918,37
GAF,Date,20121130,37
GAF,Date,20130419,37
GAF,Date,20130925,37
GAF,Date,20131119,37
GAF,Date,20140227,37
GAF,Date,20140429,37
GAF,Date,20140520,37
GAF,Date,20150822,37
GAF,Date,20150924,37
GAF,Date,20151120,37
GAF,Date,20160622,37
GAF,Date,20010926,36
GAF,Date,20040308,36
GAF,Date,20060524,36
GAF,Date,20060616,36
GAF,Date,20061123,36
GAF,Date,20070509,36
GAF,Date,20071220,36
GAF,Date,20080618,36
GAF,Date,20090403,36
GAF,Date,20090521,36
GAF,Date,20090713,36
GAF,Date,20090806,36
GAF,Date,20090821,36
GAF,Date,20090921,36
GAF,Date,20100506,36
GAF,Date,20100701,36
GAF,Date,20100723,36
GAF,Date,20101116,36
GAF,Date,20110601,36
GAF,Date,20110617,36
GAF,Date,20111012,36
GAF,Date,20120214,36
GAF,Date,20120516,36
GAF,Date,20120802,36
GAF,Date,20121112,36
GAF,Date,20121205,36
GAF,Date,20130104,36
GAF,Date,20130918,36
GAF,Date,20140224,36
GAF,Date,20150526,36
GAF,Date,20151123,36
GAF,Date,20151221,36
GAF,Date,20160126,36
GAF,Date,20160303,36
GAF,Date,20160530,36
GAF,Date,20030403,35
GAF,Date,20030813,35
GAF,Date,20050428,35
GAF,Date,20060209,35
GAF,Date,20060222,35
GAF,Date,20060405,35
GAF,Date,20060811,35
GAF,Date,20061121,35
GAF,Date,20070420,35
GAF,Date,20070814,35
GAF,Date,20071026,35
GAF,Date,20080206,35
GAF,Date,20081216,35
GAF,Date,20090227,35
GAF,Date,20090323,35
GAF,Date,20100210,35
GAF,Date,20100211,35
GAF,Date,20100316,35
GAF,Date,20101210,35
GAF,Date,20110710,35
GAF,Date,20111018,35
GAF,Date,20120216,35
GAF,Date,20120410,35
GAF,Date,20120702,35
GAF,Date,20120814,35
GAF,Date,20121012,35
GAF,Date,20121026,35
GAF,Date,20121109,35
GAF,Date,20130306,35
GAF,Date,20130426,35
GAF,Date,20140423,35
GAF,Date,20141021,35
GAF,Date,20160127,35
GAF,Date,20160224,35
GAF,Date,20160302,35
GAF,Date,20021106,34
GAF,Date,20021218,34
GAF,Date,20050526,34
GAF,Date,20060410,34
GAF,Date,20061010,34
GAF,Date,20070102,34
GAF,Date,20070918,34
GAF,Date,20071113,34
GAF,Date,20080407,34
GAF,Date,20080731,34
GAF,Date,20080810,34
GAF,Date,20080904,34
GAF,Date,20081202,34
GAF,Date,20090707,34
GAF,Date,20100906,34
GAF,Date,20110324,34
GAF,Date,20110524,34
GAF,Date,20110928,34
GAF,Date,20111222,34
GAF,Date,20120207,34
GAF,Date,20120328,34
GAF,Date,20120419,34
GAF,Date,20120813,34
GAF,Date,20130123,34
GAF,Date,20130124,34
GAF,Date,20131023,34
GAF,Date,20131104,34
GAF,Date,20140213,34
GAF,Date,20140408,34
GAF,Date,20140509,34
GAF,Date,20140602,34
GAF,Date,20140624,34
GAF,Date,20151129,34
GAF,Date,20010817,33
GAF,Date,20050114,33
GAF,Date,20050609,33
GAF,Date,20060224,33
GAF,Date,20060822,33
GAF,Date,20061103,33
GAF,Date,20070606,33
GAF,Date,20071128,33
GAF,Date,20080129,33
GAF,Date,20080630,33
GAF,Date,20081103,33
GAF,Date,20081209,33
GAF,Date,20090122,33
GAF,Date,20090313,33
GAF,Date,20090817,33
GAF,Date,20100409,33
GAF,Date,20100621,33
GAF,Date,20100916,33
GAF,Date,20110505,33
GAF,Date,20110829,33
GAF,Date,20110930,33
GAF,Date,20111005,33
GAF,Date,20111101,33
GAF,Date,20120515,33
GAF,Date,20120626,33
GAF,Date,20130405,33
GAF,Date,20130709,33
GAF,Date,20140217,33
GAF,Date,20140225,33
GAF,Date,20140620,33
GAF,Date,20140718,33
GAF,Date,20150813,33
GAF,Date,20151026,33
GAF,Date,20151207,33
GAF,Date,20040223,32
GAF,Date,20051124,32
GAF,Date,20060306,32
GAF,Date,20060915,32
GAF,Date,20061102,32
GAF,Date,20061122,32
GAF,Date,20070115,32
GAF,Date,20070411,32
GAF,Date,20080421,32
GAF,Date,20080529,32
GAF,Date,20080714,32
GAF,Date,20080815,32
GAF,Date,20080918,32
GAF,Date,20081127,32
GAF,Date,20090108,32
GAF,Date,20090730,32
GAF,Date,20100216,32
GAF,Date,20100702,32
GAF,Date,20100713,32
GAF,Date,20100817,32
GAF,Date,20110106,32
GAF,Date,20110826,32
GAF,Date,20120416,32
GAF,Date,20130827,32
GAF,Date,20130912,32
GAF,Date,20131111,32
GAF,Date,20150119,32
GAF,Date,20160511,32
GAF,Date,20010828,31
GAF,Date,20040709,31
GAF,Date,20050921,31
GAF,Date,20051202,31
GAF,Date,20051206,31
GAF,Date,20061009,31
GAF,Date,20071210,31
GAF,Date,20080506,31
GAF,Date,20080912,31
GAF,Date,20081015,31
GAF,Date,20081124,31
GAF,Date,20090611,31
GAF,Date,20090828,31
GAF,Date,20090911,31
GAF,Date,20091023,31
GAF,Date,20100224,31
GAF,Date,20100302,31
GAF,Date,20100321,31
GAF,Date,20100428,31
GAF,Date,20100525,31
GAF,Date,20100902,31
GAF,Date,20110311,31
GAF,Date,20120306,31
GAF,Date,20120425,31
GAF,Date,20120605,31
GAF,Date,20120709,31
GAF,Date,20130117,31
GAF,Date,20130219,31
GAF,Date,20130416,31
GAF,Date,20130715,31
GAF,Date,20140107,31
GAF,Date,20140116,31
GAF,Date,20141115,31
GAF,Date,20150703,31
GAF,Date,20150828,31
GAF,Date,20151007,31
GAF,Date,20151130,31
GAF,Date,20160219,31
GAF,Date,20010813,30
GAF,Date,20030909,30
GAF,Date,20040804,30
GAF,Date,20050603,30
GAF,Date,20051010,30
GAF,Date,20051103,30
GAF,Date,20051222,30
GAF,Date,20060712,30
GAF,Date,20060904,30
GAF,Date,20061213,30
GAF,Date,20070711,30
GAF,Date,20071115,30
GAF,Date,20080122,30
GAF,Date,20080723,30
GAF,Date,20080828,30
GAF,Date,20080908,30
GAF,Date,20080914,30
GAF,Date,20090211,30
GAF,Date,20090305,30
GAF,Date,20090518,30
GAF,Date,20090623,30
GAF,Date,20091223,30
GAF,Date,20100305,30
GAF,Date,20100504,30
GAF,Date,20100505,30
GAF,Date,20100527,30
GAF,Date,20100809,30
GAF,Date,20101011,30
GAF,Date,20110509,30
GAF,Date,20110630,30
GAF,Date,20110725,30
GAF,Date,20120614,30
GAF,Date,20121001,30
GAF,Date,20130531,30
GAF,Date,20130913,30
GAF,Date,20140406,30
GAF,Date,20151209,30
GAF,Date,20010814,29
GAF,Date,20021023,29
GAF,Date,20030804,29
GAF,Date,20031110,29
GAF,Date,20040319,29
GAF,Date,20040406,29
GAF,Date,20050323,29
GAF,Date,20050809,29
GAF,Date,20051123,29
GAF,Date,20060331,29
GAF,Date,20070523,29
GAF,Date,20070809,29
GAF,Date,20071012,29
GAF,Date,20071025,29
GAF,Date,20080422,29
GAF,Date,20080520,29
GAF,Date,20080724,29
GAF,Date,20081110,29
GAF,Date,20090212,29
GAF,Date,20090220,29
GAF,Date,20090527,29
GAF,Date,20090924,29
GAF,Date,20100401,29
GAF,Date,20100823,29
GAF,Date,20101001,29
GAF,Date,20101117,29
GAF,Date,20101118,29
GAF,Date,20101124,29
GAF,Date,20110421,29
GAF,Date,20120507,29
GAF,Date,20120528,29
GAF,Date,20120711,29
GAF,Date,20121129,29
GAF,Date,20121221,29
GAF,Date,20130215,29
GAF,Date,20130409,29
GAF,Date,20140310,29
GAF,Date,20140407,29
GAF,Date,20140616,29
GAF,Date,20140708,29
GAF,Date,20140917,29
GAF,Date,20150826,29
GAF,Date,20151201,29
GAF,Date,20160630,29
GAF,Date,20010820,28
GAF,Date,20030821,28
GAF,Date,20031125,28
GAF,Date,20031204,28
GAF,Date,20050224,28
GAF,Date,20050408,28
GAF,Date,20050701,28
GAF,Date,20051216,28
GAF,Date,20060705,28
GAF,Date,20060911,28
GAF,Date,20060926,28
GAF,Date,20061004,28
GAF,Date,20070205,28
GAF,Date,20071123,28
GAF,Date,20071129,28
GAF,Date,20080109,28
GAF,Date,20081212,28
GAF,Date,20090510,28
GAF,Date,20090708,28
GAF,Date,20090922,28
GAF,Date,20091005,28
GAF,Date,20091006,28
GAF,Date,20091111,28
GAF,Date,20100420,28
GAF,Date,20101108,28
GAF,Date,20101215,28
GAF,Date,20101229,28
GAF,Date,20110303,28
GAF,Date,20120131,28
GAF,Date,20120525,28
GAF,Date,20121115,28
GAF,Date,20130220,28
GAF,Date,20130312,28
GAF,Date,20130701,28
GAF,Date,20130724,28
GAF,Date,20131013,28
GAF,Date,20131113,28
GAF,Date,20131227,28
GAF,Date,20150501,28
GAF,Date,20150824,28
GAF,Date,20151216,28
GAF,Date,20160603,28
GAF,Date,20160620,28
GAF,Date,20010917,27
GAF,Date,20011005,27
GAF,Date,20030716,27
GAF,Date,20030729,27
GAF,Date,20031121,27
GAF,Date,20040407,27
GAF,Date,20051205,27
GAF,Date,20060119,27
GAF,Date,20060726,27
GAF,Date,20070131,27
GAF,Date,20070410,27
GAF,Date,20071213,27
GAF,Date,20080104,27
GAF,Date,20080204,27
GAF,Date,20080430,27
GAF,Date,20080527,27
GAF,Date,20080916,27
GAF,Date,20090929,27
GAF,Date,20100922,27
GAF,Date,20110531,27
GAF,Date,20110828,27
GAF,Date,20120304,27
GAF,Date,20120411,27
GAF,Date,20121211,27
GAF,Date,20130214,27
GAF,Date,20130603,27
GAF,Date,20130905,27
GAF,Date,20131230,27
GAF,Date,20140625,27
GAF,Date,20151104,27
GAF,Date,20160629,27
GAF,Date,20010816,26
GAF,Date,20031128,26
GAF,Date,20050606,26
GAF,Date,20060320,26
GAF,Date,20060725,26
GAF,Date,20061124,26
GAF,Date,20070206,26
GAF,Date,20070322,26
GAF,Date,20071205,26
GAF,Date,20080219,26
GAF,Date,20080226,26
GAF,Date,20080716,26
GAF,Date,20090520,26
GAF,Date,20100331,26
GAF,Date,20100414,26
GAF,Date,20110213,26
GAF,Date,20111013,26
GAF,Date,20111109,26
GAF,Date,20120509,26
GAF,Date,20121113,26
GAF,Date,20131007,26
GAF,Date,20131014,26
GAF,Date,20131231,26
GAF,Date,20140121,26
GAF,Date,20140124,26
GAF,Date,20140323,26
GAF,Date,20150530,26
GAF,Date,20150704,26
GAF,Date,20150803,26
GAF,Date,20151005,26
GAF,Date,20151025,26
GAF,Date,20160310,26
GAF,Date,20160312,26
GAF,Date,20160624,26
GAF,Date,20021111,25
GAF,Date,20031106,25
GAF,Date,20040416,25
GAF,Date,20040421,25
GAF,Date,20040514,25
GAF,Date,20041201,25
GAF,Date,20050222,25
GAF,Date,20050531,25
GAF,Date,20051104,25
GAF,Date,20051116,25
GAF,Date,20060109,25
GAF,Date,20060601,25
GAF,Date,20060724,25
GAF,Date,20060823,25
GAF,Date,20060925,25
GAF,Date,20070927,25
GAF,Date,20071011,25
GAF,Date,20080227,25
GAF,Date,20081020,25
GAF,Date,20081105,25
GAF,Date,20090423,25
GAF,Date,20090612,25
GAF,Date,20100308,25
GAF,Date,20100520,25
GAF,Date,20110511,25
GAF,Date,20110606,25
GAF,Date,20120125,25
GAF,Date,20120301,25
GAF,Date,20120502,25
GAF,Date,20120701,25
GAF,Date,20120703,25
GAF,Date,20120725,25
GAF,Date,20130920,25
GAF,Date,20140102,25
GAF,Date,20140314,25
GAF,Date,20140430,25
GAF,Date,20150107,25
GAF,Date,20150108,25
GAF,Date,20150215,25
GAF,Date,20160617,25
GAF,Date,20010821,24
GAF,Date,20020904,24
GAF,Date,20030428,24
GAF,Date,20040305,24
GAF,Date,20040512,24
GAF,Date,20040805,24
GAF,Date,20041018,24
GAF,Date,20041109,24
GAF,Date,20051212,24
GAF,Date,20051214,24
GAF,Date,20060123,24
GAF,Date,20060214,24
GAF,Date,20070402,24
GAF,Date,20070504,24
GAF,Date,20070515,24
GAF,Date,20070713,24
GAF,Date,20080103,24
GAF,Date,20080213,24
GAF,Date,20080410,24
GAF,Date,20080424,24
GAF,Date,20080704,24
GAF,Date,20081006,24
GAF,Date,20090126,24
GAF,Date,20090213,24
GAF,Date,20090226,24
GAF,Date,20090302,24
GAF,Date,20090408,24
GAF,Date,20100309,24
GAF,Date,20100618,24
GAF,Date,20100803,24
GAF,Date,20100826,24
GAF,Date,20100915,24
GAF,Date,20101112,24
GAF,Date,20101202,24
GAF,Date,20111025,24
GAF,Date,20120313,24
GAF,Date,20120511,24
GAF,Date,20120724,24
GAF,Date,20121118,24
GAF,Date,20121217,24
GAF,Date,20130103,24
GAF,Date,20131101,24
GAF,Date,20140425,24
GAF,Date,20140726,24
GAF,Date,20160315,24
GAF,Date,20160406,24
GAF,Date,20160408,24
GAF,Date,20010829,23
GAF,Date,20040408,23
GAF,Date,20040813,23
GAF,Date,20041217,23
GAF,Date,20050217,23
GAF,Date,20051223,23
GAF,Date,20060221,23
GAF,Date,20060303,23
GAF,Date,20060512,23
GAF,Date,20060713,23
GAF,Date,20060913,23
GAF,Date,20061011,23
GAF,Date,20070104,23
GAF,Date,20070105,23
GAF,Date,20070112,23
GAF,Date,20070129,23
GAF,Date,20080328,23
GAF,Date,20080417,23
GAF,Date,20081016,23
GAF,Date,20081022,23
GAF,Date,20081223,23
GAF,Date,20090702,23
GAF,Date,20090715,23
GAF,Date,20100225,23
GAF,Date,20100924,23
GAF,Date,20110523,23
GAF,Date,20110713,23
GAF,Date,20120330,23
GAF,Date,20120828,23
GAF,Date,20130806,23
GAF,Date,20130926,23
GAF,Date,20151111,23
GAF,Date,20040224,22
GAF,Date,20040513,22
GAF,Date,20040706,22
GAF,Date,20040910,22
GAF,Date,20050812,22
GAF,Date,20051004,22
GAF,Date,20051102,22
GAF,Date,20060105,22
GAF,Date,20061212,22
GAF,Date,20070119,22
GAF,Date,20070209,22
GAF,Date,20070412,22
GAF,Date,20070712,22
GAF,Date,20070824,22
GAF,Date,20071003,22
GAF,Date,20071121,22
GAF,Date,20080730,22
GAF,Date,20080808,22
GAF,Date,20080910,22
GAF,Date,20081029,22
GAF,Date,20090416,22
GAF,Date,20090722,22
GAF,Date,20090810,22
GAF,Date,20091106,22
GAF,Date,20100105,22
GAF,Date,20100330,22
GAF,Date,20100716,22
GAF,Date,20100818,22
GAF,Date,20101110,22
GAF,Date,20101130,22
GAF,Date,20101209,22
GAF,Date,20101222,22
GAF,Date,20110211,22
GAF,Date,20110502,22
GAF,Date,20111020,22
GAF,Date,20111026,22
GAF,Date,20111029,22
GAF,Date,20111128,22
GAF,Date,20120604,22
GAF,Date,20120807,22
GAF,Date,20121019,22
GAF,Date,20121122,22
GAF,Date,20121218,22
GAF,Date,20130321,22
GAF,Date,20131022,22
GAF,Date,20131025,22
GAF,Date,20140108,22
GAF,Date,20141129,22
GAF,Date,20150407,22
GAF,Date,20150418,22
GAF,Date,20030703,21
GAF,Date,20030815,21
GAF,Date,20030818,21
GAF,Date,20040128,21
GAF,Date,20040524,21
GAF,Date,20040916,21
GAF,Date,20050613,21
GAF,Date,20050623,21
GAF,Date,20050624,21
GAF,Date,20050704,21
GAF,Date,20050721,21
GAF,Date,20050722,21
GAF,Date,20060322,21
GAF,Date,20060324,21
GAF,Date,20060918,21
GAF,Date,20070108,21
GAF,Date,20070122,21
GAF,Date,20070219,21
GAF,Date,20070426,21
GAF,Date,20070719,21
GAF,Date,20071203,21
GAF,Date,20071212,21
GAF,Date,20080711,21
GAF,Date,20090522,21
GAF,Date,20090615,21
GAF,Date,20091008,21
GAF,Date,20091222,21
GAF,Date,20100718,21
GAF,Date,20100824,21
GAF,Date,20100928,21
GAF,Date,20101214,21
GAF,Date,20110308,21
GAF,Date,20111009,21
GAF,Date,20120227,21
GAF,Date,20120627,21
GAF,Date,20120823,21
GAF,Date,20121011,21
GAF,Date,20130412,21
GAF,Date,20130511,21
GAF,Date,20130726,21
GAF,Date,20140328,21
GAF,Date,20141020,21
GAF,Date,20150816,21
GAF,Date,20151013,21
GAF,Date,20151231,21
GAF,Date,20160520,21
GAF,Date,20020605,20
GAF,Date,20021112,20
GAF,Date,20031201,20
GAF,Date,20040112,20
GAF,Date,20040816,20
GAF,Date,20041019,20
GAF,Date,20050413,20
GAF,Date,20050523,20
GAF,Date,20050906,20
GAF,Date,20060213,20
GAF,Date,20060711,20
GAF,Date,20060714,20
GAF,Date,20070117,20
GAF,Date,20070201,20
GAF,Date,20070329,20
GAF,Date,20070704,20
GAF,Date,20080408,20
GAF,Date,20081109,20
GAF,Date,20100324,20
GAF,Date,20100419,20
GAF,Date,20100421,20
GAF,Date,20100503,20
GAF,Date,20100923,20
GAF,Date,20101028,20
GAF,Date,20101129,20
GAF,Date,20120309,20
GAF,Date,20120817,20
GAF,Date,20120903,20
GAF,Date,20130208,20
GAF,Date,20130228,20
GAF,Date,20130319,20
GAF,Date,20130711,20
GAF,Date,20141102,20
GAF,Date,20141128,20
GAF,Date,20141207,20
GAF,Date,20150831,20
GAF,Date,20010809,19
GAF,Date,20040413,19
GAF,Date,20040707,19
GAF,Date,20040722,19
GAF,Date,20040730,19
GAF,Date,20041129,19
GAF,Date,20050920,19
GAF,Date,20050928,19
GAF,Date,20051019,19
GAF,Date,20051111,19
GAF,Date,20060201,19
GAF,Date,20060314,19
GAF,Date,20060323,19
GAF,Date,20060530,19
GAF,Date,20060831,19
GAF,Date,20070110,19
GAF,Date,20070202,19
GAF,Date,20070806,19
GAF,Date,20071116,19
GAF,Date,20080110,19
GAF,Date,20080303,19
GAF,Date,20080326,19
GAF,Date,20080331,19
GAF,Date,20080508,19
GAF,Date,20080721,19
GAF,Date,20090119,19
GAF,Date,20090701,19
GAF,Date,20090917,19
GAF,Date,20090918,19
GAF,Date,20100827,19
GAF,Date,20101012,19
GAF,Date,20110104,19
GAF,Date,20110430,19
GAF,Date,20110510,19
GAF,Date,20110613,19
GAF,Date,20110701,19
GAF,Date,20111228,19
GAF,Date,20120205,19
GAF,Date,20120406,19
GAF,Date,20121025,19
GAF,Date,20130607,19
GAF,Date,20130826,19
GAF,Date,20131016,19
GAF,Date,20131020,19
GAF,Date,20140114,19
GAF,Date,20140501,19
GAF,Date,20140626,19
GAF,Date,20151204,19
GAF,Date,20160204,19
GAF,Date,20160325,19
GAF,Date,20160407,19
GAF,Date,20160411,19
GAF,Date,20160425,19
GAF,Date,20020731,18
GAF,Date,20031211,18
GAF,Date,20040622,18
GAF,Date,20040819,18
GAF,Date,20040914,18
GAF,Date,20041207,18
GAF,Date,20050520,18
GAF,Date,20050711,18
GAF,Date,20051108,18
GAF,Date,20060307,18
GAF,Date,20060313,18
GAF,Date,20060407,18
GAF,Date,20060419,18
GAF,Date,20060602,18
GAF,Date,20060619,18
GAF,Date,20060912,18
GAF,Date,20070627,18
GAF,Date,20070801,18
GAF,Date,20071112,18
GAF,Date,20080929,18
GAF,Date,20090719,18
GAF,Date,20090930,18
GAF,Date,20100521,18
GAF,Date,20100531,18
GAF,Date,20100805,18
GAF,Date,20100901,18
GAF,Date,20101230,18
GAF,Date,20110726,18
GAF,Date,20120408,18
GAF,Date,20120704,18
GAF,Date,20130210,18
GAF,Date,20130221,18
GAF,Date,20130712,18
GAF,Date,20130921,18
GAF,Date,20140118,18
GAF,Date,20160216,18
GAF,Date,20160404,18
GAF,Date,20160418,18
GAF,Date,20010911,17
GAF,Date,20030702,17
GAF,Date,20031127,17
GAF,Date,20040708,17
GAF,Date,20040818,17
GAF,Date,20051130,17
GAF,Date,20060126,17
GAF,Date,20060329,17
GAF,Date,20060522,17
GAF,Date,20060526,17
GAF,Date,20060905,17
GAF,Date,20061003,17
GAF,Date,20061230,17
GAF,Date,20070123,17
GAF,Date,20071108,17
GAF,Date,20080212,17
GAF,Date,20091016,17
GAF,Date,20091028,17
GAF,Date,20100512,17
GAF,Date,20100513,17
GAF,Date,20100907,17
GAF,Date,20101223,17
GAF,Date,20110519,17
GAF,Date,20110618,17
GAF,Date,20111027,17
GAF,Date,20120201,17
GAF,Date,20120907,17
GAF,Date,20121030,17
GAF,Date,20121210,17
GAF,Date,20130403,17
GAF,Date,20130410,17
GAF,Date,20131110,17
GAF,Date,20140303,17
GAF,Date,20140526,17
GAF,Date,20140619,17
GAF,Date,20150104,17
GAF,Date,20150208,17
GAF,Date,20151230,17
GAF,Date,20160426,17
GAF,Date,20160513,17
GAF,Date,20011018,16
GAF,Date,20020827,16
GAF,Date,20021010,16
GAF,Date,20030728,16
GAF,Date,20030811,16
GAF,Date,20040802,16
GAF,Date,20041202,16
GAF,Date,20050127,16
GAF,Date,20050302,16
GAF,Date,20050303,16
GAF,Date,20050503,16
GAF,Date,20050504,16
GAF,Date,20050518,16
GAF,Date,20050607,16
GAF,Date,20050608,16
GAF,Date,20050614,16
GAF,Date,20051128,16
GAF,Date,20051207,16
GAF,Date,20060125,16
GAF,Date,20060202,16
GAF,Date,20060411,16
GAF,Date,20060728,16
GAF,Date,20060919,16
GAF,Date,20070404,16
GAF,Date,20070405,16
GAF,Date,20070810,16
GAF,Date,20070910,16
GAF,Date,20071024,16
GAF,Date,20080304,16
GAF,Date,20080703,16
GAF,Date,20080722,16
GAF,Date,20090130,16
GAF,Date,20090610,16
GAF,Date,20090624,16
GAF,Date,20090813,16
GAF,Date,20091013,16
GAF,Date,20091217,16
GAF,Date,20100106,16
GAF,Date,20100122,16
GAF,Date,20100125,16
GAF,Date,20100709,16
GAF,Date,20100908,16
GAF,Date,20101031,16
GAF,Date,20101216,16
GAF,Date,20110705,16
GAF,Date,20120212,16
GAF,Date,20120426,16
GAF,Date,20120705,16
GAF,Date,20121029,16
GAF,Date,20130812,16
GAF,Date,20140414,16
GAF,Date,20150128,16
GAF,Date,20150907,16
GAF,Date,20160308,16
GAF,Date,20160516,16
GAF,Date,20160518,16
GAF,Date,20030121,15
GAF,Date,20031202,15
GAF,Date,20041105,15
GAF,Date,20050527,15
GAF,Date,20050720,15
GAF,Date,20051213,15
GAF,Date,20060215,15
GAF,Date,20060810,15
GAF,Date,20060920,15
GAF,Date,20061002,15
GAF,Date,20061211,15
GAF,Date,20061219,15
GAF,Date,20070330,15
GAF,Date,20070604,15
GAF,Date,20070830,15
GAF,Date,20071005,15
GAF,Date,20071127,15
GAF,Date,20080125,15
GAF,Date,20080128,15
GAF,Date,20080207,15
GAF,Date,20080211,15
GAF,Date,20080826,15
GAF,Date,20090112,15
GAF,Date,20090210,15
GAF,Date,20100615,15
GAF,Date,20101103,15
GAF,Date,20101201,15
GAF,Date,20111021,15
GAF,Date,20111127,15
GAF,Date,20120102,15
GAF,Date,20120911,15
GAF,Date,20121204,15
GAF,Date,20130131,15
GAF,Date,20130425,15
GAF,Date,20130611,15
GAF,Date,20131217,15
GAF,Date,20140609,15
GAF,Date,20150912,15
GAF,Date,20160401,15
GAF,Date,20160414,15
GAF,Date,20010810,14
GAF,Date,20020502,14
GAF,Date,20021017,14
GAF,Date,20030114,14
GAF,Date,20030408,14
GAF,Date,20030425,14
GAF,Date,20030805,14
GAF,Date,20030808,14
GAF,Date,20040219,14
GAF,Date,20040310,14
GAF,Date,20040519,14
GAF,Date,20040921,14
GAF,Date,20040927,14
GAF,Date,20040928,14
GAF,Date,20041020,14
GAF,Date,20041103,14
GAF,Date,20041118,14
GAF,Date,20050202,14
GAF,Date,20050316,14
GAF,Date,20050421,14
GAF,Date,20050426,14
GAF,Date,20050628,14
GAF,Date,20051110,14
GAF,Date,20060502,14
GAF,Date,20060605,14
GAF,Date,20060608,14
GAF,Date,20061030,14
GAF,Date,20061218,14
GAF,Date,20070222,14
GAF,Date,20070417,14
GAF,Date,20080603,14
GAF,Date,20080816,14
GAF,Date,20080922,14
GAF,Date,20080925,14
GAF,Date,20090127,14
GAF,Date,20090320,14
GAF,Date,20090331,14
GAF,Date,20090417,14
GAF,Date,20090601,14
GAF,Date,20090609,14
GAF,Date,20091129,14
GAF,Date,20091208,14
GAF,Date,20100318,14
GAF,Date,20100811,14
GAF,Date,20100913,14
GAF,Date,20110514,14
GAF,Date,20110801,14
GAF,Date,20120128,14
GAF,Date,20120208,14
GAF,Date,20120712,14
GAF,Date,20121003,14
GAF,Date,20130102,14
GAF,Date,20130122,14
GAF,Date,20130919,14
GAF,Date,20131103,14
GAF,Date,20150201,14
GAF,Date,20150329,14
GAF,Date,20150410,14
GAF,Date,20150504,14
GAF,Date,20160509,14
GAF,Date,20160521,14
GAF,Date,20160627,14
GAF,Date,20010815,13
GAF,Date,20021101,13
GAF,Date,20030328,13
GAF,Date,20030807,13
GAF,Date,20030826,13
GAF,Date,20040226,13
GAF,Date,20040422,13
GAF,Date,20040428,13
GAF,Date,20040525,13
GAF,Date,20040528,13
GAF,Date,20040719,13
GAF,Date,20040810,13
GAF,Date,20040812,13
GAF,Date,20041004,13
GAF,Date,20050630,13
GAF,Date,20050825,13
GAF,Date,20051208,13
GAF,Date,20060721,13
GAF,Date,20060803,13
GAF,Date,20060928,13
GAF,Date,20061013,13
GAF,Date,20061221,13
GAF,Date,20070103,13
GAF,Date,20070226,13
GAF,Date,20070301,13
GAF,Date,20070309,13
GAF,Date,20070312,13
GAF,Date,20070524,13
GAF,Date,20070803,13
GAF,Date,20070919,13
GAF,Date,20071130,13
GAF,Date,20071217,13
GAF,Date,20080409,13
GAF,Date,20080416,13
GAF,Date,20080614,13
GAF,Date,20081117,13
GAF,Date,20081210,13
GAF,Date,20090524,13
GAF,Date,20100223,13
GAF,Date,20101207,13
GAF,Date,20111030,13
GAF,Date,20120612,13
GAF,Date,20121206,13
GAF,Date,20130107,13
GAF,Date,20130702,13
GAF,Date,20151224,13
GAF,Date,20160316,13
GAF,Date,20020507,12
GAF,Date,20020702,12
GAF,Date,20020919,12
GAF,Date,20030827,12
GAF,Date,20031002,12
GAF,Date,20040203,12
GAF,Date,20040216,12
GAF,Date,20040420,12
GAF,Date,20040608,12
GAF,Date,20041025,12
GAF,Date,20050118,12
GAF,Date,20050131,12
GAF,Date,20050204,12
GAF,Date,20050324,12
GAF,Date,20050329,12
GAF,Date,20050930,12
GAF,Date,20051021,12
GAF,Date,20060523,12
GAF,Date,20060731,12
GAF,Date,20060817,12
GAF,Date,20060922,12
GAF,Date,20060929,12
GAF,Date,20061101,12
GAF,Date,20061227,12
GAF,Date,20070130,12
GAF,Date,20070419,12
GAF,Date,20070510,12
GAF,Date,20070601,12
GAF,Date,20070615,12
GAF,Date,20080114,12
GAF,Date,20080313,12
GAF,Date,20080423,12
GAF,Date,20080627,12
GAF,Date,20080717,12
GAF,Date,20080804,12
GAF,Date,20081010,12
GAF,Date,20090728,12
GAF,Date,20091022,12
GAF,Date,20100112,12
GAF,Date,20100909,12
GAF,Date,20100910,12
GAF,Date,20100921,12
GAF,Date,20101228,12
GAF,Date,20110206,12
GAF,Date,20110212,12
GAF,Date,20110522,12
GAF,Date,20110526,12
GAF,Date,20120412,12
GAF,Date,20121107,12
GAF,Date,20130203,12
GAF,Date,20130917,12
GAF,Date,20131018,12
GAF,Date,20131028,12
GAF,Date,20131109,12
GAF,Date,20131207,12
GAF,Date,20140405,12
GAF,Date,20140610,12
GAF,Date,20151017,12
GAF,Date,20151228,12
GAF,Date,20160130,12
GAF,Date,20160314,12
GAF,Date,20160503,12
GAF,Date,20021029,11
GAF,Date,20030801,11
GAF,Date,20031021,11
GAF,Date,20031205,11
GAF,Date,20031208,11
GAF,Date,20040309,11
GAF,Date,20040419,11
GAF,Date,20040616,11
GAF,Date,20040917,11
GAF,Date,20041101,11
GAF,Date,20041124,11
GAF,Date,20050301,11
GAF,Date,20050610,11
GAF,Date,20050719,11
GAF,Date,20051018,11
GAF,Date,20051028,11
GAF,Date,20051117,11
GAF,Date,20060321,11
GAF,Date,20060518,11
GAF,Date,20060829,11
GAF,Date,20061129,11
GAF,Date,20061208,11
GAF,Date,20070116,11
GAF,Date,20070503,11
GAF,Date,20070611,11
GAF,Date,20070718,11
GAF,Date,20071030,11
GAF,Date,20071224,11
GAF,Date,20080305,11
GAF,Date,20081001,11
GAF,Date,20081008,11
GAF,Date,20081222,11
GAF,Date,20090327,11
GAF,Date,20111023,11
GAF,Date,20120122,11
GAF,Date,20120326,11
GAF,Date,20120529,11
GAF,Date,20120619,11
GAF,Date,20120830,11
GAF,Date,20120904,11
GAF,Date,20121031,11
GAF,Date,20121108,11
GAF,Date,20130317,11
GAF,Date,20130430,11
GAF,Date,20130526,11
GAF,Date,20130527,11
GAF,Date,20130530,11
GAF,Date,20140316,11
GAF,Date,20140318,11
GAF,Date,20160512,11
GAF,Date,20010906,10
GAF,Date,20020614,10
GAF,Date,20030627,10
GAF,Date,20030717,10
GAF,Date,20030721,10
GAF,Date,20030722,10
GAF,Date,20030724,10
GAF,Date,20030908,10
GAF,Date,20031031,10
GAF,Date,20040212,10
GAF,Date,20040227,10
GAF,Date,20040427,10
GAF,Date,20040507,10
GAF,Date,20040715,10
GAF,Date,20040728,10
GAF,Date,20040729,10
GAF,Date,20040824,10
GAF,Date,20040920,10
GAF,Date,20041021,10
GAF,Date,20050505,10
GAF,Date,20050513,10
GAF,Date,20050517,10
GAF,Date,20050922,10
GAF,Date,20051215,10
GAF,Date,20060421,10
GAF,Date,20060516,10
GAF,Date,20060531,10
GAF,Date,20060727,10
GAF,Date,20070216,10
GAF,Date,20070313,10
GAF,Date,20070326,10
GAF,Date,20070416,10
GAF,Date,20070620,10
GAF,Date,20070811,10
GAF,Date,20070928,10
GAF,Date,20071029,10
GAF,Date,20071031,10
GAF,Date,20071119,10
GAF,Date,20071206,10
GAF,Date,20080229,10
GAF,Date,20080302,10
GAF,Date,20080501,10
GAF,Date,20080523,10
GAF,Date,20080708,10
GAF,Date,20080728,10
GAF,Date,20080905,10
GAF,Date,20081014,10
GAF,Date,20081201,10
GAF,Date,20081204,10
GAF,Date,20090123,10
GAF,Date,20090602,10
GAF,Date,20100511,10
GAF,Date,20100518,10
GAF,Date,20100815,10
GAF,Date,20100927,10
GAF,Date,20101019,10
GAF,Date,20101126,10
GAF,Date,20110609,10
GAF,Date,20110727,10
GAF,Date,20121010,10
GAF,Date,20121117,10
GAF,Date,20160317,10
GAF,Date,20160623,10
GAF,Date,20011011,9
GAF,Date,20020808,9
GAF,Date,20031117,9
GAF,Date,20040127,9
GAF,Date,20040414,9
GAF,Date,20040510,9
GAF,Date,20040526,9
GAF,Date,20040629,9
GAF,Date,20040726,9
GAF,Date,20040823,9
GAF,Date,20040922,9
GAF,Date,20050810,9
GAF,Date,20051024,9
GAF,Date,20051107,9
GAF,Date,20051114,9
GAF,Date,20051121,9
GAF,Date,20060127,9
GAF,Date,20060203,9
GAF,Date,20060505,9
GAF,Date,20070522,9
GAF,Date,20070525,9
GAF,Date,20070621,9
GAF,Date,20070626,9
GAF,Date,20070706,9
GAF,Date,20070720,9
GAF,Date,20070823,9
GAF,Date,20071015,9
GAF,Date,20080220,9
GAF,Date,20080401,9
GAF,Date,20080411,9
GAF,Date,20081009,9
GAF,Date,20090402,9
GAF,Date,20090506,9
GAF,Date,20091026,9
GAF,Date,20100119,9
GAF,Date,20100526,9
GAF,Date,20100831,9
GAF,Date,20110501,9
GAF,Date,20110731,9
GAF,Date,20121009,9
GAF,Date,20130908,9
GAF,Date,20140127,9
GAF,Date,20140209,9
GAF,Date,20140824,9
GAF,Date,20141227,9
GAF,Date,20150516,9
GAF,Date,20150926,9
GAF,Date,20020117,8
GAF,Date,20020806,8
GAF,Date,20021011,8
GAF,Date,20021014,8
GAF,Date,20021030,8
GAF,Date,20021114,8
GAF,Date,20030106,8
GAF,Date,20030107,8
GAF,Date,20030110,8
GAF,Date,20030409,8
GAF,Date,20030709,8
GAF,Date,20031105,8
GAF,Date,20040205,8
GAF,Date,20040302,8
GAF,Date,20040517,8
GAF,Date,20050215,8
GAF,Date,20050621,8
GAF,Date,20050811,8
GAF,Date,20050816,8
GAF,Date,20050909,8
GAF,Date,20051011,8
GAF,Date,20060504,8
GAF,Date,20060510,8
GAF,Date,20060515,8
GAF,Date,20060517,8
GAF,Date,20060612,8
GAF,Date,20060710,8
GAF,Date,20060816,8
GAF,Date,20060824,8
GAF,Date,20060830,8
GAF,Date,20060901,8
GAF,Date,20060921,8
GAF,Date,20061031,8
GAF,Date,20070109,8
GAF,Date,20070310,8
GAF,Date,20070622,8
GAF,Date,20070802,8
GAF,Date,20070917,8
GAF,Date,20070920,8
GAF,Date,20071207,8
GAF,Date,20080611,8
GAF,Date,20080710,8
GAF,Date,20080901,8
GAF,Date,20081030,8
GAF,Date,20081211,8
GAF,Date,20090113,8
GAF,Date,20090217,8
GAF,Date,20090512,8
GAF,Date,20090823,8
GAF,Date,20090913,8
GAF,Date,20090923,8
GAF,Date,20100519,8
GAF,Date,20100816,8
GAF,Date,20110409,8
GAF,Date,20110513,8
GAF,Date,20110515,8
GAF,Date,20110924,8
GAF,Date,20111015,8
GAF,Date,20111119,8
GAF,Date,20120311,8
GAF,Date,20120407,8
GAF,Date,20120812,8
GAF,Date,20121105,8
GAF,Date,20130225,8
GAF,Date,20130322,8
GAF,Date,20140426,8
GAF,Date,20140503,8
GAF,Date,20140706,8
GAF,Date,20141109,8
GAF,Date,20160328,8
GAF,Date,20010808,7
GAF,Date,20020612,7
GAF,Date,20020807,7
GAF,Date,20020812,7
GAF,Date,20021003,7
GAF,Date,20021022,7
GAF,Date,20021216,7
GAF,Date,20030116,7
GAF,Date,20030228,7
GAF,Date,20030319,7
GAF,Date,20030901,7
GAF,Date,20031023,7
GAF,Date,20040206,7
GAF,Date,20040712,7
GAF,Date,20040720,7
GAF,Date,20040723,7
GAF,Date,20040924,7
GAF,Date,20041029,7
GAF,Date,20050330,7
GAF,Date,20050506,7
GAF,Date,20050714,7
GAF,Date,20050818,7
GAF,Date,20051007,7
GAF,Date,20060217,7
GAF,Date,20060327,7
GAF,Date,20060720,7
GAF,Date,20060815,7
GAF,Date,20061027,7
GAF,Date,20070306,7
GAF,Date,20070307,7
GAF,Date,20070316,7
GAF,Date,20070319,7
GAF,Date,20070327,7
GAF,Date,20070625,7
GAF,Date,20070703,7
GAF,Date,20071019,7
GAF,Date,20071204,7
GAF,Date,20080325,7
GAF,Date,20080517,7
GAF,Date,20090319,7
GAF,Date,20090401,7
GAF,Date,20100416,7
GAF,Date,20100802,7
GAF,Date,20110205,7
GAF,Date,20111106,7
GAF,Date,20111229,7
GAF,Date,20120522,7
GAF,Date,20120628,7
GAF,Date,20120805,7
GAF,Date,20120831,7
GAF,Date,20121007,7
GAF,Date,20121201,7
GAF,Date,20130115,7
GAF,Date,20130316,7
GAF,Date,20130402,7
GAF,Date,20130429,7
GAF,Date,20130520,7
GAF,Date,20131021,7
GAF,Date,20131027,7
GAF,Date,20140309,7
GAF,Date,20140330,7
GAF,Date,20140531,7
GAF,Date,20141108,7
GAF,Date,20141229,7
GAF,Date,20150606,7
GAF,Date,20150620,7
GAF,Date,20160101,7
GAF,Date,20160403,7
GAF,Date,20160701,7
GAF,Date,20010806,6
GAF,Date,20010910,6
GAF,Date,20011009,6
GAF,Date,20020307,6
GAF,Date,20020529,6
GAF,Date,20020821,6
GAF,Date,20020828,6
GAF,Date,20021004,6
GAF,Date,20021129,6
GAF,Date,20030103,6
GAF,Date,20030324,6
GAF,Date,20030423,6
GAF,Date,20030616,6
GAF,Date,20030710,6
GAF,Date,20030723,6
GAF,Date,20040130,6
GAF,Date,20040213,6
GAF,Date,20040301,6
GAF,Date,20040316,6
GAF,Date,20040518,6
GAF,Date,20040609,6
GAF,Date,20040614,6
GAF,Date,20040825,6
GAF,Date,20040906,6
GAF,Date,20041115,6
GAF,Date,20041122,6
GAF,Date,20050128,6
GAF,Date,20050209,6
GAF,Date,20050211,6
GAF,Date,20050315,6
GAF,Date,20050318,6
GAF,Date,20050425,6
GAF,Date,20050512,6
GAF,Date,20050801,6
GAF,Date,20050901,6
GAF,Date,20050908,6
GAF,Date,20051017,6
GAF,Date,20051020,6
GAF,Date,20051031,6
GAF,Date,20051125,6
GAF,Date,20051127,6
GAF,Date,20060414,6
GAF,Date,20060427,6
GAF,Date,20060609,6
GAF,Date,20060630,6
GAF,Date,20060706,6
GAF,Date,20060802,6
GAF,Date,20070320,6
GAF,Date,20070502,6
GAF,Date,20070812,6
GAF,Date,20070921,6
GAF,Date,20071102,6
GAF,Date,20080515,6
GAF,Date,20080617,6
GAF,Date,20080702,6
GAF,Date,20080719,6
GAF,Date,20080831,6
GAF,Date,20090409,6
GAF,Date,20090526,6
GAF,Date,20090622,6
GAF,Date,20090928,6
GAF,Date,20091001,6
GAF,Date,20100406,6
GAF,Date,20100417,6
GAF,Date,20100720,6
GAF,Date,20100813,6
GAF,Date,20101016,6
GAF,Date,20110608,6
GAF,Date,20111219,6
GAF,Date,20111227,6
GAF,Date,20120202,6
GAF,Date,20120405,6
GAF,Date,20120820,6
GAF,Date,20121114,6
GAF,Date,20130127,6
GAF,Date,20130411,6
GAF,Date,20130602,6
GAF,Date,20130915,6
GAF,Date,20140123,6
GAF,Date,20140202,6
GAF,Date,20140302,6
GAF,Date,20140817,6
GAF,Date,20140920,6
GAF,Date,20150102,6
GAF,Date,20160226,6
GAF,Date,20160320,6
GAF,Date,20160429,6
GAF,Date,20010803,5
GAF,Date,20010907,5
GAF,Date,20020123,5
GAF,Date,20020627,5
GAF,Date,20020814,5
GAF,Date,20020829,5
GAF,Date,20021028,5
GAF,Date,20021031,5
GAF,Date,20021113,5
GAF,Date,20021202,5
GAF,Date,20030206,5
GAF,Date,20030225,5
GAF,Date,20030317,5
GAF,Date,20030327,5
GAF,Date,20030418,5
GAF,Date,20030617,5
GAF,Date,20030626,5
GAF,Date,20031210,5
GAF,Date,20040113,5
GAF,Date,20040330,5
GAF,Date,20040610,5
GAF,Date,20040630,5
GAF,Date,20040701,5
GAF,Date,20041007,5
GAF,Date,20041210,5
GAF,Date,20050117,5
GAF,Date,20050203,5
GAF,Date,20050208,5
GAF,Date,20050601,5
GAF,Date,20050712,5
GAF,Date,20050826,5
GAF,Date,20050914,5
GAF,Date,20060607,5
GAF,Date,20070126,5
GAF,Date,20070315,5
GAF,Date,20070424,5
GAF,Date,20070427,5
GAF,Date,20070529,5
GAF,Date,20070530,5
GAF,Date,20070716,5
GAF,Date,20070820,5
GAF,Date,20071109,5
GAF,Date,20080221,5
GAF,Date,20080317,5
GAF,Date,20080319,5
GAF,Date,20080404,5
GAF,Date,20080418,5
GAF,Date,20081002,5
GAF,Date,20081027,5
GAF,Date,20090125,5
GAF,Date,20090222,5
GAF,Date,20090407,5
GAF,Date,20090908,5
GAF,Date,20090925,5
GAF,Date,20091221,5
GAF,Date,20100131,5
GAF,Date,20100402,5
GAF,Date,20100411,5
GAF,Date,20100616,5
GAF,Date,20101027,5
GAF,Date,20101111,5
GAF,Date,20120422,5
GAF,Date,20120524,5
GAF,Date,20120722,5
GAF,Date,20120729,5
GAF,Date,20120906,5
GAF,Date,20121111,5
GAF,Date,20130209,5
GAF,Date,20130310,5
GAF,Date,20130604,5
GAF,Date,20130820,5
GAF,Date,20130923,5
GAF,Date,20140216,5
GAF,Date,20140913,5
GAF,Date,20141116,5
GAF,Date,20141123,5
GAF,Date,20150125,5
GAF,Date,20150426,5
GAF,Date,20160329,5
GAF,Date,20010914,4
GAF,Date,20020115,4
GAF,Date,20020503,4
GAF,Date,20020730,4
GAF,Date,20020809,4
GAF,Date,20020822,4
GAF,Date,20030115,4
GAF,Date,20030129,4
GAF,Date,20030306,4
GAF,Date,20030422,4
GAF,Date,20030714,4
GAF,Date,20030715,4
GAF,Date,20030820,4
GAF,Date,20030905,4
GAF,Date,20031016,4
GAF,Date,20031104,4
GAF,Date,20031209,4
GAF,Date,20040108,4
GAF,Date,20040120,4
GAF,Date,20040204,4
GAF,Date,20040304,4
GAF,Date,20040326,4
GAF,Date,20040426,4
GAF,Date,20040716,4
GAF,Date,20040929,4
GAF,Date,20041015,4
GAF,Date,20041026,4
GAF,Date,20041102,4
GAF,Date,20041116,4
GAF,Date,20041213,4
GAF,Date,20050112,4
GAF,Date,20050120,4
GAF,Date,20050207,4
GAF,Date,20050210,4
GAF,Date,20050415,4
GAF,Date,20050427,4
GAF,Date,20050502,4
GAF,Date,20050516,4
GAF,Date,20050620,4
GAF,Date,20050725,4
GAF,Date,20050729,4
GAF,Date,20050905,4
GAF,Date,20050926,4
GAF,Date,20051026,4
GAF,Date,20060210,4
GAF,Date,20060718,4
GAF,Date,20060804,4
GAF,Date,20060825,4
GAF,Date,20060914,4
GAF,Date,20070207,4
GAF,Date,20070212,4
GAF,Date,20070612,4
GAF,Date,20070705,4
GAF,Date,20070709,4
GAF,Date,20070815,4
GAF,Date,20070829,4
GAF,Date,20070924,4
GAF,Date,20070925,4
GAF,Date,20080115,4
GAF,Date,20080208,4
GAF,Date,20080222,4
GAF,Date,20080531,4
GAF,Date,20080729,4
GAF,Date,20090223,4
GAF,Date,20090307,4
GAF,Date,20090831,4
GAF,Date,20090916,4
GAF,Date,20100427,4
GAF,Date,20110122,4
GAF,Date,20110320,4
GAF,Date,20110603,4
GAF,Date,20110610,4
GAF,Date,20110918,4
GAF,Date,20111204,4
GAF,Date,20120414,4
GAF,Date,20130223,4
GAF,Date,20130324,4
GAF,Date,20130413,4
GAF,Date,20130501,4
GAF,Date,20130721,4
GAF,Date,20130725,4
GAF,Date,20131001,4
GAF,Date,20140215,4
GAF,Date,20140629,4
GAF,Date,20150221,4
GAF,Date,20150405,4
GAF,Date,20150906,4
GAF,Date,20151107,4
GAF,Date,20160519,4
GAF,Date,20000322,3
GAF,Date,20010807,3
GAF,Date,20020111,3
GAF,Date,20020114,3
GAF,Date,20020128,3
GAF,Date,20020501,3
GAF,Date,20020813,3
GAF,Date,20020815,3
GAF,Date,20021024,3
GAF,Date,20030130,3
GAF,Date,20030303,3
GAF,Date,20030506,3
GAF,Date,20030507,3
GAF,Date,20030603,3
GAF,Date,20030621,3
GAF,Date,20030623,3
GAF,Date,20030718,3
GAF,Date,20030819,3
GAF,Date,20031015,3
GAF,Date,20031017,3
GAF,Date,20031103,3
GAF,Date,20031212,3
GAF,Date,20040116,3
GAF,Date,20040220,3
GAF,Date,20040315,3
GAF,Date,20040322,3
GAF,Date,20040506,3
GAF,Date,20040601,3
GAF,Date,20040607,3
GAF,Date,20040611,3
GAF,Date,20040615,3
GAF,Date,20040623,3
GAF,Date,20041014,3
GAF,Date,20041022,3
GAF,Date,20041027,3
GAF,Date,20041221,3
GAF,Date,20050125,3
GAF,Date,20050304,3
GAF,Date,20050510,3
GAF,Date,20050705,3
GAF,Date,20050706,3
GAF,Date,20050728,3
GAF,Date,20051025,3
GAF,Date,20060328,3
GAF,Date,20060406,3
GAF,Date,20060418,3
GAF,Date,20061220,3
GAF,Date,20070223,3
GAF,Date,20070228,3
GAF,Date,20070421,3
GAF,Date,20070423,3
GAF,Date,20070508,3
GAF,Date,20070517,3
GAF,Date,20070629,3
GAF,Date,20070727,3
GAF,Date,20070831,3
GAF,Date,20070905,3
GAF,Date,20071214,3
GAF,Date,20071228,3
GAF,Date,20080117,3
GAF,Date,20080715,3
GAF,Date,20080814,3
GAF,Date,20081023,3
GAF,Date,20091031,3
GAF,Date,20100124,3
GAF,Date,20100606,3
GAF,Date,20110602,3
GAF,Date,20111022,3
GAF,Date,20111230,3
GAF,Date,20120108,3
GAF,Date,20120527,3
GAF,Date,20130224,3
GAF,Date,20130331,3
GAF,Date,20130414,3
GAF,Date,20130420,3
GAF,Date,20130428,3
GAF,Date,20130512,3
GAF,Date,20130609,3
GAF,Date,20130928,3
GAF,Date,20131128,3
GAF,Date,20140125,3
GAF,Date,20140427,3
GAF,Date,20140712,3
GAF,Date,20141013,3
GAF,Date,20141206,3
GAF,Date,20150117,3
GAF,Date,20150214,3
GAF,Date,20150607,3
GAF,Date,20150613,3
GAF,Date,20150829,3
GAF,Date,20150919,3
GAF,Date,20151114,3
GAF,Date,20160203,3
GAF,Date,20000627,2
GAF,Date,20011017,2
GAF,Date,20011120,2
GAF,Date,20011206,2
GAF,Date,20011217,2
GAF,Date,20020212,2
GAF,Date,20020402,2
GAF,Date,20020516,2
GAF,Date,20020611,2
GAF,Date,20020705,2
GAF,Date,20020717,2
GAF,Date,20020724,2
GAF,Date,20020913,2
GAF,Date,20020920,2
GAF,Date,20020923,2
GAF,Date,20021223,2
GAF,Date,20030128,2
GAF,Date,20030212,2
GAF,Date,20030217,2
GAF,Date,20030307,2
GAF,Date,20030407,2
GAF,Date,20030509,2
GAF,Date,20030519,2
GAF,Date,20030630,2
GAF,Date,20030812,2
GAF,Date,20031001,2
GAF,Date,20031219,2
GAF,Date,20040105,2
GAF,Date,20040210,2
GAF,Date,20040211,2
GAF,Date,20040317,2
GAF,Date,20040329,2
GAF,Date,20040409,2
GAF,Date,20040505,2
GAF,Date,20040521,2
GAF,Date,20040628,2
GAF,Date,20040702,2
GAF,Date,20040713,2
GAF,Date,20040803,2
GAF,Date,20040902,2
GAF,Date,20041008,2
GAF,Date,20041110,2
GAF,Date,20041123,2
GAF,Date,20041125,2
GAF,Date,20050107,2
GAF,Date,20050310,2
GAF,Date,20050321,2
GAF,Date,20050405,2
GAF,Date,20050524,2
GAF,Date,20050616,2
GAF,Date,20051006,2
GAF,Date,20051027,2
GAF,Date,20051101,2
GAF,Date,20051219,2
GAF,Date,20060503,2
GAF,Date,20060808,2
GAF,Date,20060927,2
GAF,Date,20061025,2
GAF,Date,20061110,2
GAF,Date,20061207,2
GAF,Date,20070406,2
GAF,Date,20070409,2
GAF,Date,20070413,2
GAF,Date,20070430,2
GAF,Date,20070507,2
GAF,Date,20070623,2
GAF,Date,20070628,2
GAF,Date,20070717,2
GAF,Date,20071219,2
GAF,Date,20071226,2
GAF,Date,20080112,2
GAF,Date,20080318,2
GAF,Date,20080505,2
GAF,Date,20080608,2
GAF,Date,20080930,2
GAF,Date,20081111,2
GAF,Date,20090105,2
GAF,Date,20090530,2
GAF,Date,20090718,2
GAF,Date,20090809,2
GAF,Date,20091101,2
GAF,Date,20091114,2
GAF,Date,20091226,2
GAF,Date,20100206,2
GAF,Date,20100314,2
GAF,Date,20100405,2
GAF,Date,20100418,2
GAF,Date,20100812,2
GAF,Date,20100814,2
GAF,Date,20100822,2
GAF,Date,20101025,2
GAF,Date,20101114,2
GAF,Date,20101227,2
GAF,Date,20110626,2
GAF,Date,20111113,2
GAF,Date,20111224,2
GAF,Date,20111226,2
GAF,Date,20120226,2
GAF,Date,20120715,2
GAF,Date,20120829,2
GAF,Date,20121006,2
GAF,Date,20121021,2
GAF,Date,20121104,2
GAF,Date,20121202,2
GAF,Date,20121209,2
GAF,Date,20121226,2
GAF,Date,20130330,2
GAF,Date,20130408,2
GAF,Date,20130514,2
GAF,Date,20130518,2
GAF,Date,20130630,2
GAF,Date,20130901,2
GAF,Date,20131019,2
GAF,Date,20131116,2
GAF,Date,20140201,2
GAF,Date,20140518,2
GAF,Date,20140705,2
GAF,Date,20140823,2
GAF,Date,20140914,2
GAF,Date,20141011,2
GAF,Date,20141018,2
GAF,Date,20141130,2
GAF,Date,20150103,2
GAF,Date,20150328,2
GAF,Date,20150927,2
GAF,Date,20151011,2
GAF,Date,20151121,2
GAF,Date,20160412,2
GAF,Date,20160413,2
GAF,Date,20160415,2
GAF,Date,20000720,1
GAF,Date,20010915,1
GAF,Date,20011008,1
GAF,Date,20020129,1
GAF,Date,20020227,1
GAF,Date,20020522,1
GAF,Date,20020625,1
GAF,Date,20020708,1
GAF,Date,20021107,1
GAF,Date,20021115,1
GAF,Date,20030205,1
GAF,Date,20030523,1
GAF,Date,20030609,1
GAF,Date,20030618,1
GAF,Date,20030806,1
GAF,Date,20030915,1
GAF,Date,20031010,1
GAF,Date,20031011,1
GAF,Date,20031014,1
GAF,Date,20031112,1
GAF,Date,20031113,1
GAF,Date,20031126,1
GAF,Date,20040106,1
GAF,Date,20040121,1
GAF,Date,20040122,1
GAF,Date,20040218,1
GAF,Date,20040303,1
GAF,Date,20040325,1
GAF,Date,20040331,1
GAF,Date,20040504,1
GAF,Date,20040602,1
GAF,Date,20040617,1
GAF,Date,20040620,1
GAF,Date,20040721,1
GAF,Date,20041001,1
GAF,Date,20041013,1
GAF,Date,20041028,1
GAF,Date,20041104,1
GAF,Date,20041111,1
GAF,Date,20041216,1
GAF,Date,20050103,1
GAF,Date,20050119,1
GAF,Date,20050311,1
GAF,Date,20050429,1
GAF,Date,20050509,1
GAF,Date,20050602,1
GAF,Date,20050726,1
GAF,Date,20050803,1
GAF,Date,20050808,1
GAF,Date,20060621,1
GAF,Date,20060703,1
GAF,Date,20060814,1
GAF,Date,20060907,1
GAF,Date,20061016,1
GAF,Date,20061222,1
GAF,Date,20070118,1
GAF,Date,20070314,1
GAF,Date,20070323,1
GAF,Date,20070425,1
GAF,Date,20070501,1
GAF,Date,20070511,1
GAF,Date,20070518,1
GAF,Date,20070614,1
GAF,Date,20070710,1
GAF,Date,20070821,1
GAF,Date,20070822,1
GAF,Date,20071105,1
GAF,Date,20071125,1
GAF,Date,20071230,1
GAF,Date,20080116,1
GAF,Date,20080309,1
GAF,Date,20081116,1
GAF,Date,20081123,1
GAF,Date,20090109,1
GAF,Date,20090110,1
GAF,Date,20090128,1
GAF,Date,20090414,1
GAF,Date,20090525,1
GAF,Date,20090910,1
GAF,Date,20090912,1
GAF,Date,20091224,1
GAF,Date,20100227,1
GAF,Date,20100509,1
GAF,Date,20100912,1
GAF,Date,20101026,1
GAF,Date,20101113,1
GAF,Date,20101218,1
GAF,Date,20110425,1
GAF,Date,20110925,1
GAF,Date,20111231,1
GAF,Date,20120225,1
GAF,Date,20120331,1
GAF,Date,20120401,1
GAF,Date,20120415,1
GAF,Date,20120603,1
GAF,Date,20120819,1
GAF,Date,20120826,1
GAF,Date,20120916,1
GAF,Date,20120923,1
GAF,Date,20121020,1
GAF,Date,20121231,1
GAF,Date,20130119,1
GAF,Date,20130303,1
GAF,Date,20130309,1
GAF,Date,20130616,1
GAF,Date,20130811,1
GAF,Date,20130818,1
GAF,Date,20130929,1
GAF,Date,20131012,1
GAF,Date,20131124,1
GAF,Date,20140126,1
GAF,Date,20140208,1
GAF,Date,20140315,1
GAF,Date,20140413,1
GAF,Date,20140418,1
GAF,Date,20140421,1
GAF,Date,20140511,1
GAF,Date,20140608,1
GAF,Date,20140906,1
GAF,Date,20141005,1
GAF,Date,20141025,1
GAF,Date,20141026,1
GAF,Date,20141122,1
GAF,Date,20150110,1
GAF,Date,20150118,1
GAF,Date,20150131,1
GAF,Date,20150403,1
GAF,Date,20150510,1
GAF,Date,20150725,1
GAF,Date,20151004,1
GAF,Date,20160618,1
GAF,Date,20160619,1
GPAD,Relation,involved_in,134623
GPAD,Relation,enables,127811
GPAD,Relation,part_of,127515
GPAD,Relation,colocalizes_with,1087
GPAD,Relation,contributes_to,1069
GPAD,Relation,NOT|involved_in,640
GPAD,Relation,NOT|enables,428
GPAD,Relation,NOT|part_of,259
GPAD,Relation,NOT|contributes_to,15
GPAD,Relation,NOT|colocalizes_with,11
GPAD,ECO_ID,ECO:0000304,92193
GPAD,ECO_ID,ECO:0000353,74653
GPAD,ECO_ID,ECO:0000314,70739
GPAD,ECO_ID,ECO:0000265,40015
GPAD,ECO_ID,ECO:0000322,28126
GPAD,ECO_ID,ECO:0000318,20383
GPAD,ECO_ID,ECO:0000250,19585
GPAD,ECO_ID,ECO:0000315,16636
GPAD,ECO_ID,ECO:0000256,9910
GPAD,ECO_ID,ECO:0000303,7430
GPAD,ECO_ID,ECO:0000364,4001
GPAD,ECO_ID,ECO:0000366,2335
GPAD,ECO_ID,ECO:0000307,1858
GPAD,ECO_ID,ECO:0000305,1369
GPAD,ECO_ID,ECO:0000269,1136
GPAD,ECO_ID,ECO:0000316,1120
GPAD,ECO_ID,ECO:0000270,946
GPAD,ECO_ID,ECO:0000501,837
GPAD,ECO_ID,ECO:0000323,172
GPAD,ECO_ID,ECO:0000320,14
GPAD,GO_Evidence_Code,TAS,92193
GPAD,GO_Evidence_Code,IEA,85396
GPAD,GO_Evidence_Code,IPI,74653
GPAD,GO_Evidence_Code,IDA,70739
GPAD,GO_Evidence_Code,IBA,20383
GPAD,GO_Evidence_Code,ISS,19585
GPAD,GO_Evidence_Code,IMP,16636
GPAD,GO_Evidence_Code,NAS,7430
GPAD,GO_Evidence_Code,ND,1858
GPAD,GO_Evidence_Code,IC,1369
GPAD,GO_Evidence_Code,EXP,1136
GPAD,GO_Evidence_Code,IGI,1120
GPAD,GO_Evidence_Code,IEP,946
GPAD,GO_Evidence_Code,IKR,14
GPAD,Assigned_By,UniProt,127547
GPAD,Assigned_By,Reactome,78075
GPAD,Assigned_By,IntAct,55363
GPAD,Assigned_By,Ensembl,39785
GPAD,Assigned_By,BHF-UCL,24433
GPAD,Assigned_By,GO_Central,20694
GPAD,Assigned_By,PINC,10088
GPAD,Assigned_By,InterPro,9907
GPAD,Assigned_By,HPA,6644
GPAD,Assigned_By,GOC,6336
GPAD,Assigned_By,MGI,4325
GPAD,Assigned_By,ParkinsonsUK-UCL,4003
GPAD,Assigned_By,HGNC,2846
GPAD,Assigned_By,AgBase,912
GPAD,Assigned_By,CACAO,588
GPAD,Assigned_By,NTNU_SB,531
GPAD,Assigned_By,LIFEdb,448
GPAD,Assigned_By,DFLAT,232
GPAD,Assigned_By,FlyBase,198
GPAD,Assigned_By,Alzheimers_University_of_Toronto,183
GPAD,Assigned_By,SYSCILIA_CCNET,157
GPAD,Assigned_By,WormBase,90
GPAD,Assigned_By,GDB,29
GPAD,Assigned_By,SGD,22
GPAD,Assigned_By,MTBBASE,14
GPAD,Assigned_By,dictyBase,7
GPAD,Assigned_By,Roslin_Institute,1
GPAD,Date,20160702,84763
GPAD,Date,20160704,55363
GPAD,Date,20130528,19482
GPAD,Date,20160301,12540
GPAD,Date,20130516,9869
GPAD,Date,20030904,8314
GPAD,Date,20130503,3127
GPAD,Date,20130213,2376
GPAD,Date,20140521,1834
GPAD,Date,20140203,1699
GPAD,Date,20131205,1450
GPAD,Date,20150207,1257
GPAD,Date,20140627,1171
GPAD,Date,20140714,1169
GPAD,Date,20110530,1129
GPAD,Date,20130730,1080
GPAD,Date,20131024,1051
GPAD,Date,20101115,1028
GPAD,Date,20050308,1005
GPAD,Date,20061026,966
GPAD,Date,20130801,944
GPAD,Date,20141106,924
GPAD,Date,20151016,890
GPAD,Date,20031216,883
GPAD,Date,20140730,776
GPAD,Date,20141117,713
GPAD,Date,20120912,687
GPAD,Date,20130829,676
GPAD,Date,20160525,676
GPAD,Date,20160229,658
GPAD,Date,20160423,633
GPAD,Date,20150316,610
GPAD,Date,20160309,600
GPAD,Date,20100607,569
GPAD,Date,20130729,562
GPAD,Date,20111111,546
GPAD,Date,20111102,506
GPAD,Date,20150916,488
GPAD,Date,20140927,481
GPAD,Date,20140320,474
GPAD,Date,20140925,474
GPAD,Date,20110516,473
GPAD,Date,20150225,463
GPAD,Date,20150521,462
GPAD,Date,20160118,454
GPAD,Date,20151109,450
GPAD,Date,20141113,433
GPAD,Date,20130731,428
GPAD,Date,20150909,426
GPAD,Date,20140829,425
GPAD,Date,20061106,421
GPAD,Date,20150917,421
GPAD,Date,20120708,415
GPAD,Date,20120228,414
GPAD,Date,20131029,412
GPAD,Date,20150619,400
GPAD,Date,20130523,395
GPAD,Date,20140926,394
GPAD,Date,20041006,391
GPAD,Date,20150511,391
GPAD,Date,20150424,389
GPAD,Date,20100326,387
GPAD,Date,20130802,375
GPAD,Date,20150814,369
GPAD,Date,20150818,369
GPAD,Date,20140715,354
GPAD,Date,20140729,346
GPAD,Date,20140815,337
GPAD,Date,20150408,327
GPAD,Date,20140207,324
GPAD,Date,20150722,317
GPAD,Date,20141002,310
GPAD,Date,20010823,308
GPAD,Date,20130722,291
GPAD,Date,20100517,290
GPAD,Date,20101105,290
GPAD,Date,20120118,285
GPAD,Date,20140827,282
GPAD,Date,20140924,279
GPAD,Date,20150213,279
GPAD,Date,20111121,278
GPAD,Date,20110815,271
GPAD,Date,20130311,271
GPAD,Date,20150604,269
GPAD,Date,20140603,263
GPAD,Date,20141114,261
GPAD,Date,20131220,259
GPAD,Date,20141120,256
GPAD,Date,20090422,248
GPAD,Date,20141112,248
GPAD,Date,20100614,244
GPAD,Date,20150819,242
GPAD,Date,20031119,240
GPAD,Date,20150807,237
GPAD,Date,20150422,235
GPAD,Date,20080205,234
GPAD,Date,20140731,231
GPAD,Date,20160108,230
GPAD,Date,20120221,222
GPAD,Date,20150820,221
GPAD,Date,20110517,219
GPAD,Date,20110919,219
GPAD,Date,20130524,218
GPAD,Date,20141124,216
GPAD,Date,20141203,216
GPAD,Date,20150720,216
GPAD,Date,20151030,215
GPAD,Date,20061107,213
GPAD,Date,20160428,212
GPAD,Date,20080903,210
GPAD,Date,20110427,210
GPAD,Date,20110811,210
GPAD,Date,20131213,210
GPAD,Date,20091202,209
GPAD,Date,20141029,209
GPAD,Date,20150205,209
GPAD,Date,20090528,208
GPAD,Date,20140728,208
GPAD,Date,20150320,208
GPAD,Date,20120111,207
GPAD,Date,20040811,205
GPAD,Date,20110923,205
GPAD,Date,20130716,204
GPAD,Date,20111208,203
GPAD,Date,20140402,201
GPAD,Date,20160202,200
GPAD,Date,20120127,197
GPAD,Date,20140513,197
GPAD,Date,20120920,195
GPAD,Date,20141003,195
GPAD,Date,20110818,193
GPAD,Date,20130620,193
GPAD,Date,20131211,193
GPAD,Date,20150603,193
GPAD,Date,20150805,193
GPAD,Date,20140404,192
GPAD,Date,20150901,192
GPAD,Date,20140307,191
GPAD,Date,20150330,191
GPAD,Date,20110125,190
GPAD,Date,20141212,190
GPAD,Date,20090616,189
GPAD,Date,20090826,189
GPAD,Date,20110110,189
GPAD,Date,20150709,188
GPAD,Date,20110302,186
GPAD,Date,20130529,186
GPAD,Date,20130315,185
GPAD,Date,20090721,184
GPAD,Date,20150506,184
GPAD,Date,20150911,184
GPAD,Date,20151112,184
GPAD,Date,20130513,181
GPAD,Date,20140808,181
GPAD,Date,20141219,181
GPAD,Date,20160304,181
GPAD,Date,20110317,180
GPAD,Date,20110707,180
GPAD,Date,20140903,180
GPAD,Date,20140919,180
GPAD,Date,20150313,180
GPAD,Date,20160104,180
GPAD,Date,20160601,180
GPAD,Date,20090424,178
GPAD,Date,20150206,178
GPAD,Date,20150327,178
GPAD,Date,20101217,177
GPAD,Date,20110401,177
GPAD,Date,20111213,176
GPAD,Date,20130114,176
GPAD,Date,20141205,176
GPAD,Date,20150122,175
GPAD,Date,20150414,175
GPAD,Date,20140529,174
GPAD,Date,20150317,174
GPAD,Date,20150821,174
GPAD,Date,20160128,174
GPAD,Date,20160208,174
GPAD,Date,20150514,173
GPAD,Date,20021105,171
GPAD,Date,20070906,171
GPAD,Date,20110909,170
GPAD,Date,20141210,170
GPAD,Date,20130204,169
GPAD,Date,20150812,169
GPAD,Date,20140512,168
GPAD,Date,20151009,167
GPAD,Date,20111209,166
GPAD,Date,20141217,166
GPAD,Date,20110914,165
GPAD,Date,20140519,165
GPAD,Date,20130222,164
GPAD,Date,20141204,163
GPAD,Date,20100819,162
GPAD,Date,20131223,162
GPAD,Date,20090529,161
GPAD,Date,20090803,160
GPAD,Date,20090914,160
GPAD,Date,20130902,160
GPAD,Date,20111125,159
GPAD,Date,20131206,159
GPAD,Date,20140401,159
GPAD,Date,20140701,159
GPAD,Date,20150121,159
GPAD,Date,20150717,159
GPAD,Date,20150724,159
GPAD,Date,20080902,158
GPAD,Date,20140908,158
GPAD,Date,20151125,157
GPAD,Date,20100721,156
GPAD,Date,20150303,156
GPAD,Date,20160502,156
GPAD,Date,20150515,155
GPAD,Date,20110722,154
GPAD,Date,20110706,153
GPAD,Date,20150312,153
GPAD,Date,20160616,153
GPAD,Date,20160628,152
GPAD,Date,20110913,150
GPAD,Date,20121102,150
GPAD,Date,20150528,149
GPAD,Date,20150929,149
GPAD,Date,20160307,149
GPAD,Date,20111124,147
GPAD,Date,20111202,147
GPAD,Date,20120905,147
GPAD,Date,20140523,146
GPAD,Date,20140922,146
GPAD,Date,20100203,145
GPAD,Date,20130614,145
GPAD,Date,20140109,145
GPAD,Date,20130924,143
GPAD,Date,20120730,142
GPAD,Date,20141107,142
GPAD,Date,20150522,142
GPAD,Date,20150806,142
GPAD,Date,20111206,141
GPAD,Date,20120824,141
GPAD,Date,20091117,140
GPAD,Date,20110915,140
GPAD,Date,20140514,140
GPAD,Date,20051221,139
GPAD,Date,20110121,139
GPAD,Date,20120921,139
GPAD,Date,20130517,139
GPAD,Date,20061120,138
GPAD,Date,20110624,138
GPAD,Date,20110804,138
GPAD,Date,20131209,138
GPAD,Date,20110629,137
GPAD,Date,20140515,137
GPAD,Date,20140901,137
GPAD,Date,20150429,137
GPAD,Date,20150527,137
GPAD,Date,20110926,136
GPAD,Date,20090115,135
GPAD,Date,20130130,135
GPAD,Date,20140305,135
GPAD,Date,20140813,134
GPAD,Date,20150324,134
GPAD,Date,20111103,133
GPAD,Date,20151008,133
GPAD,Date,20151102,133
GPAD,Date,20140530,131
GPAD,Date,20150708,131
GPAD,Date,20100114,130
GPAD,Date,20121022,130
GPAD,Date,20150318,130
GPAD,Date,20150519,130
GPAD,Date,20070514,129
GPAD,Date,20110719,129
GPAD,Date,20120925,129
GPAD,Date,20141031,129
GPAD,Date,20150401,129
GPAD,Date,20150715,129
GPAD,Date,20091204,128
GPAD,Date,20120120,128
GPAD,Date,20150223,128
GPAD,Date,20091119,127
GPAD,Date,20100127,127
GPAD,Date,20111104,127
GPAD,Date,20131204,127
GPAD,Date,20150623,127
GPAD,Date,20150710,127
GPAD,Date,20160209,127
GPAD,Date,20160526,127
GPAD,Date,20091203,126
GPAD,Date,20101104,126
GPAD,Date,20120112,126
GPAD,Date,20120928,126
GPAD,Date,20150723,126
GPAD,Date,20160106,126
GPAD,Date,20060111,125
GPAD,Date,20110415,125
GPAD,Date,20080926,124
GPAD,Date,20091216,124
GPAD,Date,20110418,124
GPAD,Date,20120307,124
GPAD,Date,20141209,124
GPAD,Date,20151029,124
GPAD,Date,20111130,123
GPAD,Date,20151211,123
GPAD,Date,20061024,122
GPAD,Date,20100903,122
GPAD,Date,20130624,122
GPAD,Date,20150701,122
GPAD,Date,20151127,122
GPAD,Date,20100205,121
GPAD,Date,20111117,121
GPAD,Date,20130911,121
GPAD,Date,20110912,120
GPAD,Date,20120430,120
GPAD,Date,20130830,120
GPAD,Date,20130910,120
GPAD,Date,20140912,120
GPAD,Date,20100217,119
GPAD,Date,20131210,119
GPAD,Date,20140205,119
GPAD,Date,20140522,119
GPAD,Date,20150508,119
GPAD,Date,20120427,118
GPAD,Date,20150902,118
GPAD,Date,20150220,117
GPAD,Date,20151022,117
GPAD,Date,20151119,117
GPAD,Date,20100413,116
GPAD,Date,20120329,116
GPAD,Date,20130118,116
GPAD,Date,20150309,116
GPAD,Date,20110316,115
GPAD,Date,20111223,115
GPAD,Date,20130423,115
GPAD,Date,20130502,115
GPAD,Date,20140110,115
GPAD,Date,20141023,115
GPAD,Date,20150702,115
GPAD,Date,20150727,115
GPAD,Date,20150914,115
GPAD,Date,20151218,115
GPAD,Date,20100429,114
GPAD,Date,20110224,114
GPAD,Date,20140128,114
GPAD,Date,20140811,114
GPAD,Date,20081121,113
GPAD,Date,20101221,113
GPAD,Date,20110906,113
GPAD,Date,20130718,113
GPAD,Date,20130927,113
GPAD,Date,20150319,113
GPAD,Date,20150417,113
GPAD,Date,20150910,113
GPAD,Date,20090818,112
GPAD,Date,20090907,112
GPAD,Date,20100625,112
GPAD,Date,20110314,112
GPAD,Date,20130207,112
GPAD,Date,20130522,112
GPAD,Date,20131017,112
GPAD,Date,20150421,112
GPAD,Date,20150622,112
GPAD,Date,20090205,111
GPAD,Date,20110728,111
GPAD,Date,20111116,111
GPAD,Date,20150713,111
GPAD,Date,20151215,111
GPAD,Date,20160114,111
GPAD,Date,20080818,110
GPAD,Date,20090324,110
GPAD,Date,20110111,110
GPAD,Date,20110616,110
GPAD,Date,20150615,110
GPAD,Date,20151124,110
GPAD,Date,20070403,109
GPAD,Date,20080609,109
GPAD,Date,20110414,109
GPAD,Date,20111201,109
GPAD,Date,20120110,109
GPAD,Date,20120919,109
GPAD,Date,20140422,109
GPAD,Date,20150211,109
GPAD,Date,20151126,109
GPAD,Date,20151217,109
GPAD,Date,20090720,108
GPAD,Date,20141202,108
GPAD,Date,20080626,107
GPAD,Date,20100719,107
GPAD,Date,20110718,107
GPAD,Date,20121203,107
GPAD,Date,20131129,107
GPAD,Date,20140313,107
GPAD,Date,20160421,107
GPAD,Date,20070221,106
GPAD,Date,20100204,106
GPAD,Date,20110318,106
GPAD,Date,20130110,106
GPAD,Date,20060116,105
GPAD,Date,20090811,105
GPAD,Date,20111011,105
GPAD,Date,20140804,105
GPAD,Date,20150507,105
GPAD,Date,20151012,105
GPAD,Date,20071018,104
GPAD,Date,20090505,104
GPAD,Date,20090629,104
GPAD,Date,20110429,104
GPAD,Date,20120113,104
GPAD,Date,20140220,104
GPAD,Date,20140317,104
GPAD,Date,20140909,104
GPAD,Date,20150212,104
GPAD,Date,20150728,104
GPAD,Date,20150922,104
GPAD,Date,20090406,103
GPAD,Date,20110420,103
GPAD,Date,20120119,103
GPAD,Date,20130719,103
GPAD,Date,20131122,103
GPAD,Date,20140211,103
GPAD,Date,20140710,103
GPAD,Date,20141119,103
GPAD,Date,20150216,103
GPAD,Date,20080911,102
GPAD,Date,20110126,102
GPAD,Date,20110222,102
GPAD,Date,20110907,102
GPAD,Date,20120109,102
GPAD,Date,20131118,102
GPAD,Date,20131219,102
GPAD,Date,20140612,102
GPAD,Date,20140819,102
GPAD,Date,20140916,102
GPAD,Date,20090603,101
GPAD,Date,20090805,101
GPAD,Date,20091109,101
GPAD,Date,20110114,101
GPAD,Date,20110802,101
GPAD,Date,20120105,101
GPAD,Date,20130610,101
GPAD,Date,20140117,101
GPAD,Date,20140704,101
GPAD,Date,20150311,101
GPAD,Date,20150925,101
GPAD,Date,20160608,101
GPAD,Date,20091127,100
GPAD,Date,20110329,100
GPAD,Date,20110902,100
GPAD,Date,20120726,100
GPAD,Date,20140516,100
GPAD,Date,20150219,100
GPAD,Date,20150402,100
GPAD,Date,20160609,100
GPAD,Date,20050708,99
GPAD,Date,20060112,99
GPAD,Date,20090514,99
GPAD,Date,20110426,99
GPAD,Date,20121126,99
GPAD,Date,20140103,99
GPAD,Date,20140716,99
GPAD,Date,20150202,99
GPAD,Date,20150626,99
GPAD,Date,20150810,99
GPAD,Date,20060110,98
GPAD,Date,20110124,98
GPAD,Date,20130903,98
GPAD,Date,20140331,98
GPAD,Date,20140611,98
GPAD,Date,20150105,98
GPAD,Date,20151018,98
GPAD,Date,20090723,97
GPAD,Date,20100611,97
GPAD,Date,20111003,97
GPAD,Date,20130509,97
GPAD,Date,20140113,97
GPAD,Date,20140504,97
GPAD,Date,20150129,97
GPAD,Date,20160113,97
GPAD,Date,20010824,96
GPAD,Date,20090626,96
GPAD,Date,20110117,96
GPAD,Date,20110518,96
GPAD,Date,20120123,96
GPAD,Date,20120810,96
GPAD,Date,20130621,96
GPAD,Date,20140424,96
GPAD,Date,20141105,96
GPAD,Date,20150616,96
GPAD,Date,20150624,96
GPAD,Date,20150928,96
GPAD,Date,20151103,96
GPAD,Date,20041203,95
GPAD,Date,20071114,95
GPAD,Date,20080201,95
GPAD,Date,20080623,95
GPAD,Date,20090827,95
GPAD,Date,20131126,95
GPAD,Date,20141218,95
GPAD,Date,20150204,95
GPAD,Date,20150226,95
GPAD,Date,20150618,95
GPAD,Date,20150630,95
GPAD,Date,20150918,95
GPAD,Date,20160210,95
GPAD,Date,20160506,95
GPAD,Date,20061108,94
GPAD,Date,20070220,94
GPAD,Date,20080829,94
GPAD,Date,20110413,94
GPAD,Date,20110916,94
GPAD,Date,20120126,94
GPAD,Date,20120731,94
GPAD,Date,20121116,94
GPAD,Date,20140410,94
GPAD,Date,20010912,93
GPAD,Date,20031120,93
GPAD,Date,20090429,93
GPAD,Date,20091215,93
GPAD,Date,20100514,93
GPAD,Date,20120606,93
GPAD,Date,20120727,93
GPAD,Date,20130404,93
GPAD,Date,20140508,93
GPAD,Date,20141028,93
GPAD,Date,20141110,93
GPAD,Date,20150217,93
GPAD,Date,20150305,93
GPAD,Date,20151015,93
GPAD,Date,20090427,92
GPAD,Date,20100430,92
GPAD,Date,20110307,92
GPAD,Date,20120927,92
GPAD,Date,20130206,92
GPAD,Date,20150116,92
GPAD,Date,20151214,92
GPAD,Date,20050627,91
GPAD,Date,20100603,91
GPAD,Date,20100712,91
GPAD,Date,20110403,91
GPAD,Date,20111122,91
GPAD,Date,20120319,91
GPAD,Date,20120413,91
GPAD,Date,20130327,91
GPAD,Date,20131125,91
GPAD,Date,20140221,91
GPAD,Date,20140604,91
GPAD,Date,20150415,91
GPAD,Date,20020606,90
GPAD,Date,20120104,90
GPAD,Date,20140821,90
GPAD,Date,20140826,90
GPAD,Date,20140923,90
GPAD,Date,20150106,90
GPAD,Date,20150331,90
GPAD,Date,20060428,89
GPAD,Date,20061130,89
GPAD,Date,20090511,89
GPAD,Date,20090619,89
GPAD,Date,20091007,89
GPAD,Date,20100930,89
GPAD,Date,20110204,89
GPAD,Date,20110708,89
GPAD,Date,20110901,89
GPAD,Date,20110922,89
GPAD,Date,20111024,89
GPAD,Date,20111205,89
GPAD,Date,20111216,89
GPAD,Date,20120503,89
GPAD,Date,20140505,89
GPAD,Date,20140930,89
GPAD,Date,20090325,88
GPAD,Date,20101220,88
GPAD,Date,20111214,88
GPAD,Date,20130821,88
GPAD,Date,20140806,88
GPAD,Date,20150114,88
GPAD,Date,20151117,88
GPAD,Date,20080415,87
GPAD,Date,20100728,87
GPAD,Date,20101123,87
GPAD,Date,20120517,87
GPAD,Date,20130318,87
GPAD,Date,20140828,87
GPAD,Date,20141001,87
GPAD,Date,20150326,87
GPAD,Date,20151019,87
GPAD,Date,20160613,87
GPAD,Date,20050412,86
GPAD,Date,20060317,86
GPAD,Date,20090218,86
GPAD,Date,20090724,86
GPAD,Date,20101102,86
GPAD,Date,20110824,86
GPAD,Date,20120103,86
GPAD,Date,20120312,86
GPAD,Date,20130326,86
GPAD,Date,20130906,86
GPAD,Date,20141208,86
GPAD,Date,20150430,86
GPAD,Date,20150520,86
GPAD,Date,20150605,86
GPAD,Date,20070723,85
GPAD,Date,20080919,85
GPAD,Date,20100602,85
GPAD,Date,20120530,85
GPAD,Date,20120615,85
GPAD,Date,20130227,85
GPAD,Date,20131106,85
GPAD,Date,20131121,85
GPAD,Date,20151110,85
GPAD,Date,20030822,84
GPAD,Date,20090317,84
GPAD,Date,20090706,84
GPAD,Date,20101119,84
GPAD,Date,20110330,84
GPAD,Date,20120518,84
GPAD,Date,20130125,84
GPAD,Date,20140721,84
GPAD,Date,20150203,84
GPAD,Date,20160119,84
GPAD,Date,20090625,83
GPAD,Date,20101021,83
GPAD,Date,20110323,83
GPAD,Date,20110715,83
GPAD,Date,20110830,83
GPAD,Date,20120308,83
GPAD,Date,20120314,83
GPAD,Date,20130129,83
GPAD,Date,20130211,83
GPAD,Date,20130819,83
GPAD,Date,20140415,83
GPAD,Date,20140720,83
GPAD,Date,20141111,83
GPAD,Date,20160205,83
GPAD,Date,20160602,83
GPAD,Date,20040806,82
GPAD,Date,20081128,82
GPAD,Date,20090114,82
GPAD,Date,20090824,82
GPAD,Date,20100208,82
GPAD,Date,20100426,82
GPAD,Date,20100628,82
GPAD,Date,20110823,82
GPAD,Date,20120224,82
GPAD,Date,20130307,82
GPAD,Date,20150126,82
GPAD,Date,20150210,82
GPAD,Date,20150406,82
GPAD,Date,20150611,82
GPAD,Date,20150629,82
GPAD,Date,20151116,82
GPAD,Date,20090316,81
GPAD,Date,20100219,81
GPAD,Date,20100608,81
GPAD,Date,20100609,81
GPAD,Date,20110406,81
GPAD,Date,20110920,81
GPAD,Date,20121213,81
GPAD,Date,20130205,81
GPAD,Date,20140613,81
GPAD,Date,20140709,81
GPAD,Date,20140722,81
GPAD,Date,20150218,81
GPAD,Date,20150323,81
GPAD,Date,20051209,80
GPAD,Date,20080604,80
GPAD,Date,20110120,80
GPAD,Date,20110301,80
GPAD,Date,20110812,80
GPAD,Date,20111118,80
GPAD,Date,20111220,80
GPAD,Date,20120302,80
GPAD,Date,20120601,80
GPAD,Date,20120827,80
GPAD,Date,20130613,80
GPAD,Date,20131216,80
GPAD,Date,20140605,80
GPAD,Date,20150825,80
GPAD,Date,20011002,79
GPAD,Date,20050707,79
GPAD,Date,20080310,79
GPAD,Date,20080509,79
GPAD,Date,20090330,79
GPAD,Date,20100415,79
GPAD,Date,20110825,79
GPAD,Date,20110908,79
GPAD,Date,20111211,79
GPAD,Date,20121004,79
GPAD,Date,20140112,79
GPAD,Date,20140411,79
GPAD,Date,20141127,79
GPAD,Date,20141201,79
GPAD,Date,20160107,79
GPAD,Date,20160331,79
GPAD,Date,20030404,78
GPAD,Date,20080606,78
GPAD,Date,20090312,78
GPAD,Date,20100705,78
GPAD,Date,20110428,78
GPAD,Date,20110819,78
GPAD,Date,20111031,78
GPAD,Date,20130314,78
GPAD,Date,20130704,78
GPAD,Date,20131115,78
GPAD,Date,20140409,78
GPAD,Date,20140723,78
GPAD,Date,20140724,78
GPAD,Date,20140807,78
GPAD,Date,20141006,78
GPAD,Date,20150428,78
GPAD,Date,20150602,78
GPAD,Date,20150729,78
GPAD,Date,20160112,78
GPAD,Date,20080327,77
GPAD,Date,20080928,77
GPAD,Date,20090206,77
GPAD,Date,20091030,77
GPAD,Date,20110201,77
GPAD,Date,20110405,77
GPAD,Date,20110412,77
GPAD,Date,20110512,77
GPAD,Date,20120913,77
GPAD,Date,20130111,77
GPAD,Date,20130628,77
GPAD,Date,20140915,77
GPAD,Date,20150123,77
GPAD,Date,20150127,77
GPAD,Date,20160121,77
GPAD,Date,20040312,76
GPAD,Date,20080118,76
GPAD,Date,20080121,76
GPAD,Date,20080314,76
GPAD,Date,20080402,76
GPAD,Date,20090819,76
GPAD,Date,20091130,76
GPAD,Date,20101203,76
GPAD,Date,20110810,76
GPAD,Date,20111207,76
GPAD,Date,20130805,76
GPAD,Date,20140416,76
GPAD,Date,20141118,76
GPAD,Date,20050322,75
GPAD,Date,20060315,75
GPAD,Date,20100706,75
GPAD,Date,20101008,75
GPAD,Date,20110404,75
GPAD,Date,20111115,75
GPAD,Date,20120423,75
GPAD,Date,20140319,75
GPAD,Date,20141222,75
GPAD,Date,20151024,75
GPAD,Date,20060227,74
GPAD,Date,20090731,74
GPAD,Date,20090814,74
GPAD,Date,20090901,74
GPAD,Date,20110921,74
GPAD,Date,20111114,74
GPAD,Date,20111120,74
GPAD,Date,20120305,74
GPAD,Date,20120926,74
GPAD,Date,20121220,74
GPAD,Date,20130617,74
GPAD,Date,20141024,74
GPAD,Date,20150706,74
GPAD,Date,20061204,73
GPAD,Date,20081013,73
GPAD,Date,20090420,73
GPAD,Date,20090903,73
GPAD,Date,20091126,73
GPAD,Date,20100107,73
GPAD,Date,20110304,73
GPAD,Date,20110331,73
GPAD,Date,20110803,73
GPAD,Date,20110905,73
GPAD,Date,20110929,73
GPAD,Date,20150120,73
GPAD,Date,20150310,73
GPAD,Date,20160311,73
GPAD,Date,20160606,73
GPAD,Date,20040809,72
GPAD,Date,20061117,72
GPAD,Date,20070914,72
GPAD,Date,20080624,72
GPAD,Date,20081205,72
GPAD,Date,20120322,72
GPAD,Date,20120713,72
GPAD,Date,20120914,72
GPAD,Date,20130601,72
GPAD,Date,20140825,72
GPAD,Date,20140905,72
GPAD,Date,20150923,72
GPAD,Date,20151208,72
GPAD,Date,20160125,72
GPAD,Date,20040202,71
GPAD,Date,20081007,71
GPAD,Date,20090415,71
GPAD,Date,20090716,71
GPAD,Date,20090804,71
GPAD,Date,20091102,71
GPAD,Date,20100304,71
GPAD,Date,20100528,71
GPAD,Date,20110202,71
GPAD,Date,20110208,71
GPAD,Date,20110315,71
GPAD,Date,20110411,71
GPAD,Date,20111108,71
GPAD,Date,20120806,71
GPAD,Date,20131010,71
GPAD,Date,20140219,71
GPAD,Date,20140428,71
GPAD,Date,20140506,71
GPAD,Date,20140707,71
GPAD,Date,20150610,71
GPAD,Date,20160420,71
GPAD,Date,20010927,70
GPAD,Date,20050216,70
GPAD,Date,20060206,70
GPAD,Date,20080620,70
GPAD,Date,20091209,70
GPAD,Date,20100118,70
GPAD,Date,20100707,70
GPAD,Date,20110207,70
GPAD,Date,20110223,70
GPAD,Date,20110328,70
GPAD,Date,20110808,70
GPAD,Date,20111004,70
GPAD,Date,20120801,70
GPAD,Date,20121017,70
GPAD,Date,20130909,70
GPAD,Date,20131009,70
GPAD,Date,20131030,70
GPAD,Date,20141223,70
GPAD,Date,20150930,70
GPAD,Date,20160129,70
GPAD,Date,20080923,69
GPAD,Date,20090515,69
GPAD,Date,20100708,69
GPAD,Date,20100810,69
GPAD,Date,20110419,69
GPAD,Date,20120209,69
GPAD,Date,20120521,69
GPAD,Date,20130807,69
GPAD,Date,20130828,69
GPAD,Date,20131108,69
GPAD,Date,20140206,69
GPAD,Date,20140403,69
GPAD,Date,20140910,69
GPAD,Date,20150306,69
GPAD,Date,20150413,69
GPAD,Date,20160610,69
GPAD,Date,20041206,68
GPAD,Date,20061127,68
GPAD,Date,20080530,68
GPAD,Date,20080612,68
GPAD,Date,20081119,68
GPAD,Date,20101213,68
GPAD,Date,20110322,68
GPAD,Date,20111215,68
GPAD,Date,20130329,68
GPAD,Date,20130507,68
GPAD,Date,20130521,68
GPAD,Date,20130814,68
GPAD,Date,20140702,68
GPAD,Date,20140902,68
GPAD,Date,20150115,68
GPAD,Date,20150304,68
GPAD,Date,20160422,68
GPAD,Date,20061115,67
GPAD,Date,20070321,67
GPAD,Date,20081107,67
GPAD,Date,20090107,67
GPAD,Date,20090219,67
GPAD,Date,20090306,67
GPAD,Date,20090430,67
GPAD,Date,20091116,67
GPAD,Date,20100806,67
GPAD,Date,20110503,67
GPAD,Date,20111010,67
GPAD,Date,20111017,67
GPAD,Date,20111221,67
GPAD,Date,20120229,67
GPAD,Date,20120404,67
GPAD,Date,20121119,67
GPAD,Date,20121219,67
GPAD,Date,20130308,67
GPAD,Date,20130618,67
GPAD,Date,20131202,67
GPAD,Date,20131212,67
GPAD,Date,20140321,67
GPAD,Date,20140507,67
GPAD,Date,20140805,67
GPAD,Date,20140918,67
GPAD,Date,20150518,67
GPAD,Date,20150707,67
GPAD,Date,20151028,67
GPAD,Date,20060301,66
GPAD,Date,20070807,66
GPAD,Date,20080521,66
GPAD,Date,20080718,66
GPAD,Date,20090630,66
GPAD,Date,20110711,66
GPAD,Date,20111110,66
GPAD,Date,20120402,66
GPAD,Date,20120409,66
GPAD,Date,20120620,66
GPAD,Date,20130606,66
GPAD,Date,20130705,66
GPAD,Date,20140618,66
GPAD,Date,20150109,66
GPAD,Date,20150307,66
GPAD,Date,20150512,66
GPAD,Date,20060124,65
GPAD,Date,20061205,65
GPAD,Date,20091118,65
GPAD,Date,20091207,65
GPAD,Date,20100325,65
GPAD,Date,20100624,65
GPAD,Date,20100729,65
GPAD,Date,20101006,65
GPAD,Date,20110321,65
GPAD,Date,20110520,65
GPAD,Date,20110614,65
GPAD,Date,20120106,65
GPAD,Date,20120203,65
GPAD,Date,20120217,65
GPAD,Date,20140115,65
GPAD,Date,20140226,65
GPAD,Date,20160405,65
GPAD,Date,20060308,64
GPAD,Date,20090519,64
GPAD,Date,20091120,64
GPAD,Date,20100128,64
GPAD,Date,20100730,64
GPAD,Date,20110816,64
GPAD,Date,20111028,64
GPAD,Date,20120210,64
GPAD,Date,20130723,64
GPAD,Date,20140322,64
GPAD,Date,20141010,64
GPAD,Date,20150113,64
GPAD,Date,20151203,64
GPAD,Date,20160323,64
GPAD,Date,20060403,63
GPAD,Date,20080820,63
GPAD,Date,20090507,63
GPAD,Date,20090727,63
GPAD,Date,20091002,63
GPAD,Date,20091105,63
GPAD,Date,20100113,63
GPAD,Date,20100507,63
GPAD,Date,20100920,63
GPAD,Date,20110112,63
GPAD,Date,20111212,63
GPAD,Date,20120206,63
GPAD,Date,20120607,63
GPAD,Date,20120723,63
GPAD,Date,20121121,63
GPAD,Date,20131002,63
GPAD,Date,20131224,63
GPAD,Date,20140623,63
GPAD,Date,20141211,63
GPAD,Date,20151014,63
GPAD,Date,20010831,62
GPAD,Date,20060207,62
GPAD,Date,20081218,62
GPAD,Date,20090116,62
GPAD,Date,20090714,62
GPAD,Date,20090825,62
GPAD,Date,20091029,62
GPAD,Date,20091112,62
GPAD,Date,20100120,62
GPAD,Date,20100218,62
GPAD,Date,20100311,62
GPAD,Date,20120531,62
GPAD,Date,20140325,62
GPAD,Date,20141017,62
GPAD,Date,20141027,62
GPAD,Date,20160427,62
GPAD,Date,20030424,61
GPAD,Date,20051220,61
GPAD,Date,20070328,61
GPAD,Date,20071023,61
GPAD,Date,20080414,61
GPAD,Date,20090121,61
GPAD,Date,20090204,61
GPAD,Date,20091214,61
GPAD,Date,20110107,61
GPAD,Date,20110817,61
GPAD,Date,20120116,61
GPAD,Date,20120220,61
GPAD,Date,20140210,61
GPAD,Date,20140324,61
GPAD,Date,20140417,61
GPAD,Date,20140528,61
GPAD,Date,20140717,61
GPAD,Date,20140911,61
GPAD,Date,20141103,61
GPAD,Date,20150903,61
GPAD,Date,20150904,61
GPAD,Date,20151118,61
GPAD,Date,20151210,61
GPAD,Date,20020528,60
GPAD,Date,20041119,60
GPAD,Date,20041130,60
GPAD,Date,20060425,60
GPAD,Date,20060426,60
GPAD,Date,20061109,60
GPAD,Date,20061114,60
GPAD,Date,20070418,60
GPAD,Date,20070608,60
GPAD,Date,20071001,60
GPAD,Date,20080528,60
GPAD,Date,20080909,60
GPAD,Date,20081219,60
GPAD,Date,20090326,60
GPAD,Date,20090710,60
GPAD,Date,20100726,60
GPAD,Date,20110218,60
GPAD,Date,20120609,60
GPAD,Date,20131203,60
GPAD,Date,20140812,60
GPAD,Date,20160330,60
GPAD,Date,20050221,59
GPAD,Date,20070516,59
GPAD,Date,20080516,59
GPAD,Date,20080613,59
GPAD,Date,20080821,59
GPAD,Date,20100315,59
GPAD,Date,20100524,59
GPAD,Date,20110215,59
GPAD,Date,20110623,59
GPAD,Date,20140129,59
GPAD,Date,20140822,59
GPAD,Date,20141008,59
GPAD,Date,20150112,59
GPAD,Date,20150714,59
GPAD,Date,20151113,59
GPAD,Date,20160103,59
GPAD,Date,20011004,58
GPAD,Date,20050923,58
GPAD,Date,20080915,58
GPAD,Date,20090820,58
GPAD,Date,20090909,58
GPAD,Date,20091110,58
GPAD,Date,20100209,58
GPAD,Date,20100312,58
GPAD,Date,20100929,58
GPAD,Date,20110221,58
GPAD,Date,20110607,58
GPAD,Date,20110704,58
GPAD,Date,20120223,58
GPAD,Date,20120420,58
GPAD,Date,20120501,58
GPAD,Date,20120924,58
GPAD,Date,20121008,58
GPAD,Date,20130626,58
GPAD,Date,20130717,58
GPAD,Date,20140326,58
GPAD,Date,20150601,58
GPAD,Date,20160504,58
GPAD,Date,20051122,57
GPAD,Date,20071126,57
GPAD,Date,20080130,57
GPAD,Date,20080306,57
GPAD,Date,20090421,57
GPAD,Date,20091211,57
GPAD,Date,20091218,57
GPAD,Date,20100408,57
GPAD,Date,20110127,57
GPAD,Date,20110203,57
GPAD,Date,20110805,57
GPAD,Date,20120629,57
GPAD,Date,20120710,57
GPAD,Date,20130418,57
GPAD,Date,20130703,57
GPAD,Date,20140725,57
GPAD,Date,20141216,57
GPAD,Date,20150731,57
GPAD,Date,20160523,57
GPAD,Date,20010919,56
GPAD,Date,20010924,56
GPAD,Date,20060120,56
GPAD,Date,20061006,56
GPAD,Date,20080215,56
GPAD,Date,20080512,56
GPAD,Date,20081017,56
GPAD,Date,20081106,56
GPAD,Date,20081126,56
GPAD,Date,20090216,56
GPAD,Date,20090508,56
GPAD,Date,20110621,56
GPAD,Date,20110831,56
GPAD,Date,20120320,56
GPAD,Date,20121214,56
GPAD,Date,20130304,56
GPAD,Date,20130424,56
GPAD,Date,20130708,56
GPAD,Date,20130816,56
GPAD,Date,20140122,56
GPAD,Date,20140312,56
GPAD,Date,20140527,56
GPAD,Date,20140929,56
GPAD,Date,20141007,56
GPAD,Date,20141104,56
GPAD,Date,20150811,56
GPAD,Date,20151006,56
GPAD,Date,20160517,56
GPAD,Date,20070813,55
GPAD,Date,20080311,55
GPAD,Date,20080522,55
GPAD,Date,20081217,55
GPAD,Date,20100215,55
GPAD,Date,20100604,55
GPAD,Date,20101004,55
GPAD,Date,20110615,55
GPAD,Date,20110622,55
GPAD,Date,20110720,55
GPAD,Date,20111007,55
GPAD,Date,20120117,55
GPAD,Date,20120424,55
GPAD,Date,20121015,55
GPAD,Date,20130510,55
GPAD,Date,20131112,55
GPAD,Date,20140820,55
GPAD,Date,20150509,55
GPAD,Date,20150804,55
GPAD,Date,20060818,54
GPAD,Date,20061214,54
GPAD,Date,20080811,54
GPAD,Date,20091009,54
GPAD,Date,20091210,54
GPAD,Date,20100108,54
GPAD,Date,20100201,54
GPAD,Date,20100329,54
GPAD,Date,20101018,54
GPAD,Date,20110309,54
GPAD,Date,20110927,54
GPAD,Date,20111006,54
GPAD,Date,20111014,54
GPAD,Date,20120130,54
GPAD,Date,20120215,54
GPAD,Date,20120315,54
GPAD,Date,20120613,54
GPAD,Date,20121106,54
GPAD,Date,20130218,54
GPAD,Date,20130417,54
GPAD,Date,20130605,54
GPAD,Date,20130619,54
GPAD,Date,20131201,54
GPAD,Date,20131218,54
GPAD,Date,20140131,54
GPAD,Date,20140204,54
GPAD,Date,20140223,54
GPAD,Date,20150130,54
GPAD,Date,20150721,54
GPAD,Date,20150730,54
GPAD,Date,20150921,54
GPAD,Date,20051129,53
GPAD,Date,20060117,53
GPAD,Date,20060228,53
GPAD,Date,20060508,53
GPAD,Date,20070912,53
GPAD,Date,20080131,53
GPAD,Date,20081003,53
GPAD,Date,20081203,53
GPAD,Date,20090807,53
GPAD,Date,20091124,53
GPAD,Date,20100322,53
GPAD,Date,20110627,53
GPAD,Date,20111129,53
GPAD,Date,20120720,53
GPAD,Date,20130823,53
GPAD,Date,20131127,53
GPAD,Date,20140327,53
GPAD,Date,20141126,53
GPAD,Date,20150302,53
GPAD,Date,20160122,53
GPAD,Date,20160215,53
GPAD,Date,20160322,53
GPAD,Date,20160531,53
GPAD,Date,20040430,52
GPAD,Date,20060717,52
GPAD,Date,20070124,52
GPAD,Date,20080429,52
GPAD,Date,20081114,52
GPAD,Date,20090428,52
GPAD,Date,20090717,52
GPAD,Date,20090904,52
GPAD,Date,20100104,52
GPAD,Date,20100722,52
GPAD,Date,20101013,52
GPAD,Date,20110119,52
GPAD,Date,20110310,52
GPAD,Date,20120417,52
GPAD,Date,20120822,52
GPAD,Date,20121024,52
GPAD,Date,20130320,52
GPAD,Date,20140502,52
GPAD,Date,20140703,52
GPAD,Date,20140814,52
GPAD,Date,20150617,52
GPAD,Date,20150718,52
GPAD,Date,20150908,52
GPAD,Date,20160105,52
GPAD,Date,20160111,52
GPAD,Date,20160621,52
GPAD,Date,20010921,51
GPAD,Date,20051109,51
GPAD,Date,20060404,51
GPAD,Date,20071016,51
GPAD,Date,20071122,51
GPAD,Date,20080602,51
GPAD,Date,20090209,51
GPAD,Date,20091019,51
GPAD,Date,20091123,51
GPAD,Date,20100323,51
GPAD,Date,20100510,51
GPAD,Date,20100820,51
GPAD,Date,20101125,51
GPAD,Date,20110628,51
GPAD,Date,20120316,51
GPAD,Date,20120321,51
GPAD,Date,20120808,51
GPAD,Date,20121127,51
GPAD,Date,20131004,51
GPAD,Date,20150227,51
GPAD,Date,20150423,51
GPAD,Date,20150529,51
GPAD,Date,20160211,51
GPAD,Date,20010913,50
GPAD,Date,20010918,50
GPAD,Date,20011003,50
GPAD,Date,20040311,50
GPAD,Date,20050214,50
GPAD,Date,20060223,50
GPAD,Date,20060821,50
GPAD,Date,20061113,50
GPAD,Date,20080519,50
GPAD,Date,20100115,50
GPAD,Date,20100317,50
GPAD,Date,20100422,50
GPAD,Date,20100601,50
GPAD,Date,20100914,50
GPAD,Date,20110225,50
GPAD,Date,20111123,50
GPAD,Date,20120213,50
GPAD,Date,20120327,50
GPAD,Date,20120523,50
GPAD,Date,20130612,50
GPAD,Date,20131011,50
GPAD,Date,20131120,50
GPAD,Date,20140818,50
GPAD,Date,20141016,50
GPAD,Date,20150609,50
GPAD,Date,20010920,49
GPAD,Date,20040415,49
GPAD,Date,20050218,49
GPAD,Date,20070305,49
GPAD,Date,20080312,49
GPAD,Date,20080425,49
GPAD,Date,20091020,49
GPAD,Date,20100111,49
GPAD,Date,20100126,49
GPAD,Date,20110527,49
GPAD,Date,20110712,49
GPAD,Date,20110714,49
GPAD,Date,20120608,49
GPAD,Date,20120716,49
GPAD,Date,20130108,49
GPAD,Date,20130809,49
GPAD,Date,20131031,49
GPAD,Date,20140106,49
GPAD,Date,20140304,49
GPAD,Date,20150827,49
GPAD,Date,20151021,49
GPAD,Date,20151023,49
GPAD,Date,20160223,49
GPAD,Date,20160318,49
GPAD,Date,20040817,48
GPAD,Date,20060104,48
GPAD,Date,20060316,48
GPAD,Date,20090617,48
GPAD,Date,20100301,48
GPAD,Date,20100319,48
GPAD,Date,20101014,48
GPAD,Date,20110504,48
GPAD,Date,20120403,48
GPAD,Date,20120418,48
GPAD,Date,20120816,48
GPAD,Date,20140228,48
GPAD,Date,20140306,48
GPAD,Date,20140617,48
GPAD,Date,20140801,48
GPAD,Date,20141009,48
GPAD,Date,20141030,48
GPAD,Date,20150224,48
GPAD,Date,20150409,48
GPAD,Date,20150513,48
GPAD,Date,20160510,48
GPAD,Date,20160527,48
GPAD,Date,20010925,47
GPAD,Date,20030814,47
GPAD,Date,20050331,47
GPAD,Date,20051118,47
GPAD,Date,20060106,47
GPAD,Date,20061201,47
GPAD,Date,20080514,47
GPAD,Date,20090203,47
GPAD,Date,20090608,47
GPAD,Date,20091012,47
GPAD,Date,20100423,47
GPAD,Date,20100917,47
GPAD,Date,20110210,47
GPAD,Date,20120508,47
GPAD,Date,20120611,47
GPAD,Date,20120821,47
GPAD,Date,20121016,47
GPAD,Date,20121207,47
GPAD,Date,20121212,47
GPAD,Date,20130116,47
GPAD,Date,20130212,47
GPAD,Date,20130904,47
GPAD,Date,20140218,47
GPAD,Date,20140606,47
GPAD,Date,20141022,47
GPAD,Date,20150209,47
GPAD,Date,20150427,47
GPAD,Date,20151027,47
GPAD,Date,20160218,47
GPAD,Date,20160222,47
GPAD,Date,20160321,47
GPAD,Date,20010905,46
GPAD,Date,20050715,46
GPAD,Date,20060130,46
GPAD,Date,20060424,46
GPAD,Date,20060509,46
GPAD,Date,20061012,46
GPAD,Date,20080403,46
GPAD,Date,20080507,46
GPAD,Date,20080616,46
GPAD,Date,20081129,46
GPAD,Date,20091104,46
GPAD,Date,20091201,46
GPAD,Date,20100715,46
GPAD,Date,20100825,46
GPAD,Date,20101029,46
GPAD,Date,20110128,46
GPAD,Date,20110228,46
GPAD,Date,20110809,46
GPAD,Date,20110904,46
GPAD,Date,20120621,46
GPAD,Date,20130305,46
GPAD,Date,20130325,46
GPAD,Date,20130422,46
GPAD,Date,20130508,46
GPAD,Date,20130625,46
GPAD,Date,20131105,46
GPAD,Date,20140111,46
GPAD,Date,20151202,46
GPAD,Date,20160201,46
GPAD,Date,20160607,46
GPAD,Date,20010903,45
GPAD,Date,20010928,45
GPAD,Date,20020618,45
GPAD,Date,20040129,45
GPAD,Date,20060103,45
GPAD,Date,20060208,45
GPAD,Date,20060719,45
GPAD,Date,20080625,45
GPAD,Date,20081031,45
GPAD,Date,20081207,45
GPAD,Date,20081208,45
GPAD,Date,20090618,45
GPAD,Date,20100622,45
GPAD,Date,20100727,45
GPAD,Date,20120618,45
GPAD,Date,20120815,45
GPAD,Date,20120910,45
GPAD,Date,20121123,45
GPAD,Date,20130813,45
GPAD,Date,20131114,45
GPAD,Date,20140711,45
GPAD,Date,20150416,45
GPAD,Date,20150608,45
GPAD,Date,20151002,45
GPAD,Date,20151106,45
GPAD,Date,20010929,44
GPAD,Date,20021104,44
GPAD,Date,20031118,44
GPAD,Date,20060131,44
GPAD,Date,20071002,44
GPAD,Date,20071221,44
GPAD,Date,20080124,44
GPAD,Date,20080812,44
GPAD,Date,20110113,44
GPAD,Date,20110118,44
GPAD,Date,20110325,44
GPAD,Date,20120510,44
GPAD,Date,20120706,44
GPAD,Date,20121018,44
GPAD,Date,20121023,44
GPAD,Date,20130226,44
GPAD,Date,20130301,44
GPAD,Date,20130914,44
GPAD,Date,20131015,44
GPAD,Date,20140130,44
GPAD,Date,20140630,44
GPAD,Date,20141014,44
GPAD,Date,20141215,44
GPAD,Date,20150817,44
GPAD,Date,20151105,44
GPAD,Date,20160115,44
GPAD,Date,20160212,44
GPAD,Date,20160524,44
GPAD,Date,20060302,43
GPAD,Date,20070302,43
GPAD,Date,20071017,43
GPAD,Date,20080225,43
GPAD,Date,20080307,43
GPAD,Date,20090225,43
GPAD,Date,20090709,43
GPAD,Date,20091125,43
GPAD,Date,20100121,43
GPAD,Date,20100212,43
GPAD,Date,20100303,43
GPAD,Date,20100310,43
GPAD,Date,20100629,43
GPAD,Date,20101005,43
GPAD,Date,20110131,43
GPAD,Date,20110506,43
GPAD,Date,20120717,43
GPAD,Date,20121128,43
GPAD,Date,20130328,43
GPAD,Date,20130815,43
GPAD,Date,20130822,43
GPAD,Date,20131107,43
GPAD,Date,20140212,43
GPAD,Date,20141121,43
GPAD,Date,20160120,43
GPAD,Date,20010830,42
GPAD,Date,20040225,42
GPAD,Date,20060809,42
GPAD,Date,20071120,42
GPAD,Date,20080214,42
GPAD,Date,20080502,42
GPAD,Date,20080707,42
GPAD,Date,20080725,42
GPAD,Date,20080917,42
GPAD,Date,20081104,42
GPAD,Date,20081118,42
GPAD,Date,20090120,42
GPAD,Date,20090318,42
GPAD,Date,20090729,42
GPAD,Date,20091014,42
GPAD,Date,20091115,42
GPAD,Date,20100202,42
GPAD,Date,20100714,42
GPAD,Date,20110123,42
GPAD,Date,20110721,42
GPAD,Date,20120222,42
GPAD,Date,20120504,42
GPAD,Date,20120719,42
GPAD,Date,20121005,42
GPAD,Date,20121120,42
GPAD,Date,20130121,42
GPAD,Date,20130710,42
GPAD,Date,20131003,42
GPAD,Date,20131008,42
GPAD,Date,20150612,42
GPAD,Date,20151001,42
GPAD,Date,20151223,42
GPAD,Date,20010822,41
GPAD,Date,20010904,41
GPAD,Date,20041005,41
GPAD,Date,20050418,41
GPAD,Date,20050519,41
GPAD,Date,20060220,41
GPAD,Date,20060906,41
GPAD,Date,20061215,41
GPAD,Date,20070125,41
GPAD,Date,20080111,41
GPAD,Date,20080610,41
GPAD,Date,20081024,41
GPAD,Date,20090501,41
GPAD,Date,20090915,41
GPAD,Date,20091113,41
GPAD,Date,20100222,41
GPAD,Date,20110103,41
GPAD,Date,20110822,41
GPAD,Date,20120917,41
GPAD,Date,20130201,41
GPAD,Date,20130313,41
GPAD,Date,20130627,41
GPAD,Date,20140120,41
GPAD,Date,20140214,41
GPAD,Date,20140904,41
GPAD,Date,20141015,41
GPAD,Date,20150625,41
GPAD,Date,20150915,41
GPAD,Date,20160217,41
GPAD,Date,20160225,41
GPAD,Date,20020906,40
GPAD,Date,20021018,40
GPAD,Date,20031107,40
GPAD,Date,20050927,40
GPAD,Date,20060118,40
GPAD,Date,20070730,40
GPAD,Date,20080605,40
GPAD,Date,20080801,40
GPAD,Date,20080822,40
GPAD,Date,20090304,40
GPAD,Date,20100130,40
GPAD,Date,20101109,40
GPAD,Date,20101122,40
GPAD,Date,20110105,40
GPAD,Date,20110214,40
GPAD,Date,20110216,40
GPAD,Date,20110407,40
GPAD,Date,20110525,40
GPAD,Date,20120514,40
GPAD,Date,20120625,40
GPAD,Date,20120718,40
GPAD,Date,20130415,40
GPAD,Date,20130808,40
GPAD,Date,20140921,40
GPAD,Date,20150420,40
GPAD,Date,20151020,40
GPAD,Date,20151222,40
GPAD,Date,20160419,40
GPAD,Date,20160614,40
GPAD,Date,20040405,39
GPAD,Date,20051115,39
GPAD,Date,20060113,39
GPAD,Date,20060628,39
GPAD,Date,20061116,39
GPAD,Date,20070521,39
GPAD,Date,20070911,39
GPAD,Date,20080107,39
GPAD,Date,20080827,39
GPAD,Date,20090703,39
GPAD,Date,20101015,39
GPAD,Date,20101206,39
GPAD,Date,20110408,39
GPAD,Date,20110729,39
GPAD,Date,20111105,39
GPAD,Date,20111107,39
GPAD,Date,20120803,39
GPAD,Date,20121002,39
GPAD,Date,20121101,39
GPAD,Date,20130109,39
GPAD,Date,20130128,39
GPAD,Date,20130916,39
GPAD,Date,20140301,39
GPAD,Date,20140311,39
GPAD,Date,20141125,39
GPAD,Date,20160324,39
GPAD,Date,20031111,38
GPAD,Date,20040727,38
GPAD,Date,20040820,38
GPAD,Date,20060216,38
GPAD,Date,20070913,38
GPAD,Date,20071022,38
GPAD,Date,20080102,38
GPAD,Date,20080123,38
GPAD,Date,20080803,38
GPAD,Date,20081021,38
GPAD,Date,20090309,38
GPAD,Date,20090605,38
GPAD,Date,20090902,38
GPAD,Date,20100407,38
GPAD,Date,20100617,38
GPAD,Date,20100804,38
GPAD,Date,20101101,38
GPAD,Date,20110209,38
GPAD,Date,20110217,38
GPAD,Date,20110220,38
GPAD,Date,20111019,38
GPAD,Date,20120124,38
GPAD,Date,20120323,38
GPAD,Date,20120809,38
GPAD,Date,20130515,38
GPAD,Date,20150325,38
GPAD,Date,20150505,38
GPAD,Date,20150716,38
GPAD,Date,20160615,38
GPAD,Date,20011001,37
GPAD,Date,20060310,37
GPAD,Date,20060525,37
GPAD,Date,20060707,37
GPAD,Date,20061206,37
GPAD,Date,20070605,37
GPAD,Date,20070808,37
GPAD,Date,20080228,37
GPAD,Date,20080428,37
GPAD,Date,20080924,37
GPAD,Date,20090812,37
GPAD,Date,20091021,37
GPAD,Date,20091027,37
GPAD,Date,20100129,37
GPAD,Date,20100226,37
GPAD,Date,20100412,37
GPAD,Date,20100610,37
GPAD,Date,20100623,37
GPAD,Date,20100630,37
GPAD,Date,20101007,37
GPAD,Date,20101020,37
GPAD,Date,20101022,37
GPAD,Date,20101208,37
GPAD,Date,20110620,37
GPAD,Date,20120622,37
GPAD,Date,20120918,37
GPAD,Date,20121130,37
GPAD,Date,20130419,37
GPAD,Date,20130925,37
GPAD,Date,20131119,37
GPAD,Date,20140227,37
GPAD,Date,20140429,37
GPAD,Date,20140520,37
GPAD,Date,20150822,37
GPAD,Date,20150924,37
GPAD,Date,20151120,37
GPAD,Date,20160622,37
GPAD,Date,20010926,36
GPAD,Date,20040308,36
GPAD,Date,20060524,36
GPAD,Date,20060616,36
GPAD,Date,20061123,36
GPAD,Date,20070509,36
GPAD,Date,20071220,36
GPAD,Date,20080618,36
GPAD,Date,20090403,36
GPAD,Date,20090521,36
GPAD,Date,20090713,36
GPAD,Date,20090806,36
GPAD,Date,20090821,36
GPAD,Date,20090921,36
GPAD,Date,20100506,36
GPAD,Date,20100701,36
GPAD,Date,20100723,36
GPAD,Date,20101116,36
GPAD,Date,20110601,36
GPAD,Date,20110617,36
GPAD,Date,20111012,36
GPAD,Date,20120214,36
GPAD,Date,20120516,36
GPAD,Date,20120802,36
GPAD,Date,20121112,36
GPAD,Date,20121205,36
GPAD,Date,20130104,36
GPAD,Date,20130918,36
GPAD,Date,20140224,36
GPAD,Date,20150526,36
GPAD,Date,20151123,36
GPAD,Date,20151221,36
GPAD,Date,20160126,36
GPAD,Date,20160303,36
GPAD,Date,20160530,36
GPAD,Date,20030403,35
GPAD,Date,20030813,35
GPAD,Date,20050428,35
GPAD,Date,20060209,35
GPAD,Date,20060222,35
GPAD,Date,20060405,35
GPAD,Date,20060811,35
GPAD,Date,20061121,35
GPAD,Date,20070420,35
GPAD,Date,20070814,35
GPAD,Date,20071026,35
GPAD,Date,20080206,35
GPAD,Date,20081216,35
GPAD,Date,20090227,35
GPAD,Date,20090323,35
GPAD,Date,20100210,35
GPAD,Date,20100211,35
GPAD,Date,20100316,35
GPAD,Date,20101210,35
GPAD,Date,20110710,35
GPAD,Date,20111018,35
GPAD,Date,20120216,35
GPAD,Date,20120410,35
GPAD,Date,20120702,35
GPAD,Date,20120814,35
GPAD,Date,20121012,35
GPAD,Date,20121026,35
GPAD,Date,20121109,35
GPAD,Date,20130306,35
GPAD,Date,20130426,35
GPAD,Date,20140423,35
GPAD,Date,20141021,35
GPAD,Date,20160127,35
GPAD,Date,20160224,35
GPAD,Date,20160302,35
GPAD,Date,20021106,34
GPAD,Date,20021218,34
GPAD,Date,20050526,34
GPAD,Date,20060410,34
GPAD,Date,20061010,34
GPAD,Date,20070102,34
GPAD,Date,20070918,34
GPAD,Date,20071113,34
GPAD,Date,20080407,34
GPAD,Date,20080731,34
GPAD,Date,20080810,34
GPAD,Date,20080904,34
GPAD,Date,20081202,34
GPAD,Date,20090707,34
GPAD,Date,20100906,34
GPAD,Date,20110324,34
GPAD,Date,20110524,34
GPAD,Date,20110928,34
GPAD,Date,20111222,34
GPAD,Date,20120207,34
GPAD,Date,20120328,34
GPAD,Date,20120419,34
GPAD,Date,20120813,34
GPAD,Date,20130123,34
GPAD,Date,20130124,34
GPAD,Date,20131023,34
GPAD,Date,20131104,34
GPAD,Date,20140213,34
GPAD,Date,20140408,34
GPAD,Date,20140509,34
GPAD,Date,20140602,34
GPAD,Date,20140624,34
GPAD,Date,20151129,34
GPAD,Date,20010817,33
GPAD,Date,20050114,33
GPAD,Date,20050609,33
GPAD,Date,20060224,33
GPAD,Date,20060822,33
GPAD,Date,20061103,33
GPAD,Date,20070606,33
GPAD,Date,20071128,33
GPAD,Date,20080129,33
GPAD,Date,20080630,33
GPAD,Date,20081103,33
GPAD,Date,20081209,33
GPAD,Date,20090122,33
GPAD,Date,20090313,33
GPAD,Date,20090817,33
GPAD,Date,20100409,33
GPAD,Date,20100621,33
GPAD,Date,20100916,33
GPAD,Date,20110505,33
GPAD,Date,20110829,33
GPAD,Date,20110930,33
GPAD,Date,20111005,33
GPAD,Date,20111101,33
GPAD,Date,20120515,33
GPAD,Date,20120626,33
GPAD,Date,20130405,33
GPAD,Date,20130709,33
GPAD,Date,20140217,33
GPAD,Date,20140225,33
GPAD,Date,20140620,33
GPAD,Date,20140718,33
GPAD,Date,20150813,33
GPAD,Date,20151026,33
GPAD,Date,20151207,33
GPAD,Date,20040223,32
GPAD,Date,20051124,32
GPAD,Date,20060306,32
GPAD,Date,20060915,32
GPAD,Date,20061102,32
GPAD,Date,20061122,32
GPAD,Date,20070115,32
GPAD,Date,20070411,32
GPAD,Date,20080421,32
GPAD,Date,20080529,32
GPAD,Date,20080714,32
GPAD,Date,20080815,32
GPAD,Date,20080918,32
GPAD,Date,20081127,32
GPAD,Date,20090108,32
GPAD,Date,20090730,32
GPAD,Date,20100216,32
GPAD,Date,20100702,32
GPAD,Date,20100713,32
GPAD,Date,20100817,32
GPAD,Date,20110106,32
GPAD,Date,20110826,32
GPAD,Date,20120416,32
GPAD,Date,20130827,32
GPAD,Date,20130912,32
GPAD,Date,20131111,32
GPAD,Date,20150119,32
GPAD,Date,20160511,32
GPAD,Date,20010828,31
GPAD,Date,20040709,31
GPAD,Date,20050921,31
GPAD,Date,20051202,31
GPAD,Date,20051206,31
GPAD,Date,20061009,31
GPAD,Date,20071210,31
GPAD,Date,20080506,31
GPAD,Date,20080912,31
GPAD,Date,20081015,31
GPAD,Date,20081124,31
GPAD,Date,20090611,31
GPAD,Date,20090828,31
GPAD,Date,20090911,31
GPAD,Date,20091023,31
GPAD,Date,20100224,31
GPAD,Date,20100302,31
GPAD,Date,20100321,31
GPAD,Date,20100428,31
GPAD,Date,20100525,31
GPAD,Date,20100902,31
GPAD,Date,20110311,31
GPAD,Date,20120306,31
GPAD,Date,20120425,31
GPAD,Date,20120605,31
GPAD,Date,20120709,31
GPAD,Date,20130117,31
GPAD,Date,20130219,31
GPAD,Date,20130416,31
GPAD,Date,20130715,31
GPAD,Date,20140107,31
GPAD,Date,20140116,31
GPAD,Date,20141115,31
GPAD,Date,20150703,31
GPAD,Date,20150828,31
GPAD,Date,20151007,31
GPAD,Date,20151130,31
GPAD,Date,20160219,31
GPAD,Date,20010813,30
GPAD,Date,20030909,30
GPAD,Date,20040804,30
GPAD,Date,20050603,30
GPAD,Date,20051010,30
GPAD,Date,20051103,30
GPAD,Date,20051222,30
GPAD,Date,20060712,30
GPAD,Date,20060904,30
GPAD,Date,20061213,30
GPAD,Date,20070711,30
GPAD,Date,20071115,30
GPAD,Date,20080122,30
GPAD,Date,20080723,30
GPAD,Date,20080828,30
GPAD,Date,20080908,30
GPAD,Date,20080914,30
GPAD,Date,20090211,30
GPAD,Date,20090305,30
GPAD,Date,20090518,30
GPAD,Date,20090623,30
GPAD,Date,20091223,30
GPAD,Date,20100305,30
GPAD,Date,20100504,30
GPAD,Date,20100505,30
GPAD,Date,20100527,30
GPAD,Date,20100809,30
GPAD,Date,20101011,30
GPAD,Date,20110509,30
GPAD,Date,20110630,30
GPAD,Date,20110725,30
GPAD,Date,20120614,30
GPAD,Date,20121001,30
GPAD,Date,20130531,30
GPAD,Date,20130913,30
GPAD,Date,20140406,30
GPAD,Date,20151209,30
GPAD,Date,20010814,29
GPAD,Date,20021023,29
GPAD,Date,20030804,29
GPAD,Date,20031110,29
GPAD,Date,20040319,29
GPAD,Date,20040406,29
GPAD,Date,20050323,29
GPAD,Date,20050809,29
GPAD,Date,20051123,29
GPAD,Date,20060331,29
GPAD,Date,20070523,29
GPAD,Date,20070809,29
GPAD,Date,20071012,29
GPAD,Date,20071025,29
GPAD,Date,20080422,29
GPAD,Date,20080520,29
GPAD,Date,20080724,29
GPAD,Date,20081110,29
GPAD,Date,20090212,29
GPAD,Date,20090220,29
GPAD,Date,20090527,29
GPAD,Date,20090924,29
GPAD,Date,20100401,29
GPAD,Date,20100823,29
GPAD,Date,20101001,29
GPAD,Date,20101117,29
GPAD,Date,20101118,29
GPAD,Date,20101124,29
GPAD,Date,20110421,29
GPAD,Date,20120507,29
GPAD,Date,20120528,29
GPAD,Date,20120711,29
GPAD,Date,20121129,29
GPAD,Date,20121221,29
GPAD,Date,20130215,29
GPAD,Date,20130409,29
GPAD,Date,20140310,29
GPAD,Date,20140407,29
GPAD,Date,20140616,29
GPAD,Date,20140708,29
GPAD,Date,20140917,29
GPAD,Date,20150826,29
GPAD,Date,20151201,29
GPAD,Date,20160630,29
GPAD,Date,20010820,28
GPAD,Date,20030821,28
GPAD,Date,20031125,28
GPAD,Date,20031204,28
GPAD,Date,20050224,28
GPAD,Date,20050408,28
GPAD,Date,20050701,28
GPAD,Date,20051216,28
GPAD,Date,20060705,28
GPAD,Date,20060911,28
GPAD,Date,20060926,28
GPAD,Date,20061004,28
GPAD,Date,20070205,28
GPAD,Date,20071123,28
GPAD,Date,20071129,28
GPAD,Date,20080109,28
GPAD,Date,20081212,28
GPAD,Date,20090510,28
GPAD,Date,20090708,28
GPAD,Date,20090922,28
GPAD,Date,20091005,28
GPAD,Date,20091006,28
GPAD,Date,20091111,28
GPAD,Date,20100420,28
GPAD,Date,20101108,28
GPAD,Date,20101215,28
GPAD,Date,20101229,28
GPAD,Date,20110303,28
GPAD,Date,20120131,28
GPAD,Date,20120525,28
GPAD,Date,20121115,28
GPAD,Date,20130220,28
GPAD,Date,20130312,28
GPAD,Date,20130701,28
GPAD,Date,20130724,28
GPAD,Date,20131013,28
GPAD,Date,20131113,28
GPAD,Date,20131227,28
GPAD,Date,20150501,28
GPAD,Date,20150824,28
GPAD,Date,20151216,28
GPAD,Date,20160603,28
GPAD,Date,20160620,28
GPAD,Date,20010917,27
GPAD,Date,20011005,27
GPAD,Date,20030716,27
GPAD,Date,20030729,27
GPAD,Date,20031121,27
GPAD,Date,20040407,27
GPAD,Date,20051205,27
GPAD,Date,20060119,27
GPAD,Date,20060726,27
GPAD,Date,20070131,27
GPAD,Date,20070410,27
GPAD,Date,20071213,27
GPAD,Date,20080104,27
GPAD,Date,20080204,27
GPAD,Date,20080430,27
GPAD,Date,20080527,27
GPAD,Date,20080916,27
GPAD,Date,20090929,27
GPAD,Date,20100922,27
GPAD,Date,20110531,27
GPAD,Date,20110828,27
GPAD,Date,20120304,27
GPAD,Date,20120411,27
GPAD,Date,20121211,27
GPAD,Date,20130214,27
GPAD,Date,20130603,27
GPAD,Date,20130905,27
GPAD,Date,20131230,27
GPAD,Date,20140625,27
GPAD,Date,20151104,27
GPAD,Date,20160629,27
GPAD,Date,20010816,26
GPAD,Date,20031128,26
GPAD,Date,20050606,26
GPAD,Date,20060320,26
GPAD,Date,20060725,26
GPAD,Date,20061124,26
GPAD,Date,20070206,26
GPAD,Date,20070322,26
GPAD,Date,20071205,26
GPAD,Date,20080219,26
GPAD,Date,20080226,26
GPAD,Date,20080716,26
GPAD,Date,20090520,26
GPAD,Date,20100331,26
GPAD,Date,20100414,26
GPAD,Date,20110213,26
GPAD,Date,20111013,26
GPAD,Date,20111109,26
GPAD,Date,20120509,26
GPAD,Date,20121113,26
GPAD,Date,20131007,26
GPAD,Date,20131014,26
GPAD,Date,20131231,26
GPAD,Date,20140121,26
GPAD,Date,20140124,26
GPAD,Date,20140323,26
GPAD,Date,20150530,26
GPAD,Date,20150704,26
GPAD,Date,20150803,26
GPAD,Date,20151005,26
GPAD,Date,20151025,26
GPAD,Date,20160310,26
GPAD,Date,20160312,26
GPAD,Date,20160624,26
GPAD,Date,20021111,25
GPAD,Date,20031106,25
GPAD,Date,20040416,25
GPAD,Date,20040421,25
GPAD,Date,20040514,25
GPAD,Date,20041201,25
GPAD,Date,20050222,25
GPAD,Date,20050531,25
GPAD,Date,20051104,25
GPAD,Date,20051116,25
GPAD,Date,20060109,25
GPAD,Date,20060601,25
GPAD,Date,20060724,25
GPAD,Date,20060823,25
GPAD,Date,20060925,25
GPAD,Date,20070927,25
GPAD,Date,20071011,25
GPAD,Date,20080227,25
GPAD,Date,20081020,25
GPAD,Date,20081105,25
GPAD,Date,20090423,25
GPAD,Date,20090612,25
GPAD,Date,20100308,25
GPAD,Date,20100520,25
GPAD,Date,20110511,25
GPAD,Date,20110606,25
GPAD,Date,20120125,25
GPAD,Date,20120301,25
GPAD,Date,20120502,25
GPAD,Date,20120701,25
GPAD,Date,20120703,25
GPAD,Date,20120725,25
GPAD,Date,20130920,25
GPAD,Date,20140102,25
GPAD,Date,20140314,25
GPAD,Date,20140430,25
GPAD,Date,20150107,25
GPAD,Date,20150108,25
GPAD,Date,20150215,25
GPAD,Date,20160617,25
GPAD,Date,20010821,24
GPAD,Date,20020904,24
GPAD,Date,20030428,24
GPAD,Date,20040305,24
GPAD,Date,20040512,24
GPAD,Date,20040805,24
GPAD,Date,20041018,24
GPAD,Date,20041109,24
GPAD,Date,20051212,24
GPAD,Date,20051214,24
GPAD,Date,20060123,24
GPAD,Date,20060214,24
GPAD,Date,20070402,24
GPAD,Date,20070504,24
GPAD,Date,20070515,24
GPAD,Date,20070713,24
GPAD,Date,20080103,24
GPAD,Date,20080213,24
GPAD,Date,20080410,24
GPAD,Date,20080424,24
GPAD,Date,20080704,24
GPAD,Date,20081006,24
GPAD,Date,20090126,24
GPAD,Date,20090213,24
GPAD,Date,20090226,24
GPAD,Date,20090302,24
GPAD,Date,20090408,24
GPAD,Date,20100309,24
GPAD,Date,20100618,24
GPAD,Date,20100803,24
GPAD,Date,20100826,24
GPAD,Date,20100915,24
GPAD,Date,20101112,24
GPAD,Date,20101202,24
GPAD,Date,20111025,24
GPAD,Date,20120313,24
GPAD,Date,20120511,24
GPAD,Date,20120724,24
GPAD,Date,20121118,24
GPAD,Date,20121217,24
GPAD,Date,20130103,24
GPAD,Date,20131101,24
GPAD,Date,20140425,24
GPAD,Date,20140726,24
GPAD,Date,20160315,24
GPAD,Date,20160406,24
GPAD,Date,20160408,24
GPAD,Date,20010829,23
GPAD,Date,20040408,23
GPAD,Date,20040813,23
GPAD,Date,20041217,23
GPAD,Date,20050217,23
GPAD,Date,20051223,23
GPAD,Date,20060221,23
GPAD,Date,20060303,23
GPAD,Date,20060512,23
GPAD,Date,20060713,23
GPAD,Date,20060913,23
GPAD,Date,20061011,23
GPAD,Date,20070104,23
GPAD,Date,20070105,23
GPAD,Date,20070112,23
GPAD,Date,20070129,23
GPAD,Date,20080328,23
GPAD,Date,20080417,23
GPAD,Date,20081016,23
GPAD,Date,20081022,23
GPAD,Date,20081223,23
GPAD,Date,20090702,23
GPAD,Date,20090715,23
GPAD,Date,20100225,23
GPAD,Date,20100924,23
GPAD,Date,20110523,23
GPAD,Date,20110713,23
GPAD,Date,20120330,23
GPAD,Date,20120828,23
GPAD,Date,20130806,23
GPAD,Date,20130926,23
GPAD,Date,20151111,23
GPAD,Date,20040224,22
GPAD,Date,20040513,22
GPAD,Date,20040706,22
GPAD,Date,20040910,22
GPAD,Date,20050812,22
GPAD,Date,20051004,22
GPAD,Date,20051102,22
GPAD,Date,20060105,22
GPAD,Date,20061212,22
GPAD,Date,20070119,22
GPAD,Date,20070209,22
GPAD,Date,20070412,22
GPAD,Date,20070712,22
GPAD,Date,20070824,22
GPAD,Date,20071003,22
GPAD,Date,20071121,22
GPAD,Date,20080730,22
GPAD,Date,20080808,22
GPAD,Date,20080910,22
GPAD,Date,20081029,22
GPAD,Date,20090416,22
GPAD,Date,20090722,22
GPAD,Date,20090810,22
GPAD,Date,20091106,22
GPAD,Date,20100105,22
GPAD,Date,20100330,22
GPAD,Date,20100716,22
GPAD,Date,20100818,22
GPAD,Date,20101110,22
GPAD,Date,20101130,22
GPAD,Date,20101209,22
GPAD,Date,20101222,22
GPAD,Date,20110211,22
GPAD,Date,20110502,22
GPAD,Date,20111020,22
GPAD,Date,20111026,22
GPAD,Date,20111029,22
GPAD,Date,20111128,22
GPAD,Date,20120604,22
GPAD,Date,20120807,22
GPAD,Date,20121019,22
GPAD,Date,20121122,22
GPAD,Date,20121218,22
GPAD,Date,20130321,22
GPAD,Date,20131022,22
GPAD,Date,20131025,22
GPAD,Date,20140108,22
GPAD,Date,20141129,22
GPAD,Date,20150407,22
GPAD,Date,20150418,22
GPAD,Date,20030703,21
GPAD,Date,20030815,21
GPAD,Date,20030818,21
GPAD,Date,20040128,21
GPAD,Date,20040524,21
GPAD,Date,20040916,21
GPAD,Date,20050613,21
GPAD,Date,20050623,21
GPAD,Date,20050624,21
GPAD,Date,20050704,21
GPAD,Date,20050721,21
GPAD,Date,20050722,21
GPAD,Date,20060322,21
GPAD,Date,20060324,21
GPAD,Date,20060918,21
GPAD,Date,20070108,21
GPAD,Date,20070122,21
GPAD,Date,20070219,21
GPAD,Date,20070426,21
GPAD,Date,20070719,21
GPAD,Date,20071203,21
GPAD,Date,20071212,21
GPAD,Date,20080711,21
GPAD,Date,20090522,21
GPAD,Date,20090615,21
GPAD,Date,20091008,21
GPAD,Date,20091222,21
GPAD,Date,20100718,21
GPAD,Date,20100824,21
GPAD,Date,20100928,21
GPAD,Date,20101214,21
GPAD,Date,20110308,21
GPAD,Date,20111009,21
GPAD,Date,20120227,21
GPAD,Date,20120627,21
GPAD,Date,20120823,21
GPAD,Date,20121011,21
GPAD,Date,20130412,21
GPAD,Date,20130511,21
GPAD,Date,20130726,21
GPAD,Date,20140328,21
GPAD,Date,20141020,21
GPAD,Date,20150816,21
GPAD,Date,20151013,21
GPAD,Date,20151231,21
GPAD,Date,20160520,21
GPAD,Date,20020605,20
GPAD,Date,20021112,20
GPAD,Date,20031201,20
GPAD,Date,20040112,20
GPAD,Date,20040816,20
GPAD,Date,20041019,20
GPAD,Date,20050413,20
GPAD,Date,20050523,20
GPAD,Date,20050906,20
GPAD,Date,20060213,20
GPAD,Date,20060711,20
GPAD,Date,20060714,20
GPAD,Date,20070117,20
GPAD,Date,20070201,20
GPAD,Date,20070329,20
GPAD,Date,20070704,20
GPAD,Date,20080408,20
GPAD,Date,20081109,20
GPAD,Date,20100324,20
GPAD,Date,20100419,20
GPAD,Date,20100421,20
GPAD,Date,20100503,20
GPAD,Date,20100923,20
GPAD,Date,20101028,20
GPAD,Date,20101129,20
GPAD,Date,20120309,20
GPAD,Date,20120817,20
GPAD,Date,20120903,20
GPAD,Date,20130208,20
GPAD,Date,20130228,20
GPAD,Date,20130319,20
GPAD,Date,20130711,20
GPAD,Date,20141102,20
GPAD,Date,20141128,20
GPAD,Date,20141207,20
GPAD,Date,20150831,20
GPAD,Date,20010809,19
GPAD,Date,20040413,19
GPAD,Date,20040707,19
GPAD,Date,20040722,19
GPAD,Date,20040730,19
GPAD,Date,20041129,19
GPAD,Date,20050920,19
GPAD,Date,20050928,19
GPAD,Date,20051019,19
GPAD,Date,20051111,19
GPAD,Date,20060201,19
GPAD,Date,20060314,19
GPAD,Date,20060323,19
GPAD,Date,20060530,19
GPAD,Date,20060831,19
GPAD,Date,20070110,19
GPAD,Date,20070202,19
GPAD,Date,20070806,19
GPAD,Date,20071116,19
GPAD,Date,20080110,19
GPAD,Date,20080303,19
GPAD,Date,20080326,19
GPAD,Date,20080331,19
GPAD,Date,20080508,19
GPAD,Date,20080721,19
GPAD,Date,20090119,19
GPAD,Date,20090701,19
GPAD,Date,20090917,19
GPAD,Date,20090918,19
GPAD,Date,20100827,19
GPAD,Date,20101012,19
GPAD,Date,20110104,19
GPAD,Date,20110430,19
GPAD,Date,20110510,19
GPAD,Date,20110613,19
GPAD,Date,20110701,19
GPAD,Date,20111228,19
GPAD,Date,20120205,19
GPAD,Date,20120406,19
GPAD,Date,20121025,19
GPAD,Date,20130607,19
GPAD,Date,20130826,19
GPAD,Date,20131016,19
GPAD,Date,20131020,19
GPAD,Date,20140114,19
GPAD,Date,20140501,19
GPAD,Date,20140626,19
GPAD,Date,20151204,19
GPAD,Date,20160204,19
GPAD,Date,20160325,19
GPAD,Date,20160407,19
GPAD,Date,20160411,19
GPAD,Date,20160425,19
GPAD,Date,20020731,18
GPAD,Date,20031211,18
GPAD,Date,20040622,18
GPAD,Date,20040819,18
GPAD,Date,20040914,18
GPAD,Date,20041207,18
GPAD,Date,20050520,18
GPAD,Date,20050711,18
GPAD,Date,20051108,18
GPAD,Date,20060307,18
GPAD,Date,20060313,18
GPAD,Date,20060407,18
GPAD,Date,20060419,18
GPAD,Date,20060602,18
GPAD,Date,20060619,18
GPAD,Date,20060912,18
GPAD,Date,20070627,18
GPAD,Date,20070801,18
GPAD,Date,20071112,18
GPAD,Date,20080929,18
GPAD,Date,20090719,18
GPAD,Date,20090930,18
GPAD,Date,20100521,18
GPAD,Date,20100531,18
GPAD,Date,20100805,18
GPAD,Date,20100901,18
GPAD,Date,20101230,18
GPAD,Date,20110726,18
GPAD,Date,20120408,18
GPAD,Date,20120704,18
GPAD,Date,20130210,18
GPAD,Date,20130221,18
GPAD,Date,20130712,18
GPAD,Date,20130921,18
GPAD,Date,20140118,18
GPAD,Date,20160216,18
GPAD,Date,20160404,18
GPAD,Date,20160418,18
GPAD,Date,20010911,17
GPAD,Date,20030702,17
GPAD,Date,20031127,17
GPAD,Date,20040708,17
GPAD,Date,20040818,17
GPAD,Date,20051130,17
GPAD,Date,20060126,17
GPAD,Date,20060329,17
GPAD,Date,20060522,17
GPAD,Date,20060526,17
GPAD,Date,20060905,17
GPAD,Date,20061003,17
GPAD,Date,20061230,17
GPAD,Date,20070123,17
GPAD,Date,20071108,17
GPAD,Date,20080212,17
GPAD,Date,20091016,17
GPAD,Date,20091028,17
GPAD,Date,20100512,17
GPAD,Date,20100513,17
GPAD,Date,20100907,17
GPAD,Date,20101223,17
GPAD,Date,20110519,17
GPAD,Date,20110618,17
GPAD,Date,20111027,17
GPAD,Date,20120201,17
GPAD,Date,20120907,17
GPAD,Date,20121030,17
GPAD,Date,20121210,17
GPAD,Date,20130403,17
GPAD,Date,20130410,17
GPAD,Date,20131110,17
GPAD,Date,20140303,17
GPAD,Date,20140526,17
GPAD,Date,20140619,17
GPAD,Date,20150104,17
GPAD,Date,20150208,17
GPAD,Date,20151230,17
GPAD,Date,20160426,17
GPAD,Date,20160513,17
GPAD,Date,20011018,16
GPAD,Date,20020827,16
GPAD,Date,20021010,16
GPAD,Date,20030728,16
GPAD,Date,20030811,16
GPAD,Date,20040802,16
GPAD,Date,20041202,16
GPAD,Date,20050127,16
GPAD,Date,20050302,16
GPAD,Date,20050303,16
GPAD,Date,20050503,16
GPAD,Date,20050504,16
GPAD,Date,20050518,16
GPAD,Date,20050607,16
GPAD,Date,20050608,16
GPAD,Date,20050614,16
GPAD,Date,20051128,16
GPAD,Date,20051207,16
GPAD,Date,20060125,16
GPAD,Date,20060202,16
GPAD,Date,20060411,16
GPAD,Date,20060728,16
GPAD,Date,20060919,16
GPAD,Date,20070404,16
GPAD,Date,20070405,16
GPAD,Date,20070810,16
GPAD,Date,20070910,16
GPAD,Date,20071024,16
GPAD,Date,20080304,16
GPAD,Date,20080703,16
GPAD,Date,20080722,16
GPAD,Date,20090130,16
GPAD,Date,20090610,16
GPAD,Date,20090624,16
GPAD,Date,20090813,16
GPAD,Date,20091013,16
GPAD,Date,20091217,16
GPAD,Date,20100106,16
GPAD,Date,20100122,16
GPAD,Date,20100125,16
GPAD,Date,20100709,16
GPAD,Date,20100908,16
GPAD,Date,20101031,16
GPAD,Date,20101216,16
GPAD,Date,20110705,16
GPAD,Date,20120212,16
GPAD,Date,20120426,16
GPAD,Date,20120705,16
GPAD,Date,20121029,16
GPAD,Date,20130812,16
GPAD,Date,20140414,16
GPAD,Date,20150128,16
GPAD,Date,20150907,16
GPAD,Date,20160308,16
GPAD,Date,20160516,16
GPAD,Date,20160518,16
GPAD,Date,20030121,15
GPAD,Date,20031202,15
GPAD,Date,20041105,15
GPAD,Date,20050527,15
GPAD,Date,20050720,15
GPAD,Date,20051213,15
GPAD,Date,20060215,15
GPAD,Date,20060810,15
GPAD,Date,20060920,15
GPAD,Date,20061002,15
GPAD,Date,20061211,15
GPAD,Date,20061219,15
GPAD,Date,20070330,15
GPAD,Date,20070604,15
GPAD,Date,20070830,15
GPAD,Date,20071005,15
GPAD,Date,20071127,15
GPAD,Date,20080125,15
GPAD,Date,20080128,15
GPAD,Date,20080207,15
GPAD,Date,20080211,15
GPAD,Date,20080826,15
GPAD,Date,20090112,15
GPAD,Date,20090210,15
GPAD,Date,20100615,15
GPAD,Date,20101103,15
GPAD,Date,20101201,15
GPAD,Date,20111021,15
GPAD,Date,20111127,15
GPAD,Date,20120102,15
GPAD,Date,20120911,15
GPAD,Date,20121204,15
GPAD,Date,20130131,15
GPAD,Date,20130425,15
GPAD,Date,20130611,15
GPAD,Date,20131217,15
GPAD,Date,20140609,15
GPAD,Date,20150912,15
GPAD,Date,20160401,15
GPAD,Date,20160414,15
GPAD,Date,20010810,14
GPAD,Date,20020502,14
GPAD,Date,20021017,14
GPAD,Date,20030114,14
GPAD,Date,20030408,14
GPAD,Date,20030425,14
GPAD,Date,20030805,14
GPAD,Date,20030808,14
GPAD,Date,20040219,14
GPAD,Date,20040310,14
GPAD,Date,20040519,14
GPAD,Date,20040921,14
GPAD,Date,20040927,14
GPAD,Date,20040928,14
GPAD,Date,20041020,14
GPAD,Date,20041103,14
GPAD,Date,20041118,14
GPAD,Date,20050202,14
GPAD,Date,20050316,14
GPAD,Date,20050421,14
GPAD,Date,20050426,14
GPAD,Date,20050628,14
GPAD,Date,20051110,14
GPAD,Date,20060502,14
GPAD,Date,20060605,14
GPAD,Date,20060608,14
GPAD,Date,20061030,14
GPAD,Date,20061218,14
GPAD,Date,20070222,14
GPAD,Date,20070417,14
GPAD,Date,20080603,14
GPAD,Date,20080816,14
GPAD,Date,20080922,14
GPAD,Date,20080925,14
GPAD,Date,20090127,14
GPAD,Date,20090320,14
GPAD,Date,20090331,14
GPAD,Date,20090417,14
GPAD,Date,20090601,14
GPAD,Date,20090609,14
GPAD,Date,20091129,14
GPAD,Date,20091208,14
GPAD,Date,20100318,14
GPAD,Date,20100811,14
GPAD,Date,20100913,14
GPAD,Date,20110514,14
GPAD,Date,20110801,14
GPAD,Date,20120128,14
GPAD,Date,20120208,14
GPAD,Date,20120712,14
GPAD,Date,20121003,14
GPAD,Date,20130102,14
GPAD,Date,20130122,14
GPAD,Date,20130919,14
GPAD,Date,20131103,14
GPAD,Date,20150201,14
GPAD,Date,20150329,14
GPAD,Date,20150410,14
GPAD,Date,20150504,14
GPAD,Date,20160509,14
GPAD,Date,20160521,14
GPAD,Date,20160627,14
GPAD,Date,20010815,13
GPAD,Date,20021101,13
GPAD,Date,20030328,13
GPAD,Date,20030807,13
GPAD,Date,20030826,13
GPAD,Date,20040226,13
GPAD,Date,20040422,13
GPAD,Date,20040428,13
GPAD,Date,20040525,13
GPAD,Date,20040528,13
GPAD,Date,20040719,13
GPAD,Date,20040810,13
GPAD,Date,20040812,13
GPAD,Date,20041004,13
GPAD,Date,20050630,13
GPAD,Date,20050825,13
GPAD,Date,20051208,13
GPAD,Date,20060721,13
GPAD,Date,20060803,13
GPAD,Date,20060928,13
GPAD,Date,20061013,13
GPAD,Date,20061221,13
GPAD,Date,20070103,13
GPAD,Date,20070226,13
GPAD,Date,20070301,13
GPAD,Date,20070309,13
GPAD,Date,20070312,13
GPAD,Date,20070524,13
GPAD,Date,20070803,13
GPAD,Date,20070919,13
GPAD,Date,20071130,13
GPAD,Date,20071217,13
GPAD,Date,20080409,13
GPAD,Date,20080416,13
GPAD,Date,20080614,13
GPAD,Date,20081117,13
GPAD,Date,20081210,13
GPAD,Date,20090524,13
GPAD,Date,20100223,13
GPAD,Date,20101207,13
GPAD,Date,20111030,13
GPAD,Date,20120612,13
GPAD,Date,20121206,13
GPAD,Date,20130107,13
GPAD,Date,20130702,13
GPAD,Date,20151224,13
GPAD,Date,20160316,13
GPAD,Date,20020507,12
GPAD,Date,20020702,12
GPAD,Date,20020919,12
GPAD,Date,20030827,12
GPAD,Date,20031002,12
GPAD,Date,20040203,12
GPAD,Date,20040216,12
GPAD,Date,20040420,12
GPAD,Date,20040608,12
GPAD,Date,20041025,12
GPAD,Date,20050118,12
GPAD,Date,20050131,12
GPAD,Date,20050204,12
GPAD,Date,20050324,12
GPAD,Date,20050329,12
GPAD,Date,20050930,12
GPAD,Date,20051021,12
GPAD,Date,20060523,12
GPAD,Date,20060731,12
GPAD,Date,20060817,12
GPAD,Date,20060922,12
GPAD,Date,20060929,12
GPAD,Date,20061101,12
GPAD,Date,20061227,12
GPAD,Date,20070130,12
GPAD,Date,20070419,12
GPAD,Date,20070510,12
GPAD,Date,20070601,12
GPAD,Date,20070615,12
GPAD,Date,20080114,12
GPAD,Date,20080313,12
GPAD,Date,20080423,12
GPAD,Date,20080627,12
GPAD,Date,20080717,12
GPAD,Date,20080804,12
GPAD,Date,20081010,12
GPAD,Date,20090728,12
GPAD,Date,20091022,12
GPAD,Date,20100112,12
GPAD,Date,20100909,12
GPAD,Date,20100910,12
GPAD,Date,20100921,12
GPAD,Date,20101228,12
GPAD,Date,20110206,12
GPAD,Date,20110212,12
GPAD,Date,20110522,12
GPAD,Date,20110526,12
GPAD,Date,20120412,12
GPAD,Date,20121107,12
GPAD,Date,20130203,12
GPAD,Date,20130917,12
GPAD,Date,20131018,12
GPAD,Date,20131028,12
GPAD,Date,20131109,12
GPAD,Date,20131207,12
GPAD,Date,20140405,12
GPAD,Date,20140610,12
GPAD,Date,20151017,12
GPAD,Date,20151228,12
GPAD,Date,20160130,12
GPAD,Date,20160314,12
GPAD,Date,20160503,12
GPAD,Date,20021029,11
GPAD,Date,20030801,11
GPAD,Date,20031021,11
GPAD,Date,20031205,11
GPAD,Date,20031208,11
GPAD,Date,20040309,11
GPAD,Date,20040419,11
GPAD,Date,20040616,11
GPAD,Date,20040917,11
GPAD,Date,20041101,11
GPAD,Date,20041124,11
GPAD,Date,20050301,11
GPAD,Date,20050610,11
GPAD,Date,20050719,11
GPAD,Date,20051018,11
GPAD,Date,20051028,11
GPAD,Date,20051117,11
GPAD,Date,20060321,11
GPAD,Date,20060518,11
GPAD,Date,20060829,11
GPAD,Date,20061129,11
GPAD,Date,20061208,11
GPAD,Date,20070116,11
GPAD,Date,20070503,11
GPAD,Date,20070611,11
GPAD,Date,20070718,11
GPAD,Date,20071030,11
GPAD,Date,20071224,11
GPAD,Date,20080305,11
GPAD,Date,20081001,11
GPAD,Date,20081008,11
GPAD,Date,20081222,11
GPAD,Date,20090327,11
GPAD,Date,20111023,11
GPAD,Date,20120122,11
GPAD,Date,20120326,11
GPAD,Date,20120529,11
GPAD,Date,20120619,11
GPAD,Date,20120830,11
GPAD,Date,20120904,11
GPAD,Date,20121031,11
GPAD,Date,20121108,11
GPAD,Date,20130317,11
GPAD,Date,20130430,11
GPAD,Date,20130526,11
GPAD,Date,20130527,11
GPAD,Date,20130530,11
GPAD,Date,20140316,11
GPAD,Date,20140318,11
GPAD,Date,20160512,11
GPAD,Date,20010906,10
GPAD,Date,20020614,10
GPAD,Date,20030627,10
GPAD,Date,20030717,10
GPAD,Date,20030721,10
GPAD,Date,20030722,10
GPAD,Date,20030724,10
GPAD,Date,20030908,10
GPAD,Date,20031031,10
GPAD,Date,20040212,10
GPAD,Date,20040227,10
GPAD,Date,20040427,10
GPAD,Date,20040507,10
GPAD,Date,20040715,10
GPAD,Date,20040728,10
GPAD,Date,20040729,10
GPAD,Date,20040824,10
GPAD,Date,20040920,10
GPAD,Date,20041021,10
GPAD,Date,20050505,10
GPAD,Date,20050513,10
GPAD,Date,20050517,10
GPAD,Date,20050922,10
GPAD,Date,20051215,10
GPAD,Date,20060421,10
GPAD,Date,20060516,10
GPAD,Date,20060531,10
GPAD,Date,20060727,10
GPAD,Date,20070216,10
GPAD,Date,20070313,10
GPAD,Date,20070326,10
GPAD,Date,20070416,10
GPAD,Date,20070620,10
GPAD,Date,20070811,10
GPAD,Date,20070928,10
GPAD,Date,20071029,10
GPAD,Date,20071031,10
GPAD,Date,20071119,10
GPAD,Date,20071206,10
GPAD,Date,20080229,10
GPAD,Date,20080302,10
GPAD,Date,20080501,10
GPAD,Date,20080523,10
GPAD,Date,20080708,10
GPAD,Date,20080728,10
GPAD,Date,20080905,10
GPAD,Date,20081014,10
GPAD,Date,20081201,10
GPAD,Date,20081204,10
GPAD,Date,20090123,10
GPAD,Date,20090602,10
GPAD,Date,20100511,10
GPAD,Date,20100518,10
GPAD,Date,20100815,10
GPAD,Date,20100927,10
GPAD,Date,20101019,10
GPAD,Date,20101126,10
GPAD,Date,20110609,10
GPAD,Date,20110727,10
GPAD,Date,20121010,10
GPAD,Date,20121117,10
GPAD,Date,20160317,10
GPAD,Date,20160623,10
GPAD,Date,20011011,9
GPAD,Date,20020808,9
GPAD,Date,20031117,9
GPAD,Date,20040127,9
GPAD,Date,20040414,9
GPAD,Date,20040510,9
GPAD,Date,20040526,9
GPAD,Date,20040629,9
GPAD,Date,20040726,9
GPAD,Date,20040823,9
GPAD,Date,20040922,9
GPAD,Date,20050810,9
GPAD,Date,20051024,9
GPAD,Date,20051107,9
GPAD,Date,20051114,9
GPAD,Date,20051121,9
GPAD,Date,20060127,9
GPAD,Date,20060203,9
GPAD,Date,20060505,9
GPAD,Date,20070522,9
GPAD,Date,20070525,9
GPAD,Date,20070621,9
GPAD,Date,20070626,9
GPAD,Date,20070706,9
GPAD,Date,20070720,9
GPAD,Date,20070823,9
GPAD,Date,20071015,9
GPAD,Date,20080220,9
GPAD,Date,20080401,9
GPAD,Date,20080411,9
GPAD,Date,20081009,9
GPAD,Date,20090402,9
GPAD,Date,20090506,9
GPAD,Date,20091026,9
GPAD,Date,20100119,9
GPAD,Date,20100526,9
GPAD,Date,20100831,9
GPAD,Date,20110501,9
GPAD,Date,20110731,9
GPAD,Date,20121009,9
GPAD,Date,20130908,9
GPAD,Date,20140127,9
GPAD,Date,20140209,9
GPAD,Date,20140824,9
GPAD,Date,20141227,9
GPAD,Date,20150516,9
GPAD,Date,20150926,9
GPAD,Date,20020117,8
GPAD,Date,20020806,8
GPAD,Date,20021011,8
GPAD,Date,20021014,8
GPAD,Date,20021030,8
GPAD,Date,20021114,8
GPAD,Date,20030106,8
GPAD,Date,20030107,8
GPAD,Date,20030110,8
GPAD,Date,20030409,8
GPAD,Date,20030709,8
GPAD,Date,20031105,8
GPAD,Date,20040205,8
GPAD,Date,20040302,8
GPAD,Date,20040517,8
GPAD,Date,20050215,8
GPAD,Date,20050621,8
GPAD,Date,20050811,8
GPAD,Date,20050816,8
GPAD,Date,20050909,8
GPAD,Date,20051011,8
GPAD,Date,20060504,8
GPAD,Date,20060510,8
GPAD,Date,20060515,8
GPAD,Date,20060517,8
GPAD,Date,20060612,8
GPAD,Date,20060710,8
GPAD,Date,20060816,8
GPAD,Date,20060824,8
GPAD,Date,20060830,8
GPAD,Date,20060901,8
GPAD,Date,20060921,8
GPAD,Date,20061031,8
GPAD,Date,20070109,8
GPAD,Date,20070310,8
GPAD,Date,20070622,8
GPAD,Date,20070802,8
GPAD,Date,20070917,8
GPAD,Date,20070920,8
GPAD,Date,20071207,8
GPAD,Date,20080611,8
GPAD,Date,20080710,8
GPAD,Date,20080901,8
GPAD,Date,20081030,8
GPAD,Date,20081211,8
GPAD,Date,20090113,8
GPAD,Date,20090217,8
GPAD,Date,20090512,8
GPAD,Date,20090823,8
GPAD,Date,20090913,8
GPAD,Date,20090923,8
GPAD,Date,20100519,8
GPAD,Date,20100816,8
GPAD,Date,20110409,8
GPAD,Date,20110513,8
GPAD,Date,20110515,8
GPAD,Date,20110924,8
GPAD,Date,20111015,8
GPAD,Date,20111119,8
GPAD,Date,20120311,8
GPAD,Date,20120407,8
GPAD,Date,20120812,8
GPAD,Date,20121105,8
GPAD,Date,20130225,8
GPAD,Date,20130322,8
GPAD,Date,20140426,8
GPAD,Date,20140503,8
GPAD,Date,20140706,8
GPAD,Date,20141109,8
GPAD,Date,20160328,8
GPAD,Date,20010808,7
GPAD,Date,20020612,7
GPAD,Date,20020807,7
GPAD,Date,20020812,7
GPAD,Date,20021003,7
GPAD,Date,20021022,7
GPAD,Date,20021216,7
GPAD,Date,20030116,7
GPAD,Date,20030228,7
GPAD,Date,20030319,7
GPAD,Date,20030901,7
GPAD,Date,20031023,7
GPAD,Date,20040206,7
GPAD,Date,20040712,7
GPAD,Date,20040720,7
GPAD,Date,20040723,7
GPAD,Date,20040924,7
GPAD,Date,20041029,7
GPAD,Date,20050330,7
GPAD,Date,20050506,7
GPAD,Date,20050714,7
GPAD,Date,20050818,7
GPAD,Date,20051007,7
GPAD,Date,20060217,7
GPAD,Date,20060327,7
GPAD,Date,20060720,7
GPAD,Date,20060815,7
GPAD,Date,20061027,7
GPAD,Date,20070306,7
GPAD,Date,20070307,7
GPAD,Date,20070316,7
GPAD,Date,20070319,7
GPAD,Date,20070327,7
GPAD,Date,20070625,7
GPAD,Date,20070703,7
GPAD,Date,20071019,7
GPAD,Date,20071204,7
GPAD,Date,20080325,7
GPAD,Date,20080517,7
GPAD,Date,20090319,7
GPAD,Date,20090401,7
GPAD,Date,20100416,7
GPAD,Date,20100802,7
GPAD,Date,20110205,7
GPAD,Date,20111106,7
GPAD,Date,20111229,7
GPAD,Date,20120522,7
GPAD,Date,20120628,7
GPAD,Date,20120805,7
GPAD,Date,20120831,7
GPAD,Date,20121007,7
GPAD,Date,20121201,7
GPAD,Date,20130115,7
GPAD,Date,20130316,7
GPAD,Date,20130402,7
GPAD,Date,20130429,7
GPAD,Date,20130520,7
GPAD,Date,20131021,7
GPAD,Date,20131027,7
GPAD,Date,20140309,7
GPAD,Date,20140330,7
GPAD,Date,20140531,7
GPAD,Date,20141108,7
GPAD,Date,20141229,7
GPAD,Date,20150606,7
GPAD,Date,20150620,7
GPAD,Date,20160101,7
GPAD,Date,20160403,7
GPAD,Date,20160701,7
GPAD,Date,20010806,6
GPAD,Date,20010910,6
GPAD,Date,20011009,6
GPAD,Date,20020307,6
GPAD,Date,20020529,6
GPAD,Date,20020821,6
GPAD,Date,20020828,6
GPAD,Date,20021004,6
GPAD,Date,20021129,6
GPAD,Date,20030103,6
GPAD,Date,20030324,6
GPAD,Date,20030423,6
GPAD,Date,20030616,6
GPAD,Date,20030710,6
GPAD,Date,20030723,6
GPAD,Date,20040130,6
GPAD,Date,20040213,6
GPAD,Date,20040301,6
GPAD,Date,20040316,6
GPAD,Date,20040518,6
GPAD,Date,20040609,6
GPAD,Date,20040614,6
GPAD,Date,20040825,6
GPAD,Date,20040906,6
GPAD,Date,20041115,6
GPAD,Date,20041122,6
GPAD,Date,20050128,6
GPAD,Date,20050209,6
GPAD,Date,20050211,6
GPAD,Date,20050315,6
GPAD,Date,20050318,6
GPAD,Date,20050425,6
GPAD,Date,20050512,6
GPAD,Date,20050801,6
GPAD,Date,20050901,6
GPAD,Date,20050908,6
GPAD,Date,20051017,6
GPAD,Date,20051020,6
GPAD,Date,20051031,6
GPAD,Date,20051125,6
GPAD,Date,20051127,6
GPAD,Date,20060414,6
GPAD,Date,20060427,6
GPAD,Date,20060609,6
GPAD,Date,20060630,6
GPAD,Date,20060706,6
GPAD,Date,20060802,6
GPAD,Date,20070320,6
GPAD,Date,20070502,6
GPAD,Date,20070812,6
GPAD,Date,20070921,6
GPAD,Date,20071102,6
GPAD,Date,20080515,6
GPAD,Date,20080617,6
GPAD,Date,20080702,6
GPAD,Date,20080719,6
GPAD,Date,20080831,6
GPAD,Date,20090409,6
GPAD,Date,20090526,6
GPAD,Date,20090622,6
GPAD,Date,20090928,6
GPAD,Date,20091001,6
GPAD,Date,20100406,6
GPAD,Date,20100417,6
GPAD,Date,20100720,6
GPAD,Date,20100813,6
GPAD,Date,20101016,6
GPAD,Date,20110608,6
GPAD,Date,20111219,6
GPAD,Date,20111227,6
GPAD,Date,20120202,6
GPAD,Date,20120405,6
GPAD,Date,20120820,6
GPAD,Date,20121114,6
GPAD,Date,20130127,6
GPAD,Date,20130411,6
GPAD,Date,20130602,6
GPAD,Date,20130915,6
GPAD,Date,20140123,6
GPAD,Date,20140202,6
GPAD,Date,20140302,6
GPAD,Date,20140817,6
GPAD,Date,20140920,6
GPAD,Date,20150102,6
GPAD,Date,20160226,6
GPAD,Date,20160320,6
GPAD,Date,20160429,6
GPAD,Date,20010803,5
GPAD,Date,20010907,5
GPAD,Date,20020123,5
GPAD,Date,20020627,5
GPAD,Date,20020814,5
GPAD,Date,20020829,5
GPAD,Date,20021028,5
GPAD,Date,20021031,5
GPAD,Date,20021113,5
GPAD,Date,20021202,5
GPAD,Date,20030206,5
GPAD,Date,20030225,5
GPAD,Date,20030317,5
GPAD,Date,20030327,5
GPAD,Date,20030418,5
GPAD,Date,20030617,5
GPAD,Date,20030626,5
GPAD,Date,20031210,5
GPAD,Date,20040113,5
GPAD,Date,20040330,5
GPAD,Date,20040610,5
GPAD,Date,20040630,5
GPAD,Date,20040701,5
GPAD,Date,20041007,5
GPAD,Date,20041210,5
GPAD,Date,20050117,5
GPAD,Date,20050203,5
GPAD,Date,20050208,5
GPAD,Date,20050601,5
GPAD,Date,20050712,5
GPAD,Date,20050826,5
GPAD,Date,20050914,5
GPAD,Date,20060607,5
GPAD,Date,20070126,5
GPAD,Date,20070315,5
GPAD,Date,20070424,5
GPAD,Date,20070427,5
GPAD,Date,20070529,5
GPAD,Date,20070530,5
GPAD,Date,20070716,5
GPAD,Date,20070820,5
GPAD,Date,20071109,5
GPAD,Date,20080221,5
GPAD,Date,20080317,5
GPAD,Date,20080319,5
GPAD,Date,20080404,5
GPAD,Date,20080418,5
GPAD,Date,20081002,5
GPAD,Date,20081027,5
GPAD,Date,20090125,5
GPAD,Date,20090222,5
GPAD,Date,20090407,5
GPAD,Date,20090908,5
GPAD,Date,20090925,5
GPAD,Date,20091221,5
GPAD,Date,20100131,5
GPAD,Date,20100402,5
GPAD,Date,20100411,5
GPAD,Date,20100616,5
GPAD,Date,20101027,5
GPAD,Date,20101111,5
GPAD,Date,20120422,5
GPAD,Date,20120524,5
GPAD,Date,20120722,5
GPAD,Date,20120729,5
GPAD,Date,20120906,5
GPAD,Date,20121111,5
GPAD,Date,20130209,5
GPAD,Date,20130310,5
GPAD,Date,20130604,5
GPAD,Date,20130820,5
GPAD,Date,20130923,5
GPAD,Date,20140216,5
GPAD,Date,20140913,5
GPAD,Date,20141116,5
GPAD,Date,20141123,5
GPAD,Date,20150125,5
GPAD,Date,20150426,5
GPAD,Date,20160329,5
GPAD,Date,20010914,4
GPAD,Date,20020115,4
GPAD,Date,20020503,4
GPAD,Date,20020730,4
GPAD,Date,20020809,4
GPAD,Date,20020822,4
GPAD,Date,20030115,4
GPAD,Date,20030129,4
GPAD,Date,20030306,4
GPAD,Date,20030422,4
GPAD,Date,20030714,4
GPAD,Date,20030715,4
GPAD,Date,20030820,4
GPAD,Date,20030905,4
GPAD,Date,20031016,4
GPAD,Date,20031104,4
GPAD,Date,20031209,4
GPAD,Date,20040108,4
GPAD,Date,20040120,4
GPAD,Date,20040204,4
GPAD,Date,20040304,4
GPAD,Date,20040326,4
GPAD,Date,20040426,4
GPAD,Date,20040716,4
GPAD,Date,20040929,4
GPAD,Date,20041015,4
GPAD,Date,20041026,4
GPAD,Date,20041102,4
GPAD,Date,20041116,4
GPAD,Date,20041213,4
GPAD,Date,20050112,4
GPAD,Date,20050120,4
GPAD,Date,20050207,4
GPAD,Date,20050210,4
GPAD,Date,20050415,4
GPAD,Date,20050427,4
GPAD,Date,20050502,4
GPAD,Date,20050516,4
GPAD,Date,20050620,4
GPAD,Date,20050725,4
GPAD,Date,20050729,4
GPAD,Date,20050905,4
GPAD,Date,20050926,4
GPAD,Date,20051026,4
GPAD,Date,20060210,4
GPAD,Date,20060718,4
GPAD,Date,20060804,4
GPAD,Date,20060825,4
GPAD,Date,20060914,4
GPAD,Date,20070207,4
GPAD,Date,20070212,4
GPAD,Date,20070612,4
GPAD,Date,20070705,4
GPAD,Date,20070709,4
GPAD,Date,20070815,4
GPAD,Date,20070829,4
GPAD,Date,20070924,4
GPAD,Date,20070925,4
GPAD,Date,20080115,4
GPAD,Date,20080208,4
GPAD,Date,20080222,4
GPAD,Date,20080531,4
GPAD,Date,20080729,4
GPAD,Date,20090223,4
GPAD,Date,20090307,4
GPAD,Date,20090831,4
GPAD,Date,20090916,4
GPAD,Date,20100427,4
GPAD,Date,20110122,4
GPAD,Date,20110320,4
GPAD,Date,20110603,4
GPAD,Date,20110610,4
GPAD,Date,20110918,4
GPAD,Date,20111204,4
GPAD,Date,20120414,4
GPAD,Date,20130223,4
GPAD,Date,20130324,4
GPAD,Date,20130413,4
GPAD,Date,20130501,4
GPAD,Date,20130721,4
GPAD,Date,20130725,4
GPAD,Date,20131001,4
GPAD,Date,20140215,4
GPAD,Date,20140629,4
GPAD,Date,20150221,4
GPAD,Date,20150405,4
GPAD,Date,20150906,4
GPAD,Date,20151107,4
GPAD,Date,20160519,4
GPAD,Date,20000322,3
GPAD,Date,20010807,3
GPAD,Date,20020111,3
GPAD,Date,20020114,3
GPAD,Date,20020128,3
GPAD,Date,20020501,3
GPAD,Date,20020813,3
GPAD,Date,20020815,3
GPAD,Date,20021024,3
GPAD,Date,20030130,3
GPAD,Date,20030303,3
GPAD,Date,20030506,3
GPAD,Date,20030507,3
GPAD,Date,20030603,3
GPAD,Date,20030621,3
GPAD,Date,20030623,3
GPAD,Date,20030718,3
GPAD,Date,20030819,3
GPAD,Date,20031015,3
GPAD,Date,20031017,3
GPAD,Date,20031103,3
GPAD,Date,20031212,3
GPAD,Date,20040116,3
GPAD,Date,20040220,3
GPAD,Date,20040315,3
GPAD,Date,20040322,3
GPAD,Date,20040506,3
GPAD,Date,20040601,3
GPAD,Date,20040607,3
GPAD,Date,20040611,3
GPAD,Date,20040615,3
GPAD,Date,20040623,3
GPAD,Date,20041014,3
GPAD,Date,20041022,3
GPAD,Date,20041027,3
GPAD,Date,20041221,3
GPAD,Date,20050125,3
GPAD,Date,20050304,3
GPAD,Date,20050510,3
GPAD,Date,20050705,3
GPAD,Date,20050706,3
GPAD,Date,20050728,3
GPAD,Date,20051025,3
GPAD,Date,20060328,3
GPAD,Date,20060406,3
GPAD,Date,20060418,3
GPAD,Date,20061220,3
GPAD,Date,20070223,3
GPAD,Date,20070228,3
GPAD,Date,20070421,3
GPAD,Date,20070423,3
GPAD,Date,20070508,3
GPAD,Date,20070517,3
GPAD,Date,20070629,3
GPAD,Date,20070727,3
GPAD,Date,20070831,3
GPAD,Date,20070905,3
GPAD,Date,20071214,3
GPAD,Date,20071228,3
GPAD,Date,20080117,3
GPAD,Date,20080715,3
GPAD,Date,20080814,3
GPAD,Date,20081023,3
GPAD,Date,20091031,3
GPAD,Date,20100124,3
GPAD,Date,20100606,3
GPAD,Date,20110602,3
GPAD,Date,20111022,3
GPAD,Date,20111230,3
GPAD,Date,20120108,3
GPAD,Date,20120527,3
GPAD,Date,20130224,3
GPAD,Date,20130331,3
GPAD,Date,20130414,3
GPAD,Date,20130420,3
GPAD,Date,20130428,3
GPAD,Date,20130512,3
GPAD,Date,20130609,3
GPAD,Date,20130928,3
GPAD,Date,20131128,3
GPAD,Date,20140125,3
GPAD,Date,20140427,3
GPAD,Date,20140712,3
GPAD,Date,20141013,3
GPAD,Date,20141206,3
GPAD,Date,20150117,3
GPAD,Date,20150214,3
GPAD,Date,20150607,3
GPAD,Date,20150613,3
GPAD,Date,20150829,3
GPAD,Date,20150919,3
GPAD,Date,20151114,3
GPAD,Date,20160203,3
GPAD,Date,20000627,2
GPAD,Date,20011017,2
GPAD,Date,20011120,2
GPAD,Date,20011206,2
GPAD,Date,20011217,2
GPAD,Date,20020212,2
GPAD,Date,20020402,2
GPAD,Date,20020516,2
GPAD,Date,20020611,2
GPAD,Date,20020705,2
GPAD,Date,20020717,2
GPAD,Date,20020724,2
GPAD,Date,20020913,2
GPAD,Date,20020920,2
GPAD,Date,20020923,2
GPAD,Date,20021223,2
GPAD,Date,20030128,2
GPAD,Date,20030212,2
GPAD,Date,20030217,2
GPAD,Date,20030307,2
GPAD,Date,20030407,2
GPAD,Date,20030509,2
GPAD,Date,20030519,2
GPAD,Date,20030630,2
GPAD,Date,20030812,2
GPAD,Date,20031001,2
GPAD,Date,20031219,2
GPAD,Date,20040105,2
GPAD,Date,20040210,2
GPAD,Date,20040211,2
GPAD,Date,20040317,2
GPAD,Date,20040329,2
GPAD,Date,20040409,2
GPAD,Date,20040505,2
GPAD,Date,20040521,2
GPAD,Date,20040628,2
GPAD,Date,20040702,2
GPAD,Date,20040713,2
GPAD,Date,20040803,2
GPAD,Date,20040902,2
GPAD,Date,20041008,2
GPAD,Date,20041110,2
GPAD,Date,20041123,2
GPAD,Date,20041125,2
GPAD,Date,20050107,2
GPAD,Date,20050310,2
GPAD,Date,20050321,2
GPAD,Date,20050405,2
GPAD,Date,20050524,2
GPAD,Date,20050616,2
GPAD,Date,20051006,2
GPAD,Date,20051027,2
GPAD,Date,20051101,2
GPAD,Date,20051219,2
GPAD,Date,20060503,2
GPAD,Date,20060808,2
GPAD,Date,20060927,2
GPAD,Date,20061025,2
GPAD,Date,20061110,2
GPAD,Date,20061207,2
GPAD,Date,20070406,2
GPAD,Date,20070409,2
GPAD,Date,20070413,2
GPAD,Date,20070430,2
GPAD,Date,20070507,2
GPAD,Date,20070623,2
GPAD,Date,20070628,2
GPAD,Date,20070717,2
GPAD,Date,20071219,2
GPAD,Date,20071226,2
GPAD,Date,20080112,2
GPAD,Date,20080318,2
GPAD,Date,20080505,2
GPAD,Date,20080608,2
GPAD,Date,20080930,2
GPAD,Date,20081111,2
GPAD,Date,20090105,2
GPAD,Date,20090530,2
GPAD,Date,20090718,2
GPAD,Date,20090809,2
GPAD,Date,20091101,2
GPAD,Date,20091114,2
GPAD,Date,20091226,2
GPAD,Date,20100206,2
GPAD,Date,20100314,2
GPAD,Date,20100405,2
GPAD,Date,20100418,2
GPAD,Date,20100812,2
GPAD,Date,20100814,2
GPAD,Date,20100822,2
GPAD,Date,20101025,2
GPAD,Date,20101114,2
GPAD,Date,20101227,2
GPAD,Date,20110626,2
GPAD,Date,20111113,2
GPAD,Date,20111224,2
GPAD,Date,20111226,2
GPAD,Date,20120226,2
GPAD,Date,20120715,2
GPAD,Date,20120829,2
GPAD,Date,20121006,2
GPAD,Date,20121021,2
GPAD,Date,20121104,2
GPAD,Date,20121202,2
GPAD,Date,20121209,2
GPAD,Date,20121226,2
GPAD,Date,20130330,2
GPAD,Date,20130408,2
GPAD,Date,20130514,2
GPAD,Date,20130518,2
GPAD,Date,20130630,2
GPAD,Date,20130901,2
GPAD,Date,20131019,2
GPAD,Date,20131116,2
GPAD,Date,20140201,2
GPAD,Date,20140518,2
GPAD,Date,20140705,2
GPAD,Date,20140823,2
GPAD,Date,20140914,2
GPAD,Date,20141011,2
GPAD,Date,20141018,2
GPAD,Date,20141130,2
GPAD,Date,20150103,2
GPAD,Date,20150328,2
GPAD,Date,20150927,2
GPAD,Date,20151011,2
GPAD,Date,20151121,2
GPAD,Date,20160412,2
GPAD,Date,20160413,2
GPAD,Date,20160415,2
GPAD,Date,20000720,1
GPAD,Date,20010915,1
GPAD,Date,20011008,1
GPAD,Date,20020129,1
GPAD,Date,20020227,1
GPAD,Date,20020522,1
GPAD,Date,20020625,1
GPAD,Date,20020708,1
GPAD,Date,20021107,1
GPAD,Date,20021115,1
GPAD,Date,20030205,1
GPAD,Date,20030523,1
GPAD,Date,20030609,1
GPAD,Date,20030618,1
GPAD,Date,20030806,1
GPAD,Date,20030915,1
GPAD,Date,20031010,1
GPAD,Date,20031011,1
GPAD,Date,20031014,1
GPAD,Date,20031112,1
GPAD,Date,20031113,1
GPAD,Date,20031126,1
GPAD,Date,20040106,1
GPAD,Date,20040121,1
GPAD,Date,20040122,1
GPAD,Date,20040218,1
GPAD,Date,20040303,1
GPAD,Date,20040325,1
GPAD,Date,20040331,1
GPAD,Date,20040504,1
GPAD,Date,20040602,1
GPAD,Date,20040617,1
GPAD,Date,20040620,1
GPAD,Date,20040721,1
GPAD,Date,20041001,1
GPAD,Date,20041013,1
GPAD,Date,20041028,1
GPAD,Date,20041104,1
GPAD,Date,20041111,1
GPAD,Date,20041216,1
GPAD,Date,20050103,1
GPAD,Date,20050119,1
GPAD,Date,20050311,1
GPAD,Date,20050429,1
GPAD,Date,20050509,1
GPAD,Date,20050602,1
GPAD,Date,20050726,1
GPAD,Date,20050803,1
GPAD,Date,20050808,1
GPAD,Date,20060621,1
GPAD,Date,20060703,1
GPAD,Date,20060814,1
GPAD,Date,20060907,1
GPAD,Date,20061016,1
GPAD,Date,20061222,1
GPAD,Date,20070118,1
GPAD,Date,20070314,1
GPAD,Date,20070323,1
GPAD,Date,20070425,1
GPAD,Date,20070501,1
GPAD,Date,20070511,1
GPAD,Date,20070518,1
GPAD,Date,20070614,1
GPAD,Date,20070710,1
GPAD,Date,20070821,1
GPAD,Date,20070822,1
GPAD,Date,20071105,1
GPAD,Date,20071125,1
GPAD,Date,20071230,1
GPAD,Date,20080116,1
GPAD,Date,20080309,1
GPAD,Date,20081116,1
GPAD,Date,20081123,1
GPAD,Date,20090109,1
GPAD,Date,20090110,1
GPAD,Date,20090128,1
GPAD,Date,20090414,1
GPAD,Date,20090525,1
GPAD,Date,20090910,1
GPAD,Date,20090912,1
GPAD,Date,20091224,1
GPAD,Date,20100227,1
GPAD,Date,20100509,1
GPAD,Date,20100912,1
GPAD,Date,20101026,1
GPAD,Date,20101113,1
GPAD,Date,20101218,1
GPAD,Date,20110425,1
GPAD,Date,20110925,1
GPAD,Date,20111231,1
GPAD,Date,20120225,1
GPAD,Date,20120331,1
GPAD,Date,20120401,1
GPAD,Date,20120415,1
GPAD,Date,20120603,1
GPAD,Date,20120819,1
GPAD,Date,20120826,1
GPAD,Date,20120916,1
GPAD,Date,20120923,1
GPAD,Date,20121020,1
GPAD,Date,20121231,1
GPAD,Date,20130119,1
GPAD,Date,20130303,1
GPAD,Date,20130309,1
GPAD,Date,20130616,1
GPAD,Date,20130811,1
GPAD,Date,20130818,1
GPAD,Date,20130929,1
GPAD,Date,20131012,1
GPAD,Date,20131124,1
GPAD,Date,20140126,1
GPAD,Date,20140208,1
GPAD,Date,20140315,1
GPAD,Date,20140413,1
GPAD,Date,20140418,1
GPAD,Date,20140421,1
GPAD,Date,20140511,1
GPAD,Date,20140608,1
GPAD,Date,20140906,1
GPAD,Date,20141005,1
GPAD,Date,20141025,1
GPAD,Date,20141026,1
GPAD,Date,20141122,1
GPAD,Date,20150110,1
GPAD,Date,20150118,1
GPAD,Date,20150131,1
GPAD,Date,20150403,1
GPAD,Date,20150510,1
GPAD,Date,20150725,1
GPAD,Date,20151004,1
GPAD,Date,20160618,1
GPAD,Date,20160619,1
GPI,Properties,db_subset=Swiss-Prot,20014
GPI,Properties,db_subset=TrEMBL,988
