source_type,version,label_column,observed_positive_genes,best_name,best_go_id,best_collection,best_subcollection,best_source_member,best_candidate_positive_genes,mismatch_genes,agreement,true_positives,false_positives,false_negatives,f1,jaccard,tie_count,tied_names,best_go_in_greene_table6,best_go_in_greene_table9
MSigDB 5.1 all collections,5.1,0,2647,SIGNAL_TRANSDUCTION,GO:0007165,C5,BP,msigdb_v5.1_files_to_download_locally/msigdb_v5.1_GMTs/c5.bp.v5.1.entrez.gmt,909,2030,0.5243673851921274,763,146,1884,0.42913385826771655,0.2731829573934837,1,SIGNAL_TRANSDUCTION,False,False
MSigDB 5.1 all collections,5.1,1,943,ZHONG_SECRETOME_OF_LUNG_CANCER_AND_FIBROBLAST,,C2,,msigdb_v5.1_files_to_download_locally/msigdb_v5.1_GMTs/c2.all.v5.1.entrez.gmt,67,900,0.7891283973758201,55,12,888,0.10891089108910891,0.05759162303664921,1,ZHONG_SECRETOME_OF_LUNG_CANCER_AND_FIBROBLAST,False,False
MSigDB 5.1 all collections,5.1,2,820,CELLULAR_LIPID_METABOLIC_PROCESS,GO:0044255,C5,BP,msigdb_v5.1_files_to_download_locally/msigdb_v5.1_GMTs/c5.bp.v5.1.entrez.gmt,118,736,0.8275538894095595,101,17,719,0.21535181236673773,0.12066905615292713,1,CELLULAR_LIPID_METABOLIC_PROCESS,False,False
MSigDB 5.1 all collections,5.1,3,935,DNA_BINDING,,C5,,msigdb_v5.1_files_to_download_locally/msigdb_v5.1_GMTs/c5.all.v5.1.entrez.gmt,290,813,0.8095126522961574,206,84,729,0.3363265306122449,0.20215897939156036,1,DNA_BINDING,False,False
MSigDB 5.1 all collections,5.1,4,542,KAUFFMANN_DNA_REPAIR_GENES,,C2,,msigdb_v5.1_files_to_download_locally/msigdb_v5.1_GMTs/c2.all.v5.1.entrez.gmt,134,492,0.8847235238987816,92,42,450,0.27218934911242604,0.15753424657534246,1,KAUFFMANN_DNA_REPAIR_GENES,False,False
MSigDB 5.1 all collections,5.1,5,749,DNA_BINDING,,C5,,msigdb_v5.1_files_to_download_locally/msigdb_v5.1_GMTs/c5.all.v5.1.entrez.gmt,290,627,0.8530927835051546,206,84,543,0.3965351299326275,0.24729891956782712,1,DNA_BINDING,False,False
MSigDB 5.1 all collections,5.1,6,961,DNA_BINDING,,C5,,msigdb_v5.1_files_to_download_locally/msigdb_v5.1_GMTs/c5.all.v5.1.entrez.gmt,290,839,0.8034208059981256,206,84,755,0.3293365307753797,0.19712918660287082,1,DNA_BINDING,False,False
MSigDB 5.1 all collections,5.1,7,1307,CYTOPLASM,,C5,,msigdb_v5.1_files_to_download_locally/msigdb_v5.1_GMTs/c5.all.v5.1.entrez.gmt,934,1247,0.7078256794751641,497,437,810,0.4435519857206604,0.2849770642201835,1,CYTOPLASM,False,False
MSigDB 5.1 all collections,5.1,8,556,CHROMOSOME_ORGANIZATION_AND_BIOGENESIS,GO:0051276,C5,BP,msigdb_v5.1_files_to_download_locally/msigdb_v5.1_GMTs/c5.bp.v5.1.entrez.gmt,86,510,0.880506091846298,66,20,490,0.205607476635514,0.11458333333333333,1,CHROMOSOME_ORGANIZATION_AND_BIOGENESIS,False,False
MSigDB 5.1 all collections,5.1,9,1284,BIOPOLYMER_METABOLIC_PROCESS,GO:0043283,C5,BP,msigdb_v5.1_files_to_download_locally/msigdb_v5.1_GMTs/c5.bp.v5.1.entrez.gmt,914,1048,0.7544517338331771,575,339,709,0.5232029117379435,0.3542821934688848,1,BIOPOLYMER_METABOLIC_PROCESS,False,False
MSigDB 5.1 all collections,5.1,10,757,PROTEIN_MODIFICATION_PROCESS,GO:0006464,C5,BP,msigdb_v5.1_files_to_download_locally/msigdb_v5.1_GMTs/c5.bp.v5.1.entrez.gmt,362,607,0.8577788191190253,256,106,501,0.4575513851653262,0.2966396292004635,1,PROTEIN_MODIFICATION_PROCESS,False,False
MSigDB 5.1 all collections,5.1,11,890,REGULATION_OF_SIGNAL_TRANSDUCTION,GO:0009966,C5,BP,msigdb_v5.1_files_to_download_locally/msigdb_v5.1_GMTs/c5.bp.v5.1.entrez.gmt,176,736,0.8275538894095595,165,11,725,0.30956848030018763,0.18312985571587126,1,REGULATION_OF_SIGNAL_TRANSDUCTION,False,False
MSigDB 5.1 all collections,5.1,12,2905,BIOPOLYMER_METABOLIC_PROCESS,GO:0043283,C5,BP,msigdb_v5.1_files_to_download_locally/msigdb_v5.1_GMTs/c5.bp.v5.1.entrez.gmt,914,2377,0.4430646672914714,721,193,2184,0.37758575543335954,0.2327307940606843,1,BIOPOLYMER_METABOLIC_PROCESS,False,False
MSigDB 5.1 all collections,5.1,13,845,CYTOKINE_PRODUCTION,GO:0001816,C5,BP,msigdb_v5.1_files_to_download_locally/msigdb_v5.1_GMTs/c5.bp.v5.1.entrez.gmt,63,794,0.8139643861293346,57,6,788,0.12555066079295155,0.06698002350176263,1,CYTOKINE_PRODUCTION,True,False
MSigDB 5.1 all collections,5.1,14,748,POSITIVE_REGULATION_OF_NUCLEOBASENUCLEOSIDENUCLEOTIDE_AND_NUCLEIC_ACID_METABOLIC_PROCESS,GO:0045935,C5,BP,msigdb_v5.1_files_to_download_locally/msigdb_v5.1_GMTs/c5.bp.v5.1.entrez.gmt,117,639,0.8502811621368322,113,4,635,0.261271676300578,0.1502659574468085,1,POSITIVE_REGULATION_OF_NUCLEOBASENUCLEOSIDENUCLEOTIDE_AND_NUCLEIC_ACID_METABOLIC_PROCESS,False,False
MSigDB 5.1 all collections,5.1,15,1450,NEGATIVE_REGULATION_OF_BIOLOGICAL_PROCESS,GO:0048519,C5,BP,msigdb_v5.1_files_to_download_locally/msigdb_v5.1_GMTs/c5.bp.v5.1.entrez.gmt,453,1165,0.7270384254920337,369,84,1081,0.3878087230688387,0.2405475880052151,1,NEGATIVE_REGULATION_OF_BIOLOGICAL_PROCESS,False,False
MSigDB 5.1 all collections,5.1,16,395,RNA_BINDING,,C5,,msigdb_v5.1_files_to_download_locally/msigdb_v5.1_GMTs/c5.all.v5.1.entrez.gmt,90,321,0.9247891283973758,82,8,313,0.33814432989690724,0.20347394540942929,1,RNA_BINDING,False,False
MSigDB 5.1 all collections,5.1,17,610,TRANSPORT,GO:0006810,C5,BP,msigdb_v5.1_files_to_download_locally/msigdb_v5.1_GMTs/c5.bp.v5.1.entrez.gmt,363,523,0.877460168697282,225,138,385,0.4624871531346352,0.30080213903743314,1,TRANSPORT,False,False
MSigDB 5.1 all collections,5.1,18,1117,NABA_MATRISOME,,C2,,msigdb_v5.1_files_to_download_locally/msigdb_v5.1_GMTs/c2.all.v5.1.entrez.gmt,339,1036,0.7572633552014996,210,129,907,0.28846153846153844,0.16853932584269662,1,NABA_MATRISOME,False,False
MSigDB 5.1 all collections,5.1,19,1657,BIOPOLYMER_METABOLIC_PROCESS,GO:0043283,C5,BP,msigdb_v5.1_files_to_download_locally/msigdb_v5.1_GMTs/c5.bp.v5.1.entrez.gmt,914,1359,0.6815838800374883,606,308,1051,0.47141190198366395,0.3083969465648855,1,BIOPOLYMER_METABOLIC_PROCESS,False,False
MSigDB 5.1 all collections,5.1,20,692,KEGG_SPLICEOSOME,,C2,,msigdb_v5.1_files_to_download_locally/msigdb_v5.1_GMTs/c2.all.v5.1.entrez.gmt,48,676,0.8416119962511714,32,16,660,0.08648648648648649,0.04519774011299435,1,KEGG_SPLICEOSOME,False,False
MSigDB 5.1 all collections,5.1,21,2534,SIGNAL_TRANSDUCTION,GO:0007165,C5,BP,msigdb_v5.1_files_to_download_locally/msigdb_v5.1_GMTs/c5.bp.v5.1.entrez.gmt,909,1941,0.5452202436738519,751,158,1783,0.43624745861167585,0.2789747399702823,1,SIGNAL_TRANSDUCTION,False,False
MSigDB 5.1 all collections,5.1,22,893,TRANSCRIPTION,GO:0006350,C5,BP,msigdb_v5.1_files_to_download_locally/msigdb_v5.1_GMTs/c5.bp.v5.1.entrez.gmt,417,668,0.8434864104967198,321,96,572,0.4900763358778626,0.32457027300303337,1,TRANSCRIPTION,False,False
MSigDB 5.1 all collections,5.1,23,1227,ORGANELLE_ORGANIZATION_AND_BIOGENESIS,GO:0006996,C5,BP,msigdb_v5.1_files_to_download_locally/msigdb_v5.1_GMTs/c5.bp.v5.1.entrez.gmt,311,1048,0.7544517338331771,245,66,982,0.31859557867360205,0.18948182521268367,1,ORGANELLE_ORGANIZATION_AND_BIOGENESIS,False,False
MSigDB 5.1 all collections,5.1,24,597,NUCLEOLUS,,C5,,msigdb_v5.1_files_to_download_locally/msigdb_v5.1_GMTs/c5.all.v5.1.entrez.gmt,38,565,0.8676194939081537,35,3,562,0.11023622047244094,0.058333333333333334,1,NUCLEOLUS,False,False
MSigDB 5.1 all collections,5.1,25,2437,CYTOPLASM,,C5,,msigdb_v5.1_files_to_download_locally/msigdb_v5.1_GMTs/c5.all.v5.1.entrez.gmt,934,1953,0.5424086223055296,709,225,1728,0.4206466923761495,0.26634109691960933,1,CYTOPLASM,False,False
MSigDB 5.1 all collections,5.1,26,2603,CYTOPLASM,,C5,,msigdb_v5.1_files_to_download_locally/msigdb_v5.1_GMTs/c5.all.v5.1.entrez.gmt,934,2053,0.5189784442361762,742,192,1861,0.4195646027707096,0.26547406082289804,1,CYTOPLASM,False,False
MSigDB 5.1 all collections,5.1,27,1208,NUCLEUS,,C5,,msigdb_v5.1_files_to_download_locally/msigdb_v5.1_GMTs/c5.all.v5.1.entrez.gmt,720,850,0.8008434864104967,539,181,669,0.5591286307053942,0.3880489560835133,1,NUCLEUS,False,False
MSigDB 5.1 all collections,5.1,28,2816,BIOPOLYMER_METABOLIC_PROCESS,GO:0043283,C5,BP,msigdb_v5.1_files_to_download_locally/msigdb_v5.1_GMTs/c5.bp.v5.1.entrez.gmt,914,2276,0.46672914714151825,727,187,2089,0.3898123324396783,0.24209124209124208,1,BIOPOLYMER_METABOLIC_PROCESS,False,False
MSigDB 5.1 all collections,5.1,29,721,POSITIVE_REGULATION_OF_CELLULAR_METABOLIC_PROCESS,GO:0031325,C5,BP,msigdb_v5.1_files_to_download_locally/msigdb_v5.1_GMTs/c5.bp.v5.1.entrez.gmt,174,619,0.854967197750703,138,36,583,0.30837988826815643,0.18229854689564068,1,POSITIVE_REGULATION_OF_CELLULAR_METABOLIC_PROCESS,False,False
MSigDB 5.1 all collections,5.1,30,2793,SIGNAL_TRANSDUCTION,GO:0007165,C5,BP,msigdb_v5.1_files_to_download_locally/msigdb_v5.1_GMTs/c5.bp.v5.1.entrez.gmt,909,2152,0.4957825679475164,775,134,2018,0.41869259859535385,0.26477622138708573,1,SIGNAL_TRANSDUCTION,False,False
MSigDB 5.1 all collections,5.1,31,613,SUBSTRATE_SPECIFIC_TRANSPORTER_ACTIVITY,,C5,,msigdb_v5.1_files_to_download_locally/msigdb_v5.1_GMTs/c5.all.v5.1.entrez.gmt,137,570,0.866447985004686,90,47,523,0.24,0.13636363636363635,1,SUBSTRATE_SPECIFIC_TRANSPORTER_ACTIVITY,False,False
MSigDB 5.1 all collections,5.1,32,3696,CYTOPLASM,,C5,,msigdb_v5.1_files_to_download_locally/msigdb_v5.1_GMTs/c5.all.v5.1.entrez.gmt,934,2896,0.3214620431115276,867,67,2829,0.37451403887688983,0.23040127557799628,1,CYTOPLASM,False,False
MSigDB 5.1 all collections,5.1,33,657,RESPONSE_TO_HORMONE_STIMULUS,GO:0009725,C5,BP,msigdb_v5.1_files_to_download_locally/msigdb_v5.1_GMTs/c5.bp.v5.1.entrez.gmt,27,642,0.8495782567947516,21,6,636,0.06140350877192982,0.03167420814479638,2,RESPONSE_TO_HORMONE_STIMULUS|RESPONSE_TO_ORGANIC_SUBSTANCE,False,False
MSigDB 5.1 all collections,5.1,34,819,REGULATION_OF_KINASE_ACTIVITY,GO:0043549,C5,BP,msigdb_v5.1_files_to_download_locally/msigdb_v5.1_GMTs/c5.bp.v5.1.entrez.gmt,102,769,0.819821930646673,76,26,743,0.16503800217155265,0.08994082840236686,3,REGULATION_OF_KINASE_ACTIVITY|REGULATION_OF_PROTEIN_KINASE_ACTIVITY|REGULATION_OF_TRANSFERASE_ACTIVITY,False,False
MSigDB 5.1 all collections,5.1,35,1253,MACROMOLECULAR_COMPLEX,,C5,,msigdb_v5.1_files_to_download_locally/msigdb_v5.1_GMTs/c5.all.v5.1.entrez.gmt,470,993,0.7673383317713215,365,105,888,0.4236796285548462,0.26877761413843887,1,MACROMOLECULAR_COMPLEX,False,False
MSigDB 5.1 all collections,5.1,36,746,REGULATION_OF_CELLULAR_COMPONENT_ORGANIZATION_AND_BIOGENESIS,GO:0051128,C5,BP,msigdb_v5.1_files_to_download_locally/msigdb_v5.1_GMTs/c5.bp.v5.1.entrez.gmt,87,713,0.8329428303655108,60,27,686,0.14405762304921968,0.07761966364812418,1,REGULATION_OF_CELLULAR_COMPONENT_ORGANIZATION_AND_BIOGENESIS,False,False
MSigDB 5.1 all collections,5.1,37,819,NEGATIVE_REGULATION_OF_CELLULAR_METABOLIC_PROCESS,GO:0031324,C5,BP,msigdb_v5.1_files_to_download_locally/msigdb_v5.1_GMTs/c5.bp.v5.1.entrez.gmt,171,706,0.8345829428303655,142,29,677,0.2868686868686869,0.16745283018867924,2,NEGATIVE_REGULATION_OF_CELLULAR_METABOLIC_PROCESS|NEGATIVE_REGULATION_OF_METABOLIC_PROCESS,False,False
MSigDB 5.1 all collections,5.1,38,1626,REGULATION_OF_METABOLIC_PROCESS,GO:0019222,C5,BP,msigdb_v5.1_files_to_download_locally/msigdb_v5.1_GMTs/c5.bp.v5.1.entrez.gmt,509,1307,0.6937675726335519,414,95,1212,0.3878220140515222,0.24055781522370714,1,REGULATION_OF_METABOLIC_PROCESS,False,False
MSigDB 5.1 all collections,5.1,39,742,PROTEIN_MODIFICATION_PROCESS,GO:0006464,C5,BP,msigdb_v5.1_files_to_download_locally/msigdb_v5.1_GMTs/c5.bp.v5.1.entrez.gmt,362,592,0.8612933458294283,256,106,486,0.463768115942029,0.3018867924528302,1,PROTEIN_MODIFICATION_PROCESS,False,False
MSigDB 5.1 all collections,5.1,40,599,KAUFFMANN_DNA_REPAIR_GENES,,C2,,msigdb_v5.1_files_to_download_locally/msigdb_v5.1_GMTs/c2.all.v5.1.entrez.gmt,134,549,0.8713683223992502,92,42,507,0.25102319236016374,0.1435257410296412,2,KAUFFMANN_DNA_REPAIR_GENES|DNA_REPAIR,False,False
MSigDB 5.1 all collections,5.1,41,900,ORGAN_DEVELOPMENT,GO:0048513,C5,BP,msigdb_v5.1_files_to_download_locally/msigdb_v5.1_GMTs/c5.bp.v5.1.entrez.gmt,337,835,0.8043580131208997,201,136,699,0.3249797898140663,0.19401544401544402,1,ORGAN_DEVELOPMENT,False,False
MSigDB 5.1 all collections,5.1,42,794,REGULATION_OF_MOLECULAR_FUNCTION,GO:0065009,C5,BP,msigdb_v5.1_files_to_download_locally/msigdb_v5.1_GMTs/c5.bp.v5.1.entrez.gmt,220,686,0.8392689784442362,164,56,630,0.3234714003944773,0.19294117647058823,1,REGULATION_OF_MOLECULAR_FUNCTION,False,False
MSigDB 5.1 all collections,5.1,43,880,REGULATION_OF_BIOLOGICAL_QUALITY,GO:0065008,C5,BP,msigdb_v5.1_files_to_download_locally/msigdb_v5.1_GMTs/c5.bp.v5.1.entrez.gmt,281,789,0.8151358950328023,186,95,694,0.32041343669250644,0.19076923076923077,1,REGULATION_OF_BIOLOGICAL_QUALITY,False,False
MSigDB 5.1 all collections,5.1,44,550,PID_ECADHERIN_KERATINOCYTE_PATHWAY,,C2,,msigdb_v5.1_files_to_download_locally/msigdb_v5.1_GMTs/c2.all.v5.1.entrez.gmt,18,542,0.873008434864105,13,5,537,0.045774647887323945,0.023423423423423424,2,PID_ECADHERIN_KERATINOCYTE_PATHWAY|REACTOME_PECAM1_INTERACTIONS,False,False
MSigDB 5.1 all collections,5.1,45,1124,REGULATION_OF_GENE_EXPRESSION,GO:0010468,C5,BP,msigdb_v5.1_files_to_download_locally/msigdb_v5.1_GMTs/c5.bp.v5.1.entrez.gmt,411,877,0.7945173383317713,329,82,795,0.4286644951140065,0.2728026533996683,1,REGULATION_OF_GENE_EXPRESSION,False,False
MSigDB 5.1 all collections,5.1,46,1486,BIOPOLYMER_METABOLIC_PROCESS,GO:0043283,C5,BP,msigdb_v5.1_files_to_download_locally/msigdb_v5.1_GMTs/c5.bp.v5.1.entrez.gmt,914,1238,0.7099343955014058,581,333,905,0.4841666666666667,0.3194062671797691,1,BIOPOLYMER_METABOLIC_PROCESS,False,False
MSigDB 5.1 all collections,5.1,47,1522,BIOPOLYMER_METABOLIC_PROCESS,GO:0043283,C5,BP,msigdb_v5.1_files_to_download_locally/msigdb_v5.1_GMTs/c5.bp.v5.1.entrez.gmt,914,1264,0.703842549203374,586,328,936,0.48111658456486045,0.31675675675675674,1,BIOPOLYMER_METABOLIC_PROCESS,False,False
MSigDB 5.1 all collections,5.1,48,948,ZHONG_SECRETOME_OF_LUNG_CANCER_AND_FIBROBLAST,,C2,,msigdb_v5.1_files_to_download_locally/msigdb_v5.1_GMTs/c2.all.v5.1.entrez.gmt,67,905,0.7879568884723525,55,12,893,0.10837438423645321,0.057291666666666664,1,ZHONG_SECRETOME_OF_LUNG_CANCER_AND_FIBROBLAST,False,False
MSigDB 5.1 all collections,5.1,49,882,REGULATION_OF_PROTEIN_METABOLIC_PROCESS,GO:0051246,C5,BP,msigdb_v5.1_files_to_download_locally/msigdb_v5.1_GMTs/c5.bp.v5.1.entrez.gmt,130,818,0.8083411433926898,97,33,785,0.191699604743083,0.10601092896174863,1,REGULATION_OF_PROTEIN_METABOLIC_PROCESS,False,False
MSigDB 5.1 all collections,5.1,50,1378,NEGATIVE_REGULATION_OF_BIOLOGICAL_PROCESS,GO:0048519,C5,BP,msigdb_v5.1_files_to_download_locally/msigdb_v5.1_GMTs/c5.bp.v5.1.entrez.gmt,453,1113,0.7392221180880975,359,94,1019,0.3921354451119607,0.24388586956521738,1,NEGATIVE_REGULATION_OF_BIOLOGICAL_PROCESS,False,False
MSigDB 5.1 all collections,5.1,51,1164,REGULATION_OF_SIGNAL_TRANSDUCTION,GO:0009966,C5,BP,msigdb_v5.1_files_to_download_locally/msigdb_v5.1_GMTs/c5.bp.v5.1.entrez.gmt,176,1006,0.7642924086223055,167,9,997,0.24925373134328357,0.1423699914748508,1,REGULATION_OF_SIGNAL_TRANSDUCTION,False,False
MSigDB 5.1 all collections,5.1,52,1731,POSITIVE_REGULATION_OF_BIOLOGICAL_PROCESS,GO:0048518,C5,BP,msigdb_v5.1_files_to_download_locally/msigdb_v5.1_GMTs/c5.bp.v5.1.entrez.gmt,521,1348,0.6841611996251171,452,69,1279,0.40142095914742454,0.2511111111111111,1,POSITIVE_REGULATION_OF_BIOLOGICAL_PROCESS,False,False
MSigDB 5.1 all collections,5.1,53,1635,REGULATION_OF_METABOLIC_PROCESS,GO:0019222,C5,BP,msigdb_v5.1_files_to_download_locally/msigdb_v5.1_GMTs/c5.bp.v5.1.entrez.gmt,509,1332,0.6879100281162136,406,103,1229,0.3787313432835821,0.2336018411967779,1,REGULATION_OF_METABOLIC_PROCESS,False,False
MSigDB 5.1 all collections,5.1,54,957,REGULATION_OF_SIGNAL_TRANSDUCTION,GO:0009966,C5,BP,msigdb_v5.1_files_to_download_locally/msigdb_v5.1_GMTs/c5.bp.v5.1.entrez.gmt,176,803,0.8118556701030928,165,11,792,0.2912621359223301,0.17045454545454544,1,REGULATION_OF_SIGNAL_TRANSDUCTION,False,False
MSigDB 5.1 all collections,5.1,55,1017,TRANSCRIPTION,GO:0006350,C5,BP,msigdb_v5.1_files_to_download_locally/msigdb_v5.1_GMTs/c5.bp.v5.1.entrez.gmt,417,790,0.8149015932521086,322,95,695,0.4490934449093445,0.289568345323741,1,TRANSCRIPTION,False,False
MSigDB 5.1 all collections,5.1,56,698,REGULATION_OF_CELL_DIFFERENTIATION,GO:0045595,C5,BP,msigdb_v5.1_files_to_download_locally/msigdb_v5.1_GMTs/c5.bp.v5.1.entrez.gmt,50,656,0.8462980318650422,46,4,652,0.12299465240641712,0.06552706552706553,1,REGULATION_OF_CELL_DIFFERENTIATION,False,False
MSigDB 5.1 all collections,5.1,57,624,REGULATION_OF_KINASE_ACTIVITY,GO:0043549,C5,BP,msigdb_v5.1_files_to_download_locally/msigdb_v5.1_GMTs/c5.bp.v5.1.entrez.gmt,102,578,0.8645735707591378,74,28,550,0.20385674931129477,0.11349693251533742,3,REGULATION_OF_KINASE_ACTIVITY|REGULATION_OF_PROTEIN_KINASE_ACTIVITY|REGULATION_OF_TRANSFERASE_ACTIVITY,False,False
MSigDB 5.1 all collections,5.1,58,604,ESTABLISHMENT_AND_OR_MAINTENANCE_OF_CHROMATIN_ARCHITECTURE,GO:0006325,C5,BP,msigdb_v5.1_files_to_download_locally/msigdb_v5.1_GMTs/c5.bp.v5.1.entrez.gmt,54,572,0.865979381443299,43,11,561,0.13069908814589665,0.06991869918699187,1,ESTABLISHMENT_AND_OR_MAINTENANCE_OF_CHROMATIN_ARCHITECTURE,False,False
MSigDB 5.1 all collections,5.1,59,892,TRANSCRIPTION,GO:0006350,C5,BP,msigdb_v5.1_files_to_download_locally/msigdb_v5.1_GMTs/c5.bp.v5.1.entrez.gmt,417,667,0.8437207122774133,321,96,571,0.4904507257448434,0.3248987854251012,1,TRANSCRIPTION,False,False
MSigDB 5.1 all collections,5.1,60,1829,POSITIVE_REGULATION_OF_BIOLOGICAL_PROCESS,GO:0048518,C5,BP,msigdb_v5.1_files_to_download_locally/msigdb_v5.1_GMTs/c5.bp.v5.1.entrez.gmt,521,1412,0.669165885660731,469,52,1360,0.39914893617021274,0.24933545986177566,1,POSITIVE_REGULATION_OF_BIOLOGICAL_PROCESS,False,False
MSigDB 5.1 all collections,5.1,61,668,TRANSPORT,GO:0006810,C5,BP,msigdb_v5.1_files_to_download_locally/msigdb_v5.1_GMTs/c5.bp.v5.1.entrez.gmt,363,575,0.8652764761012184,228,135,440,0.4422890397672163,0.28393524283935245,1,TRANSPORT,False,False
MSigDB 5.1 all collections,5.1,62,796,REGULATION_OF_TRANSPORT,GO:0051049,C5,BP,msigdb_v5.1_files_to_download_locally/msigdb_v5.1_GMTs/c5.bp.v5.1.entrez.gmt,47,757,0.8226335520149953,43,4,753,0.10201660735468565,0.05375,1,REGULATION_OF_TRANSPORT,False,False
MSigDB 5.1 all collections,5.1,63,742,PROTEIN_MODIFICATION_PROCESS,GO:0006464,C5,BP,msigdb_v5.1_files_to_download_locally/msigdb_v5.1_GMTs/c5.bp.v5.1.entrez.gmt,362,592,0.8612933458294283,256,106,486,0.463768115942029,0.3018867924528302,1,PROTEIN_MODIFICATION_PROCESS,False,False
MSigDB 5.1 all collections,5.1,64,762,RESPONSE_TO_DNA_DAMAGE_STIMULUS,GO:0006974,C5,BP,msigdb_v5.1_files_to_download_locally/msigdb_v5.1_GMTs/c5.bp.v5.1.entrez.gmt,124,710,0.8336457357075914,88,36,674,0.1986455981941309,0.11027568922305764,1,RESPONSE_TO_DNA_DAMAGE_STIMULUS,False,False
MSigDB 5.1 all collections,5.1,65,536,SUBSTRATE_SPECIFIC_TRANSPORTER_ACTIVITY,,C5,,msigdb_v5.1_files_to_download_locally/msigdb_v5.1_GMTs/c5.all.v5.1.entrez.gmt,137,493,0.8844892221180881,90,47,446,0.2674591381872214,0.15437392795883362,1,SUBSTRATE_SPECIFIC_TRANSPORTER_ACTIVITY,False,False
MSigDB 5.1 all collections,5.1,66,2043,ORGANELLE_ORGANIZATION_AND_BIOGENESIS,GO:0006996,C5,BP,msigdb_v5.1_files_to_download_locally/msigdb_v5.1_GMTs/c5.bp.v5.1.entrez.gmt,311,1852,0.5660731021555764,251,60,1792,0.21325403568394222,0.11935330480266286,1,ORGANELLE_ORGANIZATION_AND_BIOGENESIS,False,False
MSigDB 5.1 all collections,5.1,67,1291,MEMBRANE,,C5,,msigdb_v5.1_files_to_download_locally/msigdb_v5.1_GMTs/c5.all.v5.1.entrez.gmt,809,1150,0.7305529522024368,475,334,816,0.4523809523809524,0.2923076923076923,1,MEMBRANE,False,False
MSigDB 5.1 all collections,5.1,68,1737,ORGANELLE_PART,,C5,,msigdb_v5.1_files_to_download_locally/msigdb_v5.1_GMTs/c5.all.v5.1.entrez.gmt,549,1324,0.689784442361762,481,68,1256,0.42082239720035,0.2664819944598338,1,ORGANELLE_PART,False,False
MSigDB 5.1 all collections,5.1,69,1080,PROTEIN_COMPLEX,,C5,,msigdb_v5.1_files_to_download_locally/msigdb_v5.1_GMTs/c5.all.v5.1.entrez.gmt,436,858,0.7989690721649485,329,107,751,0.4340369393139842,0.2771693344566133,1,PROTEIN_COMPLEX,False,False
MSigDB 5.1 all collections,5.1,70,948,ZHONG_SECRETOME_OF_LUNG_CANCER_AND_FIBROBLAST,,C2,,msigdb_v5.1_files_to_download_locally/msigdb_v5.1_GMTs/c2.all.v5.1.entrez.gmt,67,905,0.7879568884723525,55,12,893,0.10837438423645321,0.057291666666666664,1,ZHONG_SECRETOME_OF_LUNG_CANCER_AND_FIBROBLAST,False,False
MSigDB 5.1 all collections,5.1,71,597,NUCLEOLUS,,C5,,msigdb_v5.1_files_to_download_locally/msigdb_v5.1_GMTs/c5.all.v5.1.entrez.gmt,38,565,0.8676194939081537,35,3,562,0.11023622047244094,0.058333333333333334,1,NUCLEOLUS,False,False
MSigDB 5.1 all collections,5.1,72,653,POSITIVE_REGULATION_OF_NUCLEOBASENUCLEOSIDENUCLEOTIDE_AND_NUCLEIC_ACID_METABOLIC_PROCESS,GO:0045935,C5,BP,msigdb_v5.1_files_to_download_locally/msigdb_v5.1_GMTs/c5.bp.v5.1.entrez.gmt,117,554,0.8701968134957826,108,9,545,0.2805194805194805,0.16314199395770393,2,POSITIVE_REGULATION_OF_NUCLEOBASENUCLEOSIDENUCLEOTIDE_AND_NUCLEIC_ACID_METABOLIC_PROCESS|POSITIVE_REGULATION_OF_TRANSCRIPTION,False,False
MSigDB 5.1 all collections,5.1,73,1159,REGULATION_OF_NUCLEOBASENUCLEOSIDENUCLEOTIDE_AND_NUCLEIC_ACID_METABOLIC_PROCESS,GO:0019219,C5,BP,msigdb_v5.1_files_to_download_locally/msigdb_v5.1_GMTs/c5.bp.v5.1.entrez.gmt,380,913,0.7860824742268041,313,67,846,0.40675763482781024,0.2553017944535073,1,REGULATION_OF_NUCLEOBASENUCLEOSIDENUCLEOTIDE_AND_NUCLEIC_ACID_METABOLIC_PROCESS,False,False
MSigDB 5.1 all collections,5.1,74,773,POSITIVE_REGULATION_OF_NUCLEOBASENUCLEOSIDENUCLEOTIDE_AND_NUCLEIC_ACID_METABOLIC_PROCESS,GO:0045935,C5,BP,msigdb_v5.1_files_to_download_locally/msigdb_v5.1_GMTs/c5.bp.v5.1.entrez.gmt,117,664,0.8444236176194939,113,4,660,0.2539325842696629,0.14543114543114544,1,POSITIVE_REGULATION_OF_NUCLEOBASENUCLEOSIDENUCLEOTIDE_AND_NUCLEIC_ACID_METABOLIC_PROCESS,False,False
MSigDB 5.1 all collections,5.1,75,808,TRANSPORT,GO:0006810,C5,BP,msigdb_v5.1_files_to_download_locally/msigdb_v5.1_GMTs/c5.bp.v5.1.entrez.gmt,363,701,0.8357544517338331,235,128,573,0.4013663535439795,0.25106837606837606,1,TRANSPORT,False,False
MSigDB 5.1 all collections,5.1,76,1225,ORGANELLE_ORGANIZATION_AND_BIOGENESIS,GO:0006996,C5,BP,msigdb_v5.1_files_to_download_locally/msigdb_v5.1_GMTs/c5.bp.v5.1.entrez.gmt,311,1046,0.7549203373945642,245,66,980,0.3190104166666667,0.18977536793183578,1,ORGANELLE_ORGANIZATION_AND_BIOGENESIS,False,False
MSigDB 5.1 all collections,5.1,77,547,KAUFFMANN_DNA_REPAIR_GENES,,C2,,msigdb_v5.1_files_to_download_locally/msigdb_v5.1_GMTs/c2.all.v5.1.entrez.gmt,134,497,0.883552014995314,92,42,455,0.2701908957415565,0.15619694397283532,2,KAUFFMANN_DNA_REPAIR_GENES|DNA_REPAIR,False,False
MSigDB 5.1 all collections,5.1,78,1054,REGULATION_OF_GENE_EXPRESSION,GO:0010468,C5,BP,msigdb_v5.1_files_to_download_locally/msigdb_v5.1_GMTs/c5.bp.v5.1.entrez.gmt,411,811,0.8099812558575445,327,84,727,0.44641638225255975,0.28734622144112476,1,REGULATION_OF_GENE_EXPRESSION,False,False
MSigDB 5.1 all collections,5.1,79,900,TRANSCRIPTION,GO:0006350,C5,BP,msigdb_v5.1_files_to_download_locally/msigdb_v5.1_GMTs/c5.bp.v5.1.entrez.gmt,417,669,0.8432521087160263,324,93,576,0.4920273348519362,0.32628398791540786,1,TRANSCRIPTION,False,False
MSigDB 5.1 all collections,5.1,80,758,PROTEIN_MODIFICATION_PROCESS,GO:0006464,C5,BP,msigdb_v5.1_files_to_download_locally/msigdb_v5.1_GMTs/c5.bp.v5.1.entrez.gmt,362,600,0.85941893158388,260,102,498,0.4642857142857143,0.3023255813953488,1,PROTEIN_MODIFICATION_PROCESS,False,False
MSigDB 5.1 all collections,5.1,81,2035,NUCLEOBASENUCLEOSIDENUCLEOTIDE_AND_NUCLEIC_ACID_METABOLIC_PROCESS,GO:0006139,C5,BP,msigdb_v5.1_files_to_download_locally/msigdb_v5.1_GMTs/c5.bp.v5.1.entrez.gmt,655,1826,0.5721649484536082,432,223,1603,0.32118959107806694,0.1913197519929141,1,NUCLEOBASENUCLEOSIDENUCLEOTIDE_AND_NUCLEIC_ACID_METABOLIC_PROCESS,False,False
MSigDB 5.1 all collections,5.1,82,1103,REGULATION_OF_NUCLEOBASENUCLEOSIDENUCLEOTIDE_AND_NUCLEIC_ACID_METABOLIC_PROCESS,GO:0019219,C5,BP,msigdb_v5.1_files_to_download_locally/msigdb_v5.1_GMTs/c5.bp.v5.1.entrez.gmt,380,859,0.7987347703842549,312,68,791,0.4207687120701281,0.2664389410760034,1,REGULATION_OF_NUCLEOBASENUCLEOSIDENUCLEOTIDE_AND_NUCLEIC_ACID_METABOLIC_PROCESS,False,False
MSigDB 5.1 all collections,5.1,83,785,PROTEIN_KINASE_ACTIVITY,,C5,,msigdb_v5.1_files_to_download_locally/msigdb_v5.1_GMTs/c5.all.v5.1.entrez.gmt,181,740,0.8266166822867854,113,68,672,0.23395445134575568,0.1324736225087925,1,PROTEIN_KINASE_ACTIVITY,False,False
MSigDB 5.1 all collections,5.1,84,582,TRANSFERASE_ACTIVITY_TRANSFERRING_PHOSPHORUS_CONTAINING_GROUPS,,C5,,msigdb_v5.1_files_to_download_locally/msigdb_v5.1_GMTs/c5.all.v5.1.entrez.gmt,240,456,0.8931583880037488,183,57,399,0.44525547445255476,0.2863849765258216,1,TRANSFERASE_ACTIVITY_TRANSFERRING_PHOSPHORUS_CONTAINING_GROUPS,False,False
MSigDB 5.1 all collections,5.1,85,2406,CYTOPLASM,,C5,,msigdb_v5.1_files_to_download_locally/msigdb_v5.1_GMTs/c5.all.v5.1.entrez.gmt,934,2098,0.5084348641049672,621,313,1785,0.3718562874251497,0.22839279146745126,1,CYTOPLASM,False,False
MSigDB 5.1 all collections,5.1,86,339,REACTOME_MRNA_SPLICING,,C2,,msigdb_v5.1_files_to_download_locally/msigdb_v5.1_GMTs/c2.all.v5.1.entrez.gmt,40,307,0.9280693533270853,36,4,303,0.18997361477572558,0.10495626822157435,2,REACTOME_MRNA_SPLICING|RNA_BINDING,False,False
MSigDB 5.1 all collections,5.1,87,1132,POSITIVE_REGULATION_OF_CELLULAR_METABOLIC_PROCESS,GO:0031325,C5,BP,msigdb_v5.1_files_to_download_locally/msigdb_v5.1_GMTs/c5.bp.v5.1.entrez.gmt,174,986,0.7689784442361762,160,14,972,0.2450229709035222,0.13961605584642234,1,POSITIVE_REGULATION_OF_CELLULAR_METABOLIC_PROCESS,False,False
MSigDB 5.1 all collections,5.1,88,1108,TRANSCRIPTION,GO:0006350,C5,BP,msigdb_v5.1_files_to_download_locally/msigdb_v5.1_GMTs/c5.bp.v5.1.entrez.gmt,417,869,0.7963917525773196,328,89,780,0.4301639344262295,0.27401837928153716,1,TRANSCRIPTION,False,False
MSigDB 5.1 all collections,5.1,89,766,NEGATIVE_REGULATION_OF_CELLULAR_METABOLIC_PROCESS,GO:0031324,C5,BP,msigdb_v5.1_files_to_download_locally/msigdb_v5.1_GMTs/c5.bp.v5.1.entrez.gmt,171,671,0.8427835051546392,133,38,633,0.2838847385272145,0.1654228855721393,1,NEGATIVE_REGULATION_OF_CELLULAR_METABOLIC_PROCESS,False,False
MSigDB 5.1 all collections,5.1,90,702,POSITIVE_REGULATION_OF_SIGNAL_TRANSDUCTION,GO:0009967,C5,BP,msigdb_v5.1_files_to_download_locally/msigdb_v5.1_GMTs/c5.bp.v5.1.entrez.gmt,112,590,0.8617619493908154,112,0,590,0.2751842751842752,0.15954415954415954,1,POSITIVE_REGULATION_OF_SIGNAL_TRANSDUCTION,False,False
MSigDB 5.1 all collections,5.1,91,913,PROTEIN_MODIFICATION_PROCESS,GO:0006464,C5,BP,msigdb_v5.1_files_to_download_locally/msigdb_v5.1_GMTs/c5.bp.v5.1.entrez.gmt,362,735,0.827788191190253,270,92,643,0.4235294117647059,0.26865671641791045,1,PROTEIN_MODIFICATION_PROCESS,False,False
MSigDB 5.1 all collections,5.1,92,1174,BIOPOLYMER_METABOLIC_PROCESS,GO:0043283,C5,BP,msigdb_v5.1_files_to_download_locally/msigdb_v5.1_GMTs/c5.bp.v5.1.entrez.gmt,914,966,0.7736644798500468,561,353,613,0.5373563218390804,0.36738703339882123,1,BIOPOLYMER_METABOLIC_PROCESS,False,False
MSigDB 5.1 all collections,5.1,93,725,POSITIVE_REGULATION_OF_NUCLEOBASENUCLEOSIDENUCLEOTIDE_AND_NUCLEIC_ACID_METABOLIC_PROCESS,GO:0045935,C5,BP,msigdb_v5.1_files_to_download_locally/msigdb_v5.1_GMTs/c5.bp.v5.1.entrez.gmt,117,626,0.8533270852858481,108,9,617,0.25653206650831356,0.14713896457765668,2,POSITIVE_REGULATION_OF_NUCLEOBASENUCLEOSIDENUCLEOTIDE_AND_NUCLEIC_ACID_METABOLIC_PROCESS|POSITIVE_REGULATION_OF_TRANSCRIPTION,False,False
MSigDB 5.1 all collections,5.1,94,864,ORGAN_DEVELOPMENT,GO:0048513,C5,BP,msigdb_v5.1_files_to_download_locally/msigdb_v5.1_GMTs/c5.bp.v5.1.entrez.gmt,337,815,0.8090440487347703,193,144,671,0.32139883430474603,0.19146825396825398,1,ORGAN_DEVELOPMENT,False,False
MSigDB 5.1 all collections,5.1,95,1149,BIOPOLYMER_MODIFICATION,GO:0043412,C5,BP,msigdb_v5.1_files_to_download_locally/msigdb_v5.1_GMTs/c5.bp.v5.1.entrez.gmt,375,1016,0.7619493908153702,254,121,895,0.3333333333333333,0.2,1,BIOPOLYMER_MODIFICATION,False,False
MSigDB 5.1 all collections,5.1,96,658,RESPONSE_TO_STRESS,GO:0006950,C5,BP,msigdb_v5.1_files_to_download_locally/msigdb_v5.1_GMTs/c5.bp.v5.1.entrez.gmt,335,599,0.8596532333645736,197,138,461,0.39677744209466265,0.24748743718592964,1,RESPONSE_TO_STRESS,False,False
MSigDB 5.1 all collections,5.1,97,1577,BIOPOLYMER_METABOLIC_PROCESS,GO:0043283,C5,BP,msigdb_v5.1_files_to_download_locally/msigdb_v5.1_GMTs/c5.bp.v5.1.entrez.gmt,914,1309,0.6932989690721649,591,323,986,0.47450822962665595,0.31105263157894736,1,BIOPOLYMER_METABOLIC_PROCESS,False,False
MSigDB 5.1 all collections,5.1,98,1741,REGULATION_OF_METABOLIC_PROCESS,GO:0019222,C5,BP,msigdb_v5.1_files_to_download_locally/msigdb_v5.1_GMTs/c5.bp.v5.1.entrez.gmt,509,1402,0.6715089034676663,424,85,1317,0.3768888888888889,0.2322015334063527,1,REGULATION_OF_METABOLIC_PROCESS,False,False
MSigDB 5.1 all collections,5.1,99,1042,ZHONG_SECRETOME_OF_LUNG_CANCER_AND_FIBROBLAST,,C2,,msigdb_v5.1_files_to_download_locally/msigdb_v5.1_GMTs/c2.all.v5.1.entrez.gmt,67,999,0.7659325210871603,55,12,987,0.09918845807033363,0.05218216318785579,1,ZHONG_SECRETOME_OF_LUNG_CANCER_AND_FIBROBLAST,False,False
MSigDB 5.1 all collections,5.1,100,1893,NUCLEUS,,C5,,msigdb_v5.1_files_to_download_locally/msigdb_v5.1_GMTs/c5.all.v5.1.entrez.gmt,720,1481,0.6529990627928772,566,154,1327,0.43321852277076156,0.2765021983390327,1,NUCLEUS,False,False
MSigDB 5.1 all collections,5.1,101,977,REGULATION_OF_SIGNAL_TRANSDUCTION,GO:0009966,C5,BP,msigdb_v5.1_files_to_download_locally/msigdb_v5.1_GMTs/c5.bp.v5.1.entrez.gmt,176,823,0.8071696344892221,165,11,812,0.2862098872506505,0.16700404858299595,1,REGULATION_OF_SIGNAL_TRANSDUCTION,False,False
MSigDB 5.1 all collections,5.1,102,726,MEMBRANE_PART,,C5,,msigdb_v5.1_files_to_download_locally/msigdb_v5.1_GMTs/c5.all.v5.1.entrez.gmt,656,684,0.8397375820056232,349,307,377,0.5050651230101303,0.3378509196515005,1,MEMBRANE_PART,False,False
MSigDB 5.1 all collections,5.1,103,1207,POSITIVE_REGULATION_OF_METABOLIC_PROCESS,GO:0009893,C5,BP,msigdb_v5.1_files_to_download_locally/msigdb_v5.1_GMTs/c5.bp.v5.1.entrez.gmt,178,1049,0.7542174320524836,168,10,1039,0.24259927797833936,0.13804437140509448,1,POSITIVE_REGULATION_OF_METABOLIC_PROCESS,False,False
MSigDB 5.1 all collections,5.1,104,774,POSITIVE_REGULATION_OF_CELLULAR_METABOLIC_PROCESS,GO:0031325,C5,BP,msigdb_v5.1_files_to_download_locally/msigdb_v5.1_GMTs/c5.bp.v5.1.entrez.gmt,174,664,0.8444236176194939,142,32,632,0.29957805907172996,0.1761786600496278,1,POSITIVE_REGULATION_OF_CELLULAR_METABOLIC_PROCESS,False,False
MSigDB 5.1 all collections,5.1,105,1170,RESPONSE_TO_STRESS,GO:0006950,C5,BP,msigdb_v5.1_files_to_download_locally/msigdb_v5.1_GMTs/c5.bp.v5.1.entrez.gmt,335,1051,0.7537488284910965,227,108,943,0.3016611295681063,0.17762128325508608,1,RESPONSE_TO_STRESS,False,False
MSigDB 5.1 all collections,5.1,106,1153,CYTOSKELETAL_PROTEIN_BINDING,,C5,,msigdb_v5.1_files_to_download_locally/msigdb_v5.1_GMTs/c5.all.v5.1.entrez.gmt,93,1082,0.746485473289597,82,11,1071,0.13162118780096307,0.070446735395189,1,CYTOSKELETAL_PROTEIN_BINDING,False,False
MSigDB 5.1 all collections,5.1,107,695,ORGANELLE_ORGANIZATION_AND_BIOGENESIS,GO:0006996,C5,BP,msigdb_v5.1_files_to_download_locally/msigdb_v5.1_GMTs/c5.bp.v5.1.entrez.gmt,311,604,0.8584817244611059,201,110,494,0.3996023856858847,0.2496894409937888,1,ORGANELLE_ORGANIZATION_AND_BIOGENESIS,False,False
MSigDB 5.1 all collections,5.1,108,1697,INTRACELLULAR_ORGANELLE_PART,,C5,,msigdb_v5.1_files_to_download_locally/msigdb_v5.1_GMTs/c5.all.v5.1.entrez.gmt,548,1297,0.6961105904404874,474,74,1223,0.422271714922049,0.2676453980801807,1,INTRACELLULAR_ORGANELLE_PART,False,False
MSigDB 5.1 all collections,5.1,109,1389,CYTOPLASMIC_PART,,C5,,msigdb_v5.1_files_to_download_locally/msigdb_v5.1_GMTs/c5.all.v5.1.entrez.gmt,583,970,0.7727272727272727,501,82,888,0.5081135902636917,0.3405846363018355,1,CYTOPLASMIC_PART,False,False
MSigDB 5.1 all collections,5.1,110,1149,NUCLEUS,,C5,,msigdb_v5.1_files_to_download_locally/msigdb_v5.1_GMTs/c5.all.v5.1.entrez.gmt,720,891,0.7912371134020618,489,231,660,0.5232744783306581,0.35434782608695653,1,NUCLEUS,False,False
MSigDB 5.1 all collections,5.1,111,761,POSITIVE_REGULATION_OF_CELLULAR_METABOLIC_PROCESS,GO:0031325,C5,BP,msigdb_v5.1_files_to_download_locally/msigdb_v5.1_GMTs/c5.bp.v5.1.entrez.gmt,174,651,0.8474695407685098,142,32,619,0.3037433155080214,0.17906683480453972,1,POSITIVE_REGULATION_OF_CELLULAR_METABOLIC_PROCESS,False,False
MSigDB 5.1 all collections,5.1,112,1108,REGULATION_OF_GENE_EXPRESSION,GO:0010468,C5,BP,msigdb_v5.1_files_to_download_locally/msigdb_v5.1_GMTs/c5.bp.v5.1.entrez.gmt,411,863,0.7977975632614808,328,83,780,0.4318630678077683,0.2753988245172124,1,REGULATION_OF_GENE_EXPRESSION,False,False
MSigDB 5.1 all collections,5.1,113,1155,POSITIVE_REGULATION_OF_CELLULAR_METABOLIC_PROCESS,GO:0031325,C5,BP,msigdb_v5.1_files_to_download_locally/msigdb_v5.1_GMTs/c5.bp.v5.1.entrez.gmt,174,999,0.7659325210871603,165,9,990,0.24830699774266365,0.14175257731958762,1,POSITIVE_REGULATION_OF_CELLULAR_METABOLIC_PROCESS,False,False
MSigDB 5.1 all collections,5.1,114,777,NEGATIVE_REGULATION_OF_CELLULAR_METABOLIC_PROCESS,GO:0031324,C5,BP,msigdb_v5.1_files_to_download_locally/msigdb_v5.1_GMTs/c5.bp.v5.1.entrez.gmt,171,670,0.8430178069353327,139,32,638,0.29324894514767935,0.17181705809641531,1,NEGATIVE_REGULATION_OF_CELLULAR_METABOLIC_PROCESS,False,False
MSigDB 5.1 all collections,5.1,115,1663,REGULATION_OF_METABOLIC_PROCESS,GO:0019222,C5,BP,msigdb_v5.1_files_to_download_locally/msigdb_v5.1_GMTs/c5.bp.v5.1.entrez.gmt,509,1336,0.6869728209934396,418,91,1245,0.3848987108655617,0.23831242873432154,1,REGULATION_OF_METABOLIC_PROCESS,False,False
MSigDB 5.1 all collections,5.1,116,3612,CYTOPLASM,,C5,,msigdb_v5.1_files_to_download_locally/msigdb_v5.1_GMTs/c5.all.v5.1.entrez.gmt,934,2738,0.35848172446110593,904,30,2708,0.39771227452705676,0.2482152663371774,1,CYTOPLASM,False,False
MSigDB 5.1 all collections,5.1,117,2929,CYTOPLASM,,C5,,msigdb_v5.1_files_to_download_locally/msigdb_v5.1_GMTs/c5.all.v5.1.entrez.gmt,934,2109,0.5058575445173383,877,57,2052,0.454051255500906,0.2937039517749498,1,CYTOPLASM,False,False
MSigDB 5.1 all collections,5.1,118,3252,CYTOPLASM,,C5,,msigdb_v5.1_files_to_download_locally/msigdb_v5.1_GMTs/c5.all.v5.1.entrez.gmt,934,2412,0.43486410496719774,887,47,2365,0.4237935977066412,0.26886935434980297,1,CYTOPLASM,False,False
MSigDB 5.1 all collections,5.1,119,2101,NUCLEUS,,C5,,msigdb_v5.1_files_to_download_locally/msigdb_v5.1_GMTs/c5.all.v5.1.entrez.gmt,720,1639,0.615979381443299,591,129,1510,0.41900035448422546,0.26502242152466365,1,NUCLEUS,False,False
MSigDB 5.1 all collections,5.1,120,959,TRANSCRIPTION,GO:0006350,C5,BP,msigdb_v5.1_files_to_download_locally/msigdb_v5.1_GMTs/c5.bp.v5.1.entrez.gmt,417,722,0.830834114339269,327,90,632,0.4752906976744186,0.3117254528122021,1,TRANSCRIPTION,False,False
MSigDB 5.1 C5 BP,5.1,0,2647,SIGNAL_TRANSDUCTION,GO:0007165,C5,BP,msigdb_v5.1_files_to_download_locally/msigdb_v5.1_GMTs/c5.bp.v5.1.entrez.gmt,909,2030,0.5243673851921274,763,146,1884,0.42913385826771655,0.2731829573934837,1,SIGNAL_TRANSDUCTION,False,False
MSigDB 5.1 C5 BP,5.1,1,943,GLUCOSE_CATABOLIC_PROCESS,GO:0006007,C5,BP,msigdb_v5.1_files_to_download_locally/msigdb_v5.1_GMTs/c5.bp.v5.1.entrez.gmt,6,937,0.7804592314901593,6,0,937,0.012644889357218124,0.006362672322375398,3,GLUCOSE_CATABOLIC_PROCESS|CELLULAR_CARBOHYDRATE_CATABOLIC_PROCESS|CARBOHYDRATE_CATABOLIC_PROCESS,True,False
MSigDB 5.1 C5 BP,5.1,2,820,CELLULAR_LIPID_METABOLIC_PROCESS,GO:0044255,C5,BP,msigdb_v5.1_files_to_download_locally/msigdb_v5.1_GMTs/c5.bp.v5.1.entrez.gmt,118,736,0.8275538894095595,101,17,719,0.21535181236673773,0.12066905615292713,1,CELLULAR_LIPID_METABOLIC_PROCESS,False,False
MSigDB 5.1 C5 BP,5.1,3,935,RNA_METABOLIC_PROCESS,GO:0016070,C5,BP,msigdb_v5.1_files_to_download_locally/msigdb_v5.1_GMTs/c5.bp.v5.1.entrez.gmt,423,870,0.796157450796626,244,179,691,0.3593519882179676,0.21903052064631956,1,RNA_METABOLIC_PROCESS,False,False
MSigDB 5.1 C5 BP,5.1,4,542,DNA_REPAIR,GO:0006281,C5,BP,msigdb_v5.1_files_to_download_locally/msigdb_v5.1_GMTs/c5.bp.v5.1.entrez.gmt,94,494,0.8842549203373946,71,23,471,0.22327044025157233,0.1256637168141593,1,DNA_REPAIR,False,False
MSigDB 5.1 C5 BP,5.1,5,749,RNA_METABOLIC_PROCESS,GO:0016070,C5,BP,msigdb_v5.1_files_to_download_locally/msigdb_v5.1_GMTs/c5.bp.v5.1.entrez.gmt,423,696,0.8369259606373008,238,185,511,0.4061433447098976,0.25481798715203424,1,RNA_METABOLIC_PROCESS,False,False
MSigDB 5.1 C5 BP,5.1,6,961,RNA_METABOLIC_PROCESS,GO:0016070,C5,BP,msigdb_v5.1_files_to_download_locally/msigdb_v5.1_GMTs/c5.bp.v5.1.entrez.gmt,423,896,0.7900656044985942,244,179,717,0.35260115606936415,0.21403508771929824,1,RNA_METABOLIC_PROCESS,False,False
MSigDB 5.1 C5 BP,5.1,7,1307,NUCLEOCYTOPLASMIC_TRANSPORT,GO:0006913,C5,BP,msigdb_v5.1_files_to_download_locally/msigdb_v5.1_GMTs/c5.bp.v5.1.entrez.gmt,60,1291,0.6975164011246485,38,22,1269,0.055596196049743966,0.028592927012791574,1,NUCLEOCYTOPLASMIC_TRANSPORT,False,False
MSigDB 5.1 C5 BP,5.1,8,556,CHROMOSOME_ORGANIZATION_AND_BIOGENESIS,GO:0051276,C5,BP,msigdb_v5.1_files_to_download_locally/msigdb_v5.1_GMTs/c5.bp.v5.1.entrez.gmt,86,510,0.880506091846298,66,20,490,0.205607476635514,0.11458333333333333,1,CHROMOSOME_ORGANIZATION_AND_BIOGENESIS,False,False
MSigDB 5.1 C5 BP,5.1,9,1284,BIOPOLYMER_METABOLIC_PROCESS,GO:0043283,C5,BP,msigdb_v5.1_files_to_download_locally/msigdb_v5.1_GMTs/c5.bp.v5.1.entrez.gmt,914,1048,0.7544517338331771,575,339,709,0.5232029117379435,0.3542821934688848,1,BIOPOLYMER_METABOLIC_PROCESS,False,False
MSigDB 5.1 C5 BP,5.1,10,757,PROTEIN_MODIFICATION_PROCESS,GO:0006464,C5,BP,msigdb_v5.1_files_to_download_locally/msigdb_v5.1_GMTs/c5.bp.v5.1.entrez.gmt,362,607,0.8577788191190253,256,106,501,0.4575513851653262,0.2966396292004635,1,PROTEIN_MODIFICATION_PROCESS,False,False
MSigDB 5.1 C5 BP,5.1,11,890,REGULATION_OF_SIGNAL_TRANSDUCTION,GO:0009966,C5,BP,msigdb_v5.1_files_to_download_locally/msigdb_v5.1_GMTs/c5.bp.v5.1.entrez.gmt,176,736,0.8275538894095595,165,11,725,0.30956848030018763,0.18312985571587126,1,REGULATION_OF_SIGNAL_TRANSDUCTION,False,False
MSigDB 5.1 C5 BP,5.1,12,2905,BIOPOLYMER_METABOLIC_PROCESS,GO:0043283,C5,BP,msigdb_v5.1_files_to_download_locally/msigdb_v5.1_GMTs/c5.bp.v5.1.entrez.gmt,914,2377,0.4430646672914714,721,193,2184,0.37758575543335954,0.2327307940606843,1,BIOPOLYMER_METABOLIC_PROCESS,False,False
MSigDB 5.1 C5 BP,5.1,13,845,CYTOKINE_PRODUCTION,GO:0001816,C5,BP,msigdb_v5.1_files_to_download_locally/msigdb_v5.1_GMTs/c5.bp.v5.1.entrez.gmt,63,794,0.8139643861293346,57,6,788,0.12555066079295155,0.06698002350176263,1,CYTOKINE_PRODUCTION,True,False
MSigDB 5.1 C5 BP,5.1,14,748,POSITIVE_REGULATION_OF_NUCLEOBASENUCLEOSIDENUCLEOTIDE_AND_NUCLEIC_ACID_METABOLIC_PROCESS,GO:0045935,C5,BP,msigdb_v5.1_files_to_download_locally/msigdb_v5.1_GMTs/c5.bp.v5.1.entrez.gmt,117,639,0.8502811621368322,113,4,635,0.261271676300578,0.1502659574468085,1,POSITIVE_REGULATION_OF_NUCLEOBASENUCLEOSIDENUCLEOTIDE_AND_NUCLEIC_ACID_METABOLIC_PROCESS,False,False
MSigDB 5.1 C5 BP,5.1,15,1450,NEGATIVE_REGULATION_OF_BIOLOGICAL_PROCESS,GO:0048519,C5,BP,msigdb_v5.1_files_to_download_locally/msigdb_v5.1_GMTs/c5.bp.v5.1.entrez.gmt,453,1165,0.7270384254920337,369,84,1081,0.3878087230688387,0.2405475880052151,1,NEGATIVE_REGULATION_OF_BIOLOGICAL_PROCESS,False,False
MSigDB 5.1 C5 BP,5.1,16,395,RNA_PROCESSING,GO:0006396,C5,BP,msigdb_v5.1_files_to_download_locally/msigdb_v5.1_GMTs/c5.bp.v5.1.entrez.gmt,73,364,0.9147141518275539,52,21,343,0.2222222222222222,0.125,2,RNA_PROCESSING|RNA_SPLICING,False,False
MSigDB 5.1 C5 BP,5.1,17,610,TRANSPORT,GO:0006810,C5,BP,msigdb_v5.1_files_to_download_locally/msigdb_v5.1_GMTs/c5.bp.v5.1.entrez.gmt,363,523,0.877460168697282,225,138,385,0.4624871531346352,0.30080213903743314,1,TRANSPORT,False,False
MSigDB 5.1 C5 BP,5.1,18,1117,BLOOD_COAGULATION,GO:0007596,C5,BP,msigdb_v5.1_files_to_download_locally/msigdb_v5.1_GMTs/c5.bp.v5.1.entrez.gmt,28,1109,0.7401593252108716,18,10,1099,0.0314410480349345,0.015971606033717833,3,BLOOD_COAGULATION|WOUND_HEALING|COAGULATION,True,True
MSigDB 5.1 C5 BP,5.1,19,1657,BIOPOLYMER_METABOLIC_PROCESS,GO:0043283,C5,BP,msigdb_v5.1_files_to_download_locally/msigdb_v5.1_GMTs/c5.bp.v5.1.entrez.gmt,914,1359,0.6815838800374883,606,308,1051,0.47141190198366395,0.3083969465648855,1,BIOPOLYMER_METABOLIC_PROCESS,False,False
MSigDB 5.1 C5 BP,5.1,20,692,SPLICEOSOME_ASSEMBLY,GO:0000245,C5,BP,msigdb_v5.1_files_to_download_locally/msigdb_v5.1_GMTs/c5.bp.v5.1.entrez.gmt,10,684,0.8397375820056232,9,1,683,0.02564102564102564,0.012987012987012988,2,SPLICEOSOME_ASSEMBLY|MRNA_SPLICE_SITE_SELECTION,False,False
MSigDB 5.1 C5 BP,5.1,21,2534,SIGNAL_TRANSDUCTION,GO:0007165,C5,BP,msigdb_v5.1_files_to_download_locally/msigdb_v5.1_GMTs/c5.bp.v5.1.entrez.gmt,909,1941,0.5452202436738519,751,158,1783,0.43624745861167585,0.2789747399702823,1,SIGNAL_TRANSDUCTION,False,False
MSigDB 5.1 C5 BP,5.1,22,893,TRANSCRIPTION,GO:0006350,C5,BP,msigdb_v5.1_files_to_download_locally/msigdb_v5.1_GMTs/c5.bp.v5.1.entrez.gmt,417,668,0.8434864104967198,321,96,572,0.4900763358778626,0.32457027300303337,1,TRANSCRIPTION,False,False
MSigDB 5.1 C5 BP,5.1,23,1227,ORGANELLE_ORGANIZATION_AND_BIOGENESIS,GO:0006996,C5,BP,msigdb_v5.1_files_to_download_locally/msigdb_v5.1_GMTs/c5.bp.v5.1.entrez.gmt,311,1048,0.7544517338331771,245,66,982,0.31859557867360205,0.18948182521268367,1,ORGANELLE_ORGANIZATION_AND_BIOGENESIS,False,False
MSigDB 5.1 C5 BP,5.1,24,597,MICROTUBULE_CYTOSKELETON_ORGANIZATION_AND_BIOGENESIS,GO:0000226,C5,BP,msigdb_v5.1_files_to_download_locally/msigdb_v5.1_GMTs/c5.bp.v5.1.entrez.gmt,26,583,0.8634020618556701,20,6,577,0.06420545746388442,0.03316749585406302,1,MICROTUBULE_CYTOSKELETON_ORGANIZATION_AND_BIOGENESIS,False,False
MSigDB 5.1 C5 BP,5.1,25,2437,BIOPOLYMER_METABOLIC_PROCESS,GO:0043283,C5,BP,msigdb_v5.1_files_to_download_locally/msigdb_v5.1_GMTs/c5.bp.v5.1.entrez.gmt,914,2171,0.4913308341143393,590,324,1847,0.3521336914353924,0.21369069177834119,1,BIOPOLYMER_METABOLIC_PROCESS,False,False
MSigDB 5.1 C5 BP,5.1,26,2603,BIOPOLYMER_METABOLIC_PROCESS,GO:0043283,C5,BP,msigdb_v5.1_files_to_download_locally/msigdb_v5.1_GMTs/c5.bp.v5.1.entrez.gmt,914,2293,0.46274601686972816,612,302,1991,0.34802388399203865,0.21067125645438897,1,BIOPOLYMER_METABOLIC_PROCESS,False,False
MSigDB 5.1 C5 BP,5.1,27,1208,RNA_METABOLIC_PROCESS,GO:0016070,C5,BP,msigdb_v5.1_files_to_download_locally/msigdb_v5.1_GMTs/c5.bp.v5.1.entrez.gmt,423,1117,0.7382849109653233,257,166,951,0.31514408338442673,0.18704512372634644,4,RNA_METABOLIC_PROCESS|NUCLEOBASENUCLEOSIDENUCLEOTIDE_AND_NUCLEIC_ACID_METABOLIC_PROCESS|TRANSCRIPTION_DNA_DEPENDENT|RNA_BIOSYNTHETIC_PROCESS,False,False
MSigDB 5.1 C5 BP,5.1,28,2816,BIOPOLYMER_METABOLIC_PROCESS,GO:0043283,C5,BP,msigdb_v5.1_files_to_download_locally/msigdb_v5.1_GMTs/c5.bp.v5.1.entrez.gmt,914,2276,0.46672914714151825,727,187,2089,0.3898123324396783,0.24209124209124208,1,BIOPOLYMER_METABOLIC_PROCESS,False,False
MSigDB 5.1 C5 BP,5.1,29,721,POSITIVE_REGULATION_OF_CELLULAR_METABOLIC_PROCESS,GO:0031325,C5,BP,msigdb_v5.1_files_to_download_locally/msigdb_v5.1_GMTs/c5.bp.v5.1.entrez.gmt,174,619,0.854967197750703,138,36,583,0.30837988826815643,0.18229854689564068,1,POSITIVE_REGULATION_OF_CELLULAR_METABOLIC_PROCESS,False,False
MSigDB 5.1 C5 BP,5.1,30,2793,SIGNAL_TRANSDUCTION,GO:0007165,C5,BP,msigdb_v5.1_files_to_download_locally/msigdb_v5.1_GMTs/c5.bp.v5.1.entrez.gmt,909,2152,0.4957825679475164,775,134,2018,0.41869259859535385,0.26477622138708573,1,SIGNAL_TRANSDUCTION,False,False
MSigDB 5.1 C5 BP,5.1,31,613,TRANSPORT,GO:0006810,C5,BP,msigdb_v5.1_files_to_download_locally/msigdb_v5.1_GMTs/c5.bp.v5.1.entrez.gmt,363,578,0.8645735707591378,199,164,414,0.4077868852459016,0.25611325611325614,1,TRANSPORT,False,False
MSigDB 5.1 C5 BP,5.1,32,3696,BIOPOLYMER_METABOLIC_PROCESS,GO:0043283,C5,BP,msigdb_v5.1_files_to_download_locally/msigdb_v5.1_GMTs/c5.bp.v5.1.entrez.gmt,914,2902,0.32005623242736647,854,60,2842,0.37049891540130153,0.2273695420660277,1,BIOPOLYMER_METABOLIC_PROCESS,False,False
MSigDB 5.1 C5 BP,5.1,33,657,RESPONSE_TO_HORMONE_STIMULUS,GO:0009725,C5,BP,msigdb_v5.1_files_to_download_locally/msigdb_v5.1_GMTs/c5.bp.v5.1.entrez.gmt,27,642,0.8495782567947516,21,6,636,0.06140350877192982,0.03167420814479638,2,RESPONSE_TO_HORMONE_STIMULUS|RESPONSE_TO_ORGANIC_SUBSTANCE,False,False
MSigDB 5.1 C5 BP,5.1,34,819,REGULATION_OF_KINASE_ACTIVITY,GO:0043549,C5,BP,msigdb_v5.1_files_to_download_locally/msigdb_v5.1_GMTs/c5.bp.v5.1.entrez.gmt,102,769,0.819821930646673,76,26,743,0.16503800217155265,0.08994082840236686,3,REGULATION_OF_KINASE_ACTIVITY|REGULATION_OF_PROTEIN_KINASE_ACTIVITY|REGULATION_OF_TRANSFERASE_ACTIVITY,False,False
MSigDB 5.1 C5 BP,5.1,35,1253,CHROMOSOME_ORGANIZATION_AND_BIOGENESIS,GO:0051276,C5,BP,msigdb_v5.1_files_to_download_locally/msigdb_v5.1_GMTs/c5.bp.v5.1.entrez.gmt,86,1219,0.714386129334583,60,26,1193,0.08961911874533234,0.04691164972634871,1,CHROMOSOME_ORGANIZATION_AND_BIOGENESIS,False,False
MSigDB 5.1 C5 BP,5.1,36,746,REGULATION_OF_CELLULAR_COMPONENT_ORGANIZATION_AND_BIOGENESIS,GO:0051128,C5,BP,msigdb_v5.1_files_to_download_locally/msigdb_v5.1_GMTs/c5.bp.v5.1.entrez.gmt,87,713,0.8329428303655108,60,27,686,0.14405762304921968,0.07761966364812418,1,REGULATION_OF_CELLULAR_COMPONENT_ORGANIZATION_AND_BIOGENESIS,False,False
MSigDB 5.1 C5 BP,5.1,37,819,NEGATIVE_REGULATION_OF_CELLULAR_METABOLIC_PROCESS,GO:0031324,C5,BP,msigdb_v5.1_files_to_download_locally/msigdb_v5.1_GMTs/c5.bp.v5.1.entrez.gmt,171,706,0.8345829428303655,142,29,677,0.2868686868686869,0.16745283018867924,2,NEGATIVE_REGULATION_OF_CELLULAR_METABOLIC_PROCESS|NEGATIVE_REGULATION_OF_METABOLIC_PROCESS,False,False
MSigDB 5.1 C5 BP,5.1,38,1626,REGULATION_OF_METABOLIC_PROCESS,GO:0019222,C5,BP,msigdb_v5.1_files_to_download_locally/msigdb_v5.1_GMTs/c5.bp.v5.1.entrez.gmt,509,1307,0.6937675726335519,414,95,1212,0.3878220140515222,0.24055781522370714,1,REGULATION_OF_METABOLIC_PROCESS,False,False
MSigDB 5.1 C5 BP,5.1,39,742,PROTEIN_MODIFICATION_PROCESS,GO:0006464,C5,BP,msigdb_v5.1_files_to_download_locally/msigdb_v5.1_GMTs/c5.bp.v5.1.entrez.gmt,362,592,0.8612933458294283,256,106,486,0.463768115942029,0.3018867924528302,1,PROTEIN_MODIFICATION_PROCESS,False,False
MSigDB 5.1 C5 BP,5.1,40,599,DNA_REPAIR,GO:0006281,C5,BP,msigdb_v5.1_files_to_download_locally/msigdb_v5.1_GMTs/c5.bp.v5.1.entrez.gmt,94,549,0.8713683223992502,72,22,527,0.2077922077922078,0.11594202898550725,1,DNA_REPAIR,False,False
MSigDB 5.1 C5 BP,5.1,41,900,ORGAN_DEVELOPMENT,GO:0048513,C5,BP,msigdb_v5.1_files_to_download_locally/msigdb_v5.1_GMTs/c5.bp.v5.1.entrez.gmt,337,835,0.8043580131208997,201,136,699,0.3249797898140663,0.19401544401544402,1,ORGAN_DEVELOPMENT,False,False
MSigDB 5.1 C5 BP,5.1,42,794,REGULATION_OF_MOLECULAR_FUNCTION,GO:0065009,C5,BP,msigdb_v5.1_files_to_download_locally/msigdb_v5.1_GMTs/c5.bp.v5.1.entrez.gmt,220,686,0.8392689784442362,164,56,630,0.3234714003944773,0.19294117647058823,1,REGULATION_OF_MOLECULAR_FUNCTION,False,False
MSigDB 5.1 C5 BP,5.1,43,880,REGULATION_OF_BIOLOGICAL_QUALITY,GO:0065008,C5,BP,msigdb_v5.1_files_to_download_locally/msigdb_v5.1_GMTs/c5.bp.v5.1.entrez.gmt,281,789,0.8151358950328023,186,95,694,0.32041343669250644,0.19076923076923077,1,REGULATION_OF_BIOLOGICAL_QUALITY,False,False
MSigDB 5.1 C5 BP,5.1,44,550,ESTABLISHMENT_OF_VESICLE_LOCALIZATION,GO:0051650,C5,BP,msigdb_v5.1_files_to_download_locally/msigdb_v5.1_GMTs/c5.bp.v5.1.entrez.gmt,7,547,0.8718369259606373,5,2,545,0.017953321364452424,0.009057971014492754,3,ESTABLISHMENT_OF_VESICLE_LOCALIZATION|VESICLE_LOCALIZATION|POSITIVE_REGULATION_OF_CYTOSKELETON_ORGANIZATION_AND_BIOGENESIS,False,False
MSigDB 5.1 C5 BP,5.1,45,1124,REGULATION_OF_GENE_EXPRESSION,GO:0010468,C5,BP,msigdb_v5.1_files_to_download_locally/msigdb_v5.1_GMTs/c5.bp.v5.1.entrez.gmt,411,877,0.7945173383317713,329,82,795,0.4286644951140065,0.2728026533996683,1,REGULATION_OF_GENE_EXPRESSION,False,False
MSigDB 5.1 C5 BP,5.1,46,1486,BIOPOLYMER_METABOLIC_PROCESS,GO:0043283,C5,BP,msigdb_v5.1_files_to_download_locally/msigdb_v5.1_GMTs/c5.bp.v5.1.entrez.gmt,914,1238,0.7099343955014058,581,333,905,0.4841666666666667,0.3194062671797691,1,BIOPOLYMER_METABOLIC_PROCESS,False,False
MSigDB 5.1 C5 BP,5.1,47,1522,BIOPOLYMER_METABOLIC_PROCESS,GO:0043283,C5,BP,msigdb_v5.1_files_to_download_locally/msigdb_v5.1_GMTs/c5.bp.v5.1.entrez.gmt,914,1264,0.703842549203374,586,328,936,0.48111658456486045,0.31675675675675674,1,BIOPOLYMER_METABOLIC_PROCESS,False,False
MSigDB 5.1 C5 BP,5.1,48,948,GLUCOSE_CATABOLIC_PROCESS,GO:0006007,C5,BP,msigdb_v5.1_files_to_download_locally/msigdb_v5.1_GMTs/c5.bp.v5.1.entrez.gmt,6,942,0.7792877225866917,6,0,942,0.012578616352201259,0.006329113924050633,3,GLUCOSE_CATABOLIC_PROCESS|CELLULAR_CARBOHYDRATE_CATABOLIC_PROCESS|CARBOHYDRATE_CATABOLIC_PROCESS,True,False
MSigDB 5.1 C5 BP,5.1,49,882,REGULATION_OF_PROTEIN_METABOLIC_PROCESS,GO:0051246,C5,BP,msigdb_v5.1_files_to_download_locally/msigdb_v5.1_GMTs/c5.bp.v5.1.entrez.gmt,130,818,0.8083411433926898,97,33,785,0.191699604743083,0.10601092896174863,1,REGULATION_OF_PROTEIN_METABOLIC_PROCESS,False,False
MSigDB 5.1 C5 BP,5.1,50,1378,NEGATIVE_REGULATION_OF_BIOLOGICAL_PROCESS,GO:0048519,C5,BP,msigdb_v5.1_files_to_download_locally/msigdb_v5.1_GMTs/c5.bp.v5.1.entrez.gmt,453,1113,0.7392221180880975,359,94,1019,0.3921354451119607,0.24388586956521738,1,NEGATIVE_REGULATION_OF_BIOLOGICAL_PROCESS,False,False
MSigDB 5.1 C5 BP,5.1,51,1164,REGULATION_OF_SIGNAL_TRANSDUCTION,GO:0009966,C5,BP,msigdb_v5.1_files_to_download_locally/msigdb_v5.1_GMTs/c5.bp.v5.1.entrez.gmt,176,1006,0.7642924086223055,167,9,997,0.24925373134328357,0.1423699914748508,1,REGULATION_OF_SIGNAL_TRANSDUCTION,False,False
MSigDB 5.1 C5 BP,5.1,52,1731,POSITIVE_REGULATION_OF_BIOLOGICAL_PROCESS,GO:0048518,C5,BP,msigdb_v5.1_files_to_download_locally/msigdb_v5.1_GMTs/c5.bp.v5.1.entrez.gmt,521,1348,0.6841611996251171,452,69,1279,0.40142095914742454,0.2511111111111111,1,POSITIVE_REGULATION_OF_BIOLOGICAL_PROCESS,False,False
MSigDB 5.1 C5 BP,5.1,53,1635,REGULATION_OF_METABOLIC_PROCESS,GO:0019222,C5,BP,msigdb_v5.1_files_to_download_locally/msigdb_v5.1_GMTs/c5.bp.v5.1.entrez.gmt,509,1332,0.6879100281162136,406,103,1229,0.3787313432835821,0.2336018411967779,1,REGULATION_OF_METABOLIC_PROCESS,False,False
MSigDB 5.1 C5 BP,5.1,54,957,REGULATION_OF_SIGNAL_TRANSDUCTION,GO:0009966,C5,BP,msigdb_v5.1_files_to_download_locally/msigdb_v5.1_GMTs/c5.bp.v5.1.entrez.gmt,176,803,0.8118556701030928,165,11,792,0.2912621359223301,0.17045454545454544,1,REGULATION_OF_SIGNAL_TRANSDUCTION,False,False
MSigDB 5.1 C5 BP,5.1,55,1017,TRANSCRIPTION,GO:0006350,C5,BP,msigdb_v5.1_files_to_download_locally/msigdb_v5.1_GMTs/c5.bp.v5.1.entrez.gmt,417,790,0.8149015932521086,322,95,695,0.4490934449093445,0.289568345323741,1,TRANSCRIPTION,False,False
MSigDB 5.1 C5 BP,5.1,56,698,REGULATION_OF_CELL_DIFFERENTIATION,GO:0045595,C5,BP,msigdb_v5.1_files_to_download_locally/msigdb_v5.1_GMTs/c5.bp.v5.1.entrez.gmt,50,656,0.8462980318650422,46,4,652,0.12299465240641712,0.06552706552706553,1,REGULATION_OF_CELL_DIFFERENTIATION,False,False
MSigDB 5.1 C5 BP,5.1,57,624,REGULATION_OF_KINASE_ACTIVITY,GO:0043549,C5,BP,msigdb_v5.1_files_to_download_locally/msigdb_v5.1_GMTs/c5.bp.v5.1.entrez.gmt,102,578,0.8645735707591378,74,28,550,0.20385674931129477,0.11349693251533742,3,REGULATION_OF_KINASE_ACTIVITY|REGULATION_OF_PROTEIN_KINASE_ACTIVITY|REGULATION_OF_TRANSFERASE_ACTIVITY,False,False
MSigDB 5.1 C5 BP,5.1,58,604,ESTABLISHMENT_AND_OR_MAINTENANCE_OF_CHROMATIN_ARCHITECTURE,GO:0006325,C5,BP,msigdb_v5.1_files_to_download_locally/msigdb_v5.1_GMTs/c5.bp.v5.1.entrez.gmt,54,572,0.865979381443299,43,11,561,0.13069908814589665,0.06991869918699187,1,ESTABLISHMENT_AND_OR_MAINTENANCE_OF_CHROMATIN_ARCHITECTURE,False,False
MSigDB 5.1 C5 BP,5.1,59,892,TRANSCRIPTION,GO:0006350,C5,BP,msigdb_v5.1_files_to_download_locally/msigdb_v5.1_GMTs/c5.bp.v5.1.entrez.gmt,417,667,0.8437207122774133,321,96,571,0.4904507257448434,0.3248987854251012,1,TRANSCRIPTION,False,False
MSigDB 5.1 C5 BP,5.1,60,1829,POSITIVE_REGULATION_OF_BIOLOGICAL_PROCESS,GO:0048518,C5,BP,msigdb_v5.1_files_to_download_locally/msigdb_v5.1_GMTs/c5.bp.v5.1.entrez.gmt,521,1412,0.669165885660731,469,52,1360,0.39914893617021274,0.24933545986177566,1,POSITIVE_REGULATION_OF_BIOLOGICAL_PROCESS,False,False
MSigDB 5.1 C5 BP,5.1,61,668,TRANSPORT,GO:0006810,C5,BP,msigdb_v5.1_files_to_download_locally/msigdb_v5.1_GMTs/c5.bp.v5.1.entrez.gmt,363,575,0.8652764761012184,228,135,440,0.4422890397672163,0.28393524283935245,1,TRANSPORT,False,False
MSigDB 5.1 C5 BP,5.1,62,796,REGULATION_OF_TRANSPORT,GO:0051049,C5,BP,msigdb_v5.1_files_to_download_locally/msigdb_v5.1_GMTs/c5.bp.v5.1.entrez.gmt,47,757,0.8226335520149953,43,4,753,0.10201660735468565,0.05375,1,REGULATION_OF_TRANSPORT,False,False
MSigDB 5.1 C5 BP,5.1,63,742,PROTEIN_MODIFICATION_PROCESS,GO:0006464,C5,BP,msigdb_v5.1_files_to_download_locally/msigdb_v5.1_GMTs/c5.bp.v5.1.entrez.gmt,362,592,0.8612933458294283,256,106,486,0.463768115942029,0.3018867924528302,1,PROTEIN_MODIFICATION_PROCESS,False,False
MSigDB 5.1 C5 BP,5.1,64,762,RESPONSE_TO_DNA_DAMAGE_STIMULUS,GO:0006974,C5,BP,msigdb_v5.1_files_to_download_locally/msigdb_v5.1_GMTs/c5.bp.v5.1.entrez.gmt,124,710,0.8336457357075914,88,36,674,0.1986455981941309,0.11027568922305764,1,RESPONSE_TO_DNA_DAMAGE_STIMULUS,False,False
MSigDB 5.1 C5 BP,5.1,65,536,TRANSPORT,GO:0006810,C5,BP,msigdb_v5.1_files_to_download_locally/msigdb_v5.1_GMTs/c5.bp.v5.1.entrez.gmt,363,511,0.8802717900656045,194,169,342,0.43159065628476084,0.275177304964539,1,TRANSPORT,False,False
MSigDB 5.1 C5 BP,5.1,66,2043,ORGANELLE_ORGANIZATION_AND_BIOGENESIS,GO:0006996,C5,BP,msigdb_v5.1_files_to_download_locally/msigdb_v5.1_GMTs/c5.bp.v5.1.entrez.gmt,311,1852,0.5660731021555764,251,60,1792,0.21325403568394222,0.11935330480266286,1,ORGANELLE_ORGANIZATION_AND_BIOGENESIS,False,False
MSigDB 5.1 C5 BP,5.1,67,1291,MEMBRANE_ORGANIZATION_AND_BIOGENESIS,GO:0016044,C5,BP,msigdb_v5.1_files_to_download_locally/msigdb_v5.1_GMTs/c5.bp.v5.1.entrez.gmt,77,1276,0.7010309278350515,46,31,1245,0.06725146198830409,0.03479576399394856,1,MEMBRANE_ORGANIZATION_AND_BIOGENESIS,False,False
MSigDB 5.1 C5 BP,5.1,68,1737,NUCLEOBASENUCLEOSIDENUCLEOTIDE_AND_NUCLEIC_ACID_METABOLIC_PROCESS,GO:0006139,C5,BP,msigdb_v5.1_files_to_download_locally/msigdb_v5.1_GMTs/c5.bp.v5.1.entrez.gmt,655,1548,0.6373008434864105,422,233,1315,0.3528428093645485,0.21421319796954313,1,NUCLEOBASENUCLEOSIDENUCLEOTIDE_AND_NUCLEIC_ACID_METABOLIC_PROCESS,False,False
MSigDB 5.1 C5 BP,5.1,69,1080,DOUBLE_STRAND_BREAK_REPAIR,GO:0006302,C5,BP,msigdb_v5.1_files_to_download_locally/msigdb_v5.1_GMTs/c5.bp.v5.1.entrez.gmt,19,1067,0.75,16,3,1064,0.029117379435850774,0.014773776546629732,1,DOUBLE_STRAND_BREAK_REPAIR,True,False
MSigDB 5.1 C5 BP,5.1,70,948,GLUCOSE_CATABOLIC_PROCESS,GO:0006007,C5,BP,msigdb_v5.1_files_to_download_locally/msigdb_v5.1_GMTs/c5.bp.v5.1.entrez.gmt,6,942,0.7792877225866917,6,0,942,0.012578616352201259,0.006329113924050633,3,GLUCOSE_CATABOLIC_PROCESS|CELLULAR_CARBOHYDRATE_CATABOLIC_PROCESS|CARBOHYDRATE_CATABOLIC_PROCESS,True,False
MSigDB 5.1 C5 BP,5.1,71,597,MICROTUBULE_CYTOSKELETON_ORGANIZATION_AND_BIOGENESIS,GO:0000226,C5,BP,msigdb_v5.1_files_to_download_locally/msigdb_v5.1_GMTs/c5.bp.v5.1.entrez.gmt,26,583,0.8634020618556701,20,6,577,0.06420545746388442,0.03316749585406302,1,MICROTUBULE_CYTOSKELETON_ORGANIZATION_AND_BIOGENESIS,False,False
MSigDB 5.1 C5 BP,5.1,72,653,POSITIVE_REGULATION_OF_NUCLEOBASENUCLEOSIDENUCLEOTIDE_AND_NUCLEIC_ACID_METABOLIC_PROCESS,GO:0045935,C5,BP,msigdb_v5.1_files_to_download_locally/msigdb_v5.1_GMTs/c5.bp.v5.1.entrez.gmt,117,554,0.8701968134957826,108,9,545,0.2805194805194805,0.16314199395770393,2,POSITIVE_REGULATION_OF_NUCLEOBASENUCLEOSIDENUCLEOTIDE_AND_NUCLEIC_ACID_METABOLIC_PROCESS|POSITIVE_REGULATION_OF_TRANSCRIPTION,False,False
MSigDB 5.1 C5 BP,5.1,73,1159,REGULATION_OF_NUCLEOBASENUCLEOSIDENUCLEOTIDE_AND_NUCLEIC_ACID_METABOLIC_PROCESS,GO:0019219,C5,BP,msigdb_v5.1_files_to_download_locally/msigdb_v5.1_GMTs/c5.bp.v5.1.entrez.gmt,380,913,0.7860824742268041,313,67,846,0.40675763482781024,0.2553017944535073,1,REGULATION_OF_NUCLEOBASENUCLEOSIDENUCLEOTIDE_AND_NUCLEIC_ACID_METABOLIC_PROCESS,False,False
MSigDB 5.1 C5 BP,5.1,74,773,POSITIVE_REGULATION_OF_NUCLEOBASENUCLEOSIDENUCLEOTIDE_AND_NUCLEIC_ACID_METABOLIC_PROCESS,GO:0045935,C5,BP,msigdb_v5.1_files_to_download_locally/msigdb_v5.1_GMTs/c5.bp.v5.1.entrez.gmt,117,664,0.8444236176194939,113,4,660,0.2539325842696629,0.14543114543114544,1,POSITIVE_REGULATION_OF_NUCLEOBASENUCLEOSIDENUCLEOTIDE_AND_NUCLEIC_ACID_METABOLIC_PROCESS,False,False
MSigDB 5.1 C5 BP,5.1,75,808,TRANSPORT,GO:0006810,C5,BP,msigdb_v5.1_files_to_download_locally/msigdb_v5.1_GMTs/c5.bp.v5.1.entrez.gmt,363,701,0.8357544517338331,235,128,573,0.4013663535439795,0.25106837606837606,1,TRANSPORT,False,False
MSigDB 5.1 C5 BP,5.1,76,1225,ORGANELLE_ORGANIZATION_AND_BIOGENESIS,GO:0006996,C5,BP,msigdb_v5.1_files_to_download_locally/msigdb_v5.1_GMTs/c5.bp.v5.1.entrez.gmt,311,1046,0.7549203373945642,245,66,980,0.3190104166666667,0.18977536793183578,1,ORGANELLE_ORGANIZATION_AND_BIOGENESIS,False,False
MSigDB 5.1 C5 BP,5.1,77,547,DNA_REPAIR,GO:0006281,C5,BP,msigdb_v5.1_files_to_download_locally/msigdb_v5.1_GMTs/c5.bp.v5.1.entrez.gmt,94,497,0.883552014995314,72,22,475,0.22464898595943839,0.1265377855887522,1,DNA_REPAIR,False,False
MSigDB 5.1 C5 BP,5.1,78,1054,REGULATION_OF_GENE_EXPRESSION,GO:0010468,C5,BP,msigdb_v5.1_files_to_download_locally/msigdb_v5.1_GMTs/c5.bp.v5.1.entrez.gmt,411,811,0.8099812558575445,327,84,727,0.44641638225255975,0.28734622144112476,1,REGULATION_OF_GENE_EXPRESSION,False,False
MSigDB 5.1 C5 BP,5.1,79,900,TRANSCRIPTION,GO:0006350,C5,BP,msigdb_v5.1_files_to_download_locally/msigdb_v5.1_GMTs/c5.bp.v5.1.entrez.gmt,417,669,0.8432521087160263,324,93,576,0.4920273348519362,0.32628398791540786,1,TRANSCRIPTION,False,False
MSigDB 5.1 C5 BP,5.1,80,758,PROTEIN_MODIFICATION_PROCESS,GO:0006464,C5,BP,msigdb_v5.1_files_to_download_locally/msigdb_v5.1_GMTs/c5.bp.v5.1.entrez.gmt,362,600,0.85941893158388,260,102,498,0.4642857142857143,0.3023255813953488,1,PROTEIN_MODIFICATION_PROCESS,False,False
MSigDB 5.1 C5 BP,5.1,81,2035,NUCLEOBASENUCLEOSIDENUCLEOTIDE_AND_NUCLEIC_ACID_METABOLIC_PROCESS,GO:0006139,C5,BP,msigdb_v5.1_files_to_download_locally/msigdb_v5.1_GMTs/c5.bp.v5.1.entrez.gmt,655,1826,0.5721649484536082,432,223,1603,0.32118959107806694,0.1913197519929141,1,NUCLEOBASENUCLEOSIDENUCLEOTIDE_AND_NUCLEIC_ACID_METABOLIC_PROCESS,False,False
MSigDB 5.1 C5 BP,5.1,82,1103,REGULATION_OF_NUCLEOBASENUCLEOSIDENUCLEOTIDE_AND_NUCLEIC_ACID_METABOLIC_PROCESS,GO:0019219,C5,BP,msigdb_v5.1_files_to_download_locally/msigdb_v5.1_GMTs/c5.bp.v5.1.entrez.gmt,380,859,0.7987347703842549,312,68,791,0.4207687120701281,0.2664389410760034,1,REGULATION_OF_NUCLEOBASENUCLEOSIDENUCLEOTIDE_AND_NUCLEIC_ACID_METABOLIC_PROCESS,False,False
MSigDB 5.1 C5 BP,5.1,83,785,ENZYME_LINKED_RECEPTOR_PROTEIN_SIGNALING_PATHWAY,GO:0007167,C5,BP,msigdb_v5.1_files_to_download_locally/msigdb_v5.1_GMTs/c5.bp.v5.1.entrez.gmt,106,755,0.8231021555763824,68,38,717,0.1526374859708193,0.08262454434993925,1,ENZYME_LINKED_RECEPTOR_PROTEIN_SIGNALING_PATHWAY,False,True
MSigDB 5.1 C5 BP,5.1,84,582,PROTEIN_AMINO_ACID_PHOSPHORYLATION,GO:0006468,C5,BP,msigdb_v5.1_files_to_download_locally/msigdb_v5.1_GMTs/c5.bp.v5.1.entrez.gmt,177,515,0.8793345829428304,122,55,460,0.3214756258234519,0.19152276295133439,1,PROTEIN_AMINO_ACID_PHOSPHORYLATION,False,False
MSigDB 5.1 C5 BP,5.1,85,2406,ANATOMICAL_STRUCTURE_DEVELOPMENT,GO:0048856,C5,BP,msigdb_v5.1_files_to_download_locally/msigdb_v5.1_GMTs/c5.bp.v5.1.entrez.gmt,531,2185,0.48805060918462984,376,155,2030,0.2560435818862785,0.14681764935572042,1,ANATOMICAL_STRUCTURE_DEVELOPMENT,False,False
MSigDB 5.1 C5 BP,5.1,86,339,RNA_SPLICING,GO:0008380,C5,BP,msigdb_v5.1_files_to_download_locally/msigdb_v5.1_GMTs/c5.bp.v5.1.entrez.gmt,37,312,0.9268978444236177,32,5,307,0.1702127659574468,0.09302325581395349,1,RNA_SPLICING,True,False
MSigDB 5.1 C5 BP,5.1,87,1132,POSITIVE_REGULATION_OF_CELLULAR_METABOLIC_PROCESS,GO:0031325,C5,BP,msigdb_v5.1_files_to_download_locally/msigdb_v5.1_GMTs/c5.bp.v5.1.entrez.gmt,174,986,0.7689784442361762,160,14,972,0.2450229709035222,0.13961605584642234,1,POSITIVE_REGULATION_OF_CELLULAR_METABOLIC_PROCESS,False,False
MSigDB 5.1 C5 BP,5.1,88,1108,TRANSCRIPTION,GO:0006350,C5,BP,msigdb_v5.1_files_to_download_locally/msigdb_v5.1_GMTs/c5.bp.v5.1.entrez.gmt,417,869,0.7963917525773196,328,89,780,0.4301639344262295,0.27401837928153716,1,TRANSCRIPTION,False,False
MSigDB 5.1 C5 BP,5.1,89,766,NEGATIVE_REGULATION_OF_CELLULAR_METABOLIC_PROCESS,GO:0031324,C5,BP,msigdb_v5.1_files_to_download_locally/msigdb_v5.1_GMTs/c5.bp.v5.1.entrez.gmt,171,671,0.8427835051546392,133,38,633,0.2838847385272145,0.1654228855721393,1,NEGATIVE_REGULATION_OF_CELLULAR_METABOLIC_PROCESS,False,False
MSigDB 5.1 C5 BP,5.1,90,702,POSITIVE_REGULATION_OF_SIGNAL_TRANSDUCTION,GO:0009967,C5,BP,msigdb_v5.1_files_to_download_locally/msigdb_v5.1_GMTs/c5.bp.v5.1.entrez.gmt,112,590,0.8617619493908154,112,0,590,0.2751842751842752,0.15954415954415954,1,POSITIVE_REGULATION_OF_SIGNAL_TRANSDUCTION,False,False
MSigDB 5.1 C5 BP,5.1,91,913,PROTEIN_MODIFICATION_PROCESS,GO:0006464,C5,BP,msigdb_v5.1_files_to_download_locally/msigdb_v5.1_GMTs/c5.bp.v5.1.entrez.gmt,362,735,0.827788191190253,270,92,643,0.4235294117647059,0.26865671641791045,1,PROTEIN_MODIFICATION_PROCESS,False,False
MSigDB 5.1 C5 BP,5.1,92,1174,BIOPOLYMER_METABOLIC_PROCESS,GO:0043283,C5,BP,msigdb_v5.1_files_to_download_locally/msigdb_v5.1_GMTs/c5.bp.v5.1.entrez.gmt,914,966,0.7736644798500468,561,353,613,0.5373563218390804,0.36738703339882123,1,BIOPOLYMER_METABOLIC_PROCESS,False,False
MSigDB 5.1 C5 BP,5.1,93,725,POSITIVE_REGULATION_OF_NUCLEOBASENUCLEOSIDENUCLEOTIDE_AND_NUCLEIC_ACID_METABOLIC_PROCESS,GO:0045935,C5,BP,msigdb_v5.1_files_to_download_locally/msigdb_v5.1_GMTs/c5.bp.v5.1.entrez.gmt,117,626,0.8533270852858481,108,9,617,0.25653206650831356,0.14713896457765668,2,POSITIVE_REGULATION_OF_NUCLEOBASENUCLEOSIDENUCLEOTIDE_AND_NUCLEIC_ACID_METABOLIC_PROCESS|POSITIVE_REGULATION_OF_TRANSCRIPTION,False,False
MSigDB 5.1 C5 BP,5.1,94,864,ORGAN_DEVELOPMENT,GO:0048513,C5,BP,msigdb_v5.1_files_to_download_locally/msigdb_v5.1_GMTs/c5.bp.v5.1.entrez.gmt,337,815,0.8090440487347703,193,144,671,0.32139883430474603,0.19146825396825398,1,ORGAN_DEVELOPMENT,False,False
MSigDB 5.1 C5 BP,5.1,95,1149,BIOPOLYMER_MODIFICATION,GO:0043412,C5,BP,msigdb_v5.1_files_to_download_locally/msigdb_v5.1_GMTs/c5.bp.v5.1.entrez.gmt,375,1016,0.7619493908153702,254,121,895,0.3333333333333333,0.2,1,BIOPOLYMER_MODIFICATION,False,False
MSigDB 5.1 C5 BP,5.1,96,658,RESPONSE_TO_STRESS,GO:0006950,C5,BP,msigdb_v5.1_files_to_download_locally/msigdb_v5.1_GMTs/c5.bp.v5.1.entrez.gmt,335,599,0.8596532333645736,197,138,461,0.39677744209466265,0.24748743718592964,1,RESPONSE_TO_STRESS,False,False
MSigDB 5.1 C5 BP,5.1,97,1577,BIOPOLYMER_METABOLIC_PROCESS,GO:0043283,C5,BP,msigdb_v5.1_files_to_download_locally/msigdb_v5.1_GMTs/c5.bp.v5.1.entrez.gmt,914,1309,0.6932989690721649,591,323,986,0.47450822962665595,0.31105263157894736,1,BIOPOLYMER_METABOLIC_PROCESS,False,False
MSigDB 5.1 C5 BP,5.1,98,1741,REGULATION_OF_METABOLIC_PROCESS,GO:0019222,C5,BP,msigdb_v5.1_files_to_download_locally/msigdb_v5.1_GMTs/c5.bp.v5.1.entrez.gmt,509,1402,0.6715089034676663,424,85,1317,0.3768888888888889,0.2322015334063527,1,REGULATION_OF_METABOLIC_PROCESS,False,False
MSigDB 5.1 C5 BP,5.1,99,1042,LIPID_HOMEOSTASIS,GO:0055088,C5,BP,msigdb_v5.1_files_to_download_locally/msigdb_v5.1_GMTs/c5.bp.v5.1.entrez.gmt,15,1033,0.7579662605435802,12,3,1030,0.02270577105014191,0.011483253588516746,1,LIPID_HOMEOSTASIS,False,False
MSigDB 5.1 C5 BP,5.1,100,1893,NUCLEOBASENUCLEOSIDENUCLEOTIDE_AND_NUCLEIC_ACID_METABOLIC_PROCESS,GO:0006139,C5,BP,msigdb_v5.1_files_to_download_locally/msigdb_v5.1_GMTs/c5.bp.v5.1.entrez.gmt,655,1720,0.5970009372071228,414,241,1479,0.3249607535321821,0.19400187441424555,1,NUCLEOBASENUCLEOSIDENUCLEOTIDE_AND_NUCLEIC_ACID_METABOLIC_PROCESS,False,False
MSigDB 5.1 C5 BP,5.1,101,977,REGULATION_OF_SIGNAL_TRANSDUCTION,GO:0009966,C5,BP,msigdb_v5.1_files_to_download_locally/msigdb_v5.1_GMTs/c5.bp.v5.1.entrez.gmt,176,823,0.8071696344892221,165,11,812,0.2862098872506505,0.16700404858299595,1,REGULATION_OF_SIGNAL_TRANSDUCTION,False,False
MSigDB 5.1 C5 BP,5.1,102,726,CATION_TRANSPORT,GO:0006812,C5,BP,msigdb_v5.1_files_to_download_locally/msigdb_v5.1_GMTs/c5.bp.v5.1.entrez.gmt,46,710,0.8336457357075914,31,15,695,0.08031088082901554,0.04183535762483131,1,CATION_TRANSPORT,False,False
MSigDB 5.1 C5 BP,5.1,103,1207,POSITIVE_REGULATION_OF_METABOLIC_PROCESS,GO:0009893,C5,BP,msigdb_v5.1_files_to_download_locally/msigdb_v5.1_GMTs/c5.bp.v5.1.entrez.gmt,178,1049,0.7542174320524836,168,10,1039,0.24259927797833936,0.13804437140509448,1,POSITIVE_REGULATION_OF_METABOLIC_PROCESS,False,False
MSigDB 5.1 C5 BP,5.1,104,774,POSITIVE_REGULATION_OF_CELLULAR_METABOLIC_PROCESS,GO:0031325,C5,BP,msigdb_v5.1_files_to_download_locally/msigdb_v5.1_GMTs/c5.bp.v5.1.entrez.gmt,174,664,0.8444236176194939,142,32,632,0.29957805907172996,0.1761786600496278,1,POSITIVE_REGULATION_OF_CELLULAR_METABOLIC_PROCESS,False,False
MSigDB 5.1 C5 BP,5.1,105,1170,RESPONSE_TO_STRESS,GO:0006950,C5,BP,msigdb_v5.1_files_to_download_locally/msigdb_v5.1_GMTs/c5.bp.v5.1.entrez.gmt,335,1051,0.7537488284910965,227,108,943,0.3016611295681063,0.17762128325508608,1,RESPONSE_TO_STRESS,False,False
MSigDB 5.1 C5 BP,5.1,106,1153,CYTOSKELETON_ORGANIZATION_AND_BIOGENESIS,GO:0007010,C5,BP,msigdb_v5.1_files_to_download_locally/msigdb_v5.1_GMTs/c5.bp.v5.1.entrez.gmt,137,1128,0.7357075913776945,81,56,1072,0.12558139534883722,0.06699751861042183,1,CYTOSKELETON_ORGANIZATION_AND_BIOGENESIS,False,False
MSigDB 5.1 C5 BP,5.1,107,695,ORGANELLE_ORGANIZATION_AND_BIOGENESIS,GO:0006996,C5,BP,msigdb_v5.1_files_to_download_locally/msigdb_v5.1_GMTs/c5.bp.v5.1.entrez.gmt,311,604,0.8584817244611059,201,110,494,0.3996023856858847,0.2496894409937888,1,ORGANELLE_ORGANIZATION_AND_BIOGENESIS,False,False
MSigDB 5.1 C5 BP,5.1,108,1697,NUCLEOBASENUCLEOSIDENUCLEOTIDE_AND_NUCLEIC_ACID_METABOLIC_PROCESS,GO:0006139,C5,BP,msigdb_v5.1_files_to_download_locally/msigdb_v5.1_GMTs/c5.bp.v5.1.entrez.gmt,655,1508,0.6466729147141519,422,233,1275,0.358843537414966,0.21865284974093263,1,NUCLEOBASENUCLEOSIDENUCLEOTIDE_AND_NUCLEIC_ACID_METABOLIC_PROCESS,False,False
MSigDB 5.1 C5 BP,5.1,109,1389,VESICLE_MEDIATED_TRANSPORT,GO:0016192,C5,BP,msigdb_v5.1_files_to_download_locally/msigdb_v5.1_GMTs/c5.bp.v5.1.entrez.gmt,91,1356,0.6822867853795689,62,29,1327,0.08378378378378379,0.04372355430183357,1,VESICLE_MEDIATED_TRANSPORT,False,False
MSigDB 5.1 C5 BP,5.1,110,1149,RNA_METABOLIC_PROCESS,GO:0016070,C5,BP,msigdb_v5.1_files_to_download_locally/msigdb_v5.1_GMTs/c5.bp.v5.1.entrez.gmt,423,1024,0.7600749765698219,274,149,875,0.3486005089058524,0.2110939907550077,1,RNA_METABOLIC_PROCESS,False,False
MSigDB 5.1 C5 BP,5.1,111,761,POSITIVE_REGULATION_OF_CELLULAR_METABOLIC_PROCESS,GO:0031325,C5,BP,msigdb_v5.1_files_to_download_locally/msigdb_v5.1_GMTs/c5.bp.v5.1.entrez.gmt,174,651,0.8474695407685098,142,32,619,0.3037433155080214,0.17906683480453972,1,POSITIVE_REGULATION_OF_CELLULAR_METABOLIC_PROCESS,False,False
MSigDB 5.1 C5 BP,5.1,112,1108,REGULATION_OF_GENE_EXPRESSION,GO:0010468,C5,BP,msigdb_v5.1_files_to_download_locally/msigdb_v5.1_GMTs/c5.bp.v5.1.entrez.gmt,411,863,0.7977975632614808,328,83,780,0.4318630678077683,0.2753988245172124,1,REGULATION_OF_GENE_EXPRESSION,False,False
MSigDB 5.1 C5 BP,5.1,113,1155,POSITIVE_REGULATION_OF_CELLULAR_METABOLIC_PROCESS,GO:0031325,C5,BP,msigdb_v5.1_files_to_download_locally/msigdb_v5.1_GMTs/c5.bp.v5.1.entrez.gmt,174,999,0.7659325210871603,165,9,990,0.24830699774266365,0.14175257731958762,1,POSITIVE_REGULATION_OF_CELLULAR_METABOLIC_PROCESS,False,False
MSigDB 5.1 C5 BP,5.1,114,777,NEGATIVE_REGULATION_OF_CELLULAR_METABOLIC_PROCESS,GO:0031324,C5,BP,msigdb_v5.1_files_to_download_locally/msigdb_v5.1_GMTs/c5.bp.v5.1.entrez.gmt,171,670,0.8430178069353327,139,32,638,0.29324894514767935,0.17181705809641531,1,NEGATIVE_REGULATION_OF_CELLULAR_METABOLIC_PROCESS,False,False
MSigDB 5.1 C5 BP,5.1,115,1663,REGULATION_OF_METABOLIC_PROCESS,GO:0019222,C5,BP,msigdb_v5.1_files_to_download_locally/msigdb_v5.1_GMTs/c5.bp.v5.1.entrez.gmt,509,1336,0.6869728209934396,418,91,1245,0.3848987108655617,0.23831242873432154,1,REGULATION_OF_METABOLIC_PROCESS,False,False
MSigDB 5.1 C5 BP,5.1,116,3612,BIOPOLYMER_METABOLIC_PROCESS,GO:0043283,C5,BP,msigdb_v5.1_files_to_download_locally/msigdb_v5.1_GMTs/c5.bp.v5.1.entrez.gmt,914,2882,0.32474226804123707,822,92,2790,0.36323464427750773,0.22192224622030238,1,BIOPOLYMER_METABOLIC_PROCESS,False,False
MSigDB 5.1 C5 BP,5.1,117,2929,BIOPOLYMER_METABOLIC_PROCESS,GO:0043283,C5,BP,msigdb_v5.1_files_to_download_locally/msigdb_v5.1_GMTs/c5.bp.v5.1.entrez.gmt,914,2323,0.4557169634489222,760,154,2169,0.3955243299505595,0.24651313655530327,1,BIOPOLYMER_METABOLIC_PROCESS,False,False
MSigDB 5.1 C5 BP,5.1,118,3252,BIOPOLYMER_METABOLIC_PROCESS,GO:0043283,C5,BP,msigdb_v5.1_files_to_download_locally/msigdb_v5.1_GMTs/c5.bp.v5.1.entrez.gmt,914,2594,0.3922211808809747,786,128,2466,0.3773403744599136,0.23254437869822486,1,BIOPOLYMER_METABOLIC_PROCESS,False,False
MSigDB 5.1 C5 BP,5.1,119,2101,NUCLEOBASENUCLEOSIDENUCLEOTIDE_AND_NUCLEIC_ACID_METABOLIC_PROCESS,GO:0006139,C5,BP,msigdb_v5.1_files_to_download_locally/msigdb_v5.1_GMTs/c5.bp.v5.1.entrez.gmt,655,1884,0.5585754451733833,436,219,1665,0.3164005805515239,0.1879310344827586,1,NUCLEOBASENUCLEOSIDENUCLEOTIDE_AND_NUCLEIC_ACID_METABOLIC_PROCESS,False,False
MSigDB 5.1 C5 BP,5.1,120,959,TRANSCRIPTION,GO:0006350,C5,BP,msigdb_v5.1_files_to_download_locally/msigdb_v5.1_GMTs/c5.bp.v5.1.entrez.gmt,417,722,0.830834114339269,327,90,632,0.4752906976744186,0.3117254528122021,1,TRANSCRIPTION,False,False
MSigDB 5.2 all collections,5.2,0,2647,GO_POSITIVE_REGULATION_OF_RESPONSE_TO_STIMULUS,GO:0048584,C5,BP,msigdb_v5.2_files_to_download_locally/msigdb_v5.2_GMTs/c5.bp.v5.2.entrez.gmt,1112,1781,0.5827085285848173,989,123,1658,0.5262037776004257,0.35703971119133576,1,GO_POSITIVE_REGULATION_OF_RESPONSE_TO_STIMULUS,False,False
MSigDB 5.2 all collections,5.2,1,943,ZHONG_SECRETOME_OF_LUNG_CANCER_AND_FIBROBLAST,,C2,,msigdb_v5.2_files_to_download_locally/msigdb_v5.2_GMTs/c2.all.v5.2.entrez.gmt,67,900,0.7891283973758201,55,12,888,0.10891089108910891,0.05759162303664921,1,ZHONG_SECRETOME_OF_LUNG_CANCER_AND_FIBROBLAST,False,False
MSigDB 5.2 all collections,5.2,2,820,GO_SMALL_MOLECULE_METABOLIC_PROCESS,GO:0044281,C5,BP,msigdb_v5.2_files_to_download_locally/msigdb_v5.2_GMTs/c5.bp.v5.2.entrez.gmt,534,672,0.8425492033739457,341,193,479,0.5036927621861153,0.3366238894373149,1,GO_SMALL_MOLECULE_METABOLIC_PROCESS,False,False
MSigDB 5.2 all collections,5.2,3,935,GO_RNA_BINDING,,C5,,msigdb_v5.2_files_to_download_locally/msigdb_v5.2_GMTs/c5.all.v5.2.entrez.gmt,465,574,0.8655107778819119,413,52,522,0.59,0.41843971631205673,1,GO_RNA_BINDING,False,False
MSigDB 5.2 all collections,5.2,4,542,GO_NUCLEIC_ACID_PHOSPHODIESTER_BOND_HYDROLYSIS,GO:0090305,C5,BP,msigdb_v5.2_files_to_download_locally/msigdb_v5.2_GMTs/c5.bp.v5.2.entrez.gmt,88,478,0.8880037488284911,76,12,466,0.24126984126984127,0.1371841155234657,1,GO_NUCLEIC_ACID_PHOSPHODIESTER_BOND_HYDROLYSIS,False,False
MSigDB 5.2 all collections,5.2,5,749,GO_RNA_BINDING,,C5,,msigdb_v5.2_files_to_download_locally/msigdb_v5.2_GMTs/c5.all.v5.2.entrez.gmt,465,394,0.9076850984067479,410,55,339,0.6754530477759473,0.5099502487562189,1,GO_RNA_BINDING,False,False
MSigDB 5.2 all collections,5.2,6,961,GO_RNA_BINDING,,C5,,msigdb_v5.2_files_to_download_locally/msigdb_v5.2_GMTs/c5.all.v5.2.entrez.gmt,465,600,0.85941893158388,413,52,548,0.5792426367461431,0.4076999012833169,1,GO_RNA_BINDING,False,False
MSigDB 5.2 all collections,5.2,7,1307,GO_KINASE_BINDING,,C5,,msigdb_v5.2_files_to_download_locally/msigdb_v5.2_GMTs/c5.all.v5.2.entrez.gmt,364,1267,0.7031396438612934,202,162,1105,0.24177139437462597,0.13750850918992513,1,GO_KINASE_BINDING,False,False
MSigDB 5.2 all collections,5.2,8,556,GO_COVALENT_CHROMATIN_MODIFICATION,GO:0016569,C5,BP,msigdb_v5.2_files_to_download_locally/msigdb_v5.2_GMTs/c5.bp.v5.2.entrez.gmt,217,433,0.8985473289597001,170,47,386,0.4398447606727037,0.28192371475953565,1,GO_COVALENT_CHROMATIN_MODIFICATION,False,False
MSigDB 5.2 all collections,5.2,9,1284,GO_MACROMOLECULE_CATABOLIC_PROCESS,GO:0009057,C5,BP,msigdb_v5.2_files_to_download_locally/msigdb_v5.2_GMTs/c5.bp.v5.2.entrez.gmt,389,1051,0.7537488284910965,311,78,973,0.3717872086072923,0.22834067547723935,1,GO_MACROMOLECULE_CATABOLIC_PROCESS,False,False
MSigDB 5.2 all collections,5.2,10,757,GO_PEPTIDYL_AMINO_ACID_MODIFICATION,GO:0018193,C5,BP,msigdb_v5.2_files_to_download_locally/msigdb_v5.2_GMTs/c5.bp.v5.2.entrez.gmt,457,596,0.8603561387066542,309,148,448,0.5090609555189456,0.3414364640883978,1,GO_PEPTIDYL_AMINO_ACID_MODIFICATION,False,False
MSigDB 5.2 all collections,5.2,11,890,GO_REGULATION_OF_INTRACELLULAR_SIGNAL_TRANSDUCTION,GO:1902531,C5,BP,msigdb_v5.2_files_to_download_locally/msigdb_v5.2_GMTs/c5.bp.v5.2.entrez.gmt,951,583,0.8634020618556701,629,322,261,0.6833242802824552,0.518976897689769,1,GO_REGULATION_OF_INTRACELLULAR_SIGNAL_TRANSDUCTION,False,False
MSigDB 5.2 all collections,5.2,12,2905,GO_ENZYME_BINDING,,C5,,msigdb_v5.2_files_to_download_locally/msigdb_v5.2_GMTs/c5.all.v5.2.entrez.gmt,917,2312,0.45829428303655106,755,162,2150,0.39508110936682367,0.2461688946853603,1,GO_ENZYME_BINDING,False,False
MSigDB 5.2 all collections,5.2,13,845,GO_POSITIVE_REGULATION_OF_MULTICELLULAR_ORGANISMAL_PROCESS,GO:0051240,C5,BP,msigdb_v5.2_files_to_download_locally/msigdb_v5.2_GMTs/c5.bp.v5.2.entrez.gmt,843,562,0.8683223992502342,563,280,282,0.6670616113744076,0.5004444444444445,1,GO_POSITIVE_REGULATION_OF_MULTICELLULAR_ORGANISMAL_PROCESS,False,False
MSigDB 5.2 all collections,5.2,14,748,GO_POSITIVE_REGULATION_OF_BIOSYNTHETIC_PROCESS,GO:0009891,C5,BP,msigdb_v5.2_files_to_download_locally/msigdb_v5.2_GMTs/c5.bp.v5.2.entrez.gmt,1031,381,0.9107310215557638,699,332,49,0.7858347386172007,0.6472222222222223,1,GO_POSITIVE_REGULATION_OF_BIOSYNTHETIC_PROCESS,False,False
MSigDB 5.2 all collections,5.2,15,1450,GO_NEGATIVE_REGULATION_OF_NITROGEN_COMPOUND_METABOLIC_PROCESS,GO:0051172,C5,BP,msigdb_v5.2_files_to_download_locally/msigdb_v5.2_GMTs/c5.bp.v5.2.entrez.gmt,795,959,0.7753045923149016,643,152,807,0.5728285077951002,0.4013732833957553,1,GO_NEGATIVE_REGULATION_OF_NITROGEN_COMPOUND_METABOLIC_PROCESS,False,False
MSigDB 5.2 all collections,5.2,16,395,GO_POLY_A_RNA_BINDING,,C5,,msigdb_v5.2_files_to_download_locally/msigdb_v5.2_GMTs/c5.all.v5.2.entrez.gmt,349,60,0.985941893158388,342,7,53,0.9193548387096774,0.8507462686567164,1,GO_POLY_A_RNA_BINDING,False,False
MSigDB 5.2 all collections,5.2,17,610,GO_VACUOLAR_TRANSPORT,GO:0007034,C5,BP,msigdb_v5.2_files_to_download_locally/msigdb_v5.2_GMTs/c5.bp.v5.2.entrez.gmt,107,533,0.8751171508903468,92,15,518,0.25662482566248257,0.1472,1,GO_VACUOLAR_TRANSPORT,False,False
MSigDB 5.2 all collections,5.2,18,1117,GO_EXTRACELLULAR_SPACE,,C5,,msigdb_v5.2_files_to_download_locally/msigdb_v5.2_GMTs/c5.all.v5.2.entrez.gmt,484,867,0.7968603561387066,367,117,750,0.4584634603372892,0.29740680713128037,1,GO_EXTRACELLULAR_SPACE,False,False
MSigDB 5.2 all collections,5.2,19,1657,GO_CATABOLIC_PROCESS,GO:0009056,C5,BP,msigdb_v5.2_files_to_download_locally/msigdb_v5.2_GMTs/c5.bp.v5.2.entrez.gmt,640,1293,0.6970477975632614,502,138,1155,0.4370918589464519,0.2796657381615599,1,GO_CATABOLIC_PROCESS,False,False
MSigDB 5.2 all collections,5.2,20,692,KEGG_SPLICEOSOME,,C2,,msigdb_v5.2_files_to_download_locally/msigdb_v5.2_GMTs/c2.all.v5.2.entrez.gmt,48,676,0.8416119962511714,32,16,660,0.08648648648648649,0.04519774011299435,2,KEGG_SPLICEOSOME|GO_SPLICEOSOMAL_COMPLEX_ASSEMBLY,False,False
MSigDB 5.2 all collections,5.2,21,2534,GO_POSITIVE_REGULATION_OF_BIOSYNTHETIC_PROCESS,GO:0009891,C5,BP,msigdb_v5.2_files_to_download_locally/msigdb_v5.2_GMTs/c5.bp.v5.2.entrez.gmt,1031,1713,0.5986410496719775,926,105,1608,0.5194950911640954,0.3508904888215233,1,GO_POSITIVE_REGULATION_OF_BIOSYNTHETIC_PROCESS,False,False
MSigDB 5.2 all collections,5.2,22,893,GO_REGULATION_OF_TRANSCRIPTION_FROM_RNA_POLYMERASE_II_PROMOTER,GO:0006357,C5,BP,msigdb_v5.2_files_to_download_locally/msigdb_v5.2_GMTs/c5.bp.v5.2.entrez.gmt,876,479,0.8877694470477976,645,231,248,0.7292255511588468,0.5738434163701067,1,GO_REGULATION_OF_TRANSCRIPTION_FROM_RNA_POLYMERASE_II_PROMOTER,False,False
MSigDB 5.2 all collections,5.2,23,1227,GO_PROTEIN_COMPLEX_SUBUNIT_ORGANIZATION,GO:0071822,C5,BP,msigdb_v5.2_files_to_download_locally/msigdb_v5.2_GMTs/c5.bp.v5.2.entrez.gmt,651,982,0.7699156513589503,448,203,779,0.47710330138445156,0.3132867132867133,1,GO_PROTEIN_COMPLEX_SUBUNIT_ORGANIZATION,False,False
MSigDB 5.2 all collections,5.2,24,597,GO_NUCLEOLUS,,C5,,msigdb_v5.2_files_to_download_locally/msigdb_v5.2_GMTs/c5.all.v5.2.entrez.gmt,271,434,0.8983130271790065,217,54,380,0.5,0.3333333333333333,1,GO_NUCLEOLUS,False,False
MSigDB 5.2 all collections,5.2,25,2437,GO_PROTEIN_LOCALIZATION,GO:0008104,C5,BP,msigdb_v5.2_files_to_download_locally/msigdb_v5.2_GMTs/c5.bp.v5.2.entrez.gmt,727,2098,0.5084348641049672,533,194,1904,0.33691529709228824,0.2025845686050931,1,GO_PROTEIN_LOCALIZATION,False,False
MSigDB 5.2 all collections,5.2,26,2603,GO_CYTOSKELETON,,C5,,msigdb_v5.2_files_to_download_locally/msigdb_v5.2_GMTs/c5.all.v5.2.entrez.gmt,658,2173,0.4908622305529522,544,114,2059,0.333639987733824,0.20022083179977918,1,GO_CYTOSKELETON,False,False
MSigDB 5.2 all collections,5.2,27,1208,GO_CHROMOSOME,,C5,,msigdb_v5.2_files_to_download_locally/msigdb_v5.2_GMTs/c5.all.v5.2.entrez.gmt,414,1062,0.7511715089034676,280,134,928,0.34525277435265106,0.20864381520119224,1,GO_CHROMOSOME,False,False
MSigDB 5.2 all collections,5.2,28,2816,GO_CELLULAR_RESPONSE_TO_STRESS,GO:0033554,C5,BP,msigdb_v5.2_files_to_download_locally/msigdb_v5.2_GMTs/c5.bp.v5.2.entrez.gmt,809,2185,0.48805060918462984,720,89,2096,0.3972413793103448,0.24784853700516352,1,GO_CELLULAR_RESPONSE_TO_STRESS,False,False
MSigDB 5.2 all collections,5.2,29,721,GO_POSITIVE_REGULATION_OF_BIOSYNTHETIC_PROCESS,GO:0009891,C5,BP,msigdb_v5.2_files_to_download_locally/msigdb_v5.2_GMTs/c5.bp.v5.2.entrez.gmt,1031,318,0.9254920337394564,717,314,4,0.8184931506849316,0.6927536231884058,1,GO_POSITIVE_REGULATION_OF_BIOSYNTHETIC_PROCESS,False,False
MSigDB 5.2 all collections,5.2,30,2793,GO_POSITIVE_REGULATION_OF_RESPONSE_TO_STIMULUS,GO:0048584,C5,BP,msigdb_v5.2_files_to_download_locally/msigdb_v5.2_GMTs/c5.bp.v5.2.entrez.gmt,1112,1913,0.5517806935332709,996,116,1797,0.5101152368758003,0.34238569955311104,1,GO_POSITIVE_REGULATION_OF_RESPONSE_TO_STIMULUS,False,False
MSigDB 5.2 all collections,5.2,31,613,GO_VACUOLAR_TRANSPORT,GO:0007034,C5,BP,msigdb_v5.2_files_to_download_locally/msigdb_v5.2_GMTs/c5.bp.v5.2.entrez.gmt,107,540,0.8734770384254921,90,17,523,0.25,0.14285714285714285,1,GO_VACUOLAR_TRANSPORT,False,False
MSigDB 5.2 all collections,5.2,32,3696,GO_POSITIVE_REGULATION_OF_RESPONSE_TO_STIMULUS,GO:0048584,C5,BP,msigdb_v5.2_files_to_download_locally/msigdb_v5.2_GMTs/c5.bp.v5.2.entrez.gmt,1112,2724,0.3617619493908154,1042,70,2654,0.4334442595673877,0.2766861391396707,1,GO_POSITIVE_REGULATION_OF_RESPONSE_TO_STIMULUS,False,False
MSigDB 5.2 all collections,5.2,33,657,GO_CELLULAR_RESPONSE_TO_OXYGEN_CONTAINING_COMPOUND,GO:1901701,C5,BP,msigdb_v5.2_files_to_download_locally/msigdb_v5.2_GMTs/c5.bp.v5.2.entrez.gmt,485,568,0.8669165885660731,287,198,370,0.5026269702276708,0.33567251461988307,1,GO_CELLULAR_RESPONSE_TO_OXYGEN_CONTAINING_COMPOUND,False,False
MSigDB 5.2 all collections,5.2,34,819,GO_REGULATION_OF_PROTEIN_MODIFICATION_PROCESS,GO:0031399,C5,BP,msigdb_v5.2_files_to_download_locally/msigdb_v5.2_GMTs/c5.bp.v5.2.entrez.gmt,951,482,0.887066541705717,644,307,175,0.727683615819209,0.5719360568383659,1,GO_REGULATION_OF_PROTEIN_MODIFICATION_PROCESS,False,False
MSigDB 5.2 all collections,5.2,35,1253,GO_CATALYTIC_COMPLEX,,C5,,msigdb_v5.2_files_to_download_locally/msigdb_v5.2_GMTs/c5.all.v5.2.entrez.gmt,479,988,0.7685098406747891,372,107,881,0.4295612009237875,0.2735294117647059,1,GO_CATALYTIC_COMPLEX,False,False
MSigDB 5.2 all collections,5.2,36,746,GO_POSITIVE_REGULATION_OF_CELLULAR_COMPONENT_ORGANIZATION,GO:0051130,C5,BP,msigdb_v5.2_files_to_download_locally/msigdb_v5.2_GMTs/c5.bp.v5.2.entrez.gmt,636,438,0.8973758200562324,472,164,274,0.683068017366136,0.5186813186813187,1,GO_POSITIVE_REGULATION_OF_CELLULAR_COMPONENT_ORGANIZATION,False,False
MSigDB 5.2 all collections,5.2,37,819,GO_NEGATIVE_REGULATION_OF_NITROGEN_COMPOUND_METABOLIC_PROCESS,GO:0051172,C5,BP,msigdb_v5.2_files_to_download_locally/msigdb_v5.2_GMTs/c5.bp.v5.2.entrez.gmt,795,464,0.8912839737582006,575,220,244,0.7125154894671624,0.5534167468719923,1,GO_NEGATIVE_REGULATION_OF_NITROGEN_COMPOUND_METABOLIC_PROCESS,False,False
MSigDB 5.2 all collections,5.2,38,1626,GO_POSITIVE_REGULATION_OF_BIOSYNTHETIC_PROCESS,GO:0009891,C5,BP,msigdb_v5.2_files_to_download_locally/msigdb_v5.2_GMTs/c5.bp.v5.2.entrez.gmt,1031,949,0.7776476101218369,854,177,772,0.6428302596913813,0.473655019412091,1,GO_POSITIVE_REGULATION_OF_BIOSYNTHETIC_PROCESS,False,False
MSigDB 5.2 all collections,5.2,39,742,GO_PEPTIDYL_AMINO_ACID_MODIFICATION,GO:0018193,C5,BP,msigdb_v5.2_files_to_download_locally/msigdb_v5.2_GMTs/c5.bp.v5.2.entrez.gmt,457,581,0.8638706654170571,309,148,433,0.5154295246038365,0.3471910112359551,1,GO_PEPTIDYL_AMINO_ACID_MODIFICATION,False,False
MSigDB 5.2 all collections,5.2,40,599,GO_NUCLEIC_ACID_PHOSPHODIESTER_BOND_HYDROLYSIS,GO:0090305,C5,BP,msigdb_v5.2_files_to_download_locally/msigdb_v5.2_GMTs/c5.bp.v5.2.entrez.gmt,88,533,0.8751171508903468,77,11,522,0.22416302765647744,0.12622950819672132,1,GO_NUCLEIC_ACID_PHOSPHODIESTER_BOND_HYDROLYSIS,False,False
MSigDB 5.2 all collections,5.2,41,900,GO_ANATOMICAL_STRUCTURE_FORMATION_INVOLVED_IN_MORPHOGENESIS,GO:0048646,C5,BP,msigdb_v5.2_files_to_download_locally/msigdb_v5.2_GMTs/c5.bp.v5.2.entrez.gmt,525,759,0.8221649484536082,333,192,567,0.4673684210526316,0.30494505494505497,1,GO_ANATOMICAL_STRUCTURE_FORMATION_INVOLVED_IN_MORPHOGENESIS,False,False
MSigDB 5.2 all collections,5.2,42,794,GO_POSITIVE_REGULATION_OF_MOLECULAR_FUNCTION,GO:0044093,C5,BP,msigdb_v5.2_files_to_download_locally/msigdb_v5.2_GMTs/c5.bp.v5.2.entrez.gmt,950,610,0.8570759137769447,567,383,227,0.6502293577981652,0.4817332200509771,1,GO_POSITIVE_REGULATION_OF_MOLECULAR_FUNCTION,False,False
MSigDB 5.2 all collections,5.2,43,880,GO_REGULATION_OF_HOMEOSTATIC_PROCESS,GO:0032844,C5,BP,msigdb_v5.2_files_to_download_locally/msigdb_v5.2_GMTs/c5.bp.v5.2.entrez.gmt,275,721,0.8310684161199625,217,58,663,0.37575757575757573,0.23134328358208955,1,GO_REGULATION_OF_HOMEOSTATIC_PROCESS,False,False
MSigDB 5.2 all collections,5.2,44,550,GO_PLASMA_MEMBRANE_RAFT,,C5,,msigdb_v5.2_files_to_download_locally/msigdb_v5.2_GMTs/c5.all.v5.2.entrez.gmt,52,536,0.8744142455482662,33,19,517,0.10963455149501661,0.05799648506151142,1,GO_PLASMA_MEMBRANE_RAFT,False,False
MSigDB 5.2 all collections,5.2,45,1124,GO_POSITIVE_REGULATION_OF_BIOSYNTHETIC_PROCESS,GO:0009891,C5,BP,msigdb_v5.2_files_to_download_locally/msigdb_v5.2_GMTs/c5.bp.v5.2.entrez.gmt,1031,521,0.8779287722586692,817,214,307,0.7582366589327146,0.6106128550074739,1,GO_POSITIVE_REGULATION_OF_BIOSYNTHETIC_PROCESS,False,False
MSigDB 5.2 all collections,5.2,46,1486,GO_CELLULAR_CATABOLIC_PROCESS,GO:0044248,C5,BP,msigdb_v5.2_files_to_download_locally/msigdb_v5.2_GMTs/c5.bp.v5.2.entrez.gmt,503,1205,0.7176663542642925,392,111,1094,0.3941679235796883,0.24546023794614902,1,GO_CELLULAR_CATABOLIC_PROCESS,False,False
MSigDB 5.2 all collections,5.2,47,1522,GO_CELLULAR_CATABOLIC_PROCESS,GO:0044248,C5,BP,msigdb_v5.2_files_to_download_locally/msigdb_v5.2_GMTs/c5.bp.v5.2.entrez.gmt,503,1217,0.71485473289597,404,99,1118,0.39901234567901234,0.24922887106724245,1,GO_CELLULAR_CATABOLIC_PROCESS,False,False
MSigDB 5.2 all collections,5.2,48,948,ZHONG_SECRETOME_OF_LUNG_CANCER_AND_FIBROBLAST,,C2,,msigdb_v5.2_files_to_download_locally/msigdb_v5.2_GMTs/c2.all.v5.2.entrez.gmt,67,905,0.7879568884723525,55,12,893,0.10837438423645321,0.057291666666666664,1,ZHONG_SECRETOME_OF_LUNG_CANCER_AND_FIBROBLAST,False,False
MSigDB 5.2 all collections,5.2,49,882,GO_REGULATION_OF_PROTEIN_MODIFICATION_PROCESS,GO:0031399,C5,BP,msigdb_v5.2_files_to_download_locally/msigdb_v5.2_GMTs/c5.bp.v5.2.entrez.gmt,951,515,0.8793345829428304,659,292,223,0.7190398254228041,0.561328790459966,1,GO_REGULATION_OF_PROTEIN_MODIFICATION_PROCESS,False,False
MSigDB 5.2 all collections,5.2,50,1378,GO_NEGATIVE_REGULATION_OF_NITROGEN_COMPOUND_METABOLIC_PROCESS,GO:0051172,C5,BP,msigdb_v5.2_files_to_download_locally/msigdb_v5.2_GMTs/c5.bp.v5.2.entrez.gmt,795,899,0.7893626991565136,637,158,741,0.5862862402208928,0.4147135416666667,1,GO_NEGATIVE_REGULATION_OF_NITROGEN_COMPOUND_METABOLIC_PROCESS,False,False
MSigDB 5.2 all collections,5.2,51,1164,GO_POSITIVE_REGULATION_OF_RESPONSE_TO_STIMULUS,GO:0048584,C5,BP,msigdb_v5.2_files_to_download_locally/msigdb_v5.2_GMTs/c5.bp.v5.2.entrez.gmt,1112,714,0.8327085285848173,781,331,383,0.6862917398945518,0.5224080267558529,1,GO_POSITIVE_REGULATION_OF_RESPONSE_TO_STIMULUS,False,False
MSigDB 5.2 all collections,5.2,52,1731,GO_POSITIVE_REGULATION_OF_BIOSYNTHETIC_PROCESS,GO:0009891,C5,BP,msigdb_v5.2_files_to_download_locally/msigdb_v5.2_GMTs/c5.bp.v5.2.entrez.gmt,1031,1036,0.7572633552014996,863,168,868,0.6249094858797972,0.454449710373881,1,GO_POSITIVE_REGULATION_OF_BIOSYNTHETIC_PROCESS,False,False
MSigDB 5.2 all collections,5.2,53,1635,GO_POSITIVE_REGULATION_OF_GENE_EXPRESSION,GO:0010628,C5,BP,msigdb_v5.2_files_to_download_locally/msigdb_v5.2_GMTs/c5.bp.v5.2.entrez.gmt,984,983,0.7696813495782568,818,166,817,0.6246659030164184,0.45419211549139366,1,GO_POSITIVE_REGULATION_OF_GENE_EXPRESSION,False,False
MSigDB 5.2 all collections,5.2,54,957,GO_POSITIVE_REGULATION_OF_CELL_COMMUNICATION,GO:0010647,C5,BP,msigdb_v5.2_files_to_download_locally/msigdb_v5.2_GMTs/c5.bp.v5.2.entrez.gmt,910,625,0.8535613870665417,621,289,336,0.6652383502945902,0.4983948635634029,1,GO_POSITIVE_REGULATION_OF_CELL_COMMUNICATION,False,False
MSigDB 5.2 all collections,5.2,55,1017,GO_POSITIVE_REGULATION_OF_BIOSYNTHETIC_PROCESS,GO:0009891,C5,BP,msigdb_v5.2_files_to_download_locally/msigdb_v5.2_GMTs/c5.bp.v5.2.entrez.gmt,1031,570,0.866447985004686,739,292,278,0.7216796875,0.5645530939648586,1,GO_POSITIVE_REGULATION_OF_BIOSYNTHETIC_PROCESS,False,False
MSigDB 5.2 all collections,5.2,56,698,GO_REGULATION_OF_MULTICELLULAR_ORGANISMAL_DEVELOPMENT,GO:2000026,C5,BP,msigdb_v5.2_files_to_download_locally/msigdb_v5.2_GMTs/c5.bp.v5.2.entrez.gmt,936,482,0.887066541705717,576,360,122,0.7050183598531212,0.5444234404536862,1,GO_REGULATION_OF_MULTICELLULAR_ORGANISMAL_DEVELOPMENT,False,False
MSigDB 5.2 all collections,5.2,57,624,GO_REGULATION_OF_PROTEIN_MODIFICATION_PROCESS,GO:0031399,C5,BP,msigdb_v5.2_files_to_download_locally/msigdb_v5.2_GMTs/c5.bp.v5.2.entrez.gmt,951,341,0.9201030927835052,617,334,7,0.7834920634920635,0.6440501043841336,1,GO_REGULATION_OF_PROTEIN_MODIFICATION_PROCESS,False,False
MSigDB 5.2 all collections,5.2,58,604,GO_CHROMATIN_MODIFICATION,GO:0016568,C5,BP,msigdb_v5.2_files_to_download_locally/msigdb_v5.2_GMTs/c5.bp.v5.2.entrez.gmt,299,469,0.8901124648547329,217,82,387,0.4806201550387597,0.3163265306122449,1,GO_CHROMATIN_MODIFICATION,True,False
MSigDB 5.2 all collections,5.2,59,892,GO_REGULATION_OF_TRANSCRIPTION_FROM_RNA_POLYMERASE_II_PROMOTER,GO:0006357,C5,BP,msigdb_v5.2_files_to_download_locally/msigdb_v5.2_GMTs/c5.bp.v5.2.entrez.gmt,876,478,0.8880037488284911,645,231,247,0.7296380090497737,0.5743544078361532,1,GO_REGULATION_OF_TRANSCRIPTION_FROM_RNA_POLYMERASE_II_PROMOTER,False,False
MSigDB 5.2 all collections,5.2,60,1829,GO_POSITIVE_REGULATION_OF_BIOSYNTHETIC_PROCESS,GO:0009891,C5,BP,msigdb_v5.2_files_to_download_locally/msigdb_v5.2_GMTs/c5.bp.v5.2.entrez.gmt,1031,1108,0.7403936269915652,876,155,953,0.6125874125874126,0.4415322580645161,1,GO_POSITIVE_REGULATION_OF_BIOSYNTHETIC_PROCESS,False,False
MSigDB 5.2 all collections,5.2,61,668,GO_ESTABLISHMENT_OF_PROTEIN_LOCALIZATION,GO:0045184,C5,BP,msigdb_v5.2_files_to_download_locally/msigdb_v5.2_GMTs/c5.bp.v5.2.entrez.gmt,524,534,0.8748828491096532,329,195,339,0.552013422818792,0.38122827346465815,1,GO_ESTABLISHMENT_OF_PROTEIN_LOCALIZATION,False,False
MSigDB 5.2 all collections,5.2,62,796,GO_REGULATION_OF_CELLULAR_LOCALIZATION,GO:0060341,C5,BP,msigdb_v5.2_files_to_download_locally/msigdb_v5.2_GMTs/c5.bp.v5.2.entrez.gmt,667,545,0.8723055295220243,459,208,337,0.6274777853725222,0.45717131474103584,1,GO_REGULATION_OF_CELLULAR_LOCALIZATION,False,False
MSigDB 5.2 all collections,5.2,63,742,GO_PEPTIDYL_AMINO_ACID_MODIFICATION,GO:0018193,C5,BP,msigdb_v5.2_files_to_download_locally/msigdb_v5.2_GMTs/c5.bp.v5.2.entrez.gmt,457,581,0.8638706654170571,309,148,433,0.5154295246038365,0.3471910112359551,1,GO_PEPTIDYL_AMINO_ACID_MODIFICATION,False,False
MSigDB 5.2 all collections,5.2,64,762,GO_CELLULAR_RESPONSE_TO_STRESS,GO:0033554,C5,BP,msigdb_v5.2_files_to_download_locally/msigdb_v5.2_GMTs/c5.bp.v5.2.entrez.gmt,809,605,0.8582474226804124,483,326,279,0.6148949713558243,0.44393382352941174,1,GO_CELLULAR_RESPONSE_TO_STRESS,False,False
MSigDB 5.2 all collections,5.2,65,536,GO_VACUOLAR_TRANSPORT,GO:0007034,C5,BP,msigdb_v5.2_files_to_download_locally/msigdb_v5.2_GMTs/c5.bp.v5.2.entrez.gmt,107,467,0.89058106841612,88,19,448,0.2737169517884914,0.15855855855855855,1,GO_VACUOLAR_TRANSPORT,False,False
MSigDB 5.2 all collections,5.2,66,2043,GO_MOVEMENT_OF_CELL_OR_SUBCELLULAR_COMPONENT,GO:0006928,C5,BP,msigdb_v5.2_files_to_download_locally/msigdb_v5.2_GMTs/c5.bp.v5.2.entrez.gmt,669,1750,0.5899718837863168,481,188,1562,0.3547197640117994,0.2155983863738234,1,GO_MOVEMENT_OF_CELL_OR_SUBCELLULAR_COMPONENT,False,False
MSigDB 5.2 all collections,5.2,67,1291,GO_MEMBRANE_REGION,,C5,,msigdb_v5.2_files_to_download_locally/msigdb_v5.2_GMTs/c5.all.v5.2.entrez.gmt,508,1079,0.7471883786316775,360,148,931,0.4002223457476376,0.2501737317581654,1,GO_MEMBRANE_REGION,False,False
MSigDB 5.2 all collections,5.2,68,1737,GO_CHROMOSOME,,C5,,msigdb_v5.2_files_to_download_locally/msigdb_v5.2_GMTs/c5.all.v5.2.entrez.gmt,414,1411,0.6694001874414246,370,44,1367,0.34402603440260343,0.20774845592363841,1,GO_CHROMOSOME,False,False
MSigDB 5.2 all collections,5.2,69,1080,GO_CATALYTIC_COMPLEX,,C5,,msigdb_v5.2_files_to_download_locally/msigdb_v5.2_GMTs/c5.all.v5.2.entrez.gmt,479,829,0.805763823805061,365,114,715,0.46824887748556765,0.30569514237855944,1,GO_CATALYTIC_COMPLEX,False,False
MSigDB 5.2 all collections,5.2,70,948,ZHONG_SECRETOME_OF_LUNG_CANCER_AND_FIBROBLAST,,C2,,msigdb_v5.2_files_to_download_locally/msigdb_v5.2_GMTs/c2.all.v5.2.entrez.gmt,67,905,0.7879568884723525,55,12,893,0.10837438423645321,0.057291666666666664,1,ZHONG_SECRETOME_OF_LUNG_CANCER_AND_FIBROBLAST,False,False
MSigDB 5.2 all collections,5.2,71,597,GO_NUCLEOLUS,,C5,,msigdb_v5.2_files_to_download_locally/msigdb_v5.2_GMTs/c5.all.v5.2.entrez.gmt,271,434,0.8983130271790065,217,54,380,0.5,0.3333333333333333,1,GO_NUCLEOLUS,False,False
MSigDB 5.2 all collections,5.2,72,653,GO_POSITIVE_REGULATION_OF_GENE_EXPRESSION,GO:0010628,C5,BP,msigdb_v5.2_files_to_download_locally/msigdb_v5.2_GMTs/c5.bp.v5.2.entrez.gmt,984,349,0.9182286785379569,644,340,9,0.786805131337813,0.648539778449144,1,GO_POSITIVE_REGULATION_OF_GENE_EXPRESSION,False,False
MSigDB 5.2 all collections,5.2,73,1159,GO_POSITIVE_REGULATION_OF_BIOSYNTHETIC_PROCESS,GO:0009891,C5,BP,msigdb_v5.2_files_to_download_locally/msigdb_v5.2_GMTs/c5.bp.v5.2.entrez.gmt,1031,638,0.8505154639175257,776,255,383,0.708675799086758,0.5487977369165488,1,GO_POSITIVE_REGULATION_OF_BIOSYNTHETIC_PROCESS,False,False
MSigDB 5.2 all collections,5.2,74,773,GO_POSITIVE_REGULATION_OF_BIOSYNTHETIC_PROCESS,GO:0009891,C5,BP,msigdb_v5.2_files_to_download_locally/msigdb_v5.2_GMTs/c5.bp.v5.2.entrez.gmt,1031,360,0.915651358950328,722,309,51,0.8004434589800443,0.66728280961183,1,GO_POSITIVE_REGULATION_OF_BIOSYNTHETIC_PROCESS,False,False
MSigDB 5.2 all collections,5.2,75,808,GO_PROTEIN_LOCALIZATION,GO:0008104,C5,BP,msigdb_v5.2_files_to_download_locally/msigdb_v5.2_GMTs/c5.bp.v5.2.entrez.gmt,727,557,0.869493908153702,489,238,319,0.6371335504885993,0.46749521988527726,1,GO_PROTEIN_LOCALIZATION,False,False
MSigDB 5.2 all collections,5.2,76,1225,GO_PROTEIN_COMPLEX_SUBUNIT_ORGANIZATION,GO:0071822,C5,BP,msigdb_v5.2_files_to_download_locally/msigdb_v5.2_GMTs/c5.bp.v5.2.entrez.gmt,651,980,0.7703842549203375,448,203,777,0.47761194029850745,0.3137254901960784,1,GO_PROTEIN_COMPLEX_SUBUNIT_ORGANIZATION,False,False
MSigDB 5.2 all collections,5.2,77,547,GO_NUCLEIC_ACID_PHOSPHODIESTER_BOND_HYDROLYSIS,GO:0090305,C5,BP,msigdb_v5.2_files_to_download_locally/msigdb_v5.2_GMTs/c5.bp.v5.2.entrez.gmt,88,481,0.8873008434864105,77,11,470,0.24251968503937008,0.13799283154121864,1,GO_NUCLEIC_ACID_PHOSPHODIESTER_BOND_HYDROLYSIS,False,False
MSigDB 5.2 all collections,5.2,78,1054,GO_POSITIVE_REGULATION_OF_BIOSYNTHETIC_PROCESS,GO:0009891,C5,BP,msigdb_v5.2_files_to_download_locally/msigdb_v5.2_GMTs/c5.bp.v5.2.entrez.gmt,1031,555,0.8699625117150891,765,266,289,0.7338129496402878,0.5795454545454546,1,GO_POSITIVE_REGULATION_OF_BIOSYNTHETIC_PROCESS,False,False
MSigDB 5.2 all collections,5.2,79,900,GO_REGULATION_OF_TRANSCRIPTION_FROM_RNA_POLYMERASE_II_PROMOTER,GO:0006357,C5,BP,msigdb_v5.2_files_to_download_locally/msigdb_v5.2_GMTs/c5.bp.v5.2.entrez.gmt,876,482,0.887066541705717,647,229,253,0.7286036036036037,0.5730735163861824,1,GO_REGULATION_OF_TRANSCRIPTION_FROM_RNA_POLYMERASE_II_PROMOTER,False,False
MSigDB 5.2 all collections,5.2,80,758,GO_PEPTIDYL_AMINO_ACID_MODIFICATION,GO:0018193,C5,BP,msigdb_v5.2_files_to_download_locally/msigdb_v5.2_GMTs/c5.bp.v5.2.entrez.gmt,457,597,0.8601218369259607,309,148,449,0.508641975308642,0.34105960264900664,1,GO_PEPTIDYL_AMINO_ACID_MODIFICATION,False,False
MSigDB 5.2 all collections,5.2,81,2035,GO_RNA_BINDING,,C5,,msigdb_v5.2_files_to_download_locally/msigdb_v5.2_GMTs/c5.all.v5.2.entrez.gmt,465,1652,0.612933458294283,424,41,1611,0.3392,0.20423892100192678,1,GO_RNA_BINDING,False,False
MSigDB 5.2 all collections,5.2,82,1103,GO_POSITIVE_REGULATION_OF_BIOSYNTHETIC_PROCESS,GO:0009891,C5,BP,msigdb_v5.2_files_to_download_locally/msigdb_v5.2_GMTs/c5.bp.v5.2.entrez.gmt,1031,624,0.8537956888472352,755,276,348,0.7075913776944704,0.5474981870920957,1,GO_POSITIVE_REGULATION_OF_BIOSYNTHETIC_PROCESS,False,False
MSigDB 5.2 all collections,5.2,83,785,GO_ENZYME_LINKED_RECEPTOR_PROTEIN_SIGNALING_PATHWAY,GO:0007167,C5,BP,msigdb_v5.2_files_to_download_locally/msigdb_v5.2_GMTs/c5.bp.v5.2.entrez.gmt,402,715,0.8324742268041238,236,166,549,0.3976411120471778,0.24815983175604628,1,GO_ENZYME_LINKED_RECEPTOR_PROTEIN_SIGNALING_PATHWAY,False,True
MSigDB 5.2 all collections,5.2,84,582,GO_PROTEIN_KINASE_ACTIVITY,,C5,,msigdb_v5.2_files_to_download_locally/msigdb_v5.2_GMTs/c5.all.v5.2.entrez.gmt,328,428,0.8997188378631678,241,87,341,0.5296703296703297,0.3602391629297459,1,GO_PROTEIN_KINASE_ACTIVITY,False,False
MSigDB 5.2 all collections,5.2,85,2406,GO_PROTEIN_LOCALIZATION,GO:0008104,C5,BP,msigdb_v5.2_files_to_download_locally/msigdb_v5.2_GMTs/c5.bp.v5.2.entrez.gmt,727,2003,0.5306935332708529,565,162,1841,0.36067666773060963,0.22001557632398755,1,GO_PROTEIN_LOCALIZATION,False,False
MSigDB 5.2 all collections,5.2,86,339,GO_POLY_A_RNA_BINDING,,C5,,msigdb_v5.2_files_to_download_locally/msigdb_v5.2_GMTs/c5.all.v5.2.entrez.gmt,349,10,0.9976569821930646,339,10,0,0.9854651162790697,0.9713467048710601,1,GO_POLY_A_RNA_BINDING,False,False
MSigDB 5.2 all collections,5.2,87,1132,GO_POSITIVE_REGULATION_OF_GENE_EXPRESSION,GO:0010628,C5,BP,msigdb_v5.2_files_to_download_locally/msigdb_v5.2_GMTs/c5.bp.v5.2.entrez.gmt,984,584,0.8631677600749765,766,218,366,0.724007561436673,0.5674074074074074,1,GO_POSITIVE_REGULATION_OF_GENE_EXPRESSION,False,False
MSigDB 5.2 all collections,5.2,88,1108,GO_POSITIVE_REGULATION_OF_GENE_EXPRESSION,GO:0010628,C5,BP,msigdb_v5.2_files_to_download_locally/msigdb_v5.2_GMTs/c5.bp.v5.2.entrez.gmt,984,536,0.8744142455482662,778,206,330,0.7437858508604207,0.5920852359208524,1,GO_POSITIVE_REGULATION_OF_GENE_EXPRESSION,False,False
MSigDB 5.2 all collections,5.2,89,766,GO_NEGATIVE_REGULATION_OF_NITROGEN_COMPOUND_METABOLIC_PROCESS,GO:0051172,C5,BP,msigdb_v5.2_files_to_download_locally/msigdb_v5.2_GMTs/c5.bp.v5.2.entrez.gmt,795,445,0.8957357075913777,558,237,208,0.7149263292761051,0.5563310069790628,1,GO_NEGATIVE_REGULATION_OF_NITROGEN_COMPOUND_METABOLIC_PROCESS,False,False
MSigDB 5.2 all collections,5.2,90,702,GO_POSITIVE_REGULATION_OF_RESPONSE_TO_STIMULUS,GO:0048584,C5,BP,msigdb_v5.2_files_to_download_locally/msigdb_v5.2_GMTs/c5.bp.v5.2.entrez.gmt,1112,418,0.9020618556701031,698,414,4,0.7695700110253583,0.6254480286738351,1,GO_POSITIVE_REGULATION_OF_RESPONSE_TO_STIMULUS,False,False
MSigDB 5.2 all collections,5.2,91,913,GO_PROTEOLYSIS,GO:0006508,C5,BP,msigdb_v5.2_files_to_download_locally/msigdb_v5.2_GMTs/c5.bp.v5.2.entrez.gmt,461,700,0.8359887535145267,337,124,576,0.49053857350800584,0.32497589199614274,1,GO_PROTEOLYSIS,False,False
MSigDB 5.2 all collections,5.2,92,1174,GO_PEPTIDYL_AMINO_ACID_MODIFICATION,GO:0018193,C5,BP,msigdb_v5.2_files_to_download_locally/msigdb_v5.2_GMTs/c5.bp.v5.2.entrez.gmt,457,971,0.7724929709465792,330,127,844,0.404659717964439,0.2536510376633359,1,GO_PEPTIDYL_AMINO_ACID_MODIFICATION,False,False
MSigDB 5.2 all collections,5.2,93,725,GO_POSITIVE_REGULATION_OF_GENE_EXPRESSION,GO:0010628,C5,BP,msigdb_v5.2_files_to_download_locally/msigdb_v5.2_GMTs/c5.bp.v5.2.entrez.gmt,984,265,0.9379100281162137,722,262,3,0.844938560561732,0.7315096251266464,1,GO_POSITIVE_REGULATION_OF_GENE_EXPRESSION,False,False
MSigDB 5.2 all collections,5.2,94,864,GO_ANATOMICAL_STRUCTURE_FORMATION_INVOLVED_IN_MORPHOGENESIS,GO:0048646,C5,BP,msigdb_v5.2_files_to_download_locally/msigdb_v5.2_GMTs/c5.bp.v5.2.entrez.gmt,525,727,0.8296626054358013,331,194,533,0.476601871850252,0.31285444234404536,1,GO_ANATOMICAL_STRUCTURE_FORMATION_INVOLVED_IN_MORPHOGENESIS,False,False
MSigDB 5.2 all collections,5.2,95,1149,GO_ADENYL_NUCLEOTIDE_BINDING,,C5,,msigdb_v5.2_files_to_download_locally/msigdb_v5.2_GMTs/c5.all.v5.2.entrez.gmt,602,967,0.7734301780693533,392,210,757,0.4477441462021702,0.2884473877851361,1,GO_ADENYL_NUCLEOTIDE_BINDING,False,False
MSigDB 5.2 all collections,5.2,96,658,GO_CELLULAR_RESPONSE_TO_STRESS,GO:0033554,C5,BP,msigdb_v5.2_files_to_download_locally/msigdb_v5.2_GMTs/c5.bp.v5.2.entrez.gmt,809,533,0.8751171508903468,467,342,191,0.6366734832992502,0.467,1,GO_CELLULAR_RESPONSE_TO_STRESS,False,False
MSigDB 5.2 all collections,5.2,97,1577,GO_CELLULAR_CATABOLIC_PROCESS,GO:0044248,C5,BP,msigdb_v5.2_files_to_download_locally/msigdb_v5.2_GMTs/c5.bp.v5.2.entrez.gmt,503,1266,0.7033739456419869,407,96,1170,0.39134615384615384,0.24327555289898387,1,GO_CELLULAR_CATABOLIC_PROCESS,False,False
MSigDB 5.2 all collections,5.2,98,1741,GO_POSITIVE_REGULATION_OF_BIOSYNTHETIC_PROCESS,GO:0009891,C5,BP,msigdb_v5.2_files_to_download_locally/msigdb_v5.2_GMTs/c5.bp.v5.2.entrez.gmt,1031,1014,0.7624179943767573,879,152,862,0.6341991341991342,0.4643423137876387,1,GO_POSITIVE_REGULATION_OF_BIOSYNTHETIC_PROCESS,False,False
MSigDB 5.2 all collections,5.2,99,1042,GO_INTRACELLULAR_VESICLE,,C5,,msigdb_v5.2_files_to_download_locally/msigdb_v5.2_GMTs/c5.all.v5.2.entrez.gmt,505,955,0.7762417994376758,296,209,746,0.3826761473820297,0.23661071143085532,1,GO_INTRACELLULAR_VESICLE,False,False
MSigDB 5.2 all collections,5.2,100,1893,GO_NEGATIVE_REGULATION_OF_NITROGEN_COMPOUND_METABOLIC_PROCESS,GO:0051172,C5,BP,msigdb_v5.2_files_to_download_locally/msigdb_v5.2_GMTs/c5.bp.v5.2.entrez.gmt,795,1690,0.6040299906279287,499,296,1394,0.3712797619047619,0.22795797167656465,1,GO_NEGATIVE_REGULATION_OF_NITROGEN_COMPOUND_METABOLIC_PROCESS,False,False
MSigDB 5.2 all collections,5.2,101,977,GO_POSITIVE_REGULATION_OF_CELL_COMMUNICATION,GO:0010647,C5,BP,msigdb_v5.2_files_to_download_locally/msigdb_v5.2_GMTs/c5.bp.v5.2.entrez.gmt,910,615,0.8559044048734771,636,274,341,0.6740858505564388,0.5083932853717026,1,GO_POSITIVE_REGULATION_OF_CELL_COMMUNICATION,False,False
MSigDB 5.2 all collections,5.2,102,726,GO_MEMBRANE_PROTEIN_COMPLEX,,C5,,msigdb_v5.2_files_to_download_locally/msigdb_v5.2_GMTs/c5.all.v5.2.entrez.gmt,384,564,0.8678537956888472,273,111,453,0.4918918918918919,0.32616487455197135,1,GO_MEMBRANE_PROTEIN_COMPLEX,False,False
MSigDB 5.2 all collections,5.2,103,1207,GO_POSITIVE_REGULATION_OF_BIOSYNTHETIC_PROCESS,GO:0009891,C5,BP,msigdb_v5.2_files_to_download_locally/msigdb_v5.2_GMTs/c5.bp.v5.2.entrez.gmt,1031,584,0.8631677600749765,827,204,380,0.7390527256478999,0.5861091424521616,1,GO_POSITIVE_REGULATION_OF_BIOSYNTHETIC_PROCESS,False,False
MSigDB 5.2 all collections,5.2,104,774,GO_POSITIVE_REGULATION_OF_BIOSYNTHETIC_PROCESS,GO:0009891,C5,BP,msigdb_v5.2_files_to_download_locally/msigdb_v5.2_GMTs/c5.bp.v5.2.entrez.gmt,1031,265,0.9379100281162137,770,261,4,0.853185595567867,0.7439613526570048,1,GO_POSITIVE_REGULATION_OF_BIOSYNTHETIC_PROCESS,False,False
MSigDB 5.2 all collections,5.2,105,1170,GO_CELLULAR_RESPONSE_TO_STRESS,GO:0033554,C5,BP,msigdb_v5.2_files_to_download_locally/msigdb_v5.2_GMTs/c5.bp.v5.2.entrez.gmt,809,915,0.785613870665417,532,277,638,0.5376452753916119,0.3676572218382861,1,GO_CELLULAR_RESPONSE_TO_STRESS,False,False
MSigDB 5.2 all collections,5.2,106,1153,GO_PROTEIN_COMPLEX_BINDING,,C5,,msigdb_v5.2_files_to_download_locally/msigdb_v5.2_GMTs/c5.all.v5.2.entrez.gmt,477,1062,0.7511715089034676,284,193,869,0.34846625766871164,0.21099554234769688,1,GO_PROTEIN_COMPLEX_BINDING,False,False
MSigDB 5.2 all collections,5.2,107,695,GO_COVALENT_CHROMATIN_MODIFICATION,GO:0016569,C5,BP,msigdb_v5.2_files_to_download_locally/msigdb_v5.2_GMTs/c5.bp.v5.2.entrez.gmt,217,572,0.865979381443299,170,47,525,0.37280701754385964,0.22911051212938005,1,GO_COVALENT_CHROMATIN_MODIFICATION,False,False
MSigDB 5.2 all collections,5.2,108,1697,GO_CHROMOSOME,,C5,,msigdb_v5.2_files_to_download_locally/msigdb_v5.2_GMTs/c5.all.v5.2.entrez.gmt,414,1373,0.6783036551077788,369,45,1328,0.34959734722880154,0.21182548794489092,1,GO_CHROMOSOME,False,False
MSigDB 5.2 all collections,5.2,109,1389,GO_VACUOLE,,C5,,msigdb_v5.2_files_to_download_locally/msigdb_v5.2_GMTs/c5.all.v5.2.entrez.gmt,453,1178,0.7239925023430178,332,121,1057,0.36047774158523344,0.21986754966887417,2,GO_VACUOLE|GO_GOLGI_APPARATUS,False,False
MSigDB 5.2 all collections,5.2,110,1149,GO_NUCLEOPLASM_PART,,C5,,msigdb_v5.2_files_to_download_locally/msigdb_v5.2_GMTs/c5.all.v5.2.entrez.gmt,358,881,0.7935801312089972,313,45,836,0.41539482415394824,0.26214405360134,1,GO_NUCLEOPLASM_PART,False,False
MSigDB 5.2 all collections,5.2,111,761,GO_POSITIVE_REGULATION_OF_BIOSYNTHETIC_PROCESS,GO:0009891,C5,BP,msigdb_v5.2_files_to_download_locally/msigdb_v5.2_GMTs/c5.bp.v5.2.entrez.gmt,1031,278,0.9348641049671977,757,274,4,0.8448660714285714,0.7314009661835749,1,GO_POSITIVE_REGULATION_OF_BIOSYNTHETIC_PROCESS,False,False
MSigDB 5.2 all collections,5.2,112,1108,GO_POSITIVE_REGULATION_OF_BIOSYNTHETIC_PROCESS,GO:0009891,C5,BP,msigdb_v5.2_files_to_download_locally/msigdb_v5.2_GMTs/c5.bp.v5.2.entrez.gmt,1031,525,0.876991565135895,807,224,301,0.7545582047685835,0.6058558558558559,1,GO_POSITIVE_REGULATION_OF_BIOSYNTHETIC_PROCESS,False,False
MSigDB 5.2 all collections,5.2,113,1155,GO_POSITIVE_REGULATION_OF_BIOSYNTHETIC_PROCESS,GO:0009891,C5,BP,msigdb_v5.2_files_to_download_locally/msigdb_v5.2_GMTs/c5.bp.v5.2.entrez.gmt,1031,556,0.8697282099343955,815,216,340,0.7456541628545288,0.5944566010211525,1,GO_POSITIVE_REGULATION_OF_BIOSYNTHETIC_PROCESS,False,False
MSigDB 5.2 all collections,5.2,114,777,GO_NEGATIVE_REGULATION_OF_NITROGEN_COMPOUND_METABOLIC_PROCESS,GO:0051172,C5,BP,msigdb_v5.2_files_to_download_locally/msigdb_v5.2_GMTs/c5.bp.v5.2.entrez.gmt,795,436,0.8978444236176195,568,227,209,0.72264631043257,0.5657370517928287,1,GO_NEGATIVE_REGULATION_OF_NITROGEN_COMPOUND_METABOLIC_PROCESS,False,False
MSigDB 5.2 all collections,5.2,115,1663,GO_POSITIVE_REGULATION_OF_BIOSYNTHETIC_PROCESS,GO:0009891,C5,BP,msigdb_v5.2_files_to_download_locally/msigdb_v5.2_GMTs/c5.bp.v5.2.entrez.gmt,1031,968,0.7731958762886598,863,168,800,0.6406829992576095,0.4713271436373566,1,GO_POSITIVE_REGULATION_OF_BIOSYNTHETIC_PROCESS,False,False
MSigDB 5.2 all collections,5.2,116,3612,GO_POSITIVE_REGULATION_OF_RESPONSE_TO_STIMULUS,GO:0048584,C5,BP,msigdb_v5.2_files_to_download_locally/msigdb_v5.2_GMTs/c5.bp.v5.2.entrez.gmt,1112,2816,0.3402061855670103,954,158,2658,0.4038950042337002,0.2530503978779841,1,GO_POSITIVE_REGULATION_OF_RESPONSE_TO_STIMULUS,False,False
MSigDB 5.2 all collections,5.2,117,2929,GO_ENZYME_BINDING,,C5,,msigdb_v5.2_files_to_download_locally/msigdb_v5.2_GMTs/c5.all.v5.2.entrez.gmt,917,2318,0.45688847235238983,764,153,2165,0.39729589183567343,0.24789097988319272,1,GO_ENZYME_BINDING,False,False
MSigDB 5.2 all collections,5.2,118,3252,GO_ENZYME_BINDING,,C5,,msigdb_v5.2_files_to_download_locally/msigdb_v5.2_GMTs/c5.all.v5.2.entrez.gmt,917,2541,0.40463917525773196,814,103,2438,0.39050131926121373,0.24262295081967214,1,GO_ENZYME_BINDING,False,False
MSigDB 5.2 all collections,5.2,119,2101,GO_CELL_CYCLE,GO:0007049,C5,BP,msigdb_v5.2_files_to_download_locally/msigdb_v5.2_GMTs/c5.bp.v5.2.entrez.gmt,620,1815,0.5747422680412371,453,167,1648,0.33296582138919517,0.19973544973544974,1,GO_CELL_CYCLE,False,False
MSigDB 5.2 all collections,5.2,120,959,GO_REGULATION_OF_TRANSCRIPTION_FROM_RNA_POLYMERASE_II_PROMOTER,GO:0006357,C5,BP,msigdb_v5.2_files_to_download_locally/msigdb_v5.2_GMTs/c5.bp.v5.2.entrez.gmt,876,537,0.8741799437675726,649,227,310,0.7073569482288828,0.5472175379426644,1,GO_REGULATION_OF_TRANSCRIPTION_FROM_RNA_POLYMERASE_II_PROMOTER,False,False
MSigDB 5.2 C5 BP,5.2,0,2647,GO_POSITIVE_REGULATION_OF_RESPONSE_TO_STIMULUS,GO:0048584,C5,BP,msigdb_v5.2_files_to_download_locally/msigdb_v5.2_GMTs/c5.bp.v5.2.entrez.gmt,1112,1781,0.5827085285848173,989,123,1658,0.5262037776004257,0.35703971119133576,1,GO_POSITIVE_REGULATION_OF_RESPONSE_TO_STIMULUS,False,False
MSigDB 5.2 C5 BP,5.2,1,943,GO_PROTEIN_ACTIVATION_CASCADE,GO:0072376,C5,BP,msigdb_v5.2_files_to_download_locally/msigdb_v5.2_GMTs/c5.bp.v5.2.entrez.gmt,34,919,0.784676663542643,29,5,914,0.0593654042988741,0.03059071729957806,1,GO_PROTEIN_ACTIVATION_CASCADE,False,False
MSigDB 5.2 C5 BP,5.2,2,820,GO_SMALL_MOLECULE_METABOLIC_PROCESS,GO:0044281,C5,BP,msigdb_v5.2_files_to_download_locally/msigdb_v5.2_GMTs/c5.bp.v5.2.entrez.gmt,534,672,0.8425492033739457,341,193,479,0.5036927621861153,0.3366238894373149,1,GO_SMALL_MOLECULE_METABOLIC_PROCESS,False,False
MSigDB 5.2 C5 BP,5.2,3,935,GO_MRNA_METABOLIC_PROCESS,GO:0016071,C5,BP,msigdb_v5.2_files_to_download_locally/msigdb_v5.2_GMTs/c5.bp.v5.2.entrez.gmt,202,839,0.8034208059981256,149,53,786,0.2620932277924362,0.1508097165991903,1,GO_MRNA_METABOLIC_PROCESS,False,False
MSigDB 5.2 C5 BP,5.2,4,542,GO_NUCLEIC_ACID_PHOSPHODIESTER_BOND_HYDROLYSIS,GO:0090305,C5,BP,msigdb_v5.2_files_to_download_locally/msigdb_v5.2_GMTs/c5.bp.v5.2.entrez.gmt,88,478,0.8880037488284911,76,12,466,0.24126984126984127,0.1371841155234657,1,GO_NUCLEIC_ACID_PHOSPHODIESTER_BOND_HYDROLYSIS,False,False
MSigDB 5.2 C5 BP,5.2,5,749,GO_MRNA_METABOLIC_PROCESS,GO:0016071,C5,BP,msigdb_v5.2_files_to_download_locally/msigdb_v5.2_GMTs/c5.bp.v5.2.entrez.gmt,202,655,0.8465323336457358,148,54,601,0.31125131440588855,0.1843088418430884,1,GO_MRNA_METABOLIC_PROCESS,False,False
MSigDB 5.2 C5 BP,5.2,6,961,GO_MRNA_METABOLIC_PROCESS,GO:0016071,C5,BP,msigdb_v5.2_files_to_download_locally/msigdb_v5.2_GMTs/c5.bp.v5.2.entrez.gmt,202,865,0.7973289597000937,149,53,812,0.25623387790197766,0.14694280078895464,1,GO_MRNA_METABOLIC_PROCESS,False,False
MSigDB 5.2 C5 BP,5.2,7,1307,GO_POSTTRANSCRIPTIONAL_REGULATION_OF_GENE_EXPRESSION,GO:0010608,C5,BP,msigdb_v5.2_files_to_download_locally/msigdb_v5.2_GMTs/c5.bp.v5.2.entrez.gmt,209,1276,0.7010309278350515,120,89,1187,0.158311345646438,0.08595988538681948,1,GO_POSTTRANSCRIPTIONAL_REGULATION_OF_GENE_EXPRESSION,False,False
MSigDB 5.2 C5 BP,5.2,8,556,GO_COVALENT_CHROMATIN_MODIFICATION,GO:0016569,C5,BP,msigdb_v5.2_files_to_download_locally/msigdb_v5.2_GMTs/c5.bp.v5.2.entrez.gmt,217,433,0.8985473289597001,170,47,386,0.4398447606727037,0.28192371475953565,1,GO_COVALENT_CHROMATIN_MODIFICATION,False,False
MSigDB 5.2 C5 BP,5.2,9,1284,GO_MACROMOLECULE_CATABOLIC_PROCESS,GO:0009057,C5,BP,msigdb_v5.2_files_to_download_locally/msigdb_v5.2_GMTs/c5.bp.v5.2.entrez.gmt,389,1051,0.7537488284910965,311,78,973,0.3717872086072923,0.22834067547723935,1,GO_MACROMOLECULE_CATABOLIC_PROCESS,False,False
MSigDB 5.2 C5 BP,5.2,10,757,GO_PEPTIDYL_AMINO_ACID_MODIFICATION,GO:0018193,C5,BP,msigdb_v5.2_files_to_download_locally/msigdb_v5.2_GMTs/c5.bp.v5.2.entrez.gmt,457,596,0.8603561387066542,309,148,448,0.5090609555189456,0.3414364640883978,1,GO_PEPTIDYL_AMINO_ACID_MODIFICATION,False,False
MSigDB 5.2 C5 BP,5.2,11,890,GO_REGULATION_OF_INTRACELLULAR_SIGNAL_TRANSDUCTION,GO:1902531,C5,BP,msigdb_v5.2_files_to_download_locally/msigdb_v5.2_GMTs/c5.bp.v5.2.entrez.gmt,951,583,0.8634020618556701,629,322,261,0.6833242802824552,0.518976897689769,1,GO_REGULATION_OF_INTRACELLULAR_SIGNAL_TRANSDUCTION,False,False
MSigDB 5.2 C5 BP,5.2,12,2905,GO_POSITIVE_REGULATION_OF_BIOSYNTHETIC_PROCESS,GO:0009891,C5,BP,msigdb_v5.2_files_to_download_locally/msigdb_v5.2_GMTs/c5.bp.v5.2.entrez.gmt,1031,2318,0.45688847235238983,809,222,2096,0.4110772357723577,0.2587144227694276,1,GO_POSITIVE_REGULATION_OF_BIOSYNTHETIC_PROCESS,False,False
MSigDB 5.2 C5 BP,5.2,13,845,GO_POSITIVE_REGULATION_OF_MULTICELLULAR_ORGANISMAL_PROCESS,GO:0051240,C5,BP,msigdb_v5.2_files_to_download_locally/msigdb_v5.2_GMTs/c5.bp.v5.2.entrez.gmt,843,562,0.8683223992502342,563,280,282,0.6670616113744076,0.5004444444444445,1,GO_POSITIVE_REGULATION_OF_MULTICELLULAR_ORGANISMAL_PROCESS,False,False
MSigDB 5.2 C5 BP,5.2,14,748,GO_POSITIVE_REGULATION_OF_BIOSYNTHETIC_PROCESS,GO:0009891,C5,BP,msigdb_v5.2_files_to_download_locally/msigdb_v5.2_GMTs/c5.bp.v5.2.entrez.gmt,1031,381,0.9107310215557638,699,332,49,0.7858347386172007,0.6472222222222223,1,GO_POSITIVE_REGULATION_OF_BIOSYNTHETIC_PROCESS,False,False
MSigDB 5.2 C5 BP,5.2,15,1450,GO_NEGATIVE_REGULATION_OF_NITROGEN_COMPOUND_METABOLIC_PROCESS,GO:0051172,C5,BP,msigdb_v5.2_files_to_download_locally/msigdb_v5.2_GMTs/c5.bp.v5.2.entrez.gmt,795,959,0.7753045923149016,643,152,807,0.5728285077951002,0.4013732833957553,1,GO_NEGATIVE_REGULATION_OF_NITROGEN_COMPOUND_METABOLIC_PROCESS,False,False
MSigDB 5.2 C5 BP,5.2,16,395,GO_MRNA_METABOLIC_PROCESS,GO:0016071,C5,BP,msigdb_v5.2_files_to_download_locally/msigdb_v5.2_GMTs/c5.bp.v5.2.entrez.gmt,202,317,0.9257263355201499,140,62,255,0.46901172529313234,0.3063457330415755,1,GO_MRNA_METABOLIC_PROCESS,False,False
MSigDB 5.2 C5 BP,5.2,17,610,GO_VACUOLAR_TRANSPORT,GO:0007034,C5,BP,msigdb_v5.2_files_to_download_locally/msigdb_v5.2_GMTs/c5.bp.v5.2.entrez.gmt,107,533,0.8751171508903468,92,15,518,0.25662482566248257,0.1472,1,GO_VACUOLAR_TRANSPORT,False,False
MSigDB 5.2 C5 BP,5.2,18,1117,GO_EXTRACELLULAR_STRUCTURE_ORGANIZATION,GO:0043062,C5,BP,msigdb_v5.2_files_to_download_locally/msigdb_v5.2_GMTs/c5.bp.v5.2.entrez.gmt,173,1070,0.7492970946579194,110,63,1007,0.17054263565891473,0.09322033898305085,1,GO_EXTRACELLULAR_STRUCTURE_ORGANIZATION,False,False
MSigDB 5.2 C5 BP,5.2,19,1657,GO_CATABOLIC_PROCESS,GO:0009056,C5,BP,msigdb_v5.2_files_to_download_locally/msigdb_v5.2_GMTs/c5.bp.v5.2.entrez.gmt,640,1293,0.6970477975632614,502,138,1155,0.4370918589464519,0.2796657381615599,1,GO_CATABOLIC_PROCESS,False,False
MSigDB 5.2 C5 BP,5.2,20,692,GO_SPLICEOSOMAL_COMPLEX_ASSEMBLY,GO:0000245,C5,BP,msigdb_v5.2_files_to_download_locally/msigdb_v5.2_GMTs/c5.bp.v5.2.entrez.gmt,24,676,0.8416119962511714,20,4,672,0.055865921787709494,0.028735632183908046,1,GO_SPLICEOSOMAL_COMPLEX_ASSEMBLY,False,False
MSigDB 5.2 C5 BP,5.2,21,2534,GO_POSITIVE_REGULATION_OF_BIOSYNTHETIC_PROCESS,GO:0009891,C5,BP,msigdb_v5.2_files_to_download_locally/msigdb_v5.2_GMTs/c5.bp.v5.2.entrez.gmt,1031,1713,0.5986410496719775,926,105,1608,0.5194950911640954,0.3508904888215233,1,GO_POSITIVE_REGULATION_OF_BIOSYNTHETIC_PROCESS,False,False
MSigDB 5.2 C5 BP,5.2,22,893,GO_REGULATION_OF_TRANSCRIPTION_FROM_RNA_POLYMERASE_II_PROMOTER,GO:0006357,C5,BP,msigdb_v5.2_files_to_download_locally/msigdb_v5.2_GMTs/c5.bp.v5.2.entrez.gmt,876,479,0.8877694470477976,645,231,248,0.7292255511588468,0.5738434163701067,1,GO_REGULATION_OF_TRANSCRIPTION_FROM_RNA_POLYMERASE_II_PROMOTER,False,False
MSigDB 5.2 C5 BP,5.2,23,1227,GO_PROTEIN_COMPLEX_SUBUNIT_ORGANIZATION,GO:0071822,C5,BP,msigdb_v5.2_files_to_download_locally/msigdb_v5.2_GMTs/c5.bp.v5.2.entrez.gmt,651,982,0.7699156513589503,448,203,779,0.47710330138445156,0.3132867132867133,1,GO_PROTEIN_COMPLEX_SUBUNIT_ORGANIZATION,False,False
MSigDB 5.2 C5 BP,5.2,24,597,GO_MICROTUBULE_ORGANIZING_CENTER_ORGANIZATION,GO:0031023,C5,BP,msigdb_v5.2_files_to_download_locally/msigdb_v5.2_GMTs/c5.bp.v5.2.entrez.gmt,44,561,0.8685567010309279,40,4,557,0.12480499219968799,0.06655574043261231,1,GO_MICROTUBULE_ORGANIZING_CENTER_ORGANIZATION,True,False
MSigDB 5.2 C5 BP,5.2,25,2437,GO_PROTEIN_LOCALIZATION,GO:0008104,C5,BP,msigdb_v5.2_files_to_download_locally/msigdb_v5.2_GMTs/c5.bp.v5.2.entrez.gmt,727,2098,0.5084348641049672,533,194,1904,0.33691529709228824,0.2025845686050931,1,GO_PROTEIN_LOCALIZATION,False,False
MSigDB 5.2 C5 BP,5.2,26,2603,GO_PROTEIN_LOCALIZATION,GO:0008104,C5,BP,msigdb_v5.2_files_to_download_locally/msigdb_v5.2_GMTs/c5.bp.v5.2.entrez.gmt,727,2198,0.48500468603561386,566,161,2037,0.33993993993993993,0.20477568740955138,1,GO_PROTEIN_LOCALIZATION,False,False
MSigDB 5.2 C5 BP,5.2,27,1208,GO_CHROMOSOME_ORGANIZATION,GO:0051276,C5,BP,msigdb_v5.2_files_to_download_locally/msigdb_v5.2_GMTs/c5.bp.v5.2.entrez.gmt,476,1074,0.7483598875351453,305,171,903,0.36223277909738716,0.22117476432197244,1,GO_CHROMOSOME_ORGANIZATION,False,False
MSigDB 5.2 C5 BP,5.2,28,2816,GO_CELLULAR_RESPONSE_TO_STRESS,GO:0033554,C5,BP,msigdb_v5.2_files_to_download_locally/msigdb_v5.2_GMTs/c5.bp.v5.2.entrez.gmt,809,2185,0.48805060918462984,720,89,2096,0.3972413793103448,0.24784853700516352,1,GO_CELLULAR_RESPONSE_TO_STRESS,False,False
MSigDB 5.2 C5 BP,5.2,29,721,GO_POSITIVE_REGULATION_OF_BIOSYNTHETIC_PROCESS,GO:0009891,C5,BP,msigdb_v5.2_files_to_download_locally/msigdb_v5.2_GMTs/c5.bp.v5.2.entrez.gmt,1031,318,0.9254920337394564,717,314,4,0.8184931506849316,0.6927536231884058,1,GO_POSITIVE_REGULATION_OF_BIOSYNTHETIC_PROCESS,False,False
MSigDB 5.2 C5 BP,5.2,30,2793,GO_POSITIVE_REGULATION_OF_RESPONSE_TO_STIMULUS,GO:0048584,C5,BP,msigdb_v5.2_files_to_download_locally/msigdb_v5.2_GMTs/c5.bp.v5.2.entrez.gmt,1112,1913,0.5517806935332709,996,116,1797,0.5101152368758003,0.34238569955311104,1,GO_POSITIVE_REGULATION_OF_RESPONSE_TO_STIMULUS,False,False
MSigDB 5.2 C5 BP,5.2,31,613,GO_VACUOLAR_TRANSPORT,GO:0007034,C5,BP,msigdb_v5.2_files_to_download_locally/msigdb_v5.2_GMTs/c5.bp.v5.2.entrez.gmt,107,540,0.8734770384254921,90,17,523,0.25,0.14285714285714285,1,GO_VACUOLAR_TRANSPORT,False,False
MSigDB 5.2 C5 BP,5.2,32,3696,GO_POSITIVE_REGULATION_OF_RESPONSE_TO_STIMULUS,GO:0048584,C5,BP,msigdb_v5.2_files_to_download_locally/msigdb_v5.2_GMTs/c5.bp.v5.2.entrez.gmt,1112,2724,0.3617619493908154,1042,70,2654,0.4334442595673877,0.2766861391396707,1,GO_POSITIVE_REGULATION_OF_RESPONSE_TO_STIMULUS,False,False
MSigDB 5.2 C5 BP,5.2,33,657,GO_CELLULAR_RESPONSE_TO_OXYGEN_CONTAINING_COMPOUND,GO:1901701,C5,BP,msigdb_v5.2_files_to_download_locally/msigdb_v5.2_GMTs/c5.bp.v5.2.entrez.gmt,485,568,0.8669165885660731,287,198,370,0.5026269702276708,0.33567251461988307,1,GO_CELLULAR_RESPONSE_TO_OXYGEN_CONTAINING_COMPOUND,False,False
MSigDB 5.2 C5 BP,5.2,34,819,GO_REGULATION_OF_PROTEIN_MODIFICATION_PROCESS,GO:0031399,C5,BP,msigdb_v5.2_files_to_download_locally/msigdb_v5.2_GMTs/c5.bp.v5.2.entrez.gmt,951,482,0.887066541705717,644,307,175,0.727683615819209,0.5719360568383659,1,GO_REGULATION_OF_PROTEIN_MODIFICATION_PROCESS,False,False
MSigDB 5.2 C5 BP,5.2,35,1253,GO_CHROMOSOME_ORGANIZATION,GO:0051276,C5,BP,msigdb_v5.2_files_to_download_locally/msigdb_v5.2_GMTs/c5.bp.v5.2.entrez.gmt,476,1091,0.7443767572633553,319,157,934,0.3689994216310006,0.22624113475177304,1,GO_CHROMOSOME_ORGANIZATION,False,False
MSigDB 5.2 C5 BP,5.2,36,746,GO_POSITIVE_REGULATION_OF_CELLULAR_COMPONENT_ORGANIZATION,GO:0051130,C5,BP,msigdb_v5.2_files_to_download_locally/msigdb_v5.2_GMTs/c5.bp.v5.2.entrez.gmt,636,438,0.8973758200562324,472,164,274,0.683068017366136,0.5186813186813187,1,GO_POSITIVE_REGULATION_OF_CELLULAR_COMPONENT_ORGANIZATION,False,False
MSigDB 5.2 C5 BP,5.2,37,819,GO_NEGATIVE_REGULATION_OF_NITROGEN_COMPOUND_METABOLIC_PROCESS,GO:0051172,C5,BP,msigdb_v5.2_files_to_download_locally/msigdb_v5.2_GMTs/c5.bp.v5.2.entrez.gmt,795,464,0.8912839737582006,575,220,244,0.7125154894671624,0.5534167468719923,1,GO_NEGATIVE_REGULATION_OF_NITROGEN_COMPOUND_METABOLIC_PROCESS,False,False
MSigDB 5.2 C5 BP,5.2,38,1626,GO_POSITIVE_REGULATION_OF_BIOSYNTHETIC_PROCESS,GO:0009891,C5,BP,msigdb_v5.2_files_to_download_locally/msigdb_v5.2_GMTs/c5.bp.v5.2.entrez.gmt,1031,949,0.7776476101218369,854,177,772,0.6428302596913813,0.473655019412091,1,GO_POSITIVE_REGULATION_OF_BIOSYNTHETIC_PROCESS,False,False
MSigDB 5.2 C5 BP,5.2,39,742,GO_PEPTIDYL_AMINO_ACID_MODIFICATION,GO:0018193,C5,BP,msigdb_v5.2_files_to_download_locally/msigdb_v5.2_GMTs/c5.bp.v5.2.entrez.gmt,457,581,0.8638706654170571,309,148,433,0.5154295246038365,0.3471910112359551,1,GO_PEPTIDYL_AMINO_ACID_MODIFICATION,False,False
MSigDB 5.2 C5 BP,5.2,40,599,GO_NUCLEIC_ACID_PHOSPHODIESTER_BOND_HYDROLYSIS,GO:0090305,C5,BP,msigdb_v5.2_files_to_download_locally/msigdb_v5.2_GMTs/c5.bp.v5.2.entrez.gmt,88,533,0.8751171508903468,77,11,522,0.22416302765647744,0.12622950819672132,1,GO_NUCLEIC_ACID_PHOSPHODIESTER_BOND_HYDROLYSIS,False,False
MSigDB 5.2 C5 BP,5.2,41,900,GO_ANATOMICAL_STRUCTURE_FORMATION_INVOLVED_IN_MORPHOGENESIS,GO:0048646,C5,BP,msigdb_v5.2_files_to_download_locally/msigdb_v5.2_GMTs/c5.bp.v5.2.entrez.gmt,525,759,0.8221649484536082,333,192,567,0.4673684210526316,0.30494505494505497,1,GO_ANATOMICAL_STRUCTURE_FORMATION_INVOLVED_IN_MORPHOGENESIS,False,False
MSigDB 5.2 C5 BP,5.2,42,794,GO_POSITIVE_REGULATION_OF_MOLECULAR_FUNCTION,GO:0044093,C5,BP,msigdb_v5.2_files_to_download_locally/msigdb_v5.2_GMTs/c5.bp.v5.2.entrez.gmt,950,610,0.8570759137769447,567,383,227,0.6502293577981652,0.4817332200509771,1,GO_POSITIVE_REGULATION_OF_MOLECULAR_FUNCTION,False,False
MSigDB 5.2 C5 BP,5.2,43,880,GO_REGULATION_OF_HOMEOSTATIC_PROCESS,GO:0032844,C5,BP,msigdb_v5.2_files_to_download_locally/msigdb_v5.2_GMTs/c5.bp.v5.2.entrez.gmt,275,721,0.8310684161199625,217,58,663,0.37575757575757573,0.23134328358208955,1,GO_REGULATION_OF_HOMEOSTATIC_PROCESS,False,False
MSigDB 5.2 C5 BP,5.2,44,550,GO_CELL_COMMUNICATION_INVOLVED_IN_CARDIAC_CONDUCTION,GO:0086065,C5,BP,msigdb_v5.2_files_to_download_locally/msigdb_v5.2_GMTs/c5.bp.v5.2.entrez.gmt,18,542,0.873008434864105,13,5,537,0.045774647887323945,0.023423423423423424,2,GO_CELL_COMMUNICATION_INVOLVED_IN_CARDIAC_CONDUCTION|GO_BEHAVIORAL_RESPONSE_TO_COCAINE,False,False
MSigDB 5.2 C5 BP,5.2,45,1124,GO_POSITIVE_REGULATION_OF_BIOSYNTHETIC_PROCESS,GO:0009891,C5,BP,msigdb_v5.2_files_to_download_locally/msigdb_v5.2_GMTs/c5.bp.v5.2.entrez.gmt,1031,521,0.8779287722586692,817,214,307,0.7582366589327146,0.6106128550074739,1,GO_POSITIVE_REGULATION_OF_BIOSYNTHETIC_PROCESS,False,False
MSigDB 5.2 C5 BP,5.2,46,1486,GO_CELLULAR_CATABOLIC_PROCESS,GO:0044248,C5,BP,msigdb_v5.2_files_to_download_locally/msigdb_v5.2_GMTs/c5.bp.v5.2.entrez.gmt,503,1205,0.7176663542642925,392,111,1094,0.3941679235796883,0.24546023794614902,1,GO_CELLULAR_CATABOLIC_PROCESS,False,False
MSigDB 5.2 C5 BP,5.2,47,1522,GO_CELLULAR_CATABOLIC_PROCESS,GO:0044248,C5,BP,msigdb_v5.2_files_to_download_locally/msigdb_v5.2_GMTs/c5.bp.v5.2.entrez.gmt,503,1217,0.71485473289597,404,99,1118,0.39901234567901234,0.24922887106724245,1,GO_CELLULAR_CATABOLIC_PROCESS,False,False
MSigDB 5.2 C5 BP,5.2,48,948,GO_PROTEIN_ACTIVATION_CASCADE,GO:0072376,C5,BP,msigdb_v5.2_files_to_download_locally/msigdb_v5.2_GMTs/c5.bp.v5.2.entrez.gmt,34,924,0.7835051546391752,29,5,919,0.059063136456211814,0.030430220356768102,2,GO_PROTEIN_ACTIVATION_CASCADE|GO_PLATELET_DEGRANULATION,False,False
MSigDB 5.2 C5 BP,5.2,49,882,GO_REGULATION_OF_PROTEIN_MODIFICATION_PROCESS,GO:0031399,C5,BP,msigdb_v5.2_files_to_download_locally/msigdb_v5.2_GMTs/c5.bp.v5.2.entrez.gmt,951,515,0.8793345829428304,659,292,223,0.7190398254228041,0.561328790459966,1,GO_REGULATION_OF_PROTEIN_MODIFICATION_PROCESS,False,False
MSigDB 5.2 C5 BP,5.2,50,1378,GO_NEGATIVE_REGULATION_OF_NITROGEN_COMPOUND_METABOLIC_PROCESS,GO:0051172,C5,BP,msigdb_v5.2_files_to_download_locally/msigdb_v5.2_GMTs/c5.bp.v5.2.entrez.gmt,795,899,0.7893626991565136,637,158,741,0.5862862402208928,0.4147135416666667,1,GO_NEGATIVE_REGULATION_OF_NITROGEN_COMPOUND_METABOLIC_PROCESS,False,False
MSigDB 5.2 C5 BP,5.2,51,1164,GO_POSITIVE_REGULATION_OF_RESPONSE_TO_STIMULUS,GO:0048584,C5,BP,msigdb_v5.2_files_to_download_locally/msigdb_v5.2_GMTs/c5.bp.v5.2.entrez.gmt,1112,714,0.8327085285848173,781,331,383,0.6862917398945518,0.5224080267558529,1,GO_POSITIVE_REGULATION_OF_RESPONSE_TO_STIMULUS,False,False
MSigDB 5.2 C5 BP,5.2,52,1731,GO_POSITIVE_REGULATION_OF_BIOSYNTHETIC_PROCESS,GO:0009891,C5,BP,msigdb_v5.2_files_to_download_locally/msigdb_v5.2_GMTs/c5.bp.v5.2.entrez.gmt,1031,1036,0.7572633552014996,863,168,868,0.6249094858797972,0.454449710373881,1,GO_POSITIVE_REGULATION_OF_BIOSYNTHETIC_PROCESS,False,False
MSigDB 5.2 C5 BP,5.2,53,1635,GO_POSITIVE_REGULATION_OF_GENE_EXPRESSION,GO:0010628,C5,BP,msigdb_v5.2_files_to_download_locally/msigdb_v5.2_GMTs/c5.bp.v5.2.entrez.gmt,984,983,0.7696813495782568,818,166,817,0.6246659030164184,0.45419211549139366,1,GO_POSITIVE_REGULATION_OF_GENE_EXPRESSION,False,False
MSigDB 5.2 C5 BP,5.2,54,957,GO_POSITIVE_REGULATION_OF_CELL_COMMUNICATION,GO:0010647,C5,BP,msigdb_v5.2_files_to_download_locally/msigdb_v5.2_GMTs/c5.bp.v5.2.entrez.gmt,910,625,0.8535613870665417,621,289,336,0.6652383502945902,0.4983948635634029,1,GO_POSITIVE_REGULATION_OF_CELL_COMMUNICATION,False,False
MSigDB 5.2 C5 BP,5.2,55,1017,GO_POSITIVE_REGULATION_OF_BIOSYNTHETIC_PROCESS,GO:0009891,C5,BP,msigdb_v5.2_files_to_download_locally/msigdb_v5.2_GMTs/c5.bp.v5.2.entrez.gmt,1031,570,0.866447985004686,739,292,278,0.7216796875,0.5645530939648586,1,GO_POSITIVE_REGULATION_OF_BIOSYNTHETIC_PROCESS,False,False
MSigDB 5.2 C5 BP,5.2,56,698,GO_REGULATION_OF_MULTICELLULAR_ORGANISMAL_DEVELOPMENT,GO:2000026,C5,BP,msigdb_v5.2_files_to_download_locally/msigdb_v5.2_GMTs/c5.bp.v5.2.entrez.gmt,936,482,0.887066541705717,576,360,122,0.7050183598531212,0.5444234404536862,1,GO_REGULATION_OF_MULTICELLULAR_ORGANISMAL_DEVELOPMENT,False,False
MSigDB 5.2 C5 BP,5.2,57,624,GO_REGULATION_OF_PROTEIN_MODIFICATION_PROCESS,GO:0031399,C5,BP,msigdb_v5.2_files_to_download_locally/msigdb_v5.2_GMTs/c5.bp.v5.2.entrez.gmt,951,341,0.9201030927835052,617,334,7,0.7834920634920635,0.6440501043841336,1,GO_REGULATION_OF_PROTEIN_MODIFICATION_PROCESS,False,False
MSigDB 5.2 C5 BP,5.2,58,604,GO_CHROMATIN_MODIFICATION,GO:0016568,C5,BP,msigdb_v5.2_files_to_download_locally/msigdb_v5.2_GMTs/c5.bp.v5.2.entrez.gmt,299,469,0.8901124648547329,217,82,387,0.4806201550387597,0.3163265306122449,1,GO_CHROMATIN_MODIFICATION,True,False
MSigDB 5.2 C5 BP,5.2,59,892,GO_REGULATION_OF_TRANSCRIPTION_FROM_RNA_POLYMERASE_II_PROMOTER,GO:0006357,C5,BP,msigdb_v5.2_files_to_download_locally/msigdb_v5.2_GMTs/c5.bp.v5.2.entrez.gmt,876,478,0.8880037488284911,645,231,247,0.7296380090497737,0.5743544078361532,1,GO_REGULATION_OF_TRANSCRIPTION_FROM_RNA_POLYMERASE_II_PROMOTER,False,False
MSigDB 5.2 C5 BP,5.2,60,1829,GO_POSITIVE_REGULATION_OF_BIOSYNTHETIC_PROCESS,GO:0009891,C5,BP,msigdb_v5.2_files_to_download_locally/msigdb_v5.2_GMTs/c5.bp.v5.2.entrez.gmt,1031,1108,0.7403936269915652,876,155,953,0.6125874125874126,0.4415322580645161,1,GO_POSITIVE_REGULATION_OF_BIOSYNTHETIC_PROCESS,False,False
MSigDB 5.2 C5 BP,5.2,61,668,GO_ESTABLISHMENT_OF_PROTEIN_LOCALIZATION,GO:0045184,C5,BP,msigdb_v5.2_files_to_download_locally/msigdb_v5.2_GMTs/c5.bp.v5.2.entrez.gmt,524,534,0.8748828491096532,329,195,339,0.552013422818792,0.38122827346465815,1,GO_ESTABLISHMENT_OF_PROTEIN_LOCALIZATION,False,False
MSigDB 5.2 C5 BP,5.2,62,796,GO_REGULATION_OF_CELLULAR_LOCALIZATION,GO:0060341,C5,BP,msigdb_v5.2_files_to_download_locally/msigdb_v5.2_GMTs/c5.bp.v5.2.entrez.gmt,667,545,0.8723055295220243,459,208,337,0.6274777853725222,0.45717131474103584,1,GO_REGULATION_OF_CELLULAR_LOCALIZATION,False,False
MSigDB 5.2 C5 BP,5.2,63,742,GO_PEPTIDYL_AMINO_ACID_MODIFICATION,GO:0018193,C5,BP,msigdb_v5.2_files_to_download_locally/msigdb_v5.2_GMTs/c5.bp.v5.2.entrez.gmt,457,581,0.8638706654170571,309,148,433,0.5154295246038365,0.3471910112359551,1,GO_PEPTIDYL_AMINO_ACID_MODIFICATION,False,False
MSigDB 5.2 C5 BP,5.2,64,762,GO_CELLULAR_RESPONSE_TO_STRESS,GO:0033554,C5,BP,msigdb_v5.2_files_to_download_locally/msigdb_v5.2_GMTs/c5.bp.v5.2.entrez.gmt,809,605,0.8582474226804124,483,326,279,0.6148949713558243,0.44393382352941174,1,GO_CELLULAR_RESPONSE_TO_STRESS,False,False
MSigDB 5.2 C5 BP,5.2,65,536,GO_VACUOLAR_TRANSPORT,GO:0007034,C5,BP,msigdb_v5.2_files_to_download_locally/msigdb_v5.2_GMTs/c5.bp.v5.2.entrez.gmt,107,467,0.89058106841612,88,19,448,0.2737169517884914,0.15855855855855855,1,GO_VACUOLAR_TRANSPORT,False,False
MSigDB 5.2 C5 BP,5.2,66,2043,GO_MOVEMENT_OF_CELL_OR_SUBCELLULAR_COMPONENT,GO:0006928,C5,BP,msigdb_v5.2_files_to_download_locally/msigdb_v5.2_GMTs/c5.bp.v5.2.entrez.gmt,669,1750,0.5899718837863168,481,188,1562,0.3547197640117994,0.2155983863738234,1,GO_MOVEMENT_OF_CELL_OR_SUBCELLULAR_COMPONENT,False,False
MSigDB 5.2 C5 BP,5.2,67,1291,GO_MEMBRANE_ORGANIZATION,GO:0061024,C5,BP,msigdb_v5.2_files_to_download_locally/msigdb_v5.2_GMTs/c5.bp.v5.2.entrez.gmt,359,1216,0.7150890346766635,217,142,1074,0.263030303030303,0.15143056524773202,1,GO_MEMBRANE_ORGANIZATION,False,False
MSigDB 5.2 C5 BP,5.2,68,1737,GO_CHROMOSOME_ORGANIZATION,GO:0051276,C5,BP,msigdb_v5.2_files_to_download_locally/msigdb_v5.2_GMTs/c5.bp.v5.2.entrez.gmt,476,1431,0.6647141518275539,391,85,1346,0.35336647085404427,0.2145993413830955,1,GO_CHROMOSOME_ORGANIZATION,False,False
MSigDB 5.2 C5 BP,5.2,69,1080,GO_CHROMOSOME_ORGANIZATION,GO:0051276,C5,BP,msigdb_v5.2_files_to_download_locally/msigdb_v5.2_GMTs/c5.bp.v5.2.entrez.gmt,476,998,0.7661668228678538,279,197,801,0.35861182519280205,0.21848081440877057,1,GO_CHROMOSOME_ORGANIZATION,False,False
MSigDB 5.2 C5 BP,5.2,70,948,GO_PROTEIN_ACTIVATION_CASCADE,GO:0072376,C5,BP,msigdb_v5.2_files_to_download_locally/msigdb_v5.2_GMTs/c5.bp.v5.2.entrez.gmt,34,924,0.7835051546391752,29,5,919,0.059063136456211814,0.030430220356768102,2,GO_PROTEIN_ACTIVATION_CASCADE|GO_PLATELET_DEGRANULATION,False,False
MSigDB 5.2 C5 BP,5.2,71,597,GO_MICROTUBULE_ORGANIZING_CENTER_ORGANIZATION,GO:0031023,C5,BP,msigdb_v5.2_files_to_download_locally/msigdb_v5.2_GMTs/c5.bp.v5.2.entrez.gmt,44,561,0.8685567010309279,40,4,557,0.12480499219968799,0.06655574043261231,1,GO_MICROTUBULE_ORGANIZING_CENTER_ORGANIZATION,True,False
MSigDB 5.2 C5 BP,5.2,72,653,GO_POSITIVE_REGULATION_OF_GENE_EXPRESSION,GO:0010628,C5,BP,msigdb_v5.2_files_to_download_locally/msigdb_v5.2_GMTs/c5.bp.v5.2.entrez.gmt,984,349,0.9182286785379569,644,340,9,0.786805131337813,0.648539778449144,1,GO_POSITIVE_REGULATION_OF_GENE_EXPRESSION,False,False
MSigDB 5.2 C5 BP,5.2,73,1159,GO_POSITIVE_REGULATION_OF_BIOSYNTHETIC_PROCESS,GO:0009891,C5,BP,msigdb_v5.2_files_to_download_locally/msigdb_v5.2_GMTs/c5.bp.v5.2.entrez.gmt,1031,638,0.8505154639175257,776,255,383,0.708675799086758,0.5487977369165488,1,GO_POSITIVE_REGULATION_OF_BIOSYNTHETIC_PROCESS,False,False
MSigDB 5.2 C5 BP,5.2,74,773,GO_POSITIVE_REGULATION_OF_BIOSYNTHETIC_PROCESS,GO:0009891,C5,BP,msigdb_v5.2_files_to_download_locally/msigdb_v5.2_GMTs/c5.bp.v5.2.entrez.gmt,1031,360,0.915651358950328,722,309,51,0.8004434589800443,0.66728280961183,1,GO_POSITIVE_REGULATION_OF_BIOSYNTHETIC_PROCESS,False,False
MSigDB 5.2 C5 BP,5.2,75,808,GO_PROTEIN_LOCALIZATION,GO:0008104,C5,BP,msigdb_v5.2_files_to_download_locally/msigdb_v5.2_GMTs/c5.bp.v5.2.entrez.gmt,727,557,0.869493908153702,489,238,319,0.6371335504885993,0.46749521988527726,1,GO_PROTEIN_LOCALIZATION,False,False
MSigDB 5.2 C5 BP,5.2,76,1225,GO_PROTEIN_COMPLEX_SUBUNIT_ORGANIZATION,GO:0071822,C5,BP,msigdb_v5.2_files_to_download_locally/msigdb_v5.2_GMTs/c5.bp.v5.2.entrez.gmt,651,980,0.7703842549203375,448,203,777,0.47761194029850745,0.3137254901960784,1,GO_PROTEIN_COMPLEX_SUBUNIT_ORGANIZATION,False,False
MSigDB 5.2 C5 BP,5.2,77,547,GO_NUCLEIC_ACID_PHOSPHODIESTER_BOND_HYDROLYSIS,GO:0090305,C5,BP,msigdb_v5.2_files_to_download_locally/msigdb_v5.2_GMTs/c5.bp.v5.2.entrez.gmt,88,481,0.8873008434864105,77,11,470,0.24251968503937008,0.13799283154121864,1,GO_NUCLEIC_ACID_PHOSPHODIESTER_BOND_HYDROLYSIS,False,False
MSigDB 5.2 C5 BP,5.2,78,1054,GO_POSITIVE_REGULATION_OF_BIOSYNTHETIC_PROCESS,GO:0009891,C5,BP,msigdb_v5.2_files_to_download_locally/msigdb_v5.2_GMTs/c5.bp.v5.2.entrez.gmt,1031,555,0.8699625117150891,765,266,289,0.7338129496402878,0.5795454545454546,1,GO_POSITIVE_REGULATION_OF_BIOSYNTHETIC_PROCESS,False,False
MSigDB 5.2 C5 BP,5.2,79,900,GO_REGULATION_OF_TRANSCRIPTION_FROM_RNA_POLYMERASE_II_PROMOTER,GO:0006357,C5,BP,msigdb_v5.2_files_to_download_locally/msigdb_v5.2_GMTs/c5.bp.v5.2.entrez.gmt,876,482,0.887066541705717,647,229,253,0.7286036036036037,0.5730735163861824,1,GO_REGULATION_OF_TRANSCRIPTION_FROM_RNA_POLYMERASE_II_PROMOTER,False,False
MSigDB 5.2 C5 BP,5.2,80,758,GO_PEPTIDYL_AMINO_ACID_MODIFICATION,GO:0018193,C5,BP,msigdb_v5.2_files_to_download_locally/msigdb_v5.2_GMTs/c5.bp.v5.2.entrez.gmt,457,597,0.8601218369259607,309,148,449,0.508641975308642,0.34105960264900664,1,GO_PEPTIDYL_AMINO_ACID_MODIFICATION,False,False
MSigDB 5.2 C5 BP,5.2,81,2035,GO_POSITIVE_REGULATION_OF_GENE_EXPRESSION,GO:0010628,C5,BP,msigdb_v5.2_files_to_download_locally/msigdb_v5.2_GMTs/c5.bp.v5.2.entrez.gmt,984,1731,0.5944236176194939,644,340,1391,0.42663133487909904,0.2711578947368421,1,GO_POSITIVE_REGULATION_OF_GENE_EXPRESSION,False,False
MSigDB 5.2 C5 BP,5.2,82,1103,GO_POSITIVE_REGULATION_OF_BIOSYNTHETIC_PROCESS,GO:0009891,C5,BP,msigdb_v5.2_files_to_download_locally/msigdb_v5.2_GMTs/c5.bp.v5.2.entrez.gmt,1031,624,0.8537956888472352,755,276,348,0.7075913776944704,0.5474981870920957,1,GO_POSITIVE_REGULATION_OF_BIOSYNTHETIC_PROCESS,False,False
MSigDB 5.2 C5 BP,5.2,83,785,GO_ENZYME_LINKED_RECEPTOR_PROTEIN_SIGNALING_PATHWAY,GO:0007167,C5,BP,msigdb_v5.2_files_to_download_locally/msigdb_v5.2_GMTs/c5.bp.v5.2.entrez.gmt,402,715,0.8324742268041238,236,166,549,0.3976411120471778,0.24815983175604628,1,GO_ENZYME_LINKED_RECEPTOR_PROTEIN_SIGNALING_PATHWAY,False,True
MSigDB 5.2 C5 BP,5.2,84,582,GO_PROTEIN_AUTOPHOSPHORYLATION,GO:0046777,C5,BP,msigdb_v5.2_files_to_download_locally/msigdb_v5.2_GMTs/c5.bp.v5.2.entrez.gmt,137,471,0.8896438612933458,124,13,458,0.34492350486787204,0.20840336134453782,1,GO_PROTEIN_AUTOPHOSPHORYLATION,True,False
MSigDB 5.2 C5 BP,5.2,85,2406,GO_PROTEIN_LOCALIZATION,GO:0008104,C5,BP,msigdb_v5.2_files_to_download_locally/msigdb_v5.2_GMTs/c5.bp.v5.2.entrez.gmt,727,2003,0.5306935332708529,565,162,1841,0.36067666773060963,0.22001557632398755,1,GO_PROTEIN_LOCALIZATION,False,False
MSigDB 5.2 C5 BP,5.2,86,339,GO_MRNA_METABOLIC_PROCESS,GO:0016071,C5,BP,msigdb_v5.2_files_to_download_locally/msigdb_v5.2_GMTs/c5.bp.v5.2.entrez.gmt,202,285,0.933223992502343,128,74,211,0.4731977818853974,0.3099273607748184,1,GO_MRNA_METABOLIC_PROCESS,False,False
MSigDB 5.2 C5 BP,5.2,87,1132,GO_POSITIVE_REGULATION_OF_GENE_EXPRESSION,GO:0010628,C5,BP,msigdb_v5.2_files_to_download_locally/msigdb_v5.2_GMTs/c5.bp.v5.2.entrez.gmt,984,584,0.8631677600749765,766,218,366,0.724007561436673,0.5674074074074074,1,GO_POSITIVE_REGULATION_OF_GENE_EXPRESSION,False,False
MSigDB 5.2 C5 BP,5.2,88,1108,GO_POSITIVE_REGULATION_OF_GENE_EXPRESSION,GO:0010628,C5,BP,msigdb_v5.2_files_to_download_locally/msigdb_v5.2_GMTs/c5.bp.v5.2.entrez.gmt,984,536,0.8744142455482662,778,206,330,0.7437858508604207,0.5920852359208524,1,GO_POSITIVE_REGULATION_OF_GENE_EXPRESSION,False,False
MSigDB 5.2 C5 BP,5.2,89,766,GO_NEGATIVE_REGULATION_OF_NITROGEN_COMPOUND_METABOLIC_PROCESS,GO:0051172,C5,BP,msigdb_v5.2_files_to_download_locally/msigdb_v5.2_GMTs/c5.bp.v5.2.entrez.gmt,795,445,0.8957357075913777,558,237,208,0.7149263292761051,0.5563310069790628,1,GO_NEGATIVE_REGULATION_OF_NITROGEN_COMPOUND_METABOLIC_PROCESS,False,False
MSigDB 5.2 C5 BP,5.2,90,702,GO_POSITIVE_REGULATION_OF_RESPONSE_TO_STIMULUS,GO:0048584,C5,BP,msigdb_v5.2_files_to_download_locally/msigdb_v5.2_GMTs/c5.bp.v5.2.entrez.gmt,1112,418,0.9020618556701031,698,414,4,0.7695700110253583,0.6254480286738351,1,GO_POSITIVE_REGULATION_OF_RESPONSE_TO_STIMULUS,False,False
MSigDB 5.2 C5 BP,5.2,91,913,GO_PROTEOLYSIS,GO:0006508,C5,BP,msigdb_v5.2_files_to_download_locally/msigdb_v5.2_GMTs/c5.bp.v5.2.entrez.gmt,461,700,0.8359887535145267,337,124,576,0.49053857350800584,0.32497589199614274,1,GO_PROTEOLYSIS,False,False
MSigDB 5.2 C5 BP,5.2,92,1174,GO_PEPTIDYL_AMINO_ACID_MODIFICATION,GO:0018193,C5,BP,msigdb_v5.2_files_to_download_locally/msigdb_v5.2_GMTs/c5.bp.v5.2.entrez.gmt,457,971,0.7724929709465792,330,127,844,0.404659717964439,0.2536510376633359,1,GO_PEPTIDYL_AMINO_ACID_MODIFICATION,False,False
MSigDB 5.2 C5 BP,5.2,93,725,GO_POSITIVE_REGULATION_OF_GENE_EXPRESSION,GO:0010628,C5,BP,msigdb_v5.2_files_to_download_locally/msigdb_v5.2_GMTs/c5.bp.v5.2.entrez.gmt,984,265,0.9379100281162137,722,262,3,0.844938560561732,0.7315096251266464,1,GO_POSITIVE_REGULATION_OF_GENE_EXPRESSION,False,False
MSigDB 5.2 C5 BP,5.2,94,864,GO_ANATOMICAL_STRUCTURE_FORMATION_INVOLVED_IN_MORPHOGENESIS,GO:0048646,C5,BP,msigdb_v5.2_files_to_download_locally/msigdb_v5.2_GMTs/c5.bp.v5.2.entrez.gmt,525,727,0.8296626054358013,331,194,533,0.476601871850252,0.31285444234404536,1,GO_ANATOMICAL_STRUCTURE_FORMATION_INVOLVED_IN_MORPHOGENESIS,False,False
MSigDB 5.2 C5 BP,5.2,95,1149,GO_PROTEIN_AUTOPHOSPHORYLATION,GO:0046777,C5,BP,msigdb_v5.2_files_to_download_locally/msigdb_v5.2_GMTs/c5.bp.v5.2.entrez.gmt,137,1038,0.7567947516401125,124,13,1025,0.19284603421461896,0.10671256454388985,1,GO_PROTEIN_AUTOPHOSPHORYLATION,True,False
MSigDB 5.2 C5 BP,5.2,96,658,GO_CELLULAR_RESPONSE_TO_STRESS,GO:0033554,C5,BP,msigdb_v5.2_files_to_download_locally/msigdb_v5.2_GMTs/c5.bp.v5.2.entrez.gmt,809,533,0.8751171508903468,467,342,191,0.6366734832992502,0.467,1,GO_CELLULAR_RESPONSE_TO_STRESS,False,False
MSigDB 5.2 C5 BP,5.2,97,1577,GO_CELLULAR_CATABOLIC_PROCESS,GO:0044248,C5,BP,msigdb_v5.2_files_to_download_locally/msigdb_v5.2_GMTs/c5.bp.v5.2.entrez.gmt,503,1266,0.7033739456419869,407,96,1170,0.39134615384615384,0.24327555289898387,1,GO_CELLULAR_CATABOLIC_PROCESS,False,False
MSigDB 5.2 C5 BP,5.2,98,1741,GO_POSITIVE_REGULATION_OF_BIOSYNTHETIC_PROCESS,GO:0009891,C5,BP,msigdb_v5.2_files_to_download_locally/msigdb_v5.2_GMTs/c5.bp.v5.2.entrez.gmt,1031,1014,0.7624179943767573,879,152,862,0.6341991341991342,0.4643423137876387,1,GO_POSITIVE_REGULATION_OF_BIOSYNTHETIC_PROCESS,False,False
MSigDB 5.2 C5 BP,5.2,99,1042,GO_PLATELET_DEGRANULATION,GO:0002576,C5,BP,msigdb_v5.2_files_to_download_locally/msigdb_v5.2_GMTs/c5.bp.v5.2.entrez.gmt,64,1012,0.7628865979381443,47,17,995,0.08499095840867993,0.044381491973559964,1,GO_PLATELET_DEGRANULATION,False,True
MSigDB 5.2 C5 BP,5.2,100,1893,GO_NEGATIVE_REGULATION_OF_NITROGEN_COMPOUND_METABOLIC_PROCESS,GO:0051172,C5,BP,msigdb_v5.2_files_to_download_locally/msigdb_v5.2_GMTs/c5.bp.v5.2.entrez.gmt,795,1690,0.6040299906279287,499,296,1394,0.3712797619047619,0.22795797167656465,1,GO_NEGATIVE_REGULATION_OF_NITROGEN_COMPOUND_METABOLIC_PROCESS,False,False
MSigDB 5.2 C5 BP,5.2,101,977,GO_POSITIVE_REGULATION_OF_CELL_COMMUNICATION,GO:0010647,C5,BP,msigdb_v5.2_files_to_download_locally/msigdb_v5.2_GMTs/c5.bp.v5.2.entrez.gmt,910,615,0.8559044048734771,636,274,341,0.6740858505564388,0.5083932853717026,1,GO_POSITIVE_REGULATION_OF_CELL_COMMUNICATION,False,False
MSigDB 5.2 C5 BP,5.2,102,726,GO_INORGANIC_ION_TRANSMEMBRANE_TRANSPORT,GO:0098660,C5,BP,msigdb_v5.2_files_to_download_locally/msigdb_v5.2_GMTs/c5.bp.v5.2.entrez.gmt,169,695,0.8371602624179943,100,69,626,0.22346368715083798,0.12578616352201258,1,GO_INORGANIC_ION_TRANSMEMBRANE_TRANSPORT,False,False
MSigDB 5.2 C5 BP,5.2,103,1207,GO_POSITIVE_REGULATION_OF_BIOSYNTHETIC_PROCESS,GO:0009891,C5,BP,msigdb_v5.2_files_to_download_locally/msigdb_v5.2_GMTs/c5.bp.v5.2.entrez.gmt,1031,584,0.8631677600749765,827,204,380,0.7390527256478999,0.5861091424521616,1,GO_POSITIVE_REGULATION_OF_BIOSYNTHETIC_PROCESS,False,False
MSigDB 5.2 C5 BP,5.2,104,774,GO_POSITIVE_REGULATION_OF_BIOSYNTHETIC_PROCESS,GO:0009891,C5,BP,msigdb_v5.2_files_to_download_locally/msigdb_v5.2_GMTs/c5.bp.v5.2.entrez.gmt,1031,265,0.9379100281162137,770,261,4,0.853185595567867,0.7439613526570048,1,GO_POSITIVE_REGULATION_OF_BIOSYNTHETIC_PROCESS,False,False
MSigDB 5.2 C5 BP,5.2,105,1170,GO_CELLULAR_RESPONSE_TO_STRESS,GO:0033554,C5,BP,msigdb_v5.2_files_to_download_locally/msigdb_v5.2_GMTs/c5.bp.v5.2.entrez.gmt,809,915,0.785613870665417,532,277,638,0.5376452753916119,0.3676572218382861,1,GO_CELLULAR_RESPONSE_TO_STRESS,False,False
MSigDB 5.2 C5 BP,5.2,106,1153,GO_ACTIN_FILAMENT_BASED_PROCESS,GO:0030029,C5,BP,msigdb_v5.2_files_to_download_locally/msigdb_v5.2_GMTs/c5.bp.v5.2.entrez.gmt,227,1118,0.7380506091846297,131,96,1022,0.18985507246376812,0.10488390712570056,1,GO_ACTIN_FILAMENT_BASED_PROCESS,False,False
MSigDB 5.2 C5 BP,5.2,107,695,GO_COVALENT_CHROMATIN_MODIFICATION,GO:0016569,C5,BP,msigdb_v5.2_files_to_download_locally/msigdb_v5.2_GMTs/c5.bp.v5.2.entrez.gmt,217,572,0.865979381443299,170,47,525,0.37280701754385964,0.22911051212938005,1,GO_COVALENT_CHROMATIN_MODIFICATION,False,False
MSigDB 5.2 C5 BP,5.2,108,1697,GO_CHROMOSOME_ORGANIZATION,GO:0051276,C5,BP,msigdb_v5.2_files_to_download_locally/msigdb_v5.2_GMTs/c5.bp.v5.2.entrez.gmt,476,1391,0.6740862230552952,391,85,1306,0.3598711458812701,0.21941638608305275,1,GO_CHROMOSOME_ORGANIZATION,False,False
MSigDB 5.2 C5 BP,5.2,109,1389,GO_ESTABLISHMENT_OF_PROTEIN_LOCALIZATION,GO:0045184,C5,BP,msigdb_v5.2_files_to_download_locally/msigdb_v5.2_GMTs/c5.bp.v5.2.entrez.gmt,524,1265,0.7036082474226804,324,200,1065,0.3387349712493466,0.2039018250471995,1,GO_ESTABLISHMENT_OF_PROTEIN_LOCALIZATION,False,False
MSigDB 5.2 C5 BP,5.2,110,1149,GO_CHROMOSOME_ORGANIZATION,GO:0051276,C5,BP,msigdb_v5.2_files_to_download_locally/msigdb_v5.2_GMTs/c5.bp.v5.2.entrez.gmt,476,935,0.7809278350515464,345,131,804,0.4246153846153846,0.26953125,1,GO_CHROMOSOME_ORGANIZATION,False,False
MSigDB 5.2 C5 BP,5.2,111,761,GO_POSITIVE_REGULATION_OF_BIOSYNTHETIC_PROCESS,GO:0009891,C5,BP,msigdb_v5.2_files_to_download_locally/msigdb_v5.2_GMTs/c5.bp.v5.2.entrez.gmt,1031,278,0.9348641049671977,757,274,4,0.8448660714285714,0.7314009661835749,1,GO_POSITIVE_REGULATION_OF_BIOSYNTHETIC_PROCESS,False,False
MSigDB 5.2 C5 BP,5.2,112,1108,GO_POSITIVE_REGULATION_OF_BIOSYNTHETIC_PROCESS,GO:0009891,C5,BP,msigdb_v5.2_files_to_download_locally/msigdb_v5.2_GMTs/c5.bp.v5.2.entrez.gmt,1031,525,0.876991565135895,807,224,301,0.7545582047685835,0.6058558558558559,1,GO_POSITIVE_REGULATION_OF_BIOSYNTHETIC_PROCESS,False,False
MSigDB 5.2 C5 BP,5.2,113,1155,GO_POSITIVE_REGULATION_OF_BIOSYNTHETIC_PROCESS,GO:0009891,C5,BP,msigdb_v5.2_files_to_download_locally/msigdb_v5.2_GMTs/c5.bp.v5.2.entrez.gmt,1031,556,0.8697282099343955,815,216,340,0.7456541628545288,0.5944566010211525,1,GO_POSITIVE_REGULATION_OF_BIOSYNTHETIC_PROCESS,False,False
MSigDB 5.2 C5 BP,5.2,114,777,GO_NEGATIVE_REGULATION_OF_NITROGEN_COMPOUND_METABOLIC_PROCESS,GO:0051172,C5,BP,msigdb_v5.2_files_to_download_locally/msigdb_v5.2_GMTs/c5.bp.v5.2.entrez.gmt,795,436,0.8978444236176195,568,227,209,0.72264631043257,0.5657370517928287,1,GO_NEGATIVE_REGULATION_OF_NITROGEN_COMPOUND_METABOLIC_PROCESS,False,False
MSigDB 5.2 C5 BP,5.2,115,1663,GO_POSITIVE_REGULATION_OF_BIOSYNTHETIC_PROCESS,GO:0009891,C5,BP,msigdb_v5.2_files_to_download_locally/msigdb_v5.2_GMTs/c5.bp.v5.2.entrez.gmt,1031,968,0.7731958762886598,863,168,800,0.6406829992576095,0.4713271436373566,1,GO_POSITIVE_REGULATION_OF_BIOSYNTHETIC_PROCESS,False,False
MSigDB 5.2 C5 BP,5.2,116,3612,GO_POSITIVE_REGULATION_OF_RESPONSE_TO_STIMULUS,GO:0048584,C5,BP,msigdb_v5.2_files_to_download_locally/msigdb_v5.2_GMTs/c5.bp.v5.2.entrez.gmt,1112,2816,0.3402061855670103,954,158,2658,0.4038950042337002,0.2530503978779841,1,GO_POSITIVE_REGULATION_OF_RESPONSE_TO_STIMULUS,False,False
MSigDB 5.2 C5 BP,5.2,117,2929,GO_POSITIVE_REGULATION_OF_GENE_EXPRESSION,GO:0010628,C5,BP,msigdb_v5.2_files_to_download_locally/msigdb_v5.2_GMTs/c5.bp.v5.2.entrez.gmt,984,2381,0.4421274601686973,766,218,2163,0.39151546128290315,0.24340641881156658,1,GO_POSITIVE_REGULATION_OF_GENE_EXPRESSION,False,False
MSigDB 5.2 C5 BP,5.2,118,3252,GO_POSITIVE_REGULATION_OF_BIOSYNTHETIC_PROCESS,GO:0009891,C5,BP,msigdb_v5.2_files_to_download_locally/msigdb_v5.2_GMTs/c5.bp.v5.2.entrez.gmt,1031,2585,0.39432989690721654,849,182,2403,0.3964510856876021,0.24723354688410018,1,GO_POSITIVE_REGULATION_OF_BIOSYNTHETIC_PROCESS,False,False
MSigDB 5.2 C5 BP,5.2,119,2101,GO_CELL_CYCLE,GO:0007049,C5,BP,msigdb_v5.2_files_to_download_locally/msigdb_v5.2_GMTs/c5.bp.v5.2.entrez.gmt,620,1815,0.5747422680412371,453,167,1648,0.33296582138919517,0.19973544973544974,1,GO_CELL_CYCLE,False,False
MSigDB 5.2 C5 BP,5.2,120,959,GO_REGULATION_OF_TRANSCRIPTION_FROM_RNA_POLYMERASE_II_PROMOTER,GO:0006357,C5,BP,msigdb_v5.2_files_to_download_locally/msigdb_v5.2_GMTs/c5.bp.v5.2.entrez.gmt,876,537,0.8741799437675726,649,227,310,0.7073569482288828,0.5472175379426644,1,GO_REGULATION_OF_TRANSCRIPTION_FROM_RNA_POLYMERASE_II_PROMOTER,False,False
MSigDB 6.0 all collections,6.0,0,2647,GO_POSITIVE_REGULATION_OF_RESPONSE_TO_STIMULUS,GO:0048584,C5,BP,msigdb_v6.0_files_to_download_locally/msigdb_v6.0_GMTs/c5.bp.v6.0.entrez.gmt,1112,1781,0.5827085285848173,989,123,1658,0.5262037776004257,0.35703971119133576,1,GO_POSITIVE_REGULATION_OF_RESPONSE_TO_STIMULUS,False,False
MSigDB 6.0 all collections,6.0,1,943,ZHONG_SECRETOME_OF_LUNG_CANCER_AND_FIBROBLAST,,C2,,msigdb_v6.0_files_to_download_locally/msigdb_v6.0_GMTs/c2.all.v6.0.entrez.gmt,67,900,0.7891283973758201,55,12,888,0.10891089108910891,0.05759162303664921,1,ZHONG_SECRETOME_OF_LUNG_CANCER_AND_FIBROBLAST,False,False
MSigDB 6.0 all collections,6.0,2,820,GO_SMALL_MOLECULE_METABOLIC_PROCESS,GO:0044281,C5,BP,msigdb_v6.0_files_to_download_locally/msigdb_v6.0_GMTs/c5.bp.v6.0.entrez.gmt,534,672,0.8425492033739457,341,193,479,0.5036927621861153,0.3366238894373149,1,GO_SMALL_MOLECULE_METABOLIC_PROCESS,False,False
MSigDB 6.0 all collections,6.0,3,935,GO_RNA_BINDING,,C5,,msigdb_v6.0_files_to_download_locally/msigdb_v6.0_GMTs/c5.all.v6.0.entrez.gmt,465,574,0.8655107778819119,413,52,522,0.59,0.41843971631205673,1,GO_RNA_BINDING,False,False
MSigDB 6.0 all collections,6.0,4,542,GO_NUCLEIC_ACID_PHOSPHODIESTER_BOND_HYDROLYSIS,GO:0090305,C5,BP,msigdb_v6.0_files_to_download_locally/msigdb_v6.0_GMTs/c5.bp.v6.0.entrez.gmt,88,478,0.8880037488284911,76,12,466,0.24126984126984127,0.1371841155234657,1,GO_NUCLEIC_ACID_PHOSPHODIESTER_BOND_HYDROLYSIS,False,False
MSigDB 6.0 all collections,6.0,5,749,GO_RNA_BINDING,,C5,,msigdb_v6.0_files_to_download_locally/msigdb_v6.0_GMTs/c5.all.v6.0.entrez.gmt,465,394,0.9076850984067479,410,55,339,0.6754530477759473,0.5099502487562189,1,GO_RNA_BINDING,False,False
MSigDB 6.0 all collections,6.0,6,961,GO_RNA_BINDING,,C5,,msigdb_v6.0_files_to_download_locally/msigdb_v6.0_GMTs/c5.all.v6.0.entrez.gmt,465,600,0.85941893158388,413,52,548,0.5792426367461431,0.4076999012833169,1,GO_RNA_BINDING,False,False
MSigDB 6.0 all collections,6.0,7,1307,GO_KINASE_BINDING,,C5,,msigdb_v6.0_files_to_download_locally/msigdb_v6.0_GMTs/c5.all.v6.0.entrez.gmt,364,1267,0.7031396438612934,202,162,1105,0.24177139437462597,0.13750850918992513,1,GO_KINASE_BINDING,False,False
MSigDB 6.0 all collections,6.0,8,556,GO_COVALENT_CHROMATIN_MODIFICATION,GO:0016569,C5,BP,msigdb_v6.0_files_to_download_locally/msigdb_v6.0_GMTs/c5.bp.v6.0.entrez.gmt,217,433,0.8985473289597001,170,47,386,0.4398447606727037,0.28192371475953565,1,GO_COVALENT_CHROMATIN_MODIFICATION,False,False
MSigDB 6.0 all collections,6.0,9,1284,GO_MACROMOLECULE_CATABOLIC_PROCESS,GO:0009057,C5,BP,msigdb_v6.0_files_to_download_locally/msigdb_v6.0_GMTs/c5.bp.v6.0.entrez.gmt,389,1051,0.7537488284910965,311,78,973,0.3717872086072923,0.22834067547723935,1,GO_MACROMOLECULE_CATABOLIC_PROCESS,False,False
MSigDB 6.0 all collections,6.0,10,757,GO_PEPTIDYL_AMINO_ACID_MODIFICATION,GO:0018193,C5,BP,msigdb_v6.0_files_to_download_locally/msigdb_v6.0_GMTs/c5.bp.v6.0.entrez.gmt,457,596,0.8603561387066542,309,148,448,0.5090609555189456,0.3414364640883978,1,GO_PEPTIDYL_AMINO_ACID_MODIFICATION,False,False
MSigDB 6.0 all collections,6.0,11,890,GO_REGULATION_OF_INTRACELLULAR_SIGNAL_TRANSDUCTION,GO:1902531,C5,BP,msigdb_v6.0_files_to_download_locally/msigdb_v6.0_GMTs/c5.bp.v6.0.entrez.gmt,951,583,0.8634020618556701,629,322,261,0.6833242802824552,0.518976897689769,1,GO_REGULATION_OF_INTRACELLULAR_SIGNAL_TRANSDUCTION,False,False
MSigDB 6.0 all collections,6.0,12,2905,GO_ENZYME_BINDING,,C5,,msigdb_v6.0_files_to_download_locally/msigdb_v6.0_GMTs/c5.all.v6.0.entrez.gmt,917,2312,0.45829428303655106,755,162,2150,0.39508110936682367,0.2461688946853603,1,GO_ENZYME_BINDING,False,False
MSigDB 6.0 all collections,6.0,13,845,GO_POSITIVE_REGULATION_OF_MULTICELLULAR_ORGANISMAL_PROCESS,GO:0051240,C5,BP,msigdb_v6.0_files_to_download_locally/msigdb_v6.0_GMTs/c5.bp.v6.0.entrez.gmt,843,562,0.8683223992502342,563,280,282,0.6670616113744076,0.5004444444444445,1,GO_POSITIVE_REGULATION_OF_MULTICELLULAR_ORGANISMAL_PROCESS,False,False
MSigDB 6.0 all collections,6.0,14,748,GO_POSITIVE_REGULATION_OF_BIOSYNTHETIC_PROCESS,GO:0009891,C5,BP,msigdb_v6.0_files_to_download_locally/msigdb_v6.0_GMTs/c5.bp.v6.0.entrez.gmt,1031,381,0.9107310215557638,699,332,49,0.7858347386172007,0.6472222222222223,1,GO_POSITIVE_REGULATION_OF_BIOSYNTHETIC_PROCESS,False,False
MSigDB 6.0 all collections,6.0,15,1450,GO_NEGATIVE_REGULATION_OF_NITROGEN_COMPOUND_METABOLIC_PROCESS,GO:0051172,C5,BP,msigdb_v6.0_files_to_download_locally/msigdb_v6.0_GMTs/c5.bp.v6.0.entrez.gmt,795,959,0.7753045923149016,643,152,807,0.5728285077951002,0.4013732833957553,1,GO_NEGATIVE_REGULATION_OF_NITROGEN_COMPOUND_METABOLIC_PROCESS,False,False
MSigDB 6.0 all collections,6.0,16,395,GO_POLY_A_RNA_BINDING,,C5,,msigdb_v6.0_files_to_download_locally/msigdb_v6.0_GMTs/c5.all.v6.0.entrez.gmt,349,60,0.985941893158388,342,7,53,0.9193548387096774,0.8507462686567164,1,GO_POLY_A_RNA_BINDING,False,False
MSigDB 6.0 all collections,6.0,17,610,GO_VACUOLAR_TRANSPORT,GO:0007034,C5,BP,msigdb_v6.0_files_to_download_locally/msigdb_v6.0_GMTs/c5.bp.v6.0.entrez.gmt,107,533,0.8751171508903468,92,15,518,0.25662482566248257,0.1472,1,GO_VACUOLAR_TRANSPORT,False,False
MSigDB 6.0 all collections,6.0,18,1117,GO_EXTRACELLULAR_SPACE,,C5,,msigdb_v6.0_files_to_download_locally/msigdb_v6.0_GMTs/c5.all.v6.0.entrez.gmt,484,867,0.7968603561387066,367,117,750,0.4584634603372892,0.29740680713128037,1,GO_EXTRACELLULAR_SPACE,False,False
MSigDB 6.0 all collections,6.0,19,1657,GO_CATABOLIC_PROCESS,GO:0009056,C5,BP,msigdb_v6.0_files_to_download_locally/msigdb_v6.0_GMTs/c5.bp.v6.0.entrez.gmt,640,1293,0.6970477975632614,502,138,1155,0.4370918589464519,0.2796657381615599,1,GO_CATABOLIC_PROCESS,False,False
MSigDB 6.0 all collections,6.0,20,692,KEGG_SPLICEOSOME,,C2,,msigdb_v6.0_files_to_download_locally/msigdb_v6.0_GMTs/c2.all.v6.0.entrez.gmt,48,676,0.8416119962511714,32,16,660,0.08648648648648649,0.04519774011299435,2,KEGG_SPLICEOSOME|GO_SPLICEOSOMAL_COMPLEX_ASSEMBLY,False,False
MSigDB 6.0 all collections,6.0,21,2534,GO_POSITIVE_REGULATION_OF_BIOSYNTHETIC_PROCESS,GO:0009891,C5,BP,msigdb_v6.0_files_to_download_locally/msigdb_v6.0_GMTs/c5.bp.v6.0.entrez.gmt,1031,1713,0.5986410496719775,926,105,1608,0.5194950911640954,0.3508904888215233,1,GO_POSITIVE_REGULATION_OF_BIOSYNTHETIC_PROCESS,False,False
MSigDB 6.0 all collections,6.0,22,893,GO_REGULATION_OF_TRANSCRIPTION_FROM_RNA_POLYMERASE_II_PROMOTER,GO:0006357,C5,BP,msigdb_v6.0_files_to_download_locally/msigdb_v6.0_GMTs/c5.bp.v6.0.entrez.gmt,876,479,0.8877694470477976,645,231,248,0.7292255511588468,0.5738434163701067,1,GO_REGULATION_OF_TRANSCRIPTION_FROM_RNA_POLYMERASE_II_PROMOTER,False,False
MSigDB 6.0 all collections,6.0,23,1227,GO_PROTEIN_COMPLEX_SUBUNIT_ORGANIZATION,GO:0071822,C5,BP,msigdb_v6.0_files_to_download_locally/msigdb_v6.0_GMTs/c5.bp.v6.0.entrez.gmt,651,982,0.7699156513589503,448,203,779,0.47710330138445156,0.3132867132867133,1,GO_PROTEIN_COMPLEX_SUBUNIT_ORGANIZATION,False,False
MSigDB 6.0 all collections,6.0,24,597,GO_NUCLEOLUS,,C5,,msigdb_v6.0_files_to_download_locally/msigdb_v6.0_GMTs/c5.all.v6.0.entrez.gmt,271,434,0.8983130271790065,217,54,380,0.5,0.3333333333333333,1,GO_NUCLEOLUS,False,False
MSigDB 6.0 all collections,6.0,25,2437,GO_PROTEIN_LOCALIZATION,GO:0008104,C5,BP,msigdb_v6.0_files_to_download_locally/msigdb_v6.0_GMTs/c5.bp.v6.0.entrez.gmt,727,2098,0.5084348641049672,533,194,1904,0.33691529709228824,0.2025845686050931,1,GO_PROTEIN_LOCALIZATION,False,False
MSigDB 6.0 all collections,6.0,26,2603,GO_CYTOSKELETON,,C5,,msigdb_v6.0_files_to_download_locally/msigdb_v6.0_GMTs/c5.all.v6.0.entrez.gmt,658,2173,0.4908622305529522,544,114,2059,0.333639987733824,0.20022083179977918,1,GO_CYTOSKELETON,False,False
MSigDB 6.0 all collections,6.0,27,1208,GO_CHROMOSOME,,C5,,msigdb_v6.0_files_to_download_locally/msigdb_v6.0_GMTs/c5.all.v6.0.entrez.gmt,414,1062,0.7511715089034676,280,134,928,0.34525277435265106,0.20864381520119224,1,GO_CHROMOSOME,False,False
MSigDB 6.0 all collections,6.0,28,2816,GO_CELLULAR_RESPONSE_TO_STRESS,GO:0033554,C5,BP,msigdb_v6.0_files_to_download_locally/msigdb_v6.0_GMTs/c5.bp.v6.0.entrez.gmt,809,2185,0.48805060918462984,720,89,2096,0.3972413793103448,0.24784853700516352,1,GO_CELLULAR_RESPONSE_TO_STRESS,False,False
MSigDB 6.0 all collections,6.0,29,721,GO_POSITIVE_REGULATION_OF_BIOSYNTHETIC_PROCESS,GO:0009891,C5,BP,msigdb_v6.0_files_to_download_locally/msigdb_v6.0_GMTs/c5.bp.v6.0.entrez.gmt,1031,318,0.9254920337394564,717,314,4,0.8184931506849316,0.6927536231884058,1,GO_POSITIVE_REGULATION_OF_BIOSYNTHETIC_PROCESS,False,False
MSigDB 6.0 all collections,6.0,30,2793,GO_POSITIVE_REGULATION_OF_RESPONSE_TO_STIMULUS,GO:0048584,C5,BP,msigdb_v6.0_files_to_download_locally/msigdb_v6.0_GMTs/c5.bp.v6.0.entrez.gmt,1112,1913,0.5517806935332709,996,116,1797,0.5101152368758003,0.34238569955311104,1,GO_POSITIVE_REGULATION_OF_RESPONSE_TO_STIMULUS,False,False
MSigDB 6.0 all collections,6.0,31,613,GO_VACUOLAR_TRANSPORT,GO:0007034,C5,BP,msigdb_v6.0_files_to_download_locally/msigdb_v6.0_GMTs/c5.bp.v6.0.entrez.gmt,107,540,0.8734770384254921,90,17,523,0.25,0.14285714285714285,1,GO_VACUOLAR_TRANSPORT,False,False
MSigDB 6.0 all collections,6.0,32,3696,GO_POSITIVE_REGULATION_OF_RESPONSE_TO_STIMULUS,GO:0048584,C5,BP,msigdb_v6.0_files_to_download_locally/msigdb_v6.0_GMTs/c5.bp.v6.0.entrez.gmt,1112,2724,0.3617619493908154,1042,70,2654,0.4334442595673877,0.2766861391396707,1,GO_POSITIVE_REGULATION_OF_RESPONSE_TO_STIMULUS,False,False
MSigDB 6.0 all collections,6.0,33,657,GO_CELLULAR_RESPONSE_TO_OXYGEN_CONTAINING_COMPOUND,GO:1901701,C5,BP,msigdb_v6.0_files_to_download_locally/msigdb_v6.0_GMTs/c5.bp.v6.0.entrez.gmt,485,568,0.8669165885660731,287,198,370,0.5026269702276708,0.33567251461988307,1,GO_CELLULAR_RESPONSE_TO_OXYGEN_CONTAINING_COMPOUND,False,False
MSigDB 6.0 all collections,6.0,34,819,GO_REGULATION_OF_PROTEIN_MODIFICATION_PROCESS,GO:0031399,C5,BP,msigdb_v6.0_files_to_download_locally/msigdb_v6.0_GMTs/c5.bp.v6.0.entrez.gmt,951,482,0.887066541705717,644,307,175,0.727683615819209,0.5719360568383659,1,GO_REGULATION_OF_PROTEIN_MODIFICATION_PROCESS,False,False
MSigDB 6.0 all collections,6.0,35,1253,GO_CATALYTIC_COMPLEX,,C5,,msigdb_v6.0_files_to_download_locally/msigdb_v6.0_GMTs/c5.all.v6.0.entrez.gmt,479,988,0.7685098406747891,372,107,881,0.4295612009237875,0.2735294117647059,1,GO_CATALYTIC_COMPLEX,False,False
MSigDB 6.0 all collections,6.0,36,746,GO_POSITIVE_REGULATION_OF_CELLULAR_COMPONENT_ORGANIZATION,GO:0051130,C5,BP,msigdb_v6.0_files_to_download_locally/msigdb_v6.0_GMTs/c5.bp.v6.0.entrez.gmt,636,438,0.8973758200562324,472,164,274,0.683068017366136,0.5186813186813187,1,GO_POSITIVE_REGULATION_OF_CELLULAR_COMPONENT_ORGANIZATION,False,False
MSigDB 6.0 all collections,6.0,37,819,GO_NEGATIVE_REGULATION_OF_NITROGEN_COMPOUND_METABOLIC_PROCESS,GO:0051172,C5,BP,msigdb_v6.0_files_to_download_locally/msigdb_v6.0_GMTs/c5.bp.v6.0.entrez.gmt,795,464,0.8912839737582006,575,220,244,0.7125154894671624,0.5534167468719923,1,GO_NEGATIVE_REGULATION_OF_NITROGEN_COMPOUND_METABOLIC_PROCESS,False,False
MSigDB 6.0 all collections,6.0,38,1626,GO_POSITIVE_REGULATION_OF_BIOSYNTHETIC_PROCESS,GO:0009891,C5,BP,msigdb_v6.0_files_to_download_locally/msigdb_v6.0_GMTs/c5.bp.v6.0.entrez.gmt,1031,949,0.7776476101218369,854,177,772,0.6428302596913813,0.473655019412091,1,GO_POSITIVE_REGULATION_OF_BIOSYNTHETIC_PROCESS,False,False
MSigDB 6.0 all collections,6.0,39,742,GO_PEPTIDYL_AMINO_ACID_MODIFICATION,GO:0018193,C5,BP,msigdb_v6.0_files_to_download_locally/msigdb_v6.0_GMTs/c5.bp.v6.0.entrez.gmt,457,581,0.8638706654170571,309,148,433,0.5154295246038365,0.3471910112359551,1,GO_PEPTIDYL_AMINO_ACID_MODIFICATION,False,False
MSigDB 6.0 all collections,6.0,40,599,GO_NUCLEIC_ACID_PHOSPHODIESTER_BOND_HYDROLYSIS,GO:0090305,C5,BP,msigdb_v6.0_files_to_download_locally/msigdb_v6.0_GMTs/c5.bp.v6.0.entrez.gmt,88,533,0.8751171508903468,77,11,522,0.22416302765647744,0.12622950819672132,1,GO_NUCLEIC_ACID_PHOSPHODIESTER_BOND_HYDROLYSIS,False,False
MSigDB 6.0 all collections,6.0,41,900,GO_ANATOMICAL_STRUCTURE_FORMATION_INVOLVED_IN_MORPHOGENESIS,GO:0048646,C5,BP,msigdb_v6.0_files_to_download_locally/msigdb_v6.0_GMTs/c5.bp.v6.0.entrez.gmt,525,759,0.8221649484536082,333,192,567,0.4673684210526316,0.30494505494505497,1,GO_ANATOMICAL_STRUCTURE_FORMATION_INVOLVED_IN_MORPHOGENESIS,False,False
MSigDB 6.0 all collections,6.0,42,794,GO_POSITIVE_REGULATION_OF_MOLECULAR_FUNCTION,GO:0044093,C5,BP,msigdb_v6.0_files_to_download_locally/msigdb_v6.0_GMTs/c5.bp.v6.0.entrez.gmt,950,610,0.8570759137769447,567,383,227,0.6502293577981652,0.4817332200509771,1,GO_POSITIVE_REGULATION_OF_MOLECULAR_FUNCTION,False,False
MSigDB 6.0 all collections,6.0,43,880,GO_REGULATION_OF_HOMEOSTATIC_PROCESS,GO:0032844,C5,BP,msigdb_v6.0_files_to_download_locally/msigdb_v6.0_GMTs/c5.bp.v6.0.entrez.gmt,275,721,0.8310684161199625,217,58,663,0.37575757575757573,0.23134328358208955,1,GO_REGULATION_OF_HOMEOSTATIC_PROCESS,False,False
MSigDB 6.0 all collections,6.0,44,550,GO_PLASMA_MEMBRANE_RAFT,,C5,,msigdb_v6.0_files_to_download_locally/msigdb_v6.0_GMTs/c5.all.v6.0.entrez.gmt,52,536,0.8744142455482662,33,19,517,0.10963455149501661,0.05799648506151142,1,GO_PLASMA_MEMBRANE_RAFT,False,False
MSigDB 6.0 all collections,6.0,45,1124,GO_POSITIVE_REGULATION_OF_BIOSYNTHETIC_PROCESS,GO:0009891,C5,BP,msigdb_v6.0_files_to_download_locally/msigdb_v6.0_GMTs/c5.bp.v6.0.entrez.gmt,1031,521,0.8779287722586692,817,214,307,0.7582366589327146,0.6106128550074739,1,GO_POSITIVE_REGULATION_OF_BIOSYNTHETIC_PROCESS,False,False
MSigDB 6.0 all collections,6.0,46,1486,GO_CELLULAR_CATABOLIC_PROCESS,GO:0044248,C5,BP,msigdb_v6.0_files_to_download_locally/msigdb_v6.0_GMTs/c5.bp.v6.0.entrez.gmt,503,1205,0.7176663542642925,392,111,1094,0.3941679235796883,0.24546023794614902,1,GO_CELLULAR_CATABOLIC_PROCESS,False,False
MSigDB 6.0 all collections,6.0,47,1522,GO_CELLULAR_CATABOLIC_PROCESS,GO:0044248,C5,BP,msigdb_v6.0_files_to_download_locally/msigdb_v6.0_GMTs/c5.bp.v6.0.entrez.gmt,503,1217,0.71485473289597,404,99,1118,0.39901234567901234,0.24922887106724245,1,GO_CELLULAR_CATABOLIC_PROCESS,False,False
MSigDB 6.0 all collections,6.0,48,948,ZHONG_SECRETOME_OF_LUNG_CANCER_AND_FIBROBLAST,,C2,,msigdb_v6.0_files_to_download_locally/msigdb_v6.0_GMTs/c2.all.v6.0.entrez.gmt,67,905,0.7879568884723525,55,12,893,0.10837438423645321,0.057291666666666664,1,ZHONG_SECRETOME_OF_LUNG_CANCER_AND_FIBROBLAST,False,False
MSigDB 6.0 all collections,6.0,49,882,GO_REGULATION_OF_PROTEIN_MODIFICATION_PROCESS,GO:0031399,C5,BP,msigdb_v6.0_files_to_download_locally/msigdb_v6.0_GMTs/c5.bp.v6.0.entrez.gmt,951,515,0.8793345829428304,659,292,223,0.7190398254228041,0.561328790459966,1,GO_REGULATION_OF_PROTEIN_MODIFICATION_PROCESS,False,False
MSigDB 6.0 all collections,6.0,50,1378,GO_NEGATIVE_REGULATION_OF_NITROGEN_COMPOUND_METABOLIC_PROCESS,GO:0051172,C5,BP,msigdb_v6.0_files_to_download_locally/msigdb_v6.0_GMTs/c5.bp.v6.0.entrez.gmt,795,899,0.7893626991565136,637,158,741,0.5862862402208928,0.4147135416666667,1,GO_NEGATIVE_REGULATION_OF_NITROGEN_COMPOUND_METABOLIC_PROCESS,False,False
MSigDB 6.0 all collections,6.0,51,1164,GO_POSITIVE_REGULATION_OF_RESPONSE_TO_STIMULUS,GO:0048584,C5,BP,msigdb_v6.0_files_to_download_locally/msigdb_v6.0_GMTs/c5.bp.v6.0.entrez.gmt,1112,714,0.8327085285848173,781,331,383,0.6862917398945518,0.5224080267558529,1,GO_POSITIVE_REGULATION_OF_RESPONSE_TO_STIMULUS,False,False
MSigDB 6.0 all collections,6.0,52,1731,GO_POSITIVE_REGULATION_OF_BIOSYNTHETIC_PROCESS,GO:0009891,C5,BP,msigdb_v6.0_files_to_download_locally/msigdb_v6.0_GMTs/c5.bp.v6.0.entrez.gmt,1031,1036,0.7572633552014996,863,168,868,0.6249094858797972,0.454449710373881,1,GO_POSITIVE_REGULATION_OF_BIOSYNTHETIC_PROCESS,False,False
MSigDB 6.0 all collections,6.0,53,1635,GO_POSITIVE_REGULATION_OF_GENE_EXPRESSION,GO:0010628,C5,BP,msigdb_v6.0_files_to_download_locally/msigdb_v6.0_GMTs/c5.bp.v6.0.entrez.gmt,984,983,0.7696813495782568,818,166,817,0.6246659030164184,0.45419211549139366,1,GO_POSITIVE_REGULATION_OF_GENE_EXPRESSION,False,False
MSigDB 6.0 all collections,6.0,54,957,GO_POSITIVE_REGULATION_OF_CELL_COMMUNICATION,GO:0010647,C5,BP,msigdb_v6.0_files_to_download_locally/msigdb_v6.0_GMTs/c5.bp.v6.0.entrez.gmt,910,625,0.8535613870665417,621,289,336,0.6652383502945902,0.4983948635634029,1,GO_POSITIVE_REGULATION_OF_CELL_COMMUNICATION,False,False
MSigDB 6.0 all collections,6.0,55,1017,GO_POSITIVE_REGULATION_OF_BIOSYNTHETIC_PROCESS,GO:0009891,C5,BP,msigdb_v6.0_files_to_download_locally/msigdb_v6.0_GMTs/c5.bp.v6.0.entrez.gmt,1031,570,0.866447985004686,739,292,278,0.7216796875,0.5645530939648586,1,GO_POSITIVE_REGULATION_OF_BIOSYNTHETIC_PROCESS,False,False
MSigDB 6.0 all collections,6.0,56,698,GO_REGULATION_OF_MULTICELLULAR_ORGANISMAL_DEVELOPMENT,GO:2000026,C5,BP,msigdb_v6.0_files_to_download_locally/msigdb_v6.0_GMTs/c5.bp.v6.0.entrez.gmt,936,482,0.887066541705717,576,360,122,0.7050183598531212,0.5444234404536862,1,GO_REGULATION_OF_MULTICELLULAR_ORGANISMAL_DEVELOPMENT,False,False
MSigDB 6.0 all collections,6.0,57,624,GO_REGULATION_OF_PROTEIN_MODIFICATION_PROCESS,GO:0031399,C5,BP,msigdb_v6.0_files_to_download_locally/msigdb_v6.0_GMTs/c5.bp.v6.0.entrez.gmt,951,341,0.9201030927835052,617,334,7,0.7834920634920635,0.6440501043841336,1,GO_REGULATION_OF_PROTEIN_MODIFICATION_PROCESS,False,False
MSigDB 6.0 all collections,6.0,58,604,GO_CHROMATIN_MODIFICATION,GO:0016568,C5,BP,msigdb_v6.0_files_to_download_locally/msigdb_v6.0_GMTs/c5.bp.v6.0.entrez.gmt,299,469,0.8901124648547329,217,82,387,0.4806201550387597,0.3163265306122449,1,GO_CHROMATIN_MODIFICATION,True,False
MSigDB 6.0 all collections,6.0,59,892,GO_REGULATION_OF_TRANSCRIPTION_FROM_RNA_POLYMERASE_II_PROMOTER,GO:0006357,C5,BP,msigdb_v6.0_files_to_download_locally/msigdb_v6.0_GMTs/c5.bp.v6.0.entrez.gmt,876,478,0.8880037488284911,645,231,247,0.7296380090497737,0.5743544078361532,1,GO_REGULATION_OF_TRANSCRIPTION_FROM_RNA_POLYMERASE_II_PROMOTER,False,False
MSigDB 6.0 all collections,6.0,60,1829,GO_POSITIVE_REGULATION_OF_BIOSYNTHETIC_PROCESS,GO:0009891,C5,BP,msigdb_v6.0_files_to_download_locally/msigdb_v6.0_GMTs/c5.bp.v6.0.entrez.gmt,1031,1108,0.7403936269915652,876,155,953,0.6125874125874126,0.4415322580645161,1,GO_POSITIVE_REGULATION_OF_BIOSYNTHETIC_PROCESS,False,False
MSigDB 6.0 all collections,6.0,61,668,GO_ESTABLISHMENT_OF_PROTEIN_LOCALIZATION,GO:0045184,C5,BP,msigdb_v6.0_files_to_download_locally/msigdb_v6.0_GMTs/c5.bp.v6.0.entrez.gmt,524,534,0.8748828491096532,329,195,339,0.552013422818792,0.38122827346465815,1,GO_ESTABLISHMENT_OF_PROTEIN_LOCALIZATION,False,False
MSigDB 6.0 all collections,6.0,62,796,GO_REGULATION_OF_CELLULAR_LOCALIZATION,GO:0060341,C5,BP,msigdb_v6.0_files_to_download_locally/msigdb_v6.0_GMTs/c5.bp.v6.0.entrez.gmt,667,545,0.8723055295220243,459,208,337,0.6274777853725222,0.45717131474103584,1,GO_REGULATION_OF_CELLULAR_LOCALIZATION,False,False
MSigDB 6.0 all collections,6.0,63,742,GO_PEPTIDYL_AMINO_ACID_MODIFICATION,GO:0018193,C5,BP,msigdb_v6.0_files_to_download_locally/msigdb_v6.0_GMTs/c5.bp.v6.0.entrez.gmt,457,581,0.8638706654170571,309,148,433,0.5154295246038365,0.3471910112359551,1,GO_PEPTIDYL_AMINO_ACID_MODIFICATION,False,False
MSigDB 6.0 all collections,6.0,64,762,GO_CELLULAR_RESPONSE_TO_STRESS,GO:0033554,C5,BP,msigdb_v6.0_files_to_download_locally/msigdb_v6.0_GMTs/c5.bp.v6.0.entrez.gmt,809,605,0.8582474226804124,483,326,279,0.6148949713558243,0.44393382352941174,1,GO_CELLULAR_RESPONSE_TO_STRESS,False,False
MSigDB 6.0 all collections,6.0,65,536,GO_VACUOLAR_TRANSPORT,GO:0007034,C5,BP,msigdb_v6.0_files_to_download_locally/msigdb_v6.0_GMTs/c5.bp.v6.0.entrez.gmt,107,467,0.89058106841612,88,19,448,0.2737169517884914,0.15855855855855855,1,GO_VACUOLAR_TRANSPORT,False,False
MSigDB 6.0 all collections,6.0,66,2043,GO_MOVEMENT_OF_CELL_OR_SUBCELLULAR_COMPONENT,GO:0006928,C5,BP,msigdb_v6.0_files_to_download_locally/msigdb_v6.0_GMTs/c5.bp.v6.0.entrez.gmt,669,1750,0.5899718837863168,481,188,1562,0.3547197640117994,0.2155983863738234,1,GO_MOVEMENT_OF_CELL_OR_SUBCELLULAR_COMPONENT,False,False
MSigDB 6.0 all collections,6.0,67,1291,GO_MEMBRANE_REGION,,C5,,msigdb_v6.0_files_to_download_locally/msigdb_v6.0_GMTs/c5.all.v6.0.entrez.gmt,508,1079,0.7471883786316775,360,148,931,0.4002223457476376,0.2501737317581654,1,GO_MEMBRANE_REGION,False,False
MSigDB 6.0 all collections,6.0,68,1737,GO_CHROMOSOME,,C5,,msigdb_v6.0_files_to_download_locally/msigdb_v6.0_GMTs/c5.all.v6.0.entrez.gmt,414,1411,0.6694001874414246,370,44,1367,0.34402603440260343,0.20774845592363841,1,GO_CHROMOSOME,False,False
MSigDB 6.0 all collections,6.0,69,1080,GO_CATALYTIC_COMPLEX,,C5,,msigdb_v6.0_files_to_download_locally/msigdb_v6.0_GMTs/c5.all.v6.0.entrez.gmt,479,829,0.805763823805061,365,114,715,0.46824887748556765,0.30569514237855944,1,GO_CATALYTIC_COMPLEX,False,False
MSigDB 6.0 all collections,6.0,70,948,ZHONG_SECRETOME_OF_LUNG_CANCER_AND_FIBROBLAST,,C2,,msigdb_v6.0_files_to_download_locally/msigdb_v6.0_GMTs/c2.all.v6.0.entrez.gmt,67,905,0.7879568884723525,55,12,893,0.10837438423645321,0.057291666666666664,1,ZHONG_SECRETOME_OF_LUNG_CANCER_AND_FIBROBLAST,False,False
MSigDB 6.0 all collections,6.0,71,597,GO_NUCLEOLUS,,C5,,msigdb_v6.0_files_to_download_locally/msigdb_v6.0_GMTs/c5.all.v6.0.entrez.gmt,271,434,0.8983130271790065,217,54,380,0.5,0.3333333333333333,1,GO_NUCLEOLUS,False,False
MSigDB 6.0 all collections,6.0,72,653,GO_POSITIVE_REGULATION_OF_GENE_EXPRESSION,GO:0010628,C5,BP,msigdb_v6.0_files_to_download_locally/msigdb_v6.0_GMTs/c5.bp.v6.0.entrez.gmt,984,349,0.9182286785379569,644,340,9,0.786805131337813,0.648539778449144,1,GO_POSITIVE_REGULATION_OF_GENE_EXPRESSION,False,False
MSigDB 6.0 all collections,6.0,73,1159,GO_POSITIVE_REGULATION_OF_BIOSYNTHETIC_PROCESS,GO:0009891,C5,BP,msigdb_v6.0_files_to_download_locally/msigdb_v6.0_GMTs/c5.bp.v6.0.entrez.gmt,1031,638,0.8505154639175257,776,255,383,0.708675799086758,0.5487977369165488,1,GO_POSITIVE_REGULATION_OF_BIOSYNTHETIC_PROCESS,False,False
MSigDB 6.0 all collections,6.0,74,773,GO_POSITIVE_REGULATION_OF_BIOSYNTHETIC_PROCESS,GO:0009891,C5,BP,msigdb_v6.0_files_to_download_locally/msigdb_v6.0_GMTs/c5.bp.v6.0.entrez.gmt,1031,360,0.915651358950328,722,309,51,0.8004434589800443,0.66728280961183,1,GO_POSITIVE_REGULATION_OF_BIOSYNTHETIC_PROCESS,False,False
MSigDB 6.0 all collections,6.0,75,808,GO_PROTEIN_LOCALIZATION,GO:0008104,C5,BP,msigdb_v6.0_files_to_download_locally/msigdb_v6.0_GMTs/c5.bp.v6.0.entrez.gmt,727,557,0.869493908153702,489,238,319,0.6371335504885993,0.46749521988527726,1,GO_PROTEIN_LOCALIZATION,False,False
MSigDB 6.0 all collections,6.0,76,1225,GO_PROTEIN_COMPLEX_SUBUNIT_ORGANIZATION,GO:0071822,C5,BP,msigdb_v6.0_files_to_download_locally/msigdb_v6.0_GMTs/c5.bp.v6.0.entrez.gmt,651,980,0.7703842549203375,448,203,777,0.47761194029850745,0.3137254901960784,1,GO_PROTEIN_COMPLEX_SUBUNIT_ORGANIZATION,False,False
MSigDB 6.0 all collections,6.0,77,547,GO_NUCLEIC_ACID_PHOSPHODIESTER_BOND_HYDROLYSIS,GO:0090305,C5,BP,msigdb_v6.0_files_to_download_locally/msigdb_v6.0_GMTs/c5.bp.v6.0.entrez.gmt,88,481,0.8873008434864105,77,11,470,0.24251968503937008,0.13799283154121864,1,GO_NUCLEIC_ACID_PHOSPHODIESTER_BOND_HYDROLYSIS,False,False
MSigDB 6.0 all collections,6.0,78,1054,GO_POSITIVE_REGULATION_OF_BIOSYNTHETIC_PROCESS,GO:0009891,C5,BP,msigdb_v6.0_files_to_download_locally/msigdb_v6.0_GMTs/c5.bp.v6.0.entrez.gmt,1031,555,0.8699625117150891,765,266,289,0.7338129496402878,0.5795454545454546,1,GO_POSITIVE_REGULATION_OF_BIOSYNTHETIC_PROCESS,False,False
MSigDB 6.0 all collections,6.0,79,900,GO_REGULATION_OF_TRANSCRIPTION_FROM_RNA_POLYMERASE_II_PROMOTER,GO:0006357,C5,BP,msigdb_v6.0_files_to_download_locally/msigdb_v6.0_GMTs/c5.bp.v6.0.entrez.gmt,876,482,0.887066541705717,647,229,253,0.7286036036036037,0.5730735163861824,1,GO_REGULATION_OF_TRANSCRIPTION_FROM_RNA_POLYMERASE_II_PROMOTER,False,False
MSigDB 6.0 all collections,6.0,80,758,GO_PEPTIDYL_AMINO_ACID_MODIFICATION,GO:0018193,C5,BP,msigdb_v6.0_files_to_download_locally/msigdb_v6.0_GMTs/c5.bp.v6.0.entrez.gmt,457,597,0.8601218369259607,309,148,449,0.508641975308642,0.34105960264900664,1,GO_PEPTIDYL_AMINO_ACID_MODIFICATION,False,False
MSigDB 6.0 all collections,6.0,81,2035,GO_RNA_BINDING,,C5,,msigdb_v6.0_files_to_download_locally/msigdb_v6.0_GMTs/c5.all.v6.0.entrez.gmt,465,1652,0.612933458294283,424,41,1611,0.3392,0.20423892100192678,1,GO_RNA_BINDING,False,False
MSigDB 6.0 all collections,6.0,82,1103,GO_POSITIVE_REGULATION_OF_BIOSYNTHETIC_PROCESS,GO:0009891,C5,BP,msigdb_v6.0_files_to_download_locally/msigdb_v6.0_GMTs/c5.bp.v6.0.entrez.gmt,1031,624,0.8537956888472352,755,276,348,0.7075913776944704,0.5474981870920957,1,GO_POSITIVE_REGULATION_OF_BIOSYNTHETIC_PROCESS,False,False
MSigDB 6.0 all collections,6.0,83,785,GO_ENZYME_LINKED_RECEPTOR_PROTEIN_SIGNALING_PATHWAY,GO:0007167,C5,BP,msigdb_v6.0_files_to_download_locally/msigdb_v6.0_GMTs/c5.bp.v6.0.entrez.gmt,402,715,0.8324742268041238,236,166,549,0.3976411120471778,0.24815983175604628,1,GO_ENZYME_LINKED_RECEPTOR_PROTEIN_SIGNALING_PATHWAY,False,True
MSigDB 6.0 all collections,6.0,84,582,GO_PROTEIN_KINASE_ACTIVITY,,C5,,msigdb_v6.0_files_to_download_locally/msigdb_v6.0_GMTs/c5.all.v6.0.entrez.gmt,328,428,0.8997188378631678,241,87,341,0.5296703296703297,0.3602391629297459,1,GO_PROTEIN_KINASE_ACTIVITY,False,False
MSigDB 6.0 all collections,6.0,85,2406,GO_PROTEIN_LOCALIZATION,GO:0008104,C5,BP,msigdb_v6.0_files_to_download_locally/msigdb_v6.0_GMTs/c5.bp.v6.0.entrez.gmt,727,2003,0.5306935332708529,565,162,1841,0.36067666773060963,0.22001557632398755,1,GO_PROTEIN_LOCALIZATION,False,False
MSigDB 6.0 all collections,6.0,86,339,GO_POLY_A_RNA_BINDING,,C5,,msigdb_v6.0_files_to_download_locally/msigdb_v6.0_GMTs/c5.all.v6.0.entrez.gmt,349,10,0.9976569821930646,339,10,0,0.9854651162790697,0.9713467048710601,1,GO_POLY_A_RNA_BINDING,False,False
MSigDB 6.0 all collections,6.0,87,1132,GO_POSITIVE_REGULATION_OF_GENE_EXPRESSION,GO:0010628,C5,BP,msigdb_v6.0_files_to_download_locally/msigdb_v6.0_GMTs/c5.bp.v6.0.entrez.gmt,984,584,0.8631677600749765,766,218,366,0.724007561436673,0.5674074074074074,1,GO_POSITIVE_REGULATION_OF_GENE_EXPRESSION,False,False
MSigDB 6.0 all collections,6.0,88,1108,GO_POSITIVE_REGULATION_OF_GENE_EXPRESSION,GO:0010628,C5,BP,msigdb_v6.0_files_to_download_locally/msigdb_v6.0_GMTs/c5.bp.v6.0.entrez.gmt,984,536,0.8744142455482662,778,206,330,0.7437858508604207,0.5920852359208524,1,GO_POSITIVE_REGULATION_OF_GENE_EXPRESSION,False,False
MSigDB 6.0 all collections,6.0,89,766,GO_NEGATIVE_REGULATION_OF_NITROGEN_COMPOUND_METABOLIC_PROCESS,GO:0051172,C5,BP,msigdb_v6.0_files_to_download_locally/msigdb_v6.0_GMTs/c5.bp.v6.0.entrez.gmt,795,445,0.8957357075913777,558,237,208,0.7149263292761051,0.5563310069790628,1,GO_NEGATIVE_REGULATION_OF_NITROGEN_COMPOUND_METABOLIC_PROCESS,False,False
MSigDB 6.0 all collections,6.0,90,702,GO_POSITIVE_REGULATION_OF_RESPONSE_TO_STIMULUS,GO:0048584,C5,BP,msigdb_v6.0_files_to_download_locally/msigdb_v6.0_GMTs/c5.bp.v6.0.entrez.gmt,1112,418,0.9020618556701031,698,414,4,0.7695700110253583,0.6254480286738351,1,GO_POSITIVE_REGULATION_OF_RESPONSE_TO_STIMULUS,False,False
MSigDB 6.0 all collections,6.0,91,913,GO_PROTEOLYSIS,GO:0006508,C5,BP,msigdb_v6.0_files_to_download_locally/msigdb_v6.0_GMTs/c5.bp.v6.0.entrez.gmt,461,700,0.8359887535145267,337,124,576,0.49053857350800584,0.32497589199614274,1,GO_PROTEOLYSIS,False,False
MSigDB 6.0 all collections,6.0,92,1174,GO_PEPTIDYL_AMINO_ACID_MODIFICATION,GO:0018193,C5,BP,msigdb_v6.0_files_to_download_locally/msigdb_v6.0_GMTs/c5.bp.v6.0.entrez.gmt,457,971,0.7724929709465792,330,127,844,0.404659717964439,0.2536510376633359,1,GO_PEPTIDYL_AMINO_ACID_MODIFICATION,False,False
MSigDB 6.0 all collections,6.0,93,725,GO_POSITIVE_REGULATION_OF_GENE_EXPRESSION,GO:0010628,C5,BP,msigdb_v6.0_files_to_download_locally/msigdb_v6.0_GMTs/c5.bp.v6.0.entrez.gmt,984,265,0.9379100281162137,722,262,3,0.844938560561732,0.7315096251266464,1,GO_POSITIVE_REGULATION_OF_GENE_EXPRESSION,False,False
MSigDB 6.0 all collections,6.0,94,864,GO_ANATOMICAL_STRUCTURE_FORMATION_INVOLVED_IN_MORPHOGENESIS,GO:0048646,C5,BP,msigdb_v6.0_files_to_download_locally/msigdb_v6.0_GMTs/c5.bp.v6.0.entrez.gmt,525,727,0.8296626054358013,331,194,533,0.476601871850252,0.31285444234404536,1,GO_ANATOMICAL_STRUCTURE_FORMATION_INVOLVED_IN_MORPHOGENESIS,False,False
MSigDB 6.0 all collections,6.0,95,1149,GO_ADENYL_NUCLEOTIDE_BINDING,,C5,,msigdb_v6.0_files_to_download_locally/msigdb_v6.0_GMTs/c5.all.v6.0.entrez.gmt,602,967,0.7734301780693533,392,210,757,0.4477441462021702,0.2884473877851361,1,GO_ADENYL_NUCLEOTIDE_BINDING,False,False
MSigDB 6.0 all collections,6.0,96,658,GO_CELLULAR_RESPONSE_TO_STRESS,GO:0033554,C5,BP,msigdb_v6.0_files_to_download_locally/msigdb_v6.0_GMTs/c5.bp.v6.0.entrez.gmt,809,533,0.8751171508903468,467,342,191,0.6366734832992502,0.467,1,GO_CELLULAR_RESPONSE_TO_STRESS,False,False
MSigDB 6.0 all collections,6.0,97,1577,GO_CELLULAR_CATABOLIC_PROCESS,GO:0044248,C5,BP,msigdb_v6.0_files_to_download_locally/msigdb_v6.0_GMTs/c5.bp.v6.0.entrez.gmt,503,1266,0.7033739456419869,407,96,1170,0.39134615384615384,0.24327555289898387,1,GO_CELLULAR_CATABOLIC_PROCESS,False,False
MSigDB 6.0 all collections,6.0,98,1741,GO_POSITIVE_REGULATION_OF_BIOSYNTHETIC_PROCESS,GO:0009891,C5,BP,msigdb_v6.0_files_to_download_locally/msigdb_v6.0_GMTs/c5.bp.v6.0.entrez.gmt,1031,1014,0.7624179943767573,879,152,862,0.6341991341991342,0.4643423137876387,1,GO_POSITIVE_REGULATION_OF_BIOSYNTHETIC_PROCESS,False,False
MSigDB 6.0 all collections,6.0,99,1042,GO_INTRACELLULAR_VESICLE,,C5,,msigdb_v6.0_files_to_download_locally/msigdb_v6.0_GMTs/c5.all.v6.0.entrez.gmt,505,955,0.7762417994376758,296,209,746,0.3826761473820297,0.23661071143085532,1,GO_INTRACELLULAR_VESICLE,False,False
MSigDB 6.0 all collections,6.0,100,1893,GO_NEGATIVE_REGULATION_OF_NITROGEN_COMPOUND_METABOLIC_PROCESS,GO:0051172,C5,BP,msigdb_v6.0_files_to_download_locally/msigdb_v6.0_GMTs/c5.bp.v6.0.entrez.gmt,795,1690,0.6040299906279287,499,296,1394,0.3712797619047619,0.22795797167656465,1,GO_NEGATIVE_REGULATION_OF_NITROGEN_COMPOUND_METABOLIC_PROCESS,False,False
MSigDB 6.0 all collections,6.0,101,977,GO_POSITIVE_REGULATION_OF_CELL_COMMUNICATION,GO:0010647,C5,BP,msigdb_v6.0_files_to_download_locally/msigdb_v6.0_GMTs/c5.bp.v6.0.entrez.gmt,910,615,0.8559044048734771,636,274,341,0.6740858505564388,0.5083932853717026,1,GO_POSITIVE_REGULATION_OF_CELL_COMMUNICATION,False,False
MSigDB 6.0 all collections,6.0,102,726,GO_MEMBRANE_PROTEIN_COMPLEX,,C5,,msigdb_v6.0_files_to_download_locally/msigdb_v6.0_GMTs/c5.all.v6.0.entrez.gmt,384,564,0.8678537956888472,273,111,453,0.4918918918918919,0.32616487455197135,1,GO_MEMBRANE_PROTEIN_COMPLEX,False,False
MSigDB 6.0 all collections,6.0,103,1207,GO_POSITIVE_REGULATION_OF_BIOSYNTHETIC_PROCESS,GO:0009891,C5,BP,msigdb_v6.0_files_to_download_locally/msigdb_v6.0_GMTs/c5.bp.v6.0.entrez.gmt,1031,584,0.8631677600749765,827,204,380,0.7390527256478999,0.5861091424521616,1,GO_POSITIVE_REGULATION_OF_BIOSYNTHETIC_PROCESS,False,False
MSigDB 6.0 all collections,6.0,104,774,GO_POSITIVE_REGULATION_OF_BIOSYNTHETIC_PROCESS,GO:0009891,C5,BP,msigdb_v6.0_files_to_download_locally/msigdb_v6.0_GMTs/c5.bp.v6.0.entrez.gmt,1031,265,0.9379100281162137,770,261,4,0.853185595567867,0.7439613526570048,1,GO_POSITIVE_REGULATION_OF_BIOSYNTHETIC_PROCESS,False,False
MSigDB 6.0 all collections,6.0,105,1170,GO_CELLULAR_RESPONSE_TO_STRESS,GO:0033554,C5,BP,msigdb_v6.0_files_to_download_locally/msigdb_v6.0_GMTs/c5.bp.v6.0.entrez.gmt,809,915,0.785613870665417,532,277,638,0.5376452753916119,0.3676572218382861,1,GO_CELLULAR_RESPONSE_TO_STRESS,False,False
MSigDB 6.0 all collections,6.0,106,1153,GO_PROTEIN_COMPLEX_BINDING,,C5,,msigdb_v6.0_files_to_download_locally/msigdb_v6.0_GMTs/c5.all.v6.0.entrez.gmt,477,1062,0.7511715089034676,284,193,869,0.34846625766871164,0.21099554234769688,1,GO_PROTEIN_COMPLEX_BINDING,False,False
MSigDB 6.0 all collections,6.0,107,695,GO_COVALENT_CHROMATIN_MODIFICATION,GO:0016569,C5,BP,msigdb_v6.0_files_to_download_locally/msigdb_v6.0_GMTs/c5.bp.v6.0.entrez.gmt,217,572,0.865979381443299,170,47,525,0.37280701754385964,0.22911051212938005,1,GO_COVALENT_CHROMATIN_MODIFICATION,False,False
MSigDB 6.0 all collections,6.0,108,1697,GO_CHROMOSOME,,C5,,msigdb_v6.0_files_to_download_locally/msigdb_v6.0_GMTs/c5.all.v6.0.entrez.gmt,414,1373,0.6783036551077788,369,45,1328,0.34959734722880154,0.21182548794489092,1,GO_CHROMOSOME,False,False
MSigDB 6.0 all collections,6.0,109,1389,GO_VACUOLE,,C5,,msigdb_v6.0_files_to_download_locally/msigdb_v6.0_GMTs/c5.all.v6.0.entrez.gmt,453,1178,0.7239925023430178,332,121,1057,0.36047774158523344,0.21986754966887417,2,GO_VACUOLE|GO_GOLGI_APPARATUS,False,False
MSigDB 6.0 all collections,6.0,110,1149,GO_NUCLEOPLASM_PART,,C5,,msigdb_v6.0_files_to_download_locally/msigdb_v6.0_GMTs/c5.all.v6.0.entrez.gmt,358,881,0.7935801312089972,313,45,836,0.41539482415394824,0.26214405360134,1,GO_NUCLEOPLASM_PART,False,False
MSigDB 6.0 all collections,6.0,111,761,GO_POSITIVE_REGULATION_OF_BIOSYNTHETIC_PROCESS,GO:0009891,C5,BP,msigdb_v6.0_files_to_download_locally/msigdb_v6.0_GMTs/c5.bp.v6.0.entrez.gmt,1031,278,0.9348641049671977,757,274,4,0.8448660714285714,0.7314009661835749,1,GO_POSITIVE_REGULATION_OF_BIOSYNTHETIC_PROCESS,False,False
MSigDB 6.0 all collections,6.0,112,1108,GO_POSITIVE_REGULATION_OF_BIOSYNTHETIC_PROCESS,GO:0009891,C5,BP,msigdb_v6.0_files_to_download_locally/msigdb_v6.0_GMTs/c5.bp.v6.0.entrez.gmt,1031,525,0.876991565135895,807,224,301,0.7545582047685835,0.6058558558558559,1,GO_POSITIVE_REGULATION_OF_BIOSYNTHETIC_PROCESS,False,False
MSigDB 6.0 all collections,6.0,113,1155,GO_POSITIVE_REGULATION_OF_BIOSYNTHETIC_PROCESS,GO:0009891,C5,BP,msigdb_v6.0_files_to_download_locally/msigdb_v6.0_GMTs/c5.bp.v6.0.entrez.gmt,1031,556,0.8697282099343955,815,216,340,0.7456541628545288,0.5944566010211525,1,GO_POSITIVE_REGULATION_OF_BIOSYNTHETIC_PROCESS,False,False
MSigDB 6.0 all collections,6.0,114,777,GO_NEGATIVE_REGULATION_OF_NITROGEN_COMPOUND_METABOLIC_PROCESS,GO:0051172,C5,BP,msigdb_v6.0_files_to_download_locally/msigdb_v6.0_GMTs/c5.bp.v6.0.entrez.gmt,795,436,0.8978444236176195,568,227,209,0.72264631043257,0.5657370517928287,1,GO_NEGATIVE_REGULATION_OF_NITROGEN_COMPOUND_METABOLIC_PROCESS,False,False
MSigDB 6.0 all collections,6.0,115,1663,GO_POSITIVE_REGULATION_OF_BIOSYNTHETIC_PROCESS,GO:0009891,C5,BP,msigdb_v6.0_files_to_download_locally/msigdb_v6.0_GMTs/c5.bp.v6.0.entrez.gmt,1031,968,0.7731958762886598,863,168,800,0.6406829992576095,0.4713271436373566,1,GO_POSITIVE_REGULATION_OF_BIOSYNTHETIC_PROCESS,False,False
MSigDB 6.0 all collections,6.0,116,3612,GO_POSITIVE_REGULATION_OF_RESPONSE_TO_STIMULUS,GO:0048584,C5,BP,msigdb_v6.0_files_to_download_locally/msigdb_v6.0_GMTs/c5.bp.v6.0.entrez.gmt,1112,2816,0.3402061855670103,954,158,2658,0.4038950042337002,0.2530503978779841,1,GO_POSITIVE_REGULATION_OF_RESPONSE_TO_STIMULUS,False,False
MSigDB 6.0 all collections,6.0,117,2929,GO_ENZYME_BINDING,,C5,,msigdb_v6.0_files_to_download_locally/msigdb_v6.0_GMTs/c5.all.v6.0.entrez.gmt,917,2318,0.45688847235238983,764,153,2165,0.39729589183567343,0.24789097988319272,1,GO_ENZYME_BINDING,False,False
MSigDB 6.0 all collections,6.0,118,3252,GO_ENZYME_BINDING,,C5,,msigdb_v6.0_files_to_download_locally/msigdb_v6.0_GMTs/c5.all.v6.0.entrez.gmt,917,2541,0.40463917525773196,814,103,2438,0.39050131926121373,0.24262295081967214,1,GO_ENZYME_BINDING,False,False
MSigDB 6.0 all collections,6.0,119,2101,GO_CELL_CYCLE,GO:0007049,C5,BP,msigdb_v6.0_files_to_download_locally/msigdb_v6.0_GMTs/c5.bp.v6.0.entrez.gmt,620,1815,0.5747422680412371,453,167,1648,0.33296582138919517,0.19973544973544974,1,GO_CELL_CYCLE,False,False
MSigDB 6.0 all collections,6.0,120,959,GO_REGULATION_OF_TRANSCRIPTION_FROM_RNA_POLYMERASE_II_PROMOTER,GO:0006357,C5,BP,msigdb_v6.0_files_to_download_locally/msigdb_v6.0_GMTs/c5.bp.v6.0.entrez.gmt,876,537,0.8741799437675726,649,227,310,0.7073569482288828,0.5472175379426644,1,GO_REGULATION_OF_TRANSCRIPTION_FROM_RNA_POLYMERASE_II_PROMOTER,False,False
MSigDB 6.0 C5 BP,6.0,0,2647,GO_POSITIVE_REGULATION_OF_RESPONSE_TO_STIMULUS,GO:0048584,C5,BP,msigdb_v6.0_files_to_download_locally/msigdb_v6.0_GMTs/c5.bp.v6.0.entrez.gmt,1112,1781,0.5827085285848173,989,123,1658,0.5262037776004257,0.35703971119133576,1,GO_POSITIVE_REGULATION_OF_RESPONSE_TO_STIMULUS,False,False
MSigDB 6.0 C5 BP,6.0,1,943,GO_PROTEIN_ACTIVATION_CASCADE,GO:0072376,C5,BP,msigdb_v6.0_files_to_download_locally/msigdb_v6.0_GMTs/c5.bp.v6.0.entrez.gmt,34,919,0.784676663542643,29,5,914,0.0593654042988741,0.03059071729957806,1,GO_PROTEIN_ACTIVATION_CASCADE,False,False
MSigDB 6.0 C5 BP,6.0,2,820,GO_SMALL_MOLECULE_METABOLIC_PROCESS,GO:0044281,C5,BP,msigdb_v6.0_files_to_download_locally/msigdb_v6.0_GMTs/c5.bp.v6.0.entrez.gmt,534,672,0.8425492033739457,341,193,479,0.5036927621861153,0.3366238894373149,1,GO_SMALL_MOLECULE_METABOLIC_PROCESS,False,False
MSigDB 6.0 C5 BP,6.0,3,935,GO_MRNA_METABOLIC_PROCESS,GO:0016071,C5,BP,msigdb_v6.0_files_to_download_locally/msigdb_v6.0_GMTs/c5.bp.v6.0.entrez.gmt,202,839,0.8034208059981256,149,53,786,0.2620932277924362,0.1508097165991903,1,GO_MRNA_METABOLIC_PROCESS,False,False
MSigDB 6.0 C5 BP,6.0,4,542,GO_NUCLEIC_ACID_PHOSPHODIESTER_BOND_HYDROLYSIS,GO:0090305,C5,BP,msigdb_v6.0_files_to_download_locally/msigdb_v6.0_GMTs/c5.bp.v6.0.entrez.gmt,88,478,0.8880037488284911,76,12,466,0.24126984126984127,0.1371841155234657,1,GO_NUCLEIC_ACID_PHOSPHODIESTER_BOND_HYDROLYSIS,False,False
MSigDB 6.0 C5 BP,6.0,5,749,GO_MRNA_METABOLIC_PROCESS,GO:0016071,C5,BP,msigdb_v6.0_files_to_download_locally/msigdb_v6.0_GMTs/c5.bp.v6.0.entrez.gmt,202,655,0.8465323336457358,148,54,601,0.31125131440588855,0.1843088418430884,1,GO_MRNA_METABOLIC_PROCESS,False,False
MSigDB 6.0 C5 BP,6.0,6,961,GO_MRNA_METABOLIC_PROCESS,GO:0016071,C5,BP,msigdb_v6.0_files_to_download_locally/msigdb_v6.0_GMTs/c5.bp.v6.0.entrez.gmt,202,865,0.7973289597000937,149,53,812,0.25623387790197766,0.14694280078895464,1,GO_MRNA_METABOLIC_PROCESS,False,False
MSigDB 6.0 C5 BP,6.0,7,1307,GO_POSTTRANSCRIPTIONAL_REGULATION_OF_GENE_EXPRESSION,GO:0010608,C5,BP,msigdb_v6.0_files_to_download_locally/msigdb_v6.0_GMTs/c5.bp.v6.0.entrez.gmt,209,1276,0.7010309278350515,120,89,1187,0.158311345646438,0.08595988538681948,1,GO_POSTTRANSCRIPTIONAL_REGULATION_OF_GENE_EXPRESSION,False,False
MSigDB 6.0 C5 BP,6.0,8,556,GO_COVALENT_CHROMATIN_MODIFICATION,GO:0016569,C5,BP,msigdb_v6.0_files_to_download_locally/msigdb_v6.0_GMTs/c5.bp.v6.0.entrez.gmt,217,433,0.8985473289597001,170,47,386,0.4398447606727037,0.28192371475953565,1,GO_COVALENT_CHROMATIN_MODIFICATION,False,False
MSigDB 6.0 C5 BP,6.0,9,1284,GO_MACROMOLECULE_CATABOLIC_PROCESS,GO:0009057,C5,BP,msigdb_v6.0_files_to_download_locally/msigdb_v6.0_GMTs/c5.bp.v6.0.entrez.gmt,389,1051,0.7537488284910965,311,78,973,0.3717872086072923,0.22834067547723935,1,GO_MACROMOLECULE_CATABOLIC_PROCESS,False,False
MSigDB 6.0 C5 BP,6.0,10,757,GO_PEPTIDYL_AMINO_ACID_MODIFICATION,GO:0018193,C5,BP,msigdb_v6.0_files_to_download_locally/msigdb_v6.0_GMTs/c5.bp.v6.0.entrez.gmt,457,596,0.8603561387066542,309,148,448,0.5090609555189456,0.3414364640883978,1,GO_PEPTIDYL_AMINO_ACID_MODIFICATION,False,False
MSigDB 6.0 C5 BP,6.0,11,890,GO_REGULATION_OF_INTRACELLULAR_SIGNAL_TRANSDUCTION,GO:1902531,C5,BP,msigdb_v6.0_files_to_download_locally/msigdb_v6.0_GMTs/c5.bp.v6.0.entrez.gmt,951,583,0.8634020618556701,629,322,261,0.6833242802824552,0.518976897689769,1,GO_REGULATION_OF_INTRACELLULAR_SIGNAL_TRANSDUCTION,False,False
MSigDB 6.0 C5 BP,6.0,12,2905,GO_POSITIVE_REGULATION_OF_BIOSYNTHETIC_PROCESS,GO:0009891,C5,BP,msigdb_v6.0_files_to_download_locally/msigdb_v6.0_GMTs/c5.bp.v6.0.entrez.gmt,1031,2318,0.45688847235238983,809,222,2096,0.4110772357723577,0.2587144227694276,1,GO_POSITIVE_REGULATION_OF_BIOSYNTHETIC_PROCESS,False,False
MSigDB 6.0 C5 BP,6.0,13,845,GO_POSITIVE_REGULATION_OF_MULTICELLULAR_ORGANISMAL_PROCESS,GO:0051240,C5,BP,msigdb_v6.0_files_to_download_locally/msigdb_v6.0_GMTs/c5.bp.v6.0.entrez.gmt,843,562,0.8683223992502342,563,280,282,0.6670616113744076,0.5004444444444445,1,GO_POSITIVE_REGULATION_OF_MULTICELLULAR_ORGANISMAL_PROCESS,False,False
MSigDB 6.0 C5 BP,6.0,14,748,GO_POSITIVE_REGULATION_OF_BIOSYNTHETIC_PROCESS,GO:0009891,C5,BP,msigdb_v6.0_files_to_download_locally/msigdb_v6.0_GMTs/c5.bp.v6.0.entrez.gmt,1031,381,0.9107310215557638,699,332,49,0.7858347386172007,0.6472222222222223,1,GO_POSITIVE_REGULATION_OF_BIOSYNTHETIC_PROCESS,False,False
MSigDB 6.0 C5 BP,6.0,15,1450,GO_NEGATIVE_REGULATION_OF_NITROGEN_COMPOUND_METABOLIC_PROCESS,GO:0051172,C5,BP,msigdb_v6.0_files_to_download_locally/msigdb_v6.0_GMTs/c5.bp.v6.0.entrez.gmt,795,959,0.7753045923149016,643,152,807,0.5728285077951002,0.4013732833957553,1,GO_NEGATIVE_REGULATION_OF_NITROGEN_COMPOUND_METABOLIC_PROCESS,False,False
MSigDB 6.0 C5 BP,6.0,16,395,GO_MRNA_METABOLIC_PROCESS,GO:0016071,C5,BP,msigdb_v6.0_files_to_download_locally/msigdb_v6.0_GMTs/c5.bp.v6.0.entrez.gmt,202,317,0.9257263355201499,140,62,255,0.46901172529313234,0.3063457330415755,1,GO_MRNA_METABOLIC_PROCESS,False,False
MSigDB 6.0 C5 BP,6.0,17,610,GO_VACUOLAR_TRANSPORT,GO:0007034,C5,BP,msigdb_v6.0_files_to_download_locally/msigdb_v6.0_GMTs/c5.bp.v6.0.entrez.gmt,107,533,0.8751171508903468,92,15,518,0.25662482566248257,0.1472,1,GO_VACUOLAR_TRANSPORT,False,False
MSigDB 6.0 C5 BP,6.0,18,1117,GO_EXTRACELLULAR_STRUCTURE_ORGANIZATION,GO:0043062,C5,BP,msigdb_v6.0_files_to_download_locally/msigdb_v6.0_GMTs/c5.bp.v6.0.entrez.gmt,173,1070,0.7492970946579194,110,63,1007,0.17054263565891473,0.09322033898305085,1,GO_EXTRACELLULAR_STRUCTURE_ORGANIZATION,False,False
MSigDB 6.0 C5 BP,6.0,19,1657,GO_CATABOLIC_PROCESS,GO:0009056,C5,BP,msigdb_v6.0_files_to_download_locally/msigdb_v6.0_GMTs/c5.bp.v6.0.entrez.gmt,640,1293,0.6970477975632614,502,138,1155,0.4370918589464519,0.2796657381615599,1,GO_CATABOLIC_PROCESS,False,False
MSigDB 6.0 C5 BP,6.0,20,692,GO_SPLICEOSOMAL_COMPLEX_ASSEMBLY,GO:0000245,C5,BP,msigdb_v6.0_files_to_download_locally/msigdb_v6.0_GMTs/c5.bp.v6.0.entrez.gmt,24,676,0.8416119962511714,20,4,672,0.055865921787709494,0.028735632183908046,1,GO_SPLICEOSOMAL_COMPLEX_ASSEMBLY,False,False
MSigDB 6.0 C5 BP,6.0,21,2534,GO_POSITIVE_REGULATION_OF_BIOSYNTHETIC_PROCESS,GO:0009891,C5,BP,msigdb_v6.0_files_to_download_locally/msigdb_v6.0_GMTs/c5.bp.v6.0.entrez.gmt,1031,1713,0.5986410496719775,926,105,1608,0.5194950911640954,0.3508904888215233,1,GO_POSITIVE_REGULATION_OF_BIOSYNTHETIC_PROCESS,False,False
MSigDB 6.0 C5 BP,6.0,22,893,GO_REGULATION_OF_TRANSCRIPTION_FROM_RNA_POLYMERASE_II_PROMOTER,GO:0006357,C5,BP,msigdb_v6.0_files_to_download_locally/msigdb_v6.0_GMTs/c5.bp.v6.0.entrez.gmt,876,479,0.8877694470477976,645,231,248,0.7292255511588468,0.5738434163701067,1,GO_REGULATION_OF_TRANSCRIPTION_FROM_RNA_POLYMERASE_II_PROMOTER,False,False
MSigDB 6.0 C5 BP,6.0,23,1227,GO_PROTEIN_COMPLEX_SUBUNIT_ORGANIZATION,GO:0071822,C5,BP,msigdb_v6.0_files_to_download_locally/msigdb_v6.0_GMTs/c5.bp.v6.0.entrez.gmt,651,982,0.7699156513589503,448,203,779,0.47710330138445156,0.3132867132867133,1,GO_PROTEIN_COMPLEX_SUBUNIT_ORGANIZATION,False,False
MSigDB 6.0 C5 BP,6.0,24,597,GO_MICROTUBULE_ORGANIZING_CENTER_ORGANIZATION,GO:0031023,C5,BP,msigdb_v6.0_files_to_download_locally/msigdb_v6.0_GMTs/c5.bp.v6.0.entrez.gmt,44,561,0.8685567010309279,40,4,557,0.12480499219968799,0.06655574043261231,1,GO_MICROTUBULE_ORGANIZING_CENTER_ORGANIZATION,True,False
MSigDB 6.0 C5 BP,6.0,25,2437,GO_PROTEIN_LOCALIZATION,GO:0008104,C5,BP,msigdb_v6.0_files_to_download_locally/msigdb_v6.0_GMTs/c5.bp.v6.0.entrez.gmt,727,2098,0.5084348641049672,533,194,1904,0.33691529709228824,0.2025845686050931,1,GO_PROTEIN_LOCALIZATION,False,False
MSigDB 6.0 C5 BP,6.0,26,2603,GO_PROTEIN_LOCALIZATION,GO:0008104,C5,BP,msigdb_v6.0_files_to_download_locally/msigdb_v6.0_GMTs/c5.bp.v6.0.entrez.gmt,727,2198,0.48500468603561386,566,161,2037,0.33993993993993993,0.20477568740955138,1,GO_PROTEIN_LOCALIZATION,False,False
MSigDB 6.0 C5 BP,6.0,27,1208,GO_CHROMOSOME_ORGANIZATION,GO:0051276,C5,BP,msigdb_v6.0_files_to_download_locally/msigdb_v6.0_GMTs/c5.bp.v6.0.entrez.gmt,476,1074,0.7483598875351453,305,171,903,0.36223277909738716,0.22117476432197244,1,GO_CHROMOSOME_ORGANIZATION,False,False
MSigDB 6.0 C5 BP,6.0,28,2816,GO_CELLULAR_RESPONSE_TO_STRESS,GO:0033554,C5,BP,msigdb_v6.0_files_to_download_locally/msigdb_v6.0_GMTs/c5.bp.v6.0.entrez.gmt,809,2185,0.48805060918462984,720,89,2096,0.3972413793103448,0.24784853700516352,1,GO_CELLULAR_RESPONSE_TO_STRESS,False,False
MSigDB 6.0 C5 BP,6.0,29,721,GO_POSITIVE_REGULATION_OF_BIOSYNTHETIC_PROCESS,GO:0009891,C5,BP,msigdb_v6.0_files_to_download_locally/msigdb_v6.0_GMTs/c5.bp.v6.0.entrez.gmt,1031,318,0.9254920337394564,717,314,4,0.8184931506849316,0.6927536231884058,1,GO_POSITIVE_REGULATION_OF_BIOSYNTHETIC_PROCESS,False,False
MSigDB 6.0 C5 BP,6.0,30,2793,GO_POSITIVE_REGULATION_OF_RESPONSE_TO_STIMULUS,GO:0048584,C5,BP,msigdb_v6.0_files_to_download_locally/msigdb_v6.0_GMTs/c5.bp.v6.0.entrez.gmt,1112,1913,0.5517806935332709,996,116,1797,0.5101152368758003,0.34238569955311104,1,GO_POSITIVE_REGULATION_OF_RESPONSE_TO_STIMULUS,False,False
MSigDB 6.0 C5 BP,6.0,31,613,GO_VACUOLAR_TRANSPORT,GO:0007034,C5,BP,msigdb_v6.0_files_to_download_locally/msigdb_v6.0_GMTs/c5.bp.v6.0.entrez.gmt,107,540,0.8734770384254921,90,17,523,0.25,0.14285714285714285,1,GO_VACUOLAR_TRANSPORT,False,False
MSigDB 6.0 C5 BP,6.0,32,3696,GO_POSITIVE_REGULATION_OF_RESPONSE_TO_STIMULUS,GO:0048584,C5,BP,msigdb_v6.0_files_to_download_locally/msigdb_v6.0_GMTs/c5.bp.v6.0.entrez.gmt,1112,2724,0.3617619493908154,1042,70,2654,0.4334442595673877,0.2766861391396707,1,GO_POSITIVE_REGULATION_OF_RESPONSE_TO_STIMULUS,False,False
MSigDB 6.0 C5 BP,6.0,33,657,GO_CELLULAR_RESPONSE_TO_OXYGEN_CONTAINING_COMPOUND,GO:1901701,C5,BP,msigdb_v6.0_files_to_download_locally/msigdb_v6.0_GMTs/c5.bp.v6.0.entrez.gmt,485,568,0.8669165885660731,287,198,370,0.5026269702276708,0.33567251461988307,1,GO_CELLULAR_RESPONSE_TO_OXYGEN_CONTAINING_COMPOUND,False,False
MSigDB 6.0 C5 BP,6.0,34,819,GO_REGULATION_OF_PROTEIN_MODIFICATION_PROCESS,GO:0031399,C5,BP,msigdb_v6.0_files_to_download_locally/msigdb_v6.0_GMTs/c5.bp.v6.0.entrez.gmt,951,482,0.887066541705717,644,307,175,0.727683615819209,0.5719360568383659,1,GO_REGULATION_OF_PROTEIN_MODIFICATION_PROCESS,False,False
MSigDB 6.0 C5 BP,6.0,35,1253,GO_CHROMOSOME_ORGANIZATION,GO:0051276,C5,BP,msigdb_v6.0_files_to_download_locally/msigdb_v6.0_GMTs/c5.bp.v6.0.entrez.gmt,476,1091,0.7443767572633553,319,157,934,0.3689994216310006,0.22624113475177304,1,GO_CHROMOSOME_ORGANIZATION,False,False
MSigDB 6.0 C5 BP,6.0,36,746,GO_POSITIVE_REGULATION_OF_CELLULAR_COMPONENT_ORGANIZATION,GO:0051130,C5,BP,msigdb_v6.0_files_to_download_locally/msigdb_v6.0_GMTs/c5.bp.v6.0.entrez.gmt,636,438,0.8973758200562324,472,164,274,0.683068017366136,0.5186813186813187,1,GO_POSITIVE_REGULATION_OF_CELLULAR_COMPONENT_ORGANIZATION,False,False
MSigDB 6.0 C5 BP,6.0,37,819,GO_NEGATIVE_REGULATION_OF_NITROGEN_COMPOUND_METABOLIC_PROCESS,GO:0051172,C5,BP,msigdb_v6.0_files_to_download_locally/msigdb_v6.0_GMTs/c5.bp.v6.0.entrez.gmt,795,464,0.8912839737582006,575,220,244,0.7125154894671624,0.5534167468719923,1,GO_NEGATIVE_REGULATION_OF_NITROGEN_COMPOUND_METABOLIC_PROCESS,False,False
MSigDB 6.0 C5 BP,6.0,38,1626,GO_POSITIVE_REGULATION_OF_BIOSYNTHETIC_PROCESS,GO:0009891,C5,BP,msigdb_v6.0_files_to_download_locally/msigdb_v6.0_GMTs/c5.bp.v6.0.entrez.gmt,1031,949,0.7776476101218369,854,177,772,0.6428302596913813,0.473655019412091,1,GO_POSITIVE_REGULATION_OF_BIOSYNTHETIC_PROCESS,False,False
MSigDB 6.0 C5 BP,6.0,39,742,GO_PEPTIDYL_AMINO_ACID_MODIFICATION,GO:0018193,C5,BP,msigdb_v6.0_files_to_download_locally/msigdb_v6.0_GMTs/c5.bp.v6.0.entrez.gmt,457,581,0.8638706654170571,309,148,433,0.5154295246038365,0.3471910112359551,1,GO_PEPTIDYL_AMINO_ACID_MODIFICATION,False,False
MSigDB 6.0 C5 BP,6.0,40,599,GO_NUCLEIC_ACID_PHOSPHODIESTER_BOND_HYDROLYSIS,GO:0090305,C5,BP,msigdb_v6.0_files_to_download_locally/msigdb_v6.0_GMTs/c5.bp.v6.0.entrez.gmt,88,533,0.8751171508903468,77,11,522,0.22416302765647744,0.12622950819672132,1,GO_NUCLEIC_ACID_PHOSPHODIESTER_BOND_HYDROLYSIS,False,False
MSigDB 6.0 C5 BP,6.0,41,900,GO_ANATOMICAL_STRUCTURE_FORMATION_INVOLVED_IN_MORPHOGENESIS,GO:0048646,C5,BP,msigdb_v6.0_files_to_download_locally/msigdb_v6.0_GMTs/c5.bp.v6.0.entrez.gmt,525,759,0.8221649484536082,333,192,567,0.4673684210526316,0.30494505494505497,1,GO_ANATOMICAL_STRUCTURE_FORMATION_INVOLVED_IN_MORPHOGENESIS,False,False
MSigDB 6.0 C5 BP,6.0,42,794,GO_POSITIVE_REGULATION_OF_MOLECULAR_FUNCTION,GO:0044093,C5,BP,msigdb_v6.0_files_to_download_locally/msigdb_v6.0_GMTs/c5.bp.v6.0.entrez.gmt,950,610,0.8570759137769447,567,383,227,0.6502293577981652,0.4817332200509771,1,GO_POSITIVE_REGULATION_OF_MOLECULAR_FUNCTION,False,False
MSigDB 6.0 C5 BP,6.0,43,880,GO_REGULATION_OF_HOMEOSTATIC_PROCESS,GO:0032844,C5,BP,msigdb_v6.0_files_to_download_locally/msigdb_v6.0_GMTs/c5.bp.v6.0.entrez.gmt,275,721,0.8310684161199625,217,58,663,0.37575757575757573,0.23134328358208955,1,GO_REGULATION_OF_HOMEOSTATIC_PROCESS,False,False
MSigDB 6.0 C5 BP,6.0,44,550,GO_CELL_COMMUNICATION_INVOLVED_IN_CARDIAC_CONDUCTION,GO:0086065,C5,BP,msigdb_v6.0_files_to_download_locally/msigdb_v6.0_GMTs/c5.bp.v6.0.entrez.gmt,18,542,0.873008434864105,13,5,537,0.045774647887323945,0.023423423423423424,2,GO_CELL_COMMUNICATION_INVOLVED_IN_CARDIAC_CONDUCTION|GO_BEHAVIORAL_RESPONSE_TO_COCAINE,False,False
MSigDB 6.0 C5 BP,6.0,45,1124,GO_POSITIVE_REGULATION_OF_BIOSYNTHETIC_PROCESS,GO:0009891,C5,BP,msigdb_v6.0_files_to_download_locally/msigdb_v6.0_GMTs/c5.bp.v6.0.entrez.gmt,1031,521,0.8779287722586692,817,214,307,0.7582366589327146,0.6106128550074739,1,GO_POSITIVE_REGULATION_OF_BIOSYNTHETIC_PROCESS,False,False
MSigDB 6.0 C5 BP,6.0,46,1486,GO_CELLULAR_CATABOLIC_PROCESS,GO:0044248,C5,BP,msigdb_v6.0_files_to_download_locally/msigdb_v6.0_GMTs/c5.bp.v6.0.entrez.gmt,503,1205,0.7176663542642925,392,111,1094,0.3941679235796883,0.24546023794614902,1,GO_CELLULAR_CATABOLIC_PROCESS,False,False
MSigDB 6.0 C5 BP,6.0,47,1522,GO_CELLULAR_CATABOLIC_PROCESS,GO:0044248,C5,BP,msigdb_v6.0_files_to_download_locally/msigdb_v6.0_GMTs/c5.bp.v6.0.entrez.gmt,503,1217,0.71485473289597,404,99,1118,0.39901234567901234,0.24922887106724245,1,GO_CELLULAR_CATABOLIC_PROCESS,False,False
MSigDB 6.0 C5 BP,6.0,48,948,GO_PROTEIN_ACTIVATION_CASCADE,GO:0072376,C5,BP,msigdb_v6.0_files_to_download_locally/msigdb_v6.0_GMTs/c5.bp.v6.0.entrez.gmt,34,924,0.7835051546391752,29,5,919,0.059063136456211814,0.030430220356768102,2,GO_PROTEIN_ACTIVATION_CASCADE|GO_PLATELET_DEGRANULATION,False,False
MSigDB 6.0 C5 BP,6.0,49,882,GO_REGULATION_OF_PROTEIN_MODIFICATION_PROCESS,GO:0031399,C5,BP,msigdb_v6.0_files_to_download_locally/msigdb_v6.0_GMTs/c5.bp.v6.0.entrez.gmt,951,515,0.8793345829428304,659,292,223,0.7190398254228041,0.561328790459966,1,GO_REGULATION_OF_PROTEIN_MODIFICATION_PROCESS,False,False
MSigDB 6.0 C5 BP,6.0,50,1378,GO_NEGATIVE_REGULATION_OF_NITROGEN_COMPOUND_METABOLIC_PROCESS,GO:0051172,C5,BP,msigdb_v6.0_files_to_download_locally/msigdb_v6.0_GMTs/c5.bp.v6.0.entrez.gmt,795,899,0.7893626991565136,637,158,741,0.5862862402208928,0.4147135416666667,1,GO_NEGATIVE_REGULATION_OF_NITROGEN_COMPOUND_METABOLIC_PROCESS,False,False
MSigDB 6.0 C5 BP,6.0,51,1164,GO_POSITIVE_REGULATION_OF_RESPONSE_TO_STIMULUS,GO:0048584,C5,BP,msigdb_v6.0_files_to_download_locally/msigdb_v6.0_GMTs/c5.bp.v6.0.entrez.gmt,1112,714,0.8327085285848173,781,331,383,0.6862917398945518,0.5224080267558529,1,GO_POSITIVE_REGULATION_OF_RESPONSE_TO_STIMULUS,False,False
MSigDB 6.0 C5 BP,6.0,52,1731,GO_POSITIVE_REGULATION_OF_BIOSYNTHETIC_PROCESS,GO:0009891,C5,BP,msigdb_v6.0_files_to_download_locally/msigdb_v6.0_GMTs/c5.bp.v6.0.entrez.gmt,1031,1036,0.7572633552014996,863,168,868,0.6249094858797972,0.454449710373881,1,GO_POSITIVE_REGULATION_OF_BIOSYNTHETIC_PROCESS,False,False
MSigDB 6.0 C5 BP,6.0,53,1635,GO_POSITIVE_REGULATION_OF_GENE_EXPRESSION,GO:0010628,C5,BP,msigdb_v6.0_files_to_download_locally/msigdb_v6.0_GMTs/c5.bp.v6.0.entrez.gmt,984,983,0.7696813495782568,818,166,817,0.6246659030164184,0.45419211549139366,1,GO_POSITIVE_REGULATION_OF_GENE_EXPRESSION,False,False
MSigDB 6.0 C5 BP,6.0,54,957,GO_POSITIVE_REGULATION_OF_CELL_COMMUNICATION,GO:0010647,C5,BP,msigdb_v6.0_files_to_download_locally/msigdb_v6.0_GMTs/c5.bp.v6.0.entrez.gmt,910,625,0.8535613870665417,621,289,336,0.6652383502945902,0.4983948635634029,1,GO_POSITIVE_REGULATION_OF_CELL_COMMUNICATION,False,False
MSigDB 6.0 C5 BP,6.0,55,1017,GO_POSITIVE_REGULATION_OF_BIOSYNTHETIC_PROCESS,GO:0009891,C5,BP,msigdb_v6.0_files_to_download_locally/msigdb_v6.0_GMTs/c5.bp.v6.0.entrez.gmt,1031,570,0.866447985004686,739,292,278,0.7216796875,0.5645530939648586,1,GO_POSITIVE_REGULATION_OF_BIOSYNTHETIC_PROCESS,False,False
MSigDB 6.0 C5 BP,6.0,56,698,GO_REGULATION_OF_MULTICELLULAR_ORGANISMAL_DEVELOPMENT,GO:2000026,C5,BP,msigdb_v6.0_files_to_download_locally/msigdb_v6.0_GMTs/c5.bp.v6.0.entrez.gmt,936,482,0.887066541705717,576,360,122,0.7050183598531212,0.5444234404536862,1,GO_REGULATION_OF_MULTICELLULAR_ORGANISMAL_DEVELOPMENT,False,False
MSigDB 6.0 C5 BP,6.0,57,624,GO_REGULATION_OF_PROTEIN_MODIFICATION_PROCESS,GO:0031399,C5,BP,msigdb_v6.0_files_to_download_locally/msigdb_v6.0_GMTs/c5.bp.v6.0.entrez.gmt,951,341,0.9201030927835052,617,334,7,0.7834920634920635,0.6440501043841336,1,GO_REGULATION_OF_PROTEIN_MODIFICATION_PROCESS,False,False
MSigDB 6.0 C5 BP,6.0,58,604,GO_CHROMATIN_MODIFICATION,GO:0016568,C5,BP,msigdb_v6.0_files_to_download_locally/msigdb_v6.0_GMTs/c5.bp.v6.0.entrez.gmt,299,469,0.8901124648547329,217,82,387,0.4806201550387597,0.3163265306122449,1,GO_CHROMATIN_MODIFICATION,True,False
MSigDB 6.0 C5 BP,6.0,59,892,GO_REGULATION_OF_TRANSCRIPTION_FROM_RNA_POLYMERASE_II_PROMOTER,GO:0006357,C5,BP,msigdb_v6.0_files_to_download_locally/msigdb_v6.0_GMTs/c5.bp.v6.0.entrez.gmt,876,478,0.8880037488284911,645,231,247,0.7296380090497737,0.5743544078361532,1,GO_REGULATION_OF_TRANSCRIPTION_FROM_RNA_POLYMERASE_II_PROMOTER,False,False
MSigDB 6.0 C5 BP,6.0,60,1829,GO_POSITIVE_REGULATION_OF_BIOSYNTHETIC_PROCESS,GO:0009891,C5,BP,msigdb_v6.0_files_to_download_locally/msigdb_v6.0_GMTs/c5.bp.v6.0.entrez.gmt,1031,1108,0.7403936269915652,876,155,953,0.6125874125874126,0.4415322580645161,1,GO_POSITIVE_REGULATION_OF_BIOSYNTHETIC_PROCESS,False,False
MSigDB 6.0 C5 BP,6.0,61,668,GO_ESTABLISHMENT_OF_PROTEIN_LOCALIZATION,GO:0045184,C5,BP,msigdb_v6.0_files_to_download_locally/msigdb_v6.0_GMTs/c5.bp.v6.0.entrez.gmt,524,534,0.8748828491096532,329,195,339,0.552013422818792,0.38122827346465815,1,GO_ESTABLISHMENT_OF_PROTEIN_LOCALIZATION,False,False
MSigDB 6.0 C5 BP,6.0,62,796,GO_REGULATION_OF_CELLULAR_LOCALIZATION,GO:0060341,C5,BP,msigdb_v6.0_files_to_download_locally/msigdb_v6.0_GMTs/c5.bp.v6.0.entrez.gmt,667,545,0.8723055295220243,459,208,337,0.6274777853725222,0.45717131474103584,1,GO_REGULATION_OF_CELLULAR_LOCALIZATION,False,False
MSigDB 6.0 C5 BP,6.0,63,742,GO_PEPTIDYL_AMINO_ACID_MODIFICATION,GO:0018193,C5,BP,msigdb_v6.0_files_to_download_locally/msigdb_v6.0_GMTs/c5.bp.v6.0.entrez.gmt,457,581,0.8638706654170571,309,148,433,0.5154295246038365,0.3471910112359551,1,GO_PEPTIDYL_AMINO_ACID_MODIFICATION,False,False
MSigDB 6.0 C5 BP,6.0,64,762,GO_CELLULAR_RESPONSE_TO_STRESS,GO:0033554,C5,BP,msigdb_v6.0_files_to_download_locally/msigdb_v6.0_GMTs/c5.bp.v6.0.entrez.gmt,809,605,0.8582474226804124,483,326,279,0.6148949713558243,0.44393382352941174,1,GO_CELLULAR_RESPONSE_TO_STRESS,False,False
MSigDB 6.0 C5 BP,6.0,65,536,GO_VACUOLAR_TRANSPORT,GO:0007034,C5,BP,msigdb_v6.0_files_to_download_locally/msigdb_v6.0_GMTs/c5.bp.v6.0.entrez.gmt,107,467,0.89058106841612,88,19,448,0.2737169517884914,0.15855855855855855,1,GO_VACUOLAR_TRANSPORT,False,False
MSigDB 6.0 C5 BP,6.0,66,2043,GO_MOVEMENT_OF_CELL_OR_SUBCELLULAR_COMPONENT,GO:0006928,C5,BP,msigdb_v6.0_files_to_download_locally/msigdb_v6.0_GMTs/c5.bp.v6.0.entrez.gmt,669,1750,0.5899718837863168,481,188,1562,0.3547197640117994,0.2155983863738234,1,GO_MOVEMENT_OF_CELL_OR_SUBCELLULAR_COMPONENT,False,False
MSigDB 6.0 C5 BP,6.0,67,1291,GO_MEMBRANE_ORGANIZATION,GO:0061024,C5,BP,msigdb_v6.0_files_to_download_locally/msigdb_v6.0_GMTs/c5.bp.v6.0.entrez.gmt,359,1216,0.7150890346766635,217,142,1074,0.263030303030303,0.15143056524773202,1,GO_MEMBRANE_ORGANIZATION,False,False
MSigDB 6.0 C5 BP,6.0,68,1737,GO_CHROMOSOME_ORGANIZATION,GO:0051276,C5,BP,msigdb_v6.0_files_to_download_locally/msigdb_v6.0_GMTs/c5.bp.v6.0.entrez.gmt,476,1431,0.6647141518275539,391,85,1346,0.35336647085404427,0.2145993413830955,1,GO_CHROMOSOME_ORGANIZATION,False,False
MSigDB 6.0 C5 BP,6.0,69,1080,GO_CHROMOSOME_ORGANIZATION,GO:0051276,C5,BP,msigdb_v6.0_files_to_download_locally/msigdb_v6.0_GMTs/c5.bp.v6.0.entrez.gmt,476,998,0.7661668228678538,279,197,801,0.35861182519280205,0.21848081440877057,1,GO_CHROMOSOME_ORGANIZATION,False,False
MSigDB 6.0 C5 BP,6.0,70,948,GO_PROTEIN_ACTIVATION_CASCADE,GO:0072376,C5,BP,msigdb_v6.0_files_to_download_locally/msigdb_v6.0_GMTs/c5.bp.v6.0.entrez.gmt,34,924,0.7835051546391752,29,5,919,0.059063136456211814,0.030430220356768102,2,GO_PROTEIN_ACTIVATION_CASCADE|GO_PLATELET_DEGRANULATION,False,False
MSigDB 6.0 C5 BP,6.0,71,597,GO_MICROTUBULE_ORGANIZING_CENTER_ORGANIZATION,GO:0031023,C5,BP,msigdb_v6.0_files_to_download_locally/msigdb_v6.0_GMTs/c5.bp.v6.0.entrez.gmt,44,561,0.8685567010309279,40,4,557,0.12480499219968799,0.06655574043261231,1,GO_MICROTUBULE_ORGANIZING_CENTER_ORGANIZATION,True,False
MSigDB 6.0 C5 BP,6.0,72,653,GO_POSITIVE_REGULATION_OF_GENE_EXPRESSION,GO:0010628,C5,BP,msigdb_v6.0_files_to_download_locally/msigdb_v6.0_GMTs/c5.bp.v6.0.entrez.gmt,984,349,0.9182286785379569,644,340,9,0.786805131337813,0.648539778449144,1,GO_POSITIVE_REGULATION_OF_GENE_EXPRESSION,False,False
MSigDB 6.0 C5 BP,6.0,73,1159,GO_POSITIVE_REGULATION_OF_BIOSYNTHETIC_PROCESS,GO:0009891,C5,BP,msigdb_v6.0_files_to_download_locally/msigdb_v6.0_GMTs/c5.bp.v6.0.entrez.gmt,1031,638,0.8505154639175257,776,255,383,0.708675799086758,0.5487977369165488,1,GO_POSITIVE_REGULATION_OF_BIOSYNTHETIC_PROCESS,False,False
MSigDB 6.0 C5 BP,6.0,74,773,GO_POSITIVE_REGULATION_OF_BIOSYNTHETIC_PROCESS,GO:0009891,C5,BP,msigdb_v6.0_files_to_download_locally/msigdb_v6.0_GMTs/c5.bp.v6.0.entrez.gmt,1031,360,0.915651358950328,722,309,51,0.8004434589800443,0.66728280961183,1,GO_POSITIVE_REGULATION_OF_BIOSYNTHETIC_PROCESS,False,False
MSigDB 6.0 C5 BP,6.0,75,808,GO_PROTEIN_LOCALIZATION,GO:0008104,C5,BP,msigdb_v6.0_files_to_download_locally/msigdb_v6.0_GMTs/c5.bp.v6.0.entrez.gmt,727,557,0.869493908153702,489,238,319,0.6371335504885993,0.46749521988527726,1,GO_PROTEIN_LOCALIZATION,False,False
MSigDB 6.0 C5 BP,6.0,76,1225,GO_PROTEIN_COMPLEX_SUBUNIT_ORGANIZATION,GO:0071822,C5,BP,msigdb_v6.0_files_to_download_locally/msigdb_v6.0_GMTs/c5.bp.v6.0.entrez.gmt,651,980,0.7703842549203375,448,203,777,0.47761194029850745,0.3137254901960784,1,GO_PROTEIN_COMPLEX_SUBUNIT_ORGANIZATION,False,False
MSigDB 6.0 C5 BP,6.0,77,547,GO_NUCLEIC_ACID_PHOSPHODIESTER_BOND_HYDROLYSIS,GO:0090305,C5,BP,msigdb_v6.0_files_to_download_locally/msigdb_v6.0_GMTs/c5.bp.v6.0.entrez.gmt,88,481,0.8873008434864105,77,11,470,0.24251968503937008,0.13799283154121864,1,GO_NUCLEIC_ACID_PHOSPHODIESTER_BOND_HYDROLYSIS,False,False
MSigDB 6.0 C5 BP,6.0,78,1054,GO_POSITIVE_REGULATION_OF_BIOSYNTHETIC_PROCESS,GO:0009891,C5,BP,msigdb_v6.0_files_to_download_locally/msigdb_v6.0_GMTs/c5.bp.v6.0.entrez.gmt,1031,555,0.8699625117150891,765,266,289,0.7338129496402878,0.5795454545454546,1,GO_POSITIVE_REGULATION_OF_BIOSYNTHETIC_PROCESS,False,False
MSigDB 6.0 C5 BP,6.0,79,900,GO_REGULATION_OF_TRANSCRIPTION_FROM_RNA_POLYMERASE_II_PROMOTER,GO:0006357,C5,BP,msigdb_v6.0_files_to_download_locally/msigdb_v6.0_GMTs/c5.bp.v6.0.entrez.gmt,876,482,0.887066541705717,647,229,253,0.7286036036036037,0.5730735163861824,1,GO_REGULATION_OF_TRANSCRIPTION_FROM_RNA_POLYMERASE_II_PROMOTER,False,False
MSigDB 6.0 C5 BP,6.0,80,758,GO_PEPTIDYL_AMINO_ACID_MODIFICATION,GO:0018193,C5,BP,msigdb_v6.0_files_to_download_locally/msigdb_v6.0_GMTs/c5.bp.v6.0.entrez.gmt,457,597,0.8601218369259607,309,148,449,0.508641975308642,0.34105960264900664,1,GO_PEPTIDYL_AMINO_ACID_MODIFICATION,False,False
MSigDB 6.0 C5 BP,6.0,81,2035,GO_POSITIVE_REGULATION_OF_GENE_EXPRESSION,GO:0010628,C5,BP,msigdb_v6.0_files_to_download_locally/msigdb_v6.0_GMTs/c5.bp.v6.0.entrez.gmt,984,1731,0.5944236176194939,644,340,1391,0.42663133487909904,0.2711578947368421,1,GO_POSITIVE_REGULATION_OF_GENE_EXPRESSION,False,False
MSigDB 6.0 C5 BP,6.0,82,1103,GO_POSITIVE_REGULATION_OF_BIOSYNTHETIC_PROCESS,GO:0009891,C5,BP,msigdb_v6.0_files_to_download_locally/msigdb_v6.0_GMTs/c5.bp.v6.0.entrez.gmt,1031,624,0.8537956888472352,755,276,348,0.7075913776944704,0.5474981870920957,1,GO_POSITIVE_REGULATION_OF_BIOSYNTHETIC_PROCESS,False,False
MSigDB 6.0 C5 BP,6.0,83,785,GO_ENZYME_LINKED_RECEPTOR_PROTEIN_SIGNALING_PATHWAY,GO:0007167,C5,BP,msigdb_v6.0_files_to_download_locally/msigdb_v6.0_GMTs/c5.bp.v6.0.entrez.gmt,402,715,0.8324742268041238,236,166,549,0.3976411120471778,0.24815983175604628,1,GO_ENZYME_LINKED_RECEPTOR_PROTEIN_SIGNALING_PATHWAY,False,True
MSigDB 6.0 C5 BP,6.0,84,582,GO_PROTEIN_AUTOPHOSPHORYLATION,GO:0046777,C5,BP,msigdb_v6.0_files_to_download_locally/msigdb_v6.0_GMTs/c5.bp.v6.0.entrez.gmt,137,471,0.8896438612933458,124,13,458,0.34492350486787204,0.20840336134453782,1,GO_PROTEIN_AUTOPHOSPHORYLATION,True,False
MSigDB 6.0 C5 BP,6.0,85,2406,GO_PROTEIN_LOCALIZATION,GO:0008104,C5,BP,msigdb_v6.0_files_to_download_locally/msigdb_v6.0_GMTs/c5.bp.v6.0.entrez.gmt,727,2003,0.5306935332708529,565,162,1841,0.36067666773060963,0.22001557632398755,1,GO_PROTEIN_LOCALIZATION,False,False
MSigDB 6.0 C5 BP,6.0,86,339,GO_MRNA_METABOLIC_PROCESS,GO:0016071,C5,BP,msigdb_v6.0_files_to_download_locally/msigdb_v6.0_GMTs/c5.bp.v6.0.entrez.gmt,202,285,0.933223992502343,128,74,211,0.4731977818853974,0.3099273607748184,1,GO_MRNA_METABOLIC_PROCESS,False,False
MSigDB 6.0 C5 BP,6.0,87,1132,GO_POSITIVE_REGULATION_OF_GENE_EXPRESSION,GO:0010628,C5,BP,msigdb_v6.0_files_to_download_locally/msigdb_v6.0_GMTs/c5.bp.v6.0.entrez.gmt,984,584,0.8631677600749765,766,218,366,0.724007561436673,0.5674074074074074,1,GO_POSITIVE_REGULATION_OF_GENE_EXPRESSION,False,False
MSigDB 6.0 C5 BP,6.0,88,1108,GO_POSITIVE_REGULATION_OF_GENE_EXPRESSION,GO:0010628,C5,BP,msigdb_v6.0_files_to_download_locally/msigdb_v6.0_GMTs/c5.bp.v6.0.entrez.gmt,984,536,0.8744142455482662,778,206,330,0.7437858508604207,0.5920852359208524,1,GO_POSITIVE_REGULATION_OF_GENE_EXPRESSION,False,False
MSigDB 6.0 C5 BP,6.0,89,766,GO_NEGATIVE_REGULATION_OF_NITROGEN_COMPOUND_METABOLIC_PROCESS,GO:0051172,C5,BP,msigdb_v6.0_files_to_download_locally/msigdb_v6.0_GMTs/c5.bp.v6.0.entrez.gmt,795,445,0.8957357075913777,558,237,208,0.7149263292761051,0.5563310069790628,1,GO_NEGATIVE_REGULATION_OF_NITROGEN_COMPOUND_METABOLIC_PROCESS,False,False
MSigDB 6.0 C5 BP,6.0,90,702,GO_POSITIVE_REGULATION_OF_RESPONSE_TO_STIMULUS,GO:0048584,C5,BP,msigdb_v6.0_files_to_download_locally/msigdb_v6.0_GMTs/c5.bp.v6.0.entrez.gmt,1112,418,0.9020618556701031,698,414,4,0.7695700110253583,0.6254480286738351,1,GO_POSITIVE_REGULATION_OF_RESPONSE_TO_STIMULUS,False,False
MSigDB 6.0 C5 BP,6.0,91,913,GO_PROTEOLYSIS,GO:0006508,C5,BP,msigdb_v6.0_files_to_download_locally/msigdb_v6.0_GMTs/c5.bp.v6.0.entrez.gmt,461,700,0.8359887535145267,337,124,576,0.49053857350800584,0.32497589199614274,1,GO_PROTEOLYSIS,False,False
MSigDB 6.0 C5 BP,6.0,92,1174,GO_PEPTIDYL_AMINO_ACID_MODIFICATION,GO:0018193,C5,BP,msigdb_v6.0_files_to_download_locally/msigdb_v6.0_GMTs/c5.bp.v6.0.entrez.gmt,457,971,0.7724929709465792,330,127,844,0.404659717964439,0.2536510376633359,1,GO_PEPTIDYL_AMINO_ACID_MODIFICATION,False,False
MSigDB 6.0 C5 BP,6.0,93,725,GO_POSITIVE_REGULATION_OF_GENE_EXPRESSION,GO:0010628,C5,BP,msigdb_v6.0_files_to_download_locally/msigdb_v6.0_GMTs/c5.bp.v6.0.entrez.gmt,984,265,0.9379100281162137,722,262,3,0.844938560561732,0.7315096251266464,1,GO_POSITIVE_REGULATION_OF_GENE_EXPRESSION,False,False
MSigDB 6.0 C5 BP,6.0,94,864,GO_ANATOMICAL_STRUCTURE_FORMATION_INVOLVED_IN_MORPHOGENESIS,GO:0048646,C5,BP,msigdb_v6.0_files_to_download_locally/msigdb_v6.0_GMTs/c5.bp.v6.0.entrez.gmt,525,727,0.8296626054358013,331,194,533,0.476601871850252,0.31285444234404536,1,GO_ANATOMICAL_STRUCTURE_FORMATION_INVOLVED_IN_MORPHOGENESIS,False,False
MSigDB 6.0 C5 BP,6.0,95,1149,GO_PROTEIN_AUTOPHOSPHORYLATION,GO:0046777,C5,BP,msigdb_v6.0_files_to_download_locally/msigdb_v6.0_GMTs/c5.bp.v6.0.entrez.gmt,137,1038,0.7567947516401125,124,13,1025,0.19284603421461896,0.10671256454388985,1,GO_PROTEIN_AUTOPHOSPHORYLATION,True,False
MSigDB 6.0 C5 BP,6.0,96,658,GO_CELLULAR_RESPONSE_TO_STRESS,GO:0033554,C5,BP,msigdb_v6.0_files_to_download_locally/msigdb_v6.0_GMTs/c5.bp.v6.0.entrez.gmt,809,533,0.8751171508903468,467,342,191,0.6366734832992502,0.467,1,GO_CELLULAR_RESPONSE_TO_STRESS,False,False
MSigDB 6.0 C5 BP,6.0,97,1577,GO_CELLULAR_CATABOLIC_PROCESS,GO:0044248,C5,BP,msigdb_v6.0_files_to_download_locally/msigdb_v6.0_GMTs/c5.bp.v6.0.entrez.gmt,503,1266,0.7033739456419869,407,96,1170,0.39134615384615384,0.24327555289898387,1,GO_CELLULAR_CATABOLIC_PROCESS,False,False
MSigDB 6.0 C5 BP,6.0,98,1741,GO_POSITIVE_REGULATION_OF_BIOSYNTHETIC_PROCESS,GO:0009891,C5,BP,msigdb_v6.0_files_to_download_locally/msigdb_v6.0_GMTs/c5.bp.v6.0.entrez.gmt,1031,1014,0.7624179943767573,879,152,862,0.6341991341991342,0.4643423137876387,1,GO_POSITIVE_REGULATION_OF_BIOSYNTHETIC_PROCESS,False,False
MSigDB 6.0 C5 BP,6.0,99,1042,GO_PLATELET_DEGRANULATION,GO:0002576,C5,BP,msigdb_v6.0_files_to_download_locally/msigdb_v6.0_GMTs/c5.bp.v6.0.entrez.gmt,64,1012,0.7628865979381443,47,17,995,0.08499095840867993,0.044381491973559964,1,GO_PLATELET_DEGRANULATION,False,True
MSigDB 6.0 C5 BP,6.0,100,1893,GO_NEGATIVE_REGULATION_OF_NITROGEN_COMPOUND_METABOLIC_PROCESS,GO:0051172,C5,BP,msigdb_v6.0_files_to_download_locally/msigdb_v6.0_GMTs/c5.bp.v6.0.entrez.gmt,795,1690,0.6040299906279287,499,296,1394,0.3712797619047619,0.22795797167656465,1,GO_NEGATIVE_REGULATION_OF_NITROGEN_COMPOUND_METABOLIC_PROCESS,False,False
MSigDB 6.0 C5 BP,6.0,101,977,GO_POSITIVE_REGULATION_OF_CELL_COMMUNICATION,GO:0010647,C5,BP,msigdb_v6.0_files_to_download_locally/msigdb_v6.0_GMTs/c5.bp.v6.0.entrez.gmt,910,615,0.8559044048734771,636,274,341,0.6740858505564388,0.5083932853717026,1,GO_POSITIVE_REGULATION_OF_CELL_COMMUNICATION,False,False
MSigDB 6.0 C5 BP,6.0,102,726,GO_INORGANIC_ION_TRANSMEMBRANE_TRANSPORT,GO:0098660,C5,BP,msigdb_v6.0_files_to_download_locally/msigdb_v6.0_GMTs/c5.bp.v6.0.entrez.gmt,169,695,0.8371602624179943,100,69,626,0.22346368715083798,0.12578616352201258,1,GO_INORGANIC_ION_TRANSMEMBRANE_TRANSPORT,False,False
MSigDB 6.0 C5 BP,6.0,103,1207,GO_POSITIVE_REGULATION_OF_BIOSYNTHETIC_PROCESS,GO:0009891,C5,BP,msigdb_v6.0_files_to_download_locally/msigdb_v6.0_GMTs/c5.bp.v6.0.entrez.gmt,1031,584,0.8631677600749765,827,204,380,0.7390527256478999,0.5861091424521616,1,GO_POSITIVE_REGULATION_OF_BIOSYNTHETIC_PROCESS,False,False
MSigDB 6.0 C5 BP,6.0,104,774,GO_POSITIVE_REGULATION_OF_BIOSYNTHETIC_PROCESS,GO:0009891,C5,BP,msigdb_v6.0_files_to_download_locally/msigdb_v6.0_GMTs/c5.bp.v6.0.entrez.gmt,1031,265,0.9379100281162137,770,261,4,0.853185595567867,0.7439613526570048,1,GO_POSITIVE_REGULATION_OF_BIOSYNTHETIC_PROCESS,False,False
MSigDB 6.0 C5 BP,6.0,105,1170,GO_CELLULAR_RESPONSE_TO_STRESS,GO:0033554,C5,BP,msigdb_v6.0_files_to_download_locally/msigdb_v6.0_GMTs/c5.bp.v6.0.entrez.gmt,809,915,0.785613870665417,532,277,638,0.5376452753916119,0.3676572218382861,1,GO_CELLULAR_RESPONSE_TO_STRESS,False,False
MSigDB 6.0 C5 BP,6.0,106,1153,GO_ACTIN_FILAMENT_BASED_PROCESS,GO:0030029,C5,BP,msigdb_v6.0_files_to_download_locally/msigdb_v6.0_GMTs/c5.bp.v6.0.entrez.gmt,227,1118,0.7380506091846297,131,96,1022,0.18985507246376812,0.10488390712570056,1,GO_ACTIN_FILAMENT_BASED_PROCESS,False,False
MSigDB 6.0 C5 BP,6.0,107,695,GO_COVALENT_CHROMATIN_MODIFICATION,GO:0016569,C5,BP,msigdb_v6.0_files_to_download_locally/msigdb_v6.0_GMTs/c5.bp.v6.0.entrez.gmt,217,572,0.865979381443299,170,47,525,0.37280701754385964,0.22911051212938005,1,GO_COVALENT_CHROMATIN_MODIFICATION,False,False
MSigDB 6.0 C5 BP,6.0,108,1697,GO_CHROMOSOME_ORGANIZATION,GO:0051276,C5,BP,msigdb_v6.0_files_to_download_locally/msigdb_v6.0_GMTs/c5.bp.v6.0.entrez.gmt,476,1391,0.6740862230552952,391,85,1306,0.3598711458812701,0.21941638608305275,1,GO_CHROMOSOME_ORGANIZATION,False,False
MSigDB 6.0 C5 BP,6.0,109,1389,GO_ESTABLISHMENT_OF_PROTEIN_LOCALIZATION,GO:0045184,C5,BP,msigdb_v6.0_files_to_download_locally/msigdb_v6.0_GMTs/c5.bp.v6.0.entrez.gmt,524,1265,0.7036082474226804,324,200,1065,0.3387349712493466,0.2039018250471995,1,GO_ESTABLISHMENT_OF_PROTEIN_LOCALIZATION,False,False
MSigDB 6.0 C5 BP,6.0,110,1149,GO_CHROMOSOME_ORGANIZATION,GO:0051276,C5,BP,msigdb_v6.0_files_to_download_locally/msigdb_v6.0_GMTs/c5.bp.v6.0.entrez.gmt,476,935,0.7809278350515464,345,131,804,0.4246153846153846,0.26953125,1,GO_CHROMOSOME_ORGANIZATION,False,False
MSigDB 6.0 C5 BP,6.0,111,761,GO_POSITIVE_REGULATION_OF_BIOSYNTHETIC_PROCESS,GO:0009891,C5,BP,msigdb_v6.0_files_to_download_locally/msigdb_v6.0_GMTs/c5.bp.v6.0.entrez.gmt,1031,278,0.9348641049671977,757,274,4,0.8448660714285714,0.7314009661835749,1,GO_POSITIVE_REGULATION_OF_BIOSYNTHETIC_PROCESS,False,False
MSigDB 6.0 C5 BP,6.0,112,1108,GO_POSITIVE_REGULATION_OF_BIOSYNTHETIC_PROCESS,GO:0009891,C5,BP,msigdb_v6.0_files_to_download_locally/msigdb_v6.0_GMTs/c5.bp.v6.0.entrez.gmt,1031,525,0.876991565135895,807,224,301,0.7545582047685835,0.6058558558558559,1,GO_POSITIVE_REGULATION_OF_BIOSYNTHETIC_PROCESS,False,False
MSigDB 6.0 C5 BP,6.0,113,1155,GO_POSITIVE_REGULATION_OF_BIOSYNTHETIC_PROCESS,GO:0009891,C5,BP,msigdb_v6.0_files_to_download_locally/msigdb_v6.0_GMTs/c5.bp.v6.0.entrez.gmt,1031,556,0.8697282099343955,815,216,340,0.7456541628545288,0.5944566010211525,1,GO_POSITIVE_REGULATION_OF_BIOSYNTHETIC_PROCESS,False,False
MSigDB 6.0 C5 BP,6.0,114,777,GO_NEGATIVE_REGULATION_OF_NITROGEN_COMPOUND_METABOLIC_PROCESS,GO:0051172,C5,BP,msigdb_v6.0_files_to_download_locally/msigdb_v6.0_GMTs/c5.bp.v6.0.entrez.gmt,795,436,0.8978444236176195,568,227,209,0.72264631043257,0.5657370517928287,1,GO_NEGATIVE_REGULATION_OF_NITROGEN_COMPOUND_METABOLIC_PROCESS,False,False
MSigDB 6.0 C5 BP,6.0,115,1663,GO_POSITIVE_REGULATION_OF_BIOSYNTHETIC_PROCESS,GO:0009891,C5,BP,msigdb_v6.0_files_to_download_locally/msigdb_v6.0_GMTs/c5.bp.v6.0.entrez.gmt,1031,968,0.7731958762886598,863,168,800,0.6406829992576095,0.4713271436373566,1,GO_POSITIVE_REGULATION_OF_BIOSYNTHETIC_PROCESS,False,False
MSigDB 6.0 C5 BP,6.0,116,3612,GO_POSITIVE_REGULATION_OF_RESPONSE_TO_STIMULUS,GO:0048584,C5,BP,msigdb_v6.0_files_to_download_locally/msigdb_v6.0_GMTs/c5.bp.v6.0.entrez.gmt,1112,2816,0.3402061855670103,954,158,2658,0.4038950042337002,0.2530503978779841,1,GO_POSITIVE_REGULATION_OF_RESPONSE_TO_STIMULUS,False,False
MSigDB 6.0 C5 BP,6.0,117,2929,GO_POSITIVE_REGULATION_OF_GENE_EXPRESSION,GO:0010628,C5,BP,msigdb_v6.0_files_to_download_locally/msigdb_v6.0_GMTs/c5.bp.v6.0.entrez.gmt,984,2381,0.4421274601686973,766,218,2163,0.39151546128290315,0.24340641881156658,1,GO_POSITIVE_REGULATION_OF_GENE_EXPRESSION,False,False
MSigDB 6.0 C5 BP,6.0,118,3252,GO_POSITIVE_REGULATION_OF_BIOSYNTHETIC_PROCESS,GO:0009891,C5,BP,msigdb_v6.0_files_to_download_locally/msigdb_v6.0_GMTs/c5.bp.v6.0.entrez.gmt,1031,2585,0.39432989690721654,849,182,2403,0.3964510856876021,0.24723354688410018,1,GO_POSITIVE_REGULATION_OF_BIOSYNTHETIC_PROCESS,False,False
MSigDB 6.0 C5 BP,6.0,119,2101,GO_CELL_CYCLE,GO:0007049,C5,BP,msigdb_v6.0_files_to_download_locally/msigdb_v6.0_GMTs/c5.bp.v6.0.entrez.gmt,620,1815,0.5747422680412371,453,167,1648,0.33296582138919517,0.19973544973544974,1,GO_CELL_CYCLE,False,False
MSigDB 6.0 C5 BP,6.0,120,959,GO_REGULATION_OF_TRANSCRIPTION_FROM_RNA_POLYMERASE_II_PROMOTER,GO:0006357,C5,BP,msigdb_v6.0_files_to_download_locally/msigdb_v6.0_GMTs/c5.bp.v6.0.entrez.gmt,876,537,0.8741799437675726,649,227,310,0.7073569482288828,0.5472175379426644,1,GO_REGULATION_OF_TRANSCRIPTION_FROM_RNA_POLYMERASE_II_PROMOTER,False,False
