filter_spec,cutoff_date_inclusive,false_positives,false_negatives,total_mismatches,exact_columns,at_least_99pct,at_least_95pct
original_six,20000627,0,144844,144844,0,0,0
original_six,20010813,0,144811,144811,0,0,0
original_six,20010814,0,144795,144795,0,0,0
original_six,20010821,0,144747,144747,0,0,0
original_six,20010822,0,144746,144746,0,0,0
original_six,20010824,0,144737,144737,0,0,0
original_six,20010828,0,144725,144725,0,0,0
original_six,20010830,0,144680,144680,0,0,0
original_six,20010831,0,144679,144679,0,0,0
original_six,20010906,0,144668,144668,0,0,0
original_six,20010912,0,144648,144648,0,0,0
original_six,20010918,0,144644,144644,0,0,0
original_six,20010920,0,144631,144631,0,0,0
original_six,20010926,0,144627,144627,0,0,0
original_six,20010928,0,144619,144619,0,0,0
original_six,20011002,0,144587,144587,0,0,0
original_six,20011004,0,144527,144527,0,0,0
original_six,20011120,0,144525,144525,0,0,0
original_six,20011206,0,144509,144509,0,0,0
original_six,20011217,0,144501,144501,0,0,0
original_six,20020111,0,144498,144498,0,0,0
original_six,20020117,0,144489,144489,0,0,0
original_six,20020123,0,144474,144474,0,0,0
original_six,20020129,0,144471,144471,0,0,0
original_six,20020212,0,144446,144446,0,0,0
original_six,20020502,0,144442,144442,0,0,0
original_six,20020503,0,144423,144423,0,0,0
original_six,20020522,0,144419,144419,0,0,0
original_six,20020529,0,144406,144406,0,0,0
original_six,20020605,0,144391,144391,0,0,0
original_six,20020606,0,144350,144350,0,0,0
original_six,20020612,0,144334,144334,0,0,0
original_six,20020618,0,144303,144303,0,0,0
original_six,20020627,0,144256,144256,0,0,0
original_six,20020730,0,144254,144254,0,0,0
original_six,20020731,0,144235,144235,0,0,0
original_six,20020806,0,144233,144233,0,0,0
original_six,20020808,0,144231,144231,0,0,0
original_six,20020814,0,144195,144195,0,0,0
original_six,20020821,0,144174,144174,0,0,0
original_six,20020822,0,144166,144166,0,0,0
original_six,20020827,0,144163,144163,0,0,0
original_six,20020828,0,144137,144137,0,0,0
original_six,20020906,0,144126,144126,0,0,0
original_six,20020913,0,144102,144102,0,0,0
original_six,20021004,0,144093,144093,0,0,0
original_six,20021011,0,144052,144052,0,0,0
original_six,20021014,0,144035,144035,0,0,0
original_six,20021104,0,144029,144029,0,0,0
original_six,20021105,0,144008,144008,0,0,0
original_six,20021106,0,143978,143978,0,0,0
original_six,20021107,0,143974,143974,0,0,0
original_six,20021114,0,143964,143964,0,0,0
original_six,20021129,0,143949,143949,0,0,0
original_six,20021216,0,143902,143902,0,0,0
original_six,20021218,0,143893,143893,0,0,0
original_six,20021223,0,143883,143883,0,0,0
original_six,20030103,0,143879,143879,0,0,0
original_six,20030106,0,143875,143875,0,0,0
original_six,20030110,0,143858,143858,0,0,0
original_six,20030116,0,143844,143844,0,0,0
original_six,20030121,0,143836,143836,0,0,0
original_six,20030129,0,143816,143816,0,0,0
original_six,20030130,0,143806,143806,0,0,0
original_six,20030205,0,143782,143782,0,0,0
original_six,20030206,0,143765,143765,0,0,0
original_six,20030212,0,143749,143749,0,0,0
original_six,20030217,0,143741,143741,0,0,0
original_six,20030228,0,143724,143724,0,0,0
original_six,20030306,0,143701,143701,0,0,0
original_six,20030317,0,143681,143681,0,0,0
original_six,20030319,0,143641,143641,0,0,0
original_six,20030324,0,143630,143630,0,0,0
original_six,20030327,0,143605,143605,0,0,0
original_six,20030328,0,143561,143561,0,0,0
original_six,20030404,0,143501,143501,0,0,0
original_six,20030418,0,143470,143470,0,0,0
original_six,20030422,0,143450,143450,0,0,0
original_six,20030423,0,143431,143431,0,0,0
original_six,20030424,0,143400,143400,0,0,0
original_six,20030425,0,143369,143369,0,0,0
original_six,20030428,0,143324,143324,0,0,0
original_six,20030519,0,143316,143316,0,0,0
original_six,20030523,0,143309,143309,0,0,0
original_six,20030609,0,143305,143305,0,0,0
original_six,20030623,0,143300,143300,0,0,0
original_six,20030627,0,143262,143262,0,0,0
original_six,20030702,0,143253,143253,0,0,0
original_six,20030703,0,143244,143244,0,0,0
original_six,20030709,0,143216,143216,0,0,0
original_six,20030716,0,143202,143202,0,0,0
original_six,20030717,0,143192,143192,0,0,0
original_six,20030721,0,143179,143179,0,0,0
original_six,20030722,0,143166,143166,0,0,0
original_six,20030723,0,143155,143155,0,0,0
original_six,20030724,0,143137,143137,0,0,0
original_six,20030728,0,143105,143105,0,0,0
original_six,20030729,0,143073,143073,0,0,0
original_six,20030801,0,143065,143065,0,0,0
original_six,20030804,0,143037,143037,0,0,0
original_six,20030805,0,142986,142986,0,0,0
original_six,20030806,0,142977,142977,0,0,0
original_six,20030807,0,142943,142943,0,0,0
original_six,20030811,0,142925,142925,0,0,0
original_six,20030813,0,142862,142862,0,0,0
original_six,20030814,0,142777,142777,0,0,0
original_six,20030818,0,142755,142755,0,0,0
original_six,20030820,0,142753,142753,0,0,0
original_six,20030821,0,142712,142712,0,0,0
original_six,20030822,0,142273,142273,0,0,0
original_six,20030826,0,142236,142236,0,0,0
original_six,20030827,0,142211,142211,0,0,0
original_six,20030904,0,142210,142210,0,0,0
original_six,20030908,0,142180,142180,0,0,0
original_six,20030909,0,142111,142111,0,0,0
original_six,20031002,0,142084,142084,0,0,0
original_six,20031021,0,142000,142000,0,0,0
original_six,20031023,0,141957,141957,0,0,0
original_six,20031031,0,141950,141950,0,0,0
original_six,20031103,0,141927,141927,0,0,0
original_six,20031106,0,141879,141879,0,0,0
original_six,20031107,0,141837,141837,0,0,0
original_six,20031111,0,141755,141755,0,0,0
original_six,20031118,0,141719,141719,0,0,0
original_six,20031121,0,141690,141690,0,0,0
original_six,20031125,0,141578,141578,0,0,0
original_six,20031127,0,141572,141572,0,0,0
original_six,20031128,0,141564,141564,0,0,0
original_six,20031201,0,141562,141562,0,0,0
original_six,20031202,0,141553,141553,0,0,0
original_six,20031211,0,141539,141539,0,0,0
original_six,20031216,0,140561,140561,0,0,0
original_six,20031219,0,140548,140548,0,0,0
original_six,20040116,0,140540,140540,0,0,0
original_six,20040121,0,140515,140515,0,0,0
original_six,20040122,0,140514,140514,0,0,0
original_six,20040128,0,140491,140491,0,0,0
original_six,20040129,0,140488,140488,0,0,0
original_six,20040202,0,140461,140461,0,0,0
original_six,20040205,0,140428,140428,0,0,0
original_six,20040211,0,140424,140424,0,0,0
original_six,20040212,0,140418,140418,0,0,0
original_six,20040216,0,140390,140390,0,0,0
original_six,20040220,0,140386,140386,0,0,0
original_six,20040223,0,140268,140268,0,0,0
original_six,20040224,0,140221,140221,0,0,0
original_six,20040226,0,140217,140217,0,0,0
original_six,20040227,0,140184,140184,0,0,0
original_six,20040301,0,140165,140165,0,0,0
original_six,20040303,0,140157,140157,0,0,0
original_six,20040305,0,140143,140143,0,0,0
original_six,20040309,0,140126,140126,0,0,0
original_six,20040310,0,140096,140096,0,0,0
original_six,20040311,0,139735,139735,0,0,0
original_six,20040312,0,139371,139371,0,0,0
original_six,20040317,0,139365,139365,0,0,0
original_six,20040319,0,139344,139344,0,0,0
original_six,20040330,0,139300,139300,0,0,0
original_six,20040405,0,139280,139280,0,0,0
original_six,20040406,0,139242,139242,0,0,0
original_six,20040407,0,139204,139204,0,0,0
original_six,20040408,0,139168,139168,0,0,0
original_six,20040413,0,139103,139103,0,0,0
original_six,20040414,0,139080,139080,0,0,0
original_six,20040415,0,139065,139065,0,0,0
original_six,20040416,0,139055,139055,0,0,0
original_six,20040419,0,139048,139048,0,0,0
original_six,20040420,0,139032,139032,0,0,0
original_six,20040421,0,139026,139026,0,0,0
original_six,20040427,0,139001,139001,0,0,0
original_six,20040430,0,138951,138951,0,0,0
original_six,20040505,0,138951,138951,0,0,0
original_six,20040506,0,138941,138941,0,0,0
original_six,20040512,0,138927,138927,0,0,0
original_six,20040513,0,138913,138913,0,0,0
original_six,20040514,0,138869,138869,0,0,0
original_six,20040518,0,138853,138853,0,0,0
original_six,20040519,0,138830,138830,0,0,0
original_six,20040524,0,138797,138797,0,0,0
original_six,20040526,0,138772,138772,0,0,0
original_six,20040528,0,138742,138742,0,0,0
original_six,20040601,0,138738,138738,0,0,0
original_six,20040602,0,138738,138738,0,0,0
original_six,20040607,0,138717,138717,0,0,0
original_six,20040608,0,138672,138672,0,0,0
original_six,20040609,0,138668,138668,0,0,0
original_six,20040610,0,138665,138665,0,0,0
original_six,20040611,0,138660,138660,0,0,0
original_six,20040614,0,138659,138659,0,0,0
original_six,20040615,0,138649,138649,0,0,0
original_six,20040616,0,138601,138601,0,0,0
original_six,20040617,0,138599,138599,0,0,0
original_six,20040622,0,138514,138514,0,0,0
original_six,20040623,0,138502,138502,0,0,0
original_six,20040629,0,138492,138492,0,0,0
original_six,20040701,0,138488,138488,0,0,0
original_six,20040702,0,138485,138485,0,0,0
original_six,20040706,0,138423,138423,0,0,0
original_six,20040707,0,138418,138418,0,0,0
original_six,20040708,0,138401,138401,0,0,0
original_six,20040709,0,138372,138372,0,0,0
original_six,20040712,0,138369,138369,0,0,0
original_six,20040716,0,138364,138364,0,0,0
original_six,20040719,0,138330,138330,0,0,0
original_six,20040720,0,138305,138305,0,0,0
original_six,20040722,0,138273,138273,0,0,0
original_six,20040723,0,138271,138271,0,0,0
original_six,20040726,0,138269,138269,0,0,0
original_six,20040727,0,138245,138245,0,0,0
original_six,20040728,0,138234,138234,0,0,0
original_six,20040729,0,138189,138189,0,0,0
original_six,20040730,0,138165,138165,0,0,0
original_six,20040802,0,138123,138123,0,0,0
original_six,20040803,0,138121,138121,0,0,0
original_six,20040804,0,138077,138077,0,0,0
original_six,20040805,0,138022,138022,0,0,0
original_six,20040806,0,138013,138013,0,0,0
original_six,20040809,0,137936,137936,0,0,0
original_six,20040810,0,137920,137920,0,0,0
original_six,20040811,0,137917,137917,0,0,0
original_six,20040812,0,137892,137892,0,0,0
original_six,20040813,0,137873,137873,0,0,0
original_six,20040816,0,137857,137857,0,0,0
original_six,20040817,0,137793,137793,0,0,0
original_six,20040818,0,137760,137760,0,0,0
original_six,20040820,0,137718,137718,0,0,0
original_six,20040823,0,137695,137695,0,0,0
original_six,20040902,0,137690,137690,0,0,0
original_six,20040906,0,137685,137685,0,0,0
original_six,20040910,0,137681,137681,0,0,0
original_six,20040914,0,137646,137646,0,0,0
original_six,20040916,0,137558,137558,0,0,0
original_six,20040921,0,137547,137547,0,0,0
original_six,20040924,0,137522,137522,0,0,0
original_six,20040929,0,137514,137514,0,0,0
original_six,20041004,0,137504,137504,0,0,0
original_six,20041005,0,137460,137460,0,0,0
original_six,20041006,0,136437,136437,0,0,0
original_six,20041007,0,136395,136395,0,0,0
original_six,20041008,0,136377,136377,0,0,0
original_six,20041014,0,136367,136367,0,0,0
original_six,20041015,0,136337,136337,0,0,0
original_six,20041018,0,136222,136222,0,0,0
original_six,20041019,0,136175,136175,0,0,0
original_six,20041020,0,136145,136145,0,0,0
original_six,20041021,0,136142,136142,0,0,0
original_six,20041022,0,136134,136134,0,0,0
original_six,20041025,0,136121,136121,0,0,0
original_six,20041026,0,136112,136112,0,0,0
original_six,20041027,0,136110,136110,0,0,0
original_six,20041029,0,136089,136089,0,0,0
original_six,20041101,0,136049,136049,0,0,0
original_six,20041102,0,136041,136041,0,0,0
original_six,20041103,0,136028,136028,0,0,0
original_six,20041105,0,135987,135987,0,0,0
original_six,20041109,0,135944,135944,0,0,0
original_six,20041111,0,135943,135943,0,0,0
original_six,20041116,0,135924,135924,0,0,0
original_six,20041118,0,135910,135910,0,0,0
original_six,20041119,0,135806,135806,0,0,0
original_six,20041122,0,135793,135793,0,0,0
original_six,20041130,0,135757,135757,0,0,0
original_six,20041201,0,135738,135738,0,0,0
original_six,20041203,0,135648,135648,0,0,0
original_six,20041206,0,135625,135625,0,0,0
original_six,20041207,0,135593,135593,0,0,0
original_six,20041210,0,135540,135540,0,0,0
original_six,20041213,0,135538,135538,0,0,0
original_six,20041217,0,135469,135469,0,0,0
original_six,20050103,0,135465,135465,0,0,0
original_six,20050107,0,135461,135461,0,0,0
original_six,20050114,0,135423,135423,0,0,0
original_six,20050118,0,135404,135404,0,0,0
original_six,20050119,0,135404,135404,0,0,0
original_six,20050127,0,135396,135396,0,0,0
original_six,20050128,0,135373,135373,0,0,0
original_six,20050131,0,135345,135345,0,0,0
original_six,20050202,0,135288,135288,0,0,0
original_six,20050203,0,135276,135276,0,0,0
original_six,20050208,0,135230,135230,0,0,0
original_six,20050210,0,135202,135202,0,0,0
original_six,20050211,0,135186,135186,0,0,0
original_six,20050214,0,135107,135107,0,0,0
original_six,20050215,0,135064,135064,0,0,0
original_six,20050216,0,134836,134836,0,0,0
original_six,20050217,0,134704,134704,0,0,0
original_six,20050218,0,134569,134569,0,0,0
original_six,20050221,0,134490,134490,0,0,0
original_six,20050222,0,134461,134461,0,0,0
original_six,20050224,0,134455,134455,0,0,0
original_six,20050301,0,134447,134447,0,0,0
original_six,20050302,0,134403,134403,0,0,0
original_six,20050303,0,134394,134394,0,0,0
original_six,20050308,0,134259,134259,0,0,0
original_six,20050311,0,134241,134241,0,0,0
original_six,20050316,0,134165,134165,0,0,0
original_six,20050318,0,134153,134153,0,0,0
original_six,20050322,0,134024,134024,0,0,0
original_six,20050323,0,133983,133983,0,0,0
original_six,20050324,0,133981,133981,0,0,0
original_six,20050329,0,133955,133955,0,0,0
original_six,20050330,0,133947,133947,0,0,0
original_six,20050331,0,133913,133913,0,0,0
original_six,20050405,0,133905,133905,0,0,0
original_six,20050408,0,133851,133851,0,0,0
original_six,20050412,0,133739,133739,0,0,0
original_six,20050413,0,133701,133701,0,0,0
original_six,20050415,0,133662,133662,0,0,0
original_six,20050418,0,133460,133460,0,0,0
original_six,20050426,0,133426,133426,0,0,0
original_six,20050427,0,133417,133417,0,0,0
original_six,20050428,0,133357,133357,0,0,0
original_six,20050429,0,133342,133342,0,0,0
original_six,20050503,0,133282,133282,0,0,0
original_six,20050504,0,133272,133272,0,0,0
original_six,20050505,0,133256,133256,0,0,0
original_six,20050506,0,133225,133225,0,0,0
original_six,20050513,0,133212,133212,0,0,0
original_six,20050519,0,133177,133177,0,0,0
original_six,20050523,0,133124,133124,0,0,0
original_six,20050524,0,133096,133096,0,0,0
original_six,20050526,0,133049,133049,0,0,0
original_six,20050527,0,133029,133029,0,0,0
original_six,20050531,0,132983,132983,0,0,0
original_six,20050603,0,132939,132939,0,0,0
original_six,20050607,0,132924,132924,0,0,0
original_six,20050608,0,132901,132901,0,0,0
original_six,20050609,0,132851,132851,0,0,0
original_six,20050610,0,132824,132824,0,0,0
original_six,20050613,0,132699,132699,0,0,0
original_six,20050616,0,132690,132690,0,0,0
original_six,20050620,0,132681,132681,0,0,0
original_six,20050623,0,132607,132607,0,0,0
original_six,20050624,0,132597,132597,0,0,0
original_six,20050627,0,132507,132507,0,0,0
original_six,20050628,0,132465,132465,0,0,0
original_six,20050630,0,132419,132419,0,0,0
original_six,20050701,0,132406,132406,0,0,0
original_six,20050704,0,132390,132390,0,0,0
original_six,20050705,0,132387,132387,0,0,0
original_six,20050707,0,132379,132379,0,0,0
original_six,20050708,0,132356,132356,0,0,0
original_six,20050711,0,132352,132352,0,0,0
original_six,20050712,0,132342,132342,0,0,0
original_six,20050714,0,132339,132339,0,0,0
original_six,20050715,0,132277,132277,0,0,0
original_six,20050719,0,132262,132262,0,0,0
original_six,20050720,0,132254,132254,0,0,0
original_six,20050721,0,132228,132228,0,0,0
original_six,20050722,0,132197,132197,0,0,0
original_six,20050725,0,132194,132194,0,0,0
original_six,20050801,0,132158,132158,0,0,0
original_six,20050808,0,132158,132158,0,0,0
original_six,20050809,0,132091,132091,0,0,0
original_six,20050810,0,132085,132085,0,0,0
original_six,20050811,0,132073,132073,0,0,0
original_six,20050812,0,132045,132045,0,0,0
original_six,20050818,0,132042,132042,0,0,0
original_six,20050825,0,132036,132036,0,0,0
original_six,20050826,0,132036,132036,0,0,0
original_six,20050905,0,132020,132020,0,0,0
original_six,20050906,0,131963,131963,0,0,0
original_six,20050920,0,131941,131941,0,0,0
original_six,20050921,0,131897,131897,0,0,0
original_six,20050922,0,131876,131876,0,0,0
original_six,20050923,0,131772,131772,0,0,0
original_six,20050926,0,131769,131769,0,0,0
original_six,20050927,0,131699,131699,0,0,0
original_six,20050928,0,131684,131684,0,0,0
original_six,20050930,0,131622,131622,0,0,0
original_six,20051004,0,131574,131574,0,0,0
original_six,20051007,0,131548,131548,0,0,0
original_six,20051010,0,131486,131486,0,0,0
original_six,20051011,0,131463,131463,0,0,0
original_six,20051017,0,131455,131455,0,0,0
original_six,20051018,0,131450,131450,0,0,0
original_six,20051020,0,131450,131450,0,0,0
original_six,20051021,0,131379,131379,0,0,0
original_six,20051024,0,131373,131373,0,0,0
original_six,20051025,0,131368,131368,0,0,0
original_six,20051026,0,131354,131354,0,0,0
original_six,20051027,0,131348,131348,0,0,0
original_six,20051028,0,131284,131284,0,0,0
original_six,20051031,0,131269,131269,0,0,0
original_six,20051101,0,131262,131262,0,0,0
original_six,20051102,0,131249,131249,0,0,0
original_six,20051103,0,131205,131205,0,0,0
original_six,20051104,0,131173,131173,0,0,0
original_six,20051107,0,131130,131130,0,0,0
original_six,20051108,0,131096,131096,0,0,0
original_six,20051109,0,131074,131074,0,0,0
original_six,20051110,0,131066,131066,0,0,0
original_six,20051111,0,131046,131046,0,0,0
original_six,20051115,0,130944,130944,0,0,0
original_six,20051116,0,130926,130926,0,0,0
original_six,20051117,0,130912,130912,0,0,0
original_six,20051118,0,130842,130842,0,0,0
original_six,20051121,0,130817,130817,0,0,0
original_six,20051122,0,130798,130798,0,0,0
original_six,20051123,0,130753,130753,0,0,0
original_six,20051124,0,130745,130745,0,0,0
original_six,20051125,0,130740,130740,0,0,0
original_six,20051128,0,130722,130722,0,0,0
original_six,20051129,0,130602,130602,0,0,0
original_six,20051130,0,130578,130578,0,0,0
original_six,20051202,0,130550,130550,0,0,0
original_six,20051205,0,130529,130529,0,0,0
original_six,20051206,0,130478,130478,0,0,0
original_six,20051207,0,130459,130459,0,0,0
original_six,20051208,0,130451,130451,0,0,0
original_six,20051209,0,130254,130254,0,0,0
original_six,20051212,0,130254,130254,0,0,0
original_six,20051213,0,130250,130250,0,0,0
original_six,20051214,0,130194,130194,0,0,0
original_six,20051216,0,130177,130177,0,0,0
original_six,20051219,0,130175,130175,0,0,0
original_six,20051221,0,130079,130079,0,0,0
original_six,20051222,0,130028,130028,0,0,0
original_six,20051223,0,129973,129973,0,0,0
original_six,20060103,0,129900,129900,0,0,0
original_six,20060104,0,129851,129851,0,0,0
original_six,20060105,0,129812,129812,0,0,0
original_six,20060106,0,129739,129739,0,0,0
original_six,20060109,0,129676,129676,0,0,0
original_six,20060110,0,129426,129426,0,0,0
original_six,20060111,0,129155,129155,0,0,0
original_six,20060112,0,128760,128760,0,0,0
original_six,20060113,0,128755,128755,0,0,0
original_six,20060116,0,128660,128660,0,0,0
original_six,20060117,0,128600,128600,0,0,0
original_six,20060118,0,128567,128567,0,0,0
original_six,20060119,0,128507,128507,0,0,0
original_six,20060120,0,128399,128399,0,0,0
original_six,20060123,0,128385,128385,0,0,0
original_six,20060124,0,128244,128244,0,0,0
original_six,20060125,0,128214,128214,0,0,0
original_six,20060126,0,128187,128187,0,0,0
original_six,20060130,0,128141,128141,0,0,0
original_six,20060131,0,128065,128065,0,0,0
original_six,20060201,0,128037,128037,0,0,0
original_six,20060206,0,127921,127921,0,0,0
original_six,20060207,0,127841,127841,0,0,0
original_six,20060208,0,127662,127662,0,0,0
original_six,20060209,0,127645,127645,0,0,0
original_six,20060210,0,127640,127640,0,0,0
original_six,20060213,0,127624,127624,0,0,0
original_six,20060214,0,127614,127614,0,0,0
original_six,20060215,0,127587,127587,0,0,0
original_six,20060216,0,127444,127444,0,0,0
original_six,20060220,0,127402,127402,0,0,0
original_six,20060221,0,127362,127362,0,0,0
original_six,20060222,0,127316,127316,0,0,0
original_six,20060223,0,127287,127287,0,0,0
original_six,20060224,0,127243,127243,0,0,0
original_six,20060227,0,127111,127111,0,0,0
original_six,20060228,0,127056,127056,0,0,0
original_six,20060301,0,127037,127037,0,0,0
original_six,20060302,0,126957,126957,0,0,0
original_six,20060303,0,126933,126933,0,0,0
original_six,20060306,0,126867,126867,0,0,0
original_six,20060307,0,126810,126810,0,0,0
original_six,20060308,0,126746,126746,0,0,0
original_six,20060310,0,126720,126720,0,0,0
original_six,20060315,0,126599,126599,0,0,0
original_six,20060316,0,126599,126599,0,0,0
original_six,20060317,0,126484,126484,0,0,0
original_six,20060320,0,126359,126359,0,0,0
original_six,20060321,0,126318,126318,0,0,0
original_six,20060322,0,126306,126306,0,0,0
original_six,20060323,0,126287,126287,0,0,0
original_six,20060324,0,126241,126241,0,0,0
original_six,20060327,0,126212,126212,0,0,0
original_six,20060328,0,126211,126211,0,0,0
original_six,20060329,0,126182,126182,0,0,0
original_six,20060331,0,126072,126072,0,0,0
original_six,20060403,0,125859,125859,0,0,0
original_six,20060404,0,125779,125779,0,0,0
original_six,20060405,0,125771,125771,0,0,0
original_six,20060406,0,125761,125761,0,0,0
original_six,20060407,0,125719,125719,0,0,0
original_six,20060410,0,125683,125683,0,0,0
original_six,20060411,0,125620,125620,0,0,0
original_six,20060414,0,125609,125609,0,0,0
original_six,20060418,0,125599,125599,0,0,0
original_six,20060419,0,125580,125580,0,0,0
original_six,20060421,0,125568,125568,0,0,0
original_six,20060424,0,125497,125497,0,0,0
original_six,20060425,0,125451,125451,0,0,0
original_six,20060426,0,125423,125423,0,0,0
original_six,20060428,0,125302,125302,0,0,0
original_six,20060503,0,125299,125299,0,0,0
original_six,20060504,0,125299,125299,0,0,0
original_six,20060505,0,125291,125291,0,0,0
original_six,20060508,0,125170,125170,0,0,0
original_six,20060509,0,125164,125164,0,0,0
original_six,20060512,0,125162,125162,0,0,0
original_six,20060516,0,125148,125148,0,0,0
original_six,20060517,0,125132,125132,0,0,0
original_six,20060522,0,125120,125120,0,0,0
original_six,20060523,0,125094,125094,0,0,0
original_six,20060524,0,125032,125032,0,0,0
original_six,20060525,0,124881,124881,0,0,0
original_six,20060526,0,124853,124853,0,0,0
original_six,20060530,0,124842,124842,0,0,0
original_six,20060531,0,124828,124828,0,0,0
original_six,20060601,0,124814,124814,0,0,0
original_six,20060602,0,124775,124775,0,0,0
original_six,20060605,0,124743,124743,0,0,0
original_six,20060607,0,124739,124739,0,0,0
original_six,20060608,0,124693,124693,0,0,0
original_six,20060612,0,124672,124672,0,0,0
original_six,20060616,0,124512,124512,0,0,0
original_six,20060619,0,124463,124463,0,0,0
original_six,20060628,0,124334,124334,0,0,0
original_six,20060630,0,124324,124324,0,0,0
original_six,20060705,0,124279,124279,0,0,0
original_six,20060706,0,124270,124270,0,0,0
original_six,20060707,0,124196,124196,0,0,0
original_six,20060711,0,124136,124136,0,0,0
original_six,20060712,0,124105,124105,0,0,0
original_six,20060713,0,124041,124041,0,0,0
original_six,20060714,0,124032,124032,0,0,0
original_six,20060717,0,123980,123980,0,0,0
original_six,20060719,0,123943,123943,0,0,0
original_six,20060720,0,123926,123926,0,0,0
original_six,20060721,0,123910,123910,0,0,0
original_six,20060724,0,123862,123862,0,0,0
original_six,20060725,0,123849,123849,0,0,0
original_six,20060726,0,123762,123762,0,0,0
original_six,20060727,0,123727,123727,0,0,0
original_six,20060728,0,123672,123672,0,0,0
original_six,20060731,0,123661,123661,0,0,0
original_six,20060802,0,123637,123637,0,0,0
original_six,20060803,0,123623,123623,0,0,0
original_six,20060804,0,123623,123623,0,0,0
original_six,20060808,0,123622,123622,0,0,0
original_six,20060809,0,123523,123523,0,0,0
original_six,20060810,0,123499,123499,0,0,0
original_six,20060811,0,123469,123469,0,0,0
original_six,20060814,0,123438,123438,0,0,0
original_six,20060815,0,123426,123426,0,0,0
original_six,20060816,0,123425,123425,0,0,0
original_six,20060817,0,123415,123415,0,0,0
original_six,20060818,0,123353,123353,0,0,0
original_six,20060821,0,123252,123252,0,0,0
original_six,20060822,0,123177,123177,0,0,0
original_six,20060823,0,123138,123138,0,0,0
original_six,20060824,0,123120,123120,0,0,0
original_six,20060825,0,123120,123120,0,0,0
original_six,20060829,0,123117,123117,0,0,0
original_six,20060830,0,123110,123110,0,0,0
original_six,20060831,0,123067,123067,0,0,0
original_six,20060901,0,123033,123033,0,0,0
original_six,20060904,0,122987,122987,0,0,0
original_six,20060905,0,122961,122961,0,0,0
original_six,20060906,0,122886,122886,0,0,0
original_six,20060907,0,122880,122880,0,0,0
original_six,20060911,0,122856,122856,0,0,0
original_six,20060912,0,122813,122813,0,0,0
original_six,20060913,0,122794,122794,0,0,0
original_six,20060914,0,122780,122780,0,0,0
original_six,20060915,0,122751,122751,0,0,0
original_six,20060918,0,122723,122723,0,0,0
original_six,20060919,0,122663,122663,0,0,0
original_six,20060920,0,122625,122625,0,0,0
original_six,20060921,0,122601,122601,0,0,0
original_six,20060922,0,122594,122594,0,0,0
original_six,20060925,0,122590,122590,0,0,0
original_six,20060926,0,122560,122560,0,0,0
original_six,20060927,0,122558,122558,0,0,0
original_six,20060928,0,122539,122539,0,0,0
original_six,20060929,0,122504,122504,0,0,0
original_six,20061002,0,122435,122435,0,0,0
original_six,20061003,0,122402,122402,0,0,0
original_six,20061004,0,122361,122361,0,0,0
original_six,20061006,0,122218,122218,0,0,0
original_six,20061009,0,122188,122188,0,0,0
original_six,20061010,0,122111,122111,0,0,0
original_six,20061011,0,122074,122074,0,0,0
original_six,20061012,0,122022,122022,0,0,0
original_six,20061013,0,122003,122003,0,0,0
original_six,20061016,0,122003,122003,0,0,0
original_six,20061024,0,121769,121769,0,0,0
original_six,20061025,0,121768,121768,0,0,0
original_six,20061026,0,121616,121616,0,0,0
original_six,20061027,0,121594,121594,0,0,0
original_six,20061030,0,121531,121531,0,0,0
original_six,20061031,0,121527,121527,0,0,0
original_six,20061102,0,121489,121489,0,0,0
original_six,20061103,0,121391,121391,0,0,0
original_six,20061106,0,121182,121182,0,0,0
original_six,20061107,0,121028,121028,0,0,0
original_six,20061108,0,120991,120991,0,0,0
original_six,20061109,0,120927,120927,0,0,0
original_six,20061110,0,120927,120927,0,0,0
original_six,20061113,0,120868,120868,0,0,0
original_six,20061114,0,120760,120760,0,0,0
original_six,20061115,0,120707,120707,0,0,0
original_six,20061116,0,120695,120695,0,0,0
original_six,20061117,0,120516,120516,0,0,0
original_six,20061120,0,120357,120357,0,0,0
original_six,20061121,0,120195,120195,0,0,0
original_six,20061122,0,120150,120150,0,0,0
original_six,20061123,0,120040,120040,0,0,0
original_six,20061124,0,119953,119953,0,0,0
original_six,20061127,0,119887,119887,0,0,0
original_six,20061129,0,119887,119887,0,0,0
original_six,20061130,0,119778,119778,0,0,0
original_six,20061201,0,119756,119756,0,0,0
original_six,20061204,0,119718,119718,0,0,0
original_six,20061205,0,119573,119573,0,0,0
original_six,20061206,0,119438,119438,0,0,0
original_six,20061208,0,119398,119398,0,0,0
original_six,20061211,0,119328,119328,0,0,0
original_six,20061212,0,119317,119317,0,0,0
original_six,20061213,0,119264,119264,0,0,0
original_six,20061214,0,119188,119188,0,0,0
original_six,20061215,0,119152,119152,0,0,0
original_six,20061218,0,119115,119115,0,0,0
original_six,20061219,0,119093,119093,0,0,0
original_six,20061220,0,119075,119075,0,0,0
original_six,20061221,0,119058,119058,0,0,0
original_six,20061222,0,119058,119058,0,0,0
original_six,20061227,0,119058,119058,0,0,0
original_six,20061230,0,119013,119013,0,0,0
original_six,20070102,0,118946,118946,0,0,0
original_six,20070103,0,118939,118939,0,0,0
original_six,20070104,0,118912,118912,0,0,0
original_six,20070105,0,118853,118853,0,0,0
original_six,20070108,0,118805,118805,0,0,0
original_six,20070110,0,118767,118767,0,0,0
original_six,20070112,0,118754,118754,0,0,0
original_six,20070115,0,118710,118710,0,0,0
original_six,20070116,0,118709,118709,0,0,0
original_six,20070117,0,118654,118654,0,0,0
original_six,20070118,0,118654,118654,0,0,0
original_six,20070119,0,118638,118638,0,0,0
original_six,20070122,0,118623,118623,0,0,0
original_six,20070123,0,118598,118598,0,0,0
original_six,20070124,0,118480,118480,0,0,0
original_six,20070125,0,118422,118422,0,0,0
original_six,20070126,0,118422,118422,0,0,0
original_six,20070129,0,118359,118359,0,0,0
original_six,20070130,0,118321,118321,0,0,0
original_six,20070131,0,118275,118275,0,0,0
original_six,20070201,0,118237,118237,0,0,0
original_six,20070202,0,118178,118178,0,0,0
original_six,20070205,0,118123,118123,0,0,0
original_six,20070206,0,118102,118102,0,0,0
original_six,20070207,0,118080,118080,0,0,0
original_six,20070209,0,118060,118060,0,0,0
original_six,20070212,0,118038,118038,0,0,0
original_six,20070216,0,118025,118025,0,0,0
original_six,20070219,0,117992,117992,0,0,0
original_six,20070220,0,117920,117920,0,0,0
original_six,20070221,0,117853,117853,0,0,0
original_six,20070222,0,117828,117828,0,0,0
original_six,20070223,0,117819,117819,0,0,0
original_six,20070226,0,117800,117800,0,0,0
original_six,20070301,0,117793,117793,0,0,0
original_six,20070302,0,117738,117738,0,0,0
original_six,20070305,0,117719,117719,0,0,0
original_six,20070306,0,117707,117707,0,0,0
original_six,20070307,0,117690,117690,0,0,0
original_six,20070309,0,117690,117690,0,0,0
original_six,20070312,0,117666,117666,0,0,0
original_six,20070313,0,117645,117645,0,0,0
original_six,20070314,0,117645,117645,0,0,0
original_six,20070315,0,117641,117641,0,0,0
original_six,20070316,0,117601,117601,0,0,0
original_six,20070319,0,117538,117538,0,0,0
original_six,20070320,0,117537,117537,0,0,0
original_six,20070321,0,117488,117488,0,0,0
original_six,20070322,0,117432,117432,0,0,0
original_six,20070323,0,117431,117431,0,0,0
original_six,20070326,0,117408,117408,0,0,0
original_six,20070327,0,117407,117407,0,0,0
original_six,20070328,0,117347,117347,0,0,0
original_six,20070329,0,117325,117325,0,0,0
original_six,20070330,0,117307,117307,0,0,0
original_six,20070402,0,117277,117277,0,0,0
original_six,20070403,0,117229,117229,0,0,0
original_six,20070404,0,117133,117133,0,0,0
original_six,20070405,0,117081,117081,0,0,0
original_six,20070406,0,117071,117071,0,0,0
original_six,20070409,0,117060,117060,0,0,0
original_six,20070410,0,117024,117024,0,0,0
original_six,20070411,0,116990,116990,0,0,0
original_six,20070412,0,116971,116971,0,0,0
original_six,20070413,0,116962,116962,0,0,0
original_six,20070416,0,116951,116951,0,0,0
original_six,20070417,0,116918,116918,0,0,0
original_six,20070418,0,116825,116825,0,0,0
original_six,20070419,0,116818,116818,0,0,0
original_six,20070420,0,116763,116763,0,0,0
original_six,20070423,0,116757,116757,0,0,0
original_six,20070424,0,116751,116751,0,0,0
original_six,20070425,0,116747,116747,0,0,0
original_six,20070426,0,116656,116656,0,0,0
original_six,20070427,0,116641,116641,0,0,0
original_six,20070430,0,116634,116634,0,0,0
original_six,20070502,0,116634,116634,0,0,0
original_six,20070503,0,116634,116634,0,0,0
original_six,20070504,0,116608,116608,0,0,0
original_six,20070507,0,116598,116598,0,0,0
original_six,20070508,0,116582,116582,0,0,0
original_six,20070509,0,116530,116530,0,0,0
original_six,20070511,0,116528,116528,0,0,0
original_six,20070514,0,116521,116521,0,0,0
original_six,20070516,0,116509,116509,0,0,0
original_six,20070517,0,116506,116506,0,0,0
original_six,20070521,0,116436,116436,0,0,0
original_six,20070522,0,116412,116412,0,0,0
original_six,20070523,0,116316,116316,0,0,0
original_six,20070524,0,116294,116294,0,0,0
original_six,20070525,0,116281,116281,0,0,0
original_six,20070529,0,116274,116274,0,0,0
original_six,20070530,0,116271,116271,0,0,0
original_six,20070601,0,116236,116236,0,0,0
original_six,20070604,0,116158,116158,0,0,0
original_six,20070605,0,116100,116100,0,0,0
original_six,20070606,0,116023,116023,0,0,0
original_six,20070608,0,115939,115939,0,0,0
original_six,20070611,0,115914,115914,0,0,0
original_six,20070614,0,115911,115911,0,0,0
original_six,20070620,0,115865,115865,0,0,0
original_six,20070621,0,115839,115839,0,0,0
original_six,20070622,0,115837,115837,0,0,0
original_six,20070623,0,115829,115829,0,0,0
original_six,20070626,0,115823,115823,0,0,0
original_six,20070627,0,115774,115774,0,0,0
original_six,20070628,0,115766,115766,0,0,0
original_six,20070703,0,115715,115715,0,0,0
original_six,20070704,0,115669,115669,0,0,0
original_six,20070709,0,115667,115667,0,0,0
original_six,20070711,0,115633,115633,0,0,0
original_six,20070712,0,115597,115597,0,0,0
original_six,20070713,0,115575,115575,0,0,0
original_six,20070716,0,115549,115549,0,0,0
original_six,20070717,0,115541,115541,0,0,0
original_six,20070718,0,115541,115541,0,0,0
original_six,20070719,0,115503,115503,0,0,0
original_six,20070720,0,115481,115481,0,0,0
original_six,20070723,0,115471,115471,0,0,0
original_six,20070727,0,115431,115431,0,0,0
original_six,20070801,0,115364,115364,0,0,0
original_six,20070802,0,115339,115339,0,0,0
original_six,20070803,0,115306,115306,0,0,0
original_six,20070806,0,115282,115282,0,0,0
original_six,20070807,0,115193,115193,0,0,0
original_six,20070808,0,115141,115141,0,0,0
original_six,20070809,0,115110,115110,0,0,0
original_six,20070810,0,115094,115094,0,0,0
original_six,20070811,0,115030,115030,0,0,0
original_six,20070812,0,115022,115022,0,0,0
original_six,20070813,0,114964,114964,0,0,0
original_six,20070814,0,114900,114900,0,0,0
original_six,20070815,0,114896,114896,0,0,0
original_six,20070820,0,114891,114891,0,0,0
original_six,20070821,0,114889,114889,0,0,0
original_six,20070822,0,114884,114884,0,0,0
original_six,20070823,0,114863,114863,0,0,0
original_six,20070824,0,114764,114764,0,0,0
original_six,20070829,0,114726,114726,0,0,0
original_six,20070905,0,114709,114709,0,0,0
original_six,20070906,0,114663,114663,0,0,0
original_six,20070910,0,114650,114650,0,0,0
original_six,20070911,0,114584,114584,0,0,0
original_six,20070912,0,114528,114528,0,0,0
original_six,20070913,0,114492,114492,0,0,0
original_six,20070914,0,114346,114346,0,0,0
original_six,20070917,0,114314,114314,0,0,0
original_six,20070918,0,114296,114296,0,0,0
original_six,20070919,0,114254,114254,0,0,0
original_six,20070920,0,114222,114222,0,0,0
original_six,20070921,0,114212,114212,0,0,0
original_six,20070924,0,114206,114206,0,0,0
original_six,20070927,0,114157,114157,0,0,0
original_six,20070928,0,114147,114147,0,0,0
original_six,20071001,0,114070,114070,0,0,0
original_six,20071002,0,114030,114030,0,0,0
original_six,20071003,0,113993,113993,0,0,0
original_six,20071005,0,113972,113972,0,0,0
original_six,20071011,0,113920,113920,0,0,0
original_six,20071012,0,113887,113887,0,0,0
original_six,20071015,0,113872,113872,0,0,0
original_six,20071016,0,113797,113797,0,0,0
original_six,20071017,0,113711,113711,0,0,0
original_six,20071018,0,113460,113460,0,0,0
original_six,20071019,0,113455,113455,0,0,0
original_six,20071022,0,113389,113389,0,0,0
original_six,20071023,0,113256,113256,0,0,0
original_six,20071024,0,113240,113240,0,0,0
original_six,20071025,0,113217,113217,0,0,0
original_six,20071026,0,113151,113151,0,0,0
original_six,20071029,0,113151,113151,0,0,0
original_six,20071030,0,113137,113137,0,0,0
original_six,20071031,0,113119,113119,0,0,0
original_six,20071102,0,113119,113119,0,0,0
original_six,20071108,0,113072,113072,0,0,0
original_six,20071109,0,113062,113062,0,0,0
original_six,20071112,0,113040,113040,0,0,0
original_six,20071113,0,112990,112990,0,0,0
original_six,20071114,0,112666,112666,0,0,0
original_six,20071115,0,112647,112647,0,0,0
original_six,20071116,0,112625,112625,0,0,0
original_six,20071119,0,112590,112590,0,0,0
original_six,20071120,0,112516,112516,0,0,0
original_six,20071121,0,112471,112471,0,0,0
original_six,20071122,0,112312,112312,0,0,0
original_six,20071123,0,112251,112251,0,0,0
original_six,20071125,0,112248,112248,0,0,0
original_six,20071126,0,112041,112041,0,0,0
original_six,20071127,0,112022,112022,0,0,0
original_six,20071128,0,112016,112016,0,0,0
original_six,20071129,0,111979,111979,0,0,0
original_six,20071130,0,111955,111955,0,0,0
original_six,20071203,0,111946,111946,0,0,0
original_six,20071204,0,111931,111931,0,0,0
original_six,20071205,0,111892,111892,0,0,0
original_six,20071206,0,111882,111882,0,0,0
original_six,20071207,0,111869,111869,0,0,0
original_six,20071210,0,111793,111793,0,0,0
original_six,20071212,0,111750,111750,0,0,0
original_six,20071213,0,111712,111712,0,0,0
original_six,20071214,0,111711,111711,0,0,0
original_six,20071217,0,111694,111694,0,0,0
original_six,20071219,0,111689,111689,0,0,0
original_six,20071220,0,111639,111639,0,0,0
original_six,20071221,0,111544,111544,0,0,0
original_six,20071224,0,111528,111528,0,0,0
original_six,20071226,0,111524,111524,0,0,0
original_six,20071228,0,111504,111504,0,0,0
original_six,20080102,0,111470,111470,0,0,0
original_six,20080103,0,111426,111426,0,0,0
original_six,20080104,0,111376,111376,0,0,0
original_six,20080107,0,111292,111292,0,0,0
original_six,20080109,0,111283,111283,0,0,0
original_six,20080110,0,111269,111269,0,0,0
original_six,20080111,0,111162,111162,0,0,0
original_six,20080112,0,111158,111158,0,0,0
original_six,20080114,0,111158,111158,0,0,0
original_six,20080116,0,111158,111158,0,0,0
original_six,20080118,0,111034,111034,0,0,0
original_six,20080121,0,110908,110908,0,0,0
original_six,20080122,0,110887,110887,0,0,0
original_six,20080123,0,110831,110831,0,0,0
original_six,20080124,0,110753,110753,0,0,0
original_six,20080125,0,110747,110747,0,0,0
original_six,20080128,0,110691,110691,0,0,0
original_six,20080129,0,110660,110660,0,0,0
original_six,20080130,0,110541,110541,0,0,0
original_six,20080131,0,110456,110456,0,0,0
original_six,20080201,0,110412,110412,0,0,0
original_six,20080204,0,110359,110359,0,0,0
original_six,20080205,0,109916,109916,0,0,0
original_six,20080206,0,109835,109835,0,0,0
original_six,20080207,0,109819,109819,0,0,0
original_six,20080208,0,109815,109815,0,0,0
original_six,20080211,0,109790,109790,0,0,0
original_six,20080212,0,109739,109739,0,0,0
original_six,20080213,0,109716,109716,0,0,0
original_six,20080214,0,109643,109643,0,0,0
original_six,20080215,0,109514,109514,0,0,0
original_six,20080219,0,109450,109450,0,0,0
original_six,20080220,0,109436,109436,0,0,0
original_six,20080221,0,109389,109389,0,0,0
original_six,20080225,0,109361,109361,0,0,0
original_six,20080226,0,109331,109331,0,0,0
original_six,20080227,0,109305,109305,0,0,0
original_six,20080228,0,109253,109253,0,0,0
original_six,20080302,0,109218,109218,0,0,0
original_six,20080303,0,109185,109185,0,0,0
original_six,20080304,0,109180,109180,0,0,0
original_six,20080305,0,109161,109161,0,0,0
original_six,20080306,0,109006,109006,0,0,0
original_six,20080307,0,108960,108960,0,0,0
original_six,20080310,0,108816,108816,0,0,0
original_six,20080311,0,108773,108773,0,0,0
original_six,20080312,0,108620,108620,0,0,0
original_six,20080313,0,108588,108588,0,0,0
original_six,20080314,0,108452,108452,0,0,0
original_six,20080317,0,108449,108449,0,0,0
original_six,20080319,0,108429,108429,0,0,0
original_six,20080325,0,108389,108389,0,0,0
original_six,20080326,0,108378,108378,0,0,0
original_six,20080327,0,108375,108375,0,0,0
original_six,20080328,0,108343,108343,0,0,0
original_six,20080331,0,108284,108284,0,0,0
original_six,20080401,0,108274,108274,0,0,0
original_six,20080402,0,108210,108210,0,0,0
original_six,20080403,0,108135,108135,0,0,0
original_six,20080407,0,108060,108060,0,0,0
original_six,20080409,0,108051,108051,0,0,0
original_six,20080411,0,108037,108037,0,0,0
original_six,20080414,0,107932,107932,0,0,0
original_six,20080415,0,107794,107794,0,0,0
original_six,20080416,0,107794,107794,0,0,0
original_six,20080417,0,107775,107775,0,0,0
original_six,20080418,0,107751,107751,0,0,0
original_six,20080421,0,107656,107656,0,0,0
original_six,20080422,0,107642,107642,0,0,0
original_six,20080423,0,107603,107603,0,0,0
original_six,20080424,0,107584,107584,0,0,0
original_six,20080425,0,107487,107487,0,0,0
original_six,20080428,0,107431,107431,0,0,0
original_six,20080429,0,107357,107357,0,0,0
original_six,20080430,0,107274,107274,0,0,0
original_six,20080501,0,107265,107265,0,0,0
original_six,20080502,0,107201,107201,0,0,0
original_six,20080505,0,107196,107196,0,0,0
original_six,20080506,0,107176,107176,0,0,0
original_six,20080507,0,107150,107150,0,0,0
original_six,20080508,0,107124,107124,0,0,0
original_six,20080509,0,107059,107059,0,0,0
original_six,20080512,0,106988,106988,0,0,0
original_six,20080514,0,106950,106950,0,0,0
original_six,20080515,0,106946,106946,0,0,0
original_six,20080516,0,106885,106885,0,0,0
original_six,20080517,0,106869,106869,0,0,0
original_six,20080519,0,106839,106839,0,0,0
original_six,20080520,0,106797,106797,0,0,0
original_six,20080521,0,106761,106761,0,0,0
original_six,20080522,0,106716,106716,0,0,0
original_six,20080523,0,106686,106686,0,0,0
original_six,20080527,0,106669,106669,0,0,0
original_six,20080528,0,106589,106589,0,0,0
original_six,20080529,0,106544,106544,0,0,0
original_six,20080530,0,106380,106380,0,0,0
original_six,20080531,0,106380,106380,0,0,0
original_six,20080602,0,106372,106372,0,0,0
original_six,20080603,0,106371,106371,0,0,0
original_six,20080604,0,106259,106259,0,0,0
original_six,20080605,0,106161,106161,0,0,0
original_six,20080606,0,106034,106034,0,0,0
original_six,20080609,0,105949,105949,0,0,0
original_six,20080610,0,105880,105880,0,0,0
original_six,20080611,0,105855,105855,0,0,0
original_six,20080612,0,105800,105800,0,0,0
original_six,20080613,0,105693,105693,0,0,0
original_six,20080616,0,105662,105662,0,0,0
original_six,20080617,0,105649,105649,0,0,0
original_six,20080618,0,105604,105604,0,0,0
original_six,20080620,0,105557,105557,0,0,0
original_six,20080623,0,105456,105456,0,0,0
original_six,20080624,0,105297,105297,0,0,0
original_six,20080625,0,105212,105212,0,0,0
original_six,20080626,0,105049,105049,0,0,0
original_six,20080627,0,105022,105022,0,0,0
original_six,20080702,0,105018,105018,0,0,0
original_six,20080703,0,105001,105001,0,0,0
original_six,20080704,0,105001,105001,0,0,0
original_six,20080707,0,104941,104941,0,0,0
original_six,20080708,0,104928,104928,0,0,0
original_six,20080711,0,104920,104920,0,0,0
original_six,20080714,0,104832,104832,0,0,0
original_six,20080715,0,104828,104828,0,0,0
original_six,20080716,0,104808,104808,0,0,0
original_six,20080718,0,104771,104771,0,0,0
original_six,20080719,0,104747,104747,0,0,0
original_six,20080721,0,104740,104740,0,0,0
original_six,20080722,0,104725,104725,0,0,0
original_six,20080723,0,104703,104703,0,0,0
original_six,20080724,0,104647,104647,0,0,0
original_six,20080725,0,104573,104573,0,0,0
original_six,20080728,0,104549,104549,0,0,0
original_six,20080729,0,104540,104540,0,0,0
original_six,20080730,0,104512,104512,0,0,0
original_six,20080731,0,104476,104476,0,0,0
original_six,20080801,0,104467,104467,0,0,0
original_six,20080803,0,104434,104434,0,0,0
original_six,20080804,0,104416,104416,0,0,0
original_six,20080808,0,104358,104358,0,0,0
original_six,20080810,0,104284,104284,0,0,0
original_six,20080811,0,104242,104242,0,0,0
original_six,20080812,0,104213,104213,0,0,0
original_six,20080815,0,104152,104152,0,0,0
original_six,20080816,0,104146,104146,0,0,0
original_six,20080818,0,103986,103986,0,0,0
original_six,20080820,0,103859,103859,0,0,0
original_six,20080821,0,103846,103846,0,0,0
original_six,20080822,0,103774,103774,0,0,0
original_six,20080826,0,103766,103766,0,0,0
original_six,20080827,0,103737,103737,0,0,0
original_six,20080828,0,103737,103737,0,0,0
original_six,20080829,0,103658,103658,0,0,0
original_six,20080831,0,103649,103649,0,0,0
original_six,20080901,0,103643,103643,0,0,0
original_six,20080902,0,103501,103501,0,0,0
original_six,20080903,0,103350,103350,0,0,0
original_six,20080904,0,103318,103318,0,0,0
original_six,20080905,0,103302,103302,0,0,0
original_six,20080908,0,103247,103247,0,0,0
original_six,20080909,0,103150,103150,0,0,0
original_six,20080910,0,103117,103117,0,0,0
original_six,20080911,0,103054,103054,0,0,0
original_six,20080912,0,103027,103027,0,0,0
original_six,20080914,0,102988,102988,0,0,0
original_six,20080915,0,102853,102853,0,0,0
original_six,20080916,0,102810,102810,0,0,0
original_six,20080917,0,102760,102760,0,0,0
original_six,20080918,0,102753,102753,0,0,0
original_six,20080919,0,102565,102565,0,0,0
original_six,20080922,0,102530,102530,0,0,0
original_six,20080923,0,102507,102507,0,0,0
original_six,20080924,0,102459,102459,0,0,0
original_six,20080925,0,102442,102442,0,0,0
original_six,20080926,0,102253,102253,0,0,0
original_six,20080928,0,102122,102122,0,0,0
original_six,20080929,0,102076,102076,0,0,0
original_six,20081001,0,102059,102059,0,0,0
original_six,20081002,0,102052,102052,0,0,0
original_six,20081003,0,101937,101937,0,0,0
original_six,20081006,0,101907,101907,0,0,0
original_six,20081007,0,101827,101827,0,0,0
original_six,20081008,0,101792,101792,0,0,0
original_six,20081009,0,101792,101792,0,0,0
original_six,20081010,0,101765,101765,0,0,0
original_six,20081013,0,101704,101704,0,0,0
original_six,20081014,0,101702,101702,0,0,0
original_six,20081015,0,101624,101624,0,0,0
original_six,20081016,0,101585,101585,0,0,0
original_six,20081017,0,101533,101533,0,0,0
original_six,20081020,0,101486,101486,0,0,0
original_six,20081021,0,101437,101437,0,0,0
original_six,20081022,0,101420,101420,0,0,0
original_six,20081023,0,101419,101419,0,0,0
original_six,20081024,0,101300,101300,0,0,0
original_six,20081027,0,101293,101293,0,0,0
original_six,20081029,0,101240,101240,0,0,0
original_six,20081030,0,101232,101232,0,0,0
original_six,20081031,0,101185,101185,0,0,0
original_six,20081103,0,101140,101140,0,0,0
original_six,20081104,0,101106,101106,0,0,0
original_six,20081105,0,101063,101063,0,0,0
original_six,20081106,0,101028,101028,0,0,0
original_six,20081107,0,100920,100920,0,0,0
original_six,20081109,0,100920,100920,0,0,0
original_six,20081110,0,100860,100860,0,0,0
original_six,20081114,0,100827,100827,0,0,0
original_six,20081116,0,100826,100826,0,0,0
original_six,20081118,0,100790,100790,0,0,0
original_six,20081119,0,100725,100725,0,0,0
original_six,20081121,0,100595,100595,0,0,0
original_six,20081124,0,100550,100550,0,0,0
original_six,20081126,0,100531,100531,0,0,0
original_six,20081127,0,100505,100505,0,0,0
original_six,20081128,0,100459,100459,0,0,0
original_six,20081129,0,100352,100352,0,0,0
original_six,20081201,0,100336,100336,0,0,0
original_six,20081202,0,100310,100310,0,0,0
original_six,20081203,0,100177,100177,0,0,0
original_six,20081204,0,100149,100149,0,0,0
original_six,20081205,0,99955,99955,0,0,0
original_six,20081207,0,99896,99896,0,0,0
original_six,20081208,0,99818,99818,0,0,0
original_six,20081209,0,99777,99777,0,0,0
original_six,20081211,0,99766,99766,0,0,0
original_six,20081212,0,99704,99704,0,0,0
original_six,20081216,0,99661,99661,0,0,0
original_six,20081217,0,99564,99564,0,0,0
original_six,20081218,0,99508,99508,0,0,0
original_six,20081219,0,99448,99448,0,0,0
original_six,20090107,0,99443,99443,0,0,0
original_six,20090108,0,99384,99384,0,0,0
original_six,20090112,0,99353,99353,0,0,0
original_six,20090113,0,99348,99348,0,0,0
original_six,20090114,0,99251,99251,0,0,0
original_six,20090115,0,99061,99061,0,0,0
original_six,20090116,0,98966,98966,0,0,0
original_six,20090119,0,98952,98952,0,0,0
original_six,20090120,0,98864,98864,0,0,0
original_six,20090121,0,98808,98808,0,0,0
original_six,20090122,0,98721,98721,0,0,0
original_six,20090123,0,98664,98664,0,0,0
original_six,20090125,0,98664,98664,0,0,0
original_six,20090126,0,98584,98584,0,0,0
original_six,20090127,0,98522,98522,0,0,0
original_six,20090128,0,98512,98512,0,0,0
original_six,20090130,0,98460,98460,0,0,0
original_six,20090203,0,98416,98416,0,0,0
original_six,20090204,0,98316,98316,0,0,0
original_six,20090205,0,98165,98165,0,0,0
original_six,20090206,0,98068,98068,0,0,0
original_six,20090209,0,97966,97966,0,0,0
original_six,20090210,0,97949,97949,0,0,0
original_six,20090211,0,97890,97890,0,0,0
original_six,20090212,0,97866,97866,0,0,0
original_six,20090213,0,97811,97811,0,0,0
original_six,20090216,0,97735,97735,0,0,0
original_six,20090217,0,97707,97707,0,0,0
original_six,20090218,0,97519,97519,0,0,0
original_six,20090219,0,97427,97427,0,0,0
original_six,20090220,0,97348,97348,0,0,0
original_six,20090223,0,97348,97348,0,0,0
original_six,20090225,0,97245,97245,0,0,0
original_six,20090226,0,97216,97216,0,0,0
original_six,20090227,0,97170,97170,0,0,0
original_six,20090302,0,97101,97101,0,0,0
original_six,20090304,0,97026,97026,0,0,0
original_six,20090305,0,96971,96971,0,0,0
original_six,20090306,0,96751,96751,0,0,0
original_six,20090309,0,96631,96631,0,0,0
original_six,20090312,0,96466,96466,0,0,0
original_six,20090313,0,96441,96441,0,0,0
original_six,20090316,0,96213,96213,0,0,0
original_six,20090317,0,96206,96206,0,0,0
original_six,20090318,0,96175,96175,0,0,0
original_six,20090319,0,96139,96139,0,0,0
original_six,20090320,0,96131,96131,0,0,0
original_six,20090323,0,96101,96101,0,0,0
original_six,20090324,0,95811,95811,0,0,0
original_six,20090325,0,95757,95757,0,0,0
original_six,20090326,0,95632,95632,0,0,0
original_six,20090327,0,95632,95632,0,0,0
original_six,20090330,0,95419,95419,0,0,0
original_six,20090331,0,95406,95406,0,0,0
original_six,20090403,0,95386,95386,0,0,0
original_six,20090406,0,95348,95348,0,0,0
original_six,20090407,0,95340,95340,0,0,0
original_six,20090408,0,95284,95284,0,0,0
original_six,20090409,0,95276,95276,0,0,0
original_six,20090415,0,95184,95184,0,0,0
original_six,20090416,0,95127,95127,0,0,0
original_six,20090417,0,95074,95074,0,0,0
original_six,20090420,0,94942,94942,0,0,0
original_six,20090421,0,94728,94728,0,0,0
original_six,20090422,0,94512,94512,0,0,0
original_six,20090423,0,94512,94512,0,0,0
original_six,20090424,0,94371,94371,0,0,0
original_six,20090427,0,93941,93941,0,0,0
original_six,20090428,0,93866,93866,0,0,0
original_six,20090429,0,93687,93687,0,0,0
original_six,20090430,0,93500,93500,0,0,0
original_six,20090501,0,93479,93479,0,0,0
original_six,20090505,0,93320,93320,0,0,0
original_six,20090506,0,93319,93319,0,0,0
original_six,20090507,0,93281,93281,0,0,0
original_six,20090508,0,93176,93176,0,0,0
original_six,20090511,0,93062,93062,0,0,0
original_six,20090512,0,93061,93061,0,0,0
original_six,20090514,0,92901,92901,0,0,0
original_six,20090515,0,92878,92878,0,0,0
original_six,20090518,0,92822,92822,0,0,0
original_six,20090519,0,92722,92722,0,0,0
original_six,20090520,0,92651,92651,0,0,0
original_six,20090521,0,92622,92622,0,0,0
original_six,20090522,0,92610,92610,0,0,0
original_six,20090524,0,92580,92580,0,0,0
original_six,20090526,0,92578,92578,0,0,0
original_six,20090527,0,92554,92554,0,0,0
original_six,20090528,0,92328,92328,0,0,0
original_six,20090529,0,91777,91777,0,0,0
original_six,20090601,0,91769,91769,0,0,0
original_six,20090602,0,91757,91757,0,0,0
original_six,20090603,0,91687,91687,0,0,0
original_six,20090605,0,91583,91583,0,0,0
original_six,20090608,0,91531,91531,0,0,0
original_six,20090609,0,91490,91490,0,0,0
original_six,20090610,0,91479,91479,0,0,0
original_six,20090611,0,91394,91394,0,0,0
original_six,20090612,0,91369,91369,0,0,0
original_six,20090615,0,91336,91336,0,0,0
original_six,20090616,0,91125,91125,0,0,0
original_six,20090617,0,91031,91031,0,0,0
original_six,20090618,0,90958,90958,0,0,0
original_six,20090619,0,90870,90870,0,0,0
original_six,20090622,0,90858,90858,0,0,0
original_six,20090623,0,90853,90853,0,0,0
original_six,20090624,0,90809,90809,0,0,0
original_six,20090625,0,90715,90715,0,0,0
original_six,20090626,0,90429,90429,0,0,0
original_six,20090629,0,90290,90290,0,0,0
original_six,20090630,0,90249,90249,0,0,0
original_six,20090701,0,90241,90241,0,0,0
original_six,20090702,0,90197,90197,0,0,0
original_six,20090703,0,90136,90136,0,0,0
original_six,20090706,0,89951,89951,0,0,0
original_six,20090707,0,89886,89886,0,0,0
original_six,20090708,0,89866,89866,0,0,0
original_six,20090709,0,89680,89680,0,0,0
original_six,20090710,0,89466,89466,0,0,0
original_six,20090713,0,89283,89283,0,0,0
original_six,20090714,0,89207,89207,0,0,0
original_six,20090715,0,89132,89132,0,0,0
original_six,20090716,0,89091,89091,0,0,0
original_six,20090717,0,89024,89024,0,0,0
original_six,20090719,0,89009,89009,0,0,0
original_six,20090720,0,88769,88769,0,0,0
original_six,20090721,0,88698,88698,0,0,0
original_six,20090722,0,88689,88689,0,0,0
original_six,20090723,0,88614,88614,0,0,0
original_six,20090724,0,88556,88556,0,0,0
original_six,20090727,0,88472,88472,0,0,0
original_six,20090728,0,88472,88472,0,0,0
original_six,20090729,0,88445,88445,0,0,0
original_six,20090730,0,88396,88396,0,0,0
original_six,20090731,0,88218,88218,0,0,0
original_six,20090803,0,87963,87963,0,0,0
original_six,20090804,0,87871,87871,0,0,0
original_six,20090805,0,87749,87749,0,0,0
original_six,20090806,0,87723,87723,0,0,0
original_six,20090807,0,87516,87516,0,0,0
original_six,20090810,0,87444,87444,0,0,0
original_six,20090811,0,87358,87358,0,0,0
original_six,20090812,0,87341,87341,0,0,0
original_six,20090813,0,87319,87319,0,0,0
original_six,20090814,0,87176,87176,0,0,0
original_six,20090817,0,87091,87091,0,0,0
original_six,20090818,0,86827,86827,0,0,0
original_six,20090819,0,86684,86684,0,0,0
original_six,20090820,0,86542,86542,0,0,0
original_six,20090821,0,86483,86483,0,0,0
original_six,20090823,0,86468,86468,0,0,0
original_six,20090824,0,86339,86339,0,0,0
original_six,20090825,0,86226,86226,0,0,0
original_six,20090826,0,85907,85907,0,0,0
original_six,20090827,0,85811,85811,0,0,0
original_six,20090828,0,85737,85737,0,0,0
original_six,20090831,0,85737,85737,0,0,0
original_six,20090901,0,85613,85613,0,0,0
original_six,20090902,0,85524,85524,0,0,0
original_six,20090903,0,85426,85426,0,0,0
original_six,20090904,0,85393,85393,0,0,0
original_six,20090907,0,85297,85297,0,0,0
original_six,20090908,0,85278,85278,0,0,0
original_six,20090909,0,85211,85211,0,0,0
original_six,20090911,0,85130,85130,0,0,0
original_six,20090912,0,85130,85130,0,0,0
original_six,20090913,0,85078,85078,0,0,0
original_six,20090914,0,84988,84988,0,0,0
original_six,20090915,0,84920,84920,0,0,0
original_six,20090916,0,84920,84920,0,0,0
original_six,20090917,0,84875,84875,0,0,0
original_six,20090918,0,84875,84875,0,0,0
original_six,20090921,0,84733,84733,0,0,0
original_six,20090922,0,84662,84662,0,0,0
original_six,20090923,0,84656,84656,0,0,0
original_six,20090924,0,84617,84617,0,0,0
original_six,20090925,0,84596,84596,0,0,0
original_six,20090928,0,84581,84581,0,0,0
original_six,20090929,0,84550,84550,0,0,0
original_six,20090930,0,84518,84518,0,0,0
original_six,20091001,0,84512,84512,0,0,0
original_six,20091002,0,84404,84404,0,0,0
original_six,20091005,0,84325,84325,0,0,0
original_six,20091006,0,84293,84293,0,0,0
original_six,20091007,0,84243,84243,0,0,0
original_six,20091008,0,84235,84235,0,0,0
original_six,20091009,0,84192,84192,0,0,0
original_six,20091012,0,84174,84174,0,0,0
original_six,20091013,0,84128,84128,0,0,0
original_six,20091014,0,84063,84063,0,0,0
original_six,20091019,0,84024,84024,0,0,0
original_six,20091020,0,83998,83998,0,0,0
original_six,20091021,0,83890,83890,0,0,0
original_six,20091023,0,83878,83878,0,0,0
original_six,20091027,0,83638,83638,0,0,0
original_six,20091028,0,83636,83636,0,0,0
original_six,20091029,0,83505,83505,0,0,0
original_six,20091030,0,83371,83371,0,0,0
original_six,20091031,0,83369,83369,0,0,0
original_six,20091101,0,83369,83369,0,0,0
original_six,20091102,0,83215,83215,0,0,0
original_six,20091104,0,83169,83169,0,0,0
original_six,20091105,0,83165,83165,0,0,0
original_six,20091106,0,83120,83120,0,0,0
original_six,20091109,0,82907,82907,0,0,0
original_six,20091110,0,82672,82672,0,0,0
original_six,20091111,0,82626,82626,0,0,0
original_six,20091112,0,82496,82496,0,0,0
original_six,20091113,0,82436,82436,0,0,0
original_six,20091114,0,82432,82432,0,0,0
original_six,20091115,0,82366,82366,0,0,0
original_six,20091116,0,82230,82230,0,0,0
original_six,20091117,0,82120,82120,0,0,0
original_six,20091118,0,82079,82079,0,0,0
original_six,20091119,0,81924,81924,0,0,0
original_six,20091120,0,81874,81874,0,0,0
original_six,20091123,0,81801,81801,0,0,0
original_six,20091124,0,81720,81720,0,0,0
original_six,20091125,0,81667,81667,0,0,0
original_six,20091126,0,81563,81563,0,0,0
original_six,20091127,0,81440,81440,0,0,0
original_six,20091129,0,81427,81427,0,0,0
original_six,20091130,0,81342,81342,0,0,0
original_six,20091201,0,81252,81252,0,0,0
original_six,20091202,0,80868,80868,0,0,0
original_six,20091203,0,80735,80735,0,0,0
original_six,20091204,0,80610,80610,0,0,0
original_six,20091207,0,80562,80562,0,0,0
original_six,20091208,0,80550,80550,0,0,0
original_six,20091209,0,80475,80475,0,0,0
original_six,20091210,0,80376,80376,0,0,0
original_six,20091211,0,80307,80307,0,0,0
original_six,20091214,0,80264,80264,0,0,0
original_six,20091215,0,80162,80162,0,0,0
original_six,20091216,0,80021,80021,0,0,0
original_six,20091217,0,80021,80021,0,0,0
original_six,20091218,0,80010,80010,0,0,0
original_six,20091221,0,80003,80003,0,0,0
original_six,20091222,0,79983,79983,0,0,0
original_six,20091223,0,79947,79947,0,0,0
original_six,20100104,0,79916,79916,0,0,0
original_six,20100105,0,79904,79904,0,0,0
original_six,20100106,0,79885,79885,0,0,0
original_six,20100107,0,79799,79799,0,0,0
original_six,20100108,0,79661,79661,0,0,0
original_six,20100111,0,79557,79557,0,0,0
original_six,20100112,0,79539,79539,0,0,0
original_six,20100113,0,79430,79430,0,0,0
original_six,20100114,0,79362,79362,0,0,0
original_six,20100115,0,79268,79268,0,0,0
original_six,20100118,0,79100,79100,0,0,0
original_six,20100119,0,79100,79100,0,0,0
original_six,20100120,0,79010,79010,0,0,0
original_six,20100121,0,78917,78917,0,0,1
original_six,20100122,0,78903,78903,0,0,1
original_six,20100124,0,78901,78901,0,0,1
original_six,20100125,0,78894,78894,0,0,1
original_six,20100126,0,78835,78835,0,0,1
original_six,20100127,0,78571,78571,0,0,1
original_six,20100128,0,78527,78527,0,0,1
original_six,20100129,0,78474,78474,0,0,1
original_six,20100130,0,78404,78404,0,0,1
original_six,20100201,0,78306,78306,0,0,1
original_six,20100202,0,78176,78176,0,0,1
original_six,20100203,0,77957,77957,0,0,1
original_six,20100204,0,77871,77871,0,0,1
original_six,20100205,0,77587,77587,0,0,1
original_six,20100208,0,77444,77444,0,0,1
original_six,20100209,0,77399,77399,0,0,1
original_six,20100210,0,77337,77337,0,0,2
original_six,20100211,0,77286,77286,0,0,2
original_six,20100212,0,77277,77277,0,0,2
original_six,20100215,0,77186,77186,0,0,2
original_six,20100216,0,77152,77152,0,0,2
original_six,20100217,0,77139,77139,0,0,2
original_six,20100218,0,77085,77085,0,0,2
original_six,20100219,0,76988,76988,0,0,2
original_six,20100222,0,76905,76905,0,0,2
original_six,20100223,0,76871,76871,0,0,2
original_six,20100224,0,76766,76766,0,0,2
original_six,20100225,0,76736,76736,0,0,2
original_six,20100226,0,76644,76644,0,0,2
original_six,20100301,0,76622,76622,0,0,2
original_six,20100302,0,76551,76551,0,0,2
original_six,20100303,0,76511,76511,0,0,2
original_six,20100304,0,76456,76456,0,0,2
original_six,20100305,0,76428,76428,0,0,2
original_six,20100308,0,76392,76392,0,0,2
original_six,20100309,0,76390,76390,0,0,2
original_six,20100310,0,76347,76347,0,0,2
original_six,20100311,0,76264,76264,0,0,2
original_six,20100312,0,76213,76213,0,0,2
original_six,20100315,0,76176,76176,0,0,2
original_six,20100316,0,76148,76148,0,0,2
original_six,20100317,0,76089,76089,0,0,2
original_six,20100318,0,76065,76065,0,0,2
original_six,20100319,0,76004,76004,0,0,2
original_six,20100322,0,75946,75946,0,0,2
original_six,20100323,0,75910,75910,0,0,2
original_six,20100324,0,75889,75889,0,0,2
original_six,20100325,0,75828,75828,0,0,2
original_six,20100326,0,75383,75383,0,0,2
original_six,20100329,0,75316,75316,0,0,2
original_six,20100330,0,75300,75300,0,0,2
original_six,20100331,0,75236,75236,0,0,2
original_six,20100401,0,75228,75228,0,0,2
original_six,20100405,0,75226,75226,0,0,2
original_six,20100406,0,75225,75225,0,0,2
original_six,20100407,0,75202,75202,0,0,2
original_six,20100408,0,75147,75147,0,0,2
original_six,20100409,0,75116,75116,0,0,2
original_six,20100412,0,75033,75033,0,0,2
original_six,20100413,0,74820,74820,0,0,2
original_six,20100414,0,74787,74787,0,0,2
original_six,20100415,0,74683,74683,0,0,2
original_six,20100416,0,74679,74679,0,0,2
original_six,20100419,0,74620,74620,0,0,2
original_six,20100420,0,74598,74598,0,0,2
original_six,20100421,0,74591,74591,0,0,2
original_six,20100422,0,74562,74562,0,0,2
original_six,20100423,0,74487,74487,0,0,2
original_six,20100426,0,74383,74383,0,0,2
original_six,20100427,0,74377,74377,0,0,2
original_six,20100428,0,74290,74290,0,0,2
original_six,20100429,0,74219,74219,0,0,2
original_six,20100430,0,74083,74083,0,0,2
original_six,20100503,0,74046,74046,0,0,2
original_six,20100504,0,74001,74001,0,0,2
original_six,20100505,0,73991,73991,0,0,2
original_six,20100506,0,73978,73978,0,0,2
original_six,20100507,0,73813,73813,0,0,2
original_six,20100510,0,73703,73703,0,0,2
original_six,20100511,0,73700,73700,0,0,2
original_six,20100513,0,73695,73695,0,0,2
original_six,20100514,0,73593,73593,0,0,2
original_six,20100517,0,73193,73193,0,0,2
original_six,20100518,0,73185,73185,0,0,2
original_six,20100519,0,73114,73114,0,0,2
original_six,20100520,0,73078,73078,0,0,2
original_six,20100521,0,73059,73059,0,0,2
original_six,20100524,0,73025,73025,0,0,2
original_six,20100525,0,72980,72980,0,0,2
original_six,20100526,0,72979,72979,0,0,2
original_six,20100527,0,72955,72955,0,0,2
original_six,20100528,0,72894,72894,0,0,2
original_six,20100601,0,72722,72722,0,0,2
original_six,20100602,0,72529,72529,0,0,2
original_six,20100603,0,72270,72270,0,0,2
original_six,20100604,0,72184,72184,0,0,2
original_six,20100606,0,72184,72184,0,0,2
original_six,20100607,0,71620,71620,0,0,2
original_six,20100608,0,71464,71464,0,0,2
original_six,20100609,0,71316,71316,0,0,2
original_six,20100610,0,71175,71175,0,0,2
original_six,20100611,0,71042,71042,0,0,2
original_six,20100614,0,70912,70912,0,0,3
original_six,20100615,0,70888,70888,0,0,3
original_six,20100616,0,70886,70886,0,0,3
original_six,20100617,0,70776,70776,0,0,3
original_six,20100618,0,70715,70715,0,0,3
original_six,20100621,0,70677,70677,0,0,3
original_six,20100622,0,70626,70626,0,0,3
original_six,20100623,0,70595,70595,0,0,3
original_six,20100624,0,70453,70453,0,0,3
original_six,20100625,0,70307,70307,0,0,3
original_six,20100628,0,70244,70244,0,0,3
original_six,20100629,0,70224,70224,0,0,3
original_six,20100630,0,70153,70153,0,0,3
original_six,20100701,0,70152,70152,0,0,3
original_six,20100702,0,70101,70101,0,0,3
original_six,20100705,0,70042,70042,0,0,3
original_six,20100706,0,69987,69987,0,0,3
original_six,20100707,0,69889,69889,0,0,3
original_six,20100708,0,69804,69804,0,0,3
original_six,20100709,0,69778,69778,0,0,3
original_six,20100712,0,69747,69747,0,0,3
original_six,20100713,0,69646,69646,0,0,3
original_six,20100714,0,69607,69607,0,0,3
original_six,20100715,0,69559,69559,0,0,3
original_six,20100716,0,69517,69517,0,0,3
original_six,20100718,0,69494,69494,0,0,3
original_six,20100719,0,69323,69323,0,0,4
original_six,20100721,0,69006,69006,0,0,4
original_six,20100722,0,68830,68830,0,0,4
original_six,20100723,0,68814,68814,0,0,4
original_six,20100726,0,68793,68793,0,0,4
original_six,20100727,0,68759,68759,0,0,4
original_six,20100728,0,68573,68573,0,0,4
original_six,20100729,0,68504,68504,0,0,4
original_six,20100730,0,68335,68335,0,0,4
original_six,20100802,0,68310,68310,0,0,4
original_six,20100803,0,68187,68187,0,0,4
original_six,20100804,0,68153,68153,0,0,4
original_six,20100805,0,68142,68142,0,0,4
original_six,20100806,0,68088,68088,0,0,4
original_six,20100809,0,68005,68005,0,0,4
original_six,20100810,0,67906,67906,0,0,4
original_six,20100811,0,67887,67887,0,0,4
original_six,20100812,0,67882,67882,0,0,4
original_six,20100813,0,67851,67851,0,0,4
original_six,20100814,0,67851,67851,0,0,4
original_six,20100817,0,67763,67763,0,0,4
original_six,20100818,0,67751,67751,0,0,4
original_six,20100819,0,67518,67518,0,0,4
original_six,20100820,0,67507,67507,0,0,4
original_six,20100823,0,67473,67473,0,0,4
original_six,20100824,0,67473,67473,0,0,4
original_six,20100825,0,67445,67445,0,0,4
original_six,20100826,0,67410,67410,0,0,4
original_six,20100827,0,67404,67404,0,0,4
original_six,20100831,0,67384,67384,0,0,4
original_six,20100901,0,67351,67351,0,0,4
original_six,20100902,0,67206,67206,0,0,4
original_six,20100903,0,67175,67175,0,0,4
original_six,20100906,0,67129,67129,0,0,4
original_six,20100907,0,67121,67121,0,0,4
original_six,20100908,0,67093,67093,0,0,4
original_six,20100909,0,67093,67093,0,0,4
original_six,20100910,0,67070,67070,0,0,4
original_six,20100913,0,67046,67046,0,0,4
original_six,20100914,0,66967,66967,0,0,4
original_six,20100915,0,66880,66880,0,0,4
original_six,20100916,0,66855,66855,0,0,4
original_six,20100917,0,66744,66744,0,0,4
original_six,20100920,0,66564,66564,0,0,4
original_six,20100921,0,66543,66543,0,0,4
original_six,20100922,0,66499,66499,0,0,4
original_six,20100923,0,66448,66448,0,0,4
original_six,20100924,0,66368,66368,0,0,4
original_six,20100927,0,66348,66348,0,0,4
original_six,20100928,0,66324,66324,0,0,4
original_six,20100929,0,66169,66169,0,0,4
original_six,20100930,0,66086,66086,0,0,4
original_six,20101001,0,66060,66060,0,0,4
original_six,20101004,0,66005,66005,0,0,4
original_six,20101005,0,65890,65890,0,0,4
original_six,20101006,0,65833,65833,0,0,4
original_six,20101007,0,65734,65734,0,0,4
original_six,20101008,0,65588,65588,0,0,4
original_six,20101011,0,65573,65573,0,0,4
original_six,20101012,0,65529,65529,0,0,4
original_six,20101013,0,65482,65482,0,0,4
original_six,20101014,0,65416,65416,0,0,4
original_six,20101015,0,65268,65268,0,0,4
original_six,20101016,0,65234,65234,0,0,4
original_six,20101018,0,65119,65119,0,0,4
original_six,20101019,0,65111,65111,0,0,4
original_six,20101020,0,65077,65077,0,0,4
original_six,20101021,0,64925,64925,0,0,4
original_six,20101022,0,64909,64909,0,0,4
original_six,20101026,0,64888,64888,0,0,4
original_six,20101027,0,64885,64885,0,0,4
original_six,20101028,0,64844,64844,0,0,4
original_six,20101029,0,64830,64830,0,0,4
original_six,20101031,0,64787,64787,0,0,4
original_six,20101101,0,64700,64700,0,0,4
original_six,20101102,0,64608,64608,0,0,4
original_six,20101103,0,64588,64588,0,0,4
original_six,20101104,0,64402,64402,0,0,4
original_six,20101105,0,63849,63849,0,0,4
original_six,20101108,0,63812,63812,0,0,4
original_six,20101109,0,63745,63745,0,0,4
original_six,20101110,0,63662,63662,0,0,4
original_six,20101111,0,63651,63651,0,0,4
original_six,20101112,0,63575,63575,0,0,4
original_six,20101115,0,62518,62518,0,0,4
original_six,20101116,0,62513,62513,0,0,4
original_six,20101117,0,62484,62484,0,0,4
original_six,20101118,0,62484,62484,0,0,4
original_six,20101119,0,62397,62397,0,0,4
original_six,20101122,0,62349,62349,0,0,4
original_six,20101123,0,62271,62271,0,0,4
original_six,20101124,0,62252,62252,0,0,4
original_six,20101125,0,62227,62227,0,0,4
original_six,20101126,0,62217,62217,0,0,4
original_six,20101129,0,62194,62194,0,0,4
original_six,20101130,0,62166,62166,0,0,4
original_six,20101201,0,62152,62152,0,0,4
original_six,20101202,0,62122,62122,0,0,4
original_six,20101203,0,62003,62003,0,0,4
original_six,20101206,0,61969,61969,0,0,4
original_six,20101207,0,61969,61969,0,0,4
original_six,20101208,0,61924,61924,0,0,4
original_six,20101209,0,61897,61897,0,0,4
original_six,20101210,0,61866,61866,0,0,4
original_six,20101213,0,61651,61651,0,0,4
original_six,20101214,0,61641,61641,0,0,4
original_six,20101215,0,61581,61581,0,0,4
original_six,20101216,0,61558,61558,0,0,4
original_six,20101217,0,61259,61259,0,0,4
original_six,20101220,0,61137,61137,0,0,4
original_six,20101221,0,60887,60887,0,0,4
original_six,20101222,0,60835,60835,0,0,4
original_six,20101223,0,60829,60829,0,0,4
original_six,20101227,0,60817,60817,0,0,4
original_six,20101228,0,60776,60776,0,0,4
original_six,20101229,0,60671,60671,0,0,4
original_six,20101230,0,60652,60652,0,0,4
original_six,20110103,0,60606,60606,0,0,4
original_six,20110104,0,60553,60553,0,0,4
original_six,20110105,0,60534,60534,0,0,4
original_six,20110106,0,60502,60502,0,0,4
original_six,20110107,0,60492,60492,0,0,4
original_six,20110110,0,60173,60173,0,0,4
original_six,20110111,0,60108,60108,0,0,4
original_six,20110112,0,60061,60061,0,0,4
original_six,20110113,0,60033,60033,0,0,4
original_six,20110114,0,59991,59991,0,0,4
original_six,20110117,0,59917,59917,0,0,4
original_six,20110118,0,59858,59858,0,0,4
original_six,20110119,0,59796,59796,0,0,4
original_six,20110120,0,59666,59666,0,0,4
original_six,20110121,0,59385,59385,0,0,4
original_six,20110124,0,59174,59174,0,0,4
original_six,20110125,0,59059,59059,0,0,4
original_six,20110126,0,58915,58915,0,0,5
original_six,20110127,0,58836,58836,0,0,5
original_six,20110128,0,58776,58776,0,0,5
original_six,20110131,0,58704,58704,0,0,5
original_six,20110201,0,58613,58613,0,0,5
original_six,20110202,0,58565,58565,0,0,5
original_six,20110203,0,58417,58417,0,0,5
original_six,20110204,0,58349,58349,0,0,5
original_six,20110205,0,58333,58333,0,0,5
original_six,20110206,0,58287,58287,0,0,5
original_six,20110207,0,58196,58196,0,0,5
original_six,20110208,0,58145,58145,0,0,5
original_six,20110209,0,58056,58056,0,0,5
original_six,20110210,0,58034,58034,0,0,5
original_six,20110211,0,57974,57974,0,0,5
original_six,20110213,0,57956,57956,0,0,5
original_six,20110214,0,57927,57927,0,0,5
original_six,20110215,0,57888,57888,0,0,5
original_six,20110216,0,57849,57849,0,0,5
original_six,20110217,0,57848,57848,0,0,5
original_six,20110218,0,57806,57806,0,0,5
original_six,20110220,0,57794,57794,0,0,5
original_six,20110221,0,57755,57755,0,0,5
original_six,20110222,0,57608,57608,0,0,5
original_six,20110223,0,57503,57503,0,0,6
original_six,20110224,0,57314,57314,0,0,6
original_six,20110225,0,57295,57295,0,0,6
original_six,20110228,0,57240,57240,0,0,6
original_six,20110301,0,57069,57069,0,0,6
original_six,20110302,0,57010,57010,0,0,6
original_six,20110303,0,56998,56998,0,0,6
original_six,20110304,0,56893,56893,0,0,6
original_six,20110307,0,56804,56804,0,0,6
original_six,20110308,0,56771,56771,0,0,6
original_six,20110309,0,56728,56728,0,0,6
original_six,20110310,0,56624,56624,0,0,6
original_six,20110311,0,56536,56536,0,0,6
original_six,20110314,0,56504,56504,0,0,6
original_six,20110315,0,56413,56413,0,0,6
original_six,20110316,0,56298,56298,0,0,6
original_six,20110317,0,56101,56101,0,0,6
original_six,20110318,0,55827,55827,0,0,6
original_six,20110320,0,55826,55826,0,0,6
original_six,20110321,0,55726,55726,0,0,6
original_six,20110322,0,55654,55654,0,0,6
original_six,20110323,0,55528,55528,0,0,7
original_six,20110324,0,55483,55483,0,0,7
original_six,20110325,0,55440,55440,0,0,7
original_six,20110328,0,55402,55402,0,0,7
original_six,20110329,0,55301,55301,0,0,7
original_six,20110330,0,55154,55154,0,0,9
original_six,20110331,0,55078,55078,0,0,9
original_six,20110401,0,54857,54857,0,0,9
original_six,20110403,0,54820,54820,0,0,9
original_six,20110404,0,54676,54676,0,0,9
original_six,20110405,0,54618,54618,0,0,9
original_six,20110406,0,54516,54516,0,0,9
original_six,20110407,0,54478,54478,0,0,9
original_six,20110408,0,54396,54396,0,0,9
original_six,20110409,0,54394,54394,0,0,9
original_six,20110411,0,54277,54277,0,0,10
original_six,20110412,0,54254,54254,0,0,10
original_six,20110413,0,54118,54118,0,0,11
original_six,20110414,0,53977,53977,0,0,11
original_six,20110415,0,53819,53819,0,0,11
original_six,20110418,0,53670,53670,0,0,11
original_six,20110419,0,53603,53603,0,0,11
original_six,20110420,0,53410,53410,0,0,11
original_six,20110421,0,53389,53389,0,0,11
original_six,20110426,0,53254,53254,0,0,12
original_six,20110427,0,52904,52904,0,0,12
original_six,20110428,0,52734,52734,0,0,12
original_six,20110429,0,52665,52665,0,0,12
original_six,20110430,0,52655,52655,0,0,12
original_six,20110501,0,52646,52646,0,0,12
original_six,20110502,0,52597,52597,0,0,12
original_six,20110503,0,52523,52523,0,0,12
original_six,20110504,0,52455,52455,0,0,12
original_six,20110505,0,52354,52354,0,0,12
original_six,20110506,0,52297,52297,0,0,12
original_six,20110509,0,52280,52280,0,0,12
original_six,20110510,0,52238,52238,0,0,12
original_six,20110511,0,52198,52198,0,0,12
original_six,20110512,0,52106,52106,0,0,12
original_six,20110513,0,52106,52106,0,0,12
original_six,20110514,0,52105,52105,0,0,12
original_six,20110515,0,52103,52103,0,0,12
original_six,20110516,0,51722,51722,0,0,12
original_six,20110517,0,51469,51469,0,0,12
original_six,20110518,0,51404,51404,0,0,12
original_six,20110519,0,51354,51354,0,0,12
original_six,20110520,0,51292,51292,0,0,12
original_six,20110523,0,51206,51206,0,0,12
original_six,20110524,0,51157,51157,0,0,12
original_six,20110525,0,51070,51070,0,0,12
original_six,20110526,0,51049,51049,0,0,12
original_six,20110527,0,50964,50964,0,0,12
original_six,20110531,0,50943,50943,0,0,12
original_six,20110601,0,50818,50818,0,0,12
original_six,20110603,0,50778,50778,0,0,12
original_six,20110606,0,50708,50708,0,0,12
original_six,20110607,0,50679,50679,0,0,12
original_six,20110608,0,50669,50669,0,0,12
original_six,20110609,0,50668,50668,0,0,12
original_six,20110610,0,50664,50664,0,0,12
original_six,20110613,0,50622,50622,0,0,12
original_six,20110614,0,50604,50604,0,0,12
original_six,20110615,0,50561,50561,0,0,12
original_six,20110616,0,50399,50399,0,0,12
original_six,20110617,0,50345,50345,0,0,12
original_six,20110618,0,50289,50289,0,0,12
original_six,20110620,0,50284,50284,0,0,12
original_six,20110621,0,50217,50217,0,0,12
original_six,20110622,0,50088,50088,0,0,12
original_six,20110623,0,49908,49908,0,0,12
original_six,20110624,0,49826,49826,0,0,12
original_six,20110626,0,49825,49825,0,0,12
original_six,20110627,0,49751,49751,0,0,12
original_six,20110628,0,49708,49708,0,0,12
original_six,20110629,0,49656,49656,0,0,12
original_six,20110630,0,49608,49608,0,0,12
original_six,20110701,0,49606,49606,0,0,12
original_six,20110704,0,49530,49530,0,0,12
original_six,20110705,0,49500,49500,0,0,12
original_six,20110706,0,49301,49301,0,0,12
original_six,20110707,0,49126,49126,0,0,12
original_six,20110708,0,48989,48989,0,0,12
original_six,20110710,0,48956,48956,0,0,12
original_six,20110711,0,48764,48764,0,0,13
original_six,20110712,0,48730,48730,0,0,13
original_six,20110713,0,48698,48698,0,0,13
original_six,20110714,0,48696,48696,0,0,13
original_six,20110715,0,48636,48636,0,0,13
original_six,20110718,0,48547,48547,0,0,14
original_six,20110719,0,48377,48377,0,0,14
original_six,20110720,0,48346,48346,0,0,14
original_six,20110721,0,48325,48325,0,0,14
original_six,20110722,0,48216,48216,0,0,14
original_six,20110725,0,48036,48036,0,0,14
original_six,20110726,0,48026,48026,0,0,14
original_six,20110727,0,48012,48012,0,0,14
original_six,20110728,0,47945,47945,0,0,14
original_six,20110729,0,47927,47927,0,0,14
original_six,20110731,0,47912,47912,0,0,14
original_six,20110801,0,47907,47907,0,0,14
original_six,20110802,0,47839,47839,0,0,14
original_six,20110803,0,47778,47778,0,0,14
original_six,20110804,0,47618,47618,0,0,15
original_six,20110805,0,47569,47569,0,0,15
original_six,20110808,0,47556,47556,0,0,15
original_six,20110809,0,47528,47528,0,0,15
original_six,20110810,0,47432,47432,0,0,15
original_six,20110811,0,47223,47223,0,0,17
original_six,20110812,0,47202,47202,0,0,17
original_six,20110815,0,47023,47023,0,0,18
original_six,20110816,0,47006,47006,0,0,18
original_six,20110817,0,47002,47002,0,0,18
original_six,20110818,0,46853,46853,0,0,18
original_six,20110819,0,46816,46816,0,0,18
original_six,20110822,0,46794,46794,0,0,18
original_six,20110823,0,46750,46750,0,0,18
original_six,20110824,0,46718,46718,0,0,18
original_six,20110825,0,46586,46586,0,0,18
original_six,20110826,0,46574,46574,0,0,18
original_six,20110828,0,46541,46541,0,0,18
original_six,20110829,0,46509,46509,0,0,18
original_six,20110830,0,46417,46417,0,0,18
original_six,20110831,0,46373,46373,0,0,18
original_six,20110901,0,46325,46325,0,0,18
original_six,20110902,0,46246,46246,0,0,18
original_six,20110904,0,46146,46146,0,0,18
original_six,20110905,0,46015,46015,0,0,19
original_six,20110906,0,45967,45967,0,0,19
original_six,20110907,0,45907,45907,0,0,19
original_six,20110908,0,45907,45907,0,0,19
original_six,20110909,0,45826,45826,0,0,20
original_six,20110912,0,45804,45804,0,0,20
original_six,20110913,0,45719,45719,0,0,20
original_six,20110914,0,45551,45551,0,0,21
original_six,20110915,0,45496,45496,0,0,21
original_six,20110916,0,45434,45434,0,0,21
original_six,20110919,0,45362,45362,0,0,21
original_six,20110920,0,45276,45276,0,0,22
original_six,20110921,0,45270,45270,0,0,22
original_six,20110922,0,45245,45245,0,0,22
original_six,20110923,0,45169,45169,0,0,22
original_six,20110924,0,45137,45137,0,0,22
original_six,20110926,0,45024,45024,0,0,22
original_six,20110927,0,44981,44981,0,0,23
original_six,20110928,0,44941,44941,0,0,23
original_six,20110929,0,44891,44891,0,0,23
original_six,20110930,0,44883,44883,0,0,23
original_six,20111003,0,44871,44871,0,0,23
original_six,20111004,0,44800,44800,0,0,23
original_six,20111005,0,44792,44792,0,0,23
original_six,20111006,0,44722,44722,0,0,23
original_six,20111007,0,44642,44642,0,0,23
original_six,20111009,0,44630,44630,0,0,23
original_six,20111010,0,44630,44630,0,0,23
original_six,20111011,0,44577,44577,0,0,23
original_six,20111012,0,44553,44553,0,0,23
original_six,20111013,0,44526,44526,0,0,23
original_six,20111014,0,44499,44499,0,0,23
original_six,20111017,0,44463,44463,0,0,23
original_six,20111018,0,44447,44447,0,0,23
original_six,20111019,0,44447,44447,0,0,23
original_six,20111020,0,44433,44433,0,0,23
original_six,20111021,0,44427,44427,0,0,23
original_six,20111022,0,44427,44427,0,0,23
original_six,20111023,0,44411,44411,0,0,23
original_six,20111024,0,44364,44364,0,0,24
original_six,20111025,0,44281,44281,0,0,25
original_six,20111026,0,44244,44244,0,0,25
original_six,20111027,0,44231,44231,0,0,25
original_six,20111028,0,44190,44190,0,0,25
original_six,20111029,0,44190,44190,0,0,25
original_six,20111030,0,44186,44186,0,0,25
original_six,20111031,0,44143,44143,0,0,25
original_six,20111101,0,44132,44132,0,0,25
original_six,20111102,0,44123,44123,0,0,25
original_six,20111103,0,44033,44033,0,0,25
original_six,20111104,0,44002,44002,0,0,25
original_six,20111105,0,43925,43925,0,0,25
original_six,20111107,0,43905,43905,0,0,26
original_six,20111108,0,43869,43869,0,0,26
original_six,20111109,0,43869,43869,0,0,26
original_six,20111110,0,43817,43817,0,0,26
original_six,20111111,0,43515,43515,0,0,26
original_six,20111114,0,43480,43480,0,0,26
original_six,20111115,0,43363,43363,0,0,27
original_six,20111116,0,43246,43246,0,0,27
original_six,20111117,0,43183,43183,0,0,27
original_six,20111118,0,43123,43123,0,0,27
original_six,20111119,0,43108,43108,0,0,27
original_six,20111120,0,42957,42957,0,0,27
original_six,20111121,0,42820,42820,0,0,27
original_six,20111122,0,42760,42760,0,0,27
original_six,20111123,0,42721,42721,0,0,27
original_six,20111124,0,42600,42600,0,0,28
original_six,20111125,0,42512,42512,0,0,29
original_six,20111127,0,42489,42489,0,0,29
original_six,20111128,0,42471,42471,0,0,30
original_six,20111129,0,42405,42405,0,0,30
original_six,20111130,0,42306,42306,0,0,32
original_six,20111201,0,42203,42203,0,0,32
original_six,20111202,0,42023,42023,0,0,32
original_six,20111204,0,42023,42023,0,0,32
original_six,20111205,0,41968,41968,0,0,32
original_six,20111206,0,41897,41897,0,0,33
original_six,20111207,0,41783,41783,0,0,33
original_six,20111208,0,41549,41549,0,0,33
original_six,20111209,0,41382,41382,0,0,34
original_six,20111211,0,41265,41265,0,0,36
original_six,20111212,0,41163,41163,0,0,38
original_six,20111213,0,41046,41046,0,0,39
original_six,20111214,0,40935,40935,0,0,41
original_six,20111215,0,40890,40890,0,0,41
original_six,20111216,0,40847,40847,0,0,41
original_six,20111219,0,40842,40842,0,0,41
original_six,20111220,0,40735,40735,0,0,42
original_six,20111221,0,40702,40702,0,0,42
original_six,20111222,0,40689,40689,0,0,42
original_six,20111223,0,40666,40666,0,0,42
original_six,20111226,0,40666,40666,0,0,42
original_six,20111228,0,40664,40664,0,0,42
original_six,20111229,0,40653,40653,0,0,42
original_six,20111230,0,40653,40653,0,0,42
original_six,20120102,0,40650,40650,0,0,42
original_six,20120103,0,40645,40645,0,0,42
original_six,20120104,0,40630,40630,0,0,42
original_six,20120105,0,40556,40556,0,0,42
original_six,20120106,0,40493,40493,0,0,42
original_six,20120108,0,40488,40488,0,0,42
original_six,20120109,0,40413,40413,0,0,42
original_six,20120110,0,40374,40374,0,0,43
original_six,20120111,0,40276,40276,0,0,44
original_six,20120112,0,40176,40176,0,0,44
original_six,20120113,0,40146,40146,0,0,44
original_six,20120116,0,40061,40061,0,0,44
original_six,20120117,0,40007,40007,0,0,44
original_six,20120118,0,39912,39912,0,0,44
original_six,20120119,0,39886,39886,0,0,45
original_six,20120120,0,39864,39864,0,0,45
original_six,20120123,0,39752,39752,0,0,45
original_six,20120124,0,39747,39747,0,0,45
original_six,20120125,0,39712,39712,0,0,45
original_six,20120126,0,39697,39697,0,0,45
original_six,20120127,0,39668,39668,0,0,45
original_six,20120128,0,39628,39628,0,0,46
original_six,20120130,0,39609,39609,0,0,46
original_six,20120131,0,39574,39574,0,0,46
original_six,20120201,0,39560,39560,0,0,46
original_six,20120203,0,39531,39531,0,0,46
original_six,20120205,0,39526,39526,0,0,46
original_six,20120206,0,39505,39505,0,0,47
original_six,20120207,0,39483,39483,0,0,47
original_six,20120208,0,39464,39464,0,0,47
original_six,20120209,0,39433,39433,0,0,47
original_six,20120210,0,39417,39417,0,0,47
original_six,20120212,0,39405,39405,0,0,47
original_six,20120213,0,39371,39371,0,0,47
original_six,20120214,0,39368,39368,0,0,47
original_six,20120215,0,39320,39320,0,0,47
original_six,20120216,0,39316,39316,0,0,47
original_six,20120217,0,39267,39267,0,0,47
original_six,20120220,0,39259,39259,0,0,47
original_six,20120221,0,39225,39225,0,0,47
original_six,20120222,0,39200,39200,0,0,47
original_six,20120223,0,39164,39164,0,0,47
original_six,20120224,0,39160,39160,0,0,47
original_six,20120227,0,39158,39158,0,0,47
original_six,20120228,0,39034,39034,0,0,47
original_six,20120229,0,39015,39015,0,0,47
original_six,20120301,0,39010,39010,0,0,47
original_six,20120302,0,38960,38960,0,0,48
original_six,20120304,0,38956,38956,0,0,48
original_six,20120305,0,38903,38903,0,0,48
original_six,20120306,0,38888,38888,0,0,48
original_six,20120307,0,38817,38817,0,0,49
original_six,20120308,0,38776,38776,0,0,49
original_six,20120309,0,38754,38754,0,0,49
original_six,20120311,0,38751,38751,0,0,49
original_six,20120312,0,38702,38702,0,0,50
original_six,20120313,0,38656,38656,0,0,50
original_six,20120314,0,38602,38602,0,0,50
original_six,20120315,0,38562,38562,0,0,50
original_six,20120316,0,38483,38483,0,0,50
original_six,20120319,0,38415,38415,0,0,50
original_six,20120320,0,38411,38411,0,0,50
original_six,20120321,0,38394,38394,0,0,50
original_six,20120322,0,38380,38380,0,0,50
original_six,20120323,0,38357,38357,0,0,50
original_six,20120326,8,38354,38362,0,0,50
original_six,20120327,8,38320,38328,0,0,50
original_six,20120328,8,38295,38303,0,0,50
original_six,20120329,8,38270,38278,0,0,50
original_six,20120330,8,38258,38266,0,0,50
original_six,20120402,8,38229,38237,0,0,50
original_six,20120403,8,38117,38125,0,0,50
original_six,20120404,8,38061,38069,0,0,50
original_six,20120406,8,38059,38067,0,0,50
original_six,20120407,8,38024,38032,0,0,50
original_six,20120408,8,38010,38018,0,0,50
original_six,20120410,8,37972,37980,0,0,50
original_six,20120411,8,37950,37958,0,0,51
original_six,20120412,8,37911,37919,0,0,51
original_six,20120413,8,37876,37884,0,0,51
original_six,20120414,8,37876,37884,0,0,51
original_six,20120416,8,37844,37852,0,0,51
original_six,20120417,8,37817,37825,0,0,52
original_six,20120418,8,37746,37754,0,0,52
original_six,20120419,8,37741,37749,0,0,52
original_six,20120420,8,37724,37732,0,0,52
original_six,20120422,8,37716,37724,0,0,52
original_six,20120423,8,37673,37681,0,0,52
original_six,20120424,8,37640,37648,0,0,53
original_six,20120425,8,37606,37614,0,0,53
original_six,20120426,8,37596,37604,0,0,53
original_six,20120427,8,37555,37563,0,0,53
original_six,20120430,8,37521,37529,0,0,53
original_six,20120501,8,37498,37506,0,0,53
original_six,20120502,8,37460,37468,0,0,53
original_six,20120503,8,37430,37438,0,0,53
original_six,20120504,8,37430,37438,0,0,53
original_six,20120507,8,37409,37417,0,0,53
original_six,20120508,8,37388,37396,0,0,53
original_six,20120509,8,37378,37386,0,0,53
original_six,20120510,8,37374,37382,0,0,53
original_six,20120511,8,37348,37356,0,0,53
original_six,20120514,8,37338,37346,0,0,53
original_six,20120515,8,37327,37335,0,0,53
original_six,20120516,8,37300,37308,0,0,53
original_six,20120517,8,37248,37256,0,0,54
original_six,20120518,8,37232,37240,0,0,54
original_six,20120521,8,37174,37182,0,0,54
original_six,20120522,8,37174,37182,0,0,54
original_six,20120523,8,37148,37156,0,0,55
original_six,20120525,8,37148,37156,0,0,55
original_six,20120528,8,37146,37154,0,0,55
original_six,20120529,8,37146,37154,0,0,55
original_six,20120530,8,37097,37105,0,0,55
original_six,20120531,8,37068,37076,0,0,55
original_six,20120601,8,37009,37017,0,0,55
original_six,20120604,8,37005,37013,0,0,55
original_six,20120605,8,36995,37003,0,0,56
original_six,20120606,8,36909,36917,0,0,56
original_six,20120607,8,36850,36858,0,0,56
original_six,20120608,8,36802,36810,0,0,56
original_six,20120611,8,36783,36791,0,0,56
original_six,20120612,8,36783,36791,0,0,56
original_six,20120613,8,36761,36769,0,0,57
original_six,20120614,8,36743,36751,0,0,57
original_six,20120615,8,36722,36730,0,0,57
original_six,20120618,8,36710,36718,0,0,57
original_six,20120619,8,36675,36683,0,0,57
original_six,20120620,8,36664,36672,0,0,57
original_six,20120621,8,36639,36647,0,0,57
original_six,20120622,8,36617,36625,0,0,57
original_six,20120625,8,36594,36602,0,0,57
original_six,20120626,8,36588,36596,0,0,57
original_six,20120627,8,36566,36574,0,0,58
original_six,20120628,8,36556,36564,0,0,58
original_six,20120629,8,36506,36514,0,0,58
original_six,20120701,8,36502,36510,0,0,58
original_six,20120702,8,36499,36507,0,0,58
original_six,20120703,8,36498,36506,0,0,58
original_six,20120704,8,36457,36465,0,0,58
original_six,20120705,8,36440,36448,0,0,58
original_six,20120706,8,36426,36434,0,0,58
original_six,20120709,8,36415,36423,0,0,58
original_six,20120710,8,36395,36403,0,0,58
original_six,20120711,8,36367,36375,0,0,58
original_six,20120713,8,36353,36361,0,0,58
original_six,20120715,8,36353,36361,0,0,58
original_six,20120716,8,36346,36354,0,0,58
original_six,20120717,8,36324,36332,0,0,58
original_six,20120718,8,36299,36307,0,0,58
original_six,20120719,8,36298,36306,0,0,58
original_six,20120720,8,36224,36232,0,0,59
original_six,20120723,8,36201,36209,0,0,59
original_six,20120724,8,36164,36172,0,0,60
original_six,20120725,8,36162,36170,0,0,60
original_six,20120726,8,36146,36154,0,0,60
original_six,20120727,8,36088,36096,0,0,60
original_six,20120730,8,36031,36039,0,0,60
original_six,20120731,8,35943,35951,0,0,60
original_six,20120801,8,35910,35918,0,0,60
original_six,20120802,8,35906,35914,0,0,60
original_six,20120803,8,35898,35906,0,0,60
original_six,20120806,8,35875,35883,0,0,60
original_six,20120807,8,35873,35881,0,0,60
original_six,20120808,8,35839,35847,0,0,60
original_six,20120809,8,35833,35841,0,0,60
original_six,20120810,8,35801,35809,0,0,60
original_six,20120813,8,35801,35809,0,0,60
original_six,20120814,8,35773,35781,0,0,60
original_six,20120815,8,35748,35756,0,0,60
original_six,20120816,8,35675,35683,0,0,61
original_six,20120817,8,35672,35680,0,0,61
original_six,20120821,8,35636,35644,0,0,61
original_six,20120822,8,35611,35619,0,0,61
original_six,20120823,8,35595,35603,0,0,61
original_six,20120824,8,35557,35565,0,0,61
original_six,20120827,8,35497,35505,0,0,61
original_six,20120828,8,35484,35492,0,0,61
original_six,20120829,8,35484,35492,0,0,61
original_six,20120831,8,35484,35492,0,0,61
original_six,20120903,8,35477,35485,0,0,61
original_six,20120904,8,35469,35477,0,0,61
original_six,20120905,8,35456,35464,0,0,61
original_six,20120907,8,35456,35464,0,0,61
original_six,20120910,8,35390,35398,0,0,61
original_six,20120911,8,35387,35395,0,0,61
original_six,20120912,8,34779,34787,0,0,63
original_six,20120913,8,34759,34767,0,0,63
original_six,20120914,8,34711,34719,0,0,63
original_six,20120917,8,34667,34675,0,0,63
original_six,20120918,8,34653,34661,0,0,63
original_six,20120919,8,34616,34624,0,0,63
original_six,20120920,8,34496,34504,0,0,63
original_six,20120921,8,34425,34433,0,0,63
original_six,20120924,8,34425,34433,0,0,63
original_six,20120925,8,34387,34395,0,0,63
original_six,20120926,8,34336,34344,0,0,63
original_six,20120927,8,34325,34333,0,0,63
original_six,20120928,8,34279,34287,0,0,63
original_six,20121001,8,34273,34281,0,0,63
original_six,20121002,8,34214,34222,0,0,63
original_six,20121003,8,34166,34174,0,0,63
original_six,20121004,8,34077,34085,0,0,63
original_six,20121005,8,34066,34074,0,0,63
original_six,20121006,8,34066,34074,0,0,63
original_six,20121007,8,34059,34067,0,0,63
original_six,20121008,8,34020,34028,0,0,63
original_six,20121011,8,34004,34012,0,0,63
original_six,20121012,8,34004,34012,0,0,63
original_six,20121015,8,33997,34005,0,0,63
original_six,20121016,8,33951,33959,0,0,63
original_six,20121017,8,33899,33907,0,0,63
original_six,20121018,8,33880,33888,0,0,63
original_six,20121019,8,33865,33873,0,0,63
original_six,20121022,8,33784,33792,0,0,63
original_six,20121023,8,33776,33784,0,0,63
original_six,20121024,8,33728,33736,0,0,63
original_six,20121025,8,33720,33728,0,0,63
original_six,20121026,8,33719,33727,0,0,63
original_six,20121029,8,33694,33702,0,0,63
original_six,20121030,8,33688,33696,0,0,63
original_six,20121031,8,33677,33685,0,0,63
original_six,20121101,8,33668,33676,0,0,63
original_six,20121102,8,33653,33661,0,0,63
original_six,20121104,8,33633,33641,0,0,63
original_six,20121106,8,33620,33628,0,0,63
original_six,20121109,8,33597,33605,0,0,63
original_six,20121111,8,33595,33603,0,0,63
original_six,20121112,8,33591,33599,0,0,63
original_six,20121113,8,33555,33563,0,0,63
original_six,20121114,8,33555,33563,0,0,63
original_six,20121115,8,33541,33549,0,0,64
original_six,20121116,8,33340,33348,0,0,64
original_six,20121117,8,33330,33338,0,0,64
original_six,20121118,8,33300,33308,0,0,64
original_six,20121119,8,33251,33259,0,0,65
original_six,20121120,8,33249,33257,0,0,65
original_six,20121121,8,33116,33124,0,0,65
original_six,20121122,8,33072,33080,0,0,65
original_six,20121123,8,33053,33061,0,0,65
original_six,20121126,8,32952,32960,0,0,65
original_six,20121127,8,32916,32924,0,0,65
original_six,20121128,8,32894,32902,0,0,65
original_six,20121129,8,32891,32899,0,0,65
original_six,20121130,8,32850,32858,0,0,65
original_six,20121203,8,32702,32710,0,0,65
original_six,20121204,8,32683,32691,0,0,65
original_six,20121205,8,32667,32675,0,0,65
original_six,20121206,8,32664,32672,0,0,65
original_six,20121207,8,32632,32640,0,0,65
original_six,20121210,8,32577,32585,0,0,65
original_six,20121211,8,32549,32557,0,0,65
original_six,20121212,8,32512,32520,0,0,65
original_six,20121213,8,32469,32477,0,0,65
original_six,20121214,8,32415,32423,0,0,65
original_six,20121217,8,32412,32420,0,0,65
original_six,20121218,8,32409,32417,0,0,65
original_six,20121219,8,32392,32400,0,0,65
original_six,20121220,8,32326,32334,0,0,65
original_six,20121221,8,32310,32318,0,0,65
original_six,20121226,8,32310,32318,0,0,65
original_six,20130102,8,32308,32316,0,0,65
original_six,20130104,8,32280,32288,0,0,65
original_six,20130107,8,32269,32277,0,0,65
original_six,20130108,8,32221,32229,0,0,65
original_six,20130109,8,32197,32205,0,0,65
original_six,20130110,8,32175,32183,0,0,65
original_six,20130111,8,32123,32131,0,0,65
original_six,20130114,8,32049,32057,0,0,65
original_six,20130116,8,32049,32057,0,0,65
original_six,20130117,8,32049,32057,0,0,65
original_six,20130118,8,32004,32012,0,0,65
original_six,20130121,8,32001,32009,0,0,65
original_six,20130123,8,32001,32009,0,0,65
original_six,20130124,8,31998,32006,0,0,65
original_six,20130125,8,31969,31977,0,0,65
original_six,20130128,8,31952,31960,0,0,65
original_six,20130129,8,31938,31946,0,0,65
original_six,20130130,8,31925,31933,0,0,65
original_six,20130131,8,31918,31926,0,0,65
original_six,20130201,8,31871,31879,0,0,65
original_six,20130203,8,31871,31879,0,0,65
original_six,20130204,8,31848,31856,0,0,65
original_six,20130205,8,31805,31813,0,0,65
original_six,20130206,8,31803,31811,0,0,65
original_six,20130207,8,31803,31811,0,0,65
original_six,20130208,8,31795,31803,0,0,65
original_six,20130209,8,31793,31801,0,0,65
original_six,20130210,8,31777,31785,0,0,65
original_six,20130211,8,31708,31716,0,0,65
original_six,20130212,8,31697,31705,0,0,65
original_six,20130213,8,31687,31695,0,0,65
original_six,20130214,8,31676,31684,0,0,65
original_six,20130215,8,31675,31683,0,0,65
original_six,20130218,8,31665,31673,0,0,65
original_six,20130219,8,31592,31600,0,0,65
original_six,20130221,8,31532,31540,0,0,65
original_six,20130222,8,31488,31496,0,0,65
original_six,20130225,8,31488,31496,0,0,65
original_six,20130226,8,31482,31490,0,0,65
original_six,20130227,8,31481,31489,0,0,65
original_six,20130228,8,31481,31489,0,0,65
original_six,20130301,8,31476,31484,0,0,65
original_six,20130304,8,31474,31482,0,0,65
original_six,20130305,8,31464,31472,0,0,65
original_six,20130306,8,31464,31472,0,0,65
original_six,20130307,8,31460,31468,0,0,65
original_six,20130308,8,31456,31464,0,0,65
original_six,20130309,8,31456,31464,0,0,65
original_six,20130311,8,31205,31213,0,0,65
original_six,20130312,8,31203,31211,0,0,65
original_six,20130313,8,31180,31188,0,0,65
original_six,20130314,8,31129,31137,0,0,65
original_six,20130315,8,31070,31078,0,0,65
original_six,20130316,8,31065,31073,0,0,65
original_six,20130317,8,31065,31073,0,0,65
original_six,20130318,8,31054,31062,0,0,65
original_six,20130319,8,31039,31047,0,0,65
original_six,20130320,8,31005,31013,0,0,65
original_six,20130321,8,30979,30987,0,0,65
original_six,20130322,8,30976,30984,0,0,65
original_six,20130324,8,30966,30974,0,0,65
original_six,20130325,8,30966,30974,0,0,65
original_six,20130326,8,30939,30947,0,0,65
original_six,20130327,8,30922,30930,0,0,65
original_six,20130328,8,30890,30898,0,0,65
original_six,20130331,8,30890,30898,0,0,65
original_six,20130402,8,30886,30894,0,0,65
original_six,20130403,8,30881,30889,0,0,65
original_six,20130408,8,30881,30889,0,0,65
original_six,20130409,8,30859,30867,0,0,65
original_six,20130410,8,30855,30863,0,0,65
original_six,20130411,8,30854,30862,0,0,65
original_six,20130412,8,30758,30766,0,0,65
original_six,20130413,8,30754,30762,0,0,65
original_six,20130414,8,30754,30762,0,0,65
original_six,20130415,8,30749,30757,0,0,65
original_six,20130416,8,30731,30739,0,0,65
original_six,20130417,8,30654,30662,0,0,66
original_six,20130418,8,30651,30659,0,0,66
original_six,20130419,8,30588,30596,0,0,67
original_six,20130422,8,30536,30544,0,0,67
original_six,20130423,8,30523,30531,0,0,67
original_six,20130424,8,30489,30497,0,0,67
original_six,20130425,8,30484,30492,0,0,67
original_six,20130426,8,30455,30463,0,0,67
original_six,20130428,8,30449,30457,0,0,67
original_six,20130429,8,30436,30444,0,0,67
original_six,20130430,8,30433,30441,0,0,67
original_six,20130501,8,30428,30436,0,0,67
original_six,20130502,8,30426,30434,0,0,67
original_six,20130503,8,30371,30379,0,0,68
original_six,20130507,8,30367,30375,0,0,68
original_six,20130509,8,30367,30375,0,0,68
original_six,20130510,8,30366,30374,0,0,68
original_six,20130511,8,30365,30373,0,0,68
original_six,20130513,8,30361,30369,0,0,68
original_six,20130514,8,30356,30364,0,0,68
original_six,20130515,8,30351,30359,0,0,68
original_six,20130516,8,30349,30357,0,0,68
original_six,20130520,8,30349,30357,0,0,68
original_six,20130522,8,30349,30357,0,0,68
original_six,20130523,8,30300,30308,0,0,68
original_six,20130524,8,30252,30260,0,0,69
original_six,20130527,8,30249,30257,0,0,69
original_six,20130528,8,30242,30250,0,0,69
original_six,20130529,8,30204,30212,0,0,69
original_six,20130530,8,30200,30208,0,0,69
original_six,20130531,8,30162,30170,0,0,69
original_six,20130603,8,30156,30164,0,0,69
original_six,20130605,8,30153,30161,0,0,69
original_six,20130606,8,30146,30154,0,0,69
original_six,20130607,8,30140,30148,0,0,69
original_six,20130609,8,30140,30148,0,0,69
original_six,20130610,8,30116,30124,0,0,69
original_six,20130611,8,30116,30124,0,0,69
original_six,20130612,8,30074,30082,0,0,69
original_six,20130613,8,30034,30042,0,0,69
original_six,20130614,8,30013,30021,0,0,69
original_six,20130617,8,29915,29923,0,0,69
original_six,20130618,8,29881,29889,0,0,69
original_six,20130619,8,29852,29860,0,0,69
original_six,20130620,8,29836,29844,0,0,69
original_six,20130621,8,29823,29831,0,0,69
original_six,20130624,8,29815,29823,0,0,69
original_six,20130625,8,29808,29816,0,0,69
original_six,20130626,8,29778,29786,0,0,69
original_six,20130627,8,29694,29702,0,0,69
original_six,20130628,8,29682,29690,0,0,69
original_six,20130701,8,29660,29668,0,0,69
original_six,20130702,8,29656,29664,0,0,69
original_six,20130703,8,29596,29604,0,0,69
original_six,20130704,8,29591,29599,0,0,69
original_six,20130705,8,29587,29595,0,0,69
original_six,20130708,8,29574,29582,0,0,69
original_six,20130709,8,29574,29582,0,0,69
original_six,20130710,8,29560,29568,0,0,69
original_six,20130711,8,29557,29565,0,0,69
original_six,20130712,8,29557,29565,0,0,69
original_six,20130715,8,29547,29555,0,0,69
original_six,20130716,8,29383,29391,0,0,69
original_six,20130717,8,29344,29352,0,0,69
original_six,20130718,8,29246,29254,0,0,69
original_six,20130719,8,29130,29138,0,0,69
original_six,20130722,8,29104,29112,0,0,69
original_six,20130723,8,29081,29089,0,0,69
original_six,20130724,8,29064,29072,0,0,69
original_six,20130726,8,29052,29060,0,0,69
original_six,20130729,8,29043,29051,0,0,70
original_six,20130730,8,29020,29028,0,0,70
original_six,20130731,8,29019,29027,0,0,70
original_six,20130801,8,29015,29023,0,0,70
original_six,20130802,8,29015,29023,0,0,70
original_six,20130805,8,28965,28973,0,0,70
original_six,20130806,8,28951,28959,0,0,70
original_six,20130807,8,28926,28934,0,0,70
original_six,20130808,8,28906,28914,0,0,70
original_six,20130809,8,28904,28912,0,0,70
original_six,20130813,8,28894,28902,0,0,70
original_six,20130814,8,28891,28899,0,0,70
original_six,20130816,8,28887,28895,0,0,70
original_six,20130819,8,28873,28881,0,0,70
original_six,20130820,8,28862,28870,0,0,70
original_six,20130821,8,28785,28793,0,0,70
original_six,20130822,8,28774,28782,0,0,72
original_six,20130823,8,28771,28779,0,0,72
original_six,20130827,8,28771,28779,0,0,72
original_six,20130828,8,28761,28769,0,0,72
original_six,20130829,8,27331,27339,0,0,72
original_six,20130830,8,27301,27309,0,0,72
original_six,20130901,8,27294,27302,0,0,72
original_six,20130902,8,27294,27302,0,0,72
original_six,20130903,8,27294,27302,0,0,72
original_six,20130904,8,27277,27285,0,0,72
original_six,20130905,8,27272,27280,0,0,72
original_six,20130906,8,27269,27277,0,0,72
original_six,20130909,8,27258,27266,0,0,72
original_six,20130910,8,27198,27206,0,0,73
original_six,20130911,8,27181,27189,0,0,73
original_six,20130912,8,27179,27187,0,0,73
original_six,20130913,8,27157,27165,0,0,73
original_six,20130915,8,27157,27165,0,0,73
original_six,20130916,8,27116,27124,0,0,73
original_six,20130917,8,27113,27121,0,0,73
original_six,20130918,8,27076,27084,0,0,73
original_six,20130919,8,27075,27083,0,0,73
original_six,20130920,8,27062,27070,0,0,73
original_six,20130924,8,26936,26944,0,0,73
original_six,20130926,8,26923,26931,0,0,73
original_six,20130927,8,26879,26887,0,0,73
original_six,20130928,8,26879,26887,0,0,73
original_six,20131001,8,26879,26887,0,0,73
original_six,20131002,8,26799,26807,0,0,74
original_six,20131003,8,26754,26762,0,0,74
original_six,20131004,8,26751,26759,0,0,74
original_six,20131007,8,26732,26740,0,0,74
original_six,20131008,8,26664,26672,0,0,74
original_six,20131009,8,26635,26643,0,0,74
original_six,20131010,8,26583,26591,0,0,74
original_six,20131011,8,26533,26541,0,0,74
original_six,20131012,8,26533,26541,0,0,74
original_six,20131013,8,26523,26531,0,0,74
original_six,20131014,8,26500,26508,0,0,74
original_six,20131015,8,26408,26416,0,0,74
original_six,20131016,8,26397,26405,0,0,74
original_six,20131017,8,26341,26349,0,0,74
original_six,20131018,8,26338,26346,0,0,74
original_six,20131019,8,26333,26341,0,0,74
original_six,20131021,8,26331,26339,0,0,74
original_six,20131022,8,26310,26318,0,0,74
original_six,20131024,8,24571,24579,0,0,74
original_six,20131028,8,24571,24579,0,0,74
original_six,20131029,8,24212,24220,0,0,74
original_six,20131030,8,24188,24196,0,0,74
original_six,20131031,8,24167,24175,0,0,74
original_six,20131101,8,24156,24164,0,0,74
original_six,20131103,8,24151,24159,0,0,74
original_six,20131105,8,24138,24146,0,0,74
original_six,20131106,8,24095,24103,0,0,74
original_six,20131107,8,23939,23947,0,0,75
original_six,20131108,8,23919,23927,0,0,75
original_six,20131109,8,23883,23891,0,0,75
original_six,20131110,8,23877,23885,0,0,75
original_six,20131111,8,23877,23885,0,0,75
original_six,20131112,8,23848,23856,0,0,75
original_six,20131113,8,23848,23856,0,0,75
original_six,20131114,8,23839,23847,0,0,75
original_six,20131115,8,23780,23788,0,0,75
original_six,20131118,8,23761,23769,0,0,75
original_six,20131119,8,23747,23755,0,0,75
original_six,20131120,8,23699,23707,0,0,75
original_six,20131121,8,23665,23673,0,0,75
original_six,20131122,8,23611,23619,0,0,75
original_six,20131125,8,23600,23608,0,0,76
original_six,20131126,8,23526,23534,0,0,78
original_six,20131127,8,23489,23497,0,0,78
original_six,20131128,8,23489,23497,0,0,78
original_six,20131129,8,23428,23436,0,0,79
original_six,20131201,8,23397,23405,0,0,79
original_six,20131202,8,23349,23357,0,0,79
original_six,20131203,8,23343,23351,0,0,79
original_six,20131204,8,23337,23345,0,0,79
original_six,20131205,8,22094,22102,0,0,84
original_six,20131206,8,21881,21889,0,0,85
original_six,20131209,8,21792,21800,0,0,85
original_six,20131210,8,21689,21697,0,0,85
original_six,20131211,8,21628,21636,0,0,85
original_six,20131212,8,21568,21576,0,0,85
original_six,20131213,8,21421,21429,0,1,85
original_six,20131216,8,21419,21427,0,1,85
original_six,20131217,8,21419,21427,0,1,85
original_six,20131218,8,21388,21396,0,1,85
original_six,20131219,8,21381,21389,0,1,85
original_six,20131220,8,21347,21355,0,1,85
original_six,20131223,8,21340,21348,0,1,85
original_six,20131224,8,21319,21327,0,1,85
original_six,20131227,8,21298,21306,0,1,86
original_six,20131230,8,21279,21287,0,1,86
original_six,20131231,8,21252,21260,0,1,87
original_six,20140102,8,21252,21260,0,1,87
original_six,20140103,8,21171,21179,0,1,87
original_six,20140106,8,21159,21167,0,1,87
original_six,20140107,8,21095,21103,0,1,87
original_six,20140108,8,21090,21098,0,1,87
original_six,20140109,8,21030,21038,0,1,87
original_six,20140110,8,21005,21013,0,1,88
original_six,20140113,8,20954,20962,0,1,88
original_six,20140115,8,20930,20938,0,1,88
original_six,20140116,8,20930,20938,0,1,88
original_six,20140117,8,20897,20905,0,1,88
original_six,20140120,8,20897,20905,0,1,88
original_six,20140121,8,20887,20895,0,1,88
original_six,20140122,8,20872,20880,0,1,88
original_six,20140124,8,20871,20879,0,1,88
original_six,20140126,8,20871,20879,0,1,88
original_six,20140127,8,20867,20875,0,1,88
original_six,20140128,8,20835,20843,0,1,88
original_six,20140129,8,20797,20805,0,1,88
original_six,20140130,8,20774,20782,0,1,88
original_six,20140131,8,20770,20778,0,1,88
original_six,20140201,8,20758,20766,0,1,89
original_six,20140203,8,19220,19228,0,3,94
original_six,20140204,8,19151,19159,0,3,94
original_six,20140205,8,19120,19128,0,3,94
original_six,20140206,8,19116,19124,0,3,94
original_six,20140207,8,19109,19117,0,3,94
original_six,20140210,8,19102,19110,0,3,94
original_six,20140211,8,19089,19097,0,3,94
original_six,20140212,8,19076,19084,0,3,94
original_six,20140213,8,19038,19046,0,3,94
original_six,20140214,8,19009,19017,0,3,94
original_six,20140216,8,19009,19017,0,3,94
original_six,20140217,8,18981,18989,0,3,94
original_six,20140218,8,18967,18975,0,3,94
original_six,20140219,8,18926,18934,0,3,94
original_six,20140220,8,18916,18924,0,3,94
original_six,20140221,8,18883,18891,0,3,94
original_six,20140223,8,18811,18819,0,3,94
original_six,20140224,8,18755,18763,0,3,94
original_six,20140225,8,18753,18761,0,3,94
original_six,20140226,8,18738,18746,0,3,94
original_six,20140227,8,18711,18719,0,3,94
original_six,20140228,8,18674,18682,0,3,94
original_six,20140301,8,18674,18682,0,3,94
original_six,20140302,8,18660,18668,0,3,94
original_six,20140304,8,18648,18656,0,3,94
original_six,20140305,8,18635,18643,0,3,94
original_six,20140306,8,18624,18632,0,3,94
original_six,20140307,8,18553,18561,0,3,94
original_six,20140309,8,18553,18561,0,3,94
original_six,20140310,8,18548,18556,0,3,94
original_six,20140311,8,18548,18556,0,3,94
original_six,20140312,8,18543,18551,0,3,94
original_six,20140313,8,18528,18536,0,3,94
original_six,20140314,8,18528,18536,0,3,94
original_six,20140316,8,18528,18536,0,3,94
original_six,20140317,8,18490,18498,0,3,94
original_six,20140318,8,18485,18493,0,3,94
original_six,20140319,8,18418,18426,0,3,95
original_six,20140320,8,18090,18098,0,3,96
original_six,20140321,8,18086,18094,0,3,96
original_six,20140322,8,18021,18029,0,3,96
original_six,20140323,8,17975,17983,0,3,96
original_six,20140324,8,17916,17924,0,3,96
original_six,20140325,8,17885,17893,0,3,96
original_six,20140326,8,17753,17761,0,3,98
original_six,20140327,8,17592,17600,0,3,98
original_six,20140328,8,17587,17595,0,3,98
original_six,20140330,8,17587,17595,0,3,98
original_six,20140331,8,17451,17459,0,9,98
original_six,20140401,8,17421,17429,0,9,100
original_six,20140402,8,17377,17385,0,9,100
original_six,20140403,8,17323,17331,0,9,101
original_six,20140404,8,17302,17310,0,9,101
original_six,20140405,8,17301,17309,0,9,101
original_six,20140406,8,17296,17304,0,9,101
original_six,20140407,8,17293,17301,0,9,101
original_six,20140408,8,17292,17300,0,9,101
original_six,20140409,8,17262,17270,0,9,101
original_six,20140410,8,17151,17159,0,9,101
original_six,20140411,8,17106,17114,0,9,102
original_six,20140413,8,17106,17114,0,9,102
original_six,20140415,8,17095,17103,0,9,102
original_six,20140416,8,17076,17084,0,9,102
original_six,20140417,8,17043,17051,0,9,102
original_six,20140418,8,17043,17051,0,9,102
original_six,20140422,8,16887,16895,0,9,103
original_six,20140423,8,16874,16882,0,9,103
original_six,20140424,8,16830,16838,0,10,103
original_six,20140425,8,16813,16821,0,10,103
original_six,20140428,8,16744,16752,0,10,103
original_six,20140429,8,16730,16738,0,10,103
original_six,20140430,8,16706,16714,0,10,103
original_six,20140502,8,16622,16630,0,10,103
original_six,20140505,8,16590,16598,0,10,103
original_six,20140506,8,16590,16598,0,10,103
original_six,20140507,8,16580,16588,0,10,104
original_six,20140508,8,16547,16555,0,10,104
original_six,20140509,8,16535,16543,0,10,104
original_six,20140512,8,16470,16478,0,10,105
original_six,20140513,8,16386,16394,0,10,105
original_six,20140514,8,16345,16353,0,10,105
original_six,20140515,8,16269,16277,0,10,105
original_six,20140516,8,16219,16227,0,10,106
original_six,20140519,8,16180,16188,0,10,106
original_six,20140520,8,16163,16171,0,10,106
original_six,20140521,8,14503,14511,0,10,113
original_six,20140522,8,14468,14476,0,10,113
original_six,20140523,8,14441,14449,0,10,113
original_six,20140527,8,14386,14394,0,10,113
original_six,20140528,8,14381,14389,0,10,113
original_six,20140529,8,14370,14378,0,10,113
original_six,20140530,8,14350,14358,0,10,114
original_six,20140603,8,14306,14314,0,10,114
original_six,20140604,8,14305,14313,0,10,114
original_six,20140605,8,14299,14307,0,10,114
original_six,20140606,8,14281,14289,0,10,114
original_six,20140609,8,14276,14284,0,10,114
original_six,20140610,8,14266,14274,0,10,114
original_six,20140611,8,14266,14274,0,10,114
original_six,20140612,8,14255,14263,0,10,114
original_six,20140613,8,14253,14261,0,10,114
original_six,20140616,8,14253,14261,0,10,114
original_six,20140617,8,14235,14243,0,10,114
original_six,20140618,8,14235,14243,0,10,114
original_six,20140619,8,14235,14243,0,10,114
original_six,20140620,8,14211,14219,0,10,114
original_six,20140623,8,14166,14174,0,10,114
original_six,20140624,8,14161,14169,0,10,114
original_six,20140625,8,14158,14166,0,10,114
original_six,20140626,8,14156,14164,0,10,114
original_six,20140627,8,13783,13791,0,10,115
original_six,20140630,8,13780,13788,0,10,115
original_six,20140701,8,13719,13727,0,10,116
original_six,20140702,8,13671,13679,0,10,116
original_six,20140703,8,13626,13634,0,10,117
original_six,20140704,8,13573,13581,0,10,117
original_six,20140705,8,13573,13581,0,10,117
original_six,20140706,8,13567,13575,0,10,117
original_six,20140707,8,13541,13549,0,10,117
original_six,20140708,8,13541,13549,0,10,117
original_six,20140709,8,13528,13536,0,10,117
original_six,20140710,8,13495,13503,0,10,117
original_six,20140711,8,13495,13503,0,10,117
original_six,20140714,8,13150,13158,0,14,117
original_six,20140715,8,13103,13111,0,14,117
original_six,20140716,8,13030,13038,0,14,117
original_six,20140717,8,13018,13026,0,14,117
original_six,20140718,8,13006,13014,0,14,117
original_six,20140720,8,12978,12986,0,14,117
original_six,20140721,8,12970,12978,0,14,117
original_six,20140722,8,12958,12966,0,14,117
original_six,20140723,8,12951,12959,0,14,117
original_six,20140724,8,12928,12936,0,14,117
original_six,20140725,8,12918,12926,0,14,117
original_six,20140726,8,12909,12917,0,14,117
original_six,20140728,8,12889,12897,0,14,119
original_six,20140729,8,12790,12798,0,14,119
original_six,20140730,8,12768,12776,0,14,119
original_six,20140731,8,12703,12711,0,14,119
original_six,20140801,8,12696,12704,0,14,119
original_six,20140804,8,12620,12628,0,14,119
original_six,20140805,8,12602,12610,0,14,119
original_six,20140806,8,12525,12533,0,14,119
original_six,20140807,8,12455,12463,0,15,119
original_six,20140808,8,12409,12417,0,15,119
original_six,20140811,8,12380,12388,0,15,120
original_six,20140812,8,12349,12357,0,15,120
original_six,20140813,8,12335,12343,0,15,120
original_six,20140814,8,12307,12315,0,15,120
original_six,20140815,8,12267,12275,0,15,120
original_six,20140817,8,12224,12232,0,15,120
original_six,20140818,8,12202,12210,0,15,120
original_six,20140819,8,12173,12181,0,15,121
original_six,20140820,8,12163,12171,0,15,121
original_six,20140821,8,12128,12136,0,15,121
original_six,20140822,8,12111,12119,0,15,121
original_six,20140823,8,12108,12116,0,15,121
original_six,20140824,8,12108,12116,0,15,121
original_six,20140826,8,12093,12101,0,15,121
original_six,20140827,8,12045,12053,0,15,121
original_six,20140828,8,12023,12031,0,15,121
original_six,20140829,8,12022,12030,0,15,121
original_six,20140901,8,11963,11971,0,15,121
original_six,20140902,8,11910,11918,0,15,121
original_six,20140903,8,11908,11916,0,15,121
original_six,20140904,8,11886,11894,0,15,121
original_six,20140905,8,11872,11880,0,15,121
original_six,20140908,8,11840,11848,0,15,121
original_six,20140909,8,11816,11824,0,15,121
original_six,20140910,8,11797,11805,0,15,121
original_six,20140911,8,11797,11805,0,15,121
original_six,20140912,8,11764,11772,0,15,121
original_six,20140915,8,11734,11742,0,15,121
original_six,20140916,8,11701,11709,0,15,121
original_six,20140917,8,11690,11698,0,15,121
original_six,20140918,8,11687,11695,0,15,121
original_six,20140919,8,11685,11693,0,15,121
original_six,20140920,8,11680,11688,0,16,121
original_six,20140921,8,11675,11683,0,16,121
original_six,20140922,8,11674,11682,0,16,121
original_six,20140923,8,11634,11642,0,16,121
original_six,20140924,8,11603,11611,0,16,121
original_six,20140925,8,11603,11611,0,16,121
original_six,20140926,8,11545,11553,0,16,121
original_six,20140927,8,11545,11553,0,16,121
original_six,20140929,8,11531,11539,0,17,121
original_six,20140930,8,11529,11537,0,17,121
original_six,20141001,8,11491,11499,0,17,121
original_six,20141002,8,11479,11487,0,17,121
original_six,20141003,8,11479,11487,0,17,121
original_six,20141005,8,11479,11487,0,17,121
original_six,20141006,8,11430,11438,0,17,121
original_six,20141007,8,11413,11421,0,17,121
original_six,20141008,8,11401,11409,0,17,121
original_six,20141009,8,11390,11398,0,17,121
original_six,20141010,8,11375,11383,0,17,121
original_six,20141014,8,11360,11368,0,17,121
original_six,20141015,8,11339,11347,0,17,121
original_six,20141016,8,11326,11334,0,17,121
original_six,20141017,8,11253,11261,0,17,121
original_six,20141021,8,11216,11224,0,17,121
original_six,20141022,8,11186,11194,0,17,121
original_six,20141023,8,11029,11037,1,17,121
original_six,20141024,8,11007,11015,1,17,121
original_six,20141025,8,11007,11015,1,17,121
original_six,20141027,8,10968,10976,1,17,121
original_six,20141028,8,10957,10965,1,17,121
original_six,20141029,8,10926,10934,1,17,121
original_six,20141030,8,10918,10926,1,17,121
original_six,20141031,8,10855,10863,1,17,121
original_six,20141103,8,10822,10830,1,17,121
original_six,20141104,8,10818,10826,1,17,121
original_six,20141105,8,10701,10709,1,18,121
original_six,20141106,8,10017,10025,1,18,121
original_six,20141107,8,9897,9905,1,19,121
original_six,20141109,8,9897,9905,1,19,121
original_six,20141110,8,9820,9828,1,19,121
original_six,20141111,8,9793,9801,1,19,121
original_six,20141112,8,9729,9737,1,19,121
original_six,20141113,8,9643,9651,1,20,121
original_six,20141114,8,9637,9645,1,20,121
original_six,20141115,8,9637,9645,1,20,121
original_six,20141116,8,9633,9641,1,20,121
original_six,20141117,8,9390,9398,1,25,121
original_six,20141118,8,9337,9345,1,25,121
original_six,20141119,8,9315,9323,1,25,121
original_six,20141120,8,9307,9315,1,25,121
original_six,20141122,8,9278,9286,1,25,121
original_six,20141124,8,9268,9276,1,25,121
original_six,20141125,8,9238,9246,1,25,121
original_six,20141126,8,9220,9228,1,25,121
original_six,20141127,8,9178,9186,1,25,121
original_six,20141128,8,9178,9186,1,25,121
original_six,20141129,8,9177,9185,1,25,121
original_six,20141201,8,9173,9181,1,25,121
original_six,20141202,8,9130,9138,1,25,121
original_six,20141203,8,9077,9085,1,25,121
original_six,20141204,8,9040,9048,1,25,121
original_six,20141205,8,9011,9019,1,25,121
original_six,20141207,8,9011,9019,1,25,121
original_six,20141208,8,8963,8971,1,25,121
original_six,20141209,8,8936,8944,1,25,121
original_six,20141210,8,8925,8933,1,26,121
original_six,20141211,8,8913,8921,1,26,121
original_six,20141212,8,8911,8919,1,26,121
original_six,20141215,8,8911,8919,1,26,121
original_six,20141216,8,8903,8911,1,26,121
original_six,20141217,8,8871,8879,1,26,121
original_six,20141218,8,8797,8805,1,26,121
original_six,20141219,8,8786,8794,1,26,121
original_six,20141222,8,8760,8768,1,26,121
original_six,20141227,8,8760,8768,1,26,121
original_six,20141229,8,8746,8754,1,26,121
original_six,20150103,8,8746,8754,1,26,121
original_six,20150104,8,8743,8751,1,26,121
original_six,20150105,8,8732,8740,1,26,121
original_six,20150106,8,8731,8739,1,26,121
original_six,20150107,8,8708,8716,1,26,121
original_six,20150108,8,8667,8675,1,26,121
original_six,20150109,8,8631,8639,1,27,121
original_six,20150112,8,8619,8627,1,27,121
original_six,20150113,8,8578,8586,1,28,121
original_six,20150114,8,8578,8586,1,28,121
original_six,20150115,8,8563,8571,1,28,121
original_six,20150116,8,8535,8543,1,28,121
original_six,20150118,8,8534,8542,1,28,121
original_six,20150119,8,8517,8525,1,28,121
original_six,20150120,8,8499,8507,1,28,121
original_six,20150121,8,8477,8485,1,28,121
original_six,20150122,8,8390,8398,1,28,121
original_six,20150123,8,8378,8386,1,28,121
original_six,20150126,8,8370,8378,1,28,121
original_six,20150127,8,8359,8367,1,28,121
original_six,20150128,8,8353,8361,1,28,121
original_six,20150129,8,8323,8331,1,28,121
original_six,20150130,8,8323,8331,1,28,121
original_six,20150131,8,8323,8331,1,28,121
original_six,20150201,8,8322,8330,1,28,121
original_six,20150202,8,8237,8245,1,30,121
original_six,20150203,8,8201,8209,1,30,121
original_six,20150204,8,8183,8191,1,30,121
original_six,20150205,8,8156,8164,1,30,121
original_six,20150206,8,8126,8134,1,30,121
original_six,20150207,8,8119,8127,1,30,121
original_six,20150208,8,8119,8127,1,30,121
original_six,20150209,8,8051,8059,1,30,121
original_six,20150210,8,8025,8033,1,30,121
original_six,20150211,8,8016,8024,1,30,121
original_six,20150212,8,7983,7991,1,30,121
original_six,20150213,8,7954,7962,1,30,121
original_six,20150216,8,7933,7941,1,30,121
original_six,20150217,8,7910,7918,1,30,121
original_six,20150218,8,7905,7913,1,30,121
original_six,20150219,8,7903,7911,1,30,121
original_six,20150220,8,7903,7911,1,30,121
original_six,20150223,8,7831,7839,1,31,121
original_six,20150224,8,7831,7839,1,31,121
original_six,20150225,8,7759,7767,1,31,121
original_six,20150226,8,7750,7758,1,31,121
original_six,20150227,8,7715,7723,1,31,121
original_six,20150302,8,7711,7719,1,31,121
original_six,20150303,8,7635,7643,1,31,121
original_six,20150304,8,7604,7612,1,31,121
original_six,20150305,8,7588,7596,1,32,121
original_six,20150306,8,7584,7592,1,32,121
original_six,20150309,8,7568,7576,1,32,121
original_six,20150310,8,7530,7538,1,32,121
original_six,20150311,8,7522,7530,1,32,121
original_six,20150312,8,7520,7528,1,32,121
original_six,20150313,8,7502,7510,1,32,121
original_six,20150316,8,7452,7460,1,32,121
original_six,20150317,8,7395,7403,1,33,121
original_six,20150318,8,7391,7399,1,33,121
original_six,20150319,8,7364,7372,1,34,121
original_six,20150320,8,7354,7362,1,34,121
original_six,20150323,8,7339,7347,1,34,121
original_six,20150324,8,7339,7347,1,34,121
original_six,20150325,8,7327,7335,1,34,121
original_six,20150326,8,7316,7324,1,34,121
original_six,20150327,8,7282,7290,1,34,121
original_six,20150328,8,7276,7284,1,34,121
original_six,20150329,8,7269,7277,1,35,121
original_six,20150330,8,7256,7264,1,35,121
original_six,20150331,8,7234,7242,1,35,121
original_six,20150401,8,7212,7220,1,35,121
original_six,20150402,8,7180,7188,1,36,121
original_six,20150406,8,7145,7153,1,37,121
original_six,20150408,8,7137,7145,1,37,121
original_six,20150409,8,7094,7102,1,37,121
original_six,20150410,8,7088,7096,1,37,121
original_six,20150413,8,7085,7093,1,37,121
original_six,20150414,8,7036,7044,3,37,121
original_six,20150415,8,6993,7001,3,37,121
original_six,20150416,8,6993,7001,3,37,121
original_six,20150417,8,6939,6947,3,38,121
original_six,20150418,8,6933,6941,3,38,121
original_six,20150420,8,6931,6939,3,38,121
original_six,20150421,8,6810,6818,3,38,121
original_six,20150422,8,6771,6779,3,38,121
original_six,20150423,8,6771,6779,3,38,121
original_six,20150424,8,6759,6767,3,38,121
original_six,20150427,8,6759,6767,3,38,121
original_six,20150428,8,6739,6747,3,38,121
original_six,20150429,8,6735,6743,3,38,121
original_six,20150430,8,6690,6698,3,39,121
original_six,20150501,8,6674,6682,3,41,121
original_six,20150504,8,6590,6598,3,41,121
original_six,20150505,8,6570,6578,3,41,121
original_six,20150506,8,6538,6546,3,42,121
original_six,20150507,8,6509,6517,3,42,121
original_six,20150508,8,6489,6497,3,42,121
original_six,20150509,8,6483,6491,3,42,121
original_six,20150511,8,6455,6463,3,42,121
original_six,20150512,8,6440,6448,3,42,121
original_six,20150513,8,6420,6428,3,42,121
original_six,20150514,8,6382,6390,3,42,121
original_six,20150515,8,6330,6338,3,43,121
original_six,20150518,8,6322,6330,3,43,121
original_six,20150519,8,6241,6249,3,43,121
original_six,20150520,8,6227,6235,3,43,121
original_six,20150521,8,6105,6113,3,47,121
original_six,20150522,8,6087,6095,3,47,121
original_six,20150526,8,6086,6094,3,47,121
original_six,20150527,8,6029,6037,4,48,121
original_six,20150528,8,5982,5990,4,48,121
original_six,20150601,8,5967,5975,4,49,121
original_six,20150602,8,5945,5953,4,49,121
original_six,20150603,8,5937,5945,4,49,121
original_six,20150604,8,5884,5892,4,49,121
original_six,20150605,8,5882,5890,4,49,121
original_six,20150607,8,5882,5890,4,49,121
original_six,20150608,8,5882,5890,4,49,121
original_six,20150609,8,5861,5869,4,49,121
original_six,20150610,8,5858,5866,4,49,121
original_six,20150611,8,5825,5833,4,49,121
original_six,20150612,8,5798,5806,4,50,121
original_six,20150615,8,5792,5800,4,50,121
original_six,20150616,8,5665,5673,4,52,121
original_six,20150617,8,5662,5670,4,52,121
original_six,20150618,8,5629,5637,4,52,121
original_six,20150619,8,5603,5611,4,52,121
original_six,20150620,8,5599,5607,4,52,121
original_six,20150622,8,5494,5502,4,58,121
original_six,20150623,8,5410,5418,4,60,121
original_six,20150624,8,5391,5399,4,61,121
original_six,20150625,8,5389,5397,4,61,121
original_six,20150626,8,5325,5333,4,64,121
original_six,20150629,8,5325,5333,4,64,121
original_six,20150630,8,5222,5230,4,64,121
original_six,20150701,8,5207,5215,4,64,121
original_six,20150702,8,5168,5176,4,64,121
original_six,20150703,8,5158,5166,4,64,121
original_six,20150704,8,5158,5166,4,64,121
original_six,20150706,8,5156,5164,4,64,121
original_six,20150707,8,5134,5142,4,65,121
original_six,20150708,8,5124,5132,4,65,121
original_six,20150709,8,5091,5099,4,67,121
original_six,20150710,8,5082,5090,4,67,121
original_six,20150713,8,5034,5042,4,67,121
original_six,20150714,8,5016,5024,4,67,121
original_six,20150715,8,4994,5002,4,67,121
original_six,20150716,8,4962,4970,4,67,121
original_six,20150717,8,4958,4966,4,67,121
original_six,20150718,8,4953,4961,4,67,121
original_six,20150720,8,4923,4931,4,67,121
original_six,20150721,8,4922,4930,4,67,121
original_six,20150722,8,4918,4926,4,67,121
original_six,20150723,8,4881,4889,4,68,121
original_six,20150724,8,4864,4872,4,68,121
original_six,20150725,8,4864,4872,4,68,121
original_six,20150727,8,4835,4843,4,69,121
original_six,20150728,8,4806,4814,4,71,121
original_six,20150729,8,4772,4780,4,71,121
original_six,20150730,8,4757,4765,4,71,121
original_six,20150731,8,4748,4756,4,71,121
original_six,20150803,8,4746,4754,4,71,121
original_six,20150806,8,4642,4650,4,76,121
original_six,20150807,8,4642,4650,4,76,121
original_six,20150810,8,4633,4641,4,76,121
original_six,20150811,8,4632,4640,4,76,121
original_six,20150812,8,4616,4624,4,76,121
original_six,20150813,8,4614,4622,4,76,121
original_six,20150814,8,4609,4617,4,76,121
original_six,20150817,8,4609,4617,4,76,121
original_six,20150818,8,4608,4616,4,76,121
original_six,20150819,8,4602,4610,4,76,121
original_six,20150820,8,4580,4588,4,76,121
original_six,20150821,8,4580,4588,4,76,121
original_six,20150822,8,4532,4540,4,77,121
original_six,20150824,8,4518,4526,4,77,121
original_six,20150825,8,4516,4524,4,77,121
original_six,20150826,8,4514,4522,4,77,121
original_six,20150827,8,4513,4521,4,77,121
original_six,20150828,8,4494,4502,4,77,121
original_six,20150831,8,4492,4500,4,78,121
original_six,20150901,8,4462,4470,4,78,121
original_six,20150902,8,4455,4463,4,78,121
original_six,20150904,8,4450,4458,4,78,121
original_six,20150909,8,4435,4443,4,78,121
original_six,20150910,8,4424,4432,4,78,121
original_six,20150911,8,4424,4432,4,78,121
original_six,20150914,8,4399,4407,4,78,121
original_six,20150915,8,4391,4399,4,78,121
original_six,20150916,8,4295,4303,4,80,121
original_six,20150917,8,4276,4284,4,81,121
original_six,20150918,8,4273,4281,4,81,121
original_six,20150921,8,4270,4278,4,81,121
original_six,20150922,8,4257,4265,4,81,121
original_six,20150923,8,4245,4253,4,81,121
original_six,20150924,8,4234,4242,4,82,121
original_six,20150925,8,4229,4237,4,82,121
original_six,20150926,8,4214,4222,4,83,121
original_six,20150928,8,4157,4165,4,84,121
original_six,20150929,8,4119,4127,4,87,121
original_six,20151001,8,4114,4122,4,87,121
original_six,20151002,8,4098,4106,4,87,121
original_six,20151005,8,4095,4103,4,87,121
original_six,20151006,8,4045,4053,4,87,121
original_six,20151007,8,4033,4041,4,87,121
original_six,20151008,8,4017,4025,4,87,121
original_six,20151009,8,4006,4014,4,88,121
original_six,20151012,8,4003,4011,4,88,121
original_six,20151013,8,3978,3986,4,89,121
original_six,20151014,8,3942,3950,4,89,121
original_six,20151015,8,3934,3942,4,89,121
original_six,20151016,13,3356,3369,4,102,121
original_six,20151019,13,3320,3333,4,102,121
original_six,20151020,13,3320,3333,4,102,121
original_six,20151021,13,3309,3322,4,104,121
original_six,20151022,13,3190,3203,4,106,121
original_six,20151023,13,3166,3179,4,107,121
original_six,20151025,13,3166,3179,4,107,121
original_six,20151026,13,3128,3141,4,108,121
original_six,20151027,13,3118,3131,4,108,121
original_six,20151028,13,3107,3120,4,108,121
original_six,20151029,13,3019,3032,4,108,121
original_six,20151030,13,2837,2850,4,112,121
original_six,20151102,13,2813,2826,4,112,121
original_six,20151103,13,2813,2826,4,112,121
original_six,20151104,13,2809,2822,4,112,121
original_six,20151105,13,2796,2809,4,112,121
original_six,20151106,13,2781,2794,4,112,121
original_six,20151109,13,2770,2783,4,112,121
original_six,20151110,13,2747,2760,4,112,121
original_six,20151112,13,2733,2746,4,112,121
original_six,20151116,13,2697,2710,4,112,121
original_six,20151117,13,2670,2683,4,112,121
original_six,20151118,13,2633,2646,4,112,121
original_six,20151120,13,2632,2645,4,112,121
original_six,20151123,13,2595,2608,4,113,121
original_six,20151124,13,2595,2608,4,113,121
original_six,20151125,13,2578,2591,4,113,121
original_six,20151126,13,2576,2589,4,113,121
original_six,20151127,13,2544,2557,4,113,121
original_six,20151130,13,2540,2553,4,113,121
original_six,20151201,13,2537,2550,4,113,121
original_six,20151202,13,2524,2537,4,114,121
original_six,20151203,13,2512,2525,4,114,121
original_six,20151204,13,2512,2525,4,114,121
original_six,20151207,13,2505,2518,4,114,121
original_six,20151208,13,2473,2486,4,115,121
original_six,20151209,13,2466,2479,4,116,121
original_six,20151210,13,2435,2448,4,116,121
original_six,20151211,13,2429,2442,4,116,121
original_six,20151214,13,2416,2429,4,116,121
original_six,20151215,13,2380,2393,4,116,121
original_six,20151217,13,2365,2378,4,116,121
original_six,20151218,13,2274,2287,5,117,121
original_six,20151221,13,2273,2286,5,117,121
original_six,20151222,13,2266,2279,5,117,121
original_six,20151223,13,2260,2273,5,117,121
original_six,20151228,13,2227,2240,5,117,121
original_six,20160103,13,2207,2220,5,117,121
original_six,20160104,13,2140,2153,5,117,121
original_six,20160105,13,2137,2150,5,117,121
original_six,20160106,13,2128,2141,5,117,121
original_six,20160107,13,2121,2134,5,117,121
original_six,20160108,13,2096,2109,5,117,121
original_six,20160111,13,2088,2101,5,117,121
original_six,20160112,13,2051,2064,5,117,121
original_six,20160114,13,2006,2019,5,117,121
original_six,20160115,13,1994,2007,5,117,121
original_six,20160118,13,1977,1990,5,118,121
original_six,20160119,13,1957,1970,5,118,121
original_six,20160120,13,1957,1970,5,118,121
original_six,20160121,13,1906,1919,5,118,121
original_six,20160122,13,1883,1896,5,118,121
original_six,20160125,13,1882,1895,5,118,121
original_six,20160126,13,1863,1876,5,118,121
original_six,20160127,13,1851,1864,5,118,121
original_six,20160128,13,1846,1859,5,118,121
original_six,20160129,13,1842,1855,5,118,121
original_six,20160201,13,1836,1849,5,118,121
original_six,20160202,13,1835,1848,5,118,121
original_six,20160204,13,1821,1834,5,118,121
original_six,20160205,13,1795,1808,5,118,121
original_six,20160208,13,1787,1800,5,118,121
original_six,20160209,13,1710,1723,5,118,121
original_six,20160210,13,1699,1712,5,118,121
original_six,20160211,13,1656,1669,5,118,121
original_six,20160212,13,1634,1647,5,118,121
original_six,20160215,13,1632,1645,5,118,121
original_six,20160217,13,1617,1630,5,118,121
original_six,20160218,13,1607,1620,5,118,121
original_six,20160219,13,1597,1610,5,118,121
original_six,20160222,13,1564,1577,5,118,121
original_six,20160223,13,1558,1571,5,118,121
original_six,20160224,13,1558,1571,5,118,121
original_six,20160225,13,1511,1524,5,118,121
original_six,20160226,13,1511,1524,5,118,121
original_six,20160229,13,1502,1515,5,118,121
original_six,20160301,13,1470,1483,5,118,121
original_six,20160303,13,1445,1458,5,118,121
original_six,20160304,13,1399,1412,5,118,121
original_six,20160307,13,1394,1407,5,118,121
original_six,20160309,13,1371,1384,5,118,121
original_six,20160310,13,1327,1340,5,118,121
original_six,20160311,13,1309,1322,5,118,121
original_six,20160312,13,1307,1320,5,118,121
original_six,20160314,13,1302,1315,5,118,121
original_six,20160315,13,1295,1308,5,118,121
original_six,20160316,13,1295,1308,5,118,121
original_six,20160317,13,1289,1302,5,118,121
original_six,20160318,13,1246,1259,5,118,121
original_six,20160320,13,1210,1223,5,118,121
original_six,20160321,13,1186,1199,5,118,121
original_six,20160322,13,1179,1192,5,118,121
original_six,20160323,13,1144,1157,5,118,121
original_six,20160324,13,1127,1140,5,118,121
original_six,20160325,13,1120,1133,5,118,121
original_six,20160328,13,1120,1133,5,118,121
original_six,20160329,13,1119,1132,5,118,121
original_six,20160330,13,1105,1118,5,118,121
original_six,20160331,13,1075,1088,5,118,121
original_six,20160401,13,1074,1087,5,118,121
original_six,20160403,13,1068,1081,5,118,121
original_six,20160404,13,1065,1078,5,118,121
original_six,20160405,13,1044,1057,5,118,121
original_six,20160406,13,1038,1051,5,118,121
original_six,20160407,13,1014,1027,5,119,121
original_six,20160408,13,1014,1027,5,119,121
original_six,20160411,13,1014,1027,5,119,121
original_six,20160413,13,1012,1025,5,119,121
original_six,20160414,13,1012,1025,5,119,121
original_six,20160415,13,1012,1025,5,119,121
original_six,20160418,13,1003,1016,5,119,121
original_six,20160419,13,1003,1016,5,119,121
original_six,20160420,13,959,972,5,119,121
original_six,20160421,13,937,950,5,119,121
original_six,20160422,13,937,950,5,119,121
original_six,20160425,13,937,950,5,119,121
original_six,20160426,13,907,920,5,119,121
original_six,20160427,13,874,887,5,119,121
original_six,20160428,13,820,833,5,119,121
original_six,20160429,13,820,833,5,119,121
original_six,20160502,13,816,829,5,119,121
original_six,20160503,13,816,829,5,119,121
original_six,20160504,13,815,828,5,119,121
original_six,20160506,13,804,817,5,119,121
original_six,20160509,13,784,797,5,119,121
original_six,20160510,13,774,787,5,119,121
original_six,20160511,13,737,750,5,119,121
original_six,20160512,13,727,740,5,119,121
original_six,20160513,13,717,730,5,119,121
original_six,20160516,13,715,728,5,119,121
original_six,20160517,13,698,711,6,119,121
original_six,20160518,13,693,706,6,119,121
original_six,20160519,13,693,706,6,119,121
original_six,20160520,13,601,614,14,119,121
original_six,20160521,13,586,599,14,119,121
original_six,20160523,13,568,581,14,119,121
original_six,20160524,13,549,562,17,119,121
original_six,20160525,13,366,379,25,121,121
original_six,20160526,13,351,364,25,121,121
original_six,20160527,13,351,364,25,121,121
original_six,20160530,13,350,363,25,121,121
original_six,20160531,13,330,343,26,121,121
original_six,20160601,13,300,313,26,121,121
original_six,20160602,13,267,280,30,121,121
original_six,20160603,13,266,279,30,121,121
original_six,20160606,13,256,269,30,121,121
original_six,20160607,13,251,264,32,121,121
original_six,20160608,13,221,234,38,121,121
original_six,20160609,13,201,214,38,121,121
original_six,20160610,13,199,212,38,121,121
original_six,20160613,13,177,190,44,121,121
original_six,20160614,13,168,181,46,121,121
original_six,20160615,13,131,144,46,121,121
original_six,20160616,13,101,114,53,121,121
original_six,20160617,13,91,104,60,121,121
original_six,20160618,13,91,104,60,121,121
original_six,20160619,13,87,100,61,121,121
original_six,20160620,13,80,93,62,121,121
original_six,20160621,13,72,85,62,121,121
original_six,20160622,13,59,72,68,121,121
original_six,20160623,13,49,62,69,121,121
original_six,20160624,13,42,55,74,121,121
original_six,20160627,13,42,55,74,121,121
original_six,20160628,13,0,13,108,121,121
original_six,20160629,13,0,13,108,121,121
original_six,20160630,13,0,13,108,121,121
original_six,20160701,13,0,13,108,121,121
best_global_after_qualifier_exclusion,20000627,0,144844,144844,0,0,0
best_global_after_qualifier_exclusion,20010813,0,144811,144811,0,0,0
best_global_after_qualifier_exclusion,20010814,0,144795,144795,0,0,0
best_global_after_qualifier_exclusion,20010821,0,144747,144747,0,0,0
best_global_after_qualifier_exclusion,20010822,0,144746,144746,0,0,0
best_global_after_qualifier_exclusion,20010824,0,144737,144737,0,0,0
best_global_after_qualifier_exclusion,20010828,0,144725,144725,0,0,0
best_global_after_qualifier_exclusion,20010830,0,144680,144680,0,0,0
best_global_after_qualifier_exclusion,20010831,0,144679,144679,0,0,0
best_global_after_qualifier_exclusion,20010906,0,144668,144668,0,0,0
best_global_after_qualifier_exclusion,20010912,0,144648,144648,0,0,0
best_global_after_qualifier_exclusion,20010918,0,144644,144644,0,0,0
best_global_after_qualifier_exclusion,20010920,0,144631,144631,0,0,0
best_global_after_qualifier_exclusion,20010926,0,144627,144627,0,0,0
best_global_after_qualifier_exclusion,20010928,0,144619,144619,0,0,0
best_global_after_qualifier_exclusion,20011002,0,144587,144587,0,0,0
best_global_after_qualifier_exclusion,20011004,0,144527,144527,0,0,0
best_global_after_qualifier_exclusion,20011120,0,144525,144525,0,0,0
best_global_after_qualifier_exclusion,20011206,0,144509,144509,0,0,0
best_global_after_qualifier_exclusion,20011217,0,144501,144501,0,0,0
best_global_after_qualifier_exclusion,20020111,0,144498,144498,0,0,0
best_global_after_qualifier_exclusion,20020117,0,144489,144489,0,0,0
best_global_after_qualifier_exclusion,20020123,0,144474,144474,0,0,0
best_global_after_qualifier_exclusion,20020129,0,144471,144471,0,0,0
best_global_after_qualifier_exclusion,20020212,0,144446,144446,0,0,0
best_global_after_qualifier_exclusion,20020502,0,144442,144442,0,0,0
best_global_after_qualifier_exclusion,20020503,0,144423,144423,0,0,0
best_global_after_qualifier_exclusion,20020522,0,144419,144419,0,0,0
best_global_after_qualifier_exclusion,20020529,0,144406,144406,0,0,0
best_global_after_qualifier_exclusion,20020605,0,144391,144391,0,0,0
best_global_after_qualifier_exclusion,20020606,0,144350,144350,0,0,0
best_global_after_qualifier_exclusion,20020612,0,144334,144334,0,0,0
best_global_after_qualifier_exclusion,20020618,0,144303,144303,0,0,0
best_global_after_qualifier_exclusion,20020627,0,144256,144256,0,0,0
best_global_after_qualifier_exclusion,20020730,0,144254,144254,0,0,0
best_global_after_qualifier_exclusion,20020731,0,144235,144235,0,0,0
best_global_after_qualifier_exclusion,20020806,0,144233,144233,0,0,0
best_global_after_qualifier_exclusion,20020808,0,144231,144231,0,0,0
best_global_after_qualifier_exclusion,20020814,0,144195,144195,0,0,0
best_global_after_qualifier_exclusion,20020821,0,144174,144174,0,0,0
best_global_after_qualifier_exclusion,20020822,0,144166,144166,0,0,0
best_global_after_qualifier_exclusion,20020827,0,144163,144163,0,0,0
best_global_after_qualifier_exclusion,20020828,0,144137,144137,0,0,0
best_global_after_qualifier_exclusion,20020906,0,144126,144126,0,0,0
best_global_after_qualifier_exclusion,20020913,0,144102,144102,0,0,0
best_global_after_qualifier_exclusion,20021004,0,144093,144093,0,0,0
best_global_after_qualifier_exclusion,20021011,0,144052,144052,0,0,0
best_global_after_qualifier_exclusion,20021014,0,144035,144035,0,0,0
best_global_after_qualifier_exclusion,20021104,0,144029,144029,0,0,0
best_global_after_qualifier_exclusion,20021105,0,144008,144008,0,0,0
best_global_after_qualifier_exclusion,20021106,0,143978,143978,0,0,0
best_global_after_qualifier_exclusion,20021107,0,143974,143974,0,0,0
best_global_after_qualifier_exclusion,20021114,0,143964,143964,0,0,0
best_global_after_qualifier_exclusion,20021129,0,143949,143949,0,0,0
best_global_after_qualifier_exclusion,20021216,0,143902,143902,0,0,0
best_global_after_qualifier_exclusion,20021218,0,143893,143893,0,0,0
best_global_after_qualifier_exclusion,20021223,0,143883,143883,0,0,0
best_global_after_qualifier_exclusion,20030103,0,143879,143879,0,0,0
best_global_after_qualifier_exclusion,20030106,0,143875,143875,0,0,0
best_global_after_qualifier_exclusion,20030110,0,143858,143858,0,0,0
best_global_after_qualifier_exclusion,20030116,0,143844,143844,0,0,0
best_global_after_qualifier_exclusion,20030121,0,143836,143836,0,0,0
best_global_after_qualifier_exclusion,20030129,0,143816,143816,0,0,0
best_global_after_qualifier_exclusion,20030130,0,143806,143806,0,0,0
best_global_after_qualifier_exclusion,20030205,0,143782,143782,0,0,0
best_global_after_qualifier_exclusion,20030206,0,143765,143765,0,0,0
best_global_after_qualifier_exclusion,20030212,0,143749,143749,0,0,0
best_global_after_qualifier_exclusion,20030217,0,143741,143741,0,0,0
best_global_after_qualifier_exclusion,20030228,0,143724,143724,0,0,0
best_global_after_qualifier_exclusion,20030306,0,143701,143701,0,0,0
best_global_after_qualifier_exclusion,20030317,0,143681,143681,0,0,0
best_global_after_qualifier_exclusion,20030319,0,143641,143641,0,0,0
best_global_after_qualifier_exclusion,20030324,0,143630,143630,0,0,0
best_global_after_qualifier_exclusion,20030327,0,143605,143605,0,0,0
best_global_after_qualifier_exclusion,20030328,0,143561,143561,0,0,0
best_global_after_qualifier_exclusion,20030404,0,143501,143501,0,0,0
best_global_after_qualifier_exclusion,20030418,0,143470,143470,0,0,0
best_global_after_qualifier_exclusion,20030422,0,143450,143450,0,0,0
best_global_after_qualifier_exclusion,20030423,0,143431,143431,0,0,0
best_global_after_qualifier_exclusion,20030424,0,143400,143400,0,0,0
best_global_after_qualifier_exclusion,20030425,0,143369,143369,0,0,0
best_global_after_qualifier_exclusion,20030428,0,143324,143324,0,0,0
best_global_after_qualifier_exclusion,20030519,0,143316,143316,0,0,0
best_global_after_qualifier_exclusion,20030523,0,143309,143309,0,0,0
best_global_after_qualifier_exclusion,20030609,0,143305,143305,0,0,0
best_global_after_qualifier_exclusion,20030623,0,143300,143300,0,0,0
best_global_after_qualifier_exclusion,20030627,0,143262,143262,0,0,0
best_global_after_qualifier_exclusion,20030702,0,143253,143253,0,0,0
best_global_after_qualifier_exclusion,20030703,0,143244,143244,0,0,0
best_global_after_qualifier_exclusion,20030709,0,143216,143216,0,0,0
best_global_after_qualifier_exclusion,20030716,0,143202,143202,0,0,0
best_global_after_qualifier_exclusion,20030717,0,143192,143192,0,0,0
best_global_after_qualifier_exclusion,20030721,0,143179,143179,0,0,0
best_global_after_qualifier_exclusion,20030722,0,143166,143166,0,0,0
best_global_after_qualifier_exclusion,20030723,0,143155,143155,0,0,0
best_global_after_qualifier_exclusion,20030724,0,143137,143137,0,0,0
best_global_after_qualifier_exclusion,20030728,0,143105,143105,0,0,0
best_global_after_qualifier_exclusion,20030729,0,143073,143073,0,0,0
best_global_after_qualifier_exclusion,20030801,0,143065,143065,0,0,0
best_global_after_qualifier_exclusion,20030804,0,143037,143037,0,0,0
best_global_after_qualifier_exclusion,20030805,0,142986,142986,0,0,0
best_global_after_qualifier_exclusion,20030806,0,142977,142977,0,0,0
best_global_after_qualifier_exclusion,20030807,0,142943,142943,0,0,0
best_global_after_qualifier_exclusion,20030811,0,142925,142925,0,0,0
best_global_after_qualifier_exclusion,20030813,0,142862,142862,0,0,0
best_global_after_qualifier_exclusion,20030814,0,142777,142777,0,0,0
best_global_after_qualifier_exclusion,20030818,0,142755,142755,0,0,0
best_global_after_qualifier_exclusion,20030820,0,142753,142753,0,0,0
best_global_after_qualifier_exclusion,20030821,0,142712,142712,0,0,0
best_global_after_qualifier_exclusion,20030822,0,142273,142273,0,0,0
best_global_after_qualifier_exclusion,20030826,0,142236,142236,0,0,0
best_global_after_qualifier_exclusion,20030827,0,142211,142211,0,0,0
best_global_after_qualifier_exclusion,20030904,0,142210,142210,0,0,0
best_global_after_qualifier_exclusion,20030908,0,142180,142180,0,0,0
best_global_after_qualifier_exclusion,20030909,0,142111,142111,0,0,0
best_global_after_qualifier_exclusion,20031002,0,142084,142084,0,0,0
best_global_after_qualifier_exclusion,20031021,0,142000,142000,0,0,0
best_global_after_qualifier_exclusion,20031023,0,141957,141957,0,0,0
best_global_after_qualifier_exclusion,20031031,0,141950,141950,0,0,0
best_global_after_qualifier_exclusion,20031103,0,141927,141927,0,0,0
best_global_after_qualifier_exclusion,20031106,0,141879,141879,0,0,0
best_global_after_qualifier_exclusion,20031107,0,141837,141837,0,0,0
best_global_after_qualifier_exclusion,20031111,0,141755,141755,0,0,0
best_global_after_qualifier_exclusion,20031118,0,141719,141719,0,0,0
best_global_after_qualifier_exclusion,20031121,0,141690,141690,0,0,0
best_global_after_qualifier_exclusion,20031125,0,141578,141578,0,0,0
best_global_after_qualifier_exclusion,20031127,0,141572,141572,0,0,0
best_global_after_qualifier_exclusion,20031128,0,141564,141564,0,0,0
best_global_after_qualifier_exclusion,20031201,0,141562,141562,0,0,0
best_global_after_qualifier_exclusion,20031202,0,141553,141553,0,0,0
best_global_after_qualifier_exclusion,20031211,0,141539,141539,0,0,0
best_global_after_qualifier_exclusion,20031216,0,140561,140561,0,0,0
best_global_after_qualifier_exclusion,20031219,0,140548,140548,0,0,0
best_global_after_qualifier_exclusion,20040116,0,140540,140540,0,0,0
best_global_after_qualifier_exclusion,20040121,0,140515,140515,0,0,0
best_global_after_qualifier_exclusion,20040122,0,140514,140514,0,0,0
best_global_after_qualifier_exclusion,20040128,0,140491,140491,0,0,0
best_global_after_qualifier_exclusion,20040129,0,140488,140488,0,0,0
best_global_after_qualifier_exclusion,20040202,0,140461,140461,0,0,0
best_global_after_qualifier_exclusion,20040205,0,140428,140428,0,0,0
best_global_after_qualifier_exclusion,20040211,0,140424,140424,0,0,0
best_global_after_qualifier_exclusion,20040212,0,140418,140418,0,0,0
best_global_after_qualifier_exclusion,20040216,0,140390,140390,0,0,0
best_global_after_qualifier_exclusion,20040220,0,140386,140386,0,0,0
best_global_after_qualifier_exclusion,20040223,0,140268,140268,0,0,0
best_global_after_qualifier_exclusion,20040224,0,140221,140221,0,0,0
best_global_after_qualifier_exclusion,20040226,0,140217,140217,0,0,0
best_global_after_qualifier_exclusion,20040227,0,140184,140184,0,0,0
best_global_after_qualifier_exclusion,20040301,0,140165,140165,0,0,0
best_global_after_qualifier_exclusion,20040303,0,140157,140157,0,0,0
best_global_after_qualifier_exclusion,20040305,0,140143,140143,0,0,0
best_global_after_qualifier_exclusion,20040309,0,140126,140126,0,0,0
best_global_after_qualifier_exclusion,20040310,0,140096,140096,0,0,0
best_global_after_qualifier_exclusion,20040311,0,139735,139735,0,0,0
best_global_after_qualifier_exclusion,20040312,0,139371,139371,0,0,0
best_global_after_qualifier_exclusion,20040317,0,139365,139365,0,0,0
best_global_after_qualifier_exclusion,20040319,0,139344,139344,0,0,0
best_global_after_qualifier_exclusion,20040330,0,139300,139300,0,0,0
best_global_after_qualifier_exclusion,20040405,0,139280,139280,0,0,0
best_global_after_qualifier_exclusion,20040406,0,139242,139242,0,0,0
best_global_after_qualifier_exclusion,20040407,0,139204,139204,0,0,0
best_global_after_qualifier_exclusion,20040408,0,139168,139168,0,0,0
best_global_after_qualifier_exclusion,20040413,0,139103,139103,0,0,0
best_global_after_qualifier_exclusion,20040414,0,139080,139080,0,0,0
best_global_after_qualifier_exclusion,20040415,0,139065,139065,0,0,0
best_global_after_qualifier_exclusion,20040416,0,139055,139055,0,0,0
best_global_after_qualifier_exclusion,20040419,0,139048,139048,0,0,0
best_global_after_qualifier_exclusion,20040420,0,139032,139032,0,0,0
best_global_after_qualifier_exclusion,20040421,0,139026,139026,0,0,0
best_global_after_qualifier_exclusion,20040427,0,139001,139001,0,0,0
best_global_after_qualifier_exclusion,20040430,0,138951,138951,0,0,0
best_global_after_qualifier_exclusion,20040505,0,138951,138951,0,0,0
best_global_after_qualifier_exclusion,20040506,0,138941,138941,0,0,0
best_global_after_qualifier_exclusion,20040512,0,138927,138927,0,0,0
best_global_after_qualifier_exclusion,20040513,0,138913,138913,0,0,0
best_global_after_qualifier_exclusion,20040514,0,138869,138869,0,0,0
best_global_after_qualifier_exclusion,20040518,0,138853,138853,0,0,0
best_global_after_qualifier_exclusion,20040519,0,138830,138830,0,0,0
best_global_after_qualifier_exclusion,20040524,0,138797,138797,0,0,0
best_global_after_qualifier_exclusion,20040526,0,138772,138772,0,0,0
best_global_after_qualifier_exclusion,20040528,0,138742,138742,0,0,0
best_global_after_qualifier_exclusion,20040601,0,138738,138738,0,0,0
best_global_after_qualifier_exclusion,20040602,0,138738,138738,0,0,0
best_global_after_qualifier_exclusion,20040607,0,138717,138717,0,0,0
best_global_after_qualifier_exclusion,20040608,0,138672,138672,0,0,0
best_global_after_qualifier_exclusion,20040609,0,138668,138668,0,0,0
best_global_after_qualifier_exclusion,20040610,0,138665,138665,0,0,0
best_global_after_qualifier_exclusion,20040611,0,138660,138660,0,0,0
best_global_after_qualifier_exclusion,20040614,0,138659,138659,0,0,0
best_global_after_qualifier_exclusion,20040615,0,138649,138649,0,0,0
best_global_after_qualifier_exclusion,20040616,0,138601,138601,0,0,0
best_global_after_qualifier_exclusion,20040617,0,138599,138599,0,0,0
best_global_after_qualifier_exclusion,20040622,0,138514,138514,0,0,0
best_global_after_qualifier_exclusion,20040623,0,138502,138502,0,0,0
best_global_after_qualifier_exclusion,20040629,0,138492,138492,0,0,0
best_global_after_qualifier_exclusion,20040701,0,138488,138488,0,0,0
best_global_after_qualifier_exclusion,20040702,0,138485,138485,0,0,0
best_global_after_qualifier_exclusion,20040706,0,138423,138423,0,0,0
best_global_after_qualifier_exclusion,20040707,0,138418,138418,0,0,0
best_global_after_qualifier_exclusion,20040708,0,138401,138401,0,0,0
best_global_after_qualifier_exclusion,20040709,0,138372,138372,0,0,0
best_global_after_qualifier_exclusion,20040712,0,138369,138369,0,0,0
best_global_after_qualifier_exclusion,20040716,0,138364,138364,0,0,0
best_global_after_qualifier_exclusion,20040719,0,138330,138330,0,0,0
best_global_after_qualifier_exclusion,20040720,0,138305,138305,0,0,0
best_global_after_qualifier_exclusion,20040722,0,138273,138273,0,0,0
best_global_after_qualifier_exclusion,20040723,0,138271,138271,0,0,0
best_global_after_qualifier_exclusion,20040726,0,138269,138269,0,0,0
best_global_after_qualifier_exclusion,20040727,0,138245,138245,0,0,0
best_global_after_qualifier_exclusion,20040728,0,138234,138234,0,0,0
best_global_after_qualifier_exclusion,20040729,0,138189,138189,0,0,0
best_global_after_qualifier_exclusion,20040730,0,138165,138165,0,0,0
best_global_after_qualifier_exclusion,20040802,0,138123,138123,0,0,0
best_global_after_qualifier_exclusion,20040803,0,138121,138121,0,0,0
best_global_after_qualifier_exclusion,20040804,0,138077,138077,0,0,0
best_global_after_qualifier_exclusion,20040805,0,138022,138022,0,0,0
best_global_after_qualifier_exclusion,20040806,0,138013,138013,0,0,0
best_global_after_qualifier_exclusion,20040809,0,137936,137936,0,0,0
best_global_after_qualifier_exclusion,20040810,0,137920,137920,0,0,0
best_global_after_qualifier_exclusion,20040811,0,137917,137917,0,0,0
best_global_after_qualifier_exclusion,20040812,0,137892,137892,0,0,0
best_global_after_qualifier_exclusion,20040813,0,137873,137873,0,0,0
best_global_after_qualifier_exclusion,20040816,0,137857,137857,0,0,0
best_global_after_qualifier_exclusion,20040817,0,137793,137793,0,0,0
best_global_after_qualifier_exclusion,20040818,0,137760,137760,0,0,0
best_global_after_qualifier_exclusion,20040820,0,137718,137718,0,0,0
best_global_after_qualifier_exclusion,20040823,0,137695,137695,0,0,0
best_global_after_qualifier_exclusion,20040902,0,137690,137690,0,0,0
best_global_after_qualifier_exclusion,20040906,0,137685,137685,0,0,0
best_global_after_qualifier_exclusion,20040910,0,137681,137681,0,0,0
best_global_after_qualifier_exclusion,20040914,0,137646,137646,0,0,0
best_global_after_qualifier_exclusion,20040916,0,137558,137558,0,0,0
best_global_after_qualifier_exclusion,20040921,0,137547,137547,0,0,0
best_global_after_qualifier_exclusion,20040924,0,137522,137522,0,0,0
best_global_after_qualifier_exclusion,20040929,0,137514,137514,0,0,0
best_global_after_qualifier_exclusion,20041004,0,137504,137504,0,0,0
best_global_after_qualifier_exclusion,20041005,0,137460,137460,0,0,0
best_global_after_qualifier_exclusion,20041006,0,136437,136437,0,0,0
best_global_after_qualifier_exclusion,20041007,0,136395,136395,0,0,0
best_global_after_qualifier_exclusion,20041008,0,136377,136377,0,0,0
best_global_after_qualifier_exclusion,20041014,0,136367,136367,0,0,0
best_global_after_qualifier_exclusion,20041015,0,136337,136337,0,0,0
best_global_after_qualifier_exclusion,20041018,0,136222,136222,0,0,0
best_global_after_qualifier_exclusion,20041019,0,136175,136175,0,0,0
best_global_after_qualifier_exclusion,20041020,0,136145,136145,0,0,0
best_global_after_qualifier_exclusion,20041021,0,136142,136142,0,0,0
best_global_after_qualifier_exclusion,20041022,0,136134,136134,0,0,0
best_global_after_qualifier_exclusion,20041025,0,136121,136121,0,0,0
best_global_after_qualifier_exclusion,20041026,0,136112,136112,0,0,0
best_global_after_qualifier_exclusion,20041027,0,136110,136110,0,0,0
best_global_after_qualifier_exclusion,20041029,0,136089,136089,0,0,0
best_global_after_qualifier_exclusion,20041101,0,136049,136049,0,0,0
best_global_after_qualifier_exclusion,20041102,0,136041,136041,0,0,0
best_global_after_qualifier_exclusion,20041103,0,136028,136028,0,0,0
best_global_after_qualifier_exclusion,20041105,0,135987,135987,0,0,0
best_global_after_qualifier_exclusion,20041109,0,135944,135944,0,0,0
best_global_after_qualifier_exclusion,20041111,0,135943,135943,0,0,0
best_global_after_qualifier_exclusion,20041116,0,135924,135924,0,0,0
best_global_after_qualifier_exclusion,20041118,0,135910,135910,0,0,0
best_global_after_qualifier_exclusion,20041119,0,135806,135806,0,0,0
best_global_after_qualifier_exclusion,20041122,0,135793,135793,0,0,0
best_global_after_qualifier_exclusion,20041130,0,135757,135757,0,0,0
best_global_after_qualifier_exclusion,20041201,0,135738,135738,0,0,0
best_global_after_qualifier_exclusion,20041203,0,135648,135648,0,0,0
best_global_after_qualifier_exclusion,20041206,0,135625,135625,0,0,0
best_global_after_qualifier_exclusion,20041207,0,135593,135593,0,0,0
best_global_after_qualifier_exclusion,20041210,0,135540,135540,0,0,0
best_global_after_qualifier_exclusion,20041213,0,135538,135538,0,0,0
best_global_after_qualifier_exclusion,20041217,0,135469,135469,0,0,0
best_global_after_qualifier_exclusion,20050103,0,135465,135465,0,0,0
best_global_after_qualifier_exclusion,20050107,0,135461,135461,0,0,0
best_global_after_qualifier_exclusion,20050114,0,135423,135423,0,0,0
best_global_after_qualifier_exclusion,20050118,0,135404,135404,0,0,0
best_global_after_qualifier_exclusion,20050119,0,135404,135404,0,0,0
best_global_after_qualifier_exclusion,20050127,0,135396,135396,0,0,0
best_global_after_qualifier_exclusion,20050128,0,135373,135373,0,0,0
best_global_after_qualifier_exclusion,20050131,0,135345,135345,0,0,0
best_global_after_qualifier_exclusion,20050202,0,135288,135288,0,0,0
best_global_after_qualifier_exclusion,20050203,0,135276,135276,0,0,0
best_global_after_qualifier_exclusion,20050208,0,135230,135230,0,0,0
best_global_after_qualifier_exclusion,20050210,0,135202,135202,0,0,0
best_global_after_qualifier_exclusion,20050211,0,135186,135186,0,0,0
best_global_after_qualifier_exclusion,20050214,0,135107,135107,0,0,0
best_global_after_qualifier_exclusion,20050215,0,135064,135064,0,0,0
best_global_after_qualifier_exclusion,20050216,0,134836,134836,0,0,0
best_global_after_qualifier_exclusion,20050217,0,134704,134704,0,0,0
best_global_after_qualifier_exclusion,20050218,0,134569,134569,0,0,0
best_global_after_qualifier_exclusion,20050221,0,134490,134490,0,0,0
best_global_after_qualifier_exclusion,20050222,0,134461,134461,0,0,0
best_global_after_qualifier_exclusion,20050224,0,134455,134455,0,0,0
best_global_after_qualifier_exclusion,20050301,0,134447,134447,0,0,0
best_global_after_qualifier_exclusion,20050302,0,134403,134403,0,0,0
best_global_after_qualifier_exclusion,20050303,0,134394,134394,0,0,0
best_global_after_qualifier_exclusion,20050308,0,134259,134259,0,0,0
best_global_after_qualifier_exclusion,20050311,0,134241,134241,0,0,0
best_global_after_qualifier_exclusion,20050316,0,134165,134165,0,0,0
best_global_after_qualifier_exclusion,20050318,0,134153,134153,0,0,0
best_global_after_qualifier_exclusion,20050322,0,134024,134024,0,0,0
best_global_after_qualifier_exclusion,20050323,0,133983,133983,0,0,0
best_global_after_qualifier_exclusion,20050324,0,133981,133981,0,0,0
best_global_after_qualifier_exclusion,20050329,0,133955,133955,0,0,0
best_global_after_qualifier_exclusion,20050330,0,133947,133947,0,0,0
best_global_after_qualifier_exclusion,20050331,0,133913,133913,0,0,0
best_global_after_qualifier_exclusion,20050405,0,133905,133905,0,0,0
best_global_after_qualifier_exclusion,20050408,0,133851,133851,0,0,0
best_global_after_qualifier_exclusion,20050412,0,133739,133739,0,0,0
best_global_after_qualifier_exclusion,20050413,0,133701,133701,0,0,0
best_global_after_qualifier_exclusion,20050415,0,133662,133662,0,0,0
best_global_after_qualifier_exclusion,20050418,0,133460,133460,0,0,0
best_global_after_qualifier_exclusion,20050426,0,133426,133426,0,0,0
best_global_after_qualifier_exclusion,20050427,0,133417,133417,0,0,0
best_global_after_qualifier_exclusion,20050428,0,133357,133357,0,0,0
best_global_after_qualifier_exclusion,20050429,0,133342,133342,0,0,0
best_global_after_qualifier_exclusion,20050503,0,133282,133282,0,0,0
best_global_after_qualifier_exclusion,20050504,0,133272,133272,0,0,0
best_global_after_qualifier_exclusion,20050505,0,133256,133256,0,0,0
best_global_after_qualifier_exclusion,20050506,0,133225,133225,0,0,0
best_global_after_qualifier_exclusion,20050513,0,133212,133212,0,0,0
best_global_after_qualifier_exclusion,20050519,0,133177,133177,0,0,0
best_global_after_qualifier_exclusion,20050523,0,133124,133124,0,0,0
best_global_after_qualifier_exclusion,20050524,0,133096,133096,0,0,0
best_global_after_qualifier_exclusion,20050526,0,133049,133049,0,0,0
best_global_after_qualifier_exclusion,20050527,0,133029,133029,0,0,0
best_global_after_qualifier_exclusion,20050531,0,132983,132983,0,0,0
best_global_after_qualifier_exclusion,20050603,0,132939,132939,0,0,0
best_global_after_qualifier_exclusion,20050607,0,132924,132924,0,0,0
best_global_after_qualifier_exclusion,20050608,0,132901,132901,0,0,0
best_global_after_qualifier_exclusion,20050609,0,132851,132851,0,0,0
best_global_after_qualifier_exclusion,20050610,0,132824,132824,0,0,0
best_global_after_qualifier_exclusion,20050613,0,132699,132699,0,0,0
best_global_after_qualifier_exclusion,20050616,0,132690,132690,0,0,0
best_global_after_qualifier_exclusion,20050620,0,132681,132681,0,0,0
best_global_after_qualifier_exclusion,20050623,0,132607,132607,0,0,0
best_global_after_qualifier_exclusion,20050624,0,132597,132597,0,0,0
best_global_after_qualifier_exclusion,20050627,0,132507,132507,0,0,0
best_global_after_qualifier_exclusion,20050628,0,132465,132465,0,0,0
best_global_after_qualifier_exclusion,20050630,0,132419,132419,0,0,0
best_global_after_qualifier_exclusion,20050701,0,132406,132406,0,0,0
best_global_after_qualifier_exclusion,20050704,0,132390,132390,0,0,0
best_global_after_qualifier_exclusion,20050705,0,132387,132387,0,0,0
best_global_after_qualifier_exclusion,20050707,0,132379,132379,0,0,0
best_global_after_qualifier_exclusion,20050708,0,132356,132356,0,0,0
best_global_after_qualifier_exclusion,20050711,0,132352,132352,0,0,0
best_global_after_qualifier_exclusion,20050712,0,132342,132342,0,0,0
best_global_after_qualifier_exclusion,20050714,0,132339,132339,0,0,0
best_global_after_qualifier_exclusion,20050715,0,132277,132277,0,0,0
best_global_after_qualifier_exclusion,20050719,0,132262,132262,0,0,0
best_global_after_qualifier_exclusion,20050720,0,132254,132254,0,0,0
best_global_after_qualifier_exclusion,20050721,0,132228,132228,0,0,0
best_global_after_qualifier_exclusion,20050722,0,132197,132197,0,0,0
best_global_after_qualifier_exclusion,20050725,0,132194,132194,0,0,0
best_global_after_qualifier_exclusion,20050801,0,132158,132158,0,0,0
best_global_after_qualifier_exclusion,20050808,0,132158,132158,0,0,0
best_global_after_qualifier_exclusion,20050809,0,132091,132091,0,0,0
best_global_after_qualifier_exclusion,20050810,0,132085,132085,0,0,0
best_global_after_qualifier_exclusion,20050811,0,132073,132073,0,0,0
best_global_after_qualifier_exclusion,20050812,0,132045,132045,0,0,0
best_global_after_qualifier_exclusion,20050818,0,132042,132042,0,0,0
best_global_after_qualifier_exclusion,20050825,0,132036,132036,0,0,0
best_global_after_qualifier_exclusion,20050826,0,132036,132036,0,0,0
best_global_after_qualifier_exclusion,20050905,0,132020,132020,0,0,0
best_global_after_qualifier_exclusion,20050906,0,131963,131963,0,0,0
best_global_after_qualifier_exclusion,20050920,0,131941,131941,0,0,0
best_global_after_qualifier_exclusion,20050921,0,131897,131897,0,0,0
best_global_after_qualifier_exclusion,20050922,0,131876,131876,0,0,0
best_global_after_qualifier_exclusion,20050923,0,131772,131772,0,0,0
best_global_after_qualifier_exclusion,20050926,0,131769,131769,0,0,0
best_global_after_qualifier_exclusion,20050927,0,131699,131699,0,0,0
best_global_after_qualifier_exclusion,20050928,0,131684,131684,0,0,0
best_global_after_qualifier_exclusion,20050930,0,131622,131622,0,0,0
best_global_after_qualifier_exclusion,20051004,0,131574,131574,0,0,0
best_global_after_qualifier_exclusion,20051007,0,131548,131548,0,0,0
best_global_after_qualifier_exclusion,20051010,0,131486,131486,0,0,0
best_global_after_qualifier_exclusion,20051011,0,131463,131463,0,0,0
best_global_after_qualifier_exclusion,20051017,0,131455,131455,0,0,0
best_global_after_qualifier_exclusion,20051018,0,131450,131450,0,0,0
best_global_after_qualifier_exclusion,20051020,0,131450,131450,0,0,0
best_global_after_qualifier_exclusion,20051021,0,131379,131379,0,0,0
best_global_after_qualifier_exclusion,20051024,0,131373,131373,0,0,0
best_global_after_qualifier_exclusion,20051025,0,131368,131368,0,0,0
best_global_after_qualifier_exclusion,20051026,0,131354,131354,0,0,0
best_global_after_qualifier_exclusion,20051027,0,131348,131348,0,0,0
best_global_after_qualifier_exclusion,20051028,0,131284,131284,0,0,0
best_global_after_qualifier_exclusion,20051031,0,131269,131269,0,0,0
best_global_after_qualifier_exclusion,20051101,0,131262,131262,0,0,0
best_global_after_qualifier_exclusion,20051102,0,131249,131249,0,0,0
best_global_after_qualifier_exclusion,20051103,0,131205,131205,0,0,0
best_global_after_qualifier_exclusion,20051104,0,131173,131173,0,0,0
best_global_after_qualifier_exclusion,20051107,0,131130,131130,0,0,0
best_global_after_qualifier_exclusion,20051108,0,131096,131096,0,0,0
best_global_after_qualifier_exclusion,20051109,0,131074,131074,0,0,0
best_global_after_qualifier_exclusion,20051110,0,131066,131066,0,0,0
best_global_after_qualifier_exclusion,20051111,0,131046,131046,0,0,0
best_global_after_qualifier_exclusion,20051115,0,130944,130944,0,0,0
best_global_after_qualifier_exclusion,20051116,0,130926,130926,0,0,0
best_global_after_qualifier_exclusion,20051117,0,130912,130912,0,0,0
best_global_after_qualifier_exclusion,20051118,0,130842,130842,0,0,0
best_global_after_qualifier_exclusion,20051121,0,130817,130817,0,0,0
best_global_after_qualifier_exclusion,20051122,0,130798,130798,0,0,0
best_global_after_qualifier_exclusion,20051123,0,130753,130753,0,0,0
best_global_after_qualifier_exclusion,20051124,0,130745,130745,0,0,0
best_global_after_qualifier_exclusion,20051125,0,130740,130740,0,0,0
best_global_after_qualifier_exclusion,20051128,0,130722,130722,0,0,0
best_global_after_qualifier_exclusion,20051129,0,130602,130602,0,0,0
best_global_after_qualifier_exclusion,20051130,0,130578,130578,0,0,0
best_global_after_qualifier_exclusion,20051202,0,130550,130550,0,0,0
best_global_after_qualifier_exclusion,20051205,0,130529,130529,0,0,0
best_global_after_qualifier_exclusion,20051206,0,130478,130478,0,0,0
best_global_after_qualifier_exclusion,20051207,0,130459,130459,0,0,0
best_global_after_qualifier_exclusion,20051208,0,130451,130451,0,0,0
best_global_after_qualifier_exclusion,20051209,0,130254,130254,0,0,0
best_global_after_qualifier_exclusion,20051212,0,130254,130254,0,0,0
best_global_after_qualifier_exclusion,20051213,0,130250,130250,0,0,0
best_global_after_qualifier_exclusion,20051214,0,130194,130194,0,0,0
best_global_after_qualifier_exclusion,20051216,0,130177,130177,0,0,0
best_global_after_qualifier_exclusion,20051219,0,130175,130175,0,0,0
best_global_after_qualifier_exclusion,20051221,0,130079,130079,0,0,0
best_global_after_qualifier_exclusion,20051222,0,130028,130028,0,0,0
best_global_after_qualifier_exclusion,20051223,0,129973,129973,0,0,0
best_global_after_qualifier_exclusion,20060103,0,129900,129900,0,0,0
best_global_after_qualifier_exclusion,20060104,0,129851,129851,0,0,0
best_global_after_qualifier_exclusion,20060105,0,129812,129812,0,0,0
best_global_after_qualifier_exclusion,20060106,0,129739,129739,0,0,0
best_global_after_qualifier_exclusion,20060109,0,129676,129676,0,0,0
best_global_after_qualifier_exclusion,20060110,0,129426,129426,0,0,0
best_global_after_qualifier_exclusion,20060111,0,129155,129155,0,0,0
best_global_after_qualifier_exclusion,20060112,0,128760,128760,0,0,0
best_global_after_qualifier_exclusion,20060113,0,128755,128755,0,0,0
best_global_after_qualifier_exclusion,20060116,0,128660,128660,0,0,0
best_global_after_qualifier_exclusion,20060117,0,128600,128600,0,0,0
best_global_after_qualifier_exclusion,20060118,0,128567,128567,0,0,0
best_global_after_qualifier_exclusion,20060119,0,128507,128507,0,0,0
best_global_after_qualifier_exclusion,20060120,0,128399,128399,0,0,0
best_global_after_qualifier_exclusion,20060123,0,128385,128385,0,0,0
best_global_after_qualifier_exclusion,20060124,0,128244,128244,0,0,0
best_global_after_qualifier_exclusion,20060125,0,128214,128214,0,0,0
best_global_after_qualifier_exclusion,20060126,0,128187,128187,0,0,0
best_global_after_qualifier_exclusion,20060130,0,128141,128141,0,0,0
best_global_after_qualifier_exclusion,20060131,0,128065,128065,0,0,0
best_global_after_qualifier_exclusion,20060201,0,128037,128037,0,0,0
best_global_after_qualifier_exclusion,20060206,0,127921,127921,0,0,0
best_global_after_qualifier_exclusion,20060207,0,127841,127841,0,0,0
best_global_after_qualifier_exclusion,20060208,0,127662,127662,0,0,0
best_global_after_qualifier_exclusion,20060209,0,127645,127645,0,0,0
best_global_after_qualifier_exclusion,20060210,0,127640,127640,0,0,0
best_global_after_qualifier_exclusion,20060213,0,127624,127624,0,0,0
best_global_after_qualifier_exclusion,20060214,0,127614,127614,0,0,0
best_global_after_qualifier_exclusion,20060215,0,127587,127587,0,0,0
best_global_after_qualifier_exclusion,20060216,0,127444,127444,0,0,0
best_global_after_qualifier_exclusion,20060220,0,127402,127402,0,0,0
best_global_after_qualifier_exclusion,20060221,0,127362,127362,0,0,0
best_global_after_qualifier_exclusion,20060222,0,127316,127316,0,0,0
best_global_after_qualifier_exclusion,20060223,0,127287,127287,0,0,0
best_global_after_qualifier_exclusion,20060224,0,127243,127243,0,0,0
best_global_after_qualifier_exclusion,20060227,0,127111,127111,0,0,0
best_global_after_qualifier_exclusion,20060228,0,127056,127056,0,0,0
best_global_after_qualifier_exclusion,20060301,0,127037,127037,0,0,0
best_global_after_qualifier_exclusion,20060302,0,126957,126957,0,0,0
best_global_after_qualifier_exclusion,20060303,0,126933,126933,0,0,0
best_global_after_qualifier_exclusion,20060306,0,126867,126867,0,0,0
best_global_after_qualifier_exclusion,20060307,0,126810,126810,0,0,0
best_global_after_qualifier_exclusion,20060308,0,126746,126746,0,0,0
best_global_after_qualifier_exclusion,20060310,0,126720,126720,0,0,0
best_global_after_qualifier_exclusion,20060315,0,126599,126599,0,0,0
best_global_after_qualifier_exclusion,20060316,0,126599,126599,0,0,0
best_global_after_qualifier_exclusion,20060317,0,126484,126484,0,0,0
best_global_after_qualifier_exclusion,20060320,0,126359,126359,0,0,0
best_global_after_qualifier_exclusion,20060321,0,126318,126318,0,0,0
best_global_after_qualifier_exclusion,20060322,0,126306,126306,0,0,0
best_global_after_qualifier_exclusion,20060323,0,126287,126287,0,0,0
best_global_after_qualifier_exclusion,20060324,0,126241,126241,0,0,0
best_global_after_qualifier_exclusion,20060327,0,126212,126212,0,0,0
best_global_after_qualifier_exclusion,20060328,0,126211,126211,0,0,0
best_global_after_qualifier_exclusion,20060329,0,126182,126182,0,0,0
best_global_after_qualifier_exclusion,20060331,0,126072,126072,0,0,0
best_global_after_qualifier_exclusion,20060403,0,125859,125859,0,0,0
best_global_after_qualifier_exclusion,20060404,0,125779,125779,0,0,0
best_global_after_qualifier_exclusion,20060405,0,125771,125771,0,0,0
best_global_after_qualifier_exclusion,20060406,0,125761,125761,0,0,0
best_global_after_qualifier_exclusion,20060407,0,125719,125719,0,0,0
best_global_after_qualifier_exclusion,20060410,0,125683,125683,0,0,0
best_global_after_qualifier_exclusion,20060411,0,125620,125620,0,0,0
best_global_after_qualifier_exclusion,20060414,0,125609,125609,0,0,0
best_global_after_qualifier_exclusion,20060418,0,125599,125599,0,0,0
best_global_after_qualifier_exclusion,20060419,0,125580,125580,0,0,0
best_global_after_qualifier_exclusion,20060421,0,125568,125568,0,0,0
best_global_after_qualifier_exclusion,20060424,0,125497,125497,0,0,0
best_global_after_qualifier_exclusion,20060425,0,125451,125451,0,0,0
best_global_after_qualifier_exclusion,20060426,0,125423,125423,0,0,0
best_global_after_qualifier_exclusion,20060428,0,125302,125302,0,0,0
best_global_after_qualifier_exclusion,20060503,0,125299,125299,0,0,0
best_global_after_qualifier_exclusion,20060504,0,125299,125299,0,0,0
best_global_after_qualifier_exclusion,20060505,0,125291,125291,0,0,0
best_global_after_qualifier_exclusion,20060508,0,125170,125170,0,0,0
best_global_after_qualifier_exclusion,20060509,0,125164,125164,0,0,0
best_global_after_qualifier_exclusion,20060512,0,125162,125162,0,0,0
best_global_after_qualifier_exclusion,20060516,0,125148,125148,0,0,0
best_global_after_qualifier_exclusion,20060517,0,125132,125132,0,0,0
best_global_after_qualifier_exclusion,20060522,0,125120,125120,0,0,0
best_global_after_qualifier_exclusion,20060523,0,125094,125094,0,0,0
best_global_after_qualifier_exclusion,20060524,0,125032,125032,0,0,0
best_global_after_qualifier_exclusion,20060525,0,124881,124881,0,0,0
best_global_after_qualifier_exclusion,20060526,0,124853,124853,0,0,0
best_global_after_qualifier_exclusion,20060530,0,124842,124842,0,0,0
best_global_after_qualifier_exclusion,20060531,0,124828,124828,0,0,0
best_global_after_qualifier_exclusion,20060601,0,124814,124814,0,0,0
best_global_after_qualifier_exclusion,20060602,0,124775,124775,0,0,0
best_global_after_qualifier_exclusion,20060605,0,124743,124743,0,0,0
best_global_after_qualifier_exclusion,20060607,0,124739,124739,0,0,0
best_global_after_qualifier_exclusion,20060608,0,124693,124693,0,0,0
best_global_after_qualifier_exclusion,20060612,0,124672,124672,0,0,0
best_global_after_qualifier_exclusion,20060616,0,124512,124512,0,0,0
best_global_after_qualifier_exclusion,20060619,0,124463,124463,0,0,0
best_global_after_qualifier_exclusion,20060628,0,124334,124334,0,0,0
best_global_after_qualifier_exclusion,20060630,0,124324,124324,0,0,0
best_global_after_qualifier_exclusion,20060705,0,124279,124279,0,0,0
best_global_after_qualifier_exclusion,20060706,0,124270,124270,0,0,0
best_global_after_qualifier_exclusion,20060707,0,124196,124196,0,0,0
best_global_after_qualifier_exclusion,20060711,0,124136,124136,0,0,0
best_global_after_qualifier_exclusion,20060712,0,124105,124105,0,0,0
best_global_after_qualifier_exclusion,20060713,0,124041,124041,0,0,0
best_global_after_qualifier_exclusion,20060714,0,124032,124032,0,0,0
best_global_after_qualifier_exclusion,20060717,0,123980,123980,0,0,0
best_global_after_qualifier_exclusion,20060719,0,123943,123943,0,0,0
best_global_after_qualifier_exclusion,20060720,0,123926,123926,0,0,0
best_global_after_qualifier_exclusion,20060721,0,123910,123910,0,0,0
best_global_after_qualifier_exclusion,20060724,0,123862,123862,0,0,0
best_global_after_qualifier_exclusion,20060725,0,123849,123849,0,0,0
best_global_after_qualifier_exclusion,20060726,0,123762,123762,0,0,0
best_global_after_qualifier_exclusion,20060727,0,123727,123727,0,0,0
best_global_after_qualifier_exclusion,20060728,0,123672,123672,0,0,0
best_global_after_qualifier_exclusion,20060731,0,123661,123661,0,0,0
best_global_after_qualifier_exclusion,20060802,0,123637,123637,0,0,0
best_global_after_qualifier_exclusion,20060803,0,123623,123623,0,0,0
best_global_after_qualifier_exclusion,20060804,0,123623,123623,0,0,0
best_global_after_qualifier_exclusion,20060808,0,123622,123622,0,0,0
best_global_after_qualifier_exclusion,20060809,0,123523,123523,0,0,0
best_global_after_qualifier_exclusion,20060810,0,123499,123499,0,0,0
best_global_after_qualifier_exclusion,20060811,0,123469,123469,0,0,0
best_global_after_qualifier_exclusion,20060814,0,123438,123438,0,0,0
best_global_after_qualifier_exclusion,20060815,0,123426,123426,0,0,0
best_global_after_qualifier_exclusion,20060816,0,123425,123425,0,0,0
best_global_after_qualifier_exclusion,20060817,0,123415,123415,0,0,0
best_global_after_qualifier_exclusion,20060818,0,123353,123353,0,0,0
best_global_after_qualifier_exclusion,20060821,0,123252,123252,0,0,0
best_global_after_qualifier_exclusion,20060822,0,123177,123177,0,0,0
best_global_after_qualifier_exclusion,20060823,0,123138,123138,0,0,0
best_global_after_qualifier_exclusion,20060824,0,123120,123120,0,0,0
best_global_after_qualifier_exclusion,20060825,0,123120,123120,0,0,0
best_global_after_qualifier_exclusion,20060829,0,123117,123117,0,0,0
best_global_after_qualifier_exclusion,20060830,0,123110,123110,0,0,0
best_global_after_qualifier_exclusion,20060831,0,123067,123067,0,0,0
best_global_after_qualifier_exclusion,20060901,0,123033,123033,0,0,0
best_global_after_qualifier_exclusion,20060904,0,122987,122987,0,0,0
best_global_after_qualifier_exclusion,20060905,0,122961,122961,0,0,0
best_global_after_qualifier_exclusion,20060906,0,122886,122886,0,0,0
best_global_after_qualifier_exclusion,20060907,0,122880,122880,0,0,0
best_global_after_qualifier_exclusion,20060911,0,122856,122856,0,0,0
best_global_after_qualifier_exclusion,20060912,0,122813,122813,0,0,0
best_global_after_qualifier_exclusion,20060913,0,122794,122794,0,0,0
best_global_after_qualifier_exclusion,20060914,0,122780,122780,0,0,0
best_global_after_qualifier_exclusion,20060915,0,122751,122751,0,0,0
best_global_after_qualifier_exclusion,20060918,0,122723,122723,0,0,0
best_global_after_qualifier_exclusion,20060919,0,122663,122663,0,0,0
best_global_after_qualifier_exclusion,20060920,0,122625,122625,0,0,0
best_global_after_qualifier_exclusion,20060921,0,122601,122601,0,0,0
best_global_after_qualifier_exclusion,20060922,0,122594,122594,0,0,0
best_global_after_qualifier_exclusion,20060925,0,122590,122590,0,0,0
best_global_after_qualifier_exclusion,20060926,0,122560,122560,0,0,0
best_global_after_qualifier_exclusion,20060927,0,122558,122558,0,0,0
best_global_after_qualifier_exclusion,20060928,0,122539,122539,0,0,0
best_global_after_qualifier_exclusion,20060929,0,122504,122504,0,0,0
best_global_after_qualifier_exclusion,20061002,0,122435,122435,0,0,0
best_global_after_qualifier_exclusion,20061003,0,122402,122402,0,0,0
best_global_after_qualifier_exclusion,20061004,0,122361,122361,0,0,0
best_global_after_qualifier_exclusion,20061006,0,122218,122218,0,0,0
best_global_after_qualifier_exclusion,20061009,0,122188,122188,0,0,0
best_global_after_qualifier_exclusion,20061010,0,122111,122111,0,0,0
best_global_after_qualifier_exclusion,20061011,0,122074,122074,0,0,0
best_global_after_qualifier_exclusion,20061012,0,122022,122022,0,0,0
best_global_after_qualifier_exclusion,20061013,0,122003,122003,0,0,0
best_global_after_qualifier_exclusion,20061016,0,122003,122003,0,0,0
best_global_after_qualifier_exclusion,20061024,0,121769,121769,0,0,0
best_global_after_qualifier_exclusion,20061025,0,121768,121768,0,0,0
best_global_after_qualifier_exclusion,20061026,0,121616,121616,0,0,0
best_global_after_qualifier_exclusion,20061027,0,121594,121594,0,0,0
best_global_after_qualifier_exclusion,20061030,0,121531,121531,0,0,0
best_global_after_qualifier_exclusion,20061031,0,121527,121527,0,0,0
best_global_after_qualifier_exclusion,20061102,0,121489,121489,0,0,0
best_global_after_qualifier_exclusion,20061103,0,121391,121391,0,0,0
best_global_after_qualifier_exclusion,20061106,0,121182,121182,0,0,0
best_global_after_qualifier_exclusion,20061107,0,121028,121028,0,0,0
best_global_after_qualifier_exclusion,20061108,0,120991,120991,0,0,0
best_global_after_qualifier_exclusion,20061109,0,120927,120927,0,0,0
best_global_after_qualifier_exclusion,20061110,0,120927,120927,0,0,0
best_global_after_qualifier_exclusion,20061113,0,120868,120868,0,0,0
best_global_after_qualifier_exclusion,20061114,0,120760,120760,0,0,0
best_global_after_qualifier_exclusion,20061115,0,120707,120707,0,0,0
best_global_after_qualifier_exclusion,20061116,0,120695,120695,0,0,0
best_global_after_qualifier_exclusion,20061117,0,120516,120516,0,0,0
best_global_after_qualifier_exclusion,20061120,0,120357,120357,0,0,0
best_global_after_qualifier_exclusion,20061121,0,120195,120195,0,0,0
best_global_after_qualifier_exclusion,20061122,0,120150,120150,0,0,0
best_global_after_qualifier_exclusion,20061123,0,120040,120040,0,0,0
best_global_after_qualifier_exclusion,20061124,0,119953,119953,0,0,0
best_global_after_qualifier_exclusion,20061127,0,119887,119887,0,0,0
best_global_after_qualifier_exclusion,20061129,0,119887,119887,0,0,0
best_global_after_qualifier_exclusion,20061130,0,119778,119778,0,0,0
best_global_after_qualifier_exclusion,20061201,0,119756,119756,0,0,0
best_global_after_qualifier_exclusion,20061204,0,119718,119718,0,0,0
best_global_after_qualifier_exclusion,20061205,0,119573,119573,0,0,0
best_global_after_qualifier_exclusion,20061206,0,119438,119438,0,0,0
best_global_after_qualifier_exclusion,20061208,0,119398,119398,0,0,0
best_global_after_qualifier_exclusion,20061211,0,119328,119328,0,0,0
best_global_after_qualifier_exclusion,20061212,0,119317,119317,0,0,0
best_global_after_qualifier_exclusion,20061213,0,119264,119264,0,0,0
best_global_after_qualifier_exclusion,20061214,0,119188,119188,0,0,0
best_global_after_qualifier_exclusion,20061215,0,119152,119152,0,0,0
best_global_after_qualifier_exclusion,20061218,0,119115,119115,0,0,0
best_global_after_qualifier_exclusion,20061219,0,119093,119093,0,0,0
best_global_after_qualifier_exclusion,20061220,0,119075,119075,0,0,0
best_global_after_qualifier_exclusion,20061221,0,119058,119058,0,0,0
best_global_after_qualifier_exclusion,20061222,0,119058,119058,0,0,0
best_global_after_qualifier_exclusion,20061227,0,119058,119058,0,0,0
best_global_after_qualifier_exclusion,20061230,0,119013,119013,0,0,0
best_global_after_qualifier_exclusion,20070102,0,118946,118946,0,0,0
best_global_after_qualifier_exclusion,20070103,0,118939,118939,0,0,0
best_global_after_qualifier_exclusion,20070104,0,118912,118912,0,0,0
best_global_after_qualifier_exclusion,20070105,0,118853,118853,0,0,0
best_global_after_qualifier_exclusion,20070108,0,118805,118805,0,0,0
best_global_after_qualifier_exclusion,20070110,0,118767,118767,0,0,0
best_global_after_qualifier_exclusion,20070112,0,118754,118754,0,0,0
best_global_after_qualifier_exclusion,20070115,0,118710,118710,0,0,0
best_global_after_qualifier_exclusion,20070116,0,118709,118709,0,0,0
best_global_after_qualifier_exclusion,20070117,0,118654,118654,0,0,0
best_global_after_qualifier_exclusion,20070118,0,118654,118654,0,0,0
best_global_after_qualifier_exclusion,20070119,0,118638,118638,0,0,0
best_global_after_qualifier_exclusion,20070122,0,118623,118623,0,0,0
best_global_after_qualifier_exclusion,20070123,0,118598,118598,0,0,0
best_global_after_qualifier_exclusion,20070124,0,118480,118480,0,0,0
best_global_after_qualifier_exclusion,20070125,0,118422,118422,0,0,0
best_global_after_qualifier_exclusion,20070126,0,118422,118422,0,0,0
best_global_after_qualifier_exclusion,20070129,0,118359,118359,0,0,0
best_global_after_qualifier_exclusion,20070130,0,118321,118321,0,0,0
best_global_after_qualifier_exclusion,20070131,0,118275,118275,0,0,0
best_global_after_qualifier_exclusion,20070201,0,118237,118237,0,0,0
best_global_after_qualifier_exclusion,20070202,0,118178,118178,0,0,0
best_global_after_qualifier_exclusion,20070205,0,118123,118123,0,0,0
best_global_after_qualifier_exclusion,20070206,0,118102,118102,0,0,0
best_global_after_qualifier_exclusion,20070207,0,118080,118080,0,0,0
best_global_after_qualifier_exclusion,20070209,0,118060,118060,0,0,0
best_global_after_qualifier_exclusion,20070212,0,118038,118038,0,0,0
best_global_after_qualifier_exclusion,20070216,0,118025,118025,0,0,0
best_global_after_qualifier_exclusion,20070219,0,117992,117992,0,0,0
best_global_after_qualifier_exclusion,20070220,0,117920,117920,0,0,0
best_global_after_qualifier_exclusion,20070221,0,117853,117853,0,0,0
best_global_after_qualifier_exclusion,20070222,0,117828,117828,0,0,0
best_global_after_qualifier_exclusion,20070223,0,117819,117819,0,0,0
best_global_after_qualifier_exclusion,20070226,0,117800,117800,0,0,0
best_global_after_qualifier_exclusion,20070301,0,117793,117793,0,0,0
best_global_after_qualifier_exclusion,20070302,0,117738,117738,0,0,0
best_global_after_qualifier_exclusion,20070305,0,117719,117719,0,0,0
best_global_after_qualifier_exclusion,20070306,0,117707,117707,0,0,0
best_global_after_qualifier_exclusion,20070307,0,117690,117690,0,0,0
best_global_after_qualifier_exclusion,20070309,0,117690,117690,0,0,0
best_global_after_qualifier_exclusion,20070312,0,117666,117666,0,0,0
best_global_after_qualifier_exclusion,20070313,0,117645,117645,0,0,0
best_global_after_qualifier_exclusion,20070314,0,117645,117645,0,0,0
best_global_after_qualifier_exclusion,20070315,0,117641,117641,0,0,0
best_global_after_qualifier_exclusion,20070316,0,117601,117601,0,0,0
best_global_after_qualifier_exclusion,20070319,0,117538,117538,0,0,0
best_global_after_qualifier_exclusion,20070320,0,117537,117537,0,0,0
best_global_after_qualifier_exclusion,20070321,0,117488,117488,0,0,0
best_global_after_qualifier_exclusion,20070322,0,117432,117432,0,0,0
best_global_after_qualifier_exclusion,20070323,0,117431,117431,0,0,0
best_global_after_qualifier_exclusion,20070326,0,117408,117408,0,0,0
best_global_after_qualifier_exclusion,20070327,0,117407,117407,0,0,0
best_global_after_qualifier_exclusion,20070328,0,117347,117347,0,0,0
best_global_after_qualifier_exclusion,20070329,0,117325,117325,0,0,0
best_global_after_qualifier_exclusion,20070330,0,117307,117307,0,0,0
best_global_after_qualifier_exclusion,20070402,0,117277,117277,0,0,0
best_global_after_qualifier_exclusion,20070403,0,117229,117229,0,0,0
best_global_after_qualifier_exclusion,20070404,0,117133,117133,0,0,0
best_global_after_qualifier_exclusion,20070405,0,117081,117081,0,0,0
best_global_after_qualifier_exclusion,20070406,0,117071,117071,0,0,0
best_global_after_qualifier_exclusion,20070409,0,117060,117060,0,0,0
best_global_after_qualifier_exclusion,20070410,0,117024,117024,0,0,0
best_global_after_qualifier_exclusion,20070411,0,116990,116990,0,0,0
best_global_after_qualifier_exclusion,20070412,0,116971,116971,0,0,0
best_global_after_qualifier_exclusion,20070413,0,116962,116962,0,0,0
best_global_after_qualifier_exclusion,20070416,0,116951,116951,0,0,0
best_global_after_qualifier_exclusion,20070417,0,116918,116918,0,0,0
best_global_after_qualifier_exclusion,20070418,0,116825,116825,0,0,0
best_global_after_qualifier_exclusion,20070419,0,116818,116818,0,0,0
best_global_after_qualifier_exclusion,20070420,0,116763,116763,0,0,0
best_global_after_qualifier_exclusion,20070423,0,116757,116757,0,0,0
best_global_after_qualifier_exclusion,20070424,0,116751,116751,0,0,0
best_global_after_qualifier_exclusion,20070425,0,116747,116747,0,0,0
best_global_after_qualifier_exclusion,20070426,0,116656,116656,0,0,0
best_global_after_qualifier_exclusion,20070427,0,116641,116641,0,0,0
best_global_after_qualifier_exclusion,20070430,0,116634,116634,0,0,0
best_global_after_qualifier_exclusion,20070502,0,116634,116634,0,0,0
best_global_after_qualifier_exclusion,20070503,0,116634,116634,0,0,0
best_global_after_qualifier_exclusion,20070504,0,116608,116608,0,0,0
best_global_after_qualifier_exclusion,20070507,0,116598,116598,0,0,0
best_global_after_qualifier_exclusion,20070508,0,116582,116582,0,0,0
best_global_after_qualifier_exclusion,20070509,0,116530,116530,0,0,0
best_global_after_qualifier_exclusion,20070511,0,116528,116528,0,0,0
best_global_after_qualifier_exclusion,20070514,0,116521,116521,0,0,0
best_global_after_qualifier_exclusion,20070516,0,116509,116509,0,0,0
best_global_after_qualifier_exclusion,20070517,0,116506,116506,0,0,0
best_global_after_qualifier_exclusion,20070521,0,116436,116436,0,0,0
best_global_after_qualifier_exclusion,20070522,0,116412,116412,0,0,0
best_global_after_qualifier_exclusion,20070523,0,116316,116316,0,0,0
best_global_after_qualifier_exclusion,20070524,0,116294,116294,0,0,0
best_global_after_qualifier_exclusion,20070525,0,116281,116281,0,0,0
best_global_after_qualifier_exclusion,20070529,0,116274,116274,0,0,0
best_global_after_qualifier_exclusion,20070530,0,116271,116271,0,0,0
best_global_after_qualifier_exclusion,20070601,0,116236,116236,0,0,0
best_global_after_qualifier_exclusion,20070604,0,116158,116158,0,0,0
best_global_after_qualifier_exclusion,20070605,0,116100,116100,0,0,0
best_global_after_qualifier_exclusion,20070606,0,116023,116023,0,0,0
best_global_after_qualifier_exclusion,20070608,0,115939,115939,0,0,0
best_global_after_qualifier_exclusion,20070611,0,115914,115914,0,0,0
best_global_after_qualifier_exclusion,20070614,0,115911,115911,0,0,0
best_global_after_qualifier_exclusion,20070620,0,115865,115865,0,0,0
best_global_after_qualifier_exclusion,20070621,0,115839,115839,0,0,0
best_global_after_qualifier_exclusion,20070622,0,115837,115837,0,0,0
best_global_after_qualifier_exclusion,20070623,0,115829,115829,0,0,0
best_global_after_qualifier_exclusion,20070626,0,115823,115823,0,0,0
best_global_after_qualifier_exclusion,20070627,0,115774,115774,0,0,0
best_global_after_qualifier_exclusion,20070628,0,115766,115766,0,0,0
best_global_after_qualifier_exclusion,20070703,0,115715,115715,0,0,0
best_global_after_qualifier_exclusion,20070704,0,115669,115669,0,0,0
best_global_after_qualifier_exclusion,20070709,0,115667,115667,0,0,0
best_global_after_qualifier_exclusion,20070711,0,115633,115633,0,0,0
best_global_after_qualifier_exclusion,20070712,0,115597,115597,0,0,0
best_global_after_qualifier_exclusion,20070713,0,115575,115575,0,0,0
best_global_after_qualifier_exclusion,20070716,0,115549,115549,0,0,0
best_global_after_qualifier_exclusion,20070717,0,115541,115541,0,0,0
best_global_after_qualifier_exclusion,20070718,0,115541,115541,0,0,0
best_global_after_qualifier_exclusion,20070719,0,115503,115503,0,0,0
best_global_after_qualifier_exclusion,20070720,0,115481,115481,0,0,0
best_global_after_qualifier_exclusion,20070723,0,115471,115471,0,0,0
best_global_after_qualifier_exclusion,20070727,0,115431,115431,0,0,0
best_global_after_qualifier_exclusion,20070801,0,115364,115364,0,0,0
best_global_after_qualifier_exclusion,20070802,0,115339,115339,0,0,0
best_global_after_qualifier_exclusion,20070803,0,115306,115306,0,0,0
best_global_after_qualifier_exclusion,20070806,0,115282,115282,0,0,0
best_global_after_qualifier_exclusion,20070807,0,115193,115193,0,0,0
best_global_after_qualifier_exclusion,20070808,0,115141,115141,0,0,0
best_global_after_qualifier_exclusion,20070809,0,115110,115110,0,0,0
best_global_after_qualifier_exclusion,20070810,0,115094,115094,0,0,0
best_global_after_qualifier_exclusion,20070811,0,115030,115030,0,0,0
best_global_after_qualifier_exclusion,20070812,0,115022,115022,0,0,0
best_global_after_qualifier_exclusion,20070813,0,114964,114964,0,0,0
best_global_after_qualifier_exclusion,20070814,0,114900,114900,0,0,0
best_global_after_qualifier_exclusion,20070815,0,114896,114896,0,0,0
best_global_after_qualifier_exclusion,20070820,0,114891,114891,0,0,0
best_global_after_qualifier_exclusion,20070821,0,114889,114889,0,0,0
best_global_after_qualifier_exclusion,20070822,0,114884,114884,0,0,0
best_global_after_qualifier_exclusion,20070823,0,114863,114863,0,0,0
best_global_after_qualifier_exclusion,20070824,0,114764,114764,0,0,0
best_global_after_qualifier_exclusion,20070829,0,114726,114726,0,0,0
best_global_after_qualifier_exclusion,20070905,0,114709,114709,0,0,0
best_global_after_qualifier_exclusion,20070906,0,114663,114663,0,0,0
best_global_after_qualifier_exclusion,20070910,0,114650,114650,0,0,0
best_global_after_qualifier_exclusion,20070911,0,114584,114584,0,0,0
best_global_after_qualifier_exclusion,20070912,0,114528,114528,0,0,0
best_global_after_qualifier_exclusion,20070913,0,114492,114492,0,0,0
best_global_after_qualifier_exclusion,20070914,0,114346,114346,0,0,0
best_global_after_qualifier_exclusion,20070917,0,114314,114314,0,0,0
best_global_after_qualifier_exclusion,20070918,0,114296,114296,0,0,0
best_global_after_qualifier_exclusion,20070919,0,114254,114254,0,0,0
best_global_after_qualifier_exclusion,20070920,0,114222,114222,0,0,0
best_global_after_qualifier_exclusion,20070921,0,114212,114212,0,0,0
best_global_after_qualifier_exclusion,20070924,0,114206,114206,0,0,0
best_global_after_qualifier_exclusion,20070927,0,114157,114157,0,0,0
best_global_after_qualifier_exclusion,20070928,0,114147,114147,0,0,0
best_global_after_qualifier_exclusion,20071001,0,114070,114070,0,0,0
best_global_after_qualifier_exclusion,20071002,0,114030,114030,0,0,0
best_global_after_qualifier_exclusion,20071003,0,113993,113993,0,0,0
best_global_after_qualifier_exclusion,20071005,0,113972,113972,0,0,0
best_global_after_qualifier_exclusion,20071011,0,113920,113920,0,0,0
best_global_after_qualifier_exclusion,20071012,0,113887,113887,0,0,0
best_global_after_qualifier_exclusion,20071015,0,113872,113872,0,0,0
best_global_after_qualifier_exclusion,20071016,0,113797,113797,0,0,0
best_global_after_qualifier_exclusion,20071017,0,113711,113711,0,0,0
best_global_after_qualifier_exclusion,20071018,0,113460,113460,0,0,0
best_global_after_qualifier_exclusion,20071019,0,113455,113455,0,0,0
best_global_after_qualifier_exclusion,20071022,0,113389,113389,0,0,0
best_global_after_qualifier_exclusion,20071023,0,113256,113256,0,0,0
best_global_after_qualifier_exclusion,20071024,0,113240,113240,0,0,0
best_global_after_qualifier_exclusion,20071025,0,113217,113217,0,0,0
best_global_after_qualifier_exclusion,20071026,0,113151,113151,0,0,0
best_global_after_qualifier_exclusion,20071029,0,113151,113151,0,0,0
best_global_after_qualifier_exclusion,20071030,0,113137,113137,0,0,0
best_global_after_qualifier_exclusion,20071031,0,113119,113119,0,0,0
best_global_after_qualifier_exclusion,20071102,0,113119,113119,0,0,0
best_global_after_qualifier_exclusion,20071108,0,113072,113072,0,0,0
best_global_after_qualifier_exclusion,20071109,0,113062,113062,0,0,0
best_global_after_qualifier_exclusion,20071112,0,113040,113040,0,0,0
best_global_after_qualifier_exclusion,20071113,0,112990,112990,0,0,0
best_global_after_qualifier_exclusion,20071114,0,112666,112666,0,0,0
best_global_after_qualifier_exclusion,20071115,0,112647,112647,0,0,0
best_global_after_qualifier_exclusion,20071116,0,112625,112625,0,0,0
best_global_after_qualifier_exclusion,20071119,0,112590,112590,0,0,0
best_global_after_qualifier_exclusion,20071120,0,112516,112516,0,0,0
best_global_after_qualifier_exclusion,20071121,0,112471,112471,0,0,0
best_global_after_qualifier_exclusion,20071122,0,112312,112312,0,0,0
best_global_after_qualifier_exclusion,20071123,0,112251,112251,0,0,0
best_global_after_qualifier_exclusion,20071125,0,112248,112248,0,0,0
best_global_after_qualifier_exclusion,20071126,0,112041,112041,0,0,0
best_global_after_qualifier_exclusion,20071127,0,112022,112022,0,0,0
best_global_after_qualifier_exclusion,20071128,0,112016,112016,0,0,0
best_global_after_qualifier_exclusion,20071129,0,111979,111979,0,0,0
best_global_after_qualifier_exclusion,20071130,0,111955,111955,0,0,0
best_global_after_qualifier_exclusion,20071203,0,111946,111946,0,0,0
best_global_after_qualifier_exclusion,20071204,0,111931,111931,0,0,0
best_global_after_qualifier_exclusion,20071205,0,111892,111892,0,0,0
best_global_after_qualifier_exclusion,20071206,0,111882,111882,0,0,0
best_global_after_qualifier_exclusion,20071207,0,111869,111869,0,0,0
best_global_after_qualifier_exclusion,20071210,0,111793,111793,0,0,0
best_global_after_qualifier_exclusion,20071212,0,111750,111750,0,0,0
best_global_after_qualifier_exclusion,20071213,0,111712,111712,0,0,0
best_global_after_qualifier_exclusion,20071214,0,111711,111711,0,0,0
best_global_after_qualifier_exclusion,20071217,0,111694,111694,0,0,0
best_global_after_qualifier_exclusion,20071219,0,111689,111689,0,0,0
best_global_after_qualifier_exclusion,20071220,0,111639,111639,0,0,0
best_global_after_qualifier_exclusion,20071221,0,111544,111544,0,0,0
best_global_after_qualifier_exclusion,20071224,0,111528,111528,0,0,0
best_global_after_qualifier_exclusion,20071226,0,111524,111524,0,0,0
best_global_after_qualifier_exclusion,20071228,0,111504,111504,0,0,0
best_global_after_qualifier_exclusion,20080102,0,111470,111470,0,0,0
best_global_after_qualifier_exclusion,20080103,0,111426,111426,0,0,0
best_global_after_qualifier_exclusion,20080104,0,111376,111376,0,0,0
best_global_after_qualifier_exclusion,20080107,0,111292,111292,0,0,0
best_global_after_qualifier_exclusion,20080109,0,111283,111283,0,0,0
best_global_after_qualifier_exclusion,20080110,0,111269,111269,0,0,0
best_global_after_qualifier_exclusion,20080111,0,111162,111162,0,0,0
best_global_after_qualifier_exclusion,20080112,0,111158,111158,0,0,0
best_global_after_qualifier_exclusion,20080114,0,111158,111158,0,0,0
best_global_after_qualifier_exclusion,20080116,0,111158,111158,0,0,0
best_global_after_qualifier_exclusion,20080118,0,111034,111034,0,0,0
best_global_after_qualifier_exclusion,20080121,0,110908,110908,0,0,0
best_global_after_qualifier_exclusion,20080122,0,110887,110887,0,0,0
best_global_after_qualifier_exclusion,20080123,0,110831,110831,0,0,0
best_global_after_qualifier_exclusion,20080124,0,110753,110753,0,0,0
best_global_after_qualifier_exclusion,20080125,0,110747,110747,0,0,0
best_global_after_qualifier_exclusion,20080128,0,110691,110691,0,0,0
best_global_after_qualifier_exclusion,20080129,0,110660,110660,0,0,0
best_global_after_qualifier_exclusion,20080130,0,110541,110541,0,0,0
best_global_after_qualifier_exclusion,20080131,0,110456,110456,0,0,0
best_global_after_qualifier_exclusion,20080201,0,110412,110412,0,0,0
best_global_after_qualifier_exclusion,20080204,0,110359,110359,0,0,0
best_global_after_qualifier_exclusion,20080205,0,109916,109916,0,0,0
best_global_after_qualifier_exclusion,20080206,0,109835,109835,0,0,0
best_global_after_qualifier_exclusion,20080207,0,109819,109819,0,0,0
best_global_after_qualifier_exclusion,20080208,0,109815,109815,0,0,0
best_global_after_qualifier_exclusion,20080211,0,109790,109790,0,0,0
best_global_after_qualifier_exclusion,20080212,0,109739,109739,0,0,0
best_global_after_qualifier_exclusion,20080213,0,109716,109716,0,0,0
best_global_after_qualifier_exclusion,20080214,0,109643,109643,0,0,0
best_global_after_qualifier_exclusion,20080215,0,109514,109514,0,0,0
best_global_after_qualifier_exclusion,20080219,0,109450,109450,0,0,0
best_global_after_qualifier_exclusion,20080220,0,109436,109436,0,0,0
best_global_after_qualifier_exclusion,20080221,0,109389,109389,0,0,0
best_global_after_qualifier_exclusion,20080225,0,109361,109361,0,0,0
best_global_after_qualifier_exclusion,20080226,0,109331,109331,0,0,0
best_global_after_qualifier_exclusion,20080227,0,109305,109305,0,0,0
best_global_after_qualifier_exclusion,20080228,0,109253,109253,0,0,0
best_global_after_qualifier_exclusion,20080302,0,109218,109218,0,0,0
best_global_after_qualifier_exclusion,20080303,0,109185,109185,0,0,0
best_global_after_qualifier_exclusion,20080304,0,109180,109180,0,0,0
best_global_after_qualifier_exclusion,20080305,0,109161,109161,0,0,0
best_global_after_qualifier_exclusion,20080306,0,109006,109006,0,0,0
best_global_after_qualifier_exclusion,20080307,0,108960,108960,0,0,0
best_global_after_qualifier_exclusion,20080310,0,108816,108816,0,0,0
best_global_after_qualifier_exclusion,20080311,0,108773,108773,0,0,0
best_global_after_qualifier_exclusion,20080312,0,108620,108620,0,0,0
best_global_after_qualifier_exclusion,20080313,0,108588,108588,0,0,0
best_global_after_qualifier_exclusion,20080314,0,108452,108452,0,0,0
best_global_after_qualifier_exclusion,20080317,0,108449,108449,0,0,0
best_global_after_qualifier_exclusion,20080319,0,108429,108429,0,0,0
best_global_after_qualifier_exclusion,20080325,0,108389,108389,0,0,0
best_global_after_qualifier_exclusion,20080326,0,108378,108378,0,0,0
best_global_after_qualifier_exclusion,20080327,0,108375,108375,0,0,0
best_global_after_qualifier_exclusion,20080328,0,108343,108343,0,0,0
best_global_after_qualifier_exclusion,20080331,0,108284,108284,0,0,0
best_global_after_qualifier_exclusion,20080401,0,108274,108274,0,0,0
best_global_after_qualifier_exclusion,20080402,0,108210,108210,0,0,0
best_global_after_qualifier_exclusion,20080403,0,108135,108135,0,0,0
best_global_after_qualifier_exclusion,20080407,0,108060,108060,0,0,0
best_global_after_qualifier_exclusion,20080409,0,108051,108051,0,0,0
best_global_after_qualifier_exclusion,20080411,0,108037,108037,0,0,0
best_global_after_qualifier_exclusion,20080414,0,107932,107932,0,0,0
best_global_after_qualifier_exclusion,20080415,0,107794,107794,0,0,0
best_global_after_qualifier_exclusion,20080416,0,107794,107794,0,0,0
best_global_after_qualifier_exclusion,20080417,0,107775,107775,0,0,0
best_global_after_qualifier_exclusion,20080418,0,107751,107751,0,0,0
best_global_after_qualifier_exclusion,20080421,0,107656,107656,0,0,0
best_global_after_qualifier_exclusion,20080422,0,107642,107642,0,0,0
best_global_after_qualifier_exclusion,20080423,0,107603,107603,0,0,0
best_global_after_qualifier_exclusion,20080424,0,107584,107584,0,0,0
best_global_after_qualifier_exclusion,20080425,0,107487,107487,0,0,0
best_global_after_qualifier_exclusion,20080428,0,107431,107431,0,0,0
best_global_after_qualifier_exclusion,20080429,0,107357,107357,0,0,0
best_global_after_qualifier_exclusion,20080430,0,107274,107274,0,0,0
best_global_after_qualifier_exclusion,20080501,0,107265,107265,0,0,0
best_global_after_qualifier_exclusion,20080502,0,107201,107201,0,0,0
best_global_after_qualifier_exclusion,20080505,0,107196,107196,0,0,0
best_global_after_qualifier_exclusion,20080506,0,107176,107176,0,0,0
best_global_after_qualifier_exclusion,20080507,0,107150,107150,0,0,0
best_global_after_qualifier_exclusion,20080508,0,107124,107124,0,0,0
best_global_after_qualifier_exclusion,20080509,0,107059,107059,0,0,0
best_global_after_qualifier_exclusion,20080512,0,106988,106988,0,0,0
best_global_after_qualifier_exclusion,20080514,0,106950,106950,0,0,0
best_global_after_qualifier_exclusion,20080515,0,106946,106946,0,0,0
best_global_after_qualifier_exclusion,20080516,0,106885,106885,0,0,0
best_global_after_qualifier_exclusion,20080517,0,106869,106869,0,0,0
best_global_after_qualifier_exclusion,20080519,0,106839,106839,0,0,0
best_global_after_qualifier_exclusion,20080520,0,106797,106797,0,0,0
best_global_after_qualifier_exclusion,20080521,0,106761,106761,0,0,0
best_global_after_qualifier_exclusion,20080522,0,106716,106716,0,0,0
best_global_after_qualifier_exclusion,20080523,0,106686,106686,0,0,0
best_global_after_qualifier_exclusion,20080527,0,106669,106669,0,0,0
best_global_after_qualifier_exclusion,20080528,0,106589,106589,0,0,0
best_global_after_qualifier_exclusion,20080529,0,106544,106544,0,0,0
best_global_after_qualifier_exclusion,20080530,0,106380,106380,0,0,0
best_global_after_qualifier_exclusion,20080531,0,106380,106380,0,0,0
best_global_after_qualifier_exclusion,20080602,0,106372,106372,0,0,0
best_global_after_qualifier_exclusion,20080603,0,106371,106371,0,0,0
best_global_after_qualifier_exclusion,20080604,0,106259,106259,0,0,0
best_global_after_qualifier_exclusion,20080605,0,106161,106161,0,0,0
best_global_after_qualifier_exclusion,20080606,0,106034,106034,0,0,0
best_global_after_qualifier_exclusion,20080609,0,105949,105949,0,0,0
best_global_after_qualifier_exclusion,20080610,0,105880,105880,0,0,0
best_global_after_qualifier_exclusion,20080611,0,105855,105855,0,0,0
best_global_after_qualifier_exclusion,20080612,0,105800,105800,0,0,0
best_global_after_qualifier_exclusion,20080613,0,105693,105693,0,0,0
best_global_after_qualifier_exclusion,20080616,0,105662,105662,0,0,0
best_global_after_qualifier_exclusion,20080617,0,105649,105649,0,0,0
best_global_after_qualifier_exclusion,20080618,0,105604,105604,0,0,0
best_global_after_qualifier_exclusion,20080620,0,105557,105557,0,0,0
best_global_after_qualifier_exclusion,20080623,0,105456,105456,0,0,0
best_global_after_qualifier_exclusion,20080624,0,105297,105297,0,0,0
best_global_after_qualifier_exclusion,20080625,0,105212,105212,0,0,0
best_global_after_qualifier_exclusion,20080626,0,105049,105049,0,0,0
best_global_after_qualifier_exclusion,20080627,0,105022,105022,0,0,0
best_global_after_qualifier_exclusion,20080702,0,105018,105018,0,0,0
best_global_after_qualifier_exclusion,20080703,0,105001,105001,0,0,0
best_global_after_qualifier_exclusion,20080704,0,105001,105001,0,0,0
best_global_after_qualifier_exclusion,20080707,0,104941,104941,0,0,0
best_global_after_qualifier_exclusion,20080708,0,104928,104928,0,0,0
best_global_after_qualifier_exclusion,20080711,0,104920,104920,0,0,0
best_global_after_qualifier_exclusion,20080714,0,104832,104832,0,0,0
best_global_after_qualifier_exclusion,20080715,0,104828,104828,0,0,0
best_global_after_qualifier_exclusion,20080716,0,104808,104808,0,0,0
best_global_after_qualifier_exclusion,20080718,0,104771,104771,0,0,0
best_global_after_qualifier_exclusion,20080719,0,104747,104747,0,0,0
best_global_after_qualifier_exclusion,20080721,0,104740,104740,0,0,0
best_global_after_qualifier_exclusion,20080722,0,104725,104725,0,0,0
best_global_after_qualifier_exclusion,20080723,0,104703,104703,0,0,0
best_global_after_qualifier_exclusion,20080724,0,104647,104647,0,0,0
best_global_after_qualifier_exclusion,20080725,0,104573,104573,0,0,0
best_global_after_qualifier_exclusion,20080728,0,104549,104549,0,0,0
best_global_after_qualifier_exclusion,20080729,0,104540,104540,0,0,0
best_global_after_qualifier_exclusion,20080730,0,104512,104512,0,0,0
best_global_after_qualifier_exclusion,20080731,0,104476,104476,0,0,0
best_global_after_qualifier_exclusion,20080801,0,104467,104467,0,0,0
best_global_after_qualifier_exclusion,20080803,0,104434,104434,0,0,0
best_global_after_qualifier_exclusion,20080804,0,104416,104416,0,0,0
best_global_after_qualifier_exclusion,20080808,0,104358,104358,0,0,0
best_global_after_qualifier_exclusion,20080810,0,104284,104284,0,0,0
best_global_after_qualifier_exclusion,20080811,0,104242,104242,0,0,0
best_global_after_qualifier_exclusion,20080812,0,104213,104213,0,0,0
best_global_after_qualifier_exclusion,20080815,0,104152,104152,0,0,0
best_global_after_qualifier_exclusion,20080816,0,104146,104146,0,0,0
best_global_after_qualifier_exclusion,20080818,0,103986,103986,0,0,0
best_global_after_qualifier_exclusion,20080820,0,103859,103859,0,0,0
best_global_after_qualifier_exclusion,20080821,0,103846,103846,0,0,0
best_global_after_qualifier_exclusion,20080822,0,103774,103774,0,0,0
best_global_after_qualifier_exclusion,20080826,0,103766,103766,0,0,0
best_global_after_qualifier_exclusion,20080827,0,103737,103737,0,0,0
best_global_after_qualifier_exclusion,20080828,0,103737,103737,0,0,0
best_global_after_qualifier_exclusion,20080829,0,103658,103658,0,0,0
best_global_after_qualifier_exclusion,20080831,0,103649,103649,0,0,0
best_global_after_qualifier_exclusion,20080901,0,103643,103643,0,0,0
best_global_after_qualifier_exclusion,20080902,0,103501,103501,0,0,0
best_global_after_qualifier_exclusion,20080903,0,103350,103350,0,0,0
best_global_after_qualifier_exclusion,20080904,0,103318,103318,0,0,0
best_global_after_qualifier_exclusion,20080905,0,103302,103302,0,0,0
best_global_after_qualifier_exclusion,20080908,0,103247,103247,0,0,0
best_global_after_qualifier_exclusion,20080909,0,103150,103150,0,0,0
best_global_after_qualifier_exclusion,20080910,0,103117,103117,0,0,0
best_global_after_qualifier_exclusion,20080911,0,103054,103054,0,0,0
best_global_after_qualifier_exclusion,20080912,0,103027,103027,0,0,0
best_global_after_qualifier_exclusion,20080914,0,102988,102988,0,0,0
best_global_after_qualifier_exclusion,20080915,0,102853,102853,0,0,0
best_global_after_qualifier_exclusion,20080916,0,102810,102810,0,0,0
best_global_after_qualifier_exclusion,20080917,0,102760,102760,0,0,0
best_global_after_qualifier_exclusion,20080918,0,102753,102753,0,0,0
best_global_after_qualifier_exclusion,20080919,0,102565,102565,0,0,0
best_global_after_qualifier_exclusion,20080922,0,102530,102530,0,0,0
best_global_after_qualifier_exclusion,20080923,0,102507,102507,0,0,0
best_global_after_qualifier_exclusion,20080924,0,102459,102459,0,0,0
best_global_after_qualifier_exclusion,20080925,0,102442,102442,0,0,0
best_global_after_qualifier_exclusion,20080926,0,102253,102253,0,0,0
best_global_after_qualifier_exclusion,20080928,0,102122,102122,0,0,0
best_global_after_qualifier_exclusion,20080929,0,102076,102076,0,0,0
best_global_after_qualifier_exclusion,20081001,0,102059,102059,0,0,0
best_global_after_qualifier_exclusion,20081002,0,102052,102052,0,0,0
best_global_after_qualifier_exclusion,20081003,0,101937,101937,0,0,0
best_global_after_qualifier_exclusion,20081006,0,101907,101907,0,0,0
best_global_after_qualifier_exclusion,20081007,0,101827,101827,0,0,0
best_global_after_qualifier_exclusion,20081008,0,101792,101792,0,0,0
best_global_after_qualifier_exclusion,20081009,0,101792,101792,0,0,0
best_global_after_qualifier_exclusion,20081010,0,101765,101765,0,0,0
best_global_after_qualifier_exclusion,20081013,0,101704,101704,0,0,0
best_global_after_qualifier_exclusion,20081014,0,101702,101702,0,0,0
best_global_after_qualifier_exclusion,20081015,0,101624,101624,0,0,0
best_global_after_qualifier_exclusion,20081016,0,101585,101585,0,0,0
best_global_after_qualifier_exclusion,20081017,0,101533,101533,0,0,0
best_global_after_qualifier_exclusion,20081020,0,101486,101486,0,0,0
best_global_after_qualifier_exclusion,20081021,0,101437,101437,0,0,0
best_global_after_qualifier_exclusion,20081022,0,101420,101420,0,0,0
best_global_after_qualifier_exclusion,20081023,0,101419,101419,0,0,0
best_global_after_qualifier_exclusion,20081024,0,101300,101300,0,0,0
best_global_after_qualifier_exclusion,20081027,0,101293,101293,0,0,0
best_global_after_qualifier_exclusion,20081029,0,101240,101240,0,0,0
best_global_after_qualifier_exclusion,20081030,0,101232,101232,0,0,0
best_global_after_qualifier_exclusion,20081031,0,101185,101185,0,0,0
best_global_after_qualifier_exclusion,20081103,0,101140,101140,0,0,0
best_global_after_qualifier_exclusion,20081104,0,101106,101106,0,0,0
best_global_after_qualifier_exclusion,20081105,0,101063,101063,0,0,0
best_global_after_qualifier_exclusion,20081106,0,101028,101028,0,0,0
best_global_after_qualifier_exclusion,20081107,0,100920,100920,0,0,0
best_global_after_qualifier_exclusion,20081109,0,100920,100920,0,0,0
best_global_after_qualifier_exclusion,20081110,0,100860,100860,0,0,0
best_global_after_qualifier_exclusion,20081114,0,100827,100827,0,0,0
best_global_after_qualifier_exclusion,20081116,0,100826,100826,0,0,0
best_global_after_qualifier_exclusion,20081118,0,100790,100790,0,0,0
best_global_after_qualifier_exclusion,20081119,0,100725,100725,0,0,0
best_global_after_qualifier_exclusion,20081121,0,100595,100595,0,0,0
best_global_after_qualifier_exclusion,20081124,0,100550,100550,0,0,0
best_global_after_qualifier_exclusion,20081126,0,100531,100531,0,0,0
best_global_after_qualifier_exclusion,20081127,0,100505,100505,0,0,0
best_global_after_qualifier_exclusion,20081128,0,100459,100459,0,0,0
best_global_after_qualifier_exclusion,20081129,0,100352,100352,0,0,0
best_global_after_qualifier_exclusion,20081201,0,100336,100336,0,0,0
best_global_after_qualifier_exclusion,20081202,0,100310,100310,0,0,0
best_global_after_qualifier_exclusion,20081203,0,100177,100177,0,0,0
best_global_after_qualifier_exclusion,20081204,0,100149,100149,0,0,0
best_global_after_qualifier_exclusion,20081205,0,99955,99955,0,0,0
best_global_after_qualifier_exclusion,20081207,0,99896,99896,0,0,0
best_global_after_qualifier_exclusion,20081208,0,99818,99818,0,0,0
best_global_after_qualifier_exclusion,20081209,0,99777,99777,0,0,0
best_global_after_qualifier_exclusion,20081211,0,99766,99766,0,0,0
best_global_after_qualifier_exclusion,20081212,0,99704,99704,0,0,0
best_global_after_qualifier_exclusion,20081216,0,99661,99661,0,0,0
best_global_after_qualifier_exclusion,20081217,0,99564,99564,0,0,0
best_global_after_qualifier_exclusion,20081218,0,99508,99508,0,0,0
best_global_after_qualifier_exclusion,20081219,0,99448,99448,0,0,0
best_global_after_qualifier_exclusion,20090107,0,99443,99443,0,0,0
best_global_after_qualifier_exclusion,20090108,0,99384,99384,0,0,0
best_global_after_qualifier_exclusion,20090112,0,99353,99353,0,0,0
best_global_after_qualifier_exclusion,20090113,0,99348,99348,0,0,0
best_global_after_qualifier_exclusion,20090114,0,99251,99251,0,0,0
best_global_after_qualifier_exclusion,20090115,0,99061,99061,0,0,0
best_global_after_qualifier_exclusion,20090116,0,98966,98966,0,0,0
best_global_after_qualifier_exclusion,20090119,0,98952,98952,0,0,0
best_global_after_qualifier_exclusion,20090120,0,98864,98864,0,0,0
best_global_after_qualifier_exclusion,20090121,0,98808,98808,0,0,0
best_global_after_qualifier_exclusion,20090122,0,98721,98721,0,0,0
best_global_after_qualifier_exclusion,20090123,0,98664,98664,0,0,0
best_global_after_qualifier_exclusion,20090125,0,98664,98664,0,0,0
best_global_after_qualifier_exclusion,20090126,0,98584,98584,0,0,0
best_global_after_qualifier_exclusion,20090127,0,98522,98522,0,0,0
best_global_after_qualifier_exclusion,20090128,0,98512,98512,0,0,0
best_global_after_qualifier_exclusion,20090130,0,98460,98460,0,0,0
best_global_after_qualifier_exclusion,20090203,0,98416,98416,0,0,0
best_global_after_qualifier_exclusion,20090204,0,98316,98316,0,0,0
best_global_after_qualifier_exclusion,20090205,0,98165,98165,0,0,0
best_global_after_qualifier_exclusion,20090206,0,98068,98068,0,0,0
best_global_after_qualifier_exclusion,20090209,0,97966,97966,0,0,0
best_global_after_qualifier_exclusion,20090210,0,97949,97949,0,0,0
best_global_after_qualifier_exclusion,20090211,0,97890,97890,0,0,0
best_global_after_qualifier_exclusion,20090212,0,97866,97866,0,0,0
best_global_after_qualifier_exclusion,20090213,0,97811,97811,0,0,0
best_global_after_qualifier_exclusion,20090216,0,97735,97735,0,0,0
best_global_after_qualifier_exclusion,20090217,0,97707,97707,0,0,0
best_global_after_qualifier_exclusion,20090218,0,97519,97519,0,0,0
best_global_after_qualifier_exclusion,20090219,0,97427,97427,0,0,0
best_global_after_qualifier_exclusion,20090220,0,97348,97348,0,0,0
best_global_after_qualifier_exclusion,20090223,0,97348,97348,0,0,0
best_global_after_qualifier_exclusion,20090225,0,97245,97245,0,0,0
best_global_after_qualifier_exclusion,20090226,0,97216,97216,0,0,0
best_global_after_qualifier_exclusion,20090227,0,97170,97170,0,0,0
best_global_after_qualifier_exclusion,20090302,0,97101,97101,0,0,0
best_global_after_qualifier_exclusion,20090304,0,97026,97026,0,0,0
best_global_after_qualifier_exclusion,20090305,0,96971,96971,0,0,0
best_global_after_qualifier_exclusion,20090306,0,96751,96751,0,0,0
best_global_after_qualifier_exclusion,20090309,0,96631,96631,0,0,0
best_global_after_qualifier_exclusion,20090312,0,96466,96466,0,0,0
best_global_after_qualifier_exclusion,20090313,0,96441,96441,0,0,0
best_global_after_qualifier_exclusion,20090316,0,96213,96213,0,0,0
best_global_after_qualifier_exclusion,20090317,0,96206,96206,0,0,0
best_global_after_qualifier_exclusion,20090318,0,96175,96175,0,0,0
best_global_after_qualifier_exclusion,20090319,0,96139,96139,0,0,0
best_global_after_qualifier_exclusion,20090320,0,96131,96131,0,0,0
best_global_after_qualifier_exclusion,20090323,0,96101,96101,0,0,0
best_global_after_qualifier_exclusion,20090324,0,95811,95811,0,0,0
best_global_after_qualifier_exclusion,20090325,0,95757,95757,0,0,0
best_global_after_qualifier_exclusion,20090326,0,95632,95632,0,0,0
best_global_after_qualifier_exclusion,20090327,0,95632,95632,0,0,0
best_global_after_qualifier_exclusion,20090330,0,95419,95419,0,0,0
best_global_after_qualifier_exclusion,20090331,0,95406,95406,0,0,0
best_global_after_qualifier_exclusion,20090403,0,95386,95386,0,0,0
best_global_after_qualifier_exclusion,20090406,0,95348,95348,0,0,0
best_global_after_qualifier_exclusion,20090407,0,95340,95340,0,0,0
best_global_after_qualifier_exclusion,20090408,0,95284,95284,0,0,0
best_global_after_qualifier_exclusion,20090409,0,95276,95276,0,0,0
best_global_after_qualifier_exclusion,20090415,0,95184,95184,0,0,0
best_global_after_qualifier_exclusion,20090416,0,95127,95127,0,0,0
best_global_after_qualifier_exclusion,20090417,0,95074,95074,0,0,0
best_global_after_qualifier_exclusion,20090420,0,94942,94942,0,0,0
best_global_after_qualifier_exclusion,20090421,0,94728,94728,0,0,0
best_global_after_qualifier_exclusion,20090422,0,94512,94512,0,0,0
best_global_after_qualifier_exclusion,20090423,0,94512,94512,0,0,0
best_global_after_qualifier_exclusion,20090424,0,94371,94371,0,0,0
best_global_after_qualifier_exclusion,20090427,0,93941,93941,0,0,0
best_global_after_qualifier_exclusion,20090428,0,93866,93866,0,0,0
best_global_after_qualifier_exclusion,20090429,0,93687,93687,0,0,0
best_global_after_qualifier_exclusion,20090430,0,93500,93500,0,0,0
best_global_after_qualifier_exclusion,20090501,0,93479,93479,0,0,0
best_global_after_qualifier_exclusion,20090505,0,93320,93320,0,0,0
best_global_after_qualifier_exclusion,20090506,0,93319,93319,0,0,0
best_global_after_qualifier_exclusion,20090507,0,93281,93281,0,0,0
best_global_after_qualifier_exclusion,20090508,0,93176,93176,0,0,0
best_global_after_qualifier_exclusion,20090511,0,93062,93062,0,0,0
best_global_after_qualifier_exclusion,20090512,0,93061,93061,0,0,0
best_global_after_qualifier_exclusion,20090514,0,92901,92901,0,0,0
best_global_after_qualifier_exclusion,20090515,0,92878,92878,0,0,0
best_global_after_qualifier_exclusion,20090518,0,92822,92822,0,0,0
best_global_after_qualifier_exclusion,20090519,0,92722,92722,0,0,0
best_global_after_qualifier_exclusion,20090520,0,92651,92651,0,0,0
best_global_after_qualifier_exclusion,20090521,0,92622,92622,0,0,0
best_global_after_qualifier_exclusion,20090522,0,92610,92610,0,0,0
best_global_after_qualifier_exclusion,20090524,0,92580,92580,0,0,0
best_global_after_qualifier_exclusion,20090526,0,92578,92578,0,0,0
best_global_after_qualifier_exclusion,20090527,0,92554,92554,0,0,0
best_global_after_qualifier_exclusion,20090528,0,92328,92328,0,0,0
best_global_after_qualifier_exclusion,20090529,0,91777,91777,0,0,0
best_global_after_qualifier_exclusion,20090601,0,91769,91769,0,0,0
best_global_after_qualifier_exclusion,20090602,0,91757,91757,0,0,0
best_global_after_qualifier_exclusion,20090603,0,91687,91687,0,0,0
best_global_after_qualifier_exclusion,20090605,0,91583,91583,0,0,0
best_global_after_qualifier_exclusion,20090608,0,91531,91531,0,0,0
best_global_after_qualifier_exclusion,20090609,0,91490,91490,0,0,0
best_global_after_qualifier_exclusion,20090610,0,91479,91479,0,0,0
best_global_after_qualifier_exclusion,20090611,0,91394,91394,0,0,0
best_global_after_qualifier_exclusion,20090612,0,91369,91369,0,0,0
best_global_after_qualifier_exclusion,20090615,0,91336,91336,0,0,0
best_global_after_qualifier_exclusion,20090616,0,91125,91125,0,0,0
best_global_after_qualifier_exclusion,20090617,0,91031,91031,0,0,0
best_global_after_qualifier_exclusion,20090618,0,90958,90958,0,0,0
best_global_after_qualifier_exclusion,20090619,0,90870,90870,0,0,0
best_global_after_qualifier_exclusion,20090622,0,90858,90858,0,0,0
best_global_after_qualifier_exclusion,20090623,0,90853,90853,0,0,0
best_global_after_qualifier_exclusion,20090624,0,90809,90809,0,0,0
best_global_after_qualifier_exclusion,20090625,0,90715,90715,0,0,0
best_global_after_qualifier_exclusion,20090626,0,90429,90429,0,0,0
best_global_after_qualifier_exclusion,20090629,0,90290,90290,0,0,0
best_global_after_qualifier_exclusion,20090630,0,90249,90249,0,0,0
best_global_after_qualifier_exclusion,20090701,0,90241,90241,0,0,0
best_global_after_qualifier_exclusion,20090702,0,90197,90197,0,0,0
best_global_after_qualifier_exclusion,20090703,0,90136,90136,0,0,0
best_global_after_qualifier_exclusion,20090706,0,89951,89951,0,0,0
best_global_after_qualifier_exclusion,20090707,0,89886,89886,0,0,0
best_global_after_qualifier_exclusion,20090708,0,89866,89866,0,0,0
best_global_after_qualifier_exclusion,20090709,0,89680,89680,0,0,0
best_global_after_qualifier_exclusion,20090710,0,89466,89466,0,0,0
best_global_after_qualifier_exclusion,20090713,0,89283,89283,0,0,0
best_global_after_qualifier_exclusion,20090714,0,89207,89207,0,0,0
best_global_after_qualifier_exclusion,20090715,0,89132,89132,0,0,0
best_global_after_qualifier_exclusion,20090716,0,89091,89091,0,0,0
best_global_after_qualifier_exclusion,20090717,0,89024,89024,0,0,0
best_global_after_qualifier_exclusion,20090719,0,89009,89009,0,0,0
best_global_after_qualifier_exclusion,20090720,0,88769,88769,0,0,0
best_global_after_qualifier_exclusion,20090721,0,88698,88698,0,0,0
best_global_after_qualifier_exclusion,20090722,0,88689,88689,0,0,0
best_global_after_qualifier_exclusion,20090723,0,88614,88614,0,0,0
best_global_after_qualifier_exclusion,20090724,0,88556,88556,0,0,0
best_global_after_qualifier_exclusion,20090727,0,88472,88472,0,0,0
best_global_after_qualifier_exclusion,20090728,0,88472,88472,0,0,0
best_global_after_qualifier_exclusion,20090729,0,88445,88445,0,0,0
best_global_after_qualifier_exclusion,20090730,0,88396,88396,0,0,0
best_global_after_qualifier_exclusion,20090731,0,88218,88218,0,0,0
best_global_after_qualifier_exclusion,20090803,0,87963,87963,0,0,0
best_global_after_qualifier_exclusion,20090804,0,87871,87871,0,0,0
best_global_after_qualifier_exclusion,20090805,0,87749,87749,0,0,0
best_global_after_qualifier_exclusion,20090806,0,87723,87723,0,0,0
best_global_after_qualifier_exclusion,20090807,0,87516,87516,0,0,0
best_global_after_qualifier_exclusion,20090810,0,87444,87444,0,0,0
best_global_after_qualifier_exclusion,20090811,0,87358,87358,0,0,0
best_global_after_qualifier_exclusion,20090812,0,87341,87341,0,0,0
best_global_after_qualifier_exclusion,20090813,0,87319,87319,0,0,0
best_global_after_qualifier_exclusion,20090814,0,87176,87176,0,0,0
best_global_after_qualifier_exclusion,20090817,0,87091,87091,0,0,0
best_global_after_qualifier_exclusion,20090818,0,86827,86827,0,0,0
best_global_after_qualifier_exclusion,20090819,0,86684,86684,0,0,0
best_global_after_qualifier_exclusion,20090820,0,86542,86542,0,0,0
best_global_after_qualifier_exclusion,20090821,0,86483,86483,0,0,0
best_global_after_qualifier_exclusion,20090823,0,86468,86468,0,0,0
best_global_after_qualifier_exclusion,20090824,0,86339,86339,0,0,0
best_global_after_qualifier_exclusion,20090825,0,86226,86226,0,0,0
best_global_after_qualifier_exclusion,20090826,0,85907,85907,0,0,0
best_global_after_qualifier_exclusion,20090827,0,85811,85811,0,0,0
best_global_after_qualifier_exclusion,20090828,0,85737,85737,0,0,0
best_global_after_qualifier_exclusion,20090831,0,85737,85737,0,0,0
best_global_after_qualifier_exclusion,20090901,0,85613,85613,0,0,0
best_global_after_qualifier_exclusion,20090902,0,85524,85524,0,0,0
best_global_after_qualifier_exclusion,20090903,0,85426,85426,0,0,0
best_global_after_qualifier_exclusion,20090904,0,85393,85393,0,0,0
best_global_after_qualifier_exclusion,20090907,0,85297,85297,0,0,0
best_global_after_qualifier_exclusion,20090908,0,85278,85278,0,0,0
best_global_after_qualifier_exclusion,20090909,0,85211,85211,0,0,0
best_global_after_qualifier_exclusion,20090911,0,85130,85130,0,0,0
best_global_after_qualifier_exclusion,20090912,0,85130,85130,0,0,0
best_global_after_qualifier_exclusion,20090913,0,85078,85078,0,0,0
best_global_after_qualifier_exclusion,20090914,0,84988,84988,0,0,0
best_global_after_qualifier_exclusion,20090915,0,84920,84920,0,0,0
best_global_after_qualifier_exclusion,20090916,0,84920,84920,0,0,0
best_global_after_qualifier_exclusion,20090917,0,84875,84875,0,0,0
best_global_after_qualifier_exclusion,20090918,0,84875,84875,0,0,0
best_global_after_qualifier_exclusion,20090921,0,84733,84733,0,0,0
best_global_after_qualifier_exclusion,20090922,0,84662,84662,0,0,0
best_global_after_qualifier_exclusion,20090923,0,84656,84656,0,0,0
best_global_after_qualifier_exclusion,20090924,0,84617,84617,0,0,0
best_global_after_qualifier_exclusion,20090925,0,84596,84596,0,0,0
best_global_after_qualifier_exclusion,20090928,0,84581,84581,0,0,0
best_global_after_qualifier_exclusion,20090929,0,84550,84550,0,0,0
best_global_after_qualifier_exclusion,20090930,0,84518,84518,0,0,0
best_global_after_qualifier_exclusion,20091001,0,84512,84512,0,0,0
best_global_after_qualifier_exclusion,20091002,0,84404,84404,0,0,0
best_global_after_qualifier_exclusion,20091005,0,84325,84325,0,0,0
best_global_after_qualifier_exclusion,20091006,0,84293,84293,0,0,0
best_global_after_qualifier_exclusion,20091007,0,84243,84243,0,0,0
best_global_after_qualifier_exclusion,20091008,0,84235,84235,0,0,0
best_global_after_qualifier_exclusion,20091009,0,84192,84192,0,0,0
best_global_after_qualifier_exclusion,20091012,0,84174,84174,0,0,0
best_global_after_qualifier_exclusion,20091013,0,84128,84128,0,0,0
best_global_after_qualifier_exclusion,20091014,0,84063,84063,0,0,0
best_global_after_qualifier_exclusion,20091019,0,84024,84024,0,0,0
best_global_after_qualifier_exclusion,20091020,0,83998,83998,0,0,0
best_global_after_qualifier_exclusion,20091021,0,83890,83890,0,0,0
best_global_after_qualifier_exclusion,20091023,0,83878,83878,0,0,0
best_global_after_qualifier_exclusion,20091027,0,83638,83638,0,0,0
best_global_after_qualifier_exclusion,20091028,0,83636,83636,0,0,0
best_global_after_qualifier_exclusion,20091029,0,83505,83505,0,0,0
best_global_after_qualifier_exclusion,20091030,0,83371,83371,0,0,0
best_global_after_qualifier_exclusion,20091031,0,83369,83369,0,0,0
best_global_after_qualifier_exclusion,20091101,0,83369,83369,0,0,0
best_global_after_qualifier_exclusion,20091102,0,83215,83215,0,0,0
best_global_after_qualifier_exclusion,20091104,0,83169,83169,0,0,0
best_global_after_qualifier_exclusion,20091105,0,83165,83165,0,0,0
best_global_after_qualifier_exclusion,20091106,0,83120,83120,0,0,0
best_global_after_qualifier_exclusion,20091109,0,82907,82907,0,0,0
best_global_after_qualifier_exclusion,20091110,0,82672,82672,0,0,0
best_global_after_qualifier_exclusion,20091111,0,82626,82626,0,0,0
best_global_after_qualifier_exclusion,20091112,0,82496,82496,0,0,0
best_global_after_qualifier_exclusion,20091113,0,82436,82436,0,0,0
best_global_after_qualifier_exclusion,20091114,0,82432,82432,0,0,0
best_global_after_qualifier_exclusion,20091115,0,82366,82366,0,0,0
best_global_after_qualifier_exclusion,20091116,0,82230,82230,0,0,0
best_global_after_qualifier_exclusion,20091117,0,82120,82120,0,0,0
best_global_after_qualifier_exclusion,20091118,0,82079,82079,0,0,0
best_global_after_qualifier_exclusion,20091119,0,81924,81924,0,0,0
best_global_after_qualifier_exclusion,20091120,0,81874,81874,0,0,0
best_global_after_qualifier_exclusion,20091123,0,81801,81801,0,0,0
best_global_after_qualifier_exclusion,20091124,0,81720,81720,0,0,0
best_global_after_qualifier_exclusion,20091125,0,81667,81667,0,0,0
best_global_after_qualifier_exclusion,20091126,0,81563,81563,0,0,0
best_global_after_qualifier_exclusion,20091127,0,81440,81440,0,0,0
best_global_after_qualifier_exclusion,20091129,0,81427,81427,0,0,0
best_global_after_qualifier_exclusion,20091130,0,81342,81342,0,0,0
best_global_after_qualifier_exclusion,20091201,0,81252,81252,0,0,0
best_global_after_qualifier_exclusion,20091202,0,80868,80868,0,0,0
best_global_after_qualifier_exclusion,20091203,0,80735,80735,0,0,0
best_global_after_qualifier_exclusion,20091204,0,80610,80610,0,0,0
best_global_after_qualifier_exclusion,20091207,0,80562,80562,0,0,0
best_global_after_qualifier_exclusion,20091208,0,80550,80550,0,0,0
best_global_after_qualifier_exclusion,20091209,0,80475,80475,0,0,0
best_global_after_qualifier_exclusion,20091210,0,80376,80376,0,0,0
best_global_after_qualifier_exclusion,20091211,0,80307,80307,0,0,0
best_global_after_qualifier_exclusion,20091214,0,80264,80264,0,0,0
best_global_after_qualifier_exclusion,20091215,0,80162,80162,0,0,0
best_global_after_qualifier_exclusion,20091216,0,80021,80021,0,0,0
best_global_after_qualifier_exclusion,20091217,0,80021,80021,0,0,0
best_global_after_qualifier_exclusion,20091218,0,80010,80010,0,0,0
best_global_after_qualifier_exclusion,20091221,0,80003,80003,0,0,0
best_global_after_qualifier_exclusion,20091222,0,79983,79983,0,0,0
best_global_after_qualifier_exclusion,20091223,0,79947,79947,0,0,0
best_global_after_qualifier_exclusion,20100104,0,79916,79916,0,0,0
best_global_after_qualifier_exclusion,20100105,0,79904,79904,0,0,0
best_global_after_qualifier_exclusion,20100106,0,79885,79885,0,0,0
best_global_after_qualifier_exclusion,20100107,0,79799,79799,0,0,0
best_global_after_qualifier_exclusion,20100108,0,79661,79661,0,0,0
best_global_after_qualifier_exclusion,20100111,0,79557,79557,0,0,0
best_global_after_qualifier_exclusion,20100112,0,79539,79539,0,0,0
best_global_after_qualifier_exclusion,20100113,0,79430,79430,0,0,0
best_global_after_qualifier_exclusion,20100114,0,79362,79362,0,0,0
best_global_after_qualifier_exclusion,20100115,0,79268,79268,0,0,0
best_global_after_qualifier_exclusion,20100118,0,79100,79100,0,0,0
best_global_after_qualifier_exclusion,20100119,0,79100,79100,0,0,0
best_global_after_qualifier_exclusion,20100120,0,79010,79010,0,0,0
best_global_after_qualifier_exclusion,20100121,0,78917,78917,0,0,1
best_global_after_qualifier_exclusion,20100122,0,78903,78903,0,0,1
best_global_after_qualifier_exclusion,20100124,0,78901,78901,0,0,1
best_global_after_qualifier_exclusion,20100125,0,78894,78894,0,0,1
best_global_after_qualifier_exclusion,20100126,0,78835,78835,0,0,1
best_global_after_qualifier_exclusion,20100127,0,78571,78571,0,0,1
best_global_after_qualifier_exclusion,20100128,0,78527,78527,0,0,1
best_global_after_qualifier_exclusion,20100129,0,78474,78474,0,0,1
best_global_after_qualifier_exclusion,20100130,0,78404,78404,0,0,1
best_global_after_qualifier_exclusion,20100201,0,78306,78306,0,0,1
best_global_after_qualifier_exclusion,20100202,0,78176,78176,0,0,1
best_global_after_qualifier_exclusion,20100203,0,77957,77957,0,0,1
best_global_after_qualifier_exclusion,20100204,0,77871,77871,0,0,1
best_global_after_qualifier_exclusion,20100205,0,77587,77587,0,0,1
best_global_after_qualifier_exclusion,20100208,0,77444,77444,0,0,1
best_global_after_qualifier_exclusion,20100209,0,77399,77399,0,0,1
best_global_after_qualifier_exclusion,20100210,0,77337,77337,0,0,2
best_global_after_qualifier_exclusion,20100211,0,77286,77286,0,0,2
best_global_after_qualifier_exclusion,20100212,0,77277,77277,0,0,2
best_global_after_qualifier_exclusion,20100215,0,77186,77186,0,0,2
best_global_after_qualifier_exclusion,20100216,0,77152,77152,0,0,2
best_global_after_qualifier_exclusion,20100217,0,77139,77139,0,0,2
best_global_after_qualifier_exclusion,20100218,0,77085,77085,0,0,2
best_global_after_qualifier_exclusion,20100219,0,76988,76988,0,0,2
best_global_after_qualifier_exclusion,20100222,0,76905,76905,0,0,2
best_global_after_qualifier_exclusion,20100223,0,76871,76871,0,0,2
best_global_after_qualifier_exclusion,20100224,0,76766,76766,0,0,2
best_global_after_qualifier_exclusion,20100225,0,76736,76736,0,0,2
best_global_after_qualifier_exclusion,20100226,0,76644,76644,0,0,2
best_global_after_qualifier_exclusion,20100301,0,76622,76622,0,0,2
best_global_after_qualifier_exclusion,20100302,0,76551,76551,0,0,2
best_global_after_qualifier_exclusion,20100303,0,76511,76511,0,0,2
best_global_after_qualifier_exclusion,20100304,0,76456,76456,0,0,2
best_global_after_qualifier_exclusion,20100305,0,76428,76428,0,0,2
best_global_after_qualifier_exclusion,20100308,0,76392,76392,0,0,2
best_global_after_qualifier_exclusion,20100309,0,76390,76390,0,0,2
best_global_after_qualifier_exclusion,20100310,0,76347,76347,0,0,2
best_global_after_qualifier_exclusion,20100311,0,76264,76264,0,0,2
best_global_after_qualifier_exclusion,20100312,0,76213,76213,0,0,2
best_global_after_qualifier_exclusion,20100315,0,76176,76176,0,0,2
best_global_after_qualifier_exclusion,20100316,0,76148,76148,0,0,2
best_global_after_qualifier_exclusion,20100317,0,76089,76089,0,0,2
best_global_after_qualifier_exclusion,20100318,0,76065,76065,0,0,2
best_global_after_qualifier_exclusion,20100319,0,76004,76004,0,0,2
best_global_after_qualifier_exclusion,20100322,0,75946,75946,0,0,2
best_global_after_qualifier_exclusion,20100323,0,75910,75910,0,0,2
best_global_after_qualifier_exclusion,20100324,0,75889,75889,0,0,2
best_global_after_qualifier_exclusion,20100325,0,75828,75828,0,0,2
best_global_after_qualifier_exclusion,20100326,0,75383,75383,0,0,2
best_global_after_qualifier_exclusion,20100329,0,75316,75316,0,0,2
best_global_after_qualifier_exclusion,20100330,0,75300,75300,0,0,2
best_global_after_qualifier_exclusion,20100331,0,75236,75236,0,0,2
best_global_after_qualifier_exclusion,20100401,0,75228,75228,0,0,2
best_global_after_qualifier_exclusion,20100405,0,75226,75226,0,0,2
best_global_after_qualifier_exclusion,20100406,0,75225,75225,0,0,2
best_global_after_qualifier_exclusion,20100407,0,75202,75202,0,0,2
best_global_after_qualifier_exclusion,20100408,0,75147,75147,0,0,2
best_global_after_qualifier_exclusion,20100409,0,75116,75116,0,0,2
best_global_after_qualifier_exclusion,20100412,0,75033,75033,0,0,2
best_global_after_qualifier_exclusion,20100413,0,74820,74820,0,0,2
best_global_after_qualifier_exclusion,20100414,0,74787,74787,0,0,2
best_global_after_qualifier_exclusion,20100415,0,74683,74683,0,0,2
best_global_after_qualifier_exclusion,20100416,0,74679,74679,0,0,2
best_global_after_qualifier_exclusion,20100419,0,74620,74620,0,0,2
best_global_after_qualifier_exclusion,20100420,0,74598,74598,0,0,2
best_global_after_qualifier_exclusion,20100421,0,74591,74591,0,0,2
best_global_after_qualifier_exclusion,20100422,0,74562,74562,0,0,2
best_global_after_qualifier_exclusion,20100423,0,74487,74487,0,0,2
best_global_after_qualifier_exclusion,20100426,0,74383,74383,0,0,2
best_global_after_qualifier_exclusion,20100427,0,74377,74377,0,0,2
best_global_after_qualifier_exclusion,20100428,0,74290,74290,0,0,2
best_global_after_qualifier_exclusion,20100429,0,74219,74219,0,0,2
best_global_after_qualifier_exclusion,20100430,0,74083,74083,0,0,2
best_global_after_qualifier_exclusion,20100503,0,74046,74046,0,0,2
best_global_after_qualifier_exclusion,20100504,0,74001,74001,0,0,2
best_global_after_qualifier_exclusion,20100505,0,73991,73991,0,0,2
best_global_after_qualifier_exclusion,20100506,0,73978,73978,0,0,2
best_global_after_qualifier_exclusion,20100507,0,73813,73813,0,0,2
best_global_after_qualifier_exclusion,20100510,0,73703,73703,0,0,2
best_global_after_qualifier_exclusion,20100511,0,73700,73700,0,0,2
best_global_after_qualifier_exclusion,20100513,0,73695,73695,0,0,2
best_global_after_qualifier_exclusion,20100514,0,73593,73593,0,0,2
best_global_after_qualifier_exclusion,20100517,0,73193,73193,0,0,2
best_global_after_qualifier_exclusion,20100518,0,73185,73185,0,0,2
best_global_after_qualifier_exclusion,20100519,0,73114,73114,0,0,2
best_global_after_qualifier_exclusion,20100520,0,73078,73078,0,0,2
best_global_after_qualifier_exclusion,20100521,0,73059,73059,0,0,2
best_global_after_qualifier_exclusion,20100524,0,73025,73025,0,0,2
best_global_after_qualifier_exclusion,20100525,0,72980,72980,0,0,2
best_global_after_qualifier_exclusion,20100526,0,72979,72979,0,0,2
best_global_after_qualifier_exclusion,20100527,0,72955,72955,0,0,2
best_global_after_qualifier_exclusion,20100528,0,72894,72894,0,0,2
best_global_after_qualifier_exclusion,20100601,0,72722,72722,0,0,2
best_global_after_qualifier_exclusion,20100602,0,72529,72529,0,0,2
best_global_after_qualifier_exclusion,20100603,0,72270,72270,0,0,2
best_global_after_qualifier_exclusion,20100604,0,72184,72184,0,0,2
best_global_after_qualifier_exclusion,20100606,0,72184,72184,0,0,2
best_global_after_qualifier_exclusion,20100607,0,71620,71620,0,0,2
best_global_after_qualifier_exclusion,20100608,0,71464,71464,0,0,2
best_global_after_qualifier_exclusion,20100609,0,71316,71316,0,0,2
best_global_after_qualifier_exclusion,20100610,0,71175,71175,0,0,2
best_global_after_qualifier_exclusion,20100611,0,71042,71042,0,0,2
best_global_after_qualifier_exclusion,20100614,0,70912,70912,0,0,3
best_global_after_qualifier_exclusion,20100615,0,70888,70888,0,0,3
best_global_after_qualifier_exclusion,20100616,0,70886,70886,0,0,3
best_global_after_qualifier_exclusion,20100617,0,70776,70776,0,0,3
best_global_after_qualifier_exclusion,20100618,0,70715,70715,0,0,3
best_global_after_qualifier_exclusion,20100621,0,70677,70677,0,0,3
best_global_after_qualifier_exclusion,20100622,0,70626,70626,0,0,3
best_global_after_qualifier_exclusion,20100623,0,70595,70595,0,0,3
best_global_after_qualifier_exclusion,20100624,0,70453,70453,0,0,3
best_global_after_qualifier_exclusion,20100625,0,70307,70307,0,0,3
best_global_after_qualifier_exclusion,20100628,0,70244,70244,0,0,3
best_global_after_qualifier_exclusion,20100629,0,70224,70224,0,0,3
best_global_after_qualifier_exclusion,20100630,0,70153,70153,0,0,3
best_global_after_qualifier_exclusion,20100701,0,70152,70152,0,0,3
best_global_after_qualifier_exclusion,20100702,0,70101,70101,0,0,3
best_global_after_qualifier_exclusion,20100705,0,70042,70042,0,0,3
best_global_after_qualifier_exclusion,20100706,0,69987,69987,0,0,3
best_global_after_qualifier_exclusion,20100707,0,69889,69889,0,0,3
best_global_after_qualifier_exclusion,20100708,0,69804,69804,0,0,3
best_global_after_qualifier_exclusion,20100709,0,69778,69778,0,0,3
best_global_after_qualifier_exclusion,20100712,0,69747,69747,0,0,3
best_global_after_qualifier_exclusion,20100713,0,69646,69646,0,0,3
best_global_after_qualifier_exclusion,20100714,0,69607,69607,0,0,3
best_global_after_qualifier_exclusion,20100715,0,69559,69559,0,0,3
best_global_after_qualifier_exclusion,20100716,0,69517,69517,0,0,3
best_global_after_qualifier_exclusion,20100718,0,69494,69494,0,0,3
best_global_after_qualifier_exclusion,20100719,0,69323,69323,0,0,4
best_global_after_qualifier_exclusion,20100721,0,69006,69006,0,0,4
best_global_after_qualifier_exclusion,20100722,0,68830,68830,0,0,4
best_global_after_qualifier_exclusion,20100723,0,68814,68814,0,0,4
best_global_after_qualifier_exclusion,20100726,0,68793,68793,0,0,4
best_global_after_qualifier_exclusion,20100727,0,68759,68759,0,0,4
best_global_after_qualifier_exclusion,20100728,0,68573,68573,0,0,4
best_global_after_qualifier_exclusion,20100729,0,68504,68504,0,0,4
best_global_after_qualifier_exclusion,20100730,0,68335,68335,0,0,4
best_global_after_qualifier_exclusion,20100802,0,68310,68310,0,0,4
best_global_after_qualifier_exclusion,20100803,0,68187,68187,0,0,4
best_global_after_qualifier_exclusion,20100804,0,68153,68153,0,0,4
best_global_after_qualifier_exclusion,20100805,0,68142,68142,0,0,4
best_global_after_qualifier_exclusion,20100806,0,68088,68088,0,0,4
best_global_after_qualifier_exclusion,20100809,0,68005,68005,0,0,4
best_global_after_qualifier_exclusion,20100810,0,67906,67906,0,0,4
best_global_after_qualifier_exclusion,20100811,0,67887,67887,0,0,4
best_global_after_qualifier_exclusion,20100812,0,67882,67882,0,0,4
best_global_after_qualifier_exclusion,20100813,0,67851,67851,0,0,4
best_global_after_qualifier_exclusion,20100814,0,67851,67851,0,0,4
best_global_after_qualifier_exclusion,20100817,0,67763,67763,0,0,4
best_global_after_qualifier_exclusion,20100818,0,67751,67751,0,0,4
best_global_after_qualifier_exclusion,20100819,0,67518,67518,0,0,4
best_global_after_qualifier_exclusion,20100820,0,67507,67507,0,0,4
best_global_after_qualifier_exclusion,20100823,0,67473,67473,0,0,4
best_global_after_qualifier_exclusion,20100824,0,67473,67473,0,0,4
best_global_after_qualifier_exclusion,20100825,0,67445,67445,0,0,4
best_global_after_qualifier_exclusion,20100826,0,67410,67410,0,0,4
best_global_after_qualifier_exclusion,20100827,0,67404,67404,0,0,4
best_global_after_qualifier_exclusion,20100831,0,67384,67384,0,0,4
best_global_after_qualifier_exclusion,20100901,0,67351,67351,0,0,4
best_global_after_qualifier_exclusion,20100902,0,67206,67206,0,0,4
best_global_after_qualifier_exclusion,20100903,0,67175,67175,0,0,4
best_global_after_qualifier_exclusion,20100906,0,67129,67129,0,0,4
best_global_after_qualifier_exclusion,20100907,0,67121,67121,0,0,4
best_global_after_qualifier_exclusion,20100908,0,67093,67093,0,0,4
best_global_after_qualifier_exclusion,20100909,0,67093,67093,0,0,4
best_global_after_qualifier_exclusion,20100910,0,67070,67070,0,0,4
best_global_after_qualifier_exclusion,20100913,0,67046,67046,0,0,4
best_global_after_qualifier_exclusion,20100914,0,66967,66967,0,0,4
best_global_after_qualifier_exclusion,20100915,0,66880,66880,0,0,4
best_global_after_qualifier_exclusion,20100916,0,66855,66855,0,0,4
best_global_after_qualifier_exclusion,20100917,0,66744,66744,0,0,4
best_global_after_qualifier_exclusion,20100920,0,66564,66564,0,0,4
best_global_after_qualifier_exclusion,20100921,0,66543,66543,0,0,4
best_global_after_qualifier_exclusion,20100922,0,66499,66499,0,0,4
best_global_after_qualifier_exclusion,20100923,0,66448,66448,0,0,4
best_global_after_qualifier_exclusion,20100924,0,66368,66368,0,0,4
best_global_after_qualifier_exclusion,20100927,0,66348,66348,0,0,4
best_global_after_qualifier_exclusion,20100928,0,66324,66324,0,0,4
best_global_after_qualifier_exclusion,20100929,0,66169,66169,0,0,4
best_global_after_qualifier_exclusion,20100930,0,66086,66086,0,0,4
best_global_after_qualifier_exclusion,20101001,0,66060,66060,0,0,4
best_global_after_qualifier_exclusion,20101004,0,66005,66005,0,0,4
best_global_after_qualifier_exclusion,20101005,0,65890,65890,0,0,4
best_global_after_qualifier_exclusion,20101006,0,65833,65833,0,0,4
best_global_after_qualifier_exclusion,20101007,0,65734,65734,0,0,4
best_global_after_qualifier_exclusion,20101008,0,65588,65588,0,0,4
best_global_after_qualifier_exclusion,20101011,0,65573,65573,0,0,4
best_global_after_qualifier_exclusion,20101012,0,65529,65529,0,0,4
best_global_after_qualifier_exclusion,20101013,0,65482,65482,0,0,4
best_global_after_qualifier_exclusion,20101014,0,65416,65416,0,0,4
best_global_after_qualifier_exclusion,20101015,0,65268,65268,0,0,4
best_global_after_qualifier_exclusion,20101016,0,65234,65234,0,0,4
best_global_after_qualifier_exclusion,20101018,0,65119,65119,0,0,4
best_global_after_qualifier_exclusion,20101019,0,65111,65111,0,0,4
best_global_after_qualifier_exclusion,20101020,0,65077,65077,0,0,4
best_global_after_qualifier_exclusion,20101021,0,64925,64925,0,0,4
best_global_after_qualifier_exclusion,20101022,0,64909,64909,0,0,4
best_global_after_qualifier_exclusion,20101026,0,64888,64888,0,0,4
best_global_after_qualifier_exclusion,20101027,0,64885,64885,0,0,4
best_global_after_qualifier_exclusion,20101028,0,64844,64844,0,0,4
best_global_after_qualifier_exclusion,20101029,0,64830,64830,0,0,4
best_global_after_qualifier_exclusion,20101031,0,64787,64787,0,0,4
best_global_after_qualifier_exclusion,20101101,0,64700,64700,0,0,4
best_global_after_qualifier_exclusion,20101102,0,64608,64608,0,0,4
best_global_after_qualifier_exclusion,20101103,0,64588,64588,0,0,4
best_global_after_qualifier_exclusion,20101104,0,64402,64402,0,0,4
best_global_after_qualifier_exclusion,20101105,0,63849,63849,0,0,4
best_global_after_qualifier_exclusion,20101108,0,63812,63812,0,0,4
best_global_after_qualifier_exclusion,20101109,0,63745,63745,0,0,4
best_global_after_qualifier_exclusion,20101110,0,63662,63662,0,0,4
best_global_after_qualifier_exclusion,20101111,0,63651,63651,0,0,4
best_global_after_qualifier_exclusion,20101112,0,63575,63575,0,0,4
best_global_after_qualifier_exclusion,20101115,0,62518,62518,0,0,4
best_global_after_qualifier_exclusion,20101116,0,62513,62513,0,0,4
best_global_after_qualifier_exclusion,20101117,0,62484,62484,0,0,4
best_global_after_qualifier_exclusion,20101118,0,62484,62484,0,0,4
best_global_after_qualifier_exclusion,20101119,0,62397,62397,0,0,4
best_global_after_qualifier_exclusion,20101122,0,62349,62349,0,0,4
best_global_after_qualifier_exclusion,20101123,0,62271,62271,0,0,4
best_global_after_qualifier_exclusion,20101124,0,62252,62252,0,0,4
best_global_after_qualifier_exclusion,20101125,0,62227,62227,0,0,4
best_global_after_qualifier_exclusion,20101126,0,62217,62217,0,0,4
best_global_after_qualifier_exclusion,20101129,0,62194,62194,0,0,4
best_global_after_qualifier_exclusion,20101130,0,62166,62166,0,0,4
best_global_after_qualifier_exclusion,20101201,0,62152,62152,0,0,4
best_global_after_qualifier_exclusion,20101202,0,62122,62122,0,0,4
best_global_after_qualifier_exclusion,20101203,0,62003,62003,0,0,4
best_global_after_qualifier_exclusion,20101206,0,61969,61969,0,0,4
best_global_after_qualifier_exclusion,20101207,0,61969,61969,0,0,4
best_global_after_qualifier_exclusion,20101208,0,61924,61924,0,0,4
best_global_after_qualifier_exclusion,20101209,0,61897,61897,0,0,4
best_global_after_qualifier_exclusion,20101210,0,61866,61866,0,0,4
best_global_after_qualifier_exclusion,20101213,0,61651,61651,0,0,4
best_global_after_qualifier_exclusion,20101214,0,61641,61641,0,0,4
best_global_after_qualifier_exclusion,20101215,0,61581,61581,0,0,4
best_global_after_qualifier_exclusion,20101216,0,61558,61558,0,0,4
best_global_after_qualifier_exclusion,20101217,0,61259,61259,0,0,4
best_global_after_qualifier_exclusion,20101220,0,61137,61137,0,0,4
best_global_after_qualifier_exclusion,20101221,0,60887,60887,0,0,4
best_global_after_qualifier_exclusion,20101222,0,60835,60835,0,0,4
best_global_after_qualifier_exclusion,20101223,0,60829,60829,0,0,4
best_global_after_qualifier_exclusion,20101227,0,60817,60817,0,0,4
best_global_after_qualifier_exclusion,20101228,0,60776,60776,0,0,4
best_global_after_qualifier_exclusion,20101229,0,60671,60671,0,0,4
best_global_after_qualifier_exclusion,20101230,0,60652,60652,0,0,4
best_global_after_qualifier_exclusion,20110103,0,60606,60606,0,0,4
best_global_after_qualifier_exclusion,20110104,0,60553,60553,0,0,4
best_global_after_qualifier_exclusion,20110105,0,60534,60534,0,0,4
best_global_after_qualifier_exclusion,20110106,0,60502,60502,0,0,4
best_global_after_qualifier_exclusion,20110107,0,60492,60492,0,0,4
best_global_after_qualifier_exclusion,20110110,0,60173,60173,0,0,4
best_global_after_qualifier_exclusion,20110111,0,60108,60108,0,0,4
best_global_after_qualifier_exclusion,20110112,0,60061,60061,0,0,4
best_global_after_qualifier_exclusion,20110113,0,60033,60033,0,0,4
best_global_after_qualifier_exclusion,20110114,0,59991,59991,0,0,4
best_global_after_qualifier_exclusion,20110117,0,59917,59917,0,0,4
best_global_after_qualifier_exclusion,20110118,0,59858,59858,0,0,4
best_global_after_qualifier_exclusion,20110119,0,59796,59796,0,0,4
best_global_after_qualifier_exclusion,20110120,0,59666,59666,0,0,4
best_global_after_qualifier_exclusion,20110121,0,59385,59385,0,0,4
best_global_after_qualifier_exclusion,20110124,0,59174,59174,0,0,4
best_global_after_qualifier_exclusion,20110125,0,59059,59059,0,0,4
best_global_after_qualifier_exclusion,20110126,0,58915,58915,0,0,5
best_global_after_qualifier_exclusion,20110127,0,58836,58836,0,0,5
best_global_after_qualifier_exclusion,20110128,0,58776,58776,0,0,5
best_global_after_qualifier_exclusion,20110131,0,58704,58704,0,0,5
best_global_after_qualifier_exclusion,20110201,0,58613,58613,0,0,5
best_global_after_qualifier_exclusion,20110202,0,58565,58565,0,0,5
best_global_after_qualifier_exclusion,20110203,0,58417,58417,0,0,5
best_global_after_qualifier_exclusion,20110204,0,58349,58349,0,0,5
best_global_after_qualifier_exclusion,20110205,0,58333,58333,0,0,5
best_global_after_qualifier_exclusion,20110206,0,58287,58287,0,0,5
best_global_after_qualifier_exclusion,20110207,0,58196,58196,0,0,5
best_global_after_qualifier_exclusion,20110208,0,58145,58145,0,0,5
best_global_after_qualifier_exclusion,20110209,0,58056,58056,0,0,5
best_global_after_qualifier_exclusion,20110210,0,58034,58034,0,0,5
best_global_after_qualifier_exclusion,20110211,0,57974,57974,0,0,5
best_global_after_qualifier_exclusion,20110213,0,57956,57956,0,0,5
best_global_after_qualifier_exclusion,20110214,0,57927,57927,0,0,5
best_global_after_qualifier_exclusion,20110215,0,57888,57888,0,0,5
best_global_after_qualifier_exclusion,20110216,0,57849,57849,0,0,5
best_global_after_qualifier_exclusion,20110217,0,57848,57848,0,0,5
best_global_after_qualifier_exclusion,20110218,0,57806,57806,0,0,5
best_global_after_qualifier_exclusion,20110220,0,57794,57794,0,0,5
best_global_after_qualifier_exclusion,20110221,0,57755,57755,0,0,5
best_global_after_qualifier_exclusion,20110222,0,57608,57608,0,0,5
best_global_after_qualifier_exclusion,20110223,0,57503,57503,0,0,6
best_global_after_qualifier_exclusion,20110224,0,57314,57314,0,0,6
best_global_after_qualifier_exclusion,20110225,0,57295,57295,0,0,6
best_global_after_qualifier_exclusion,20110228,0,57240,57240,0,0,6
best_global_after_qualifier_exclusion,20110301,0,57069,57069,0,0,6
best_global_after_qualifier_exclusion,20110302,0,57010,57010,0,0,6
best_global_after_qualifier_exclusion,20110303,0,56998,56998,0,0,6
best_global_after_qualifier_exclusion,20110304,0,56893,56893,0,0,6
best_global_after_qualifier_exclusion,20110307,0,56804,56804,0,0,6
best_global_after_qualifier_exclusion,20110308,0,56771,56771,0,0,6
best_global_after_qualifier_exclusion,20110309,0,56728,56728,0,0,6
best_global_after_qualifier_exclusion,20110310,0,56624,56624,0,0,6
best_global_after_qualifier_exclusion,20110311,0,56536,56536,0,0,6
best_global_after_qualifier_exclusion,20110314,0,56504,56504,0,0,6
best_global_after_qualifier_exclusion,20110315,0,56413,56413,0,0,6
best_global_after_qualifier_exclusion,20110316,0,56298,56298,0,0,6
best_global_after_qualifier_exclusion,20110317,0,56101,56101,0,0,6
best_global_after_qualifier_exclusion,20110318,0,55827,55827,0,0,6
best_global_after_qualifier_exclusion,20110320,0,55826,55826,0,0,6
best_global_after_qualifier_exclusion,20110321,0,55726,55726,0,0,6
best_global_after_qualifier_exclusion,20110322,0,55654,55654,0,0,6
best_global_after_qualifier_exclusion,20110323,0,55528,55528,0,0,7
best_global_after_qualifier_exclusion,20110324,0,55483,55483,0,0,7
best_global_after_qualifier_exclusion,20110325,0,55440,55440,0,0,7
best_global_after_qualifier_exclusion,20110328,0,55402,55402,0,0,7
best_global_after_qualifier_exclusion,20110329,0,55301,55301,0,0,7
best_global_after_qualifier_exclusion,20110330,0,55154,55154,0,0,9
best_global_after_qualifier_exclusion,20110331,0,55078,55078,0,0,9
best_global_after_qualifier_exclusion,20110401,0,54857,54857,0,0,9
best_global_after_qualifier_exclusion,20110403,0,54820,54820,0,0,9
best_global_after_qualifier_exclusion,20110404,0,54676,54676,0,0,9
best_global_after_qualifier_exclusion,20110405,0,54618,54618,0,0,9
best_global_after_qualifier_exclusion,20110406,0,54516,54516,0,0,9
best_global_after_qualifier_exclusion,20110407,0,54478,54478,0,0,9
best_global_after_qualifier_exclusion,20110408,0,54396,54396,0,0,9
best_global_after_qualifier_exclusion,20110409,0,54394,54394,0,0,9
best_global_after_qualifier_exclusion,20110411,0,54277,54277,0,0,10
best_global_after_qualifier_exclusion,20110412,0,54254,54254,0,0,10
best_global_after_qualifier_exclusion,20110413,0,54118,54118,0,0,11
best_global_after_qualifier_exclusion,20110414,0,53977,53977,0,0,11
best_global_after_qualifier_exclusion,20110415,0,53819,53819,0,0,11
best_global_after_qualifier_exclusion,20110418,0,53670,53670,0,0,11
best_global_after_qualifier_exclusion,20110419,0,53603,53603,0,0,11
best_global_after_qualifier_exclusion,20110420,0,53410,53410,0,0,11
best_global_after_qualifier_exclusion,20110421,0,53389,53389,0,0,11
best_global_after_qualifier_exclusion,20110426,0,53254,53254,0,0,12
best_global_after_qualifier_exclusion,20110427,0,52904,52904,0,0,12
best_global_after_qualifier_exclusion,20110428,0,52734,52734,0,0,12
best_global_after_qualifier_exclusion,20110429,0,52665,52665,0,0,12
best_global_after_qualifier_exclusion,20110430,0,52655,52655,0,0,12
best_global_after_qualifier_exclusion,20110501,0,52646,52646,0,0,12
best_global_after_qualifier_exclusion,20110502,0,52597,52597,0,0,12
best_global_after_qualifier_exclusion,20110503,0,52523,52523,0,0,12
best_global_after_qualifier_exclusion,20110504,0,52455,52455,0,0,12
best_global_after_qualifier_exclusion,20110505,0,52354,52354,0,0,12
best_global_after_qualifier_exclusion,20110506,0,52297,52297,0,0,12
best_global_after_qualifier_exclusion,20110509,0,52280,52280,0,0,12
best_global_after_qualifier_exclusion,20110510,0,52238,52238,0,0,12
best_global_after_qualifier_exclusion,20110511,0,52198,52198,0,0,12
best_global_after_qualifier_exclusion,20110512,0,52106,52106,0,0,12
best_global_after_qualifier_exclusion,20110513,0,52106,52106,0,0,12
best_global_after_qualifier_exclusion,20110514,0,52105,52105,0,0,12
best_global_after_qualifier_exclusion,20110515,0,52103,52103,0,0,12
best_global_after_qualifier_exclusion,20110516,0,51722,51722,0,0,12
best_global_after_qualifier_exclusion,20110517,0,51469,51469,0,0,12
best_global_after_qualifier_exclusion,20110518,0,51404,51404,0,0,12
best_global_after_qualifier_exclusion,20110519,0,51354,51354,0,0,12
best_global_after_qualifier_exclusion,20110520,0,51292,51292,0,0,12
best_global_after_qualifier_exclusion,20110523,0,51206,51206,0,0,12
best_global_after_qualifier_exclusion,20110524,0,51157,51157,0,0,12
best_global_after_qualifier_exclusion,20110525,0,51070,51070,0,0,12
best_global_after_qualifier_exclusion,20110526,0,51049,51049,0,0,12
best_global_after_qualifier_exclusion,20110527,0,50964,50964,0,0,12
best_global_after_qualifier_exclusion,20110531,0,50943,50943,0,0,12
best_global_after_qualifier_exclusion,20110601,0,50818,50818,0,0,12
best_global_after_qualifier_exclusion,20110603,0,50778,50778,0,0,12
best_global_after_qualifier_exclusion,20110606,0,50708,50708,0,0,12
best_global_after_qualifier_exclusion,20110607,0,50679,50679,0,0,12
best_global_after_qualifier_exclusion,20110608,0,50669,50669,0,0,12
best_global_after_qualifier_exclusion,20110609,0,50668,50668,0,0,12
best_global_after_qualifier_exclusion,20110610,0,50664,50664,0,0,12
best_global_after_qualifier_exclusion,20110613,0,50622,50622,0,0,12
best_global_after_qualifier_exclusion,20110614,0,50604,50604,0,0,12
best_global_after_qualifier_exclusion,20110615,0,50561,50561,0,0,12
best_global_after_qualifier_exclusion,20110616,0,50399,50399,0,0,12
best_global_after_qualifier_exclusion,20110617,0,50345,50345,0,0,12
best_global_after_qualifier_exclusion,20110618,0,50289,50289,0,0,12
best_global_after_qualifier_exclusion,20110620,0,50284,50284,0,0,12
best_global_after_qualifier_exclusion,20110621,0,50217,50217,0,0,12
best_global_after_qualifier_exclusion,20110622,0,50088,50088,0,0,12
best_global_after_qualifier_exclusion,20110623,0,49908,49908,0,0,12
best_global_after_qualifier_exclusion,20110624,0,49826,49826,0,0,12
best_global_after_qualifier_exclusion,20110626,0,49825,49825,0,0,12
best_global_after_qualifier_exclusion,20110627,0,49751,49751,0,0,12
best_global_after_qualifier_exclusion,20110628,0,49708,49708,0,0,12
best_global_after_qualifier_exclusion,20110629,0,49656,49656,0,0,12
best_global_after_qualifier_exclusion,20110630,0,49608,49608,0,0,12
best_global_after_qualifier_exclusion,20110701,0,49606,49606,0,0,12
best_global_after_qualifier_exclusion,20110704,0,49530,49530,0,0,12
best_global_after_qualifier_exclusion,20110705,0,49500,49500,0,0,12
best_global_after_qualifier_exclusion,20110706,0,49301,49301,0,0,12
best_global_after_qualifier_exclusion,20110707,0,49126,49126,0,0,12
best_global_after_qualifier_exclusion,20110708,0,48989,48989,0,0,12
best_global_after_qualifier_exclusion,20110710,0,48956,48956,0,0,12
best_global_after_qualifier_exclusion,20110711,0,48764,48764,0,0,13
best_global_after_qualifier_exclusion,20110712,0,48730,48730,0,0,13
best_global_after_qualifier_exclusion,20110713,0,48698,48698,0,0,13
best_global_after_qualifier_exclusion,20110714,0,48696,48696,0,0,13
best_global_after_qualifier_exclusion,20110715,0,48636,48636,0,0,13
best_global_after_qualifier_exclusion,20110718,0,48547,48547,0,0,14
best_global_after_qualifier_exclusion,20110719,0,48377,48377,0,0,14
best_global_after_qualifier_exclusion,20110720,0,48346,48346,0,0,14
best_global_after_qualifier_exclusion,20110721,0,48325,48325,0,0,14
best_global_after_qualifier_exclusion,20110722,0,48216,48216,0,0,14
best_global_after_qualifier_exclusion,20110725,0,48036,48036,0,0,14
best_global_after_qualifier_exclusion,20110726,0,48026,48026,0,0,14
best_global_after_qualifier_exclusion,20110727,0,48012,48012,0,0,14
best_global_after_qualifier_exclusion,20110728,0,47945,47945,0,0,14
best_global_after_qualifier_exclusion,20110729,0,47927,47927,0,0,14
best_global_after_qualifier_exclusion,20110731,0,47912,47912,0,0,14
best_global_after_qualifier_exclusion,20110801,0,47907,47907,0,0,14
best_global_after_qualifier_exclusion,20110802,0,47839,47839,0,0,14
best_global_after_qualifier_exclusion,20110803,0,47778,47778,0,0,14
best_global_after_qualifier_exclusion,20110804,0,47618,47618,0,0,15
best_global_after_qualifier_exclusion,20110805,0,47569,47569,0,0,15
best_global_after_qualifier_exclusion,20110808,0,47556,47556,0,0,15
best_global_after_qualifier_exclusion,20110809,0,47528,47528,0,0,15
best_global_after_qualifier_exclusion,20110810,0,47432,47432,0,0,15
best_global_after_qualifier_exclusion,20110811,0,47223,47223,0,0,17
best_global_after_qualifier_exclusion,20110812,0,47202,47202,0,0,17
best_global_after_qualifier_exclusion,20110815,0,47023,47023,0,0,18
best_global_after_qualifier_exclusion,20110816,0,47006,47006,0,0,18
best_global_after_qualifier_exclusion,20110817,0,47002,47002,0,0,18
best_global_after_qualifier_exclusion,20110818,0,46853,46853,0,0,18
best_global_after_qualifier_exclusion,20110819,0,46816,46816,0,0,18
best_global_after_qualifier_exclusion,20110822,0,46794,46794,0,0,18
best_global_after_qualifier_exclusion,20110823,0,46750,46750,0,0,18
best_global_after_qualifier_exclusion,20110824,0,46718,46718,0,0,18
best_global_after_qualifier_exclusion,20110825,0,46586,46586,0,0,18
best_global_after_qualifier_exclusion,20110826,0,46574,46574,0,0,18
best_global_after_qualifier_exclusion,20110828,0,46541,46541,0,0,18
best_global_after_qualifier_exclusion,20110829,0,46509,46509,0,0,18
best_global_after_qualifier_exclusion,20110830,0,46417,46417,0,0,18
best_global_after_qualifier_exclusion,20110831,0,46373,46373,0,0,18
best_global_after_qualifier_exclusion,20110901,0,46325,46325,0,0,18
best_global_after_qualifier_exclusion,20110902,0,46246,46246,0,0,18
best_global_after_qualifier_exclusion,20110904,0,46146,46146,0,0,18
best_global_after_qualifier_exclusion,20110905,0,46015,46015,0,0,19
best_global_after_qualifier_exclusion,20110906,0,45967,45967,0,0,19
best_global_after_qualifier_exclusion,20110907,0,45907,45907,0,0,19
best_global_after_qualifier_exclusion,20110908,0,45907,45907,0,0,19
best_global_after_qualifier_exclusion,20110909,0,45826,45826,0,0,20
best_global_after_qualifier_exclusion,20110912,0,45804,45804,0,0,20
best_global_after_qualifier_exclusion,20110913,0,45719,45719,0,0,20
best_global_after_qualifier_exclusion,20110914,0,45551,45551,0,0,21
best_global_after_qualifier_exclusion,20110915,0,45496,45496,0,0,21
best_global_after_qualifier_exclusion,20110916,0,45434,45434,0,0,21
best_global_after_qualifier_exclusion,20110919,0,45362,45362,0,0,21
best_global_after_qualifier_exclusion,20110920,0,45276,45276,0,0,22
best_global_after_qualifier_exclusion,20110921,0,45270,45270,0,0,22
best_global_after_qualifier_exclusion,20110922,0,45245,45245,0,0,22
best_global_after_qualifier_exclusion,20110923,0,45169,45169,0,0,22
best_global_after_qualifier_exclusion,20110924,0,45137,45137,0,0,22
best_global_after_qualifier_exclusion,20110926,0,45024,45024,0,0,22
best_global_after_qualifier_exclusion,20110927,0,44981,44981,0,0,23
best_global_after_qualifier_exclusion,20110928,0,44941,44941,0,0,23
best_global_after_qualifier_exclusion,20110929,0,44891,44891,0,0,23
best_global_after_qualifier_exclusion,20110930,0,44883,44883,0,0,23
best_global_after_qualifier_exclusion,20111003,0,44871,44871,0,0,23
best_global_after_qualifier_exclusion,20111004,0,44800,44800,0,0,23
best_global_after_qualifier_exclusion,20111005,0,44792,44792,0,0,23
best_global_after_qualifier_exclusion,20111006,0,44722,44722,0,0,23
best_global_after_qualifier_exclusion,20111007,0,44642,44642,0,0,23
best_global_after_qualifier_exclusion,20111009,0,44630,44630,0,0,23
best_global_after_qualifier_exclusion,20111010,0,44630,44630,0,0,23
best_global_after_qualifier_exclusion,20111011,0,44577,44577,0,0,23
best_global_after_qualifier_exclusion,20111012,0,44553,44553,0,0,23
best_global_after_qualifier_exclusion,20111013,0,44526,44526,0,0,23
best_global_after_qualifier_exclusion,20111014,0,44499,44499,0,0,23
best_global_after_qualifier_exclusion,20111017,0,44463,44463,0,0,23
best_global_after_qualifier_exclusion,20111018,0,44447,44447,0,0,23
best_global_after_qualifier_exclusion,20111019,0,44447,44447,0,0,23
best_global_after_qualifier_exclusion,20111020,0,44433,44433,0,0,23
best_global_after_qualifier_exclusion,20111021,0,44427,44427,0,0,23
best_global_after_qualifier_exclusion,20111022,0,44427,44427,0,0,23
best_global_after_qualifier_exclusion,20111023,0,44411,44411,0,0,23
best_global_after_qualifier_exclusion,20111024,0,44364,44364,0,0,24
best_global_after_qualifier_exclusion,20111025,0,44281,44281,0,0,25
best_global_after_qualifier_exclusion,20111026,0,44244,44244,0,0,25
best_global_after_qualifier_exclusion,20111027,0,44231,44231,0,0,25
best_global_after_qualifier_exclusion,20111028,0,44190,44190,0,0,25
best_global_after_qualifier_exclusion,20111029,0,44190,44190,0,0,25
best_global_after_qualifier_exclusion,20111030,0,44186,44186,0,0,25
best_global_after_qualifier_exclusion,20111031,0,44143,44143,0,0,25
best_global_after_qualifier_exclusion,20111101,0,44132,44132,0,0,25
best_global_after_qualifier_exclusion,20111102,0,44123,44123,0,0,25
best_global_after_qualifier_exclusion,20111103,0,44033,44033,0,0,25
best_global_after_qualifier_exclusion,20111104,0,44002,44002,0,0,25
best_global_after_qualifier_exclusion,20111105,0,43925,43925,0,0,25
best_global_after_qualifier_exclusion,20111107,0,43905,43905,0,0,26
best_global_after_qualifier_exclusion,20111108,0,43869,43869,0,0,26
best_global_after_qualifier_exclusion,20111109,0,43869,43869,0,0,26
best_global_after_qualifier_exclusion,20111110,0,43817,43817,0,0,26
best_global_after_qualifier_exclusion,20111111,0,43515,43515,0,0,26
best_global_after_qualifier_exclusion,20111114,0,43480,43480,0,0,26
best_global_after_qualifier_exclusion,20111115,0,43363,43363,0,0,27
best_global_after_qualifier_exclusion,20111116,0,43246,43246,0,0,27
best_global_after_qualifier_exclusion,20111117,0,43183,43183,0,0,27
best_global_after_qualifier_exclusion,20111118,0,43123,43123,0,0,27
best_global_after_qualifier_exclusion,20111119,0,43108,43108,0,0,27
best_global_after_qualifier_exclusion,20111120,0,42957,42957,0,0,27
best_global_after_qualifier_exclusion,20111121,0,42820,42820,0,0,27
best_global_after_qualifier_exclusion,20111122,0,42760,42760,0,0,27
best_global_after_qualifier_exclusion,20111123,0,42721,42721,0,0,27
best_global_after_qualifier_exclusion,20111124,0,42600,42600,0,0,28
best_global_after_qualifier_exclusion,20111125,0,42512,42512,0,0,29
best_global_after_qualifier_exclusion,20111127,0,42489,42489,0,0,29
best_global_after_qualifier_exclusion,20111128,0,42471,42471,0,0,30
best_global_after_qualifier_exclusion,20111129,0,42405,42405,0,0,30
best_global_after_qualifier_exclusion,20111130,0,42306,42306,0,0,32
best_global_after_qualifier_exclusion,20111201,0,42203,42203,0,0,32
best_global_after_qualifier_exclusion,20111202,0,42023,42023,0,0,32
best_global_after_qualifier_exclusion,20111204,0,42023,42023,0,0,32
best_global_after_qualifier_exclusion,20111205,0,41968,41968,0,0,32
best_global_after_qualifier_exclusion,20111206,0,41897,41897,0,0,33
best_global_after_qualifier_exclusion,20111207,0,41783,41783,0,0,33
best_global_after_qualifier_exclusion,20111208,0,41549,41549,0,0,33
best_global_after_qualifier_exclusion,20111209,0,41382,41382,0,0,34
best_global_after_qualifier_exclusion,20111211,0,41265,41265,0,0,36
best_global_after_qualifier_exclusion,20111212,0,41163,41163,0,0,38
best_global_after_qualifier_exclusion,20111213,0,41046,41046,0,0,39
best_global_after_qualifier_exclusion,20111214,0,40935,40935,0,0,41
best_global_after_qualifier_exclusion,20111215,0,40890,40890,0,0,41
best_global_after_qualifier_exclusion,20111216,0,40847,40847,0,0,41
best_global_after_qualifier_exclusion,20111219,0,40842,40842,0,0,41
best_global_after_qualifier_exclusion,20111220,0,40735,40735,0,0,42
best_global_after_qualifier_exclusion,20111221,0,40702,40702,0,0,42
best_global_after_qualifier_exclusion,20111222,0,40689,40689,0,0,42
best_global_after_qualifier_exclusion,20111223,0,40666,40666,0,0,42
best_global_after_qualifier_exclusion,20111226,0,40666,40666,0,0,42
best_global_after_qualifier_exclusion,20111228,0,40664,40664,0,0,42
best_global_after_qualifier_exclusion,20111229,0,40653,40653,0,0,42
best_global_after_qualifier_exclusion,20111230,0,40653,40653,0,0,42
best_global_after_qualifier_exclusion,20120102,0,40650,40650,0,0,42
best_global_after_qualifier_exclusion,20120103,0,40645,40645,0,0,42
best_global_after_qualifier_exclusion,20120104,0,40630,40630,0,0,42
best_global_after_qualifier_exclusion,20120105,0,40556,40556,0,0,42
best_global_after_qualifier_exclusion,20120106,0,40493,40493,0,0,42
best_global_after_qualifier_exclusion,20120108,0,40488,40488,0,0,42
best_global_after_qualifier_exclusion,20120109,0,40413,40413,0,0,42
best_global_after_qualifier_exclusion,20120110,0,40374,40374,0,0,43
best_global_after_qualifier_exclusion,20120111,0,40276,40276,0,0,44
best_global_after_qualifier_exclusion,20120112,0,40176,40176,0,0,44
best_global_after_qualifier_exclusion,20120113,0,40146,40146,0,0,44
best_global_after_qualifier_exclusion,20120116,0,40061,40061,0,0,44
best_global_after_qualifier_exclusion,20120117,0,40007,40007,0,0,44
best_global_after_qualifier_exclusion,20120118,0,39912,39912,0,0,44
best_global_after_qualifier_exclusion,20120119,0,39886,39886,0,0,45
best_global_after_qualifier_exclusion,20120120,0,39864,39864,0,0,45
best_global_after_qualifier_exclusion,20120123,0,39752,39752,0,0,45
best_global_after_qualifier_exclusion,20120124,0,39747,39747,0,0,45
best_global_after_qualifier_exclusion,20120125,0,39712,39712,0,0,45
best_global_after_qualifier_exclusion,20120126,0,39697,39697,0,0,45
best_global_after_qualifier_exclusion,20120127,0,39668,39668,0,0,45
best_global_after_qualifier_exclusion,20120128,0,39628,39628,0,0,46
best_global_after_qualifier_exclusion,20120130,0,39609,39609,0,0,46
best_global_after_qualifier_exclusion,20120131,0,39574,39574,0,0,46
best_global_after_qualifier_exclusion,20120201,0,39560,39560,0,0,46
best_global_after_qualifier_exclusion,20120203,0,39531,39531,0,0,46
best_global_after_qualifier_exclusion,20120205,0,39526,39526,0,0,46
best_global_after_qualifier_exclusion,20120206,0,39505,39505,0,0,47
best_global_after_qualifier_exclusion,20120207,0,39483,39483,0,0,47
best_global_after_qualifier_exclusion,20120208,0,39464,39464,0,0,47
best_global_after_qualifier_exclusion,20120209,0,39433,39433,0,0,47
best_global_after_qualifier_exclusion,20120210,0,39417,39417,0,0,47
best_global_after_qualifier_exclusion,20120212,0,39405,39405,0,0,47
best_global_after_qualifier_exclusion,20120213,0,39371,39371,0,0,47
best_global_after_qualifier_exclusion,20120214,0,39368,39368,0,0,47
best_global_after_qualifier_exclusion,20120215,0,39320,39320,0,0,47
best_global_after_qualifier_exclusion,20120216,0,39316,39316,0,0,47
best_global_after_qualifier_exclusion,20120217,0,39267,39267,0,0,47
best_global_after_qualifier_exclusion,20120220,0,39259,39259,0,0,47
best_global_after_qualifier_exclusion,20120221,0,39225,39225,0,0,47
best_global_after_qualifier_exclusion,20120222,0,39200,39200,0,0,47
best_global_after_qualifier_exclusion,20120223,0,39164,39164,0,0,47
best_global_after_qualifier_exclusion,20120224,0,39160,39160,0,0,47
best_global_after_qualifier_exclusion,20120227,0,39158,39158,0,0,47
best_global_after_qualifier_exclusion,20120228,0,39034,39034,0,0,47
best_global_after_qualifier_exclusion,20120229,0,39015,39015,0,0,47
best_global_after_qualifier_exclusion,20120301,0,39010,39010,0,0,47
best_global_after_qualifier_exclusion,20120302,0,38960,38960,0,0,48
best_global_after_qualifier_exclusion,20120304,0,38956,38956,0,0,48
best_global_after_qualifier_exclusion,20120305,0,38903,38903,0,0,48
best_global_after_qualifier_exclusion,20120306,0,38888,38888,0,0,48
best_global_after_qualifier_exclusion,20120307,0,38817,38817,0,0,49
best_global_after_qualifier_exclusion,20120308,0,38776,38776,0,0,49
best_global_after_qualifier_exclusion,20120309,0,38754,38754,0,0,49
best_global_after_qualifier_exclusion,20120311,0,38751,38751,0,0,49
best_global_after_qualifier_exclusion,20120312,0,38702,38702,0,0,50
best_global_after_qualifier_exclusion,20120313,0,38656,38656,0,0,50
best_global_after_qualifier_exclusion,20120314,0,38602,38602,0,0,50
best_global_after_qualifier_exclusion,20120315,0,38562,38562,0,0,50
best_global_after_qualifier_exclusion,20120316,0,38483,38483,0,0,50
best_global_after_qualifier_exclusion,20120319,0,38415,38415,0,0,50
best_global_after_qualifier_exclusion,20120320,0,38411,38411,0,0,50
best_global_after_qualifier_exclusion,20120321,0,38394,38394,0,0,50
best_global_after_qualifier_exclusion,20120322,0,38380,38380,0,0,50
best_global_after_qualifier_exclusion,20120323,0,38357,38357,0,0,50
best_global_after_qualifier_exclusion,20120326,8,38354,38362,0,0,50
best_global_after_qualifier_exclusion,20120327,8,38320,38328,0,0,50
best_global_after_qualifier_exclusion,20120328,8,38295,38303,0,0,50
best_global_after_qualifier_exclusion,20120329,8,38270,38278,0,0,50
best_global_after_qualifier_exclusion,20120330,8,38258,38266,0,0,50
best_global_after_qualifier_exclusion,20120402,8,38229,38237,0,0,50
best_global_after_qualifier_exclusion,20120403,8,38117,38125,0,0,50
best_global_after_qualifier_exclusion,20120404,8,38061,38069,0,0,50
best_global_after_qualifier_exclusion,20120406,8,38059,38067,0,0,50
best_global_after_qualifier_exclusion,20120407,8,38024,38032,0,0,50
best_global_after_qualifier_exclusion,20120408,8,38010,38018,0,0,50
best_global_after_qualifier_exclusion,20120410,8,37972,37980,0,0,50
best_global_after_qualifier_exclusion,20120411,8,37950,37958,0,0,51
best_global_after_qualifier_exclusion,20120412,8,37911,37919,0,0,51
best_global_after_qualifier_exclusion,20120413,8,37876,37884,0,0,51
best_global_after_qualifier_exclusion,20120414,8,37876,37884,0,0,51
best_global_after_qualifier_exclusion,20120416,8,37844,37852,0,0,51
best_global_after_qualifier_exclusion,20120417,8,37817,37825,0,0,52
best_global_after_qualifier_exclusion,20120418,8,37746,37754,0,0,52
best_global_after_qualifier_exclusion,20120419,8,37741,37749,0,0,52
best_global_after_qualifier_exclusion,20120420,8,37724,37732,0,0,52
best_global_after_qualifier_exclusion,20120422,8,37716,37724,0,0,52
best_global_after_qualifier_exclusion,20120423,8,37673,37681,0,0,52
best_global_after_qualifier_exclusion,20120424,8,37640,37648,0,0,53
best_global_after_qualifier_exclusion,20120425,8,37606,37614,0,0,53
best_global_after_qualifier_exclusion,20120426,8,37596,37604,0,0,53
best_global_after_qualifier_exclusion,20120427,8,37555,37563,0,0,53
best_global_after_qualifier_exclusion,20120430,8,37521,37529,0,0,53
best_global_after_qualifier_exclusion,20120501,8,37498,37506,0,0,53
best_global_after_qualifier_exclusion,20120502,8,37460,37468,0,0,53
best_global_after_qualifier_exclusion,20120503,8,37430,37438,0,0,53
best_global_after_qualifier_exclusion,20120504,8,37430,37438,0,0,53
best_global_after_qualifier_exclusion,20120507,8,37409,37417,0,0,53
best_global_after_qualifier_exclusion,20120508,8,37388,37396,0,0,53
best_global_after_qualifier_exclusion,20120509,8,37378,37386,0,0,53
best_global_after_qualifier_exclusion,20120510,8,37374,37382,0,0,53
best_global_after_qualifier_exclusion,20120511,8,37348,37356,0,0,53
best_global_after_qualifier_exclusion,20120514,8,37338,37346,0,0,53
best_global_after_qualifier_exclusion,20120515,8,37327,37335,0,0,53
best_global_after_qualifier_exclusion,20120516,8,37300,37308,0,0,53
best_global_after_qualifier_exclusion,20120517,8,37248,37256,0,0,54
best_global_after_qualifier_exclusion,20120518,8,37232,37240,0,0,54
best_global_after_qualifier_exclusion,20120521,8,37174,37182,0,0,54
best_global_after_qualifier_exclusion,20120522,8,37174,37182,0,0,54
best_global_after_qualifier_exclusion,20120523,8,37148,37156,0,0,55
best_global_after_qualifier_exclusion,20120525,8,37148,37156,0,0,55
best_global_after_qualifier_exclusion,20120528,8,37146,37154,0,0,55
best_global_after_qualifier_exclusion,20120529,8,37146,37154,0,0,55
best_global_after_qualifier_exclusion,20120530,8,37097,37105,0,0,55
best_global_after_qualifier_exclusion,20120531,8,37068,37076,0,0,55
best_global_after_qualifier_exclusion,20120601,8,37009,37017,0,0,55
best_global_after_qualifier_exclusion,20120604,8,37005,37013,0,0,55
best_global_after_qualifier_exclusion,20120605,8,36995,37003,0,0,56
best_global_after_qualifier_exclusion,20120606,8,36909,36917,0,0,56
best_global_after_qualifier_exclusion,20120607,8,36850,36858,0,0,56
best_global_after_qualifier_exclusion,20120608,8,36802,36810,0,0,56
best_global_after_qualifier_exclusion,20120611,8,36783,36791,0,0,56
best_global_after_qualifier_exclusion,20120612,8,36783,36791,0,0,56
best_global_after_qualifier_exclusion,20120613,8,36761,36769,0,0,57
best_global_after_qualifier_exclusion,20120614,8,36743,36751,0,0,57
best_global_after_qualifier_exclusion,20120615,8,36722,36730,0,0,57
best_global_after_qualifier_exclusion,20120618,8,36710,36718,0,0,57
best_global_after_qualifier_exclusion,20120619,8,36675,36683,0,0,57
best_global_after_qualifier_exclusion,20120620,8,36664,36672,0,0,57
best_global_after_qualifier_exclusion,20120621,8,36639,36647,0,0,57
best_global_after_qualifier_exclusion,20120622,8,36617,36625,0,0,57
best_global_after_qualifier_exclusion,20120625,8,36594,36602,0,0,57
best_global_after_qualifier_exclusion,20120626,8,36588,36596,0,0,57
best_global_after_qualifier_exclusion,20120627,8,36566,36574,0,0,58
best_global_after_qualifier_exclusion,20120628,8,36556,36564,0,0,58
best_global_after_qualifier_exclusion,20120629,8,36506,36514,0,0,58
best_global_after_qualifier_exclusion,20120701,8,36502,36510,0,0,58
best_global_after_qualifier_exclusion,20120702,8,36499,36507,0,0,58
best_global_after_qualifier_exclusion,20120703,8,36498,36506,0,0,58
best_global_after_qualifier_exclusion,20120704,8,36457,36465,0,0,58
best_global_after_qualifier_exclusion,20120705,8,36440,36448,0,0,58
best_global_after_qualifier_exclusion,20120706,8,36426,36434,0,0,58
best_global_after_qualifier_exclusion,20120709,8,36415,36423,0,0,58
best_global_after_qualifier_exclusion,20120710,8,36395,36403,0,0,58
best_global_after_qualifier_exclusion,20120711,8,36367,36375,0,0,58
best_global_after_qualifier_exclusion,20120713,8,36353,36361,0,0,58
best_global_after_qualifier_exclusion,20120715,8,36353,36361,0,0,58
best_global_after_qualifier_exclusion,20120716,8,36346,36354,0,0,58
best_global_after_qualifier_exclusion,20120717,8,36324,36332,0,0,58
best_global_after_qualifier_exclusion,20120718,8,36299,36307,0,0,58
best_global_after_qualifier_exclusion,20120719,8,36298,36306,0,0,58
best_global_after_qualifier_exclusion,20120720,8,36224,36232,0,0,59
best_global_after_qualifier_exclusion,20120723,8,36201,36209,0,0,59
best_global_after_qualifier_exclusion,20120724,8,36164,36172,0,0,60
best_global_after_qualifier_exclusion,20120725,8,36162,36170,0,0,60
best_global_after_qualifier_exclusion,20120726,8,36146,36154,0,0,60
best_global_after_qualifier_exclusion,20120727,8,36088,36096,0,0,60
best_global_after_qualifier_exclusion,20120730,8,36031,36039,0,0,60
best_global_after_qualifier_exclusion,20120731,8,35943,35951,0,0,60
best_global_after_qualifier_exclusion,20120801,8,35910,35918,0,0,60
best_global_after_qualifier_exclusion,20120802,8,35906,35914,0,0,60
best_global_after_qualifier_exclusion,20120803,8,35898,35906,0,0,60
best_global_after_qualifier_exclusion,20120806,8,35875,35883,0,0,60
best_global_after_qualifier_exclusion,20120807,8,35873,35881,0,0,60
best_global_after_qualifier_exclusion,20120808,8,35839,35847,0,0,60
best_global_after_qualifier_exclusion,20120809,8,35833,35841,0,0,60
best_global_after_qualifier_exclusion,20120810,8,35801,35809,0,0,60
best_global_after_qualifier_exclusion,20120813,8,35801,35809,0,0,60
best_global_after_qualifier_exclusion,20120814,8,35773,35781,0,0,60
best_global_after_qualifier_exclusion,20120815,8,35748,35756,0,0,60
best_global_after_qualifier_exclusion,20120816,8,35675,35683,0,0,61
best_global_after_qualifier_exclusion,20120817,8,35672,35680,0,0,61
best_global_after_qualifier_exclusion,20120821,8,35636,35644,0,0,61
best_global_after_qualifier_exclusion,20120822,8,35611,35619,0,0,61
best_global_after_qualifier_exclusion,20120823,8,35595,35603,0,0,61
best_global_after_qualifier_exclusion,20120824,8,35557,35565,0,0,61
best_global_after_qualifier_exclusion,20120827,8,35497,35505,0,0,61
best_global_after_qualifier_exclusion,20120828,8,35484,35492,0,0,61
best_global_after_qualifier_exclusion,20120829,8,35484,35492,0,0,61
best_global_after_qualifier_exclusion,20120831,8,35484,35492,0,0,61
best_global_after_qualifier_exclusion,20120903,8,35477,35485,0,0,61
best_global_after_qualifier_exclusion,20120904,8,35469,35477,0,0,61
best_global_after_qualifier_exclusion,20120905,8,35456,35464,0,0,61
best_global_after_qualifier_exclusion,20120907,8,35456,35464,0,0,61
best_global_after_qualifier_exclusion,20120910,8,35390,35398,0,0,61
best_global_after_qualifier_exclusion,20120911,8,35387,35395,0,0,61
best_global_after_qualifier_exclusion,20120912,8,34779,34787,0,0,63
best_global_after_qualifier_exclusion,20120913,8,34759,34767,0,0,63
best_global_after_qualifier_exclusion,20120914,8,34711,34719,0,0,63
best_global_after_qualifier_exclusion,20120917,8,34667,34675,0,0,63
best_global_after_qualifier_exclusion,20120918,8,34653,34661,0,0,63
best_global_after_qualifier_exclusion,20120919,8,34616,34624,0,0,63
best_global_after_qualifier_exclusion,20120920,8,34496,34504,0,0,63
best_global_after_qualifier_exclusion,20120921,8,34425,34433,0,0,63
best_global_after_qualifier_exclusion,20120924,8,34425,34433,0,0,63
best_global_after_qualifier_exclusion,20120925,8,34387,34395,0,0,63
best_global_after_qualifier_exclusion,20120926,8,34336,34344,0,0,63
best_global_after_qualifier_exclusion,20120927,8,34325,34333,0,0,63
best_global_after_qualifier_exclusion,20120928,8,34279,34287,0,0,63
best_global_after_qualifier_exclusion,20121001,8,34273,34281,0,0,63
best_global_after_qualifier_exclusion,20121002,8,34214,34222,0,0,63
best_global_after_qualifier_exclusion,20121003,8,34166,34174,0,0,63
best_global_after_qualifier_exclusion,20121004,8,34077,34085,0,0,63
best_global_after_qualifier_exclusion,20121005,8,34066,34074,0,0,63
best_global_after_qualifier_exclusion,20121006,8,34066,34074,0,0,63
best_global_after_qualifier_exclusion,20121007,8,34059,34067,0,0,63
best_global_after_qualifier_exclusion,20121008,8,34020,34028,0,0,63
best_global_after_qualifier_exclusion,20121011,8,34004,34012,0,0,63
best_global_after_qualifier_exclusion,20121012,8,34004,34012,0,0,63
best_global_after_qualifier_exclusion,20121015,8,33997,34005,0,0,63
best_global_after_qualifier_exclusion,20121016,8,33951,33959,0,0,63
best_global_after_qualifier_exclusion,20121017,8,33899,33907,0,0,63
best_global_after_qualifier_exclusion,20121018,8,33880,33888,0,0,63
best_global_after_qualifier_exclusion,20121019,8,33865,33873,0,0,63
best_global_after_qualifier_exclusion,20121022,8,33784,33792,0,0,63
best_global_after_qualifier_exclusion,20121023,8,33776,33784,0,0,63
best_global_after_qualifier_exclusion,20121024,8,33728,33736,0,0,63
best_global_after_qualifier_exclusion,20121025,8,33720,33728,0,0,63
best_global_after_qualifier_exclusion,20121026,8,33719,33727,0,0,63
best_global_after_qualifier_exclusion,20121029,8,33694,33702,0,0,63
best_global_after_qualifier_exclusion,20121030,8,33688,33696,0,0,63
best_global_after_qualifier_exclusion,20121031,8,33677,33685,0,0,63
best_global_after_qualifier_exclusion,20121101,8,33668,33676,0,0,63
best_global_after_qualifier_exclusion,20121102,8,33653,33661,0,0,63
best_global_after_qualifier_exclusion,20121104,8,33633,33641,0,0,63
best_global_after_qualifier_exclusion,20121106,8,33620,33628,0,0,63
best_global_after_qualifier_exclusion,20121109,8,33597,33605,0,0,63
best_global_after_qualifier_exclusion,20121111,8,33595,33603,0,0,63
best_global_after_qualifier_exclusion,20121112,8,33591,33599,0,0,63
best_global_after_qualifier_exclusion,20121113,8,33555,33563,0,0,63
best_global_after_qualifier_exclusion,20121114,8,33555,33563,0,0,63
best_global_after_qualifier_exclusion,20121115,8,33541,33549,0,0,64
best_global_after_qualifier_exclusion,20121116,8,33340,33348,0,0,64
best_global_after_qualifier_exclusion,20121117,8,33330,33338,0,0,64
best_global_after_qualifier_exclusion,20121118,8,33300,33308,0,0,64
best_global_after_qualifier_exclusion,20121119,8,33251,33259,0,0,65
best_global_after_qualifier_exclusion,20121120,8,33249,33257,0,0,65
best_global_after_qualifier_exclusion,20121121,8,33116,33124,0,0,65
best_global_after_qualifier_exclusion,20121122,8,33072,33080,0,0,65
best_global_after_qualifier_exclusion,20121123,8,33053,33061,0,0,65
best_global_after_qualifier_exclusion,20121126,8,32952,32960,0,0,65
best_global_after_qualifier_exclusion,20121127,8,32916,32924,0,0,65
best_global_after_qualifier_exclusion,20121128,8,32894,32902,0,0,65
best_global_after_qualifier_exclusion,20121129,8,32891,32899,0,0,65
best_global_after_qualifier_exclusion,20121130,8,32850,32858,0,0,65
best_global_after_qualifier_exclusion,20121203,8,32702,32710,0,0,65
best_global_after_qualifier_exclusion,20121204,8,32683,32691,0,0,65
best_global_after_qualifier_exclusion,20121205,8,32667,32675,0,0,65
best_global_after_qualifier_exclusion,20121206,8,32664,32672,0,0,65
best_global_after_qualifier_exclusion,20121207,8,32632,32640,0,0,65
best_global_after_qualifier_exclusion,20121210,8,32577,32585,0,0,65
best_global_after_qualifier_exclusion,20121211,8,32549,32557,0,0,65
best_global_after_qualifier_exclusion,20121212,8,32512,32520,0,0,65
best_global_after_qualifier_exclusion,20121213,8,32469,32477,0,0,65
best_global_after_qualifier_exclusion,20121214,8,32415,32423,0,0,65
best_global_after_qualifier_exclusion,20121217,8,32412,32420,0,0,65
best_global_after_qualifier_exclusion,20121218,8,32409,32417,0,0,65
best_global_after_qualifier_exclusion,20121219,8,32392,32400,0,0,65
best_global_after_qualifier_exclusion,20121220,8,32326,32334,0,0,65
best_global_after_qualifier_exclusion,20121221,8,32310,32318,0,0,65
best_global_after_qualifier_exclusion,20121226,8,32310,32318,0,0,65
best_global_after_qualifier_exclusion,20130102,8,32308,32316,0,0,65
best_global_after_qualifier_exclusion,20130104,8,32280,32288,0,0,65
best_global_after_qualifier_exclusion,20130107,8,32269,32277,0,0,65
best_global_after_qualifier_exclusion,20130108,8,32221,32229,0,0,65
best_global_after_qualifier_exclusion,20130109,8,32197,32205,0,0,65
best_global_after_qualifier_exclusion,20130110,8,32175,32183,0,0,65
best_global_after_qualifier_exclusion,20130111,8,32123,32131,0,0,65
best_global_after_qualifier_exclusion,20130114,8,32049,32057,0,0,65
best_global_after_qualifier_exclusion,20130116,8,32049,32057,0,0,65
best_global_after_qualifier_exclusion,20130117,8,32049,32057,0,0,65
best_global_after_qualifier_exclusion,20130118,8,32004,32012,0,0,65
best_global_after_qualifier_exclusion,20130121,8,32001,32009,0,0,65
best_global_after_qualifier_exclusion,20130123,8,32001,32009,0,0,65
best_global_after_qualifier_exclusion,20130124,8,31998,32006,0,0,65
best_global_after_qualifier_exclusion,20130125,8,31969,31977,0,0,65
best_global_after_qualifier_exclusion,20130128,8,31952,31960,0,0,65
best_global_after_qualifier_exclusion,20130129,8,31938,31946,0,0,65
best_global_after_qualifier_exclusion,20130130,8,31925,31933,0,0,65
best_global_after_qualifier_exclusion,20130131,8,31918,31926,0,0,65
best_global_after_qualifier_exclusion,20130201,8,31871,31879,0,0,65
best_global_after_qualifier_exclusion,20130203,8,31871,31879,0,0,65
best_global_after_qualifier_exclusion,20130204,8,31848,31856,0,0,65
best_global_after_qualifier_exclusion,20130205,8,31805,31813,0,0,65
best_global_after_qualifier_exclusion,20130206,8,31803,31811,0,0,65
best_global_after_qualifier_exclusion,20130207,8,31803,31811,0,0,65
best_global_after_qualifier_exclusion,20130208,8,31795,31803,0,0,65
best_global_after_qualifier_exclusion,20130209,8,31793,31801,0,0,65
best_global_after_qualifier_exclusion,20130210,8,31777,31785,0,0,65
best_global_after_qualifier_exclusion,20130211,8,31708,31716,0,0,65
best_global_after_qualifier_exclusion,20130212,8,31697,31705,0,0,65
best_global_after_qualifier_exclusion,20130213,8,31687,31695,0,0,65
best_global_after_qualifier_exclusion,20130214,8,31676,31684,0,0,65
best_global_after_qualifier_exclusion,20130215,8,31675,31683,0,0,65
best_global_after_qualifier_exclusion,20130218,8,31665,31673,0,0,65
best_global_after_qualifier_exclusion,20130219,8,31592,31600,0,0,65
best_global_after_qualifier_exclusion,20130221,8,31532,31540,0,0,65
best_global_after_qualifier_exclusion,20130222,8,31488,31496,0,0,65
best_global_after_qualifier_exclusion,20130225,8,31488,31496,0,0,65
best_global_after_qualifier_exclusion,20130226,8,31482,31490,0,0,65
best_global_after_qualifier_exclusion,20130227,8,31481,31489,0,0,65
best_global_after_qualifier_exclusion,20130228,8,31481,31489,0,0,65
best_global_after_qualifier_exclusion,20130301,8,31476,31484,0,0,65
best_global_after_qualifier_exclusion,20130304,8,31474,31482,0,0,65
best_global_after_qualifier_exclusion,20130305,8,31464,31472,0,0,65
best_global_after_qualifier_exclusion,20130306,8,31464,31472,0,0,65
best_global_after_qualifier_exclusion,20130307,8,31460,31468,0,0,65
best_global_after_qualifier_exclusion,20130308,8,31456,31464,0,0,65
best_global_after_qualifier_exclusion,20130309,8,31456,31464,0,0,65
best_global_after_qualifier_exclusion,20130311,8,31205,31213,0,0,65
best_global_after_qualifier_exclusion,20130312,8,31203,31211,0,0,65
best_global_after_qualifier_exclusion,20130313,8,31180,31188,0,0,65
best_global_after_qualifier_exclusion,20130314,8,31129,31137,0,0,65
best_global_after_qualifier_exclusion,20130315,8,31070,31078,0,0,65
best_global_after_qualifier_exclusion,20130316,8,31065,31073,0,0,65
best_global_after_qualifier_exclusion,20130317,8,31065,31073,0,0,65
best_global_after_qualifier_exclusion,20130318,8,31054,31062,0,0,65
best_global_after_qualifier_exclusion,20130319,8,31039,31047,0,0,65
best_global_after_qualifier_exclusion,20130320,8,31005,31013,0,0,65
best_global_after_qualifier_exclusion,20130321,8,30979,30987,0,0,65
best_global_after_qualifier_exclusion,20130322,8,30976,30984,0,0,65
best_global_after_qualifier_exclusion,20130324,8,30966,30974,0,0,65
best_global_after_qualifier_exclusion,20130325,8,30966,30974,0,0,65
best_global_after_qualifier_exclusion,20130326,8,30939,30947,0,0,65
best_global_after_qualifier_exclusion,20130327,8,30922,30930,0,0,65
best_global_after_qualifier_exclusion,20130328,8,30890,30898,0,0,65
best_global_after_qualifier_exclusion,20130331,8,30890,30898,0,0,65
best_global_after_qualifier_exclusion,20130402,8,30886,30894,0,0,65
best_global_after_qualifier_exclusion,20130403,8,30881,30889,0,0,65
best_global_after_qualifier_exclusion,20130408,8,30881,30889,0,0,65
best_global_after_qualifier_exclusion,20130409,8,30859,30867,0,0,65
best_global_after_qualifier_exclusion,20130410,8,30855,30863,0,0,65
best_global_after_qualifier_exclusion,20130411,8,30854,30862,0,0,65
best_global_after_qualifier_exclusion,20130412,8,30758,30766,0,0,65
best_global_after_qualifier_exclusion,20130413,8,30754,30762,0,0,65
best_global_after_qualifier_exclusion,20130414,8,30754,30762,0,0,65
best_global_after_qualifier_exclusion,20130415,8,30749,30757,0,0,65
best_global_after_qualifier_exclusion,20130416,8,30731,30739,0,0,65
best_global_after_qualifier_exclusion,20130417,8,30654,30662,0,0,66
best_global_after_qualifier_exclusion,20130418,8,30651,30659,0,0,66
best_global_after_qualifier_exclusion,20130419,8,30588,30596,0,0,67
best_global_after_qualifier_exclusion,20130422,8,30536,30544,0,0,67
best_global_after_qualifier_exclusion,20130423,8,30523,30531,0,0,67
best_global_after_qualifier_exclusion,20130424,8,30489,30497,0,0,67
best_global_after_qualifier_exclusion,20130425,8,30484,30492,0,0,67
best_global_after_qualifier_exclusion,20130426,8,30455,30463,0,0,67
best_global_after_qualifier_exclusion,20130428,8,30449,30457,0,0,67
best_global_after_qualifier_exclusion,20130429,8,30436,30444,0,0,67
best_global_after_qualifier_exclusion,20130430,8,30433,30441,0,0,67
best_global_after_qualifier_exclusion,20130501,8,30428,30436,0,0,67
best_global_after_qualifier_exclusion,20130502,8,30426,30434,0,0,67
best_global_after_qualifier_exclusion,20130503,8,30371,30379,0,0,68
best_global_after_qualifier_exclusion,20130507,8,30367,30375,0,0,68
best_global_after_qualifier_exclusion,20130509,8,30367,30375,0,0,68
best_global_after_qualifier_exclusion,20130510,8,30366,30374,0,0,68
best_global_after_qualifier_exclusion,20130511,8,30365,30373,0,0,68
best_global_after_qualifier_exclusion,20130513,8,30361,30369,0,0,68
best_global_after_qualifier_exclusion,20130514,8,30356,30364,0,0,68
best_global_after_qualifier_exclusion,20130515,8,30351,30359,0,0,68
best_global_after_qualifier_exclusion,20130516,8,30349,30357,0,0,68
best_global_after_qualifier_exclusion,20130520,8,30349,30357,0,0,68
best_global_after_qualifier_exclusion,20130522,8,30349,30357,0,0,68
best_global_after_qualifier_exclusion,20130523,8,30300,30308,0,0,68
best_global_after_qualifier_exclusion,20130524,8,30252,30260,0,0,69
best_global_after_qualifier_exclusion,20130527,8,30249,30257,0,0,69
best_global_after_qualifier_exclusion,20130528,8,30242,30250,0,0,69
best_global_after_qualifier_exclusion,20130529,8,30204,30212,0,0,69
best_global_after_qualifier_exclusion,20130530,8,30200,30208,0,0,69
best_global_after_qualifier_exclusion,20130531,8,30162,30170,0,0,69
best_global_after_qualifier_exclusion,20130603,8,30156,30164,0,0,69
best_global_after_qualifier_exclusion,20130605,8,30153,30161,0,0,69
best_global_after_qualifier_exclusion,20130606,8,30146,30154,0,0,69
best_global_after_qualifier_exclusion,20130607,8,30140,30148,0,0,69
best_global_after_qualifier_exclusion,20130609,8,30140,30148,0,0,69
best_global_after_qualifier_exclusion,20130610,8,30116,30124,0,0,69
best_global_after_qualifier_exclusion,20130611,8,30116,30124,0,0,69
best_global_after_qualifier_exclusion,20130612,8,30074,30082,0,0,69
best_global_after_qualifier_exclusion,20130613,8,30034,30042,0,0,69
best_global_after_qualifier_exclusion,20130614,8,30013,30021,0,0,69
best_global_after_qualifier_exclusion,20130617,8,29915,29923,0,0,69
best_global_after_qualifier_exclusion,20130618,8,29881,29889,0,0,69
best_global_after_qualifier_exclusion,20130619,8,29852,29860,0,0,69
best_global_after_qualifier_exclusion,20130620,8,29836,29844,0,0,69
best_global_after_qualifier_exclusion,20130621,8,29823,29831,0,0,69
best_global_after_qualifier_exclusion,20130624,8,29815,29823,0,0,69
best_global_after_qualifier_exclusion,20130625,8,29808,29816,0,0,69
best_global_after_qualifier_exclusion,20130626,8,29778,29786,0,0,69
best_global_after_qualifier_exclusion,20130627,8,29694,29702,0,0,69
best_global_after_qualifier_exclusion,20130628,8,29682,29690,0,0,69
best_global_after_qualifier_exclusion,20130701,8,29660,29668,0,0,69
best_global_after_qualifier_exclusion,20130702,8,29656,29664,0,0,69
best_global_after_qualifier_exclusion,20130703,8,29596,29604,0,0,69
best_global_after_qualifier_exclusion,20130704,8,29591,29599,0,0,69
best_global_after_qualifier_exclusion,20130705,8,29587,29595,0,0,69
best_global_after_qualifier_exclusion,20130708,8,29574,29582,0,0,69
best_global_after_qualifier_exclusion,20130709,8,29574,29582,0,0,69
best_global_after_qualifier_exclusion,20130710,8,29560,29568,0,0,69
best_global_after_qualifier_exclusion,20130711,8,29557,29565,0,0,69
best_global_after_qualifier_exclusion,20130712,8,29557,29565,0,0,69
best_global_after_qualifier_exclusion,20130715,8,29547,29555,0,0,69
best_global_after_qualifier_exclusion,20130716,8,29383,29391,0,0,69
best_global_after_qualifier_exclusion,20130717,8,29344,29352,0,0,69
best_global_after_qualifier_exclusion,20130718,8,29246,29254,0,0,69
best_global_after_qualifier_exclusion,20130719,8,29130,29138,0,0,69
best_global_after_qualifier_exclusion,20130722,8,29104,29112,0,0,69
best_global_after_qualifier_exclusion,20130723,8,29081,29089,0,0,69
best_global_after_qualifier_exclusion,20130724,8,29064,29072,0,0,69
best_global_after_qualifier_exclusion,20130726,8,29052,29060,0,0,69
best_global_after_qualifier_exclusion,20130729,8,29043,29051,0,0,70
best_global_after_qualifier_exclusion,20130730,8,29020,29028,0,0,70
best_global_after_qualifier_exclusion,20130731,8,29019,29027,0,0,70
best_global_after_qualifier_exclusion,20130801,8,29015,29023,0,0,70
best_global_after_qualifier_exclusion,20130802,8,29015,29023,0,0,70
best_global_after_qualifier_exclusion,20130805,8,28965,28973,0,0,70
best_global_after_qualifier_exclusion,20130806,8,28951,28959,0,0,70
best_global_after_qualifier_exclusion,20130807,8,28926,28934,0,0,70
best_global_after_qualifier_exclusion,20130808,8,28906,28914,0,0,70
best_global_after_qualifier_exclusion,20130809,8,28904,28912,0,0,70
best_global_after_qualifier_exclusion,20130813,8,28894,28902,0,0,70
best_global_after_qualifier_exclusion,20130814,8,28891,28899,0,0,70
best_global_after_qualifier_exclusion,20130816,8,28887,28895,0,0,70
best_global_after_qualifier_exclusion,20130819,8,28873,28881,0,0,70
best_global_after_qualifier_exclusion,20130820,8,28862,28870,0,0,70
best_global_after_qualifier_exclusion,20130821,8,28785,28793,0,0,70
best_global_after_qualifier_exclusion,20130822,8,28774,28782,0,0,72
best_global_after_qualifier_exclusion,20130823,8,28771,28779,0,0,72
best_global_after_qualifier_exclusion,20130827,8,28771,28779,0,0,72
best_global_after_qualifier_exclusion,20130828,8,28761,28769,0,0,72
best_global_after_qualifier_exclusion,20130829,8,27331,27339,0,0,72
best_global_after_qualifier_exclusion,20130830,8,27301,27309,0,0,72
best_global_after_qualifier_exclusion,20130901,8,27294,27302,0,0,72
best_global_after_qualifier_exclusion,20130902,8,27294,27302,0,0,72
best_global_after_qualifier_exclusion,20130903,8,27294,27302,0,0,72
best_global_after_qualifier_exclusion,20130904,8,27277,27285,0,0,72
best_global_after_qualifier_exclusion,20130905,8,27272,27280,0,0,72
best_global_after_qualifier_exclusion,20130906,8,27269,27277,0,0,72
best_global_after_qualifier_exclusion,20130909,8,27258,27266,0,0,72
best_global_after_qualifier_exclusion,20130910,8,27198,27206,0,0,73
best_global_after_qualifier_exclusion,20130911,8,27181,27189,0,0,73
best_global_after_qualifier_exclusion,20130912,8,27179,27187,0,0,73
best_global_after_qualifier_exclusion,20130913,8,27157,27165,0,0,73
best_global_after_qualifier_exclusion,20130915,8,27157,27165,0,0,73
best_global_after_qualifier_exclusion,20130916,8,27116,27124,0,0,73
best_global_after_qualifier_exclusion,20130917,8,27113,27121,0,0,73
best_global_after_qualifier_exclusion,20130918,8,27076,27084,0,0,73
best_global_after_qualifier_exclusion,20130919,8,27075,27083,0,0,73
best_global_after_qualifier_exclusion,20130920,8,27062,27070,0,0,73
best_global_after_qualifier_exclusion,20130924,8,26936,26944,0,0,73
best_global_after_qualifier_exclusion,20130926,8,26923,26931,0,0,73
best_global_after_qualifier_exclusion,20130927,8,26879,26887,0,0,73
best_global_after_qualifier_exclusion,20130928,8,26879,26887,0,0,73
best_global_after_qualifier_exclusion,20131001,8,26879,26887,0,0,73
best_global_after_qualifier_exclusion,20131002,8,26799,26807,0,0,74
best_global_after_qualifier_exclusion,20131003,8,26754,26762,0,0,74
best_global_after_qualifier_exclusion,20131004,8,26751,26759,0,0,74
best_global_after_qualifier_exclusion,20131007,8,26732,26740,0,0,74
best_global_after_qualifier_exclusion,20131008,8,26664,26672,0,0,74
best_global_after_qualifier_exclusion,20131009,8,26635,26643,0,0,74
best_global_after_qualifier_exclusion,20131010,8,26583,26591,0,0,74
best_global_after_qualifier_exclusion,20131011,8,26533,26541,0,0,74
best_global_after_qualifier_exclusion,20131012,8,26533,26541,0,0,74
best_global_after_qualifier_exclusion,20131013,8,26523,26531,0,0,74
best_global_after_qualifier_exclusion,20131014,8,26500,26508,0,0,74
best_global_after_qualifier_exclusion,20131015,8,26408,26416,0,0,74
best_global_after_qualifier_exclusion,20131016,8,26397,26405,0,0,74
best_global_after_qualifier_exclusion,20131017,8,26341,26349,0,0,74
best_global_after_qualifier_exclusion,20131018,8,26338,26346,0,0,74
best_global_after_qualifier_exclusion,20131019,8,26333,26341,0,0,74
best_global_after_qualifier_exclusion,20131021,8,26331,26339,0,0,74
best_global_after_qualifier_exclusion,20131022,8,26310,26318,0,0,74
best_global_after_qualifier_exclusion,20131024,8,24571,24579,0,0,74
best_global_after_qualifier_exclusion,20131028,8,24571,24579,0,0,74
best_global_after_qualifier_exclusion,20131029,8,24212,24220,0,0,74
best_global_after_qualifier_exclusion,20131030,8,24188,24196,0,0,74
best_global_after_qualifier_exclusion,20131031,8,24167,24175,0,0,74
best_global_after_qualifier_exclusion,20131101,8,24156,24164,0,0,74
best_global_after_qualifier_exclusion,20131103,8,24151,24159,0,0,74
best_global_after_qualifier_exclusion,20131105,8,24138,24146,0,0,74
best_global_after_qualifier_exclusion,20131106,8,24095,24103,0,0,74
best_global_after_qualifier_exclusion,20131107,8,23939,23947,0,0,75
best_global_after_qualifier_exclusion,20131108,8,23919,23927,0,0,75
best_global_after_qualifier_exclusion,20131109,8,23883,23891,0,0,75
best_global_after_qualifier_exclusion,20131110,8,23877,23885,0,0,75
best_global_after_qualifier_exclusion,20131111,8,23877,23885,0,0,75
best_global_after_qualifier_exclusion,20131112,8,23848,23856,0,0,75
best_global_after_qualifier_exclusion,20131113,8,23848,23856,0,0,75
best_global_after_qualifier_exclusion,20131114,8,23839,23847,0,0,75
best_global_after_qualifier_exclusion,20131115,8,23780,23788,0,0,75
best_global_after_qualifier_exclusion,20131118,8,23761,23769,0,0,75
best_global_after_qualifier_exclusion,20131119,8,23747,23755,0,0,75
best_global_after_qualifier_exclusion,20131120,8,23699,23707,0,0,75
best_global_after_qualifier_exclusion,20131121,8,23665,23673,0,0,75
best_global_after_qualifier_exclusion,20131122,8,23611,23619,0,0,75
best_global_after_qualifier_exclusion,20131125,8,23600,23608,0,0,76
best_global_after_qualifier_exclusion,20131126,8,23526,23534,0,0,78
best_global_after_qualifier_exclusion,20131127,8,23489,23497,0,0,78
best_global_after_qualifier_exclusion,20131128,8,23489,23497,0,0,78
best_global_after_qualifier_exclusion,20131129,8,23428,23436,0,0,79
best_global_after_qualifier_exclusion,20131201,8,23397,23405,0,0,79
best_global_after_qualifier_exclusion,20131202,8,23349,23357,0,0,79
best_global_after_qualifier_exclusion,20131203,8,23343,23351,0,0,79
best_global_after_qualifier_exclusion,20131204,8,23337,23345,0,0,79
best_global_after_qualifier_exclusion,20131205,8,22094,22102,0,0,84
best_global_after_qualifier_exclusion,20131206,8,21881,21889,0,0,85
best_global_after_qualifier_exclusion,20131209,8,21792,21800,0,0,85
best_global_after_qualifier_exclusion,20131210,8,21689,21697,0,0,85
best_global_after_qualifier_exclusion,20131211,8,21628,21636,0,0,85
best_global_after_qualifier_exclusion,20131212,8,21568,21576,0,0,85
best_global_after_qualifier_exclusion,20131213,8,21421,21429,0,1,85
best_global_after_qualifier_exclusion,20131216,8,21419,21427,0,1,85
best_global_after_qualifier_exclusion,20131217,8,21419,21427,0,1,85
best_global_after_qualifier_exclusion,20131218,8,21388,21396,0,1,85
best_global_after_qualifier_exclusion,20131219,8,21381,21389,0,1,85
best_global_after_qualifier_exclusion,20131220,8,21347,21355,0,1,85
best_global_after_qualifier_exclusion,20131223,8,21340,21348,0,1,85
best_global_after_qualifier_exclusion,20131224,8,21319,21327,0,1,85
best_global_after_qualifier_exclusion,20131227,8,21298,21306,0,1,86
best_global_after_qualifier_exclusion,20131230,8,21279,21287,0,1,86
best_global_after_qualifier_exclusion,20131231,8,21252,21260,0,1,87
best_global_after_qualifier_exclusion,20140102,8,21252,21260,0,1,87
best_global_after_qualifier_exclusion,20140103,8,21171,21179,0,1,87
best_global_after_qualifier_exclusion,20140106,8,21159,21167,0,1,87
best_global_after_qualifier_exclusion,20140107,8,21095,21103,0,1,87
best_global_after_qualifier_exclusion,20140108,8,21090,21098,0,1,87
best_global_after_qualifier_exclusion,20140109,8,21030,21038,0,1,87
best_global_after_qualifier_exclusion,20140110,8,21005,21013,0,1,88
best_global_after_qualifier_exclusion,20140113,8,20954,20962,0,1,88
best_global_after_qualifier_exclusion,20140115,8,20930,20938,0,1,88
best_global_after_qualifier_exclusion,20140116,8,20930,20938,0,1,88
best_global_after_qualifier_exclusion,20140117,8,20897,20905,0,1,88
best_global_after_qualifier_exclusion,20140120,8,20897,20905,0,1,88
best_global_after_qualifier_exclusion,20140121,8,20887,20895,0,1,88
best_global_after_qualifier_exclusion,20140122,8,20872,20880,0,1,88
best_global_after_qualifier_exclusion,20140124,8,20871,20879,0,1,88
best_global_after_qualifier_exclusion,20140126,8,20871,20879,0,1,88
best_global_after_qualifier_exclusion,20140127,8,20867,20875,0,1,88
best_global_after_qualifier_exclusion,20140128,8,20835,20843,0,1,88
best_global_after_qualifier_exclusion,20140129,8,20797,20805,0,1,88
best_global_after_qualifier_exclusion,20140130,8,20774,20782,0,1,88
best_global_after_qualifier_exclusion,20140131,8,20770,20778,0,1,88
best_global_after_qualifier_exclusion,20140201,8,20758,20766,0,1,89
best_global_after_qualifier_exclusion,20140203,8,19220,19228,0,3,94
best_global_after_qualifier_exclusion,20140204,8,19151,19159,0,3,94
best_global_after_qualifier_exclusion,20140205,8,19120,19128,0,3,94
best_global_after_qualifier_exclusion,20140206,8,19116,19124,0,3,94
best_global_after_qualifier_exclusion,20140207,8,19109,19117,0,3,94
best_global_after_qualifier_exclusion,20140210,8,19102,19110,0,3,94
best_global_after_qualifier_exclusion,20140211,8,19089,19097,0,3,94
best_global_after_qualifier_exclusion,20140212,8,19076,19084,0,3,94
best_global_after_qualifier_exclusion,20140213,8,19038,19046,0,3,94
best_global_after_qualifier_exclusion,20140214,8,19009,19017,0,3,94
best_global_after_qualifier_exclusion,20140216,8,19009,19017,0,3,94
best_global_after_qualifier_exclusion,20140217,8,18981,18989,0,3,94
best_global_after_qualifier_exclusion,20140218,8,18967,18975,0,3,94
best_global_after_qualifier_exclusion,20140219,8,18926,18934,0,3,94
best_global_after_qualifier_exclusion,20140220,8,18916,18924,0,3,94
best_global_after_qualifier_exclusion,20140221,8,18883,18891,0,3,94
best_global_after_qualifier_exclusion,20140223,8,18811,18819,0,3,94
best_global_after_qualifier_exclusion,20140224,8,18755,18763,0,3,94
best_global_after_qualifier_exclusion,20140225,8,18753,18761,0,3,94
best_global_after_qualifier_exclusion,20140226,8,18738,18746,0,3,94
best_global_after_qualifier_exclusion,20140227,8,18711,18719,0,3,94
best_global_after_qualifier_exclusion,20140228,8,18674,18682,0,3,94
best_global_after_qualifier_exclusion,20140301,8,18674,18682,0,3,94
best_global_after_qualifier_exclusion,20140302,8,18660,18668,0,3,94
best_global_after_qualifier_exclusion,20140304,8,18648,18656,0,3,94
best_global_after_qualifier_exclusion,20140305,8,18635,18643,0,3,94
best_global_after_qualifier_exclusion,20140306,8,18624,18632,0,3,94
best_global_after_qualifier_exclusion,20140307,8,18553,18561,0,3,94
best_global_after_qualifier_exclusion,20140309,8,18553,18561,0,3,94
best_global_after_qualifier_exclusion,20140310,8,18548,18556,0,3,94
best_global_after_qualifier_exclusion,20140311,8,18548,18556,0,3,94
best_global_after_qualifier_exclusion,20140312,8,18543,18551,0,3,94
best_global_after_qualifier_exclusion,20140313,8,18528,18536,0,3,94
best_global_after_qualifier_exclusion,20140314,8,18528,18536,0,3,94
best_global_after_qualifier_exclusion,20140316,8,18528,18536,0,3,94
best_global_after_qualifier_exclusion,20140317,8,18490,18498,0,3,94
best_global_after_qualifier_exclusion,20140318,8,18485,18493,0,3,94
best_global_after_qualifier_exclusion,20140319,8,18418,18426,0,3,95
best_global_after_qualifier_exclusion,20140320,8,18090,18098,0,3,96
best_global_after_qualifier_exclusion,20140321,8,18086,18094,0,3,96
best_global_after_qualifier_exclusion,20140322,8,18021,18029,0,3,96
best_global_after_qualifier_exclusion,20140323,8,17975,17983,0,3,96
best_global_after_qualifier_exclusion,20140324,8,17916,17924,0,3,96
best_global_after_qualifier_exclusion,20140325,8,17885,17893,0,3,96
best_global_after_qualifier_exclusion,20140326,8,17753,17761,0,3,98
best_global_after_qualifier_exclusion,20140327,8,17592,17600,0,3,98
best_global_after_qualifier_exclusion,20140328,8,17587,17595,0,3,98
best_global_after_qualifier_exclusion,20140330,8,17587,17595,0,3,98
best_global_after_qualifier_exclusion,20140331,8,17451,17459,0,9,98
best_global_after_qualifier_exclusion,20140401,8,17421,17429,0,9,100
best_global_after_qualifier_exclusion,20140402,8,17377,17385,0,9,100
best_global_after_qualifier_exclusion,20140403,8,17323,17331,0,9,101
best_global_after_qualifier_exclusion,20140404,8,17302,17310,0,9,101
best_global_after_qualifier_exclusion,20140405,8,17301,17309,0,9,101
best_global_after_qualifier_exclusion,20140406,8,17296,17304,0,9,101
best_global_after_qualifier_exclusion,20140407,8,17293,17301,0,9,101
best_global_after_qualifier_exclusion,20140408,8,17292,17300,0,9,101
best_global_after_qualifier_exclusion,20140409,8,17262,17270,0,9,101
best_global_after_qualifier_exclusion,20140410,8,17151,17159,0,9,101
best_global_after_qualifier_exclusion,20140411,8,17106,17114,0,9,102
best_global_after_qualifier_exclusion,20140413,8,17106,17114,0,9,102
best_global_after_qualifier_exclusion,20140415,8,17095,17103,0,9,102
best_global_after_qualifier_exclusion,20140416,8,17076,17084,0,9,102
best_global_after_qualifier_exclusion,20140417,8,17043,17051,0,9,102
best_global_after_qualifier_exclusion,20140418,8,17043,17051,0,9,102
best_global_after_qualifier_exclusion,20140422,8,16887,16895,0,9,103
best_global_after_qualifier_exclusion,20140423,8,16874,16882,0,9,103
best_global_after_qualifier_exclusion,20140424,8,16830,16838,0,10,103
best_global_after_qualifier_exclusion,20140425,8,16813,16821,0,10,103
best_global_after_qualifier_exclusion,20140428,8,16744,16752,0,10,103
best_global_after_qualifier_exclusion,20140429,8,16730,16738,0,10,103
best_global_after_qualifier_exclusion,20140430,8,16706,16714,0,10,103
best_global_after_qualifier_exclusion,20140502,8,16622,16630,0,10,103
best_global_after_qualifier_exclusion,20140505,8,16590,16598,0,10,103
best_global_after_qualifier_exclusion,20140506,8,16590,16598,0,10,103
best_global_after_qualifier_exclusion,20140507,8,16580,16588,0,10,104
best_global_after_qualifier_exclusion,20140508,8,16547,16555,0,10,104
best_global_after_qualifier_exclusion,20140509,8,16535,16543,0,10,104
best_global_after_qualifier_exclusion,20140512,8,16470,16478,0,10,105
best_global_after_qualifier_exclusion,20140513,8,16386,16394,0,10,105
best_global_after_qualifier_exclusion,20140514,8,16345,16353,0,10,105
best_global_after_qualifier_exclusion,20140515,8,16269,16277,0,10,105
best_global_after_qualifier_exclusion,20140516,8,16219,16227,0,10,106
best_global_after_qualifier_exclusion,20140519,8,16180,16188,0,10,106
best_global_after_qualifier_exclusion,20140520,8,16163,16171,0,10,106
best_global_after_qualifier_exclusion,20140521,8,14503,14511,0,10,113
best_global_after_qualifier_exclusion,20140522,8,14468,14476,0,10,113
best_global_after_qualifier_exclusion,20140523,8,14441,14449,0,10,113
best_global_after_qualifier_exclusion,20140527,8,14386,14394,0,10,113
best_global_after_qualifier_exclusion,20140528,8,14381,14389,0,10,113
best_global_after_qualifier_exclusion,20140529,8,14370,14378,0,10,113
best_global_after_qualifier_exclusion,20140530,8,14350,14358,0,10,114
best_global_after_qualifier_exclusion,20140603,8,14306,14314,0,10,114
best_global_after_qualifier_exclusion,20140604,8,14305,14313,0,10,114
best_global_after_qualifier_exclusion,20140605,8,14299,14307,0,10,114
best_global_after_qualifier_exclusion,20140606,8,14281,14289,0,10,114
best_global_after_qualifier_exclusion,20140609,8,14276,14284,0,10,114
best_global_after_qualifier_exclusion,20140610,8,14266,14274,0,10,114
best_global_after_qualifier_exclusion,20140611,8,14266,14274,0,10,114
best_global_after_qualifier_exclusion,20140612,8,14255,14263,0,10,114
best_global_after_qualifier_exclusion,20140613,8,14253,14261,0,10,114
best_global_after_qualifier_exclusion,20140616,8,14253,14261,0,10,114
best_global_after_qualifier_exclusion,20140617,8,14235,14243,0,10,114
best_global_after_qualifier_exclusion,20140618,8,14235,14243,0,10,114
best_global_after_qualifier_exclusion,20140619,8,14235,14243,0,10,114
best_global_after_qualifier_exclusion,20140620,8,14211,14219,0,10,114
best_global_after_qualifier_exclusion,20140623,8,14166,14174,0,10,114
best_global_after_qualifier_exclusion,20140624,8,14161,14169,0,10,114
best_global_after_qualifier_exclusion,20140625,8,14158,14166,0,10,114
best_global_after_qualifier_exclusion,20140626,8,14156,14164,0,10,114
best_global_after_qualifier_exclusion,20140627,8,13783,13791,0,10,115
best_global_after_qualifier_exclusion,20140630,8,13780,13788,0,10,115
best_global_after_qualifier_exclusion,20140701,8,13719,13727,0,10,116
best_global_after_qualifier_exclusion,20140702,8,13671,13679,0,10,116
best_global_after_qualifier_exclusion,20140703,8,13626,13634,0,10,117
best_global_after_qualifier_exclusion,20140704,8,13573,13581,0,10,117
best_global_after_qualifier_exclusion,20140705,8,13573,13581,0,10,117
best_global_after_qualifier_exclusion,20140706,8,13567,13575,0,10,117
best_global_after_qualifier_exclusion,20140707,8,13541,13549,0,10,117
best_global_after_qualifier_exclusion,20140708,8,13541,13549,0,10,117
best_global_after_qualifier_exclusion,20140709,8,13528,13536,0,10,117
best_global_after_qualifier_exclusion,20140710,8,13495,13503,0,10,117
best_global_after_qualifier_exclusion,20140711,8,13495,13503,0,10,117
best_global_after_qualifier_exclusion,20140714,8,13150,13158,0,14,117
best_global_after_qualifier_exclusion,20140715,8,13103,13111,0,14,117
best_global_after_qualifier_exclusion,20140716,8,13030,13038,0,14,117
best_global_after_qualifier_exclusion,20140717,8,13018,13026,0,14,117
best_global_after_qualifier_exclusion,20140718,8,13006,13014,0,14,117
best_global_after_qualifier_exclusion,20140720,8,12978,12986,0,14,117
best_global_after_qualifier_exclusion,20140721,8,12970,12978,0,14,117
best_global_after_qualifier_exclusion,20140722,8,12958,12966,0,14,117
best_global_after_qualifier_exclusion,20140723,8,12951,12959,0,14,117
best_global_after_qualifier_exclusion,20140724,8,12928,12936,0,14,117
best_global_after_qualifier_exclusion,20140725,8,12918,12926,0,14,117
best_global_after_qualifier_exclusion,20140726,8,12909,12917,0,14,117
best_global_after_qualifier_exclusion,20140728,8,12889,12897,0,14,119
best_global_after_qualifier_exclusion,20140729,8,12790,12798,0,14,119
best_global_after_qualifier_exclusion,20140730,8,12768,12776,0,14,119
best_global_after_qualifier_exclusion,20140731,8,12703,12711,0,14,119
best_global_after_qualifier_exclusion,20140801,8,12696,12704,0,14,119
best_global_after_qualifier_exclusion,20140804,8,12620,12628,0,14,119
best_global_after_qualifier_exclusion,20140805,8,12602,12610,0,14,119
best_global_after_qualifier_exclusion,20140806,8,12525,12533,0,14,119
best_global_after_qualifier_exclusion,20140807,8,12455,12463,0,15,119
best_global_after_qualifier_exclusion,20140808,8,12409,12417,0,15,119
best_global_after_qualifier_exclusion,20140811,8,12380,12388,0,15,120
best_global_after_qualifier_exclusion,20140812,8,12349,12357,0,15,120
best_global_after_qualifier_exclusion,20140813,8,12335,12343,0,15,120
best_global_after_qualifier_exclusion,20140814,8,12307,12315,0,15,120
best_global_after_qualifier_exclusion,20140815,8,12267,12275,0,15,120
best_global_after_qualifier_exclusion,20140817,8,12224,12232,0,15,120
best_global_after_qualifier_exclusion,20140818,8,12202,12210,0,15,120
best_global_after_qualifier_exclusion,20140819,8,12173,12181,0,15,121
best_global_after_qualifier_exclusion,20140820,8,12163,12171,0,15,121
best_global_after_qualifier_exclusion,20140821,8,12128,12136,0,15,121
best_global_after_qualifier_exclusion,20140822,8,12111,12119,0,15,121
best_global_after_qualifier_exclusion,20140823,8,12108,12116,0,15,121
best_global_after_qualifier_exclusion,20140824,8,12108,12116,0,15,121
best_global_after_qualifier_exclusion,20140826,8,12093,12101,0,15,121
best_global_after_qualifier_exclusion,20140827,8,12045,12053,0,15,121
best_global_after_qualifier_exclusion,20140828,8,12023,12031,0,15,121
best_global_after_qualifier_exclusion,20140829,8,12022,12030,0,15,121
best_global_after_qualifier_exclusion,20140901,8,11963,11971,0,15,121
best_global_after_qualifier_exclusion,20140902,8,11910,11918,0,15,121
best_global_after_qualifier_exclusion,20140903,8,11908,11916,0,15,121
best_global_after_qualifier_exclusion,20140904,8,11886,11894,0,15,121
best_global_after_qualifier_exclusion,20140905,8,11872,11880,0,15,121
best_global_after_qualifier_exclusion,20140908,8,11840,11848,0,15,121
best_global_after_qualifier_exclusion,20140909,8,11816,11824,0,15,121
best_global_after_qualifier_exclusion,20140910,8,11797,11805,0,15,121
best_global_after_qualifier_exclusion,20140911,8,11797,11805,0,15,121
best_global_after_qualifier_exclusion,20140912,8,11764,11772,0,15,121
best_global_after_qualifier_exclusion,20140915,8,11734,11742,0,15,121
best_global_after_qualifier_exclusion,20140916,8,11701,11709,0,15,121
best_global_after_qualifier_exclusion,20140917,8,11690,11698,0,15,121
best_global_after_qualifier_exclusion,20140918,8,11687,11695,0,15,121
best_global_after_qualifier_exclusion,20140919,8,11685,11693,0,15,121
best_global_after_qualifier_exclusion,20140920,8,11680,11688,0,16,121
best_global_after_qualifier_exclusion,20140921,8,11675,11683,0,16,121
best_global_after_qualifier_exclusion,20140922,8,11674,11682,0,16,121
best_global_after_qualifier_exclusion,20140923,8,11634,11642,0,16,121
best_global_after_qualifier_exclusion,20140924,8,11603,11611,0,16,121
best_global_after_qualifier_exclusion,20140925,8,11603,11611,0,16,121
best_global_after_qualifier_exclusion,20140926,8,11545,11553,0,16,121
best_global_after_qualifier_exclusion,20140927,8,11545,11553,0,16,121
best_global_after_qualifier_exclusion,20140929,8,11531,11539,0,17,121
best_global_after_qualifier_exclusion,20140930,8,11529,11537,0,17,121
best_global_after_qualifier_exclusion,20141001,8,11491,11499,0,17,121
best_global_after_qualifier_exclusion,20141002,8,11479,11487,0,17,121
best_global_after_qualifier_exclusion,20141003,8,11479,11487,0,17,121
best_global_after_qualifier_exclusion,20141005,8,11479,11487,0,17,121
best_global_after_qualifier_exclusion,20141006,8,11430,11438,0,17,121
best_global_after_qualifier_exclusion,20141007,8,11413,11421,0,17,121
best_global_after_qualifier_exclusion,20141008,8,11401,11409,0,17,121
best_global_after_qualifier_exclusion,20141009,8,11390,11398,0,17,121
best_global_after_qualifier_exclusion,20141010,8,11375,11383,0,17,121
best_global_after_qualifier_exclusion,20141014,8,11360,11368,0,17,121
best_global_after_qualifier_exclusion,20141015,8,11339,11347,0,17,121
best_global_after_qualifier_exclusion,20141016,8,11326,11334,0,17,121
best_global_after_qualifier_exclusion,20141017,8,11253,11261,0,17,121
best_global_after_qualifier_exclusion,20141021,8,11216,11224,0,17,121
best_global_after_qualifier_exclusion,20141022,8,11186,11194,0,17,121
best_global_after_qualifier_exclusion,20141023,8,11029,11037,1,17,121
best_global_after_qualifier_exclusion,20141024,8,11007,11015,1,17,121
best_global_after_qualifier_exclusion,20141025,8,11007,11015,1,17,121
best_global_after_qualifier_exclusion,20141027,8,10968,10976,1,17,121
best_global_after_qualifier_exclusion,20141028,8,10957,10965,1,17,121
best_global_after_qualifier_exclusion,20141029,8,10926,10934,1,17,121
best_global_after_qualifier_exclusion,20141030,8,10918,10926,1,17,121
best_global_after_qualifier_exclusion,20141031,8,10855,10863,1,17,121
best_global_after_qualifier_exclusion,20141103,8,10822,10830,1,17,121
best_global_after_qualifier_exclusion,20141104,8,10818,10826,1,17,121
best_global_after_qualifier_exclusion,20141105,8,10701,10709,1,18,121
best_global_after_qualifier_exclusion,20141106,8,10017,10025,1,18,121
best_global_after_qualifier_exclusion,20141107,8,9897,9905,1,19,121
best_global_after_qualifier_exclusion,20141109,8,9897,9905,1,19,121
best_global_after_qualifier_exclusion,20141110,8,9820,9828,1,19,121
best_global_after_qualifier_exclusion,20141111,8,9793,9801,1,19,121
best_global_after_qualifier_exclusion,20141112,8,9729,9737,1,19,121
best_global_after_qualifier_exclusion,20141113,8,9643,9651,1,20,121
best_global_after_qualifier_exclusion,20141114,8,9637,9645,1,20,121
best_global_after_qualifier_exclusion,20141115,8,9637,9645,1,20,121
best_global_after_qualifier_exclusion,20141116,8,9633,9641,1,20,121
best_global_after_qualifier_exclusion,20141117,8,9390,9398,1,25,121
best_global_after_qualifier_exclusion,20141118,8,9337,9345,1,25,121
best_global_after_qualifier_exclusion,20141119,8,9315,9323,1,25,121
best_global_after_qualifier_exclusion,20141120,8,9307,9315,1,25,121
best_global_after_qualifier_exclusion,20141122,8,9278,9286,1,25,121
best_global_after_qualifier_exclusion,20141124,8,9268,9276,1,25,121
best_global_after_qualifier_exclusion,20141125,8,9238,9246,1,25,121
best_global_after_qualifier_exclusion,20141126,8,9220,9228,1,25,121
best_global_after_qualifier_exclusion,20141127,8,9178,9186,1,25,121
best_global_after_qualifier_exclusion,20141128,8,9178,9186,1,25,121
best_global_after_qualifier_exclusion,20141129,8,9177,9185,1,25,121
best_global_after_qualifier_exclusion,20141201,8,9173,9181,1,25,121
best_global_after_qualifier_exclusion,20141202,8,9130,9138,1,25,121
best_global_after_qualifier_exclusion,20141203,8,9077,9085,1,25,121
best_global_after_qualifier_exclusion,20141204,8,9040,9048,1,25,121
best_global_after_qualifier_exclusion,20141205,8,9011,9019,1,25,121
best_global_after_qualifier_exclusion,20141207,8,9011,9019,1,25,121
best_global_after_qualifier_exclusion,20141208,8,8963,8971,1,25,121
best_global_after_qualifier_exclusion,20141209,8,8936,8944,1,25,121
best_global_after_qualifier_exclusion,20141210,8,8925,8933,1,26,121
best_global_after_qualifier_exclusion,20141211,8,8913,8921,1,26,121
best_global_after_qualifier_exclusion,20141212,8,8911,8919,1,26,121
best_global_after_qualifier_exclusion,20141215,8,8911,8919,1,26,121
best_global_after_qualifier_exclusion,20141216,8,8903,8911,1,26,121
best_global_after_qualifier_exclusion,20141217,8,8871,8879,1,26,121
best_global_after_qualifier_exclusion,20141218,8,8797,8805,1,26,121
best_global_after_qualifier_exclusion,20141219,8,8786,8794,1,26,121
best_global_after_qualifier_exclusion,20141222,8,8760,8768,1,26,121
best_global_after_qualifier_exclusion,20141227,8,8760,8768,1,26,121
best_global_after_qualifier_exclusion,20141229,8,8746,8754,1,26,121
best_global_after_qualifier_exclusion,20150103,8,8746,8754,1,26,121
best_global_after_qualifier_exclusion,20150104,8,8743,8751,1,26,121
best_global_after_qualifier_exclusion,20150105,8,8732,8740,1,26,121
best_global_after_qualifier_exclusion,20150106,8,8731,8739,1,26,121
best_global_after_qualifier_exclusion,20150107,8,8708,8716,1,26,121
best_global_after_qualifier_exclusion,20150108,8,8667,8675,1,26,121
best_global_after_qualifier_exclusion,20150109,8,8631,8639,1,27,121
best_global_after_qualifier_exclusion,20150112,8,8619,8627,1,27,121
best_global_after_qualifier_exclusion,20150113,8,8578,8586,1,28,121
best_global_after_qualifier_exclusion,20150114,8,8578,8586,1,28,121
best_global_after_qualifier_exclusion,20150115,8,8563,8571,1,28,121
best_global_after_qualifier_exclusion,20150116,8,8535,8543,1,28,121
best_global_after_qualifier_exclusion,20150118,8,8534,8542,1,28,121
best_global_after_qualifier_exclusion,20150119,8,8517,8525,1,28,121
best_global_after_qualifier_exclusion,20150120,8,8499,8507,1,28,121
best_global_after_qualifier_exclusion,20150121,8,8477,8485,1,28,121
best_global_after_qualifier_exclusion,20150122,8,8390,8398,1,28,121
best_global_after_qualifier_exclusion,20150123,8,8378,8386,1,28,121
best_global_after_qualifier_exclusion,20150126,8,8370,8378,1,28,121
best_global_after_qualifier_exclusion,20150127,8,8359,8367,1,28,121
best_global_after_qualifier_exclusion,20150128,8,8353,8361,1,28,121
best_global_after_qualifier_exclusion,20150129,8,8323,8331,1,28,121
best_global_after_qualifier_exclusion,20150130,8,8323,8331,1,28,121
best_global_after_qualifier_exclusion,20150131,8,8323,8331,1,28,121
best_global_after_qualifier_exclusion,20150201,8,8322,8330,1,28,121
best_global_after_qualifier_exclusion,20150202,8,8237,8245,1,30,121
best_global_after_qualifier_exclusion,20150203,8,8201,8209,1,30,121
best_global_after_qualifier_exclusion,20150204,8,8183,8191,1,30,121
best_global_after_qualifier_exclusion,20150205,8,8156,8164,1,30,121
best_global_after_qualifier_exclusion,20150206,8,8126,8134,1,30,121
best_global_after_qualifier_exclusion,20150207,8,8119,8127,1,30,121
best_global_after_qualifier_exclusion,20150208,8,8119,8127,1,30,121
best_global_after_qualifier_exclusion,20150209,8,8051,8059,1,30,121
best_global_after_qualifier_exclusion,20150210,8,8025,8033,1,30,121
best_global_after_qualifier_exclusion,20150211,8,8016,8024,1,30,121
best_global_after_qualifier_exclusion,20150212,8,7983,7991,1,30,121
best_global_after_qualifier_exclusion,20150213,8,7954,7962,1,30,121
best_global_after_qualifier_exclusion,20150216,8,7933,7941,1,30,121
best_global_after_qualifier_exclusion,20150217,8,7910,7918,1,30,121
best_global_after_qualifier_exclusion,20150218,8,7905,7913,1,30,121
best_global_after_qualifier_exclusion,20150219,8,7903,7911,1,30,121
best_global_after_qualifier_exclusion,20150220,8,7903,7911,1,30,121
best_global_after_qualifier_exclusion,20150223,8,7831,7839,1,31,121
best_global_after_qualifier_exclusion,20150224,8,7831,7839,1,31,121
best_global_after_qualifier_exclusion,20150225,8,7759,7767,1,31,121
best_global_after_qualifier_exclusion,20150226,8,7750,7758,1,31,121
best_global_after_qualifier_exclusion,20150227,8,7715,7723,1,31,121
best_global_after_qualifier_exclusion,20150302,8,7711,7719,1,31,121
best_global_after_qualifier_exclusion,20150303,8,7635,7643,1,31,121
best_global_after_qualifier_exclusion,20150304,8,7604,7612,1,31,121
best_global_after_qualifier_exclusion,20150305,8,7588,7596,1,32,121
best_global_after_qualifier_exclusion,20150306,8,7584,7592,1,32,121
best_global_after_qualifier_exclusion,20150309,8,7568,7576,1,32,121
best_global_after_qualifier_exclusion,20150310,8,7530,7538,1,32,121
best_global_after_qualifier_exclusion,20150311,8,7522,7530,1,32,121
best_global_after_qualifier_exclusion,20150312,8,7520,7528,1,32,121
best_global_after_qualifier_exclusion,20150313,8,7502,7510,1,32,121
best_global_after_qualifier_exclusion,20150316,8,7452,7460,1,32,121
best_global_after_qualifier_exclusion,20150317,8,7395,7403,1,33,121
best_global_after_qualifier_exclusion,20150318,8,7391,7399,1,33,121
best_global_after_qualifier_exclusion,20150319,8,7364,7372,1,34,121
best_global_after_qualifier_exclusion,20150320,8,7354,7362,1,34,121
best_global_after_qualifier_exclusion,20150323,8,7339,7347,1,34,121
best_global_after_qualifier_exclusion,20150324,8,7339,7347,1,34,121
best_global_after_qualifier_exclusion,20150325,8,7327,7335,1,34,121
best_global_after_qualifier_exclusion,20150326,8,7316,7324,1,34,121
best_global_after_qualifier_exclusion,20150327,8,7282,7290,1,34,121
best_global_after_qualifier_exclusion,20150328,8,7276,7284,1,34,121
best_global_after_qualifier_exclusion,20150329,8,7269,7277,1,35,121
best_global_after_qualifier_exclusion,20150330,8,7256,7264,1,35,121
best_global_after_qualifier_exclusion,20150331,8,7234,7242,1,35,121
best_global_after_qualifier_exclusion,20150401,8,7212,7220,1,35,121
best_global_after_qualifier_exclusion,20150402,8,7180,7188,1,36,121
best_global_after_qualifier_exclusion,20150406,8,7145,7153,1,37,121
best_global_after_qualifier_exclusion,20150408,8,7137,7145,1,37,121
best_global_after_qualifier_exclusion,20150409,8,7094,7102,1,37,121
best_global_after_qualifier_exclusion,20150410,8,7088,7096,1,37,121
best_global_after_qualifier_exclusion,20150413,8,7085,7093,1,37,121
best_global_after_qualifier_exclusion,20150414,8,7036,7044,3,37,121
best_global_after_qualifier_exclusion,20150415,8,6993,7001,3,37,121
best_global_after_qualifier_exclusion,20150416,8,6993,7001,3,37,121
best_global_after_qualifier_exclusion,20150417,8,6939,6947,3,38,121
best_global_after_qualifier_exclusion,20150418,8,6933,6941,3,38,121
best_global_after_qualifier_exclusion,20150420,8,6931,6939,3,38,121
best_global_after_qualifier_exclusion,20150421,8,6810,6818,3,38,121
best_global_after_qualifier_exclusion,20150422,8,6771,6779,3,38,121
best_global_after_qualifier_exclusion,20150423,8,6771,6779,3,38,121
best_global_after_qualifier_exclusion,20150424,8,6759,6767,3,38,121
best_global_after_qualifier_exclusion,20150427,8,6759,6767,3,38,121
best_global_after_qualifier_exclusion,20150428,8,6739,6747,3,38,121
best_global_after_qualifier_exclusion,20150429,8,6735,6743,3,38,121
best_global_after_qualifier_exclusion,20150430,8,6690,6698,3,39,121
best_global_after_qualifier_exclusion,20150501,8,6674,6682,3,41,121
best_global_after_qualifier_exclusion,20150504,8,6590,6598,3,41,121
best_global_after_qualifier_exclusion,20150505,8,6570,6578,3,41,121
best_global_after_qualifier_exclusion,20150506,8,6538,6546,3,42,121
best_global_after_qualifier_exclusion,20150507,8,6509,6517,3,42,121
best_global_after_qualifier_exclusion,20150508,8,6489,6497,3,42,121
best_global_after_qualifier_exclusion,20150509,8,6483,6491,3,42,121
best_global_after_qualifier_exclusion,20150511,8,6455,6463,3,42,121
best_global_after_qualifier_exclusion,20150512,8,6440,6448,3,42,121
best_global_after_qualifier_exclusion,20150513,8,6420,6428,3,42,121
best_global_after_qualifier_exclusion,20150514,8,6382,6390,3,42,121
best_global_after_qualifier_exclusion,20150515,8,6330,6338,3,43,121
best_global_after_qualifier_exclusion,20150518,8,6322,6330,3,43,121
best_global_after_qualifier_exclusion,20150519,8,6241,6249,3,43,121
best_global_after_qualifier_exclusion,20150520,8,6227,6235,3,43,121
best_global_after_qualifier_exclusion,20150521,8,6105,6113,3,47,121
best_global_after_qualifier_exclusion,20150522,8,6087,6095,3,47,121
best_global_after_qualifier_exclusion,20150526,8,6086,6094,3,47,121
best_global_after_qualifier_exclusion,20150527,8,6029,6037,4,48,121
best_global_after_qualifier_exclusion,20150528,8,5982,5990,4,48,121
best_global_after_qualifier_exclusion,20150601,8,5967,5975,4,49,121
best_global_after_qualifier_exclusion,20150602,8,5945,5953,4,49,121
best_global_after_qualifier_exclusion,20150603,8,5937,5945,4,49,121
best_global_after_qualifier_exclusion,20150604,8,5884,5892,4,49,121
best_global_after_qualifier_exclusion,20150605,8,5882,5890,4,49,121
best_global_after_qualifier_exclusion,20150607,8,5882,5890,4,49,121
best_global_after_qualifier_exclusion,20150608,8,5882,5890,4,49,121
best_global_after_qualifier_exclusion,20150609,8,5861,5869,4,49,121
best_global_after_qualifier_exclusion,20150610,8,5858,5866,4,49,121
best_global_after_qualifier_exclusion,20150611,8,5825,5833,4,49,121
best_global_after_qualifier_exclusion,20150612,8,5798,5806,4,50,121
best_global_after_qualifier_exclusion,20150615,8,5792,5800,4,50,121
best_global_after_qualifier_exclusion,20150616,8,5665,5673,4,52,121
best_global_after_qualifier_exclusion,20150617,8,5662,5670,4,52,121
best_global_after_qualifier_exclusion,20150618,8,5629,5637,4,52,121
best_global_after_qualifier_exclusion,20150619,8,5603,5611,4,52,121
best_global_after_qualifier_exclusion,20150620,8,5599,5607,4,52,121
best_global_after_qualifier_exclusion,20150622,8,5494,5502,4,58,121
best_global_after_qualifier_exclusion,20150623,8,5410,5418,4,60,121
best_global_after_qualifier_exclusion,20150624,8,5391,5399,4,61,121
best_global_after_qualifier_exclusion,20150625,8,5389,5397,4,61,121
best_global_after_qualifier_exclusion,20150626,8,5325,5333,4,64,121
best_global_after_qualifier_exclusion,20150629,8,5325,5333,4,64,121
best_global_after_qualifier_exclusion,20150630,8,5222,5230,4,64,121
best_global_after_qualifier_exclusion,20150701,8,5207,5215,4,64,121
best_global_after_qualifier_exclusion,20150702,8,5168,5176,4,64,121
best_global_after_qualifier_exclusion,20150703,8,5158,5166,4,64,121
best_global_after_qualifier_exclusion,20150704,8,5158,5166,4,64,121
best_global_after_qualifier_exclusion,20150706,8,5156,5164,4,64,121
best_global_after_qualifier_exclusion,20150707,8,5134,5142,4,65,121
best_global_after_qualifier_exclusion,20150708,8,5124,5132,4,65,121
best_global_after_qualifier_exclusion,20150709,8,5091,5099,4,67,121
best_global_after_qualifier_exclusion,20150710,8,5082,5090,4,67,121
best_global_after_qualifier_exclusion,20150713,8,5034,5042,4,67,121
best_global_after_qualifier_exclusion,20150714,8,5016,5024,4,67,121
best_global_after_qualifier_exclusion,20150715,8,4994,5002,4,67,121
best_global_after_qualifier_exclusion,20150716,8,4962,4970,4,67,121
best_global_after_qualifier_exclusion,20150717,8,4958,4966,4,67,121
best_global_after_qualifier_exclusion,20150718,8,4953,4961,4,67,121
best_global_after_qualifier_exclusion,20150720,8,4923,4931,4,67,121
best_global_after_qualifier_exclusion,20150721,8,4922,4930,4,67,121
best_global_after_qualifier_exclusion,20150722,8,4918,4926,4,67,121
best_global_after_qualifier_exclusion,20150723,8,4881,4889,4,68,121
best_global_after_qualifier_exclusion,20150724,8,4864,4872,4,68,121
best_global_after_qualifier_exclusion,20150725,8,4864,4872,4,68,121
best_global_after_qualifier_exclusion,20150727,8,4835,4843,4,69,121
best_global_after_qualifier_exclusion,20150728,8,4806,4814,4,71,121
best_global_after_qualifier_exclusion,20150729,8,4772,4780,4,71,121
best_global_after_qualifier_exclusion,20150730,8,4757,4765,4,71,121
best_global_after_qualifier_exclusion,20150731,8,4748,4756,4,71,121
best_global_after_qualifier_exclusion,20150803,8,4746,4754,4,71,121
best_global_after_qualifier_exclusion,20150806,8,4642,4650,4,76,121
best_global_after_qualifier_exclusion,20150807,8,4642,4650,4,76,121
best_global_after_qualifier_exclusion,20150810,8,4633,4641,4,76,121
best_global_after_qualifier_exclusion,20150811,8,4632,4640,4,76,121
best_global_after_qualifier_exclusion,20150812,8,4616,4624,4,76,121
best_global_after_qualifier_exclusion,20150813,8,4614,4622,4,76,121
best_global_after_qualifier_exclusion,20150814,8,4609,4617,4,76,121
best_global_after_qualifier_exclusion,20150817,8,4609,4617,4,76,121
best_global_after_qualifier_exclusion,20150818,8,4608,4616,4,76,121
best_global_after_qualifier_exclusion,20150819,8,4602,4610,4,76,121
best_global_after_qualifier_exclusion,20150820,8,4580,4588,4,76,121
best_global_after_qualifier_exclusion,20150821,8,4580,4588,4,76,121
best_global_after_qualifier_exclusion,20150822,8,4532,4540,4,77,121
best_global_after_qualifier_exclusion,20150824,8,4518,4526,4,77,121
best_global_after_qualifier_exclusion,20150825,8,4516,4524,4,77,121
best_global_after_qualifier_exclusion,20150826,8,4514,4522,4,77,121
best_global_after_qualifier_exclusion,20150827,8,4513,4521,4,77,121
best_global_after_qualifier_exclusion,20150828,8,4494,4502,4,77,121
best_global_after_qualifier_exclusion,20150831,8,4492,4500,4,78,121
best_global_after_qualifier_exclusion,20150901,8,4462,4470,4,78,121
best_global_after_qualifier_exclusion,20150902,8,4455,4463,4,78,121
best_global_after_qualifier_exclusion,20150904,8,4450,4458,4,78,121
best_global_after_qualifier_exclusion,20150909,8,4435,4443,4,78,121
best_global_after_qualifier_exclusion,20150910,8,4424,4432,4,78,121
best_global_after_qualifier_exclusion,20150911,8,4424,4432,4,78,121
best_global_after_qualifier_exclusion,20150914,8,4399,4407,4,78,121
best_global_after_qualifier_exclusion,20150915,8,4391,4399,4,78,121
best_global_after_qualifier_exclusion,20150916,8,4295,4303,4,80,121
best_global_after_qualifier_exclusion,20150917,8,4276,4284,4,81,121
best_global_after_qualifier_exclusion,20150918,8,4273,4281,4,81,121
best_global_after_qualifier_exclusion,20150921,8,4270,4278,4,81,121
best_global_after_qualifier_exclusion,20150922,8,4257,4265,4,81,121
best_global_after_qualifier_exclusion,20150923,8,4245,4253,4,81,121
best_global_after_qualifier_exclusion,20150924,8,4234,4242,4,82,121
best_global_after_qualifier_exclusion,20150925,8,4229,4237,4,82,121
best_global_after_qualifier_exclusion,20150926,8,4214,4222,4,83,121
best_global_after_qualifier_exclusion,20150928,8,4157,4165,4,84,121
best_global_after_qualifier_exclusion,20150929,8,4119,4127,4,87,121
best_global_after_qualifier_exclusion,20151001,8,4114,4122,4,87,121
best_global_after_qualifier_exclusion,20151002,8,4098,4106,4,87,121
best_global_after_qualifier_exclusion,20151005,8,4095,4103,4,87,121
best_global_after_qualifier_exclusion,20151006,8,4045,4053,4,87,121
best_global_after_qualifier_exclusion,20151007,8,4033,4041,4,87,121
best_global_after_qualifier_exclusion,20151008,8,4017,4025,4,87,121
best_global_after_qualifier_exclusion,20151009,8,4006,4014,4,88,121
best_global_after_qualifier_exclusion,20151012,8,4003,4011,4,88,121
best_global_after_qualifier_exclusion,20151013,8,3978,3986,4,89,121
best_global_after_qualifier_exclusion,20151014,8,3942,3950,4,89,121
best_global_after_qualifier_exclusion,20151015,8,3934,3942,4,89,121
best_global_after_qualifier_exclusion,20151016,13,3356,3369,4,102,121
best_global_after_qualifier_exclusion,20151019,13,3320,3333,4,102,121
best_global_after_qualifier_exclusion,20151020,13,3320,3333,4,102,121
best_global_after_qualifier_exclusion,20151021,13,3309,3322,4,104,121
best_global_after_qualifier_exclusion,20151022,13,3190,3203,4,106,121
best_global_after_qualifier_exclusion,20151023,13,3166,3179,4,107,121
best_global_after_qualifier_exclusion,20151025,13,3166,3179,4,107,121
best_global_after_qualifier_exclusion,20151026,13,3128,3141,4,108,121
best_global_after_qualifier_exclusion,20151027,13,3118,3131,4,108,121
best_global_after_qualifier_exclusion,20151028,13,3107,3120,4,108,121
best_global_after_qualifier_exclusion,20151029,13,3019,3032,4,108,121
best_global_after_qualifier_exclusion,20151030,13,2837,2850,4,112,121
best_global_after_qualifier_exclusion,20151102,13,2813,2826,4,112,121
best_global_after_qualifier_exclusion,20151103,13,2813,2826,4,112,121
best_global_after_qualifier_exclusion,20151104,13,2809,2822,4,112,121
best_global_after_qualifier_exclusion,20151105,13,2796,2809,4,112,121
best_global_after_qualifier_exclusion,20151106,13,2781,2794,4,112,121
best_global_after_qualifier_exclusion,20151109,13,2770,2783,4,112,121
best_global_after_qualifier_exclusion,20151110,13,2747,2760,4,112,121
best_global_after_qualifier_exclusion,20151112,13,2733,2746,4,112,121
best_global_after_qualifier_exclusion,20151116,13,2697,2710,4,112,121
best_global_after_qualifier_exclusion,20151117,13,2670,2683,4,112,121
best_global_after_qualifier_exclusion,20151118,13,2633,2646,4,112,121
best_global_after_qualifier_exclusion,20151120,13,2632,2645,4,112,121
best_global_after_qualifier_exclusion,20151123,13,2595,2608,4,113,121
best_global_after_qualifier_exclusion,20151124,13,2595,2608,4,113,121
best_global_after_qualifier_exclusion,20151125,13,2578,2591,4,113,121
best_global_after_qualifier_exclusion,20151126,13,2576,2589,4,113,121
best_global_after_qualifier_exclusion,20151127,13,2544,2557,4,113,121
best_global_after_qualifier_exclusion,20151130,13,2540,2553,4,113,121
best_global_after_qualifier_exclusion,20151201,13,2537,2550,4,113,121
best_global_after_qualifier_exclusion,20151202,13,2524,2537,4,114,121
best_global_after_qualifier_exclusion,20151203,13,2512,2525,4,114,121
best_global_after_qualifier_exclusion,20151204,13,2512,2525,4,114,121
best_global_after_qualifier_exclusion,20151207,13,2505,2518,4,114,121
best_global_after_qualifier_exclusion,20151208,13,2473,2486,4,115,121
best_global_after_qualifier_exclusion,20151209,13,2466,2479,4,116,121
best_global_after_qualifier_exclusion,20151210,13,2435,2448,4,116,121
best_global_after_qualifier_exclusion,20151211,13,2429,2442,4,116,121
best_global_after_qualifier_exclusion,20151214,13,2416,2429,4,116,121
best_global_after_qualifier_exclusion,20151215,13,2380,2393,4,116,121
best_global_after_qualifier_exclusion,20151217,13,2365,2378,4,116,121
best_global_after_qualifier_exclusion,20151218,13,2274,2287,5,117,121
best_global_after_qualifier_exclusion,20151221,13,2273,2286,5,117,121
best_global_after_qualifier_exclusion,20151222,13,2266,2279,5,117,121
best_global_after_qualifier_exclusion,20151223,13,2260,2273,5,117,121
best_global_after_qualifier_exclusion,20151228,13,2227,2240,5,117,121
best_global_after_qualifier_exclusion,20160103,13,2207,2220,5,117,121
best_global_after_qualifier_exclusion,20160104,13,2140,2153,5,117,121
best_global_after_qualifier_exclusion,20160105,13,2137,2150,5,117,121
best_global_after_qualifier_exclusion,20160106,13,2128,2141,5,117,121
best_global_after_qualifier_exclusion,20160107,13,2121,2134,5,117,121
best_global_after_qualifier_exclusion,20160108,13,2096,2109,5,117,121
best_global_after_qualifier_exclusion,20160111,13,2088,2101,5,117,121
best_global_after_qualifier_exclusion,20160112,13,2051,2064,5,117,121
best_global_after_qualifier_exclusion,20160114,13,2006,2019,5,117,121
best_global_after_qualifier_exclusion,20160115,13,1994,2007,5,117,121
best_global_after_qualifier_exclusion,20160118,13,1977,1990,5,118,121
best_global_after_qualifier_exclusion,20160119,13,1957,1970,5,118,121
best_global_after_qualifier_exclusion,20160120,13,1957,1970,5,118,121
best_global_after_qualifier_exclusion,20160121,13,1906,1919,5,118,121
best_global_after_qualifier_exclusion,20160122,13,1883,1896,5,118,121
best_global_after_qualifier_exclusion,20160125,13,1882,1895,5,118,121
best_global_after_qualifier_exclusion,20160126,13,1863,1876,5,118,121
best_global_after_qualifier_exclusion,20160127,13,1851,1864,5,118,121
best_global_after_qualifier_exclusion,20160128,13,1846,1859,5,118,121
best_global_after_qualifier_exclusion,20160129,13,1842,1855,5,118,121
best_global_after_qualifier_exclusion,20160201,13,1836,1849,5,118,121
best_global_after_qualifier_exclusion,20160202,13,1835,1848,5,118,121
best_global_after_qualifier_exclusion,20160204,13,1821,1834,5,118,121
best_global_after_qualifier_exclusion,20160205,13,1795,1808,5,118,121
best_global_after_qualifier_exclusion,20160208,13,1787,1800,5,118,121
best_global_after_qualifier_exclusion,20160209,13,1710,1723,5,118,121
best_global_after_qualifier_exclusion,20160210,13,1699,1712,5,118,121
best_global_after_qualifier_exclusion,20160211,13,1656,1669,5,118,121
best_global_after_qualifier_exclusion,20160212,13,1634,1647,5,118,121
best_global_after_qualifier_exclusion,20160215,13,1632,1645,5,118,121
best_global_after_qualifier_exclusion,20160217,13,1617,1630,5,118,121
best_global_after_qualifier_exclusion,20160218,13,1607,1620,5,118,121
best_global_after_qualifier_exclusion,20160219,13,1597,1610,5,118,121
best_global_after_qualifier_exclusion,20160222,13,1564,1577,5,118,121
best_global_after_qualifier_exclusion,20160223,13,1558,1571,5,118,121
best_global_after_qualifier_exclusion,20160224,13,1558,1571,5,118,121
best_global_after_qualifier_exclusion,20160225,13,1511,1524,5,118,121
best_global_after_qualifier_exclusion,20160226,13,1511,1524,5,118,121
best_global_after_qualifier_exclusion,20160229,13,1502,1515,5,118,121
best_global_after_qualifier_exclusion,20160301,13,1470,1483,5,118,121
best_global_after_qualifier_exclusion,20160303,13,1445,1458,5,118,121
best_global_after_qualifier_exclusion,20160304,13,1399,1412,5,118,121
best_global_after_qualifier_exclusion,20160307,13,1394,1407,5,118,121
best_global_after_qualifier_exclusion,20160309,13,1371,1384,5,118,121
best_global_after_qualifier_exclusion,20160310,13,1327,1340,5,118,121
best_global_after_qualifier_exclusion,20160311,13,1309,1322,5,118,121
best_global_after_qualifier_exclusion,20160312,13,1307,1320,5,118,121
best_global_after_qualifier_exclusion,20160314,13,1302,1315,5,118,121
best_global_after_qualifier_exclusion,20160315,13,1295,1308,5,118,121
best_global_after_qualifier_exclusion,20160316,13,1295,1308,5,118,121
best_global_after_qualifier_exclusion,20160317,13,1289,1302,5,118,121
best_global_after_qualifier_exclusion,20160318,13,1246,1259,5,118,121
best_global_after_qualifier_exclusion,20160320,13,1210,1223,5,118,121
best_global_after_qualifier_exclusion,20160321,13,1186,1199,5,118,121
best_global_after_qualifier_exclusion,20160322,13,1179,1192,5,118,121
best_global_after_qualifier_exclusion,20160323,13,1144,1157,5,118,121
best_global_after_qualifier_exclusion,20160324,13,1127,1140,5,118,121
best_global_after_qualifier_exclusion,20160325,13,1120,1133,5,118,121
best_global_after_qualifier_exclusion,20160328,13,1120,1133,5,118,121
best_global_after_qualifier_exclusion,20160329,13,1119,1132,5,118,121
best_global_after_qualifier_exclusion,20160330,13,1105,1118,5,118,121
best_global_after_qualifier_exclusion,20160331,13,1075,1088,5,118,121
best_global_after_qualifier_exclusion,20160401,13,1074,1087,5,118,121
best_global_after_qualifier_exclusion,20160403,13,1068,1081,5,118,121
best_global_after_qualifier_exclusion,20160404,13,1065,1078,5,118,121
best_global_after_qualifier_exclusion,20160405,13,1044,1057,5,118,121
best_global_after_qualifier_exclusion,20160406,13,1038,1051,5,118,121
best_global_after_qualifier_exclusion,20160407,13,1014,1027,5,119,121
best_global_after_qualifier_exclusion,20160408,13,1014,1027,5,119,121
best_global_after_qualifier_exclusion,20160411,13,1014,1027,5,119,121
best_global_after_qualifier_exclusion,20160413,13,1012,1025,5,119,121
best_global_after_qualifier_exclusion,20160414,13,1012,1025,5,119,121
best_global_after_qualifier_exclusion,20160415,13,1012,1025,5,119,121
best_global_after_qualifier_exclusion,20160418,13,1003,1016,5,119,121
best_global_after_qualifier_exclusion,20160419,13,1003,1016,5,119,121
best_global_after_qualifier_exclusion,20160420,13,959,972,5,119,121
best_global_after_qualifier_exclusion,20160421,13,937,950,5,119,121
best_global_after_qualifier_exclusion,20160422,13,937,950,5,119,121
best_global_after_qualifier_exclusion,20160425,13,937,950,5,119,121
best_global_after_qualifier_exclusion,20160426,13,907,920,5,119,121
best_global_after_qualifier_exclusion,20160427,13,874,887,5,119,121
best_global_after_qualifier_exclusion,20160428,13,820,833,5,119,121
best_global_after_qualifier_exclusion,20160429,13,820,833,5,119,121
best_global_after_qualifier_exclusion,20160502,13,816,829,5,119,121
best_global_after_qualifier_exclusion,20160503,13,816,829,5,119,121
best_global_after_qualifier_exclusion,20160504,13,815,828,5,119,121
best_global_after_qualifier_exclusion,20160506,13,804,817,5,119,121
best_global_after_qualifier_exclusion,20160509,13,784,797,5,119,121
best_global_after_qualifier_exclusion,20160510,13,774,787,5,119,121
best_global_after_qualifier_exclusion,20160511,13,737,750,5,119,121
best_global_after_qualifier_exclusion,20160512,13,727,740,5,119,121
best_global_after_qualifier_exclusion,20160513,13,717,730,5,119,121
best_global_after_qualifier_exclusion,20160516,13,715,728,5,119,121
best_global_after_qualifier_exclusion,20160517,13,698,711,6,119,121
best_global_after_qualifier_exclusion,20160518,13,693,706,6,119,121
best_global_after_qualifier_exclusion,20160519,13,693,706,6,119,121
best_global_after_qualifier_exclusion,20160520,13,601,614,14,119,121
best_global_after_qualifier_exclusion,20160521,13,586,599,14,119,121
best_global_after_qualifier_exclusion,20160523,13,568,581,14,119,121
best_global_after_qualifier_exclusion,20160524,13,549,562,17,119,121
best_global_after_qualifier_exclusion,20160525,13,366,379,25,121,121
best_global_after_qualifier_exclusion,20160526,13,351,364,25,121,121
best_global_after_qualifier_exclusion,20160527,13,351,364,25,121,121
best_global_after_qualifier_exclusion,20160530,13,350,363,25,121,121
best_global_after_qualifier_exclusion,20160531,13,330,343,26,121,121
best_global_after_qualifier_exclusion,20160601,13,300,313,26,121,121
best_global_after_qualifier_exclusion,20160602,13,267,280,30,121,121
best_global_after_qualifier_exclusion,20160603,13,266,279,30,121,121
best_global_after_qualifier_exclusion,20160606,13,256,269,30,121,121
best_global_after_qualifier_exclusion,20160607,13,251,264,32,121,121
best_global_after_qualifier_exclusion,20160608,13,221,234,38,121,121
best_global_after_qualifier_exclusion,20160609,13,201,214,38,121,121
best_global_after_qualifier_exclusion,20160610,13,199,212,38,121,121
best_global_after_qualifier_exclusion,20160613,13,177,190,44,121,121
best_global_after_qualifier_exclusion,20160614,13,168,181,46,121,121
best_global_after_qualifier_exclusion,20160615,13,131,144,46,121,121
best_global_after_qualifier_exclusion,20160616,13,101,114,53,121,121
best_global_after_qualifier_exclusion,20160617,13,91,104,60,121,121
best_global_after_qualifier_exclusion,20160618,13,91,104,60,121,121
best_global_after_qualifier_exclusion,20160619,13,87,100,61,121,121
best_global_after_qualifier_exclusion,20160620,13,80,93,62,121,121
best_global_after_qualifier_exclusion,20160621,13,72,85,62,121,121
best_global_after_qualifier_exclusion,20160622,13,59,72,68,121,121
best_global_after_qualifier_exclusion,20160623,13,49,62,69,121,121
best_global_after_qualifier_exclusion,20160624,13,42,55,74,121,121
best_global_after_qualifier_exclusion,20160627,13,42,55,74,121,121
best_global_after_qualifier_exclusion,20160628,13,0,13,108,121,121
best_global_after_qualifier_exclusion,20160629,13,0,13,108,121,121
best_global_after_qualifier_exclusion,20160630,13,0,13,108,121,121
best_global_after_qualifier_exclusion,20160701,13,0,13,108,121,121
