LABEL MATCHING: GOA v159, exclude {'IBA', 'TAS', 'IEA', 'ND', 'NAS'}, is_a propagation
Denominator: 4278 mapped GraphSAGE genes
Genes with filtered BP annotations: 3731
exact=0/121, >=99%=78/121, >=95%=85/121

col  10: GO:0043412   macromolecule modification                     99.93% fp=  3 fn=  0
  FP: [9577, 10432, 130399]
col  14: GO:0045935   positive regulation of nucleobase-containing compound metabolic process  99.93% fp=  3 fn=  0
  FP: [4843, 4985, 55801]
col  29: GO:0010557   positive regulation of macromolecule biosynthetic process  99.93% fp=  3 fn=  0
  FP: [4985, 55801, 80351]
col  39: GO:0036211   protein modification process                   99.93% fp=  3 fn=  0
  FP: [9577, 10432, 130399]
col  63: GO:0036211   protein modification process                   99.93% fp=  3 fn=  0
  FP: [9577, 10432, 130399]
col  93: GO:0010628   positive regulation of gene expression         99.93% fp=  3 fn=  0
  FP: [4282, 4985, 55801]
col  72: GO:0051254   positive regulation of RNA metabolic process   99.91% fp=  4 fn=  0
  FP: [4843, 4846, 4985, 55801]
col  74: GO:0051173   positive regulation of nitrogen compound metabolic process  99.91% fp=  4 fn=  0
  FP: [186, 4843, 4985, 55801]
col 104: GO:0009891   positive regulation of biosynthetic process    99.91% fp=  4 fn=  0
  FP: [186, 4985, 55801, 80351]
col 111: GO:0031328   positive regulation of cellular biosynthetic process  99.91% fp=  4 fn=  0
  FP: [186, 4985, 55801, 80351]
col  59: GO:0006355   regulation of transcription, DNA-templated     99.88% fp=  5 fn=  0
  FP: [491, 4985, 10978, 22955, 55801]
col  64: GO:0051716   cellular response to stimulus                  99.88% fp=  5 fn=  0
  FP: [491, 6872, 6880, 84268, 85365]
col   8: GO:1902589   single-organism organelle organization         99.86% fp=  6 fn=  0
  FP: [118, 119, 3304, 4860, 10228, 143098]
col  22: GO:0006355   regulation of transcription, DNA-templated     99.86% fp=  5 fn=  1
  FP: [491, 4985, 10978, 22955, 55801]
  FN: [81]
col  33: GO:0042221   response to chemical                           99.86% fp=  6 fn=  0
  FP: [267, 491, 1233, 6403, 6788, 553115]
col  79: GO:2001141   regulation of RNA biosynthetic process         99.86% fp=  6 fn=  0
  FP: [491, 1233, 4985, 10978, 22955, 55801]
col  88: GO:0010468   regulation of gene expression                  99.86% fp=  6 fn=  0
  FP: [491, 1233, 4846, 8829, 10978, 55801]
col  36: GO:0051128   regulation of cellular component organization  99.84% fp=  7 fn=  0
  FP: [722, 949, 1233, 4843, 6788, 8315, 11315]
col  82: GO:0019219   regulation of nucleobase-containing compound metabolic process  99.84% fp=  7 fn=  0
  FP: [491, 1233, 4843, 4985, 10978, 22955, 55801]
col  55: GO:2000112   regulation of cellular macromolecule biosynthetic process  99.81% fp=  8 fn=  0
  FP: [491, 4843, 4846, 4985, 10978, 22955, 55801, 80351]
col  73: GO:0051171   regulation of nitrogen compound metabolic process  99.81% fp=  8 fn=  0
  FP: [186, 491, 1233, 4843, 4985, 10978, 22955, 55801]
col  89: GO:0010605   negative regulation of macromolecule metabolic process  99.81% fp=  8 fn=  0
  FP: [1233, 2931, 4842, 4846, 8829, 10978, 27005, 30837]
col 120: GO:0051252   regulation of RNA metabolic process            99.81% fp=  8 fn=  0
  FP: [491, 1233, 4843, 4846, 4985, 10978, 22955, 55801]
col  45: GO:0009889   regulation of biosynthetic process             99.79% fp=  9 fn=  0
  FP: [186, 491, 1233, 4843, 4985, 10978, 22955, 55801, 80351]
col  78: GO:0010556   regulation of macromolecule biosynthetic process  99.79% fp=  9 fn=  0
  FP: [491, 1233, 4843, 4846, 4985, 10978, 22955, 55801, 80351]
col  80: GO:0044267   cellular protein metabolic process             99.79% fp=  9 fn=  0
  FP: [6188, 6194, 6207, 6210, 6223, 6231, 9577, 10432, 130399]
col 112: GO:0031326   regulation of cellular biosynthetic process    99.79% fp=  9 fn=  0
  FP: [186, 491, 1233, 4843, 4985, 10978, 22955, 55801, 80351]
col  41: GO:0032502   developmental process                          99.77% fp=  9 fn=  1
  FP: [355, 401, 3248, 4282, 4647, 4843, 4846, 6667, 7412]
  FN: [30061]
col  57: GO:0031399   regulation of protein modification process     99.77% fp= 10 fn=  0
  FP: [491, 1236, 5925, 8315, 8324, 10978, 11184, 30837, 55801, 149233]
col  60: GO:0048518   positive regulation of biological process      99.77% fp= 10 fn=  0
  FP: [491, 1233, 3848, 5045, 8315, 9049, 10978, 11184, 55801, 85365]
col  62: GO:0032879   regulation of localization                     99.77% fp= 10 fn=  0
  FP: [491, 722, 1825, 3304, 3670, 4760, 4790, 6788, 55801, 85365]
col  94: GO:0044767   single-organism developmental process          99.77% fp=  9 fn=  1
  FP: [355, 401, 3248, 4282, 4647, 4843, 4846, 6667, 7412]
  FN: [30061]
col  87: GO:0010604   positive regulation of macromolecule metabolic process  99.74% fp= 11 fn=  0
  FP: [491, 2932, 4843, 4846, 5045, 8315, 9049, 11184, 55801, 85365, 149233]
col 113: GO:0031325   positive regulation of cellular metabolic process  99.74% fp= 11 fn=  0
  FP: [491, 2932, 4843, 5045, 8315, 9049, 11184, 55801, 59272, 85365, 149233]
col 114: GO:0031324   negative regulation of cellular metabolic process  99.74% fp= 11 fn=  0
  FP: [491, 2931, 4842, 4843, 4846, 8829, 10395, 10978, 22955, 30837, 54576]
col  37: GO:0009892   negative regulation of metabolic process       99.72% fp= 12 fn=  0
  FP: [491, 1233, 2931, 4842, 4846, 8829, 10395, 10978, 27005, 30837, 54576, 54658]
col  52: GO:0048522   positive regulation of cellular process        99.72% fp= 12 fn=  0
  FP: [491, 1233, 3625, 4843, 5045, 8315, 9049, 10555, 10978, 11184, 55801, 85365]
col  56: GO:0050793   regulation of developmental process            99.72% fp= 12 fn=  0
  FP: [185, 405, 1071, 1233, 3569, 4023, 4790, 6788, 7376, 8399, 10062, 85365]
col 103: GO:0009893   positive regulation of metabolic process       99.72% fp= 12 fn=  0
  FP: [491, 2932, 4843, 5045, 8315, 9049, 11184, 26119, 55801, 59272, 85365, 149233]
col  91: GO:0019538   protein metabolic process                      99.70% fp= 13 fn=  0
  FP: [1636, 3848, 6188, 6194, 6207, 6210, 6223, 6231, 8775, 9577, 10432, 59272, 130399]
col 107: GO:0006996   organelle organization                         99.70% fp= 10 fn=  3
  FP: [118, 119, 1191, 2149, 3304, 4860, 8943, 9002, 79017, 143098]
  FN: [3248, 55471, 55801]
col  53: GO:0060255   regulation of macromolecule metabolic process  99.67% fp= 14 fn=  0
  FP: [491, 1233, 2931, 2932, 4846, 8315, 9024, 9049, 10978, 11184, 30837, 55801, 85365, 149233]
col  13: GO:0051239   regulation of multicellular organismal process  99.65% fp= 15 fn=  0
  FP: [491, 624, 1233, 1825, 1889, 2946, 3162, 5167, 6788, 7391, 7448, 7531, 10642, 55801, 85365]
col  34: GO:0032268   regulation of cellular protein metabolic process  99.65% fp= 15 fn=  0
  FP: [491, 1236, 2932, 4790, 4843, 4846, 8315, 8324, 9049, 10978, 11184, 30837, 55801, 85365, 149233]
col  42: GO:0065009   regulation of molecular function               99.65% fp= 15 fn=  0
  FP: [491, 1233, 1236, 4985, 5470, 8315, 8829, 10978, 11184, 23586, 30837, 54496, 65018, 85365, 149233]
col 105: GO:0050896   response to stimulus                           99.65% fp= 14 fn=  1
  FP: [491, 624, 1233, 3690, 3848, 6403, 6732, 6733, 6788, 6872, 8315, 8564, 84268, 553115]
  FN: [51166]
col 115: GO:0031323   regulation of cellular metabolic process       99.65% fp= 15 fn=  0
  FP: [491, 1233, 2932, 4843, 8315, 9049, 10978, 11184, 22955, 30837, 54576, 55801, 59272, 85365, 149233]
col  98: GO:0019222   regulation of metabolic process                99.63% fp= 16 fn=  0
  FP: [491, 1233, 2932, 8315, 9024, 9049, 10978, 11184, 26119, 30837, 54576, 54658, 55801, 59272, 85365, 149233]
col  38: GO:0080090   regulation of primary metabolic process        99.60% fp= 17 fn=  0
  FP: [491, 1233, 2932, 4843, 8315, 9024, 9049, 10978, 11184, 22955, 26119, 30837, 54576, 54658, 55801, 85365, 149233]
col  49: GO:0051246   regulation of protein metabolic process        99.60% fp= 17 fn=  0
  FP: [491, 2932, 4790, 4843, 4846, 8315, 8324, 9024, 9049, 10978, 11184, 27005, 30837, 55801, 79595, 85365, 149233]
col  15: GO:0048519   negative regulation of biological process      99.58% fp= 17 fn=  1
  FP: [43, 491, 998, 1071, 1233, 1236, 3248, 6667, 7391, 8829, 10978, 27005, 30837, 54576, 54658, 55801, 85365]
  FN: [30061]
col  50: GO:0048523   negative regulation of cellular process        99.58% fp= 17 fn=  1
  FP: [43, 491, 998, 1071, 1233, 1236, 3248, 4843, 6667, 8829, 10978, 22955, 27005, 30837, 54576, 55801, 85365]
  FN: [30061]
col  83: GO:0007165   signal transduction                            99.58% fp= 16 fn=  2
  FP: [324, 333, 801, 805, 808, 817, 915, 2946, 3248, 7466, 8312, 9702, 10928, 27201, 79849, 85365]
  FN: [30061, 121599]
col  90: GO:0048584   positive regulation of response to stimulus    99.58% fp= 18 fn=  0
  FP: [405, 1454, 1649, 3091, 3600, 3728, 3848, 4023, 5603, 7295, 7391, 7448, 8324, 10555, 10978, 11184, 55801, 57679]
col  11: GO:0009966   regulation of signal transduction              99.56% fp= 19 fn=  0
  FP: [405, 491, 1236, 1454, 3728, 5499, 6667, 6880, 7295, 8324, 8945, 10555, 10978, 11184, 30837, 55801, 57679, 85365, 149233]
col  65: GO:0044765   single-organism transport                      99.56% fp= 18 fn=  1
  FP: [498, 509, 513, 514, 515, 521, 522, 1200, 3990, 5950, 6303, 7178, 7531, 9551, 10297, 10476, 10632, 30061]
  FN: [27201]
col  96: GO:0006950   response to stress                             99.56% fp= 18 fn=  1
  FP: [491, 624, 1236, 3690, 3848, 6403, 6622, 6732, 6733, 6788, 6872, 6880, 7099, 8315, 8564, 84268, 85365, 149233]
  FN: [51166]
col  17: GO:0006810   transport                                      99.53% fp= 19 fn=  1
  FP: [498, 509, 513, 514, 515, 521, 522, 1200, 3990, 5950, 6303, 7178, 7531, 9551, 10297, 10476, 10632, 30061, 85365]
  FN: [27201]
col  21: GO:0050794   regulation of cellular process                 99.53% fp= 18 fn=  2
  FP: [43, 491, 1071, 1233, 1825, 3248, 9049, 9702, 10555, 10928, 10978, 22955, 27201, 30837, 54576, 55801, 79849, 85365]
  FN: [30061, 121599]
col  30: GO:0065007   biological regulation                          99.53% fp= 19 fn=  1
  FP: [624, 1215, 1233, 1825, 3248, 8775, 8818, 9049, 9702, 10978, 30837, 54344, 54576, 54577, 54600, 54658, 55801, 79849, 85365]
  FN: [121599]
col  31: GO:1902578   single-organism localization                   99.53% fp= 19 fn=  1
  FP: [498, 509, 513, 514, 515, 521, 522, 1200, 3990, 4040, 5950, 6303, 7178, 7531, 9551, 10297, 10476, 10632, 30061]
  FN: [27201]
col  61: GO:0051234   establishment of localization                  99.53% fp= 19 fn=  1
  FP: [498, 509, 513, 514, 515, 521, 522, 1200, 3990, 5950, 6303, 7178, 7531, 9551, 10297, 10476, 10632, 30061, 85365]
  FN: [27201]
col   0: GO:0050789   regulation of biological process               99.51% fp= 19 fn=  2
  FP: [43, 491, 624, 1215, 1233, 1825, 3248, 3848, 9049, 9702, 10928, 10978, 27201, 30837, 54576, 54658, 55801, 79849, 85365]
  FN: [30061, 121599]
col 101: GO:0010646   regulation of cell communication               99.51% fp= 21 fn=  0
  FP: [43, 405, 491, 1236, 1454, 3728, 4760, 5499, 6667, 6880, 7295, 8324, 8945, 10555, 10978, 11184, 30837, 55801, 57679, 85365, 149233]
col  43: GO:0065008   regulation of biological quality               99.49% fp= 21 fn=  1
  FP: [624, 1233, 1236, 1825, 2159, 3670, 4790, 7178, 7448, 8531, 8775, 8818, 8828, 22863, 30061, 54344, 54576, 54577, 54600, 54658, 89781]
  FN: [27201]
col  54: GO:0023051   regulation of signaling                        99.49% fp= 22 fn=  0
  FP: [43, 405, 491, 817, 1236, 1454, 3728, 4760, 5499, 6667, 6880, 7295, 8324, 8945, 10555, 10978, 11184, 30837, 55801, 57679, 85365, 149233]
col  75: GO:0051179   localization                                   99.49% fp= 21 fn=  1
  FP: [498, 509, 513, 514, 515, 521, 522, 701, 1200, 3990, 4040, 5950, 6303, 7178, 7531, 9551, 10297, 10476, 10632, 30061, 85365]
  FN: [27201]
col  92: GO:0044260   cellular macromolecule metabolic process       99.46% fp= 23 fn=  0
  FP: [405, 1233, 3178, 3185, 3187, 3190, 3192, 6188, 6207, 6210, 6231, 6667, 6882, 7298, 7536, 9092, 10432, 10492, 24148, 26986, 51340, 84268, 130399]
col   9: GO:0043170   macromolecule metabolic process                99.39% fp= 26 fn=  0
  FP: [405, 1233, 1636, 3178, 3185, 3187, 3190, 3192, 3848, 6188, 6207, 6210, 6231, 6667, 6882, 7298, 7536, 8775, 9092, 10432, 10492, 24148, 26986, 51340, 84268, 130399]
col  76: GO:0016043   cellular component organization                99.39% fp= 24 fn=  2
  FP: [210, 241, 344, 1236, 1291, 1292, 1429, 1491, 3304, 4054, 4282, 4860, 6877, 7083, 8626, 9002, 9127, 23020, 27232, 30844, 51076, 55856, 57120, 84869]
  FN: [3248, 55801]
col  58: GO:0043933   macromolecular complex subunit organization    99.37% fp= 26 fn=  1
  FP: [210, 241, 344, 1291, 1292, 1429, 1491, 4282, 6648, 6877, 7083, 8626, 9127, 10432, 10938, 23020, 27232, 30844, 30845, 51076, 55471, 55856, 57120, 84869, 120892, 143098]
  FN: [79017]
col  23: GO:0016043   cellular component organization                99.35% fp= 24 fn=  4
  FP: [210, 241, 344, 1236, 1291, 1292, 1429, 1491, 3304, 4054, 4282, 4860, 6877, 7083, 8626, 9002, 9127, 23020, 27232, 30844, 51076, 55856, 57120, 84869]
  FN: [3248, 6194, 25999, 55801]
col  51: GO:0048583   regulation of response to stimulus             99.35% fp= 28 fn=  0
  FP: [185, 405, 491, 1215, 1454, 3600, 3728, 3848, 4023, 4860, 5499, 5603, 6667, 7391, 7448, 8324, 8945, 10555, 10978, 11184, 22861, 27005, 30837, 55801, 57679, 59272, 85365, 143098]
col  32: GO:0008150   biological_process                             99.32% fp= 27 fn=  2
  FP: [509, 513, 514, 521, 701, 942, 1233, 1292, 1738, 1825, 7083, 7389, 7536, 8775, 9127, 9551, 10476, 10632, 30837, 51076, 55856, 56994, 57120, 64802, 79849, 349565, 553115]
  FN: [3988, 121599]
col   2: GO:0044710   single-organism metabolic process              99.30% fp= 28 fn=  2
  FP: [267, 509, 513, 514, 515, 521, 522, 1636, 1738, 3248, 3651, 3848, 4842, 7389, 8527, 8578, 9551, 10432, 10476, 10632, 51196, 56994, 59272, 64802, 84268, 143098, 200576, 349565]
  FN: [3988, 30061]
col  85: GO:0044699   single-organism process                        99.28% fp= 29 fn=  2
  FP: [267, 401, 509, 513, 514, 521, 941, 942, 1233, 1738, 1825, 2159, 3248, 3586, 3589, 3848, 6667, 6788, 7178, 7389, 8527, 9551, 10297, 10476, 10632, 56994, 59272, 64802, 349565]
  FN: [3988, 27201]
col  66: GO:0044763   single-organism cellular process               99.06% fp= 38 fn=  2
  FP: [267, 344, 401, 498, 509, 513, 514, 515, 521, 522, 941, 942, 1636, 1738, 1815, 3248, 3570, 3586, 3589, 4054, 4842, 6788, 7178, 7389, 7531, 8527, 9551, 10228, 10297, 10476, 10632, 51196, 56994, 59272, 64802, 84268, 200576, 349565]
  FN: [3988, 27201]
col  77: GO:0034641   cellular nitrogen compound metabolic process   99.02% fp= 41 fn=  1
  FP: [405, 498, 509, 513, 514, 515, 521, 522, 1233, 1738, 2810, 3178, 3185, 3187, 3190, 3192, 3651, 6188, 6207, 6210, 6231, 6608, 6667, 6882, 7389, 7536, 9092, 9551, 10476, 10492, 10632, 24148, 26986, 27035, 51340, 56994, 59272, 64802, 79595, 84268, 349565]
  FN: [3988]
col   4: GO:1901360   organic cyclic compound metabolic process      98.99% fp= 43 fn=  0
  FP: [405, 498, 509, 513, 514, 515, 521, 522, 1233, 1738, 1812, 1813, 1814, 1815, 2810, 3178, 3185, 3187, 3190, 3192, 3651, 4843, 6667, 6882, 7389, 7536, 8578, 9092, 9551, 10476, 10492, 10632, 24148, 26986, 27035, 51340, 54576, 54577, 54658, 64802, 79595, 84268, 349565]
col  40: GO:0006807   nitrogen compound metabolic process            98.90% fp= 46 fn=  1
  FP: [405, 498, 509, 513, 514, 515, 521, 522, 847, 1233, 1738, 1812, 1813, 1814, 1815, 2810, 3178, 3185, 3187, 3190, 3192, 3651, 6188, 6207, 6210, 6231, 6608, 6667, 6882, 7389, 7536, 9092, 9551, 10476, 10492, 10632, 24148, 26986, 27035, 51340, 56994, 59272, 64802, 79595, 84268, 349565]
  FN: [3988]
col  47: GO:0044237   cellular metabolic process                     98.88% fp= 46 fn=  2
  FP: [405, 498, 509, 513, 514, 515, 521, 522, 1233, 1738, 1812, 1815, 2810, 3178, 3185, 3187, 3190, 3192, 3248, 3651, 6188, 6207, 6210, 6231, 6608, 6667, 6882, 7389, 7536, 8527, 9092, 9551, 10432, 10476, 10492, 10632, 24148, 26986, 51196, 51340, 56994, 64802, 84268, 130399, 200576, 349565]
  FN: [3988, 30061]
col  19: GO:0008152   metabolic process                              98.83% fp= 48 fn=  2
  FP: [405, 509, 513, 514, 515, 521, 522, 1233, 1738, 1812, 1815, 2810, 3178, 3185, 3187, 3190, 3192, 3248, 3651, 3848, 6188, 6207, 6210, 6231, 6608, 6667, 6882, 7389, 7536, 8527, 8578, 8775, 9092, 9551, 10432, 10476, 10492, 10632, 24148, 26986, 51196, 56994, 64802, 84268, 130399, 143098, 200576, 349565]
  FN: [3988, 30061]
col  46: GO:0044238   primary metabolic process                      98.83% fp= 48 fn=  2
  FP: [405, 509, 513, 514, 515, 521, 522, 847, 1233, 1636, 1738, 2810, 3178, 3185, 3187, 3190, 3192, 3248, 3651, 3848, 6188, 6207, 6210, 6231, 6667, 6882, 7536, 8527, 8578, 8775, 9092, 9551, 10432, 10476, 10492, 10632, 24148, 26986, 27035, 51196, 51340, 56994, 59272, 64802, 84268, 130399, 200576, 349565]
  FN: [3988, 30061]
col  97: GO:0071704   organic substance metabolic process            98.78% fp= 50 fn=  2
  FP: [405, 509, 513, 514, 515, 521, 522, 847, 1233, 1738, 1812, 1815, 2810, 3178, 3185, 3187, 3190, 3192, 3248, 3651, 3848, 6188, 6207, 6210, 6231, 6608, 6667, 6882, 7389, 7536, 8527, 8578, 8775, 9092, 9551, 10432, 10476, 10492, 10632, 24148, 26986, 27035, 51196, 51340, 56994, 64802, 84268, 130399, 200576, 349565]
  FN: [3988, 30061]
col  28: GO:0009987   cellular process                               98.76% fp= 50 fn=  3
  FP: [344, 401, 498, 509, 513, 514, 515, 521, 522, 941, 942, 1233, 1292, 1738, 1815, 3178, 3185, 3187, 3190, 3570, 3589, 4054, 6207, 6210, 6231, 6667, 6882, 7083, 7178, 7389, 7531, 7536, 8626, 9002, 9092, 9127, 9551, 10297, 10476, 10632, 30844, 51076, 51196, 55856, 56994, 57120, 64802, 84268, 200576, 349565]
  FN: [3988, 27201, 55801]
col  86: GO:0016071   mRNA metabolic process                         92.94% fp= 32 fn=270
  FP: [351, 472, 1233, 2081, 4843, 5566, 6636, 8233, 9811, 10569, 11193, 23144, 23293, 25888, 26019, 27339, 51010, 51319, 51692, 53981, 54512, 54623, 55629, 56853, 56915, 56949, 79577, 79595, 84292, 123169, 167153, 192670]
  FN: [23, 48, 81, 118, 142, 226, 302, 310, 311, 328, 498, 509, 549, 722, 811, 871, 984, 1029, 1153, 1198, 1213, 1399, 1429, 1454, 1476, 1495, 1634, 1653, 1660, 1728, 1729, 1759, 1778, 1832, 1965, 1977, 1981, 1982, 1984, 1994, 2011, 2023, 2107, 2288, 2316, 2317, 2332, 2547, 2806, 2885, 2896, 2926, 2935, 2962, 3008, 3066, 3146, 3148, 3182, 3216, 3276, 3312, 3313, 3315, 3320, 3326, 3329, 3428, 3725, 3837, 3838, 3843, 3875, 3956, 3958, 4035, 4048, 4076, 4154, 4204, 4627, 4644, 4691, 4830, 4850, 4857, 4869, 4904, 5052, 5094, 5339, 5442, 5460, 5478, 5501, 5591, 5610, 5725, 5770, 5813, 5930, 5935, 5936, 6103, 6188, 6189, 6193, 6194, 6207, 6208, 6210, 6223, 6231, 6275, 6294, 6311, 6432, 6596, 6613, 6624, 6711, 6729, 6732, 6733, 6742, 6812, 6829, 7019, 7037, 7072, 7145, 7153, 7175, 7178, 7205, 7284, 7295, 7329, 7332, 7334, 7341, 7343, 7415, 7430, 7520, 7531, 7532, 7818, 8106, 8243, 8294, 8359, 8360, 8361, 8362, 8363, 8364, 8365, 8366, 8367, 8368, 8370, 8531, 8539, 8575, 8661, 8663, 8664, 8666, 8667, 8683, 8894, 9100, 9221, 9271, 9444, 9475, 9666, 9669, 9810, 9898, 10075, 10131, 10150, 10155, 10181, 10270, 10399, 10432, 10449, 10482, 10514, 10642, 10657, 10658, 10659, 10952, 11030, 11151, 11168, 11171, 11315, 11325, 11344, 22862, 22919, 22985, 23089, 23212, 23318, 23345, 23424, 23435, 23481, 23499, 23543, 23560, 23580, 26058, 26065, 26284, 26574, 27000, 27327, 27350, 29102, 29890, 51065, 51067, 51118, 51119, 51143, 51163, 51377, 51386, 51493, 51593, 51747, 55342, 55796, 56254, 56829, 57060, 57142, 58155, 58508, 58517, 64216, 64397, 64506, 64783, 79039, 79576, 79736, 79753, 80155, 81627, 81844, 84081, 84248, 84524, 85476, 92140, 92906, 121504, 140576, 200316, 255738, 553115, 554313]
col  16: GO:0016071   mRNA metabolic process                         91.96% fp= 25 fn=319
  FP: [351, 472, 1233, 2081, 4843, 5566, 9811, 11193, 23144, 23293, 25888, 26019, 27339, 51010, 51319, 53981, 54623, 55629, 56915, 56949, 79577, 79595, 84292, 123169, 167153]
  FN: [23, 48, 81, 87, 118, 142, 190, 226, 302, 310, 311, 328, 498, 509, 549, 580, 672, 722, 811, 871, 984, 1029, 1153, 1198, 1213, 1399, 1429, 1454, 1476, 1495, 1634, 1653, 1660, 1728, 1729, 1759, 1778, 1832, 1965, 1968, 1977, 1981, 1982, 1984, 1994, 2011, 2023, 2107, 2288, 2316, 2317, 2332, 2334, 2547, 2806, 2885, 2896, 2926, 2935, 2962, 3008, 3066, 3146, 3148, 3182, 3216, 3276, 3312, 3313, 3315, 3320, 3326, 3329, 3396, 3428, 3434, 3508, 3669, 3725, 3837, 3838, 3843, 3875, 3956, 3958, 4035, 4048, 4076, 4154, 4204, 4208, 4478, 4627, 4644, 4691, 4830, 4850, 4857, 4869, 4904, 5052, 5094, 5339, 5442, 5460, 5478, 5501, 5591, 5610, 5725, 5770, 5813, 5930, 5935, 5936, 6103, 6188, 6189, 6193, 6194, 6207, 6208, 6210, 6223, 6231, 6275, 6294, 6310, 6311, 6432, 6596, 6613, 6624, 6657, 6664, 6711, 6722, 6729, 6732, 6733, 6742, 6812, 6829, 6895, 7011, 7015, 7019, 7037, 7072, 7098, 7145, 7153, 7175, 7178, 7184, 7205, 7284, 7295, 7329, 7332, 7334, 7341, 7343, 7415, 7430, 7431, 7520, 7528, 7531, 7532, 7818, 8106, 8243, 8294, 8359, 8360, 8361, 8362, 8363, 8364, 8365, 8366, 8367, 8368, 8370, 8531, 8539, 8575, 8661, 8662, 8663, 8664, 8666, 8667, 8668, 8683, 8894, 9100, 9221, 9255, 9271, 9361, 9444, 9475, 9666, 9669, 9810, 9898, 10075, 10131, 10150, 10155, 10181, 10270, 10399, 10432, 10449, 10482, 10514, 10642, 10657, 10658, 10659, 10952, 11030, 11151, 11168, 11171, 11176, 11189, 11260, 11315, 11325, 11344, 22862, 22919, 22954, 22985, 23028, 23089, 23210, 23212, 23318, 23345, 23405, 23424, 23435, 23481, 23499, 23543, 23560, 23580, 23586, 25939, 26058, 26065, 26284, 26574, 26747, 27000, 27327, 27350, 29102, 29890, 29974, 51065, 51067, 51118, 51119, 51143, 51163, 51284, 51311, 51377, 51386, 51493, 51593, 51747, 54106, 54487, 54840, 54984, 55342, 55796, 55998, 56254, 56829, 57060, 57142, 58155, 58508, 58517, 60489, 64216, 64397, 64506, 64783, 79039, 79576, 79736, 79753, 80155, 81627, 81844, 83939, 84081, 84248, 84524, 84967, 85476, 92140, 92906, 121504, 140576, 200316, 255738, 440275, 553115, 554313]
col  84: GO:0006468   protein phosphorylation                        89.22% fp= 71 fn=390
  FP: [102, 332, 351, 650, 652, 677, 678, 816, 864, 898, 994, 1385, 1511, 1512, 2149, 2255, 2258, 2621, 2658, 2690, 3357, 3479, 3486, 3553, 3600, 3606, 3685, 3965, 3984, 4087, 4092, 4205, 4208, 4221, 4504, 4609, 4763, 5155, 5310, 5469, 5532, 5777, 5914, 5936, 6347, 6464, 7040, 7097, 7098, 7099, 7124, 7294, 7538, 7857, 9463, 9794, 9958, 10006, 10152, 10221, 10494, 10645, 23064, 23085, 23139, 23515, 23604, 51284, 54106, 153090, 253260]
  FN: [92, 93, 142, 189, 208, 212, 267, 329, 330, 331, 369, 373, 558, 570, 635, 640, 659, 672, 675, 814, 868, 997, 998, 1022, 1026, 1119, 1120, 1195, 1386, 1387, 1609, 1786, 1788, 1789, 1798, 1969, 2033, 2042, 2045, 2131, 2132, 2146, 2530, 2584, 2589, 2590, 2591, 2645, 2648, 2683, 2805, 2806, 2938, 2941, 2946, 2947, 2948, 2950, 2952, 2954, 2997, 2998, 3073, 3074, 3093, 3248, 3251, 3275, 3276, 3320, 3702, 3703, 3707, 3716, 3931, 3988, 4193, 4214, 4216, 4257, 4258, 4297, 4598, 4638, 4734, 4830, 4831, 4836, 4850, 4860, 5071, 5080, 5130, 5211, 5213, 5218, 5289, 5290, 5422, 5423, 5424, 5426, 5428, 5442, 5568, 5582, 5588, 5592, 5604, 5631, 5836, 5894, 5896, 5930, 6047, 6049, 6093, 6196, 6198, 6342, 6470, 6477, 6478, 6480, 6500, 6502, 6646, 6737, 6817, 6818, 6898, 6901, 7015, 7051, 7052, 7053, 7083, 7128, 7186, 7189, 7267, 7273, 7298, 7319, 7320, 7321, 7322, 7323, 7324, 7325, 7326, 7327, 7328, 7329, 7332, 7334, 7337, 7363, 7428, 7525, 7844, 7903, 8202, 8394, 8396, 8435, 8454, 8473, 8527, 8534, 8554, 8564, 8694, 8708, 8726, 8805, 8813, 8829, 8850, 8877, 8924, 8945, 9020, 9025, 9027, 9040, 9060, 9063, 9469, 9517, 9575, 9604, 9616, 9666, 9690, 9757, 9867, 9978, 10075, 10116, 10155, 10188, 10193, 10196, 10201, 10206, 10210, 10273, 10299, 10401, 10419, 10425, 10444, 10477, 10498, 10524, 10555, 10558, 10616, 10652, 10721, 10728, 10892, 10919, 10978, 11060, 11140, 11236, 11284, 11285, 11342, 22845, 22856, 22954, 23024, 23291, 23295, 23304, 23318, 23327, 23376, 23390, 23409, 23475, 23509, 23512, 23522, 23624, 23759, 25820, 25898, 25976, 26001, 26270, 26272, 26994, 27232, 27252, 27284, 27338, 27339, 28989, 29072, 29104, 29116, 29800, 29929, 30815, 50515, 51099, 51111, 51132, 51135, 51201, 51257, 51283, 51304, 51366, 51451, 51504, 51529, 51548, 51588, 51619, 53834, 53947, 54476, 54496, 54576, 54577, 54600, 54658, 54677, 54708, 54778, 54872, 54904, 54926, 54974, 55072, 55128, 55140, 55149, 55159, 55170, 55284, 55294, 55361, 55454, 55471, 55500, 55501, 55521, 55568, 55624, 55625, 55650, 55743, 55790, 55801, 55819, 55904, 56254, 56548, 56913, 56950, 57154, 57325, 57396, 57448, 57551, 57574, 57787, 58508, 64324, 64377, 64422, 64750, 64754, 64802, 64834, 64852, 79053, 79158, 79594, 79654, 79791, 79813, 79872, 79888, 79918, 80204, 80339, 80351, 80829, 80854, 81844, 81847, 83737, 83852, 84231, 84282, 84444, 84447, 84649, 84803, 85363, 85365, 87178, 90678, 92912, 93100, 114088, 115426, 130507, 137964, 142678, 151636, 160851, 165918, 166012, 166929, 167153, 201595, 220972, 255488, 259230, 349565, 378884, 387893]
col  44: GO:0002028   regulation of sodium ion transport             87.33% fp= 10 fn=532
  FP: [491, 817, 1482, 2257, 5774, 6640, 23327, 65267, 150094, 150684]
  FN: [19, 51, 71, 86, 94, 100, 107, 111, 113, 118, 135, 153, 154, 182, 185, 207, 208, 239, 284, 286, 287, 301, 302, 306, 322, 324, 333, 338, 351, 355, 356, 357, 358, 359, 360, 361, 382, 388, 409, 444, 498, 506, 538, 539, 567, 624, 645, 657, 658, 659, 672, 687, 688, 695, 752, 773, 775, 776, 824, 825, 857, 889, 896, 916, 919, 920, 921, 940, 947, 948, 949, 958, 960, 970, 974, 989, 998, 999, 1001, 1002, 1012, 1020, 1041, 1080, 1129, 1139, 1201, 1230, 1236, 1453, 1475, 1495, 1499, 1500, 1511, 1601, 1604, 1605, 1609, 1627, 1636, 1760, 1803, 1812, 1814, 1816, 1826, 1832, 1880, 1902, 1903, 1952, 1956, 1967, 1969, 2011, 2054, 2060, 2064, 2125, 2149, 2150, 2189, 2209, 2237, 2255, 2258, 2260, 2261, 2264, 2268, 2316, 2317, 2318, 2324, 2534, 2535, 2596, 2619, 2692, 2697, 2771, 2806, 2811, 2864, 2895, 2932, 2934, 2956, 2978, 3163, 3265, 3356, 3357, 3358, 3480, 3603, 3622, 3655, 3675, 3676, 3685, 3688, 3690, 3691, 3709, 3710, 3728, 3741, 3753, 3784, 3791, 3880, 3932, 3936, 3981, 4040, 4041, 4067, 4092, 4131, 4137, 4142, 4157, 4163, 4218, 4254, 4258, 4363, 4478, 4534, 4627, 4651, 4690, 4756, 4771, 4773, 4780, 4792, 4836, 4853, 4868, 4882, 4891, 4905, 4914, 4952, 5058, 5064, 5074, 5167, 5170, 5174, 5175, 5218, 5245, 5286, 5310, 5311, 5335, 5336, 5339, 5376, 5413, 5420, 5426, 5499, 5531, 5532, 5577, 5578, 5579, 5580, 5581, 5582, 5587, 5592, 5602, 5604, 5621, 5652, 5654, 5663, 5724, 5727, 5728, 5729, 5747, 5782, 5783, 5791, 5795, 5800, 5801, 5829, 5836, 5894, 5898, 5899, 5911, 5912, 5979, 5997, 6010, 6093, 6102, 6188, 6259, 6261, 6262, 6272, 6386, 6404, 6422, 6453, 6464, 6505, 6513, 6517, 6532, 6547, 6608, 6609, 6622, 6670, 6698, 6714, 6732, 6755, 6774, 6804, 6809, 6812, 6813, 6814, 6840, 6845, 6860, 7046, 7048, 7070, 7082, 7094, 7097, 7099, 7189, 7205, 7220, 7223, 7225, 7248, 7251, 7270, 7287, 7341, 7375, 7408, 7416, 7429, 7430, 7508, 7520, 7525, 7535, 7786, 7852, 7976, 8291, 8322, 8324, 8394, 8473, 8527, 8567, 8631, 8717, 8763, 8772, 8773, 8829, 8841, 8842, 8877, 9218, 9230, 9270, 9341, 9368, 9378, 9429, 9445, 9463, 9516, 9531, 9557, 9564, 9619, 9620, 9693, 9696, 9844, 9846, 9856, 9867, 9869, 9962, 9963, 9966, 10058, 10188, 10203, 10273, 10300, 10347, 10397, 10409, 10435, 10437, 10458, 10497, 10580, 10603, 10636, 10735, 10938, 10972, 10991, 11033, 11047, 11132, 11135, 11149, 11151, 11160, 11186, 11188, 11193, 22871, 22882, 22918, 22943, 22985, 23122, 23189, 23213, 23214, 23299, 23304, 23368, 23428, 23433, 23499, 23513, 23516, 23580, 23612, 23705, 23759, 24145, 25800, 25805, 25932, 25939, 25945, 25999, 26000, 26013, 26509, 27005, 27173, 27201, 27346, 29979, 30846, 50617, 50852, 50944, 51094, 51143, 51160, 51196, 51284, 51379, 51393, 51429, 51474, 51552, 51599, 51715, 51735, 51763, 53834, 54106, 54434, 54464, 54795, 54843, 54899, 55004, 55183, 55256, 55327, 55352, 55500, 55503, 55558, 55559, 55604, 55654, 55704, 55706, 55740, 55959, 55971, 56034, 56172, 56246, 56253, 56262, 57007, 57048, 57154, 57402, 57403, 57502, 57620, 57669, 57826, 59272, 59338, 59341, 60482, 60626, 64127, 64398, 64400, 64805, 79058, 79885, 79960, 80005, 80331, 80727, 83548, 83737, 84079, 84231, 84433, 84632, 84634, 84687, 84958, 89122, 92737, 114609, 116085, 120892, 128869, 140576, 148281, 153090, 161582, 164656, 192683, 203245, 219771, 266727, 285464, 348980, 353116, 353174, 375790]
col  24: GO:0051297   centrosome organization                        86.68% fp=  1 fn=569
  FP: [1017]
  FN: [14, 31, 37, 51, 58, 71, 123, 142, 190, 207, 226, 283, 286, 288, 302, 311, 324, 328, 332, 338, 357, 395, 403, 406, 467, 506, 545, 582, 598, 613, 641, 667, 672, 677, 699, 701, 775, 801, 805, 808, 814, 825, 891, 899, 983, 989, 994, 996, 998, 999, 1019, 1020, 1021, 1062, 1063, 1104, 1111, 1130, 1136, 1153, 1198, 1213, 1373, 1453, 1476, 1499, 1540, 1600, 1601, 1609, 1627, 1653, 1655, 1660, 1663, 1677, 1729, 1730, 1742, 1778, 1936, 1965, 1977, 2040, 2068, 2074, 2118, 2125, 2140, 2177, 2185, 2189, 2237, 2274, 2316, 2332, 2539, 2625, 2669, 2670, 2771, 2885, 2890, 2902, 2926, 2932, 2934, 2998, 3030, 3064, 3110, 3146, 3148, 3192, 3303, 3304, 3306, 3313, 3398, 3399, 3428, 3431, 3516, 3654, 3669, 3728, 3796, 3801, 3832, 3849, 3868, 3936, 3981, 3996, 4035, 4038, 4047, 4076, 4085, 4092, 4133, 4137, 4154, 4171, 4189, 4193, 4218, 4296, 4343, 4609, 4624, 4627, 4628, 4633, 4643, 4651, 4683, 4688, 4690, 4691, 4750, 4771, 4773, 4775, 4778, 4780, 4781, 4836, 4842, 4854, 4857, 4904, 4905, 4926, 5000, 5048, 5074, 5076, 5111, 5116, 5119, 5195, 5291, 5307, 5311, 5339, 5371, 5393, 5394, 5395, 5396, 5422, 5428, 5442, 5469, 5501, 5566, 5577, 5584, 5594, 5595, 5663, 5664, 5682, 5683, 5693, 5701, 5702, 5716, 5777, 5810, 5878, 5879, 5884, 5888, 5908, 5914, 5929, 5932, 5935, 5936, 6093, 6103, 6188, 6189, 6194, 6207, 6208, 6223, 6231, 6249, 6311, 6314, 6401, 6495, 6497, 6502, 6513, 6521, 6597, 6598, 6622, 6624, 6708, 6710, 6711, 6729, 6733, 6742, 6772, 6801, 6832, 6840, 6868, 6877, 6917, 7013, 7015, 7019, 7020, 7072, 7111, 7126, 7153, 7157, 7175, 7188, 7189, 7223, 7251, 7267, 7270, 7273, 7283, 7284, 7334, 7341, 7343, 7412, 7415, 7416, 7430, 7431, 7443, 7465, 7486, 7508, 7514, 7518, 7538, 7704, 7716, 7879, 8086, 8204, 8218, 8243, 8260, 8294, 8313, 8359, 8360, 8361, 8362, 8363, 8364, 8365, 8366, 8367, 8368, 8370, 8467, 8517, 8518, 8555, 8661, 8683, 8726, 8767, 8851, 8878, 8881, 8914, 8994, 9024, 9053, 9133, 9181, 9183, 9184, 9191, 9221, 9261, 9270, 9271, 9344, 9361, 9368, 9371, 9480, 9525, 9564, 9575, 9585, 9657, 9682, 9683, 9702, 9727, 9788, 9807, 9867, 9903, 9918, 9968, 10036, 10038, 10131, 10210, 10253, 10273, 10296, 10297, 10300, 10395, 10397, 10435, 10459, 10472, 10514, 10522, 10524, 10537, 10540, 10565, 10579, 10580, 10592, 10636, 10642, 10664, 10735, 10763, 10769, 10782, 10801, 10845, 10868, 10892, 10938, 11004, 11030, 11051, 11073, 11104, 11127, 11130, 11135, 11151, 11176, 11186, 11284, 11344, 22809, 22919, 22920, 22930, 22933, 22948, 23043, 23064, 23133, 23210, 23212, 23214, 23291, 23293, 23318, 23332, 23363, 23392, 23411, 23424, 23476, 23481, 23503, 23512, 23542, 23557, 23560, 23568, 23580, 23583, 23586, 25896, 25932, 26013, 26039, 26065, 26271, 26284, 26512, 26574, 26747, 26986, 27161, 27185, 27327, 27429, 28988, 29108, 29115, 29127, 29789, 29844, 29896, 29911, 50487, 50944, 51010, 51076, 51099, 51118, 51119, 51143, 51170, 51185, 51199, 51474, 51514, 51547, 51562, 51755, 53405, 54464, 54487, 54496, 54556, 54778, 54806, 54840, 54903, 54910, 54984, 55011, 55128, 55140, 55145, 55201, 55625, 55629, 55706, 55759, 56254, 56652, 56776, 56852, 56915, 57104, 57122, 57402, 57447, 57534, 57646, 57679, 57787, 58526, 59341, 60489, 63971, 64127, 64151, 64216, 64400, 64412, 64782, 64852, 64858, 64924, 65018, 65109, 65981, 79039, 79736, 79888, 79991, 80204, 80237, 80725, 80746, 80854, 81542, 81565, 81930, 83695, 83706, 84101, 84268, 84376, 84722, 84883, 84934, 85363, 91147, 91949, 92140, 116986, 121504, 121642, 123169, 124590, 126374, 127933, 140576, 149041, 162989, 200316, 201161, 203068, 219988, 222229, 252983, 253725, 283149, 283489, 285590, 353116, 440275, 554313]
col  71: GO:0051297   centrosome organization                        86.68% fp=  1 fn=569
  FP: [1017]
  FN: [14, 31, 37, 51, 58, 71, 123, 142, 190, 207, 226, 283, 286, 288, 302, 311, 324, 328, 332, 338, 357, 395, 403, 406, 467, 506, 545, 582, 598, 613, 641, 667, 672, 677, 699, 701, 775, 801, 805, 808, 814, 825, 891, 899, 983, 989, 994, 996, 998, 999, 1019, 1020, 1021, 1062, 1063, 1104, 1111, 1130, 1136, 1153, 1198, 1213, 1373, 1453, 1476, 1499, 1540, 1600, 1601, 1609, 1627, 1653, 1655, 1660, 1663, 1677, 1729, 1730, 1742, 1778, 1936, 1965, 1977, 2040, 2068, 2074, 2118, 2125, 2140, 2177, 2185, 2189, 2237, 2274, 2316, 2332, 2539, 2625, 2669, 2670, 2771, 2885, 2890, 2902, 2926, 2932, 2934, 2998, 3030, 3064, 3110, 3146, 3148, 3192, 3303, 3304, 3306, 3313, 3398, 3399, 3428, 3431, 3516, 3654, 3669, 3728, 3796, 3801, 3832, 3849, 3868, 3936, 3981, 3996, 4035, 4038, 4047, 4076, 4085, 4092, 4133, 4137, 4154, 4171, 4189, 4193, 4218, 4296, 4343, 4609, 4624, 4627, 4628, 4633, 4643, 4651, 4683, 4688, 4690, 4691, 4750, 4771, 4773, 4775, 4778, 4780, 4781, 4836, 4842, 4854, 4857, 4904, 4905, 4926, 5000, 5048, 5074, 5076, 5111, 5116, 5119, 5195, 5291, 5307, 5311, 5339, 5371, 5393, 5394, 5395, 5396, 5422, 5428, 5442, 5469, 5501, 5566, 5577, 5584, 5594, 5595, 5663, 5664, 5682, 5683, 5693, 5701, 5702, 5716, 5777, 5810, 5878, 5879, 5884, 5888, 5908, 5914, 5929, 5932, 5935, 5936, 6093, 6103, 6188, 6189, 6194, 6207, 6208, 6223, 6231, 6249, 6311, 6314, 6401, 6495, 6497, 6502, 6513, 6521, 6597, 6598, 6622, 6624, 6708, 6710, 6711, 6729, 6733, 6742, 6772, 6801, 6832, 6840, 6868, 6877, 6917, 7013, 7015, 7019, 7020, 7072, 7111, 7126, 7153, 7157, 7175, 7188, 7189, 7223, 7251, 7267, 7270, 7273, 7283, 7284, 7334, 7341, 7343, 7412, 7415, 7416, 7430, 7431, 7443, 7465, 7486, 7508, 7514, 7518, 7538, 7704, 7716, 7879, 8086, 8204, 8218, 8243, 8260, 8294, 8313, 8359, 8360, 8361, 8362, 8363, 8364, 8365, 8366, 8367, 8368, 8370, 8467, 8517, 8518, 8555, 8661, 8683, 8726, 8767, 8851, 8878, 8881, 8914, 8994, 9024, 9053, 9133, 9181, 9183, 9184, 9191, 9221, 9261, 9270, 9271, 9344, 9361, 9368, 9371, 9480, 9525, 9564, 9575, 9585, 9657, 9682, 9683, 9702, 9727, 9788, 9807, 9867, 9903, 9918, 9968, 10036, 10038, 10131, 10210, 10253, 10273, 10296, 10297, 10300, 10395, 10397, 10435, 10459, 10472, 10514, 10522, 10524, 10537, 10540, 10565, 10579, 10580, 10592, 10636, 10642, 10664, 10735, 10763, 10769, 10782, 10801, 10845, 10868, 10892, 10938, 11004, 11030, 11051, 11073, 11104, 11127, 11130, 11135, 11151, 11176, 11186, 11284, 11344, 22809, 22919, 22920, 22930, 22933, 22948, 23043, 23064, 23133, 23210, 23212, 23214, 23291, 23293, 23318, 23332, 23363, 23392, 23411, 23424, 23476, 23481, 23503, 23512, 23542, 23557, 23560, 23568, 23580, 23583, 23586, 25896, 25932, 26013, 26039, 26065, 26271, 26284, 26512, 26574, 26747, 26986, 27161, 27185, 27327, 27429, 28988, 29108, 29115, 29127, 29789, 29844, 29896, 29911, 50487, 50944, 51010, 51076, 51099, 51118, 51119, 51143, 51170, 51185, 51199, 51474, 51514, 51547, 51562, 51755, 53405, 54464, 54487, 54496, 54556, 54778, 54806, 54840, 54903, 54910, 54984, 55011, 55128, 55140, 55145, 55201, 55625, 55629, 55706, 55759, 56254, 56652, 56776, 56852, 56915, 57104, 57122, 57402, 57447, 57534, 57646, 57679, 57787, 58526, 59341, 60489, 63971, 64127, 64151, 64216, 64400, 64412, 64782, 64852, 64858, 64924, 65018, 65109, 65981, 79039, 79736, 79888, 79991, 80204, 80237, 80725, 80746, 80854, 81542, 81565, 81930, 83695, 83706, 84101, 84268, 84376, 84722, 84883, 84934, 85363, 91147, 91949, 92140, 116986, 121504, 121642, 123169, 124590, 126374, 127933, 140576, 149041, 162989, 200316, 201161, 203068, 219988, 222229, 252983, 253725, 283149, 283489, 285590, 353116, 440275, 554313]
col   5: GO:0016070   RNA metabolic process                          84.43% fp= 84 fn=582
  FP: [283, 409, 472, 602, 659, 728, 902, 1022, 1233, 1855, 1856, 2068, 2069, 2071, 2081, 2958, 2965, 2966, 2967, 3091, 3975, 4331, 4843, 4929, 5566, 6182, 6604, 6827, 6881, 6882, 8846, 9282, 9440, 9811, 9862, 9968, 9969, 10025, 10114, 10978, 11047, 11193, 22894, 23054, 23144, 23636, 25888, 25896, 26173, 26512, 27339, 29072, 29079, 51010, 51319, 51547, 51755, 51773, 53981, 54623, 54974, 55174, 55629, 55656, 55756, 55759, 56915, 56949, 57117, 57508, 58487, 65123, 79068, 79577, 79595, 80746, 80789, 84292, 90390, 92105, 92797, 123169, 167153, 283989]
  FN: [23, 48, 81, 87, 118, 142, 190, 226, 302, 310, 311, 328, 401, 406, 429, 467, 498, 509, 549, 580, 604, 639, 641, 668, 672, 675, 688, 722, 811, 861, 864, 871, 984, 1029, 1044, 1045, 1046, 1051, 1054, 1104, 1153, 1198, 1213, 1380, 1385, 1386, 1387, 1399, 1406, 1429, 1454, 1476, 1482, 1495, 1499, 1523, 1634, 1660, 1663, 1728, 1729, 1759, 1778, 1786, 1788, 1832, 1874, 1965, 1968, 1977, 1981, 1982, 1984, 1994, 1997, 2000, 2004, 2011, 2019, 2023, 2033, 2034, 2063, 2067, 2072, 2073, 2074, 2107, 2115, 2118, 2119, 2122, 2146, 2288, 2294, 2295, 2296, 2302, 2303, 2304, 2308, 2309, 2316, 2317, 2332, 2334, 2353, 2475, 2494, 2516, 2547, 2625, 2735, 2736, 2737, 2806, 2885, 2896, 2908, 2909, 2926, 2935, 2956, 2962, 3008, 3065, 3066, 3087, 3142, 3146, 3148, 3164, 3170, 3171, 3172, 3182, 3202, 3211, 3216, 3227, 3235, 3276, 3280, 3312, 3313, 3315, 3320, 3326, 3329, 3396, 3428, 3434, 3508, 3516, 3622, 3642, 3659, 3662, 3665, 3670, 3725, 3727, 3837, 3838, 3843, 3875, 3956, 3958, 3981, 4009, 4010, 4035, 4048, 4066, 4076, 4086, 4087, 4088, 4089, 4091, 4092, 4204, 4208, 4209, 4221, 4223, 4286, 4297, 4303, 4436, 4478, 4520, 4602, 4609, 4627, 4644, 4691, 4760, 4772, 4775, 4780, 4781, 4790, 4791, 4824, 4830, 4850, 4851, 4857, 4869, 4899, 4904, 4913, 4968, 5000, 5015, 5052, 5071, 5077, 5087, 5111, 5241, 5245, 5308, 5339, 5395, 5424, 5426, 5451, 5452, 5453, 5465, 5467, 5468, 5478, 5501, 5591, 5610, 5629, 5725, 5770, 5813, 5888, 5896, 5914, 5916, 5925, 5929, 5930, 5932, 5935, 5936, 5966, 5970, 5971, 5978, 5991, 6047, 6095, 6103, 6117, 6118, 6188, 6189, 6193, 6207, 6210, 6231, 6256, 6257, 6275, 6294, 6310, 6311, 6495, 6498, 6591, 6596, 6597, 6613, 6624, 6657, 6659, 6662, 6664, 6670, 6688, 6711, 6720, 6729, 6732, 6742, 6772, 6774, 6812, 6880, 6886, 6907, 6910, 6926, 6927, 6932, 6934, 6935, 6943, 7003, 7011, 7013, 7014, 7020, 7023, 7025, 7026, 7030, 7037, 7050, 7071, 7072, 7080, 7098, 7124, 7145, 7153, 7157, 7161, 7175, 7178, 7184, 7205, 7284, 7294, 7295, 7329, 7332, 7334, 7341, 7343, 7374, 7376, 7415, 7421, 7430, 7431, 7474, 7486, 7508, 7520, 7528, 7531, 7532, 7546, 7572, 7704, 7818, 7942, 8013, 8085, 8092, 8106, 8204, 8243, 8289, 8294, 8359, 8360, 8361, 8362, 8363, 8364, 8365, 8366, 8367, 8368, 8370, 8462, 8531, 8539, 8661, 8662, 8663, 8664, 8666, 8667, 8668, 8683, 8805, 8856, 8877, 8894, 8928, 8932, 9070, 9100, 9156, 9191, 9221, 9255, 9271, 9361, 9401, 9444, 9447, 9464, 9475, 9480, 9572, 9575, 9611, 9666, 9669, 9759, 9810, 9898, 9971, 10013, 10014, 10062, 10075, 10111, 10131, 10150, 10155, 10181, 10210, 10270, 10320, 10379, 10399, 10409, 10413, 10432, 10449, 10472, 10482, 10488, 10498, 10514, 10626, 10642, 10657, 10658, 10659, 10664, 10725, 10782, 10856, 10891, 10943, 10952, 11030, 11107, 11151, 11168, 11171, 11176, 11260, 11315, 11325, 11344, 22809, 22862, 22909, 22919, 22954, 22985, 23028, 23089, 23186, 23210, 23212, 23345, 23424, 23499, 23543, 23560, 23580, 23586, 25824, 25913, 25939, 25942, 25976, 25988, 26058, 26065, 26277, 26284, 26574, 26747, 27000, 27033, 27327, 27350, 28999, 29117, 29844, 29890, 29974, 30009, 30812, 30827, 50485, 50943, 51065, 51118, 51143, 51193, 51284, 51311, 51377, 51386, 51523, 51567, 53335, 53615, 54106, 54386, 54617, 54840, 54880, 54984, 55011, 55201, 55342, 55755, 55796, 55998, 56254, 56829, 56852, 57060, 57142, 57521, 57680, 58155, 58508, 58517, 60489, 63976, 64324, 64397, 64412, 64506, 64764, 64783, 64859, 65057, 79035, 79084, 79576, 79718, 79728, 79991, 80155, 80312, 81620, 81627, 81844, 83595, 83939, 84081, 84159, 84248, 84619, 84883, 84967, 85476, 92140, 92906, 93649, 93986, 112770, 114548, 121504, 130557, 140576, 222229, 255738, 400961, 440275, 553115, 554313]
col 102: GO:0006812   cation transport                               84.39% fp= 33 fn=635
  FP: [148, 491, 540, 815, 846, 1236, 1355, 2247, 2621, 3356, 3357, 3708, 4504, 5336, 6348, 6352, 6363, 6366, 6558, 6581, 6879, 7178, 9230, 10203, 24145, 25998, 27032, 27173, 30001, 30061, 55117, 64072, 65266]
  FN: [19, 20, 90, 91, 92, 94, 100, 102, 107, 111, 113, 135, 150, 152, 154, 182, 199, 208, 214, 238, 267, 273, 284, 287, 288, 301, 302, 310, 324, 329, 351, 355, 357, 359, 361, 362, 382, 387, 402, 566, 567, 578, 581, 585, 650, 657, 659, 662, 664, 695, 728, 731, 778, 785, 811, 824, 825, 841, 859, 871, 915, 916, 919, 920, 925, 929, 930, 940, 947, 948, 958, 966, 972, 973, 975, 999, 1012, 1015, 1080, 1129, 1135, 1136, 1143, 1147, 1203, 1493, 1495, 1499, 1509, 1535, 1536, 1540, 1579, 1601, 1603, 1604, 1605, 1636, 1650, 1717, 1739, 1742, 1755, 1756, 1760, 1798, 1803, 1812, 1814, 1815, 1816, 1828, 1839, 1845, 1889, 1901, 1902, 1956, 1969, 1984, 2010, 2011, 2022, 2028, 2040, 2042, 2043, 2047, 2048, 2049, 2054, 2059, 2064, 2065, 2081, 2110, 2131, 2132, 2150, 2185, 2241, 2243, 2244, 2261, 2263, 2264, 2266, 2281, 2321, 2332, 2538, 2539, 2542, 2562, 2596, 2619, 2669, 2683, 2690, 2692, 2693, 2697, 2702, 2742, 2780, 2782, 2793, 2864, 2885, 2890, 2891, 2895, 2899, 2903, 2904, 2914, 2915, 2917, 3055, 3108, 3111, 3113, 3119, 3306, 3309, 3329, 3351, 3354, 3359, 3479, 3480, 3551, 3560, 3569, 3570, 3572, 3623, 3638, 3643, 3667, 3672, 3675, 3676, 3683, 3688, 3689, 3690, 3696, 3703, 3709, 3714, 3717, 3728, 3791, 3845, 3937, 3949, 3958, 4035, 4036, 4038, 4040, 4067, 4118, 4217, 4233, 4257, 4363, 4478, 4700, 4710, 4719, 4720, 4722, 4724, 4725, 4728, 4729, 4756, 4830, 4836, 4842, 4846, 4851, 4853, 4864, 4882, 4914, 4915, 4923, 4976, 4985, 5002, 5018, 5025, 5045, 5064, 5130, 5155, 5156, 5159, 5167, 5193, 5194, 5195, 5213, 5245, 5270, 5289, 5290, 5295, 5340, 5341, 5362, 5364, 5371, 5420, 5498, 5524, 5538, 5551, 5566, 5573, 5621, 5663, 5664, 5727, 5728, 5745, 5768, 5770, 5774, 5775, 5778, 5795, 5796, 5800, 5803, 5817, 5819, 5824, 5828, 5868, 5912, 5979, 5997, 6010, 6092, 6188, 6272, 6319, 6376, 6386, 6389, 6392, 6401, 6403, 6453, 6464, 6469, 6490, 6513, 6515, 6517, 6521, 6569, 6616, 6624, 6642, 6646, 6711, 6714, 6717, 6786, 6801, 6804, 6809, 6845, 6868, 6890, 6904, 7010, 7039, 7046, 7048, 7049, 7051, 7052, 7053, 7057, 7070, 7082, 7096, 7097, 7099, 7124, 7132, 7133, 7168, 7175, 7184, 7186, 7187, 7188, 7189, 7224, 7251, 7301, 7399, 7402, 7412, 7415, 7430, 7439, 7444, 7462, 7466, 7514, 7535, 7804, 7879, 8218, 8291, 8312, 8323, 8394, 8408, 8411, 8435, 8482, 8504, 8529, 8567, 8578, 8649, 8675, 8678, 8694, 8737, 8754, 8772, 8792, 8800, 8813, 8834, 8837, 8842, 8867, 8897, 9027, 9076, 9093, 9101, 9114, 9181, 9213, 9217, 9290, 9341, 9368, 9378, 9409, 9445, 9451, 9463, 9517, 9536, 9559, 9619, 9693, 9695, 9927, 9950, 9962, 9990, 10013, 10058, 10170, 10188, 10206, 10228, 10296, 10299, 10333, 10347, 10369, 10392, 10395, 10399, 10452, 10478, 10507, 10542, 10558, 10580, 10613, 10652, 10791, 10869, 10938, 10952, 10959, 10972, 10998, 11001, 11124, 11149, 11151, 11160, 11236, 11285, 11343, 22801, 22821, 22845, 22854, 22863, 22871, 22872, 23011, 23025, 23043, 23071, 23122, 23129, 23166, 23189, 23213, 23286, 23345, 23376, 23499, 23586, 23592, 23643, 23654, 23673, 23705, 25813, 25923, 25999, 26047, 26119, 26191, 26258, 26509, 27040, 27201, 27242, 27429, 28514, 29127, 29881, 30818, 30845, 30846, 50852, 50944, 51009, 51024, 51079, 51094, 51107, 51141, 51160, 51429, 51493, 51735, 51763, 53616, 54106, 54206, 54332, 54344, 54413, 54463, 54708, 54843, 54927, 54968, 55004, 55072, 55288, 55327, 55331, 55361, 55366, 55576, 55600, 55650, 55867, 55967, 56172, 56262, 56479, 56913, 56993, 57007, 57030, 57142, 57216, 57502, 57555, 57617, 57704, 58533, 59338, 60482, 63941, 64089, 64127, 64240, 64241, 64285, 64399, 64699, 64805, 65018, 65078, 65082, 79133, 79139, 79594, 79849, 80856, 81542, 81930, 84100, 84168, 84433, 84447, 84634, 84649, 84679, 84687, 84803, 84876, 84958, 89780, 89941, 91147, 92140, 93210, 112574, 112770, 114609, 116085, 116444, 120892, 125111, 128869, 130399, 143098, 143187, 147495, 148281, 149233, 153090, 154796, 157506, 164656, 166929, 192683, 195814, 200576, 200894, 200958, 201595, 221178, 259230, 266727, 340061, 374291, 375056, 377630]
col  20: GO:0008380   RNA splicing                                   84.15% fp= 24 fn=654
  FP: [2081, 3190, 4116, 6434, 6636, 7490, 8233, 9785, 10212, 10492, 11189, 26121, 26986, 27316, 29896, 51163, 51319, 51340, 51493, 51755, 56853, 56949, 84292, 283989]
  FN: [51, 86, 118, 190, 196, 301, 311, 328, 330, 406, 408, 515, 545, 580, 595, 602, 645, 664, 675, 687, 688, 699, 814, 841, 860, 861, 868, 890, 898, 902, 974, 994, 996, 997, 1021, 1030, 1032, 1045, 1051, 1054, 1063, 1104, 1111, 1147, 1196, 1198, 1385, 1386, 1387, 1432, 1487, 1523, 1605, 1642, 1643, 1647, 1660, 1663, 1666, 1738, 1788, 1789, 1845, 1874, 1958, 1978, 1994, 1997, 2000, 2004, 2022, 2033, 2067, 2071, 2074, 2113, 2119, 2122, 2140, 2145, 2146, 2185, 2186, 2246, 2263, 2264, 2288, 2296, 2305, 2309, 2332, 2353, 2355, 2547, 2624, 2646, 2735, 2771, 2803, 2885, 2908, 2956, 2958, 2965, 2967, 2969, 3014, 3054, 3064, 3065, 3170, 3182, 3217, 3219, 3226, 3227, 3237, 3275, 3280, 3297, 3299, 3320, 3394, 3397, 3398, 3399, 3428, 3600, 3611, 3621, 3622, 3662, 3665, 3670, 3692, 3725, 3726, 3837, 3838, 3843, 3981, 3984, 4000, 4048, 4088, 4090, 4092, 4093, 4163, 4171, 4173, 4175, 4176, 4193, 4205, 4208, 4209, 4221, 4282, 4292, 4297, 4303, 4331, 4361, 4487, 4520, 4609, 4646, 4678, 4686, 4691, 4710, 4720, 4756, 4773, 4775, 4778, 4790, 4791, 4796, 4853, 4854, 4863, 4869, 4926, 4929, 4968, 4976, 5000, 5062, 5064, 5077, 5080, 5094, 5111, 5245, 5318, 5371, 5393, 5395, 5422, 5424, 5426, 5429, 5449, 5451, 5460, 5469, 5496, 5499, 5524, 5530, 5536, 5591, 5594, 5595, 5598, 5682, 5693, 5704, 5724, 5728, 5744, 5784, 5810, 5824, 5829, 5883, 5884, 5887, 5915, 5916, 5928, 5930, 5932, 5935, 5936, 5971, 5976, 6015, 6045, 6050, 6117, 6118, 6196, 6198, 6294, 6300, 6310, 6311, 6314, 6342, 6403, 6418, 6478, 6493, 6548, 6596, 6598, 6599, 6601, 6604, 6647, 6651, 6657, 6659, 6662, 6663, 6667, 6670, 6717, 6772, 6774, 6776, 6778, 6792, 6811, 6812, 6829, 6872, 6874, 6877, 6879, 6882, 6928, 6934, 6935, 7003, 7004, 7014, 7015, 7020, 7030, 7072, 7080, 7143, 7153, 7155, 7157, 7161, 7227, 7266, 7342, 7345, 7358, 7389, 7391, 7392, 7402, 7415, 7421, 7428, 7429, 7443, 7486, 7518, 7520, 7545, 7716, 7818, 7849, 7917, 8036, 8086, 8089, 8092, 8202, 8204, 8243, 8289, 8295, 8313, 8314, 8394, 8396, 8445, 8450, 8464, 8504, 8525, 8539, 8548, 8555, 8563, 8569, 8575, 8607, 8625, 8626, 8662, 8683, 8773, 8841, 8851, 8897, 8930, 8942, 8943, 8986, 9049, 9063, 9100, 9101, 9126, 9156, 9162, 9184, 9212, 9219, 9252, 9261, 9314, 9324, 9361, 9480, 9516, 9557, 9575, 9585, 9612, 9616, 9619, 9620, 9657, 9702, 9727, 9759, 9794, 9810, 9869, 9907, 9918, 9967, 9968, 9969, 9984, 10014, 10038, 10049, 10051, 10054, 10075, 10087, 10111, 10116, 10131, 10135, 10155, 10181, 10197, 10252, 10270, 10272, 10273, 10309, 10346, 10432, 10452, 10472, 10474, 10476, 10498, 10499, 10522, 10524, 10527, 10553, 10565, 10572, 10580, 10623, 10657, 10658, 10664, 10714, 10725, 10728, 10783, 10808, 10845, 10856, 10902, 10919, 10921, 10933, 10987, 11030, 11047, 11052, 11091, 11128, 11143, 11168, 11176, 11200, 11221, 11260, 11325, 11343, 22797, 22809, 22882, 22893, 22894, 22900, 22909, 22985, 22995, 23028, 23032, 23043, 23047, 23054, 23064, 23126, 23186, 23210, 23304, 23314, 23338, 23345, 23368, 23383, 23411, 23414, 23429, 23476, 23481, 23513, 23515, 23543, 23598, 23649, 23741, 23759, 23774, 25865, 25888, 25898, 25930, 25937, 25939, 25942, 25988, 25998, 26013, 26100, 26258, 26271, 26512, 26610, 27005, 27086, 27327, 28989, 29079, 29107, 29115, 29127, 29844, 29890, 29894, 29937, 29969, 29974, 29979, 30061, 50485, 51022, 51079, 51143, 51193, 51322, 51343, 51366, 51426, 51514, 51523, 51548, 51588, 51592, 51593, 51684, 53335, 54434, 54487, 54623, 54764, 54795, 54801, 54840, 54962, 54968, 55142, 55159, 55164, 55500, 55534, 55553, 55589, 55625, 55723, 55729, 55756, 55759, 55818, 55832, 55904, 55971, 56254, 56852, 57082, 57122, 57178, 57332, 57402, 57447, 57521, 57591, 57616, 57646, 57680, 57708, 57761, 58190, 58493, 58517, 59338, 60436, 64067, 64083, 64398, 64506, 64581, 64764, 64782, 64783, 64859, 65057, 79035, 79058, 79084, 79155, 79184, 79228, 79576, 79594, 79728, 79751, 79753, 79813, 79991, 80145, 80237, 80314, 80824, 83548, 83933, 84248, 84444, 84446, 84447, 84464, 84661, 84687, 92609, 93664, 112398, 112574, 113878, 114609, 115426, 117143, 121642, 123169, 129685, 147912, 150290, 150684, 151636, 151648, 151987, 162989, 163126, 165918, 201161, 203245, 221178, 252983, 253980, 283149, 283489, 285381, 353116]
col 116: GO:0008150   biological_process                             83.59% fp=408 fn=294
  FP: [27, 127, 131, 151, 158, 177, 186, 369, 480, 551, 554, 579, 597, 638, 640, 649, 719, 799, 816, 835, 846, 887, 978, 993, 1043, 1044, 1046, 1119, 1120, 1138, 1183, 1195, 1215, 1232, 1233, 1268, 1270, 1305, 1307, 1390, 1437, 1586, 1602, 1611, 1630, 1646, 1734, 1825, 1840, 1909, 1910, 1949, 1960, 1979, 1999, 2045, 2115, 2139, 2155, 2159, 2249, 2250, 2252, 2253, 2277, 2294, 2322, 2326, 2645, 2729, 2730, 2736, 2740, 2769, 2887, 2898, 2918, 2920, 2931, 2935, 2941, 3001, 3084, 3171, 3175, 3213, 3214, 3218, 3235, 3294, 3440, 3476, 3558, 3559, 3565, 3576, 3589, 3595, 3605, 3651, 3656, 3681, 3702, 3707, 3718, 3800, 4009, 4055, 4066, 4155, 4158, 4159, 4160, 4161, 4192, 4211, 4214, 4215, 4283, 4293, 4314, 4321, 4481, 4544, 4602, 4665, 4681, 4803, 4850, 4878, 4880, 4886, 4887, 4889, 4920, 4988, 5008, 5073, 5139, 5158, 5196, 5204, 5228, 5241, 5293, 5454, 5456, 5470, 5588, 5601, 5603, 5607, 5617, 5631, 5733, 5741, 5871, 5886, 5913, 5921, 6011, 6199, 6242, 6273, 6352, 6363, 6366, 6369, 6405, 6416, 6441, 6507, 6568, 6574, 6581, 6585, 6660, 6665, 6760, 6817, 6818, 6863, 6898, 6905, 7005, 7027, 7050, 7083, 7100, 7169, 7275, 7325, 7328, 7337, 7363, 7374, 7409, 7410, 7424, 7473, 7476, 7477, 7480, 7482, 7709, 7903, 7957, 8013, 8022, 8078, 8200, 8325, 8399, 8434, 8448, 8456, 8462, 8463, 8493, 8501, 8503, 8534, 8564, 8600, 8605, 8646, 8651, 8654, 8660, 8682, 8708, 8740, 8828, 8835, 8856, 8883, 9002, 9020, 9021, 9031, 9099, 9145, 9149, 9201, 9211, 9220, 9253, 9311, 9319, 9369, 9379, 9423, 9469, 9495, 9655, 9670, 9690, 9719, 9736, 9828, 9935, 9965, 10018, 10105, 10106, 10150, 10193, 10196, 10332, 10344, 10365, 10371, 10401, 10468, 10475, 10477, 10683, 10721, 10758, 10776, 10817, 10922, 10955, 11040, 11082, 11251, 22937, 22955, 23024, 23118, 23184, 23230, 23532, 23640, 23765, 23779, 25788, 25803, 25806, 25960, 26585, 26973, 27102, 27113, 27122, 27130, 27284, 27306, 27343, 29072, 29775, 30009, 50489, 50512, 50649, 50964, 51067, 51135, 51289, 51291, 51302, 51311, 51330, 51347, 51451, 51454, 51455, 51619, 51667, 53905, 54567, 54822, 54904, 54926, 54929, 55117, 55284, 55432, 55568, 55624, 55681, 55690, 55790, 55795, 55796, 55816, 56301, 56548, 56674, 56853, 56940, 57060, 57396, 58155, 58480, 58488, 64282, 64324, 64377, 64854, 79053, 79400, 79631, 79738, 79866, 79872, 80243, 80267, 80312, 80829, 81570, 81576, 84132, 84159, 84174, 84336, 84340, 84466, 84870, 85329, 85453, 85476, 90226, 91653, 92912, 93986, 94233, 126119, 130507, 131177, 131890, 133396, 134549, 142678, 142679, 165140, 166012, 167153, 197131, 219333, 225689, 259173, 259197, 283989, 285440, 353376, 400961, 497661]
  FN: [16, 23, 29, 54, 123, 216, 273, 334, 394, 549, 613, 633, 696, 712, 729, 868, 871, 919, 921, 925, 930, 966, 974, 1002, 1272, 1312, 1509, 1522, 1600, 1728, 1730, 1755, 1796, 1876, 2006, 2020, 2145, 2153, 2162, 2171, 2199, 2205, 2209, 2212, 2317, 2318, 2355, 2571, 2734, 2760, 2793, 2819, 2826, 2890, 2896, 2926, 3008, 3030, 3050, 3074, 3075, 3110, 3212, 3217, 3221, 3226, 3257, 3267, 3299, 3339, 3359, 3360, 3394, 3431, 3556, 3566, 3603, 3621, 3726, 3727, 3840, 3890, 3908, 3913, 4018, 4036, 4118, 4124, 4168, 4173, 4175, 4240, 4247, 4316, 4363, 4688, 4778, 4811, 4854, 4857, 4926, 4982, 5033, 5087, 5089, 5110, 5147, 5265, 5268, 5307, 5333, 5396, 5452, 5516, 5652, 5660, 5682, 5692, 5702, 5704, 5720, 5721, 5729, 5775, 5778, 5780, 5786, 5802, 5900, 5954, 6002, 6289, 6294, 6453, 6456, 6493, 6498, 6522, 6541, 6596, 6616, 6623, 6663, 6708, 6710, 6917, 6944, 7059, 7077, 7091, 7111, 7143, 7145, 7224, 7270, 7296, 7342, 7358, 7419, 7431, 7465, 7468, 7525, 7716, 7818, 7979, 8291, 8395, 8451, 8525, 8611, 8625, 8726, 8825, 8858, 8894, 8930, 8985, 9107, 9133, 9162, 9170, 9191, 9221, 9324, 9510, 9588, 9635, 9653, 9771, 9837, 10038, 10107, 10269, 10326, 10379, 10487, 10527, 10579, 10598, 10672, 10791, 10808, 10848, 10905, 10908, 10939, 11104, 11117, 11120, 11188, 11326, 22795, 22797, 22821, 22862, 23075, 23077, 23263, 23308, 23309, 23312, 23314, 23348, 23406, 23598, 23633, 23649, 23770, 25816, 25884, 26227, 26256, 27125, 27230, 28962, 29107, 50509, 51168, 51199, 51231, 51312, 53340, 53347, 53616, 54205, 54892, 55075, 55183, 55250, 55326, 55342, 55521, 55558, 55589, 55705, 55740, 55750, 55847, 56479, 57030, 57045, 57048, 57178, 57534, 57574, 57626, 57669, 58508, 60626, 64131, 64759, 64783, 64837, 79058, 79084, 80144, 80310, 80331, 80755, 80781, 80856, 81539, 81846, 84634, 84700, 93664, 113878, 121457, 138429, 140576, 140885, 147912, 151742]
col   3: GO:0016070   RNA metabolic process                          80.18% fp= 81 fn=767
  FP: [283, 409, 472, 602, 659, 728, 902, 1022, 1233, 1855, 1856, 2068, 2069, 2071, 2958, 2965, 2966, 2967, 3091, 3975, 4331, 4929, 5566, 6182, 6604, 6827, 6881, 6882, 8846, 9282, 9440, 9811, 9862, 9968, 9969, 10025, 10114, 10978, 11047, 11193, 22894, 23054, 23144, 23636, 25888, 25896, 26173, 26512, 27339, 29072, 29079, 51010, 51319, 51547, 51755, 51773, 53981, 54623, 55174, 55629, 55656, 55756, 55759, 56915, 56949, 57117, 57508, 58487, 65123, 79068, 79577, 79595, 80746, 80789, 84292, 90390, 92105, 92797, 123169, 167153, 283989]
  FN: [19, 20, 23, 48, 70, 81, 87, 90, 91, 94, 118, 127, 142, 189, 190, 207, 208, 226, 302, 309, 310, 311, 328, 373, 387, 399, 401, 402, 403, 406, 429, 467, 476, 498, 509, 540, 549, 580, 604, 639, 641, 657, 658, 668, 672, 675, 688, 722, 811, 847, 861, 864, 871, 978, 984, 998, 1021, 1029, 1044, 1045, 1046, 1051, 1054, 1104, 1153, 1198, 1213, 1261, 1380, 1385, 1386, 1387, 1399, 1406, 1428, 1429, 1454, 1476, 1482, 1487, 1491, 1495, 1499, 1523, 1536, 1544, 1545, 1583, 1585, 1586, 1613, 1634, 1660, 1663, 1666, 1717, 1728, 1729, 1759, 1760, 1778, 1786, 1788, 1806, 1832, 1874, 1965, 1968, 1977, 1981, 1982, 1984, 1994, 1997, 2000, 2004, 2011, 2019, 2023, 2033, 2034, 2063, 2067, 2072, 2073, 2074, 2107, 2110, 2115, 2118, 2119, 2122, 2146, 2280, 2281, 2288, 2294, 2295, 2296, 2302, 2303, 2304, 2308, 2309, 2316, 2317, 2332, 2334, 2353, 2475, 2494, 2516, 2539, 2547, 2584, 2625, 2645, 2669, 2729, 2735, 2736, 2737, 2746, 2747, 2806, 2885, 2896, 2908, 2909, 2926, 2935, 2956, 2962, 3008, 3065, 3066, 3087, 3141, 3142, 3146, 3148, 3156, 3162, 3164, 3170, 3171, 3172, 3182, 3202, 3211, 3216, 3227, 3235, 3265, 3273, 3276, 3280, 3303, 3304, 3312, 3313, 3315, 3320, 3326, 3329, 3354, 3356, 3357, 3358, 3359, 3396, 3428, 3434, 3508, 3516, 3622, 3642, 3643, 3659, 3662, 3665, 3670, 3717, 3725, 3727, 3837, 3838, 3843, 3875, 3956, 3958, 3981, 4009, 4010, 4035, 4048, 4066, 4076, 4086, 4087, 4088, 4089, 4091, 4092, 4204, 4208, 4209, 4217, 4218, 4221, 4223, 4286, 4297, 4303, 4436, 4478, 4520, 4602, 4609, 4627, 4628, 4644, 4646, 4650, 4691, 4760, 4772, 4775, 4780, 4781, 4790, 4791, 4824, 4830, 4842, 4846, 4850, 4851, 4857, 4860, 4869, 4899, 4904, 4913, 4968, 5000, 5015, 5052, 5071, 5077, 5087, 5111, 5167, 5189, 5190, 5211, 5213, 5217, 5241, 5245, 5292, 5308, 5339, 5395, 5424, 5426, 5451, 5452, 5453, 5465, 5467, 5468, 5478, 5501, 5524, 5536, 5591, 5610, 5629, 5631, 5725, 5743, 5770, 5813, 5836, 5862, 5865, 5867, 5868, 5869, 5870, 5871, 5873, 5874, 5878, 5879, 5880, 5888, 5896, 5898, 5899, 5908, 5911, 5912, 5914, 5916, 5925, 5929, 5930, 5932, 5935, 5936, 5966, 5970, 5971, 5978, 5991, 6009, 6047, 6095, 6103, 6117, 6118, 6188, 6189, 6193, 6207, 6210, 6231, 6237, 6256, 6257, 6275, 6294, 6310, 6311, 6392, 6470, 6495, 6498, 6591, 6596, 6597, 6613, 6624, 6657, 6659, 6662, 6664, 6670, 6688, 6711, 6714, 6720, 6729, 6732, 6742, 6772, 6774, 6788, 6789, 6792, 6794, 6812, 6880, 6886, 6890, 6907, 6910, 6926, 6927, 6932, 6934, 6935, 6943, 7003, 7011, 7013, 7014, 7020, 7023, 7025, 7026, 7030, 7037, 7046, 7050, 7071, 7072, 7080, 7098, 7124, 7145, 7153, 7157, 7161, 7175, 7178, 7184, 7205, 7284, 7294, 7295, 7329, 7332, 7334, 7341, 7343, 7374, 7376, 7415, 7421, 7430, 7431, 7442, 7474, 7486, 7508, 7520, 7528, 7531, 7532, 7546, 7572, 7704, 7818, 7837, 7879, 7942, 8013, 8085, 8092, 8106, 8204, 8243, 8289, 8294, 8359, 8360, 8361, 8362, 8363, 8364, 8365, 8366, 8367, 8368, 8370, 8445, 8462, 8476, 8531, 8539, 8569, 8661, 8662, 8663, 8664, 8666, 8667, 8668, 8683, 8711, 8805, 8856, 8877, 8892, 8894, 8928, 8932, 8986, 9024, 9070, 9100, 9113, 9156, 9191, 9221, 9230, 9252, 9255, 9262, 9263, 9271, 9361, 9367, 9401, 9444, 9447, 9448, 9464, 9475, 9480, 9531, 9540, 9557, 9572, 9575, 9611, 9619, 9666, 9669, 9693, 9759, 9810, 9874, 9898, 9943, 9971, 10013, 10014, 10058, 10062, 10075, 10111, 10131, 10150, 10155, 10181, 10210, 10270, 10320, 10325, 10379, 10399, 10409, 10413, 10432, 10449, 10472, 10482, 10488, 10498, 10514, 10626, 10642, 10657, 10658, 10659, 10664, 10670, 10725, 10782, 10783, 10845, 10856, 10891, 10943, 10952, 10993, 11011, 11030, 11069, 11107, 11151, 11168, 11171, 11176, 11184, 11213, 11260, 11315, 11325, 11344, 22809, 22836, 22861, 22862, 22909, 22919, 22933, 22954, 22985, 23011, 23028, 23089, 23139, 23186, 23210, 23212, 23235, 23345, 23424, 23499, 23543, 23560, 23580, 23586, 23604, 25824, 25913, 25939, 25942, 25976, 25988, 26058, 26061, 26065, 26277, 26284, 26524, 26574, 26747, 27000, 27033, 27102, 27327, 27350, 28999, 29117, 29789, 29844, 29890, 29974, 30009, 30061, 30812, 30827, 50485, 50488, 50943, 51065, 51118, 51143, 51166, 51193, 51284, 51311, 51377, 51386, 51422, 51523, 51548, 51552, 51567, 51701, 51750, 53335, 53615, 53904, 54106, 54363, 54386, 54471, 54617, 54840, 54880, 54984, 55011, 55201, 55342, 55361, 55743, 55755, 55796, 55998, 56254, 56829, 56852, 56898, 56923, 57060, 57142, 57403, 57521, 57680, 57826, 58155, 58484, 58508, 58517, 60489, 63826, 63976, 64121, 64324, 64397, 64412, 64506, 64764, 64783, 64859, 65018, 65057, 65266, 65267, 79035, 79084, 79576, 79718, 79728, 79991, 80020, 80155, 80312, 81620, 81627, 81844, 83595, 83939, 84081, 84159, 84248, 84619, 84869, 84883, 84967, 85476, 92140, 92906, 93649, 93986, 112770, 114548, 120892, 121504, 130557, 140576, 150094, 222229, 255738, 340061, 348980, 400961, 440275, 553115, 554313]
col  95: GO:0043412   macromolecule modification                     79.78% fp=233 fn=632
  FP: [86, 301, 322, 332, 335, 336, 351, 408, 409, 580, 652, 677, 678, 816, 864, 898, 899, 994, 996, 1385, 1475, 1487, 1603, 1642, 1643, 1650, 1810, 1832, 2107, 2125, 2149, 2255, 2258, 2308, 2335, 2621, 2658, 2690, 2935, 3054, 3357, 3479, 3486, 3553, 3600, 3606, 3685, 3753, 3965, 3984, 4087, 4092, 4205, 4208, 4221, 4504, 4609, 4659, 4690, 4763, 4780, 4864, 5155, 5245, 5310, 5469, 5914, 5929, 5936, 5978, 6015, 6045, 6280, 6314, 6347, 6421, 6464, 6612, 6613, 6688, 6698, 6871, 6880, 6881, 7040, 7057, 7097, 7098, 7099, 7124, 7126, 7294, 7335, 7341, 7538, 7857, 7862, 7917, 8085, 8089, 8239, 8260, 8295, 8450, 8452, 8464, 8697, 8818, 8861, 8881, 8883, 9070, 9474, 9577, 9646, 9767, 9794, 9810, 9903, 9913, 9960, 9971, 10006, 10055, 10152, 10213, 10221, 10347, 10393, 10432, 10474, 10494, 10537, 10626, 10629, 10645, 10902, 10933, 10943, 10956, 11091, 11107, 11143, 11176, 22906, 22976, 23064, 23085, 23139, 23186, 23338, 23429, 23515, 23604, 23774, 25847, 25999, 26133, 26224, 26234, 26259, 26610, 27097, 27154, 27350, 29882, 29945, 30827, 51010, 51147, 51176, 51185, 51284, 51322, 51433, 51434, 51514, 51562, 51592, 51667, 51720, 53335, 54106, 54107, 54344, 54512, 54556, 54623, 54795, 54880, 54949, 55352, 55689, 55729, 55818, 55832, 55929, 55958, 56655, 56852, 56915, 56943, 56970, 57092, 57599, 57634, 64682, 79176, 79577, 79595, 79960, 80155, 80314, 80335, 81858, 83548, 84661, 84759, 84919, 90070, 90293, 91949, 112869, 114799, 117143, 123169, 128869, 153090, 157570, 246184, 253260, 253980, 285381]
  FN: [20, 31, 32, 34, 43, 48, 50, 51, 70, 92, 93, 100, 107, 111, 113, 127, 128, 130, 131, 158, 189, 208, 210, 212, 216, 220, 223, 226, 229, 239, 240, 249, 283, 330, 331, 369, 384, 387, 391, 402, 476, 477, 488, 498, 506, 540, 546, 549, 558, 566, 570, 585, 635, 640, 641, 645, 649, 659, 814, 824, 825, 834, 835, 836, 841, 842, 847, 868, 978, 998, 1022, 1026, 1062, 1119, 1120, 1195, 1200, 1215, 1230, 1373, 1386, 1429, 1510, 1544, 1545, 1579, 1583, 1584, 1585, 1586, 1609, 1636, 1645, 1646, 1653, 1655, 1663, 1666, 1717, 1718, 1734, 1786, 1789, 1803, 1806, 1807, 1889, 1969, 1991, 2028, 2042, 2045, 2068, 2071, 2072, 2073, 2074, 2110, 2131, 2132, 2147, 2158, 2159, 2161, 2166, 2237, 2288, 2326, 2531, 2538, 2539, 2547, 2548, 2571, 2584, 2629, 2645, 2669, 2729, 2739, 2744, 2746, 2747, 2752, 2782, 2793, 2805, 2806, 2822, 2876, 2878, 2938, 2941, 2946, 2947, 2948, 2950, 2952, 2954, 2997, 2998, 3001, 3002, 3029, 3073, 3074, 3146, 3156, 3162, 3163, 3248, 3251, 3265, 3294, 3295, 3303, 3304, 3309, 3312, 3320, 3329, 3396, 3417, 3508, 3612, 3633, 3669, 3690, 3702, 3707, 3716, 3931, 3981, 3988, 3990, 3992, 4018, 4023, 4047, 4048, 4199, 4214, 4216, 4218, 4257, 4258, 4282, 4313, 4314, 4318, 4353, 4361, 4363, 4597, 4598, 4624, 4625, 4627, 4628, 4638, 4643, 4646, 4647, 4650, 4651, 4722, 4724, 4729, 4830, 4831, 4846, 4860, 4882, 4905, 4913, 4952, 4953, 5045, 5046, 5052, 5076, 5080, 5111, 5125, 5130, 5140, 5158, 5167, 5168, 5189, 5190, 5211, 5213, 5218, 5223, 5224, 5226, 5264, 5289, 5290, 5300, 5319, 5320, 5327, 5335, 5336, 5340, 5394, 5422, 5423, 5424, 5426, 5428, 5442, 5444, 5498, 5531, 5536, 5568, 5582, 5588, 5592, 5604, 5624, 5631, 5641, 5646, 5648, 5654, 5663, 5693, 5701, 5702, 5705, 5730, 5742, 5743, 5768, 5780, 5784, 5793, 5810, 5831, 5836, 5862, 5864, 5865, 5867, 5868, 5869, 5873, 5874, 5878, 5881, 5883, 5888, 5894, 5899, 5908, 5911, 5932, 5972, 5976, 6093, 6120, 6188, 6196, 6198, 6237, 6240, 6241, 6319, 6342, 6389, 6392, 6422, 6470, 6478, 6502, 6594, 6597, 6609, 6622, 6646, 6647, 6648, 6683, 6817, 6818, 6832, 6868, 6898, 6901, 6903, 7001, 7015, 7051, 7052, 7083, 7153, 7155, 7273, 7296, 7298, 7363, 7389, 7390, 7412, 7486, 7525, 7837, 7879, 7915, 7919, 7923, 7941, 8202, 8394, 8396, 8399, 8435, 8467, 8527, 8529, 8534, 8564, 8605, 8611, 8694, 8726, 8751, 8754, 8766, 8829, 8867, 8877, 8879, 8930, 8942, 9020, 9060, 9131, 9156, 9230, 9361, 9367, 9388, 9401, 9469, 9517, 9525, 9536, 9540, 9557, 9575, 9585, 9619, 9775, 10058, 10059, 10116, 10170, 10188, 10196, 10201, 10202, 10212, 10309, 10325, 10437, 10444, 10555, 10558, 10569, 10652, 10670, 10721, 10728, 10747, 10845, 10892, 10901, 10908, 10928, 10965, 10978, 10993, 10998, 11001, 11132, 11140, 11284, 11343, 22836, 22845, 22856, 22894, 22909, 23007, 23011, 23020, 23071, 23095, 23175, 23192, 23205, 23213, 23236, 23293, 23318, 23405, 23433, 23475, 23498, 23499, 23512, 23560, 23583, 25788, 25796, 25824, 25825, 25930, 25939, 25976, 26061, 26270, 27032, 27159, 27161, 27232, 27284, 27306, 27429, 29102, 29104, 29789, 29940, 30001, 30061, 30815, 50485, 50515, 51067, 51079, 51099, 51111, 51135, 51144, 51163, 51166, 51167, 51170, 51181, 51196, 51302, 51312, 51493, 51552, 51567, 51692, 51715, 51750, 51752, 51763, 53834, 53947, 54363, 54431, 54576, 54577, 54600, 54617, 54658, 54677, 54840, 55149, 55256, 55331, 55361, 55454, 55471, 55500, 55501, 55521, 55614, 55627, 55790, 55801, 55819, 55856, 55959, 56548, 56603, 56652, 56897, 56898, 56913, 56994, 57104, 57396, 57403, 57448, 57551, 57574, 57680, 57704, 57787, 58478, 58508, 59272, 63826, 63971, 64121, 64377, 64577, 64750, 64754, 64782, 64802, 64834, 64852, 64858, 79039, 79077, 79158, 79400, 79631, 79654, 79661, 79791, 79872, 79888, 80339, 80824, 81542, 81930, 83752, 84340, 84649, 84701, 84803, 84817, 84869, 84883, 84938, 85476, 87178, 92797, 93100, 93210, 114088, 115827, 127281, 130507, 137964, 142678, 145226, 145482, 157506, 160851, 164656, 166012, 166929, 167153, 195814, 246243, 255738, 259230, 349565, 641371, 100137049]
col   6: GO:0016070   RNA metabolic process                          79.57% fp= 81 fn=793
  FP: [283, 409, 472, 602, 659, 728, 902, 1022, 1233, 1855, 1856, 2068, 2069, 2071, 2958, 2965, 2966, 2967, 3091, 3975, 4331, 4929, 5566, 6182, 6604, 6827, 6881, 6882, 8846, 9282, 9440, 9811, 9862, 9968, 9969, 10025, 10114, 10978, 11047, 11193, 22894, 23054, 23144, 23636, 25888, 25896, 26173, 26512, 27339, 29072, 29079, 51010, 51319, 51547, 51755, 51773, 53981, 54623, 55174, 55629, 55656, 55756, 55759, 56915, 56949, 57117, 57508, 58487, 65123, 79068, 79577, 79595, 80746, 80789, 84292, 90390, 92105, 92797, 123169, 167153, 283989]
  FN: [19, 20, 23, 48, 70, 81, 87, 90, 91, 94, 118, 127, 142, 150, 151, 152, 154, 189, 190, 207, 208, 226, 302, 309, 310, 311, 328, 335, 336, 373, 387, 399, 401, 402, 403, 406, 429, 467, 476, 477, 498, 509, 540, 549, 580, 604, 639, 641, 657, 658, 668, 672, 675, 688, 722, 811, 847, 861, 864, 871, 978, 984, 998, 1021, 1029, 1044, 1045, 1046, 1051, 1054, 1071, 1104, 1153, 1198, 1213, 1261, 1380, 1385, 1386, 1387, 1399, 1406, 1428, 1429, 1454, 1476, 1482, 1487, 1491, 1495, 1499, 1523, 1536, 1544, 1545, 1583, 1585, 1586, 1613, 1634, 1645, 1646, 1660, 1663, 1666, 1717, 1728, 1729, 1759, 1760, 1778, 1786, 1788, 1806, 1812, 1815, 1816, 1832, 1874, 1880, 1965, 1968, 1977, 1981, 1982, 1984, 1994, 1997, 2000, 2004, 2011, 2019, 2023, 2033, 2034, 2063, 2067, 2072, 2073, 2074, 2107, 2110, 2115, 2118, 2119, 2122, 2146, 2280, 2281, 2288, 2294, 2295, 2296, 2302, 2303, 2304, 2308, 2309, 2316, 2317, 2332, 2334, 2353, 2475, 2494, 2516, 2539, 2547, 2584, 2625, 2645, 2669, 2729, 2735, 2736, 2737, 2746, 2747, 2806, 2885, 2896, 2908, 2909, 2926, 2935, 2956, 2962, 3008, 3065, 3066, 3087, 3141, 3142, 3146, 3148, 3156, 3162, 3164, 3170, 3171, 3172, 3182, 3202, 3211, 3216, 3227, 3235, 3265, 3273, 3276, 3280, 3303, 3304, 3312, 3313, 3315, 3320, 3326, 3329, 3354, 3356, 3357, 3358, 3359, 3396, 3428, 3434, 3508, 3516, 3622, 3642, 3643, 3659, 3662, 3665, 3670, 3717, 3725, 3727, 3837, 3838, 3843, 3875, 3956, 3958, 3981, 4009, 4010, 4035, 4048, 4066, 4076, 4086, 4087, 4088, 4089, 4091, 4092, 4204, 4208, 4209, 4217, 4218, 4221, 4223, 4286, 4297, 4303, 4436, 4478, 4520, 4602, 4609, 4627, 4628, 4644, 4646, 4650, 4691, 4760, 4772, 4775, 4780, 4781, 4790, 4791, 4824, 4830, 4842, 4846, 4850, 4851, 4857, 4860, 4864, 4869, 4899, 4904, 4913, 4968, 5000, 5015, 5052, 5071, 5077, 5087, 5111, 5167, 5189, 5190, 5211, 5213, 5217, 5241, 5245, 5292, 5308, 5319, 5339, 5395, 5424, 5426, 5451, 5452, 5453, 5465, 5467, 5468, 5478, 5501, 5524, 5536, 5591, 5610, 5629, 5631, 5725, 5727, 5743, 5770, 5813, 5836, 5862, 5865, 5867, 5868, 5869, 5870, 5871, 5873, 5874, 5878, 5879, 5880, 5888, 5896, 5898, 5899, 5908, 5911, 5912, 5914, 5916, 5925, 5929, 5930, 5932, 5935, 5936, 5966, 5970, 5971, 5978, 5991, 6009, 6047, 6095, 6103, 6117, 6118, 6188, 6189, 6193, 6207, 6210, 6231, 6237, 6256, 6257, 6262, 6275, 6294, 6310, 6311, 6342, 6392, 6470, 6495, 6498, 6591, 6596, 6597, 6613, 6624, 6646, 6657, 6659, 6662, 6664, 6670, 6688, 6711, 6714, 6720, 6729, 6732, 6742, 6772, 6774, 6788, 6789, 6792, 6794, 6812, 6855, 6880, 6886, 6890, 6907, 6910, 6926, 6927, 6932, 6934, 6935, 6943, 7003, 7011, 7013, 7014, 7020, 7023, 7025, 7026, 7030, 7037, 7046, 7050, 7071, 7072, 7080, 7098, 7124, 7145, 7153, 7157, 7161, 7175, 7178, 7184, 7205, 7284, 7294, 7295, 7329, 7332, 7334, 7341, 7343, 7374, 7376, 7415, 7421, 7430, 7431, 7442, 7474, 7486, 7508, 7520, 7528, 7531, 7532, 7546, 7572, 7704, 7818, 7837, 7879, 7942, 8013, 8085, 8092, 8106, 8204, 8243, 8289, 8294, 8359, 8360, 8361, 8362, 8363, 8364, 8365, 8366, 8367, 8368, 8370, 8435, 8445, 8462, 8476, 8531, 8539, 8569, 8661, 8662, 8663, 8664, 8666, 8667, 8668, 8683, 8711, 8805, 8856, 8877, 8892, 8894, 8928, 8932, 8986, 9024, 9070, 9100, 9113, 9156, 9191, 9221, 9230, 9252, 9255, 9262, 9263, 9271, 9361, 9367, 9401, 9444, 9447, 9448, 9464, 9475, 9480, 9531, 9540, 9557, 9572, 9575, 9611, 9619, 9666, 9669, 9693, 9759, 9810, 9874, 9898, 9943, 9971, 10013, 10014, 10058, 10062, 10075, 10111, 10131, 10150, 10155, 10181, 10210, 10270, 10320, 10325, 10379, 10399, 10409, 10413, 10432, 10449, 10472, 10482, 10488, 10498, 10514, 10577, 10613, 10626, 10642, 10657, 10658, 10659, 10664, 10670, 10725, 10782, 10783, 10845, 10856, 10891, 10943, 10952, 10993, 11011, 11030, 11069, 11107, 11151, 11168, 11171, 11176, 11184, 11213, 11260, 11315, 11325, 11344, 22809, 22836, 22861, 22862, 22909, 22919, 22933, 22954, 22985, 23011, 23028, 23089, 23139, 23186, 23210, 23212, 23235, 23345, 23424, 23499, 23543, 23560, 23580, 23586, 23604, 25824, 25913, 25939, 25942, 25976, 25988, 26058, 26061, 26065, 26277, 26284, 26524, 26574, 26747, 27000, 27033, 27102, 27327, 27350, 28999, 29117, 29789, 29844, 29890, 29974, 30009, 30061, 30812, 30827, 50485, 50488, 50943, 51065, 51118, 51143, 51166, 51193, 51284, 51311, 51377, 51386, 51422, 51523, 51548, 51552, 51567, 51701, 51750, 53335, 53615, 53904, 54106, 54363, 54386, 54471, 54576, 54617, 54658, 54840, 54880, 54984, 55011, 55201, 55342, 55361, 55743, 55755, 55796, 55998, 56254, 56829, 56852, 56898, 56923, 57060, 57142, 57403, 57521, 57680, 57826, 58155, 58484, 58508, 58517, 60489, 63826, 63976, 64121, 64324, 64397, 64412, 64506, 64764, 64783, 64859, 65018, 65057, 65266, 65267, 79035, 79084, 79576, 79718, 79728, 79991, 80020, 80155, 80312, 81620, 81627, 81844, 83595, 83939, 84081, 84159, 84248, 84619, 84869, 84883, 84967, 85476, 92140, 92906, 93649, 93986, 112770, 114548, 120892, 121504, 130557, 140576, 150094, 222229, 255738, 340061, 348980, 400961, 440275, 553115, 554313]
col 118: GO:0008150   biological_process                             79.13% fp=683 fn=210
  FP: [2, 27, 127, 128, 130, 131, 151, 155, 158, 177, 183, 186, 197, 223, 249, 285, 336, 337, 344, 345, 369, 391, 396, 480, 551, 554, 579, 597, 637, 638, 640, 649, 652, 653, 655, 710, 714, 718, 719, 722, 727, 780, 796, 799, 816, 818, 835, 846, 887, 928, 939, 943, 952, 961, 978, 993, 1043, 1044, 1046, 1071, 1119, 1120, 1138, 1183, 1195, 1215, 1232, 1233, 1261, 1268, 1270, 1277, 1278, 1282, 1286, 1289, 1290, 1292, 1301, 1305, 1307, 1308, 1311, 1365, 1380, 1390, 1392, 1399, 1401, 1437, 1471, 1586, 1602, 1611, 1622, 1630, 1634, 1646, 1734, 1759, 1794, 1825, 1840, 1893, 1907, 1909, 1910, 1942, 1948, 1949, 1960, 1979, 1999, 2045, 2069, 2115, 2139, 2147, 2155, 2158, 2159, 2160, 2161, 2166, 2192, 2200, 2202, 2208, 2247, 2249, 2250, 2252, 2253, 2254, 2277, 2294, 2322, 2326, 2487, 2538, 2645, 2658, 2668, 2688, 2729, 2730, 2736, 2739, 2740, 2768, 2769, 2874, 2878, 2887, 2898, 2918, 2920, 2921, 2922, 2931, 2935, 2938, 2941, 2997, 3001, 3029, 3082, 3084, 3093, 3171, 3175, 3213, 3214, 3218, 3235, 3240, 3273, 3294, 3371, 3440, 3458, 3476, 3481, 3485, 3488, 3491, 3553, 3554, 3557, 3558, 3559, 3562, 3565, 3576, 3586, 3589, 3592, 3593, 3595, 3605, 3606, 3624, 3627, 3651, 3656, 3681, 3702, 3707, 3718, 3800, 3815, 3818, 3827, 3850, 3915, 3931, 3990, 3992, 4009, 4023, 4054, 4055, 4058, 4059, 4066, 4153, 4155, 4158, 4159, 4160, 4161, 4192, 4211, 4214, 4215, 4283, 4286, 4293, 4313, 4314, 4318, 4321, 4332, 4481, 4485, 4544, 4583, 4602, 4629, 4665, 4681, 4803, 4850, 4878, 4879, 4880, 4886, 4887, 4889, 4916, 4920, 4921, 4988, 5008, 5054, 5073, 5139, 5158, 5168, 5176, 5196, 5204, 5217, 5228, 5241, 5290, 5293, 5351, 5352, 5360, 5444, 5454, 5456, 5470, 5588, 5590, 5601, 5603, 5606, 5607, 5617, 5631, 5646, 5648, 5725, 5733, 5741, 5754, 5787, 5792, 5793, 5818, 5871, 5886, 5913, 5921, 5950, 5972, 6009, 6011, 6120, 6199, 6237, 6242, 6251, 6273, 6347, 6352, 6356, 6363, 6366, 6369, 6387, 6405, 6416, 6423, 6441, 6480, 6484, 6507, 6523, 6558, 6568, 6574, 6581, 6585, 6660, 6665, 6696, 6760, 6817, 6818, 6863, 6898, 6905, 7001, 7005, 7027, 7043, 7050, 7051, 7083, 7100, 7105, 7133, 7169, 7275, 7323, 7325, 7326, 7328, 7337, 7363, 7374, 7409, 7410, 7424, 7448, 7454, 7462, 7473, 7474, 7476, 7477, 7480, 7482, 7531, 7532, 7709, 7832, 7857, 7903, 7941, 7957, 8013, 8022, 8074, 8078, 8200, 8325, 8399, 8425, 8434, 8448, 8456, 8462, 8463, 8493, 8501, 8503, 8534, 8542, 8564, 8578, 8600, 8605, 8646, 8651, 8654, 8660, 8682, 8694, 8708, 8740, 8743, 8775, 8788, 8828, 8835, 8856, 8883, 8907, 8912, 8993, 9002, 9020, 9021, 9031, 9040, 9099, 9145, 9149, 9175, 9201, 9211, 9220, 9244, 9253, 9311, 9319, 9369, 9379, 9401, 9423, 9469, 9495, 9536, 9540, 9655, 9670, 9690, 9719, 9736, 9828, 9935, 9965, 10018, 10068, 10076, 10105, 10106, 10150, 10174, 10193, 10196, 10332, 10342, 10344, 10365, 10371, 10385, 10401, 10451, 10468, 10475, 10477, 10512, 10516, 10563, 10683, 10721, 10747, 10758, 10776, 10817, 10818, 10922, 10928, 10955, 11034, 11040, 11059, 11082, 11184, 11251, 22800, 22836, 22856, 22937, 22955, 23024, 23118, 23184, 23230, 23327, 23475, 23529, 23532, 23624, 23640, 23765, 23779, 25788, 25796, 25803, 25806, 25960, 26058, 26585, 26973, 27102, 27113, 27122, 27123, 27130, 27284, 27289, 27306, 27343, 29072, 29104, 29119, 29126, 29775, 29881, 29929, 29995, 30009, 30851, 50489, 50512, 50515, 50649, 50964, 51067, 51135, 51162, 51246, 51289, 51291, 51302, 51311, 51330, 51347, 51378, 51451, 51454, 51455, 51504, 51561, 51619, 51667, 51752, 53905, 53947, 54097, 54538, 54567, 54822, 54862, 54904, 54926, 54929, 55117, 55233, 55284, 55432, 55454, 55501, 55568, 55611, 55624, 55681, 55690, 55742, 55790, 55795, 55796, 55816, 56301, 56548, 56674, 56853, 56913, 56923, 56940, 56994, 57060, 57396, 57496, 57551, 57689, 57704, 58155, 58191, 58478, 58480, 58488, 59307, 64282, 64324, 64377, 64403, 64854, 65266, 79053, 79400, 79631, 79738, 79866, 79872, 80243, 80267, 80312, 80339, 80381, 80829, 80833, 81035, 81570, 81576, 84132, 84159, 84174, 84336, 84340, 84466, 84870, 85329, 85413, 85440, 85453, 85464, 85476, 90226, 91653, 92359, 92906, 92912, 93986, 94233, 115727, 116519, 124220, 124583, 126119, 130507, 131177, 131890, 133396, 134549, 142678, 142679, 145482, 147372, 165140, 166012, 167153, 168667, 197131, 219333, 222068, 225689, 246778, 255743, 259173, 259197, 283989, 284217, 285440, 353376, 400961, 497661]
  FN: [16, 23, 123, 273, 334, 394, 549, 613, 633, 868, 871, 919, 921, 925, 930, 966, 974, 1002, 1509, 1522, 1600, 1728, 1730, 1755, 1796, 1876, 2020, 2145, 2205, 2209, 2317, 2318, 2355, 2571, 2734, 2793, 2826, 2890, 2896, 2926, 3008, 3030, 3074, 3110, 3212, 3217, 3221, 3226, 3257, 3267, 3299, 3360, 3394, 3431, 3603, 3621, 3726, 3727, 3890, 4036, 4118, 4173, 4175, 4247, 4363, 4688, 4778, 4854, 4857, 4926, 5033, 5087, 5089, 5110, 5147, 5265, 5268, 5307, 5333, 5396, 5452, 5652, 5682, 5692, 5702, 5704, 5729, 5775, 5778, 5780, 5900, 5954, 6002, 6294, 6453, 6493, 6596, 6616, 6623, 6663, 6708, 6710, 6917, 7059, 7091, 7111, 7143, 7270, 7342, 7358, 7419, 7431, 7465, 7468, 7525, 7716, 7818, 7979, 8291, 8395, 8451, 8525, 8625, 8726, 8894, 8930, 9107, 9133, 9162, 9170, 9191, 9221, 9324, 9510, 9588, 9635, 9771, 9837, 10038, 10107, 10379, 10527, 10579, 10598, 10672, 10791, 10808, 10848, 10905, 10939, 11104, 11188, 22797, 22821, 22862, 23075, 23309, 23312, 23314, 23598, 23649, 25816, 26256, 27125, 27230, 28962, 29107, 51199, 51231, 53340, 53347, 53616, 54205, 55075, 55183, 55250, 55326, 55342, 55558, 55589, 55705, 55740, 55750, 55847, 56479, 57048, 57178, 57534, 57574, 57626, 57669, 58508, 60626, 64131, 64759, 64783, 64837, 79058, 79084, 80331, 80755, 80856, 84634, 84700, 93664, 113878, 121457, 138429, 140576, 147912]
col   1: GO:0051291   protein heterooligomerization                  78.21% fp=  7 fn=925
  FP: [2547, 3710, 4038, 8737, 9076, 10801, 11035]
  FN: [2, 16, 31, 34, 48, 54, 58, 59, 70, 71, 81, 87, 88, 89, 91, 102, 107, 128, 130, 181, 183, 197, 210, 214, 216, 220, 223, 226, 229, 238, 239, 249, 283, 284, 301, 306, 309, 310, 311, 317, 334, 335, 336, 337, 338, 341, 344, 345, 348, 350, 351, 355, 356, 357, 358, 359, 362, 373, 382, 387, 388, 389, 391, 392, 396, 402, 403, 476, 491, 498, 506, 509, 515, 525, 539, 558, 566, 567, 581, 613, 633, 635, 637, 645, 667, 710, 712, 714, 718, 727, 729, 731, 752, 754, 780, 781, 793, 801, 805, 808, 811, 814, 824, 847, 871, 928, 929, 930, 939, 942, 943, 949, 950, 952, 958, 960, 961, 966, 970, 972, 974, 975, 983, 998, 999, 1012, 1041, 1071, 1072, 1080, 1174, 1191, 1192, 1200, 1203, 1213, 1272, 1278, 1284, 1289, 1295, 1311, 1312, 1363, 1380, 1399, 1401, 1409, 1410, 1428, 1429, 1432, 1435, 1464, 1471, 1475, 1476, 1491, 1499, 1500, 1509, 1510, 1511, 1512, 1522, 1579, 1601, 1603, 1604, 1605, 1622, 1636, 1642, 1645, 1655, 1663, 1666, 1672, 1728, 1739, 1755, 1759, 1778, 1785, 1794, 1803, 1807, 1828, 1832, 1845, 1889, 1893, 1937, 1942, 1950, 1965, 1968, 1977, 1984, 1991, 2023, 2028, 2040, 2047, 2054, 2059, 2125, 2132, 2147, 2152, 2158, 2160, 2161, 2171, 2186, 2192, 2199, 2200, 2202, 2208, 2212, 2243, 2244, 2254, 2266, 2268, 2280, 2288, 2316, 2317, 2335, 2488, 2530, 2539, 2548, 2584, 2590, 2591, 2621, 2629, 2658, 2683, 2697, 2734, 2739, 2752, 2760, 2767, 2771, 2776, 2778, 2782, 2803, 2805, 2806, 2810, 2811, 2819, 2822, 2876, 2878, 2885, 2896, 2915, 2934, 2938, 2946, 2947, 2950, 2952, 3008, 3014, 3029, 3050, 3071, 3073, 3074, 3075, 3093, 3108, 3178, 3190, 3240, 3248, 3251, 3273, 3301, 3306, 3308, 3309, 3312, 3313, 3315, 3320, 3326, 3329, 3337, 3339, 3383, 3417, 3481, 3485, 3486, 3557, 3572, 3606, 3612, 3646, 3672, 3675, 3676, 3683, 3684, 3685, 3688, 3689, 3690, 3691, 3692, 3696, 3728, 3778, 3801, 3818, 3827, 3837, 3840, 3848, 3849, 3850, 3857, 3858, 3861, 3868, 3875, 3880, 3890, 3908, 3911, 3912, 3913, 3915, 3925, 3929, 3931, 3932, 3936, 3956, 3958, 3965, 4023, 4036, 4048, 4054, 4059, 4067, 4077, 4124, 4168, 4189, 4218, 4240, 4282, 4300, 4316, 4318, 4332, 4353, 4363, 4478, 4485, 4534, 4598, 4627, 4628, 4629, 4638, 4643, 4644, 4646, 4670, 4691, 4710, 4734, 4811, 4830, 4831, 4860, 4864, 4868, 4899, 4904, 4905, 4921, 4926, 4952, 5025, 5045, 5048, 5052, 5054, 5094, 5110, 5111, 5119, 5159, 5174, 5175, 5176, 5189, 5211, 5213, 5217, 5223, 5224, 5226, 5243, 5245, 5265, 5268, 5272, 5286, 5310, 5311, 5320, 5327, 5328, 5333, 5336, 5339, 5340, 5351, 5352, 5393, 5420, 5428, 5444, 5478, 5499, 5500, 5515, 5516, 5518, 5524, 5538, 5566, 5577, 5578, 5579, 5580, 5584, 5590, 5594, 5595, 5604, 5621, 5641, 5646, 5652, 5654, 5660, 5682, 5683, 5692, 5693, 5696, 5705, 5720, 5721, 5725, 5730, 5742, 5745, 5768, 5777, 5783, 5786, 5788, 5792, 5793, 5795, 5800, 5802, 5817, 5819, 5836, 5862, 5865, 5867, 5868, 5869, 5870, 5873, 5874, 5878, 5879, 5880, 5881, 5898, 5899, 5906, 5908, 5911, 5912, 5950, 6009, 6050, 6092, 6102, 6120, 6188, 6189, 6193, 6207, 6208, 6210, 6223, 6231, 6237, 6240, 6251, 6261, 6262, 6275, 6278, 6280, 6284, 6286, 6288, 6289, 6338, 6340, 6342, 6386, 6387, 6422, 6426, 6432, 6456, 6470, 6480, 6484, 6500, 6505, 6513, 6515, 6521, 6523, 6548, 6558, 6584, 6608, 6609, 6612, 6623, 6624, 6647, 6648, 6683, 6693, 6696, 6711, 6714, 6717, 6718, 6742, 6794, 6809, 6812, 6813, 6814, 6845, 7001, 7018, 7037, 7045, 7049, 7051, 7052, 7053, 7057, 7060, 7070, 7077, 7094, 7105, 7128, 7148, 7171, 7178, 7184, 7251, 7266, 7273, 7284, 7295, 7296, 7322, 7323, 7326, 7332, 7334, 7335, 7336, 7345, 7358, 7402, 7408, 7412, 7414, 7415, 7416, 7419, 7429, 7430, 7431, 7448, 7450, 7453, 7454, 7462, 7508, 7525, 7529, 7531, 7532, 7533, 7832, 7837, 7852, 7879, 8202, 8218, 8291, 8322, 8411, 8416, 8425, 8450, 8452, 8476, 8607, 8611, 8613, 8649, 8662, 8667, 8668, 8671, 8741, 8743, 8751, 8754, 8766, 8773, 8775, 8825, 8842, 8858, 8878, 8907, 8976, 8985, 8993, 9022, 9027, 9040, 9043, 9066, 9097, 9114, 9146, 9230, 9261, 9270, 9353, 9367, 9368, 9370, 9371, 9445, 9521, 9525, 9540, 9545, 9551, 9559, 9588, 9657, 9696, 9943, 9963, 9967, 10006, 10058, 10068, 10075, 10096, 10131, 10135, 10163, 10189, 10202, 10213, 10269, 10273, 10326, 10342, 10381, 10385, 10397, 10399, 10409, 10411, 10449, 10451, 10452, 10458, 10476, 10487, 10494, 10512, 10516, 10540, 10577, 10592, 10598, 10629, 10632, 10652, 10672, 10728, 10747, 10755, 10787, 10791, 10808, 10856, 10901, 10905, 10935, 10938, 10965, 10972, 11001, 11034, 11059, 11060, 11117, 11120, 11127, 11140, 11151, 11160, 11190, 11315, 11326, 11331, 11344, 22795, 22800, 22836, 22920, 22930, 22948, 23011, 23043, 23071, 23191, 23236, 23295, 23308, 23318, 23327, 23332, 23338, 23370, 23406, 23428, 23433, 23475, 23498, 23513, 23529, 23612, 23624, 23654, 23673, 23705, 25796, 25813, 25824, 25836, 25909, 25930, 25932, 26060, 26227, 26509, 26986, 26994, 26999, 27316, 27335, 27430, 28988, 29126, 29127, 29789, 29800, 30061, 30835, 30844, 30846, 30851, 50488, 50509, 50617, 51079, 51100, 51160, 51166, 51168, 51181, 51246, 51312, 51429, 51504, 51510, 51552, 51599, 51715, 51752, 53347, 53405, 53947, 54097, 54538, 54600, 54862, 54927, 55004, 55023, 55075, 55233, 55327, 55471, 55503, 55521, 55600, 55604, 55611, 55755, 55801, 55832, 55847, 55856, 55867, 55971, 56034, 56898, 56994, 57026, 57045, 57082, 57142, 57153, 57154, 57402, 57403, 57447, 57551, 57731, 57826, 58190, 58478, 59272, 59338, 64398, 64577, 64786, 65078, 79784, 79885, 80310, 80331, 80381, 80727, 80781, 81035, 81539, 83706, 83737, 83871, 84059, 84100, 84168, 84433, 84817, 84958, 85477, 89941, 92359, 93100, 112574, 116085, 116986, 120892, 124220, 124583, 127281, 140576, 140885, 145482, 149951, 150684, 151742, 153090, 203068, 219771, 222068, 252983, 255743, 375790, 553115]
col  48: GO:0051291   protein heterooligomerization                  78.10% fp=  7 fn=930
  FP: [2547, 3710, 4038, 8737, 9076, 10801, 11035]
  FN: [2, 16, 31, 34, 48, 54, 58, 59, 70, 71, 81, 87, 88, 89, 91, 102, 107, 128, 130, 181, 183, 197, 210, 214, 216, 220, 223, 226, 229, 238, 239, 249, 283, 284, 301, 306, 309, 310, 311, 317, 334, 335, 336, 337, 338, 341, 344, 345, 348, 350, 351, 355, 356, 357, 358, 359, 362, 373, 382, 387, 388, 389, 391, 392, 396, 402, 403, 476, 477, 491, 498, 506, 509, 515, 525, 539, 558, 566, 567, 581, 613, 633, 635, 637, 645, 667, 710, 712, 714, 718, 727, 729, 731, 752, 754, 780, 781, 793, 801, 805, 808, 811, 814, 824, 847, 871, 928, 929, 930, 939, 942, 943, 949, 950, 952, 958, 960, 961, 966, 970, 972, 974, 975, 983, 998, 999, 1012, 1041, 1071, 1072, 1080, 1174, 1191, 1192, 1200, 1203, 1213, 1272, 1278, 1284, 1289, 1295, 1311, 1312, 1363, 1380, 1399, 1401, 1409, 1410, 1428, 1429, 1432, 1435, 1464, 1471, 1475, 1476, 1491, 1499, 1500, 1509, 1510, 1511, 1512, 1522, 1579, 1601, 1603, 1604, 1605, 1622, 1636, 1642, 1645, 1655, 1663, 1666, 1672, 1728, 1739, 1755, 1759, 1778, 1785, 1794, 1803, 1807, 1828, 1832, 1845, 1889, 1893, 1937, 1942, 1950, 1965, 1968, 1977, 1984, 1991, 2023, 2028, 2040, 2047, 2054, 2059, 2125, 2132, 2147, 2152, 2153, 2158, 2160, 2161, 2171, 2186, 2192, 2199, 2200, 2202, 2208, 2212, 2243, 2244, 2254, 2266, 2268, 2280, 2288, 2316, 2317, 2335, 2488, 2530, 2539, 2548, 2584, 2590, 2591, 2621, 2629, 2658, 2683, 2697, 2734, 2739, 2752, 2760, 2767, 2771, 2776, 2778, 2782, 2803, 2805, 2806, 2810, 2811, 2819, 2822, 2876, 2878, 2885, 2896, 2915, 2934, 2938, 2946, 2947, 2950, 2952, 3008, 3014, 3029, 3050, 3071, 3073, 3074, 3075, 3093, 3108, 3178, 3190, 3240, 3248, 3251, 3273, 3301, 3306, 3308, 3309, 3312, 3313, 3315, 3320, 3326, 3329, 3337, 3339, 3383, 3417, 3481, 3485, 3486, 3557, 3572, 3606, 3612, 3646, 3672, 3675, 3676, 3683, 3684, 3685, 3688, 3689, 3690, 3691, 3692, 3696, 3728, 3778, 3801, 3818, 3827, 3837, 3840, 3848, 3849, 3850, 3857, 3858, 3861, 3868, 3875, 3880, 3890, 3908, 3911, 3912, 3913, 3915, 3925, 3929, 3931, 3932, 3936, 3956, 3958, 3965, 4023, 4036, 4048, 4054, 4059, 4067, 4077, 4124, 4168, 4189, 4218, 4240, 4282, 4300, 4316, 4318, 4332, 4353, 4363, 4478, 4485, 4534, 4598, 4627, 4628, 4629, 4638, 4643, 4644, 4646, 4670, 4691, 4710, 4734, 4811, 4830, 4831, 4860, 4864, 4868, 4899, 4904, 4905, 4921, 4926, 4952, 5025, 5045, 5048, 5052, 5054, 5094, 5110, 5111, 5119, 5159, 5174, 5175, 5176, 5189, 5211, 5213, 5217, 5223, 5224, 5226, 5243, 5245, 5265, 5268, 5270, 5272, 5286, 5310, 5311, 5320, 5327, 5328, 5333, 5336, 5339, 5340, 5351, 5352, 5393, 5420, 5428, 5444, 5478, 5499, 5500, 5515, 5516, 5518, 5524, 5538, 5566, 5577, 5578, 5579, 5580, 5584, 5590, 5594, 5595, 5604, 5621, 5641, 5646, 5652, 5654, 5660, 5682, 5683, 5692, 5693, 5696, 5705, 5720, 5721, 5725, 5730, 5742, 5745, 5768, 5777, 5783, 5786, 5788, 5792, 5793, 5795, 5800, 5802, 5817, 5819, 5836, 5862, 5864, 5865, 5867, 5868, 5869, 5870, 5873, 5874, 5878, 5879, 5880, 5881, 5898, 5899, 5906, 5908, 5911, 5912, 5950, 6009, 6050, 6092, 6102, 6120, 6188, 6189, 6193, 6207, 6208, 6210, 6223, 6231, 6237, 6240, 6251, 6261, 6262, 6275, 6278, 6280, 6284, 6286, 6288, 6289, 6338, 6340, 6342, 6386, 6387, 6422, 6426, 6432, 6456, 6470, 6480, 6484, 6500, 6505, 6513, 6515, 6521, 6523, 6548, 6558, 6584, 6608, 6609, 6612, 6623, 6624, 6647, 6648, 6683, 6693, 6696, 6711, 6714, 6717, 6718, 6742, 6794, 6809, 6812, 6813, 6814, 6845, 7001, 7018, 7037, 7045, 7049, 7051, 7052, 7053, 7057, 7060, 7070, 7077, 7094, 7105, 7128, 7148, 7171, 7178, 7184, 7251, 7266, 7273, 7284, 7295, 7296, 7322, 7323, 7326, 7332, 7334, 7335, 7336, 7345, 7358, 7402, 7408, 7412, 7414, 7415, 7416, 7419, 7429, 7430, 7431, 7448, 7450, 7453, 7454, 7462, 7508, 7525, 7529, 7531, 7532, 7533, 7832, 7837, 7852, 7879, 8202, 8218, 8291, 8322, 8411, 8416, 8425, 8450, 8452, 8476, 8607, 8611, 8613, 8649, 8662, 8667, 8668, 8671, 8741, 8743, 8751, 8754, 8766, 8773, 8775, 8825, 8842, 8858, 8878, 8907, 8976, 8985, 8993, 9022, 9027, 9040, 9043, 9066, 9097, 9114, 9146, 9230, 9261, 9270, 9353, 9367, 9368, 9370, 9371, 9445, 9521, 9525, 9540, 9545, 9551, 9559, 9588, 9657, 9696, 9943, 9963, 9967, 10006, 10058, 10068, 10075, 10096, 10131, 10135, 10163, 10189, 10202, 10213, 10269, 10273, 10326, 10342, 10381, 10385, 10397, 10399, 10409, 10411, 10449, 10451, 10452, 10458, 10476, 10487, 10494, 10512, 10516, 10540, 10577, 10592, 10598, 10629, 10632, 10652, 10672, 10728, 10747, 10755, 10787, 10791, 10808, 10856, 10901, 10905, 10935, 10938, 10965, 10972, 11001, 11034, 11059, 11060, 11117, 11120, 11127, 11140, 11151, 11160, 11190, 11253, 11315, 11326, 11331, 11344, 22795, 22800, 22836, 22920, 22930, 22948, 23011, 23043, 23071, 23191, 23236, 23295, 23308, 23318, 23327, 23332, 23338, 23370, 23406, 23428, 23433, 23475, 23498, 23513, 23529, 23612, 23624, 23654, 23673, 23705, 25796, 25813, 25824, 25836, 25909, 25930, 25932, 26060, 26227, 26509, 26986, 26994, 26999, 27316, 27335, 27430, 28988, 29126, 29127, 29789, 29800, 30061, 30835, 30844, 30846, 30851, 50488, 50509, 50617, 51079, 51100, 51160, 51166, 51168, 51181, 51246, 51312, 51429, 51504, 51510, 51552, 51599, 51715, 51752, 53347, 53405, 53947, 54097, 54538, 54600, 54862, 54927, 55004, 55023, 55075, 55233, 55327, 55471, 55503, 55521, 55600, 55604, 55611, 55755, 55801, 55832, 55847, 55856, 55867, 55971, 56034, 56898, 56994, 57026, 57045, 57082, 57142, 57153, 57154, 57402, 57403, 57447, 57551, 57731, 57826, 58190, 58478, 59272, 59338, 64398, 64577, 64786, 65078, 79784, 79885, 80310, 80331, 80381, 80727, 80781, 81035, 81539, 83706, 83737, 83871, 84059, 84100, 84168, 84433, 84817, 84958, 85477, 89941, 92359, 93100, 112574, 116085, 116986, 120892, 124220, 124583, 127281, 140576, 140885, 145482, 149951, 150684, 151742, 153090, 203068, 219771, 222068, 252983, 255743, 375790, 553115]
col  70: GO:0051291   protein heterooligomerization                  78.10% fp=  7 fn=930
  FP: [2547, 3710, 4038, 8737, 9076, 10801, 11035]
  FN: [2, 16, 31, 34, 48, 54, 58, 59, 70, 71, 81, 87, 88, 89, 91, 102, 107, 128, 130, 181, 183, 197, 210, 214, 216, 220, 223, 226, 229, 238, 239, 249, 283, 284, 301, 306, 309, 310, 311, 317, 334, 335, 336, 337, 338, 341, 344, 345, 348, 350, 351, 355, 356, 357, 358, 359, 362, 373, 382, 387, 388, 389, 391, 392, 396, 402, 403, 476, 477, 491, 498, 506, 509, 515, 525, 539, 558, 566, 567, 581, 613, 633, 635, 637, 645, 667, 710, 712, 714, 718, 727, 729, 731, 752, 754, 780, 781, 793, 801, 805, 808, 811, 814, 824, 847, 871, 928, 929, 930, 939, 942, 943, 949, 950, 952, 958, 960, 961, 966, 970, 972, 974, 975, 983, 998, 999, 1012, 1041, 1071, 1072, 1080, 1174, 1191, 1192, 1200, 1203, 1213, 1272, 1278, 1284, 1289, 1295, 1311, 1312, 1363, 1380, 1399, 1401, 1409, 1410, 1428, 1429, 1432, 1435, 1464, 1471, 1475, 1476, 1491, 1499, 1500, 1509, 1510, 1511, 1512, 1522, 1579, 1601, 1603, 1604, 1605, 1622, 1636, 1642, 1645, 1655, 1663, 1666, 1672, 1728, 1739, 1755, 1759, 1778, 1785, 1794, 1803, 1807, 1828, 1832, 1845, 1889, 1893, 1937, 1942, 1950, 1965, 1968, 1977, 1984, 1991, 2023, 2028, 2040, 2047, 2054, 2059, 2125, 2132, 2147, 2152, 2153, 2158, 2160, 2161, 2171, 2186, 2192, 2199, 2200, 2202, 2208, 2212, 2243, 2244, 2254, 2266, 2268, 2280, 2288, 2316, 2317, 2335, 2488, 2530, 2539, 2548, 2584, 2590, 2591, 2621, 2629, 2658, 2683, 2697, 2734, 2739, 2752, 2760, 2767, 2771, 2776, 2778, 2782, 2803, 2805, 2806, 2810, 2811, 2819, 2822, 2876, 2878, 2885, 2896, 2915, 2934, 2938, 2946, 2947, 2950, 2952, 3008, 3014, 3029, 3050, 3071, 3073, 3074, 3075, 3093, 3108, 3178, 3190, 3240, 3248, 3251, 3273, 3301, 3306, 3308, 3309, 3312, 3313, 3315, 3320, 3326, 3329, 3337, 3339, 3383, 3417, 3481, 3485, 3486, 3557, 3572, 3606, 3612, 3646, 3672, 3675, 3676, 3683, 3684, 3685, 3688, 3689, 3690, 3691, 3692, 3696, 3728, 3778, 3801, 3818, 3827, 3837, 3840, 3848, 3849, 3850, 3857, 3858, 3861, 3868, 3875, 3880, 3890, 3908, 3911, 3912, 3913, 3915, 3925, 3929, 3931, 3932, 3936, 3956, 3958, 3965, 4023, 4036, 4048, 4054, 4059, 4067, 4077, 4124, 4168, 4189, 4218, 4240, 4282, 4300, 4316, 4318, 4332, 4353, 4363, 4478, 4485, 4534, 4598, 4627, 4628, 4629, 4638, 4643, 4644, 4646, 4670, 4691, 4710, 4734, 4811, 4830, 4831, 4860, 4864, 4868, 4899, 4904, 4905, 4921, 4926, 4952, 5025, 5045, 5048, 5052, 5054, 5094, 5110, 5111, 5119, 5159, 5174, 5175, 5176, 5189, 5211, 5213, 5217, 5223, 5224, 5226, 5243, 5245, 5265, 5268, 5270, 5272, 5286, 5310, 5311, 5320, 5327, 5328, 5333, 5336, 5339, 5340, 5351, 5352, 5393, 5420, 5428, 5444, 5478, 5499, 5500, 5515, 5516, 5518, 5524, 5538, 5566, 5577, 5578, 5579, 5580, 5584, 5590, 5594, 5595, 5604, 5621, 5641, 5646, 5652, 5654, 5660, 5682, 5683, 5692, 5693, 5696, 5705, 5720, 5721, 5725, 5730, 5742, 5745, 5768, 5777, 5783, 5786, 5788, 5792, 5793, 5795, 5800, 5802, 5817, 5819, 5836, 5862, 5864, 5865, 5867, 5868, 5869, 5870, 5873, 5874, 5878, 5879, 5880, 5881, 5898, 5899, 5906, 5908, 5911, 5912, 5950, 6009, 6050, 6092, 6102, 6120, 6188, 6189, 6193, 6207, 6208, 6210, 6223, 6231, 6237, 6240, 6251, 6261, 6262, 6275, 6278, 6280, 6284, 6286, 6288, 6289, 6338, 6340, 6342, 6386, 6387, 6422, 6426, 6432, 6456, 6470, 6480, 6484, 6500, 6505, 6513, 6515, 6521, 6523, 6548, 6558, 6584, 6608, 6609, 6612, 6623, 6624, 6647, 6648, 6683, 6693, 6696, 6711, 6714, 6717, 6718, 6742, 6794, 6809, 6812, 6813, 6814, 6845, 7001, 7018, 7037, 7045, 7049, 7051, 7052, 7053, 7057, 7060, 7070, 7077, 7094, 7105, 7128, 7148, 7171, 7178, 7184, 7251, 7266, 7273, 7284, 7295, 7296, 7322, 7323, 7326, 7332, 7334, 7335, 7336, 7345, 7358, 7402, 7408, 7412, 7414, 7415, 7416, 7419, 7429, 7430, 7431, 7448, 7450, 7453, 7454, 7462, 7508, 7525, 7529, 7531, 7532, 7533, 7832, 7837, 7852, 7879, 8202, 8218, 8291, 8322, 8411, 8416, 8425, 8450, 8452, 8476, 8607, 8611, 8613, 8649, 8662, 8667, 8668, 8671, 8741, 8743, 8751, 8754, 8766, 8773, 8775, 8825, 8842, 8858, 8878, 8907, 8976, 8985, 8993, 9022, 9027, 9040, 9043, 9066, 9097, 9114, 9146, 9230, 9261, 9270, 9353, 9367, 9368, 9370, 9371, 9445, 9521, 9525, 9540, 9545, 9551, 9559, 9588, 9657, 9696, 9943, 9963, 9967, 10006, 10058, 10068, 10075, 10096, 10131, 10135, 10163, 10189, 10202, 10213, 10269, 10273, 10326, 10342, 10381, 10385, 10397, 10399, 10409, 10411, 10449, 10451, 10452, 10458, 10476, 10487, 10494, 10512, 10516, 10540, 10577, 10592, 10598, 10629, 10632, 10652, 10672, 10728, 10747, 10755, 10787, 10791, 10808, 10856, 10901, 10905, 10935, 10938, 10965, 10972, 11001, 11034, 11059, 11060, 11117, 11120, 11127, 11140, 11151, 11160, 11190, 11253, 11315, 11326, 11331, 11344, 22795, 22800, 22836, 22920, 22930, 22948, 23011, 23043, 23071, 23191, 23236, 23295, 23308, 23318, 23327, 23332, 23338, 23370, 23406, 23428, 23433, 23475, 23498, 23513, 23529, 23612, 23624, 23654, 23673, 23705, 25796, 25813, 25824, 25836, 25909, 25930, 25932, 26060, 26227, 26509, 26986, 26994, 26999, 27316, 27335, 27430, 28988, 29126, 29127, 29789, 29800, 30061, 30835, 30844, 30846, 30851, 50488, 50509, 50617, 51079, 51100, 51160, 51166, 51168, 51181, 51246, 51312, 51429, 51504, 51510, 51552, 51599, 51715, 51752, 53347, 53405, 53947, 54097, 54538, 54600, 54862, 54927, 55004, 55023, 55075, 55233, 55327, 55471, 55503, 55521, 55600, 55604, 55611, 55755, 55801, 55832, 55847, 55856, 55867, 55971, 56034, 56898, 56994, 57026, 57045, 57082, 57142, 57153, 57154, 57402, 57403, 57447, 57551, 57731, 57826, 58190, 58478, 59272, 59338, 64398, 64577, 64786, 65078, 79784, 79885, 80310, 80331, 80381, 80727, 80781, 81035, 81539, 83706, 83737, 83871, 84059, 84100, 84168, 84433, 84817, 84958, 85477, 89941, 92359, 93100, 112574, 116085, 116986, 120892, 124220, 124583, 127281, 140576, 140885, 145482, 149951, 150684, 151742, 153090, 203068, 219771, 222068, 252983, 255743, 375790, 553115]
col 110: GO:0090304   nucleic acid metabolic process                 77.49% fp=110 fn=853
  FP: [409, 472, 659, 668, 677, 678, 728, 959, 1233, 1786, 1855, 1856, 1959, 2069, 2073, 2081, 2623, 2627, 3070, 3146, 3329, 3646, 3975, 4005, 4157, 4291, 4343, 4843, 4913, 5073, 5423, 5428, 5442, 5886, 5896, 5983, 6182, 6434, 6722, 6832, 6895, 7019, 7067, 7298, 7319, 7320, 7336, 7374, 7494, 7538, 8846, 9025, 9031, 9319, 9401, 9811, 9862, 10114, 10212, 10213, 10459, 10721, 11189, 23049, 23144, 23405, 23503, 25788, 26523, 27161, 27257, 27343, 27350, 29072, 51065, 51067, 51163, 51176, 51750, 51773, 54464, 54512, 54974, 55031, 55149, 55629, 56652, 56853, 56897, 57379, 58487, 60489, 64216, 64282, 64321, 79661, 79736, 79840, 80312, 83695, 84897, 87178, 92797, 149041, 167153, 192669, 192670, 200316, 219988, 283989]
  FN: [31, 37, 51, 86, 118, 147, 148, 190, 240, 241, 301, 311, 330, 332, 358, 401, 406, 467, 515, 545, 580, 581, 595, 645, 648, 661, 662, 664, 665, 687, 688, 699, 814, 841, 860, 861, 864, 868, 890, 891, 898, 974, 983, 989, 994, 996, 997, 1017, 1019, 1021, 1026, 1030, 1045, 1051, 1054, 1063, 1104, 1147, 1153, 1192, 1196, 1198, 1385, 1386, 1387, 1432, 1457, 1476, 1482, 1487, 1499, 1523, 1600, 1601, 1605, 1609, 1616, 1647, 1660, 1663, 1666, 1676, 1717, 1730, 1738, 1760, 1789, 1810, 1845, 1857, 1874, 1876, 1936, 1978, 1984, 1994, 1997, 2000, 2004, 2010, 2022, 2033, 2118, 2119, 2122, 2145, 2146, 2177, 2185, 2189, 2246, 2263, 2264, 2288, 2296, 2305, 2309, 2316, 2332, 2334, 2353, 2355, 2494, 2516, 2625, 2646, 2648, 2692, 2735, 2771, 2803, 2885, 2908, 2969, 3008, 3014, 3054, 3064, 3065, 3066, 3110, 3141, 3164, 3170, 3182, 3217, 3219, 3226, 3227, 3237, 3275, 3280, 3299, 3320, 3394, 3397, 3398, 3399, 3428, 3431, 3516, 3600, 3611, 3621, 3622, 3659, 3662, 3665, 3670, 3692, 3710, 3720, 3725, 3726, 3728, 3796, 3837, 3838, 3843, 3984, 4000, 4035, 4048, 4086, 4087, 4088, 4089, 4090, 4092, 4093, 4133, 4137, 4163, 4173, 4175, 4176, 4189, 4193, 4208, 4209, 4218, 4221, 4282, 4297, 4300, 4303, 4487, 4520, 4609, 4646, 4651, 4688, 4691, 4710, 4720, 4756, 4760, 4771, 4772, 4773, 4775, 4778, 4781, 4790, 4791, 4853, 4854, 4857, 4863, 4864, 4904, 4926, 4976, 5002, 5048, 5058, 5062, 5064, 5077, 5108, 5119, 5195, 5245, 5291, 5307, 5318, 5335, 5371, 5396, 5449, 5451, 5467, 5468, 5496, 5499, 5500, 5501, 5524, 5530, 5536, 5594, 5595, 5598, 5663, 5664, 5682, 5693, 5704, 5724, 5728, 5744, 5777, 5784, 5810, 5813, 5824, 5828, 5829, 5883, 5884, 5914, 5915, 5916, 5925, 5928, 5929, 5930, 5931, 5935, 5936, 5971, 5991, 6015, 6045, 6049, 6050, 6188, 6189, 6196, 6198, 6207, 6231, 6256, 6294, 6300, 6310, 6311, 6314, 6342, 6403, 6418, 6478, 6493, 6495, 6497, 6502, 6548, 6591, 6596, 6597, 6599, 6601, 6602, 6613, 6647, 6657, 6659, 6662, 6663, 6670, 6683, 6688, 6711, 6717, 6729, 6772, 6774, 6776, 6778, 6792, 6811, 6812, 6871, 6880, 6885, 6886, 6917, 6928, 6935, 7003, 7004, 7020, 7030, 7072, 7080, 7143, 7161, 7175, 7189, 7227, 7251, 7266, 7267, 7270, 7273, 7283, 7301, 7329, 7341, 7342, 7343, 7345, 7358, 7389, 7402, 7421, 7428, 7429, 7430, 7443, 7465, 7514, 7545, 7703, 7704, 7716, 7818, 7862, 7917, 8021, 8036, 8085, 8086, 8089, 8092, 8106, 8202, 8204, 8243, 8260, 8289, 8294, 8295, 8314, 8315, 8359, 8360, 8361, 8362, 8363, 8364, 8365, 8366, 8367, 8368, 8370, 8394, 8396, 8445, 8464, 8473, 8504, 8518, 8525, 8539, 8548, 8555, 8563, 8569, 8607, 8625, 8626, 8658, 8661, 8662, 8683, 8697, 8725, 8726, 8773, 8841, 8850, 8851, 8861, 8878, 8881, 8897, 8914, 8928, 8930, 8932, 8942, 8943, 8986, 9049, 9063, 9070, 9100, 9101, 9126, 9162, 9184, 9191, 9212, 9219, 9221, 9252, 9261, 9324, 9344, 9361, 9378, 9412, 9464, 9480, 9516, 9557, 9564, 9572, 9575, 9585, 9611, 9612, 9616, 9619, 9620, 9641, 9646, 9657, 9682, 9683, 9702, 9727, 9734, 9757, 9759, 9767, 9794, 9807, 9810, 9821, 9869, 9898, 9913, 9918, 9971, 9994, 10013, 10014, 10036, 10038, 10049, 10051, 10054, 10055, 10062, 10087, 10116, 10131, 10135, 10181, 10197, 10202, 10210, 10252, 10270, 10272, 10273, 10296, 10320, 10346, 10370, 10393, 10409, 10432, 10452, 10472, 10474, 10476, 10482, 10498, 10499, 10514, 10522, 10527, 10537, 10553, 10565, 10572, 10579, 10580, 10592, 10621, 10622, 10623, 10626, 10629, 10636, 10657, 10658, 10664, 10725, 10728, 10735, 10783, 10808, 10845, 10856, 10892, 10901, 10902, 10943, 10987, 11030, 11073, 11091, 11128, 11168, 11221, 11260, 11315, 11325, 11331, 11343, 22797, 22809, 22882, 22893, 22900, 22920, 22933, 22948, 22976, 22985, 22995, 23028, 23032, 23039, 23043, 23047, 23081, 23126, 23133, 23175, 23186, 23210, 23212, 23214, 23236, 23279, 23304, 23310, 23314, 23326, 23338, 23345, 23353, 23368, 23383, 23414, 23429, 23476, 23512, 23513, 23515, 23522, 23543, 23557, 23560, 23592, 23598, 23649, 23741, 23759, 23774, 25777, 25836, 25847, 25865, 25898, 25909, 25930, 25932, 25937, 25939, 25942, 25998, 26013, 26100, 26258, 26271, 26574, 26610, 26747, 27000, 27005, 27040, 27086, 27097, 27125, 27154, 27252, 27327, 27338, 27346, 28989, 28996, 29107, 29108, 29115, 29127, 29843, 29844, 29882, 29890, 29937, 29945, 29956, 29969, 29974, 29979, 30061, 30827, 50511, 51022, 51076, 51079, 51118, 51143, 51185, 51193, 51199, 51322, 51343, 51366, 51377, 51433, 51434, 51523, 51529, 51548, 51562, 51588, 51592, 51684, 51741, 53335, 53615, 54107, 54434, 54556, 54764, 54778, 54795, 54801, 54962, 54968, 54984, 55011, 55128, 55140, 55142, 55159, 55164, 55201, 55250, 55500, 55534, 55553, 55559, 55589, 55625, 55689, 55703, 55706, 55723, 55743, 55746, 55818, 55832, 55929, 55971, 56254, 56655, 56776, 56852, 56943, 56970, 57082, 57122, 57142, 57178, 57187, 57325, 57332, 57402, 57447, 57521, 57591, 57616, 57634, 57646, 57680, 57708, 57731, 57761, 58190, 58508, 58517, 59338, 60436, 64067, 64083, 64398, 64400, 64412, 64506, 64581, 64682, 64764, 64782, 64783, 64924, 79058, 79084, 79155, 79228, 79576, 79594, 79751, 79885, 79960, 80145, 80204, 80314, 80335, 80351, 80824, 80854, 81542, 81929, 83548, 83860, 83933, 84081, 84101, 84248, 84321, 84444, 84446, 84447, 84661, 84687, 84759, 84967, 91949, 92140, 92609, 93664, 112398, 112574, 112869, 112939, 113878, 114609, 115426, 116986, 117143, 121504, 129685, 140576, 144165, 147912, 150290, 150684, 151648, 151987, 160851, 162989, 163126, 201161, 203068, 203245, 221178, 222229, 246184, 252983, 253725, 283149, 283489, 285381, 353116, 554313]
col  69: GO:0006325   chromatin organization                         76.67% fp= 70 fn=928
  FP: [322, 676, 1029, 1111, 1387, 2033, 2139, 2140, 3070, 3141, 3275, 3717, 4504, 4602, 4869, 5245, 5578, 5579, 5580, 5585, 5896, 6314, 6688, 7443, 7786, 8986, 9031, 9212, 9252, 9557, 9682, 9958, 9960, 9971, 10014, 10075, 10432, 10498, 10600, 10626, 10664, 10765, 10919, 11107, 22933, 23081, 23133, 23210, 23304, 23429, 26013, 27005, 29072, 50511, 51322, 51773, 54496, 54880, 54904, 55170, 55352, 55818, 64324, 79813, 79831, 79918, 80854, 83852, 114803, 151636]
  FN: [59, 81, 90, 91, 92, 93, 118, 119, 142, 150, 154, 155, 238, 267, 283, 302, 317, 324, 329, 332, 351, 355, 367, 405, 467, 468, 472, 476, 477, 498, 506, 509, 513, 514, 515, 521, 522, 525, 539, 567, 578, 580, 581, 582, 585, 595, 598, 602, 613, 648, 650, 661, 662, 672, 699, 701, 731, 775, 776, 778, 780, 781, 783, 784, 785, 811, 825, 834, 841, 842, 857, 859, 891, 896, 899, 902, 915, 916, 919, 929, 930, 940, 941, 947, 958, 960, 972, 973, 989, 996, 999, 1017, 1019, 1021, 1022, 1026, 1027, 1062, 1063, 1069, 1080, 1135, 1136, 1139, 1140, 1143, 1147, 1191, 1213, 1261, 1277, 1278, 1282, 1285, 1286, 1289, 1290, 1301, 1355, 1380, 1385, 1435, 1457, 1482, 1493, 1495, 1499, 1535, 1536, 1603, 1605, 1649, 1650, 1653, 1660, 1738, 1739, 1742, 1756, 1778, 1876, 1956, 1967, 1977, 1982, 1991, 2034, 2064, 2065, 2067, 2068, 2071, 2072, 2074, 2081, 2132, 2145, 2185, 2189, 2237, 2243, 2244, 2260, 2266, 2281, 2295, 2316, 2321, 2324, 2332, 2335, 2475, 2494, 2516, 2547, 2562, 2626, 2690, 2702, 2782, 2793, 2874, 2885, 2890, 2891, 2895, 2902, 2903, 2904, 2917, 2932, 2934, 2950, 2956, 2958, 2965, 2966, 2967, 3039, 3040, 3043, 3059, 3064, 3071, 3091, 3108, 3111, 3113, 3119, 3148, 3182, 3192, 3207, 3240, 3306, 3309, 3312, 3315, 3329, 3359, 3398, 3479, 3480, 3486, 3488, 3516, 3551, 3566, 3569, 3570, 3572, 3592, 3593, 3622, 3623, 3624, 3638, 3642, 3643, 3646, 3667, 3672, 3675, 3676, 3683, 3685, 3688, 3689, 3690, 3691, 3696, 3703, 3709, 3710, 3720, 3728, 3741, 3753, 3775, 3778, 3784, 3831, 3911, 3912, 3936, 3937, 3949, 3975, 3981, 4005, 4035, 4036, 4040, 4041, 4085, 4086, 4087, 4088, 4089, 4090, 4091, 4092, 4116, 4137, 4170, 4171, 4173, 4175, 4176, 4193, 4205, 4208, 4217, 4221, 4286, 4300, 4331, 4361, 4436, 4437, 4607, 4625, 4627, 4628, 4646, 4659, 4683, 4686, 4690, 4700, 4710, 4719, 4720, 4722, 4724, 4725, 4728, 4729, 4734, 4751, 4756, 4760, 4791, 4842, 4851, 4853, 4854, 4879, 4891, 4904, 4914, 4915, 4916, 4968, 5000, 5015, 5018, 5048, 5058, 5071, 5076, 5108, 5111, 5140, 5156, 5195, 5211, 5213, 5218, 5289, 5290, 5295, 5308, 5310, 5311, 5335, 5364, 5393, 5394, 5422, 5423, 5424, 5426, 5428, 5468, 5469, 5499, 5500, 5501, 5515, 5518, 5520, 5524, 5525, 5527, 5530, 5532, 5536, 5562, 5573, 5591, 5663, 5664, 5682, 5683, 5692, 5693, 5696, 5701, 5702, 5704, 5705, 5716, 5745, 5786, 5787, 5813, 5824, 5828, 5830, 5881, 5887, 5889, 5916, 5931, 5932, 5970, 5976, 5979, 5983, 6117, 6118, 6256, 6262, 6326, 6331, 6338, 6340, 6342, 6386, 6389, 6392, 6418, 6464, 6477, 6495, 6497, 6498, 6502, 6548, 6616, 6624, 6636, 6640, 6642, 6647, 6710, 6774, 6788, 6789, 6804, 6809, 6812, 6827, 6829, 6845, 6850, 6872, 6873, 6874, 6878, 6879, 6882, 6883, 6886, 6890, 6895, 6907, 6925, 6927, 6929, 6934, 6944, 6993, 7015, 7018, 7023, 7037, 7046, 7048, 7049, 7057, 7096, 7097, 7099, 7126, 7132, 7137, 7139, 7153, 7175, 7186, 7187, 7188, 7189, 7220, 7223, 7224, 7248, 7249, 7251, 7321, 7322, 7329, 7335, 7336, 7391, 7399, 7402, 7412, 7414, 7415, 7421, 7439, 7444, 7508, 7514, 7518, 7520, 7528, 7535, 7703, 7704, 7804, 7917, 7919, 7979, 8036, 8243, 8260, 8266, 8312, 8315, 8445, 8451, 8452, 8454, 8504, 8517, 8518, 8563, 8621, 8649, 8661, 8662, 8663, 8664, 8665, 8666, 8667, 8668, 8675, 8678, 8697, 8717, 8725, 8726, 8737, 8766, 8767, 8772, 8773, 8800, 8813, 8818, 8837, 8841, 8867, 8881, 8890, 8891, 8892, 8893, 8915, 8928, 8945, 9100, 9114, 9126, 9162, 9181, 9183, 9184, 9244, 9255, 9282, 9341, 9344, 9371, 9412, 9421, 9440, 9447, 9464, 9500, 9517, 9551, 9559, 9577, 9611, 9612, 9616, 9693, 9775, 9793, 9794, 9844, 9898, 9903, 9918, 9939, 9967, 9968, 9969, 9978, 9984, 10006, 10010, 10025, 10051, 10054, 10055, 10059, 10060, 10062, 10096, 10111, 10152, 10155, 10163, 10188, 10189, 10210, 10213, 10228, 10242, 10273, 10297, 10300, 10320, 10367, 10369, 10393, 10399, 10444, 10452, 10459, 10476, 10492, 10514, 10540, 10542, 10558, 10592, 10613, 10616, 10621, 10622, 10623, 10632, 10642, 10652, 10787, 10801, 10845, 10892, 10921, 10952, 10972, 10978, 10987, 11047, 11051, 11052, 11124, 11127, 11128, 11130, 11151, 11160, 11171, 11190, 11218, 11236, 11331, 11338, 22801, 22861, 22863, 22872, 22894, 22900, 22916, 22920, 22930, 22948, 22985, 23054, 23085, 23095, 23191, 23279, 23291, 23310, 23332, 23345, 23353, 23354, 23363, 23376, 23383, 23397, 23405, 23481, 23512, 23513, 23529, 23557, 23643, 23673, 25777, 25813, 25836, 25847, 25896, 25898, 25942, 26019, 26039, 26047, 26100, 26121, 26133, 26173, 26224, 26234, 26258, 26259, 26270, 26272, 26512, 26519, 26520, 26523, 26747, 26994, 27035, 27040, 27125, 27161, 27252, 27335, 27338, 27339, 27429, 27430, 28988, 28996, 29079, 29102, 29104, 29108, 29127, 29844, 29882, 29894, 29911, 29935, 29945, 29974, 29979, 30818, 30819, 50852, 51010, 51024, 51079, 51141, 51143, 51160, 51185, 51284, 51377, 51386, 51422, 51433, 51434, 51493, 51499, 51504, 51514, 51529, 51542, 51561, 51692, 51741, 51755, 53904, 53981, 54344, 54431, 54487, 54512, 54801, 54806, 54820, 54903, 54927, 54960, 54984, 55004, 55031, 55072, 55081, 55142, 55174, 55250, 55294, 55327, 55559, 55600, 55604, 55656, 55703, 55746, 55756, 55759, 55832, 55958, 55967, 56262, 56479, 56915, 56993, 56998, 57107, 57117, 57120, 57122, 57187, 57332, 57508, 57521, 57617, 57646, 57679, 57708, 58484, 58493, 58508, 58533, 60561, 63976, 64127, 64151, 64240, 64241, 64321, 64400, 64428, 64682, 64750, 64837, 64859, 65082, 65109, 65123, 65981, 79003, 79035, 79084, 79139, 79176, 79228, 79718, 79784, 79791, 79840, 79913, 80145, 80155, 80237, 80789, 81565, 81858, 81929, 83548, 83706, 83860, 83939, 84059, 84067, 84100, 84231, 84305, 84321, 84376, 84447, 84464, 84524, 84700, 84919, 87178, 89780, 90293, 90390, 91147, 91949, 92105, 114548, 115106, 116444, 120892, 125111, 128869, 129685, 130399, 143187, 148022, 149233, 150684, 151648, 151987, 153090, 192669, 192670, 201595, 219771, 246184, 253260, 253725, 253980, 255738, 283489, 284217, 285590, 374291, 100287171]
col  99: GO:0060627   regulation of vesicle-mediated transport       76.16% fp= 54 fn=966
  FP: [150, 208, 722, 1535, 2150, 2332, 2619, 2624, 3055, 3458, 3553, 3638, 5770, 5978, 6311, 6347, 6363, 6366, 6401, 6622, 6804, 6857, 7124, 7249, 7275, 7287, 7376, 8448, 8912, 9463, 9846, 10062, 10347, 10461, 10497, 11236, 22871, 22943, 23122, 25999, 26119, 26585, 28514, 29108, 51272, 54806, 55681, 60561, 79872, 84079, 89780, 90678, 192683, 255738]
  FN: [2, 16, 19, 20, 31, 34, 48, 54, 58, 59, 70, 71, 81, 87, 89, 91, 102, 107, 119, 128, 130, 181, 183, 207, 210, 214, 216, 220, 223, 226, 229, 238, 239, 249, 283, 306, 309, 310, 311, 317, 334, 335, 336, 337, 338, 348, 350, 351, 355, 356, 357, 358, 359, 362, 373, 382, 387, 388, 389, 391, 392, 396, 402, 403, 476, 477, 491, 498, 506, 509, 515, 525, 538, 539, 581, 613, 633, 635, 637, 645, 653, 667, 675, 710, 712, 714, 727, 729, 731, 752, 754, 780, 781, 793, 801, 805, 808, 814, 824, 847, 871, 928, 929, 930, 939, 942, 943, 950, 952, 958, 960, 961, 966, 970, 972, 974, 975, 983, 989, 998, 999, 1041, 1071, 1072, 1174, 1191, 1192, 1200, 1201, 1203, 1213, 1272, 1278, 1284, 1289, 1291, 1292, 1295, 1311, 1312, 1363, 1365, 1380, 1399, 1401, 1409, 1410, 1428, 1429, 1432, 1435, 1464, 1471, 1475, 1476, 1491, 1493, 1499, 1500, 1509, 1510, 1511, 1512, 1522, 1579, 1603, 1604, 1605, 1622, 1636, 1642, 1645, 1655, 1663, 1666, 1672, 1728, 1739, 1755, 1759, 1778, 1785, 1803, 1807, 1828, 1832, 1845, 1855, 1856, 1889, 1893, 1937, 1942, 1950, 1965, 1968, 1977, 1984, 1991, 2023, 2028, 2040, 2047, 2054, 2059, 2125, 2132, 2147, 2152, 2153, 2158, 2160, 2161, 2171, 2186, 2192, 2199, 2200, 2202, 2208, 2212, 2254, 2261, 2264, 2280, 2288, 2316, 2317, 2335, 2488, 2530, 2539, 2548, 2584, 2590, 2591, 2629, 2658, 2683, 2692, 2697, 2734, 2739, 2752, 2760, 2767, 2771, 2776, 2778, 2782, 2803, 2805, 2806, 2810, 2811, 2819, 2822, 2876, 2878, 2885, 2896, 2902, 2914, 2915, 2934, 2938, 2946, 2947, 2950, 2952, 3008, 3014, 3029, 3039, 3040, 3043, 3050, 3073, 3074, 3075, 3093, 3108, 3178, 3240, 3248, 3251, 3257, 3273, 3301, 3306, 3308, 3309, 3312, 3313, 3315, 3320, 3326, 3329, 3337, 3339, 3383, 3417, 3479, 3481, 3485, 3486, 3557, 3572, 3606, 3612, 3643, 3646, 3672, 3675, 3676, 3683, 3684, 3688, 3689, 3690, 3691, 3692, 3696, 3728, 3778, 3801, 3818, 3827, 3837, 3840, 3848, 3849, 3850, 3857, 3858, 3861, 3868, 3875, 3880, 3890, 3908, 3911, 3912, 3913, 3915, 3925, 3929, 3931, 3932, 3936, 3956, 4023, 4036, 4040, 4048, 4054, 4059, 4077, 4124, 4168, 4189, 4218, 4240, 4282, 4300, 4316, 4318, 4332, 4353, 4363, 4485, 4504, 4534, 4598, 4627, 4628, 4629, 4638, 4643, 4644, 4646, 4670, 4691, 4710, 4734, 4811, 4830, 4831, 4860, 4864, 4868, 4891, 4899, 4904, 4921, 4926, 4952, 5025, 5045, 5048, 5052, 5094, 5110, 5111, 5119, 5125, 5147, 5159, 5174, 5175, 5176, 5189, 5211, 5213, 5217, 5223, 5224, 5226, 5243, 5245, 5265, 5268, 5270, 5272, 5286, 5310, 5311, 5320, 5327, 5328, 5333, 5336, 5339, 5340, 5351, 5352, 5393, 5420, 5428, 5443, 5444, 5478, 5499, 5500, 5515, 5516, 5518, 5524, 5566, 5577, 5578, 5579, 5580, 5584, 5590, 5594, 5595, 5604, 5621, 5641, 5646, 5652, 5654, 5660, 5682, 5683, 5692, 5693, 5696, 5705, 5720, 5721, 5725, 5730, 5742, 5745, 5768, 5777, 5783, 5786, 5788, 5792, 5793, 5795, 5798, 5800, 5802, 5817, 5819, 5836, 5862, 5865, 5867, 5869, 5870, 5878, 5879, 5880, 5881, 5906, 5908, 5911, 5912, 5950, 6009, 6050, 6092, 6102, 6120, 6188, 6189, 6193, 6207, 6208, 6210, 6223, 6231, 6237, 6240, 6251, 6261, 6262, 6272, 6275, 6278, 6280, 6284, 6286, 6288, 6289, 6338, 6340, 6342, 6387, 6422, 6426, 6432, 6456, 6470, 6480, 6484, 6490, 6500, 6505, 6513, 6515, 6517, 6521, 6523, 6548, 6558, 6584, 6608, 6609, 6612, 6623, 6624, 6642, 6647, 6648, 6683, 6693, 6696, 6711, 6717, 6718, 6742, 6794, 6809, 6811, 6855, 6993, 7001, 7037, 7039, 7045, 7049, 7051, 7052, 7053, 7057, 7060, 7070, 7077, 7094, 7105, 7128, 7148, 7171, 7178, 7184, 7266, 7273, 7284, 7295, 7296, 7322, 7323, 7326, 7332, 7334, 7335, 7336, 7345, 7358, 7402, 7408, 7412, 7414, 7415, 7416, 7419, 7425, 7429, 7431, 7450, 7453, 7454, 7462, 7508, 7525, 7529, 7531, 7532, 7533, 7832, 7837, 7852, 8202, 8218, 8291, 8294, 8312, 8322, 8359, 8360, 8361, 8362, 8363, 8364, 8365, 8366, 8367, 8368, 8370, 8411, 8416, 8425, 8450, 8452, 8476, 8607, 8611, 8613, 8649, 8650, 8662, 8667, 8668, 8671, 8677, 8741, 8743, 8751, 8754, 8767, 8773, 8775, 8825, 8842, 8858, 8878, 8907, 8985, 8993, 9022, 9027, 9040, 9043, 9097, 9114, 9181, 9218, 9261, 9270, 9341, 9344, 9353, 9368, 9371, 9378, 9445, 9521, 9540, 9551, 9559, 9588, 9657, 9693, 9696, 9943, 9963, 9967, 10006, 10058, 10068, 10075, 10096, 10131, 10135, 10163, 10189, 10202, 10213, 10269, 10273, 10326, 10342, 10381, 10385, 10397, 10409, 10411, 10449, 10451, 10452, 10458, 10476, 10487, 10494, 10512, 10516, 10540, 10564, 10577, 10592, 10598, 10629, 10632, 10652, 10672, 10728, 10747, 10755, 10787, 10791, 10808, 10856, 10901, 10905, 10935, 10959, 10965, 10972, 10987, 11001, 11034, 11059, 11060, 11117, 11120, 11127, 11140, 11151, 11160, 11190, 11253, 11315, 11326, 11331, 11344, 22795, 22800, 22836, 22872, 22920, 22948, 23043, 23071, 23095, 23191, 23295, 23299, 23308, 23312, 23318, 23338, 23370, 23392, 23406, 23428, 23433, 23475, 23498, 23513, 23529, 23557, 23612, 23624, 23654, 23673, 23705, 25796, 25813, 25824, 25836, 25909, 25924, 25932, 26060, 26227, 26258, 26276, 26509, 26986, 26994, 26999, 27316, 27335, 27430, 28988, 29126, 29127, 29789, 29800, 30061, 30835, 30844, 30851, 50488, 50509, 50617, 51079, 51100, 51166, 51168, 51181, 51246, 51256, 51257, 51284, 51312, 51429, 51504, 51510, 51552, 51599, 51715, 51735, 51752, 53347, 53405, 53834, 53947, 54097, 54106, 54413, 54538, 54600, 54843, 54862, 54927, 55004, 55023, 55075, 55233, 55327, 55357, 55361, 55471, 55503, 55521, 55600, 55604, 55611, 55704, 55752, 55755, 55801, 55832, 55847, 55856, 55867, 55971, 56034, 56898, 56994, 57026, 57045, 57082, 57120, 57142, 57153, 57154, 57402, 57403, 57447, 57449, 57551, 57679, 57706, 57731, 57826, 58190, 58478, 59272, 59338, 64127, 64398, 64577, 64786, 64924, 65078, 79784, 79885, 80310, 80331, 80381, 80727, 80781, 81035, 81539, 81622, 83706, 83737, 83871, 84059, 84100, 84168, 84433, 84446, 84817, 84958, 85477, 89781, 89941, 90070, 92359, 93100, 112574, 114609, 115827, 116085, 116986, 121504, 124220, 124583, 127281, 140576, 140885, 143187, 144717, 145482, 149951, 150684, 151742, 153090, 154796, 203068, 219771, 222068, 252983, 255743, 375790, 553115, 554313]
col  27: GO:0045892   negative regulation of transcription, DNA-templated  74.78% fp=147 fn=932
  FP: [93, 639, 650, 652, 655, 796, 857, 860, 952, 1045, 1428, 1540, 1545, 1601, 1602, 1611, 1906, 1910, 1942, 1991, 1999, 2004, 2056, 2069, 2305, 2547, 2621, 2729, 2736, 2874, 2909, 3070, 3084, 3235, 3297, 3397, 3399, 3440, 3458, 3476, 3565, 3656, 3659, 3670, 3987, 4286, 4294, 4504, 4602, 4665, 4690, 4734, 5119, 5155, 5195, 5204, 5292, 5467, 5607, 5621, 5727, 5741, 5796, 5828, 5991, 6208, 6422, 6423, 6469, 6601, 6665, 6670, 6688, 6879, 7050, 7124, 7187, 7292, 7293, 7422, 7428, 7430, 7466, 7474, 7804, 8013, 8085, 8323, 8399, 8462, 8856, 8945, 9093, 9099, 9314, 9370, 9447, 9646, 9971, 10468, 10472, 10507, 10616, 11059, 11176, 22893, 22943, 22955, 23236, 23304, 23405, 23414, 23522, 23532, 23741, 25803, 27122, 29969, 51079, 51523, 51547, 53335, 54106, 54361, 54567, 54583, 54623, 55031, 55364, 55689, 56940, 58533, 59307, 60436, 64324, 79576, 79595, 84159, 84174, 91662, 93986, 149951, 153090, 163126, 164656, 197358, 440275]
  FN: [32, 34, 37, 50, 51, 71, 81, 86, 102, 118, 142, 147, 148, 199, 207, 208, 210, 226, 283, 291, 301, 302, 310, 322, 323, 324, 328, 329, 330, 331, 334, 348, 355, 358, 360, 367, 388, 402, 403, 405, 468, 472, 506, 515, 539, 573, 580, 581, 641, 664, 667, 675, 676, 677, 678, 687, 694, 754, 773, 793, 801, 805, 808, 815, 817, 836, 840, 861, 890, 891, 898, 899, 983, 984, 989, 996, 1017, 1019, 1021, 1022, 1026, 1030, 1031, 1032, 1051, 1062, 1104, 1105, 1111, 1149, 1153, 1192, 1196, 1198, 1201, 1386, 1406, 1409, 1410, 1421, 1432, 1453, 1454, 1457, 1475, 1491, 1500, 1511, 1523, 1609, 1613, 1642, 1647, 1653, 1660, 1663, 1666, 1676, 1677, 1718, 1786, 1788, 1796, 1810, 1832, 1845, 1856, 1876, 1936, 1937, 1956, 1958, 1959, 1984, 1994, 1997, 2020, 2064, 2068, 2072, 2073, 2074, 2113, 2119, 2140, 2177, 2185, 2237, 2241, 2255, 2257, 2258, 2295, 2296, 2332, 2353, 2494, 2516, 2626, 2735, 2752, 2805, 2885, 2908, 2932, 2947, 2962, 2969, 3008, 3014, 3059, 3064, 3091, 3110, 3162, 3164, 3172, 3178, 3182, 3192, 3202, 3205, 3212, 3221, 3276, 3300, 3306, 3309, 3315, 3320, 3337, 3364, 3431, 3486, 3508, 3603, 3622, 3646, 3661, 3665, 3667, 3669, 3690, 3691, 3692, 3716, 3717, 3727, 3728, 3796, 3843, 3848, 3849, 3857, 3858, 3861, 3868, 3911, 3958, 3965, 3981, 4000, 4010, 4067, 4085, 4086, 4090, 4091, 4093, 4116, 4154, 4163, 4170, 4171, 4175, 4209, 4218, 4223, 4291, 4297, 4303, 4353, 4478, 4487, 4613, 4615, 4616, 4627, 4628, 4646, 4678, 4683, 4686, 4691, 4722, 4750, 4760, 4763, 4771, 4772, 4773, 4780, 4791, 4830, 4831, 4843, 4846, 4853, 4857, 4863, 4869, 4891, 4899, 4913, 4926, 4952, 4968, 5000, 5015, 5052, 5064, 5074, 5080, 5087, 5089, 5094, 5111, 5156, 5159, 5218, 5224, 5226, 5272, 5291, 5295, 5296, 5300, 5307, 5308, 5309, 5310, 5393, 5394, 5395, 5396, 5422, 5423, 5424, 5426, 5449, 5452, 5453, 5478, 5494, 5499, 5500, 5501, 5524, 5527, 5531, 5538, 5562, 5566, 5579, 5580, 5584, 5585, 5594, 5598, 5599, 5609, 5663, 5682, 5683, 5692, 5693, 5701, 5702, 5704, 5705, 5728, 5742, 5743, 5747, 5777, 5781, 5783, 5784, 5791, 5813, 5862, 5883, 5888, 5889, 5896, 5900, 5915, 5928, 5929, 5931, 5935, 5936, 5966, 5971, 5976, 5997, 6002, 6047, 6049, 6095, 6117, 6118, 6188, 6189, 6194, 6196, 6207, 6241, 6257, 6259, 6275, 6278, 6280, 6283, 6284, 6285, 6286, 6314, 6426, 6434, 6470, 6477, 6495, 6500, 6502, 6594, 6596, 6598, 6604, 6612, 6613, 6622, 6625, 6647, 6659, 6663, 6683, 6720, 6729, 6732, 6733, 6742, 6755, 6774, 6777, 6789, 6792, 6794, 6832, 6840, 6850, 6877, 6878, 6881, 6885, 6886, 6895, 6910, 6917, 6925, 6927, 6928, 6932, 7013, 7014, 7015, 7019, 7030, 7091, 7143, 7153, 7155, 7159, 7161, 7178, 7184, 7248, 7249, 7267, 7270, 7294, 7295, 7298, 7301, 7320, 7324, 7332, 7334, 7336, 7343, 7375, 7391, 7392, 7398, 7415, 7416, 7419, 7443, 7444, 7453, 7468, 7494, 7508, 7514, 7518, 7545, 7716, 7849, 7862, 7884, 7917, 7919, 7942, 8021, 8036, 8086, 8099, 8106, 8202, 8237, 8243, 8260, 8266, 8294, 8295, 8301, 8312, 8313, 8314, 8359, 8360, 8361, 8362, 8363, 8364, 8365, 8366, 8367, 8368, 8370, 8394, 8445, 8464, 8467, 8473, 8517, 8525, 8531, 8539, 8554, 8555, 8563, 8607, 8631, 8661, 8726, 8738, 8805, 8813, 8850, 8893, 8915, 8924, 8986, 9022, 9063, 9070, 9079, 9100, 9131, 9156, 9183, 9261, 9262, 9263, 9270, 9282, 9344, 9361, 9429, 9440, 9500, 9521, 9525, 9551, 9557, 9577, 9585, 9587, 9604, 9618, 9635, 9641, 9702, 9757, 9771, 9794, 9807, 9810, 9837, 9862, 9869, 9874, 9907, 9910, 9913, 9915, 9958, 9960, 9967, 9968, 9969, 9984, 9994, 10036, 10038, 10049, 10055, 10075, 10114, 10116, 10181, 10188, 10189, 10197, 10202, 10210, 10212, 10213, 10253, 10272, 10296, 10300, 10346, 10381, 10395, 10397, 10399, 10413, 10419, 10425, 10432, 10482, 10488, 10498, 10537, 10569, 10579, 10580, 10592, 10600, 10623, 10636, 10670, 10714, 10725, 10728, 10735, 10765, 10782, 10783, 10856, 10891, 10892, 10912, 10921, 10987, 11011, 11033, 11051, 11052, 11073, 11076, 11091, 11104, 11124, 11143, 11186, 11189, 11284, 11315, 11325, 11338, 22861, 22863, 22900, 22906, 22909, 22916, 22954, 22976, 22985, 23020, 23039, 23043, 23047, 23049, 23054, 23064, 23087, 23089, 23126, 23133, 23144, 23175, 23177, 23210, 23212, 23214, 23287, 23293, 23295, 23309, 23345, 23368, 23383, 23392, 23435, 23451, 23476, 23481, 23512, 23560, 23759, 23774, 24148, 25842, 25865, 25898, 25909, 25913, 25930, 25937, 25939, 25976, 26019, 26039, 26060, 26121, 26191, 26224, 26256, 26271, 26277, 26297, 26524, 26574, 26747, 26986, 27000, 27148, 27257, 27316, 27339, 27350, 27429, 27430, 28962, 28989, 28996, 28999, 29079, 29109, 29115, 29127, 29843, 29844, 29896, 29935, 29937, 29945, 29965, 30827, 50485, 50511, 51010, 51022, 51065, 51076, 51099, 51119, 51132, 51163, 51181, 51185, 51231, 51319, 51366, 51377, 51426, 51433, 51434, 51493, 51514, 51548, 51562, 51564, 51567, 51592, 51701, 51741, 51747, 51750, 51755, 54205, 54332, 54386, 54476, 54487, 54496, 54512, 54556, 54617, 54764, 54778, 54840, 54960, 54962, 54984, 54997, 55011, 55023, 55075, 55128, 55145, 55159, 55183, 55201, 55256, 55342, 55352, 55437, 55534, 55553, 55558, 55604, 55625, 55629, 55636, 55696, 55743, 55818, 55819, 55832, 55856, 55998, 56254, 56852, 56897, 56915, 56984, 57082, 57092, 57379, 57591, 57599, 57646, 57669, 58190, 58493, 58495, 58508, 60485, 60529, 64121, 64321, 64506, 64651, 64764, 64782, 64802, 64852, 64859, 64924, 65018, 65057, 65109, 65123, 65981, 78990, 79003, 79035, 79039, 79068, 79084, 79155, 79184, 79228, 79661, 79763, 79831, 79840, 79885, 79913, 79960, 79991, 80145, 80155, 80204, 80237, 80351, 80755, 80789, 81559, 81620, 81858, 81930, 83695, 84081, 84101, 84268, 84441, 84444, 84446, 84525, 84661, 84759, 84897, 84934, 84967, 85365, 85366, 90390, 92797, 93100, 93649, 94241, 112398, 112770, 114803, 115426, 116986, 117177, 121504, 121642, 127933, 129138, 129685, 130557, 133746, 143570, 149428, 150290, 151636, 151987, 157570, 160851, 161582, 201161, 203068, 203245, 204851, 219771, 222229, 245711, 283149, 283489, 285381, 285464, 377630, 378884, 554313]
col  12: GO:0008150   biological_process                             74.59% fp=951 fn=136
  FP: [37, 58, 71, 86, 89, 133, 177, 182, 186, 197, 214, 284, 285, 291, 317, 332, 333, 355, 356, 374, 382, 388, 395, 396, 444, 480, 491, 513, 514, 515, 521, 522, 554, 567, 573, 578, 579, 582, 597, 598, 602, 617, 632, 637, 638, 655, 661, 687, 694, 699, 701, 714, 727, 731, 754, 784, 785, 796, 816, 818, 840, 846, 860, 863, 890, 891, 896, 898, 899, 902, 916, 928, 941, 942, 943, 950, 952, 958, 959, 961, 970, 973, 993, 994, 996, 1001, 1027, 1028, 1043, 1069, 1130, 1174, 1201, 1232, 1233, 1284, 1290, 1292, 1295, 1301, 1308, 1355, 1363, 1365, 1390, 1392, 1410, 1421, 1437, 1462, 1464, 1490, 1493, 1501, 1603, 1611, 1630, 1642, 1643, 1647, 1650, 1676, 1677, 1738, 1825, 1826, 1828, 1855, 1856, 1903, 1909, 1917, 1942, 1948, 1952, 1960, 1967, 2040, 2056, 2155, 2160, 2177, 2189, 2207, 2208, 2249, 2253, 2254, 2274, 2305, 2535, 2537, 2596, 2619, 2658, 2670, 2730, 2740, 2767, 2768, 2771, 2778, 2780, 2803, 2811, 2920, 2965, 2966, 2967, 2969, 3014, 3039, 3040, 3059, 3070, 3099, 3205, 3207, 3213, 3214, 3218, 3219, 3237, 3308, 3364, 3397, 3398, 3399, 3400, 3440, 3458, 3488, 3491, 3559, 3562, 3565, 3570, 3576, 3586, 3592, 3593, 3595, 3600, 3605, 3606, 3623, 3625, 3638, 3651, 3656, 3661, 3678, 3681, 3684, 3687, 3691, 3709, 3796, 3800, 3801, 3818, 3831, 3848, 3849, 3857, 3858, 3861, 3868, 3897, 3937, 3954, 3983, 4000, 4054, 4055, 4068, 4085, 4090, 4093, 4131, 4133, 4155, 4157, 4158, 4159, 4161, 4163, 4170, 4171, 4176, 4194, 4211, 4233, 4254, 4292, 4300, 4321, 4331, 4332, 4354, 4358, 4437, 4486, 4487, 4544, 4583, 4613, 4616, 4665, 4683, 4693, 4700, 4710, 4719, 4720, 4725, 4728, 4756, 4771, 4773, 4852, 4853, 4855, 4867, 4868, 4880, 4886, 4887, 4889, 4909, 4920, 4976, 5064, 5116, 5119, 5139, 5174, 5175, 5176, 5192, 5194, 5204, 5243, 5286, 5291, 5293, 5309, 5328, 5351, 5352, 5360, 5371, 5376, 5413, 5420, 5429, 5454, 5456, 5515, 5518, 5525, 5527, 5552, 5598, 5606, 5607, 5617, 5618, 5664, 5683, 5696, 5716, 5733, 5754, 5787, 5791, 5798, 5817, 5819, 5828, 5829, 5884, 5889, 5915, 5923, 5928, 5931, 5983, 6010, 6015, 6182, 6199, 6251, 6273, 6280, 6303, 6314, 6338, 6404, 6416, 6418, 6441, 6484, 6490, 6491, 6568, 6585, 6599, 6601, 6604, 6612, 6640, 6660, 6665, 6693, 6696, 6718, 6755, 6776, 6778, 6813, 6814, 6827, 6845, 6860, 6863, 6871, 6905, 6993, 7027, 7045, 7100, 7132, 7133, 7159, 7168, 7171, 7187, 7188, 7227, 7248, 7266, 7283, 7293, 7335, 7336, 7350, 7425, 7453, 7454, 7477, 7480, 7482, 7518, 7703, 7832, 7855, 7862, 7957, 7976, 8022, 8074, 8086, 8089, 8099, 8200, 8218, 8239, 8260, 8266, 8313, 8324, 8325, 8398, 8440, 8448, 8450, 8456, 8482, 8503, 8546, 8548, 8563, 8613, 8626, 8646, 8649, 8654, 8660, 8677, 8678, 8682, 8697, 8717, 8727, 8738, 8739, 8741, 8743, 8763, 8772, 8773, 8775, 8788, 8795, 8818, 8828, 8834, 8835, 8881, 8883, 8891, 8907, 8914, 8943, 8976, 9002, 9021, 9043, 9093, 9114, 9127, 9140, 9145, 9146, 9183, 9184, 9201, 9211, 9219, 9220, 9253, 9311, 9319, 9341, 9369, 9371, 9409, 9423, 9445, 9474, 9479, 9495, 9500, 9521, 9545, 9551, 9559, 9564, 9587, 9618, 9620, 9627, 9646, 9648, 9655, 9670, 9683, 9702, 9719, 9767, 9807, 9811, 9821, 9844, 9856, 9903, 9907, 9927, 9960, 9965, 9966, 9984, 10017, 10018, 10036, 10051, 10105, 10135, 10174, 10228, 10241, 10252, 10272, 10300, 10344, 10346, 10369, 10381, 10385, 10393, 10439, 10461, 10468, 10476, 10497, 10512, 10522, 10542, 10553, 10592, 10621, 10622, 10623, 10628, 10632, 10683, 10714, 10735, 10758, 10817, 10818, 10902, 10912, 10933, 10955, 10959, 10972, 11059, 11073, 11082, 11128, 11130, 11143, 11160, 11186, 11190, 11193, 11218, 11331, 22800, 22846, 22854, 22863, 22872, 22906, 22920, 22937, 22948, 22955, 22976, 22995, 23047, 23087, 23126, 23144, 23154, 23177, 23184, 23230, 23338, 23353, 23354, 23363, 23368, 23383, 23392, 23397, 23429, 23461, 23515, 23534, 23592, 23640, 23673, 23765, 23787, 25803, 25805, 25806, 25813, 25836, 25847, 25861, 25888, 25896, 25909, 25924, 25932, 25960, 26039, 26047, 26060, 26173, 26224, 26259, 26271, 26276, 26297, 26512, 26973, 26999, 27031, 27113, 27122, 27123, 27130, 27141, 27154, 27173, 27185, 27242, 27289, 27335, 27343, 27346, 28514, 29109, 29115, 29126, 29775, 29881, 29882, 29911, 29935, 29937, 29945, 29956, 29965, 30835, 30837, 30845, 30846, 30851, 50487, 50511, 50512, 50617, 50852, 51009, 51010, 51022, 51024, 51085, 51107, 51141, 51162, 51185, 51289, 51319, 51330, 51343, 51379, 51384, 51426, 51433, 51434, 51454, 51455, 51499, 51514, 51542, 51561, 51562, 51592, 51599, 51667, 51741, 53405, 53840, 53905, 53981, 54097, 54107, 54206, 54332, 54344, 54463, 54490, 54538, 54541, 54567, 54801, 54806, 54822, 54899, 54902, 54903, 54910, 54929, 54949, 54960, 54962, 54968, 55004, 55036, 55081, 55109, 55117, 55142, 55154, 55164, 55174, 55233, 55240, 55288, 55364, 55437, 55553, 55600, 55612, 55629, 55636, 55655, 55656, 55669, 55681, 55689, 55690, 55703, 55723, 55729, 55752, 55756, 55759, 55795, 55816, 55832, 55837, 55958, 55967, 56034, 56243, 56246, 56253, 56655, 56915, 56940, 56949, 56984, 56998, 57010, 57082, 57092, 57099, 57117, 57120, 57187, 57216, 57222, 57447, 57508, 57599, 57630, 57634, 57689, 58480, 58487, 58493, 58495, 58526, 59307, 60436, 60485, 60529, 60561, 60673, 63916, 63924, 63941, 64067, 64072, 64112, 64151, 64170, 64215, 64240, 64241, 64285, 64398, 64400, 64428, 64682, 64798, 65082, 65123, 65981, 79003, 79017, 79065, 79133, 79176, 79228, 79582, 79738, 79763, 79784, 79840, 79866, 79913, 80145, 80314, 80335, 80381, 80746, 80789, 81559, 81565, 81570, 81573, 81576, 81622, 81929, 83547, 83605, 83695, 83700, 83860, 83871, 84067, 84233, 84268, 84292, 84321, 84335, 84433, 84466, 84525, 84661, 84687, 84759, 84870, 84897, 84919, 85453, 89122, 89781, 89941, 90226, 90293, 91147, 91653, 91662, 91949, 92105, 92359, 92737, 112939, 114799, 115106, 116840, 116986, 117157, 123169, 123879, 124220, 124641, 125111, 126374, 128869, 129138, 129685, 130497, 131177, 133396, 143570, 144165, 144717, 149233, 149428, 150209, 157570, 162989, 165140, 168667, 171392, 192683, 197358, 200576, 200894, 200958, 201161, 203245, 204851, 245711, 246184, 252983, 253260, 259173, 259197, 261726, 266727, 283489, 283989, 284110, 285381, 285440, 285464, 353116, 374291, 541468]
  FN: [23, 54, 216, 273, 384, 549, 777, 868, 871, 1081, 1524, 1728, 1755, 2057, 2317, 2571, 2793, 2890, 2896, 2926, 3008, 3074, 3075, 3142, 3211, 3216, 3359, 3360, 3621, 3727, 3988, 4018, 4118, 4363, 4778, 4811, 4854, 4857, 4983, 5087, 5110, 5147, 5265, 5452, 5568, 5702, 5780, 5900, 6002, 6294, 6359, 6360, 6453, 6498, 6514, 6596, 6616, 6654, 6710, 6751, 6764, 6853, 7059, 7111, 7145, 7224, 7296, 7431, 7525, 7818, 8291, 8611, 8726, 8894, 8930, 9060, 9107, 9133, 9191, 9221, 9444, 9588, 9771, 9806, 10110, 10379, 10579, 10598, 10659, 10848, 10908, 11069, 11104, 22821, 22862, 23075, 23263, 23305, 23312, 23348, 23406, 25780, 25816, 26256, 27033, 51111, 51144, 51231, 51312, 54205, 54892, 55342, 55521, 55705, 56479, 57030, 57574, 58508, 59350, 64137, 64333, 64397, 64754, 64783, 64837, 79084, 81627, 81846, 84634, 84701, 84867, 91404, 121599, 140576, 170302, 246243]
col  18: GO:0060627   regulation of vesicle-mediated transport       74.36% fp= 56 fn=1041
  FP: [150, 208, 408, 409, 636, 857, 1535, 1742, 2150, 2332, 2619, 2624, 3055, 3092, 3458, 3638, 5413, 5770, 5978, 6311, 6347, 6363, 6366, 6804, 6850, 6857, 7249, 7275, 7287, 7376, 8301, 8448, 8912, 9463, 9846, 10062, 10188, 10347, 10497, 11236, 22871, 23122, 25999, 26119, 26585, 28514, 29108, 51272, 54806, 55681, 60561, 79872, 84079, 90678, 192683, 201294]
  FN: [2, 14, 16, 31, 34, 48, 54, 58, 59, 70, 71, 81, 87, 89, 91, 102, 107, 128, 130, 133, 181, 183, 210, 214, 216, 220, 223, 226, 229, 238, 239, 240, 249, 283, 285, 306, 309, 310, 311, 317, 334, 335, 336, 337, 338, 348, 350, 351, 355, 356, 357, 358, 359, 362, 373, 374, 382, 387, 388, 389, 391, 392, 396, 402, 403, 476, 477, 491, 498, 506, 509, 515, 525, 539, 581, 602, 613, 633, 635, 637, 645, 650, 652, 653, 655, 659, 667, 696, 710, 712, 714, 727, 729, 731, 752, 754, 780, 781, 793, 796, 801, 805, 808, 814, 824, 847, 871, 889, 928, 929, 930, 939, 942, 943, 947, 948, 950, 952, 958, 960, 961, 966, 970, 972, 974, 975, 983, 989, 998, 999, 1041, 1071, 1072, 1111, 1174, 1191, 1192, 1200, 1203, 1213, 1272, 1277, 1278, 1282, 1284, 1285, 1286, 1289, 1290, 1291, 1292, 1295, 1301, 1311, 1312, 1363, 1365, 1380, 1392, 1399, 1401, 1409, 1410, 1428, 1429, 1432, 1435, 1462, 1464, 1471, 1475, 1476, 1491, 1499, 1500, 1509, 1510, 1511, 1512, 1522, 1579, 1603, 1604, 1605, 1622, 1634, 1636, 1642, 1645, 1655, 1663, 1666, 1672, 1728, 1739, 1755, 1759, 1778, 1785, 1803, 1807, 1828, 1832, 1839, 1845, 1889, 1893, 1906, 1907, 1937, 1942, 1950, 1965, 1968, 1977, 1984, 1991, 2022, 2023, 2028, 2040, 2047, 2054, 2056, 2059, 2065, 2069, 2125, 2132, 2147, 2152, 2153, 2158, 2160, 2161, 2162, 2171, 2186, 2192, 2199, 2200, 2202, 2208, 2212, 2246, 2247, 2254, 2255, 2280, 2288, 2316, 2317, 2335, 2487, 2488, 2530, 2539, 2548, 2584, 2590, 2591, 2629, 2648, 2658, 2683, 2688, 2690, 2697, 2734, 2739, 2752, 2760, 2767, 2771, 2776, 2778, 2782, 2803, 2805, 2806, 2810, 2811, 2819, 2822, 2876, 2878, 2885, 2896, 2915, 2921, 2922, 2934, 2938, 2946, 2947, 2950, 2952, 3008, 3014, 3029, 3039, 3040, 3043, 3050, 3073, 3074, 3075, 3093, 3108, 3146, 3148, 3178, 3240, 3248, 3251, 3273, 3301, 3303, 3304, 3306, 3308, 3309, 3312, 3313, 3315, 3320, 3326, 3329, 3337, 3339, 3371, 3383, 3417, 3479, 3481, 3485, 3486, 3488, 3552, 3557, 3562, 3569, 3572, 3586, 3592, 3593, 3606, 3612, 3623, 3624, 3643, 3646, 3672, 3675, 3676, 3683, 3684, 3688, 3689, 3690, 3691, 3692, 3696, 3728, 3778, 3801, 3815, 3818, 3827, 3837, 3840, 3848, 3849, 3850, 3857, 3858, 3861, 3868, 3875, 3880, 3890, 3908, 3911, 3912, 3913, 3915, 3925, 3929, 3931, 3932, 3936, 3956, 3990, 4018, 4023, 4036, 4048, 4054, 4059, 4077, 4124, 4153, 4168, 4189, 4204, 4218, 4240, 4282, 4300, 4313, 4316, 4318, 4332, 4343, 4353, 4363, 4485, 4534, 4583, 4598, 4627, 4628, 4629, 4638, 4643, 4644, 4646, 4670, 4691, 4693, 4710, 4734, 4811, 4830, 4831, 4852, 4860, 4864, 4868, 4899, 4904, 4921, 4926, 4952, 4982, 5025, 5045, 5046, 5048, 5052, 5094, 5110, 5111, 5119, 5125, 5154, 5159, 5167, 5168, 5174, 5175, 5176, 5189, 5211, 5213, 5217, 5223, 5224, 5226, 5243, 5245, 5265, 5268, 5270, 5272, 5286, 5291, 5310, 5311, 5319, 5320, 5327, 5328, 5333, 5336, 5339, 5340, 5351, 5352, 5360, 5393, 5420, 5428, 5443, 5444, 5478, 5499, 5500, 5515, 5516, 5518, 5524, 5552, 5566, 5577, 5578, 5579, 5580, 5584, 5590, 5594, 5595, 5604, 5621, 5641, 5646, 5648, 5649, 5652, 5654, 5660, 5682, 5683, 5692, 5693, 5696, 5705, 5720, 5721, 5725, 5730, 5742, 5745, 5764, 5768, 5777, 5783, 5786, 5788, 5792, 5793, 5795, 5800, 5801, 5802, 5817, 5819, 5836, 5862, 5865, 5867, 5869, 5870, 5878, 5879, 5880, 5881, 5906, 5908, 5911, 5912, 5950, 5972, 6009, 6050, 6092, 6102, 6120, 6188, 6189, 6193, 6207, 6208, 6210, 6223, 6231, 6237, 6240, 6251, 6261, 6262, 6275, 6278, 6280, 6284, 6286, 6288, 6289, 6338, 6340, 6342, 6348, 6387, 6403, 6422, 6423, 6426, 6432, 6456, 6469, 6470, 6480, 6484, 6500, 6505, 6513, 6515, 6521, 6523, 6548, 6558, 6584, 6597, 6608, 6609, 6612, 6623, 6624, 6647, 6648, 6683, 6693, 6696, 6711, 6717, 6718, 6742, 6794, 6809, 7001, 7037, 7039, 7040, 7042, 7045, 7049, 7051, 7052, 7053, 7057, 7060, 7070, 7077, 7089, 7094, 7105, 7128, 7132, 7148, 7171, 7178, 7184, 7266, 7273, 7284, 7292, 7295, 7296, 7322, 7323, 7326, 7332, 7334, 7335, 7336, 7345, 7358, 7399, 7402, 7408, 7412, 7414, 7415, 7416, 7419, 7425, 7429, 7431, 7450, 7453, 7454, 7462, 7474, 7508, 7525, 7529, 7531, 7532, 7533, 7832, 7837, 7852, 7857, 7941, 8074, 8202, 8218, 8291, 8294, 8322, 8359, 8360, 8361, 8362, 8363, 8364, 8365, 8366, 8367, 8368, 8370, 8398, 8411, 8416, 8425, 8450, 8452, 8476, 8542, 8607, 8611, 8613, 8621, 8625, 8649, 8662, 8667, 8668, 8671, 8741, 8743, 8751, 8754, 8773, 8775, 8788, 8825, 8829, 8842, 8858, 8878, 8907, 8985, 8993, 9022, 9027, 9040, 9043, 9097, 9114, 9212, 9244, 9261, 9270, 9353, 9368, 9371, 9388, 9445, 9521, 9540, 9551, 9559, 9588, 9657, 9696, 9727, 9943, 9963, 9967, 9984, 10006, 10058, 10068, 10075, 10096, 10131, 10135, 10163, 10189, 10202, 10213, 10269, 10272, 10273, 10326, 10342, 10381, 10385, 10397, 10409, 10411, 10439, 10449, 10451, 10452, 10458, 10472, 10476, 10487, 10494, 10507, 10512, 10516, 10540, 10577, 10592, 10598, 10629, 10631, 10632, 10652, 10672, 10728, 10747, 10755, 10787, 10791, 10808, 10848, 10856, 10901, 10905, 10935, 10965, 10972, 11001, 11034, 11059, 11060, 11117, 11120, 11127, 11140, 11151, 11160, 11190, 11253, 11315, 11326, 11331, 11344, 22795, 22800, 22836, 22846, 22909, 22920, 22948, 23043, 23071, 23191, 23213, 23263, 23295, 23308, 23312, 23318, 23338, 23370, 23406, 23428, 23433, 23475, 23498, 23513, 23529, 23612, 23624, 23654, 23673, 23705, 25796, 25813, 25824, 25836, 25884, 25909, 25932, 25942, 26060, 26227, 26509, 26986, 26994, 26999, 27123, 27159, 27316, 27329, 27335, 27430, 28988, 29126, 29127, 29789, 29800, 29995, 30061, 30835, 30844, 30851, 50488, 50509, 50617, 51079, 51100, 51118, 51166, 51168, 51181, 51246, 51312, 51378, 51384, 51422, 51429, 51504, 51510, 51552, 51561, 51567, 51599, 51715, 51738, 51752, 53347, 53405, 53947, 54097, 54361, 54538, 54600, 54862, 54910, 54927, 55004, 55023, 55075, 55233, 55327, 55471, 55503, 55521, 55600, 55604, 55611, 55752, 55755, 55801, 55832, 55847, 55856, 55867, 55904, 55971, 56034, 56898, 56994, 57026, 57045, 57082, 57142, 57153, 57154, 57402, 57403, 57447, 57551, 57689, 57731, 57826, 58190, 58191, 58478, 59272, 59338, 64398, 64577, 64786, 64852, 65078, 79017, 79784, 79885, 80144, 80310, 80331, 80381, 80727, 80781, 81035, 81539, 83700, 83706, 83737, 83871, 83939, 84059, 84100, 84168, 84433, 84817, 84883, 84958, 85464, 85477, 89941, 90070, 92359, 93100, 112574, 114609, 116085, 116519, 116986, 121504, 124220, 124583, 127281, 140576, 140885, 145482, 147372, 149951, 150684, 151742, 153090, 164656, 168667, 203068, 219771, 222068, 246778, 252983, 255743, 266727, 284217, 375790, 553115, 554313]
col 106: GO:0033674   positive regulation of kinase activity         74.03% fp= 71 fn=1040
  FP: [151, 284, 387, 491, 572, 796, 896, 958, 959, 1136, 1236, 1636, 1647, 1856, 1917, 2146, 2185, 2321, 2914, 3265, 3491, 3654, 3937, 4216, 4296, 4486, 4504, 4616, 4683, 4916, 5058, 5170, 5310, 5515, 5606, 5607, 5610, 5618, 5629, 5716, 5871, 5894, 5899, 7010, 7099, 7295, 7474, 7804, 8567, 8792, 8829, 9344, 9618, 9966, 10333, 10892, 10912, 11184, 22863, 23043, 23411, 29775, 51196, 51347, 54106, 55011, 55437, 79594, 80829, 84231, 219771]
  FN: [2, 34, 43, 51, 59, 70, 81, 87, 88, 90, 91, 94, 102, 111, 118, 119, 131, 147, 148, 154, 155, 156, 181, 189, 196, 199, 220, 226, 229, 267, 286, 287, 288, 301, 302, 309, 311, 322, 323, 324, 336, 337, 338, 344, 348, 357, 367, 392, 403, 406, 409, 467, 468, 472, 498, 506, 545, 546, 581, 585, 636, 653, 657, 658, 662, 664, 665, 667, 676, 677, 718, 752, 773, 776, 780, 783, 811, 815, 817, 825, 835, 842, 847, 859, 887, 889, 940, 948, 972, 978, 983, 989, 998, 999, 1012, 1017, 1020, 1029, 1041, 1051, 1054, 1063, 1072, 1080, 1081, 1104, 1105, 1147, 1149, 1192, 1213, 1270, 1277, 1278, 1282, 1285, 1289, 1291, 1307, 1311, 1380, 1386, 1387, 1399, 1401, 1406, 1409, 1428, 1432, 1453, 1475, 1482, 1487, 1495, 1499, 1500, 1524, 1601, 1605, 1613, 1622, 1627, 1641, 1649, 1655, 1672, 1739, 1740, 1742, 1755, 1756, 1759, 1785, 1794, 1806, 1810, 1832, 1839, 1840, 1845, 1896, 1907, 1936, 1937, 1949, 1959, 1968, 1969, 1977, 1978, 1979, 1981, 1982, 2010, 2011, 2022, 2023, 2033, 2043, 2054, 2059, 2060, 2071, 2074, 2125, 2131, 2150, 2186, 2192, 2202, 2241, 2245, 2250, 2257, 2258, 2263, 2264, 2280, 2281, 2308, 2316, 2317, 2332, 2335, 2475, 2487, 2488, 2626, 2629, 2668, 2688, 2737, 2782, 2810, 2885, 2887, 2890, 2895, 2902, 2921, 2922, 2932, 2934, 2947, 2950, 2956, 3001, 3043, 3054, 3064, 3065, 3071, 3073, 3074, 3075, 3087, 3091, 3092, 3108, 3111, 3146, 3148, 3162, 3164, 3172, 3190, 3240, 3248, 3273, 3275, 3280, 3295, 3300, 3301, 3303, 3304, 3306, 3309, 3312, 3315, 3320, 3326, 3329, 3337, 3371, 3383, 3417, 3428, 3480, 3481, 3485, 3516, 3551, 3552, 3557, 3558, 3560, 3569, 3589, 3612, 3621, 3622, 3624, 3627, 3646, 3655, 3670, 3672, 3675, 3676, 3683, 3685, 3688, 3689, 3696, 3714, 3716, 3728, 3778, 3784, 3832, 3845, 3875, 3911, 3925, 3929, 3932, 3936, 3958, 3984, 3990, 3996, 4035, 4038, 4041, 4059, 4077, 4088, 4091, 4137, 4189, 4218, 4221, 4281, 4282, 4283, 4291, 4297, 4303, 4436, 4485, 4534, 4597, 4607, 4609, 4615, 4627, 4628, 4633, 4634, 4635, 4643, 4646, 4647, 4650, 4651, 4659, 4678, 4681, 4690, 4734, 4747, 4760, 4772, 4778, 4790, 4792, 4796, 4804, 4811, 4824, 4842, 4843, 4851, 4854, 4869, 4878, 4879, 4897, 4899, 4905, 4914, 4915, 4929, 4953, 4988, 5008, 5018, 5025, 5027, 5045, 5046, 5048, 5052, 5062, 5071, 5074, 5080, 5108, 5110, 5111, 5140, 5167, 5189, 5190, 5191, 5195, 5196, 5228, 5241, 5245, 5295, 5296, 5300, 5318, 5339, 5341, 5364, 5423, 5443, 5444, 5468, 5469, 5470, 5501, 5524, 5530, 5532, 5566, 5573, 5577, 5578, 5579, 5581, 5585, 5601, 5621, 5741, 5744, 5745, 5764, 5797, 5800, 5801, 5813, 5818, 5869, 5879, 5886, 5887, 5896, 5898, 5908, 5913, 5914, 5916, 5925, 5929, 5970, 6047, 6091, 6092, 6223, 6231, 6237, 6242, 6249, 6256, 6259, 6261, 6262, 6283, 6285, 6286, 6299, 6310, 6331, 6347, 6348, 6352, 6356, 6369, 6376, 6386, 6387, 6401, 6422, 6423, 6453, 6469, 6470, 6500, 6513, 6532, 6548, 6596, 6597, 6602, 6616, 6624, 6642, 6667, 6683, 6688, 6698, 6710, 6711, 6733, 6772, 6774, 6777, 6786, 6788, 6789, 6792, 6794, 6801, 6811, 6812, 6840, 6853, 6857, 6872, 6877, 6881, 6883, 6890, 6904, 6907, 6925, 6926, 6929, 6932, 6934, 6943, 7013, 7015, 7020, 7043, 7049, 7060, 7067, 7082, 7094, 7096, 7097, 7111, 7126, 7128, 7137, 7139, 7148, 7153, 7163, 7169, 7175, 7184, 7205, 7249, 7251, 7273, 7275, 7287, 7292, 7334, 7341, 7345, 7399, 7402, 7408, 7412, 7414, 7415, 7429, 7430, 7443, 7444, 7448, 7450, 7462, 7466, 7472, 7473, 7476, 7486, 7494, 7528, 7529, 7531, 7533, 7538, 7704, 7786, 7852, 7857, 7874, 7917, 7919, 8013, 8036, 8078, 8202, 8301, 8322, 8323, 8394, 8409, 8411, 8425, 8445, 8452, 8504, 8517, 8527, 8531, 8557, 8607, 8631, 8650, 8675, 8737, 8751, 8766, 8767, 8800, 8805, 8842, 8850, 8851, 8861, 8877, 8878, 8890, 8893, 8915, 8924, 8928, 8942, 8945, 8986, 9024, 9025, 9031, 9049, 9053, 9066, 9070, 9076, 9079, 9097, 9100, 9101, 9126, 9133, 9181, 9218, 9230, 9244, 9255, 9314, 9353, 9368, 9378, 9379, 9421, 9429, 9440, 9463, 9464, 9525, 9527, 9531, 9572, 9577, 9585, 9588, 9616, 9619, 9641, 9657, 9666, 9682, 9695, 9696, 9727, 9732, 9734, 9788, 9793, 9804, 9826, 9846, 9862, 9867, 9910, 9915, 9918, 9935, 9950, 9958, 9967, 9968, 9969, 9978, 9994, 10006, 10013, 10025, 10049, 10055, 10059, 10068, 10083, 10116, 10133, 10152, 10155, 10163, 10188, 10197, 10213, 10221, 10270, 10273, 10277, 10296, 10297, 10370, 10371, 10392, 10397, 10399, 10419, 10458, 10459, 10494, 10498, 10507, 10516, 10533, 10537, 10540, 10563, 10564, 10565, 10579, 10580, 10598, 10600, 10603, 10616, 10636, 10652, 10670, 10728, 10747, 10755, 10763, 10769, 10776, 10787, 10801, 10848, 10856, 10869, 10938, 10943, 10956, 10993, 11004, 11034, 11047, 11060, 11069, 11076, 11091, 11104, 11107, 11124, 11127, 11132, 11135, 11151, 11176, 11200, 11344, 22801, 22809, 22871, 22882, 22900, 22909, 22918, 22919, 22933, 22938, 22943, 22954, 23025, 23028, 23054, 23075, 23085, 23122, 23133, 23162, 23189, 23191, 23210, 23236, 23286, 23287, 23299, 23303, 23305, 23310, 23312, 23332, 23345, 23348, 23406, 23475, 23476, 23499, 23512, 23513, 23522, 23529, 23532, 23542, 23543, 23557, 23604, 23624, 23636, 23705, 23741, 23774, 25776, 25777, 25824, 25842, 25855, 25923, 25945, 25998, 25999, 26013, 26058, 26119, 26130, 26133, 26191, 26256, 26258, 26270, 26523, 26585, 27000, 27086, 27102, 27148, 27161, 27236, 27248, 27252, 27329, 27352, 28988, 28996, 29079, 29102, 29108, 29116, 29117, 29119, 29127, 29789, 29959, 29979, 30844, 50944, 50964, 51094, 51100, 51119, 51147, 51160, 51176, 51231, 51272, 51283, 51322, 51377, 51378, 51466, 51474, 51510, 51523, 51529, 51564, 51684, 51701, 51720, 51735, 51773, 53904, 54413, 54431, 54434, 54487, 54556, 54576, 54577, 54583, 54600, 54617, 54623, 54658, 54764, 54778, 54820, 54843, 54862, 54880, 54892, 54927, 54982, 54997, 55023, 55072, 55125, 55170, 55201, 55327, 55352, 55361, 55471, 55503, 55559, 55604, 55611, 55654, 55670, 55705, 55742, 55755, 55801, 55818, 55835, 55929, 55971, 56254, 56776, 56829, 56852, 56950, 57007, 57026, 57107, 57142, 57332, 57402, 57496, 57502, 57555, 57591, 57617, 57662, 57680, 57731, 57761, 57787, 58191, 58484, 58533, 59341, 63826, 64137, 64324, 64837, 65055, 79039, 79139, 79155, 79184, 79577, 79718, 81858, 81930, 83706, 83933, 83939, 84079, 84168, 84174, 84376, 84446, 84649, 84676, 84867, 84934, 84958, 85365, 85366, 85440, 85458, 85464, 85477, 89780, 89846, 90070, 90390, 92609, 93974, 93986, 112869, 114548, 114803, 115426, 116519, 124590, 130399, 134549, 143098, 143187, 147372, 147495, 148281, 149951, 150094, 151636, 151648, 151987, 154796, 161582, 163126, 165918, 201294, 203068, 222229, 246778, 253980, 255738, 255743, 283149, 285590, 340061, 375790, 100287171]
col  35: GO:0090304   nucleic acid metabolic process                 73.75% fp=140 fn=983
  FP: [196, 328, 409, 641, 659, 668, 678, 728, 959, 1032, 1233, 1786, 1855, 1856, 1958, 1959, 2069, 2073, 2113, 2140, 2624, 2627, 3146, 3297, 3669, 4157, 4291, 4292, 4796, 4843, 4913, 4929, 5073, 5094, 5395, 5429, 5442, 5460, 5566, 5886, 5896, 6431, 6432, 6434, 6651, 6672, 6722, 6733, 7019, 7067, 7155, 7298, 7374, 7392, 7486, 7490, 7494, 7849, 7874, 8313, 8575, 8846, 9031, 9156, 9319, 9401, 9811, 9862, 9907, 10075, 10114, 10212, 10309, 10714, 10721, 10772, 11189, 11193, 11200, 11284, 22909, 23049, 23064, 23144, 23293, 23318, 23435, 23503, 23583, 25788, 25888, 25988, 27257, 27343, 27350, 29072, 29896, 50485, 51065, 51067, 51119, 51163, 51319, 51426, 51567, 51593, 51747, 51750, 51773, 54464, 54496, 54974, 55145, 55149, 55729, 56652, 56853, 56897, 57379, 58487, 64216, 64282, 64852, 64858, 79039, 79068, 79661, 79728, 79753, 79813, 80312, 80746, 83695, 84268, 84897, 92797, 121642, 151636, 167153, 283989]
  FN: [59, 81, 86, 90, 91, 92, 93, 118, 119, 150, 154, 155, 190, 238, 267, 302, 317, 324, 329, 332, 335, 336, 337, 338, 341, 344, 345, 348, 350, 355, 401, 406, 467, 476, 477, 498, 506, 509, 513, 514, 515, 521, 522, 525, 539, 567, 578, 580, 581, 582, 585, 595, 598, 613, 648, 650, 661, 662, 699, 701, 731, 775, 776, 778, 780, 781, 783, 784, 785, 811, 825, 834, 841, 842, 857, 859, 860, 864, 891, 896, 899, 915, 916, 919, 929, 930, 940, 941, 947, 958, 960, 972, 973, 989, 996, 998, 999, 1017, 1019, 1021, 1026, 1027, 1029, 1062, 1063, 1071, 1080, 1104, 1135, 1136, 1139, 1140, 1143, 1147, 1153, 1191, 1213, 1261, 1277, 1278, 1282, 1285, 1286, 1289, 1290, 1301, 1355, 1380, 1385, 1387, 1435, 1457, 1482, 1487, 1493, 1495, 1499, 1535, 1536, 1603, 1605, 1616, 1650, 1660, 1663, 1676, 1738, 1739, 1742, 1756, 1778, 1810, 1857, 1874, 1876, 1956, 1965, 1967, 1977, 1982, 1991, 2034, 2064, 2065, 2132, 2145, 2146, 2185, 2189, 2243, 2244, 2260, 2266, 2281, 2295, 2296, 2316, 2321, 2324, 2332, 2335, 2475, 2494, 2516, 2562, 2625, 2648, 2690, 2702, 2782, 2793, 2874, 2885, 2890, 2891, 2895, 2902, 2903, 2904, 2917, 2926, 2932, 2934, 2950, 3008, 3039, 3040, 3043, 3054, 3059, 3064, 3065, 3066, 3071, 3087, 3108, 3111, 3113, 3119, 3141, 3182, 3207, 3240, 3276, 3306, 3309, 3312, 3315, 3359, 3396, 3398, 3479, 3480, 3486, 3488, 3508, 3516, 3551, 3566, 3569, 3570, 3572, 3592, 3593, 3622, 3623, 3624, 3638, 3642, 3643, 3659, 3667, 3672, 3675, 3676, 3683, 3685, 3688, 3689, 3690, 3691, 3696, 3703, 3709, 3710, 3720, 3725, 3728, 3741, 3753, 3775, 3778, 3784, 3831, 3911, 3912, 3931, 3936, 3937, 3949, 4018, 4035, 4036, 4040, 4041, 4076, 4085, 4086, 4087, 4088, 4089, 4090, 4091, 4092, 4137, 4170, 4173, 4175, 4176, 4193, 4204, 4208, 4217, 4221, 4286, 4297, 4300, 4607, 4609, 4625, 4627, 4628, 4646, 4659, 4690, 4691, 4700, 4710, 4719, 4720, 4722, 4724, 4725, 4728, 4729, 4734, 4751, 4756, 4760, 4772, 4780, 4791, 4842, 4851, 4853, 4854, 4879, 4891, 4904, 4914, 4915, 4916, 5015, 5018, 5048, 5058, 5071, 5108, 5140, 5156, 5195, 5211, 5213, 5218, 5289, 5290, 5295, 5308, 5310, 5311, 5335, 5364, 5444, 5467, 5468, 5499, 5500, 5501, 5515, 5518, 5520, 5524, 5525, 5527, 5530, 5532, 5536, 5562, 5573, 5663, 5664, 5682, 5683, 5692, 5693, 5696, 5701, 5702, 5704, 5705, 5716, 5745, 5786, 5787, 5813, 5824, 5828, 5830, 5879, 5881, 5914, 5916, 5928, 5929, 5931, 5936, 5970, 5978, 5979, 5991, 6015, 6045, 6188, 6189, 6193, 6207, 6210, 6231, 6256, 6262, 6299, 6311, 6326, 6331, 6338, 6340, 6342, 6386, 6389, 6392, 6418, 6464, 6477, 6495, 6497, 6498, 6500, 6502, 6548, 6591, 6597, 6599, 6601, 6602, 6616, 6624, 6640, 6642, 6647, 6662, 6688, 6710, 6729, 6772, 6774, 6788, 6789, 6804, 6809, 6812, 6845, 6850, 6871, 6880, 6885, 6886, 6890, 6907, 6927, 6944, 6993, 7018, 7023, 7037, 7046, 7048, 7049, 7057, 7072, 7096, 7097, 7099, 7132, 7137, 7139, 7175, 7186, 7187, 7188, 7189, 7220, 7223, 7224, 7227, 7248, 7249, 7251, 7321, 7322, 7324, 7329, 7335, 7399, 7402, 7412, 7414, 7421, 7439, 7444, 7514, 7535, 7703, 7704, 7804, 7862, 7917, 7941, 7979, 8036, 8085, 8089, 8106, 8202, 8204, 8243, 8260, 8266, 8289, 8294, 8295, 8312, 8314, 8315, 8359, 8360, 8361, 8362, 8363, 8364, 8365, 8366, 8367, 8368, 8370, 8445, 8451, 8452, 8454, 8464, 8473, 8504, 8517, 8518, 8539, 8542, 8563, 8607, 8626, 8649, 8661, 8662, 8663, 8664, 8665, 8666, 8667, 8668, 8675, 8678, 8697, 8717, 8725, 8726, 8737, 8766, 8767, 8772, 8773, 8800, 8813, 8818, 8837, 8841, 8850, 8861, 8867, 8878, 8881, 8890, 8891, 8892, 8893, 8914, 8915, 8928, 8932, 8945, 8994, 9070, 9100, 9114, 9126, 9162, 9181, 9183, 9184, 9219, 9244, 9255, 9271, 9341, 9344, 9371, 9412, 9447, 9464, 9475, 9500, 9517, 9551, 9559, 9572, 9575, 9611, 9612, 9616, 9646, 9693, 9734, 9757, 9759, 9767, 9793, 9794, 9810, 9844, 9898, 9903, 9913, 9918, 9971, 9978, 10006, 10010, 10013, 10036, 10051, 10054, 10055, 10059, 10060, 10062, 10096, 10152, 10163, 10188, 10210, 10228, 10242, 10273, 10297, 10300, 10320, 10367, 10369, 10370, 10393, 10399, 10444, 10452, 10474, 10476, 10514, 10540, 10542, 10558, 10565, 10592, 10613, 10616, 10621, 10622, 10623, 10629, 10632, 10642, 10652, 10728, 10735, 10787, 10801, 10845, 10856, 10892, 10902, 10943, 10952, 10972, 10987, 11030, 11091, 11124, 11127, 11128, 11130, 11151, 11160, 11168, 11171, 11190, 11218, 11236, 11315, 11331, 22801, 22861, 22863, 22872, 22893, 22900, 22920, 22930, 22933, 22948, 22976, 22985, 23028, 23047, 23081, 23085, 23095, 23126, 23186, 23191, 23236, 23279, 23291, 23310, 23326, 23332, 23338, 23345, 23353, 23354, 23363, 23376, 23383, 23397, 23424, 23512, 23513, 23522, 23529, 23557, 23643, 23673, 23774, 25777, 25813, 25836, 25847, 25898, 25942, 26013, 26039, 26047, 26065, 26100, 26133, 26224, 26234, 26258, 26259, 26270, 26272, 26519, 26520, 26610, 26747, 26994, 27035, 27040, 27097, 27125, 27154, 27252, 27327, 27335, 27338, 27429, 27430, 28988, 28996, 29104, 29108, 29127, 29844, 29882, 29911, 29945, 29974, 29979, 30818, 30819, 30827, 50852, 51024, 51079, 51141, 51143, 51160, 51185, 51284, 51377, 51386, 51422, 51433, 51434, 51499, 51504, 51529, 51542, 51548, 51561, 51562, 51741, 53615, 53904, 54107, 54344, 54431, 54556, 54801, 54806, 54820, 54903, 54927, 54960, 54962, 54984, 55004, 55011, 55072, 55081, 55140, 55142, 55250, 55294, 55327, 55364, 55559, 55600, 55604, 55689, 55703, 55723, 55746, 55832, 55929, 55958, 55967, 56254, 56262, 56479, 56655, 56943, 56970, 56993, 56998, 57107, 57120, 57122, 57187, 57325, 57332, 57521, 57617, 57634, 57646, 57679, 57680, 57708, 58484, 58508, 58533, 60561, 63976, 64127, 64151, 64240, 64241, 64400, 64428, 64682, 64750, 64837, 65018, 65082, 65981, 79003, 79084, 79139, 79176, 79228, 79718, 79784, 79791, 79849, 79885, 79960, 80145, 80155, 80314, 80335, 81565, 81858, 81929, 83548, 83706, 83860, 83933, 83939, 84059, 84067, 84081, 84100, 84231, 84321, 84376, 84444, 84447, 84661, 84700, 84759, 84919, 84967, 85363, 89780, 90293, 91147, 91949, 112869, 114548, 114799, 115106, 115426, 116444, 116519, 117143, 120892, 121504, 125111, 126374, 127933, 128869, 129685, 130399, 143098, 143187, 148022, 149233, 150684, 151648, 151987, 153090, 157570, 161882, 201161, 201595, 203068, 219771, 222229, 246184, 253260, 253725, 255738, 283489, 284217, 285590, 374291, 440275, 554313, 100287171]
col 117: GO:0008150   biological_process                             72.51% fp=985 fn=191
  FP: [2, 27, 41, 89, 90, 91, 94, 111, 113, 127, 128, 130, 131, 135, 151, 154, 155, 158, 177, 182, 183, 185, 186, 197, 214, 223, 238, 249, 284, 285, 336, 337, 344, 345, 350, 359, 362, 369, 374, 389, 391, 396, 480, 551, 554, 558, 579, 597, 637, 638, 640, 649, 650, 652, 653, 655, 657, 658, 659, 710, 714, 718, 719, 722, 727, 728, 731, 778, 780, 781, 783, 784, 785, 796, 799, 816, 818, 835, 846, 887, 915, 916, 920, 928, 939, 940, 941, 942, 943, 952, 958, 959, 961, 970, 975, 978, 993, 1001, 1015, 1041, 1043, 1044, 1046, 1071, 1119, 1120, 1129, 1135, 1138, 1139, 1140, 1143, 1183, 1195, 1215, 1230, 1232, 1233, 1236, 1261, 1268, 1270, 1277, 1278, 1282, 1286, 1289, 1290, 1292, 1301, 1305, 1307, 1308, 1311, 1365, 1380, 1390, 1392, 1399, 1401, 1437, 1464, 1471, 1501, 1535, 1536, 1586, 1602, 1604, 1611, 1622, 1630, 1634, 1646, 1672, 1734, 1740, 1759, 1794, 1812, 1813, 1814, 1815, 1816, 1825, 1826, 1828, 1839, 1840, 1880, 1893, 1901, 1903, 1907, 1909, 1910, 1942, 1948, 1949, 1960, 1969, 1979, 1999, 2045, 2048, 2049, 2054, 2056, 2065, 2069, 2115, 2139, 2147, 2152, 2155, 2158, 2159, 2160, 2161, 2166, 2192, 2200, 2202, 2207, 2208, 2247, 2249, 2250, 2252, 2253, 2254, 2260, 2268, 2277, 2294, 2321, 2322, 2324, 2326, 2487, 2538, 2562, 2596, 2619, 2645, 2658, 2668, 2688, 2690, 2693, 2702, 2729, 2730, 2736, 2739, 2740, 2742, 2768, 2769, 2780, 2811, 2864, 2874, 2878, 2887, 2891, 2895, 2898, 2903, 2904, 2915, 2918, 2920, 2921, 2922, 2931, 2935, 2938, 2941, 2978, 2997, 3001, 3029, 3082, 3084, 3093, 3108, 3111, 3113, 3119, 3163, 3171, 3175, 3213, 3214, 3218, 3235, 3240, 3273, 3294, 3351, 3354, 3356, 3358, 3371, 3383, 3440, 3458, 3476, 3481, 3485, 3488, 3491, 3553, 3554, 3557, 3558, 3559, 3560, 3562, 3565, 3569, 3570, 3572, 3576, 3586, 3589, 3592, 3593, 3595, 3605, 3606, 3623, 3624, 3627, 3651, 3655, 3656, 3672, 3675, 3676, 3678, 3681, 3683, 3684, 3685, 3687, 3689, 3696, 3702, 3707, 3714, 3718, 3775, 3778, 3800, 3815, 3818, 3827, 3850, 3897, 3915, 3925, 3929, 3931, 3956, 3990, 3992, 4009, 4023, 4041, 4054, 4055, 4058, 4059, 4066, 4142, 4153, 4155, 4157, 4158, 4159, 4160, 4161, 4192, 4211, 4214, 4215, 4233, 4283, 4286, 4293, 4313, 4314, 4318, 4321, 4332, 4354, 4481, 4485, 4486, 4544, 4583, 4602, 4629, 4665, 4681, 4693, 4803, 4804, 4850, 4855, 4867, 4868, 4878, 4879, 4880, 4882, 4886, 4887, 4889, 4897, 4915, 4916, 4920, 4921, 4923, 4985, 4988, 5008, 5046, 5054, 5073, 5139, 5154, 5158, 5168, 5174, 5175, 5176, 5196, 5204, 5217, 5228, 5241, 5243, 5290, 5293, 5319, 5328, 5336, 5340, 5351, 5352, 5360, 5362, 5364, 5376, 5444, 5454, 5456, 5470, 5588, 5590, 5601, 5603, 5606, 5607, 5617, 5618, 5631, 5646, 5648, 5654, 5725, 5733, 5741, 5745, 5754, 5787, 5788, 5792, 5793, 5795, 5796, 5800, 5803, 5817, 5818, 5819, 5871, 5886, 5898, 5899, 5913, 5921, 5950, 5972, 6009, 6011, 6092, 6120, 6199, 6237, 6242, 6251, 6273, 6303, 6326, 6338, 6340, 6347, 6352, 6356, 6363, 6366, 6369, 6376, 6387, 6404, 6405, 6416, 6423, 6441, 6464, 6469, 6480, 6484, 6505, 6506, 6507, 6515, 6523, 6558, 6568, 6569, 6574, 6581, 6584, 6585, 6640, 6660, 6665, 6693, 6696, 6698, 6760, 6817, 6818, 6857, 6863, 6898, 6904, 6905, 7001, 7005, 7010, 7027, 7041, 7042, 7043, 7046, 7048, 7049, 7050, 7051, 7083, 7100, 7105, 7133, 7148, 7169, 7187, 7220, 7275, 7287, 7292, 7293, 7323, 7325, 7326, 7328, 7337, 7363, 7374, 7409, 7410, 7424, 7439, 7442, 7448, 7454, 7462, 7473, 7474, 7476, 7477, 7480, 7482, 7531, 7532, 7535, 7709, 7804, 7832, 7855, 7857, 7903, 7941, 7957, 8013, 8022, 8074, 8078, 8200, 8321, 8322, 8323, 8324, 8325, 8399, 8425, 8434, 8448, 8456, 8462, 8463, 8482, 8493, 8501, 8503, 8534, 8542, 8564, 8578, 8600, 8605, 8646, 8651, 8654, 8660, 8671, 8682, 8694, 8708, 8740, 8743, 8751, 8754, 8775, 8788, 8792, 8795, 8828, 8835, 8856, 8883, 8907, 8912, 8989, 8993, 9002, 9020, 9021, 9031, 9040, 9076, 9099, 9145, 9149, 9175, 9201, 9211, 9213, 9220, 9244, 9253, 9290, 9311, 9319, 9369, 9379, 9401, 9423, 9469, 9495, 9536, 9540, 9655, 9670, 9690, 9719, 9736, 9828, 9935, 9962, 9965, 9966, 9990, 10018, 10060, 10068, 10076, 10105, 10106, 10150, 10174, 10193, 10196, 10242, 10332, 10342, 10344, 10365, 10369, 10371, 10385, 10401, 10411, 10451, 10468, 10475, 10477, 10507, 10512, 10516, 10563, 10683, 10721, 10747, 10758, 10776, 10817, 10818, 10922, 10928, 10955, 10991, 11034, 11040, 11059, 11082, 11149, 11184, 11251, 22800, 22801, 22836, 22854, 22856, 22918, 22937, 22943, 22955, 23024, 23025, 23118, 23129, 23166, 23184, 23189, 23230, 23327, 23428, 23475, 23529, 23532, 23601, 23612, 23624, 23640, 23643, 23654, 23705, 23765, 23779, 25788, 25796, 25800, 25803, 25806, 25945, 25960, 26000, 26058, 26585, 26973, 27031, 27102, 27113, 27122, 27123, 27130, 27173, 27201, 27242, 27284, 27289, 27306, 27329, 27343, 28514, 29072, 29104, 29116, 29119, 29126, 29775, 29881, 29929, 29959, 29995, 30009, 30835, 30851, 50489, 50512, 50515, 50649, 50852, 50964, 51067, 51094, 51135, 51162, 51246, 51289, 51291, 51302, 51311, 51330, 51347, 51378, 51393, 51451, 51454, 51455, 51504, 51561, 51599, 51619, 51667, 51738, 51752, 53905, 53947, 54097, 54538, 54567, 54822, 54862, 54904, 54926, 54929, 55117, 55233, 55284, 55366, 55432, 55454, 55501, 55503, 55568, 55600, 55611, 55624, 55681, 55690, 55742, 55790, 55795, 55796, 55816, 55867, 56172, 56253, 56262, 56301, 56302, 56548, 56674, 56853, 56913, 56923, 56940, 56994, 57060, 57099, 57216, 57396, 57496, 57502, 57551, 57555, 57689, 57704, 58155, 58191, 58478, 58480, 58488, 59272, 59307, 60482, 64072, 64240, 64241, 64282, 64324, 64377, 64399, 64403, 64577, 64798, 64805, 64854, 65266, 79053, 79400, 79631, 79738, 79849, 79866, 79872, 80243, 80267, 80312, 80339, 80381, 80727, 80829, 80833, 81035, 81570, 81576, 84132, 84159, 84168, 84174, 84329, 84336, 84340, 84466, 84870, 85329, 85413, 85440, 85453, 85464, 85476, 89780, 90226, 91653, 92359, 92906, 92912, 93986, 94233, 115727, 116085, 116444, 116519, 117157, 124220, 124583, 125111, 126119, 130399, 130507, 131177, 131890, 133396, 134549, 142678, 142679, 142680, 143098, 145226, 145482, 147372, 147495, 149233, 164656, 165140, 166012, 167153, 168667, 197131, 200894, 200958, 219333, 222068, 225689, 246778, 255743, 259173, 259197, 283989, 284217, 285440, 348980, 353174, 353376, 400961, 497661]
  FN: [16, 23, 123, 334, 394, 549, 613, 633, 868, 871, 919, 974, 1509, 1522, 1600, 1728, 1730, 1755, 1796, 1876, 2020, 2145, 2317, 2318, 2355, 2734, 2793, 2890, 2896, 2926, 3008, 3030, 3074, 3110, 3212, 3217, 3221, 3226, 3257, 3267, 3299, 3360, 3394, 3431, 3603, 3621, 3726, 3727, 3890, 4036, 4118, 4173, 4175, 4247, 4688, 4778, 4854, 4857, 4926, 5033, 5087, 5089, 5110, 5147, 5265, 5268, 5307, 5333, 5396, 5452, 5682, 5692, 5702, 5704, 5775, 5778, 5780, 5900, 5954, 6002, 6294, 6493, 6596, 6616, 6623, 6663, 6708, 6710, 6917, 7059, 7091, 7111, 7143, 7270, 7342, 7358, 7419, 7431, 7465, 7468, 7525, 7716, 7818, 7979, 8291, 8451, 8525, 8625, 8726, 8894, 8930, 9107, 9133, 9162, 9191, 9221, 9324, 9510, 9588, 9635, 9771, 9837, 10038, 10107, 10379, 10527, 10579, 10598, 10672, 10791, 10808, 10848, 10905, 10939, 11104, 11188, 22797, 22862, 23075, 23309, 23312, 23314, 23598, 23649, 25816, 26256, 27125, 27230, 28962, 29107, 51199, 51231, 53340, 53347, 54205, 55075, 55183, 55250, 55326, 55342, 55558, 55589, 55705, 55740, 55750, 55847, 56479, 57178, 57534, 57574, 57626, 57669, 58508, 60626, 64131, 64759, 64783, 64837, 79058, 79084, 80331, 80755, 80856, 84634, 84700, 93664, 113878, 121457, 138429, 140576, 147912]
col  67: GO:1902578   single-organism localization                   71.72% fp=274 fn=936
  FP: [41, 81, 133, 335, 336, 337, 341, 344, 345, 350, 366, 402, 403, 408, 491, 514, 521, 522, 558, 578, 582, 602, 604, 673, 781, 783, 799, 815, 846, 891, 1071, 1130, 1140, 1183, 1191, 1200, 1261, 1355, 1363, 1428, 1855, 1906, 1909, 1959, 2207, 2247, 2252, 2266, 2562, 2621, 2646, 2688, 2742, 2803, 2885, 2966, 3087, 3091, 3146, 3280, 3308, 3458, 3569, 3576, 3624, 3651, 3725, 3775, 3815, 3875, 3929, 3931, 3990, 4205, 4481, 4504, 4747, 4760, 4843, 4860, 4985, 5046, 5048, 5119, 5125, 5190, 5191, 5192, 5319, 5467, 5468, 5552, 5716, 5798, 5864, 5868, 5869, 5914, 5950, 6103, 6284, 6303, 6326, 6338, 6340, 6348, 6352, 6363, 6366, 6506, 6507, 6515, 6523, 6558, 6581, 6647, 6729, 6811, 6850, 6857, 6879, 6926, 6927, 6993, 7040, 7042, 7052, 7178, 7422, 7486, 8013, 8021, 8106, 8200, 8399, 8501, 8542, 8548, 8604, 8675, 8677, 8678, 8697, 8766, 8856, 8912, 8976, 8989, 9022, 9043, 9049, 9053, 9066, 9113, 9146, 9213, 9370, 9379, 9388, 9447, 9551, 9559, 9670, 9702, 9727, 9765, 9907, 9913, 9927, 9971, 10060, 10062, 10087, 10133, 10210, 10242, 10452, 10461, 10516, 10577, 10632, 10652, 10956, 10987, 11124, 11260, 11344, 22836, 22853, 22906, 22916, 23039, 23085, 23144, 23212, 23258, 23461, 23515, 23534, 23557, 23568, 25998, 26258, 27086, 27252, 27352, 28982, 29127, 29881, 29899, 29911, 29959, 30061, 30818, 30819, 51167, 51499, 51510, 51542, 53405, 54097, 54984, 55117, 55240, 55437, 55614, 55670, 55681, 55690, 55696, 55755, 56301, 56302, 56923, 57187, 57555, 58484, 58488, 64072, 64083, 64089, 64422, 65266, 79156, 81573, 81929, 83547, 83860, 83871, 84067, 84268, 84329, 84376, 84446, 84661, 84722, 84897, 84938, 85413, 85477, 87178, 90070, 91949, 92359, 112574, 116519, 117177, 129685, 143187, 144717, 150684, 253725, 285590, 100287171]
  FN: [16, 20, 23, 29, 43, 51, 70, 71, 86, 94, 100, 102, 107, 111, 113, 118, 135, 142, 147, 153, 154, 182, 185, 190, 212, 226, 239, 240, 241, 249, 267, 284, 302, 310, 322, 324, 333, 334, 355, 356, 357, 360, 361, 373, 382, 444, 566, 567, 572, 613, 645, 657, 658, 659, 664, 665, 672, 687, 688, 695, 699, 728, 752, 773, 817, 818, 824, 847, 871, 889, 896, 916, 919, 921, 929, 940, 947, 958, 960, 970, 972, 973, 974, 983, 989, 1001, 1002, 1012, 1019, 1020, 1041, 1072, 1104, 1129, 1174, 1198, 1203, 1291, 1312, 1386, 1453, 1462, 1475, 1495, 1499, 1500, 1509, 1511, 1535, 1579, 1601, 1603, 1604, 1609, 1627, 1650, 1653, 1655, 1660, 1717, 1718, 1740, 1755, 1756, 1760, 1794, 1798, 1803, 1812, 1816, 1826, 1832, 1880, 1889, 1902, 1903, 1937, 1952, 1956, 1965, 1967, 1969, 1981, 1982, 1994, 2000, 2010, 2011, 2023, 2028, 2040, 2043, 2047, 2054, 2059, 2064, 2065, 2110, 2125, 2132, 2153, 2166, 2189, 2209, 2237, 2260, 2261, 2264, 2268, 2280, 2281, 2317, 2318, 2324, 2332, 2475, 2530, 2531, 2534, 2535, 2539, 2547, 2584, 2589, 2590, 2596, 2619, 2629, 2683, 2692, 2693, 2734, 2767, 2771, 2776, 2778, 2780, 2782, 2811, 2864, 2890, 2895, 2917, 2932, 2956, 2969, 2978, 2997, 3002, 3039, 3040, 3054, 3055, 3071, 3073, 3074, 3082, 3108, 3119, 3156, 3163, 3164, 3178, 3185, 3187, 3190, 3192, 3265, 3295, 3301, 3306, 3312, 3326, 3329, 3360, 3371, 3383, 3428, 3480, 3508, 3554, 3556, 3560, 3570, 3572, 3603, 3611, 3622, 3633, 3643, 3646, 3655, 3662, 3667, 3672, 3675, 3687, 3690, 3691, 3703, 3709, 3728, 3791, 3796, 3831, 3832, 3845, 3848, 3849, 3857, 3858, 3880, 3936, 3937, 3954, 3958, 3981, 3992, 4000, 4036, 4041, 4047, 4058, 4076, 4077, 4086, 4088, 4092, 4118, 4124, 4131, 4137, 4142, 4157, 4163, 4170, 4173, 4176, 4233, 4240, 4247, 4254, 4257, 4258, 4292, 4296, 4354, 4358, 4363, 4436, 4437, 4478, 4627, 4646, 4647, 4650, 4670, 4690, 4691, 4700, 4710, 4722, 4756, 4763, 4771, 4773, 4780, 4830, 4836, 4842, 4846, 4851, 4853, 4868, 4869, 4882, 4904, 4905, 4914, 4923, 4952, 4976, 5018, 5027, 5033, 5058, 5064, 5074, 5094, 5116, 5130, 5140, 5155, 5156, 5159, 5170, 5211, 5213, 5218, 5223, 5245, 5272, 5286, 5295, 5318, 5335, 5339, 5376, 5394, 5413, 5420, 5424, 5426, 5469, 5478, 5494, 5498, 5499, 5531, 5551, 5566, 5573, 5577, 5578, 5579, 5580, 5581, 5582, 5591, 5592, 5602, 5604, 5606, 5610, 5621, 5652, 5654, 5663, 5664, 5701, 5702, 5704, 5705, 5721, 5724, 5725, 5728, 5729, 5745, 5747, 5782, 5783, 5791, 5795, 5800, 5801, 5829, 5836, 5862, 5879, 5894, 5898, 5899, 5909, 5912, 5979, 5997, 6010, 6049, 6092, 6093, 6188, 6193, 6194, 6196, 6207, 6208, 6210, 6223, 6231, 6259, 6311, 6319, 6386, 6389, 6392, 6401, 6403, 6404, 6422, 6453, 6464, 6469, 6484, 6490, 6517, 6522, 6541, 6596, 6597, 6608, 6609, 6616, 6624, 6670, 6693, 6698, 6714, 6717, 6732, 6755, 6786, 6794, 6801, 6809, 6840, 6860, 6868, 7010, 7039, 7046, 7048, 7070, 7082, 7094, 7096, 7098, 7132, 7133, 7168, 7171, 7189, 7205, 7220, 7225, 7251, 7266, 7270, 7284, 7287, 7298, 7341, 7375, 7399, 7402, 7408, 7429, 7430, 7444, 7462, 7508, 7520, 7525, 7532, 7533, 7535, 7786, 7804, 7852, 7917, 7976, 8086, 8239, 8260, 8266, 8291, 8294, 8315, 8322, 8324, 8359, 8360, 8361, 8362, 8363, 8364, 8365, 8366, 8367, 8368, 8370, 8408, 8473, 8482, 8527, 8529, 8539, 8555, 8567, 8575, 8611, 8631, 8661, 8664, 8665, 8667, 8711, 8717, 8763, 8772, 8775, 8813, 8829, 8841, 8842, 8851, 8877, 8897, 8924, 9027, 9114, 9140, 9175, 9181, 9219, 9255, 9282, 9361, 9371, 9401, 9429, 9440, 9445, 9474, 9516, 9531, 9557, 9564, 9588, 9611, 9612, 9620, 9641, 9653, 9696, 9706, 9732, 9775, 9785, 9793, 9810, 9821, 9844, 9846, 9856, 9867, 9869, 9918, 9966, 9968, 9969, 10025, 10049, 10059, 10075, 10096, 10111, 10131, 10188, 10189, 10197, 10206, 10212, 10241, 10253, 10269, 10270, 10273, 10299, 10300, 10325, 10392, 10395, 10397, 10409, 10435, 10437, 10458, 10492, 10497, 10514, 10527, 10553, 10565, 10569, 10603, 10613, 10636, 10657, 10658, 10670, 10672, 10735, 10791, 10845, 10869, 10901, 10905, 10908, 11033, 11047, 11052, 11060, 11128, 11132, 11135, 11149, 11160, 11184, 11186, 11188, 11193, 11218, 11253, 11284, 11325, 11342, 22800, 22801, 22856, 22862, 22882, 22894, 22918, 22943, 22985, 23011, 23020, 23071, 23077, 23122, 23133, 23154, 23162, 23175, 23189, 23213, 23286, 23304, 23310, 23348, 23368, 23376, 23392, 23397, 23411, 23433, 23481, 23503, 23509, 23513, 23560, 23580, 23586, 23592, 23612, 23633, 23636, 23705, 23770, 24148, 25805, 25909, 25923, 25932, 25939, 25945, 26013, 26047, 26058, 26060, 26100, 26173, 26276, 26509, 26986, 26999, 27000, 27005, 27161, 27201, 27236, 27316, 27335, 27339, 27346, 27429, 28514, 29079, 29109, 29789, 29843, 29844, 29929, 29956, 29979, 50515, 50852, 50944, 51026, 51094, 51107, 51143, 51160, 51166, 51196, 51283, 51284, 51304, 51343, 51366, 51379, 51386, 51393, 51466, 51474, 51493, 51599, 51715, 51752, 53834, 53947, 53981, 54106, 54344, 54431, 54434, 54464, 54471, 54623, 54708, 54795, 54862, 54872, 54892, 54899, 54902, 54910, 54927, 54982, 55004, 55183, 55256, 55327, 55352, 55361, 55454, 55500, 55501, 55558, 55559, 55600, 55604, 55650, 55654, 55704, 55705, 55740, 55746, 55818, 55832, 55959, 55971, 56034, 56172, 56246, 56253, 56897, 56949, 57048, 57099, 57120, 57122, 57142, 57153, 57216, 57402, 57403, 57448, 57502, 57506, 57508, 57521, 57620, 57669, 57689, 57731, 57732, 57826, 59272, 59307, 59338, 60482, 60626, 63916, 63941, 64131, 64151, 64215, 64285, 64398, 64699, 64782, 64805, 64834, 64837, 65055, 79039, 79058, 79065, 79158, 79594, 79784, 79885, 79888, 79960, 80005, 80155, 80314, 80331, 80339, 80789, 80833, 80856, 81542, 81846, 83706, 83737, 84168, 84231, 84433, 84632, 84634, 84679, 84687, 84803, 84876, 84883, 85365, 89122, 91147, 92140, 92609, 92737, 92906, 113878, 114609, 115727, 116986, 121457, 121504, 128869, 140576, 150209, 153090, 160851, 161582, 164656, 192669, 192670, 192683, 195814, 200894, 200958, 201595, 203245, 219771, 221178, 255488, 259230, 266727, 285464, 340061, 377630, 554313, 653519]
col 109: GO:1902578   single-organism localization                   70.76% fp=245 fn=1006
  FP: [41, 133, 148, 156, 286, 336, 337, 344, 345, 350, 358, 359, 362, 366, 477, 491, 558, 582, 602, 604, 673, 754, 781, 783, 784, 799, 846, 891, 920, 928, 975, 1015, 1062, 1071, 1130, 1139, 1140, 1183, 1230, 1236, 1261, 1428, 1605, 1778, 1813, 1814, 1815, 1906, 1909, 1959, 1984, 2060, 2207, 2247, 2252, 2255, 2258, 2316, 2562, 2621, 2646, 2688, 2742, 2966, 3087, 3146, 3280, 3320, 3356, 3357, 3358, 3458, 3569, 3576, 3624, 3651, 3676, 3683, 3685, 3688, 3689, 3717, 3725, 3775, 3778, 3815, 3838, 3929, 3931, 3990, 4038, 4205, 4481, 4651, 4760, 4792, 4860, 4985, 5002, 5046, 5174, 5175, 5310, 5319, 5336, 5341, 5467, 5532, 5716, 5788, 5914, 5950, 6303, 6326, 6338, 6340, 6352, 6363, 6366, 6505, 6506, 6507, 6515, 6523, 6558, 6569, 6581, 6584, 6711, 6774, 6857, 6926, 6927, 7040, 7042, 7175, 7439, 7442, 7486, 7514, 7531, 8013, 8021, 8106, 8200, 8301, 8394, 8399, 8452, 8501, 8542, 8548, 8671, 8697, 8856, 8907, 8912, 8989, 9022, 9043, 9053, 9113, 9213, 9379, 9670, 9907, 9913, 9962, 9963, 9971, 9990, 10060, 10062, 10242, 10461, 10516, 10928, 10991, 11004, 11260, 22836, 22916, 23025, 23039, 23043, 23144, 23212, 23214, 23353, 23428, 23515, 23534, 23759, 25777, 25800, 25998, 26000, 27086, 27173, 29127, 29881, 29959, 30061, 30819, 53405, 54097, 54820, 54997, 55117, 55437, 55503, 55681, 55690, 55696, 55706, 55867, 56262, 56301, 56302, 56923, 57154, 57187, 57555, 58488, 64072, 64240, 64241, 65266, 80727, 81929, 81930, 83860, 84268, 84329, 84897, 85413, 90678, 92359, 116085, 116519, 142680, 285590, 348980, 353174, 375790]
  FN: [20, 31, 32, 34, 37, 43, 48, 50, 51, 58, 70, 71, 88, 100, 102, 119, 142, 153, 181, 189, 190, 199, 212, 229, 239, 240, 241, 267, 291, 302, 310, 317, 324, 328, 332, 333, 373, 382, 387, 394, 406, 444, 545, 549, 566, 567, 570, 572, 598, 617, 633, 645, 662, 664, 665, 667, 675, 677, 688, 695, 701, 752, 801, 805, 808, 824, 834, 836, 840, 841, 842, 847, 871, 890, 899, 929, 947, 960, 972, 973, 974, 989, 1017, 1019, 1022, 1069, 1149, 1153, 1174, 1203, 1285, 1291, 1373, 1386, 1429, 1435, 1453, 1490, 1493, 1495, 1499, 1500, 1509, 1510, 1511, 1512, 1522, 1523, 1540, 1545, 1583, 1584, 1585, 1601, 1603, 1609, 1616, 1645, 1650, 1653, 1660, 1666, 1676, 1677, 1717, 1718, 1730, 1738, 1755, 1756, 1760, 1798, 1803, 1806, 1807, 1845, 1849, 1856, 1857, 1889, 1902, 1956, 1965, 1967, 1977, 1978, 1982, 1991, 1994, 2000, 2004, 2010, 2028, 2040, 2042, 2043, 2047, 2059, 2064, 2081, 2110, 2122, 2131, 2132, 2185, 2189, 2237, 2243, 2244, 2245, 2246, 2261, 2263, 2264, 2280, 2281, 2288, 2308, 2309, 2332, 2335, 2395, 2475, 2531, 2534, 2537, 2539, 2589, 2590, 2591, 2629, 2683, 2692, 2734, 2735, 2737, 2744, 2746, 2747, 2767, 2776, 2778, 2782, 2876, 2889, 2890, 2899, 2914, 2917, 2926, 2932, 2946, 2950, 2952, 2954, 2956, 2998, 3030, 3039, 3040, 3043, 3054, 3055, 3065, 3071, 3073, 3074, 3092, 3141, 3148, 3156, 3162, 3192, 3219, 3248, 3257, 3265, 3275, 3276, 3295, 3300, 3301, 3303, 3304, 3306, 3312, 3313, 3326, 3329, 3337, 3396, 3397, 3398, 3417, 3479, 3552, 3622, 3625, 3633, 3638, 3646, 3690, 3703, 3709, 3728, 3791, 3831, 3849, 3880, 3912, 3936, 3937, 3954, 3958, 3987, 4036, 4076, 4077, 4085, 4118, 4137, 4154, 4170, 4189, 4199, 4217, 4221, 4247, 4257, 4303, 4343, 4353, 4358, 4478, 4597, 4598, 4607, 4624, 4627, 4628, 4634, 4635, 4646, 4647, 4650, 4659, 4686, 4690, 4691, 4700, 4710, 4719, 4720, 4722, 4724, 4725, 4728, 4729, 4750, 4756, 4771, 4780, 4790, 4830, 4842, 4852, 4904, 4905, 4909, 4914, 4926, 4952, 4976, 5018, 5033, 5058, 5071, 5076, 5116, 5130, 5140, 5147, 5211, 5213, 5218, 5223, 5245, 5264, 5265, 5270, 5272, 5300, 5320, 5335, 5413, 5428, 5442, 5443, 5451, 5460, 5478, 5494, 5498, 5501, 5525, 5537, 5551, 5578, 5580, 5581, 5582, 5584, 5585, 5598, 5602, 5604, 5610, 5621, 5624, 5641, 5663, 5664, 5683, 5701, 5702, 5705, 5730, 5742, 5743, 5744, 5747, 5764, 5768, 5770, 5771, 5778, 5797, 5831, 5862, 5865, 5867, 5879, 5880, 5881, 5888, 5889, 5894, 5900, 5906, 5908, 5909, 5912, 5923, 5936, 5954, 5970, 5979, 5997, 6010, 6182, 6188, 6189, 6193, 6194, 6198, 6207, 6208, 6210, 6223, 6231, 6275, 6278, 6285, 6288, 6311, 6319, 6334, 6389, 6392, 6401, 6403, 6418, 6422, 6470, 6477, 6478, 6490, 6491, 6517, 6609, 6616, 6636, 6648, 6657, 6659, 6670, 6714, 6717, 6718, 6742, 6772, 6786, 6792, 6794, 6809, 6832, 6840, 6855, 6881, 6882, 6901, 7014, 7015, 7019, 7020, 7039, 7045, 7057, 7059, 7060, 7067, 7070, 7072, 7096, 7098, 7111, 7126, 7132, 7137, 7139, 7155, 7157, 7159, 7161, 7163, 7164, 7186, 7188, 7189, 7251, 7273, 7283, 7284, 7298, 7327, 7350, 7390, 7412, 7414, 7419, 7425, 7430, 7431, 7443, 7444, 7450, 7466, 7494, 7518, 7525, 7538, 7786, 7818, 7837, 7844, 7852, 7874, 7915, 7917, 7923, 8036, 8092, 8099, 8260, 8266, 8291, 8295, 8312, 8313, 8396, 8408, 8411, 8416, 8440, 8473, 8517, 8531, 8557, 8607, 8613, 8621, 8649, 8650, 8658, 8661, 8662, 8663, 8664, 8665, 8666, 8667, 8668, 8725, 8727, 8737, 8739, 8763, 8772, 8800, 8813, 8818, 8829, 8834, 8837, 8841, 8842, 8846, 8851, 8878, 8879, 8890, 8891, 8892, 8893, 8915, 8942, 8994, 9024, 9027, 9092, 9097, 9100, 9101, 9114, 9131, 9140, 9271, 9344, 9361, 9367, 9445, 9474, 9475, 9516, 9517, 9531, 9545, 9546, 9575, 9585, 9641, 9695, 9696, 9706, 9732, 9811, 9821, 9856, 9910, 9978, 9994, 10006, 10014, 10017, 10049, 10059, 10131, 10152, 10156, 10163, 10170, 10188, 10201, 10202, 10206, 10241, 10252, 10253, 10273, 10296, 10299, 10300, 10325, 10395, 10397, 10399, 10419, 10437, 10439, 10449, 10458, 10488, 10492, 10497, 10498, 10542, 10555, 10558, 10565, 10613, 10631, 10642, 10670, 10714, 10769, 10787, 10791, 10801, 10808, 10845, 10869, 10901, 10902, 10905, 10935, 10939, 10965, 10993, 10998, 11011, 11030, 11035, 11073, 11076, 11132, 11135, 11160, 11171, 11188, 11190, 11200, 11218, 11221, 11236, 11253, 11285, 11315, 11328, 11342, 11343, 22845, 22846, 22861, 22862, 22872, 22900, 22919, 22930, 22933, 22948, 22995, 23011, 23032, 23071, 23122, 23154, 23161, 23162, 23191, 23213, 23286, 23287, 23291, 23293, 23312, 23363, 23376, 23392, 23409, 23411, 23424, 23498, 23503, 23509, 23513, 23560, 23787, 25776, 25824, 25825, 25923, 25924, 25930, 25932, 26047, 26060, 26061, 26065, 26100, 26130, 26191, 26224, 26234, 26259, 26276, 26284, 26509, 26747, 26986, 26999, 27000, 27141, 27161, 27185, 27230, 27236, 27248, 27327, 27335, 27346, 27429, 28988, 29108, 29800, 29940, 29956, 29969, 29979, 50487, 50488, 51010, 51022, 51026, 51099, 51107, 51141, 51160, 51166, 51181, 51196, 51199, 51201, 51256, 51257, 51283, 51284, 51304, 51377, 51386, 51493, 51715, 51741, 53347, 53834, 54106, 54205, 54344, 54363, 54413, 54431, 54463, 54464, 54471, 54490, 54496, 54576, 54577, 54600, 54602, 54658, 54677, 54708, 54795, 54806, 54872, 54880, 54902, 54910, 54927, 54949, 54960, 54962, 54968, 54974, 54982, 55004, 55075, 55109, 55128, 55142, 55149, 55201, 55326, 55331, 55357, 55361, 55471, 55604, 55612, 55625, 55627, 55629, 55650, 55654, 55655, 55669, 55704, 55750, 55801, 55832, 55835, 55837, 55847, 55959, 55967, 55971, 56246, 56479, 56652, 56829, 56897, 56950, 56998, 57010, 57026, 57082, 57120, 57142, 57153, 57402, 57403, 57447, 57448, 57449, 57506, 57521, 57574, 57620, 57630, 57679, 57731, 57732, 57826, 58526, 60489, 60561, 60673, 63916, 63924, 63941, 64121, 64131, 64215, 64216, 64285, 64412, 64428, 64699, 64764, 64834, 64837, 65055, 65078, 65981, 79017, 79065, 79077, 79084, 79133, 79158, 79594, 79654, 79736, 79888, 80020, 80155, 80331, 80351, 80762, 80856, 81542, 81622, 81847, 81858, 83700, 83939, 84233, 84335, 84441, 84649, 84679, 84803, 84817, 84869, 84876, 84883, 84919, 85363, 85365, 85458, 89846, 91147, 92140, 92609, 92737, 93100, 93210, 93974, 94241, 112770, 114548, 114609, 115827, 116840, 116985, 116986, 121457, 123879, 126374, 127281, 127933, 128869, 140576, 147912, 148022, 149041, 149428, 150209, 153090, 154796, 157570, 160851, 166929, 171392, 192683, 195814, 200316, 201294, 201595, 203068, 219771, 219988, 220972, 255488, 259230, 266727, 284110, 285464, 340061, 349565, 374291, 377630, 440275, 641371, 653519, 100137049]
col   7: GO:0006417   regulation of translation                      70.10% fp= 30 fn=1249
  FP: [1613, 1965, 1979, 1982, 3488, 3569, 4343, 4842, 5976, 6193, 6198, 6199, 7057, 7832, 9611, 9612, 10131, 10492, 10600, 10657, 11236, 26058, 27327, 55364, 84305, 84919, 126374, 149041, 400961, 440275]
  FN: [14, 16, 23, 31, 37, 48, 59, 70, 81, 87, 92, 93, 100, 102, 107, 133, 150, 152, 156, 190, 196, 199, 207, 208, 220, 239, 301, 306, 311, 322, 324, 328, 330, 331, 332, 338, 355, 358, 360, 361, 367, 382, 387, 392, 394, 395, 399, 408, 409, 477, 491, 525, 567, 580, 598, 632, 635, 639, 641, 645, 662, 664, 667, 672, 673, 675, 687, 688, 694, 699, 701, 754, 773, 775, 817, 824, 825, 841, 861, 864, 868, 890, 891, 896, 912, 919, 947, 960, 974, 983, 989, 994, 996, 997, 998, 999, 1012, 1017, 1020, 1021, 1022, 1027, 1028, 1029, 1030, 1031, 1032, 1062, 1063, 1072, 1080, 1104, 1105, 1147, 1149, 1191, 1192, 1201, 1386, 1387, 1409, 1410, 1421, 1428, 1429, 1432, 1454, 1475, 1476, 1491, 1499, 1500, 1579, 1605, 1609, 1616, 1641, 1642, 1647, 1653, 1666, 1676, 1728, 1739, 1742, 1755, 1785, 1788, 1796, 1806, 1845, 1848, 1856, 1906, 1917, 1936, 1937, 1952, 1958, 1959, 1967, 1968, 1991, 2022, 2023, 2033, 2040, 2043, 2059, 2060, 2067, 2068, 2081, 2107, 2122, 2125, 2146, 2177, 2185, 2189, 2241, 2245, 2258, 2263, 2264, 2280, 2281, 2288, 2296, 2305, 2308, 2316, 2317, 2318, 2488, 2494, 2530, 2535, 2539, 2584, 2621, 2646, 2670, 2692, 2735, 2737, 2746, 2752, 2771, 2803, 2805, 2810, 2822, 2876, 2885, 2899, 2908, 2917, 2932, 2934, 2946, 2947, 2948, 2950, 2956, 2998, 3002, 3054, 3059, 3064, 3066, 3087, 3091, 3092, 3110, 3141, 3148, 3164, 3172, 3178, 3182, 3185, 3187, 3212, 3217, 3227, 3251, 3275, 3297, 3303, 3304, 3315, 3320, 3326, 3329, 3337, 3357, 3360, 3398, 3417, 3428, 3434, 3508, 3516, 3551, 3600, 3603, 3611, 3612, 3621, 3622, 3633, 3646, 3654, 3659, 3661, 3662, 3665, 3667, 3669, 3688, 3710, 3716, 3717, 3728, 3784, 3832, 3837, 3838, 3843, 3845, 3849, 3858, 3861, 3875, 3936, 3958, 3965, 3981, 3984, 3996, 4000, 4035, 4048, 4067, 4068, 4086, 4087, 4088, 4089, 4090, 4092, 4093, 4131, 4133, 4154, 4163, 4171, 4176, 4189, 4193, 4205, 4208, 4216, 4221, 4223, 4254, 4282, 4291, 4294, 4297, 4303, 4331, 4361, 4478, 4487, 4504, 4534, 4615, 4616, 4627, 4628, 4638, 4643, 4644, 4646, 4647, 4650, 4651, 4659, 4688, 4691, 4734, 4747, 4750, 4763, 4771, 4772, 4773, 4775, 4780, 4790, 4791, 4792, 4830, 4831, 4836, 4854, 4860, 4863, 4891, 4904, 4905, 4926, 4952, 4953, 4976, 5000, 5002, 5027, 5048, 5052, 5058, 5062, 5071, 5074, 5080, 5087, 5094, 5108, 5110, 5111, 5116, 5155, 5156, 5159, 5170, 5189, 5190, 5218, 5223, 5245, 5268, 5272, 5286, 5292, 5295, 5310, 5311, 5327, 5333, 5335, 5339, 5341, 5371, 5393, 5394, 5395, 5420, 5422, 5423, 5424, 5429, 5443, 5449, 5501, 5524, 5525, 5530, 5531, 5536, 5562, 5573, 5577, 5578, 5579, 5580, 5581, 5584, 5585, 5587, 5592, 5594, 5598, 5602, 5609, 5629, 5649, 5701, 5704, 5705, 5716, 5728, 5742, 5743, 5744, 5747, 5774, 5775, 5777, 5778, 5780, 5781, 5782, 5783, 5784, 5791, 5797, 5801, 5824, 5829, 5830, 5836, 5865, 5868, 5879, 5887, 5888, 5889, 5894, 5906, 5914, 5970, 5971, 5979, 5997, 6002, 6015, 6047, 6049, 6050, 6091, 6102, 6189, 6194, 6196, 6208, 6210, 6223, 6231, 6240, 6241, 6249, 6259, 6261, 6278, 6283, 6284, 6285, 6286, 6299, 6300, 6310, 6311, 6314, 6342, 6348, 6386, 6403, 6418, 6470, 6491, 6497, 6500, 6502, 6548, 6615, 6616, 6622, 6623, 6624, 6642, 6647, 6657, 6664, 6670, 6672, 6683, 6710, 6711, 6714, 6717, 6720, 6729, 6732, 6733, 6737, 6772, 6776, 6777, 6778, 6788, 6789, 6792, 6794, 6812, 6840, 6845, 6850, 6868, 6874, 6878, 6881, 6885, 6895, 6903, 6910, 6927, 6929, 6934, 6935, 7011, 7014, 7020, 7030, 7053, 7072, 7082, 7094, 7097, 7098, 7099, 7126, 7143, 7155, 7157, 7159, 7163, 7164, 7178, 7186, 7188, 7189, 7205, 7225, 7249, 7251, 7266, 7267, 7270, 7283, 7294, 7295, 7298, 7320, 7321, 7329, 7332, 7334, 7335, 7342, 7345, 7375, 7376, 7389, 7399, 7402, 7408, 7415, 7422, 7430, 7431, 7443, 7444, 7453, 7472, 7490, 7494, 7508, 7514, 7525, 7529, 7533, 7546, 7884, 7917, 7942, 7976, 8036, 8086, 8202, 8239, 8243, 8260, 8266, 8312, 8313, 8314, 8315, 8394, 8398, 8409, 8445, 8450, 8517, 8518, 8527, 8529, 8567, 8575, 8607, 8621, 8625, 8626, 8631, 8661, 8666, 8675, 8711, 8717, 8725, 8737, 8738, 8741, 8767, 8772, 8773, 8837, 8841, 8851, 8877, 8878, 8881, 8892, 8894, 8897, 8915, 8924, 8942, 8986, 9022, 9024, 9025, 9043, 9049, 9053, 9097, 9100, 9101, 9107, 9126, 9127, 9146, 9156, 9181, 9183, 9191, 9217, 9252, 9255, 9261, 9270, 9271, 9324, 9344, 9353, 9361, 9368, 9421, 9447, 9448, 9463, 9474, 9479, 9510, 9516, 9521, 9525, 9531, 9557, 9564, 9572, 9577, 9585, 9587, 9588, 9604, 9616, 9618, 9627, 9641, 9666, 9682, 9693, 9696, 9702, 9734, 9759, 9765, 9821, 9826, 9837, 9844, 9846, 9855, 9867, 9869, 9907, 9918, 9943, 9958, 9960, 9963, 9984, 9994, 10010, 10013, 10014, 10051, 10059, 10075, 10083, 10107, 10114, 10116, 10133, 10188, 10197, 10202, 10221, 10241, 10252, 10273, 10277, 10296, 10297, 10300, 10309, 10325, 10346, 10379, 10392, 10395, 10397, 10409, 10413, 10419, 10425, 10432, 10435, 10437, 10452, 10458, 10461, 10476, 10494, 10498, 10514, 10522, 10527, 10533, 10537, 10540, 10553, 10565, 10569, 10580, 10592, 10598, 10603, 10626, 10628, 10636, 10645, 10652, 10670, 10672, 10725, 10728, 10755, 10763, 10765, 10769, 10783, 10808, 10845, 10848, 10856, 10892, 10899, 10912, 10921, 10935, 10978, 10987, 10993, 11030, 11033, 11047, 11060, 11073, 11076, 11104, 11130, 11135, 11140, 11143, 11151, 11160, 11171, 11176, 11186, 11189, 11213, 11218, 11260, 11315, 11325, 11331, 11344, 22797, 22809, 22846, 22863, 22872, 22882, 22899, 22900, 22906, 22909, 22919, 22933, 22948, 22954, 22985, 23007, 23039, 23043, 23049, 23064, 23075, 23085, 23087, 23089, 23122, 23126, 23139, 23175, 23177, 23192, 23205, 23214, 23235, 23236, 23286, 23287, 23293, 23295, 23299, 23303, 23314, 23318, 23332, 23345, 23363, 23368, 23370, 23376, 23390, 23411, 23424, 23476, 23481, 23499, 23513, 23542, 23543, 23560, 23586, 23604, 23649, 23759, 25805, 25816, 25820, 25824, 25855, 25861, 25865, 25898, 25930, 25932, 25937, 25942, 25998, 26001, 26019, 26065, 26100, 26191, 26256, 26258, 26259, 26270, 26271, 26276, 26284, 26286, 26297, 26524, 26574, 26610, 26999, 27000, 27005, 27148, 27159, 27232, 27252, 27257, 27335, 27339, 27350, 28962, 28988, 28989, 28996, 29107, 29108, 29109, 29110, 29117, 29789, 29844, 29899, 29974, 29979, 30061, 30812, 30815, 30819, 30827, 30837, 30845, 50488, 50943, 51010, 51076, 51079, 51085, 51099, 51100, 51118, 51119, 51132, 51143, 51160, 51170, 51176, 51185, 51196, 51284, 51319, 51366, 51379, 51384, 51429, 51466, 51474, 51493, 51514, 51523, 51562, 51564, 51567, 51588, 51593, 51684, 51715, 51741, 51763, 53340, 53840, 54106, 54206, 54332, 54361, 54386, 54434, 54464, 54487, 54512, 54541, 54556, 54583, 54602, 54623, 54764, 54778, 54801, 54843, 54899, 54903, 54927, 54960, 54962, 54984, 54997, 55011, 55031, 55036, 55075, 55109, 55125, 55128, 55140, 55142, 55154, 55164, 55201, 55236, 55240, 55250, 55256, 55294, 55327, 55352, 55437, 55500, 55559, 55576, 55604, 55654, 55655, 55696, 55705, 55729, 55740, 55755, 55756, 55819, 55832, 55837, 55929, 55971, 55998, 56034, 56243, 56603, 56776, 56829, 56898, 56950, 56957, 56998, 57082, 57107, 57120, 57154, 57379, 57402, 57447, 57449, 57521, 57591, 57626, 57662, 57669, 57731, 57826, 58533, 59338, 60485, 60489, 60626, 63826, 63916, 63941, 64067, 64112, 64121, 64127, 64151, 64170, 64398, 64400, 64412, 64759, 64786, 64859, 65018, 65055, 65057, 65267, 65981, 79035, 79084, 79155, 79176, 79184, 79576, 79577, 79594, 79661, 79753, 79763, 79913, 79918, 79960, 80005, 80145, 80155, 80204, 80351, 80725, 80746, 81559, 81844, 81858, 81930, 83548, 83595, 83605, 83737, 83933, 84059, 84079, 84100, 84282, 84335, 84376, 84433, 84446, 84464, 84632, 84676, 84687, 84722, 84883, 84934, 84938, 85363, 85365, 85366, 85458, 85477, 87178, 89122, 89781, 89846, 90678, 91662, 92140, 92797, 93100, 94241, 114088, 114548, 114609, 115106, 116840, 117143, 117283, 120892, 124641, 127281, 129138, 138429, 140576, 143570, 147912, 150094, 150290, 150684, 151636, 151648, 153090, 157506, 160851, 161582, 165918, 197358, 200316, 201161, 204851, 221178, 252983, 253725, 255488, 255738, 261726, 285381, 285464, 285590, 353116, 375790, 387893, 541468, 553115]
col 108: GO:0006996   organelle organization                         67.06% fp=206 fn=1203
  FP: [19, 88, 322, 357, 387, 391, 472, 617, 637, 676, 727, 752, 815, 825, 947, 1072, 1130, 1191, 1200, 1742, 1759, 1832, 1901, 1965, 2040, 2060, 2069, 2139, 2149, 2241, 2245, 2252, 2255, 2302, 2537, 2623, 2810, 2931, 3071, 3087, 3092, 3146, 3276, 3308, 3551, 3717, 3815, 3850, 3857, 3880, 3925, 4504, 4534, 4624, 4629, 4633, 4763, 4831, 4846, 4860, 4913, 5071, 5154, 5156, 5159, 5190, 5192, 5290, 5341, 5352, 5478, 5552, 5578, 5579, 5580, 5585, 5592, 5604, 5629, 5754, 5798, 5896, 5898, 5978, 6093, 6272, 6347, 6348, 6356, 6369, 6500, 6507, 6581, 6648, 6901, 7070, 7124, 7148, 7324, 7786, 7942, 8200, 8301, 8411, 8557, 8678, 8837, 8907, 8976, 8994, 9002, 9031, 9066, 9140, 9218, 9319, 9401, 9469, 9828, 9844, 9855, 9958, 10105, 10435, 10449, 10494, 10600, 10765, 10776, 10899, 10935, 11076, 11107, 11132, 22871, 22918, 23049, 23192, 23287, 23299, 23370, 23673, 25923, 26065, 26259, 27148, 29072, 29899, 29995, 50488, 51176, 51291, 51510, 51715, 51750, 54880, 54904, 55023, 55170, 55294, 55352, 55669, 55670, 56603, 57154, 57216, 57403, 57662, 58480, 60673, 63924, 64324, 64422, 65055, 79017, 79156, 79631, 79738, 79831, 79918, 83547, 83752, 83852, 83939, 84067, 84168, 84340, 84938, 85440, 85464, 89781, 89846, 90678, 91653, 93974, 114803, 126374, 143098, 143187, 149041, 161882, 200894, 219988, 245711, 253260, 259173]
  FN: [20, 31, 37, 51, 58, 87, 102, 147, 148, 181, 189, 190, 196, 212, 229, 240, 241, 267, 283, 306, 309, 310, 311, 324, 330, 332, 338, 351, 367, 373, 388, 401, 403, 405, 406, 444, 467, 468, 488, 498, 506, 509, 513, 514, 515, 521, 522, 525, 539, 540, 545, 546, 566, 580, 595, 602, 641, 645, 648, 661, 665, 672, 687, 688, 699, 701, 801, 805, 808, 811, 814, 824, 841, 847, 860, 861, 864, 868, 889, 890, 898, 899, 902, 949, 950, 974, 989, 994, 996, 997, 999, 1019, 1021, 1022, 1026, 1029, 1030, 1032, 1045, 1051, 1054, 1062, 1063, 1111, 1147, 1149, 1192, 1196, 1198, 1203, 1291, 1373, 1385, 1432, 1457, 1476, 1482, 1499, 1523, 1540, 1600, 1601, 1603, 1609, 1616, 1647, 1649, 1650, 1655, 1660, 1666, 1676, 1717, 1730, 1738, 1755, 1760, 1785, 1788, 1789, 1798, 1803, 1845, 1857, 1876, 1889, 1936, 1950, 1956, 1958, 1978, 1984, 1994, 1997, 2000, 2004, 2010, 2011, 2022, 2028, 2043, 2047, 2064, 2068, 2074, 2081, 2110, 2118, 2119, 2122, 2131, 2132, 2145, 2177, 2185, 2186, 2237, 2246, 2263, 2264, 2280, 2288, 2296, 2305, 2309, 2332, 2334, 2353, 2355, 2395, 2475, 2494, 2516, 2539, 2547, 2590, 2624, 2625, 2626, 2629, 2646, 2683, 2692, 2735, 2767, 2771, 2776, 2782, 2803, 2822, 2885, 2908, 2909, 2926, 2934, 2956, 2958, 2965, 2966, 2967, 2969, 2998, 3008, 3014, 3030, 3039, 3040, 3091, 3110, 3156, 3164, 3170, 3178, 3182, 3185, 3187, 3190, 3192, 3217, 3219, 3226, 3227, 3237, 3280, 3295, 3297, 3299, 3306, 3309, 3312, 3313, 3329, 3394, 3396, 3397, 3398, 3399, 3428, 3431, 3516, 3600, 3611, 3621, 3638, 3659, 3662, 3665, 3669, 3670, 3703, 3708, 3709, 3710, 3720, 3725, 3726, 3728, 3801, 3838, 3843, 3890, 3932, 3936, 3958, 3984, 4035, 4036, 4048, 4085, 4086, 4087, 4088, 4089, 4090, 4092, 4093, 4116, 4133, 4154, 4163, 4171, 4173, 4175, 4176, 4189, 4193, 4204, 4208, 4209, 4217, 4221, 4257, 4281, 4282, 4292, 4296, 4300, 4303, 4331, 4487, 4520, 4607, 4625, 4646, 4650, 4651, 4670, 4678, 4686, 4688, 4691, 4700, 4710, 4720, 4722, 4724, 4725, 4728, 4729, 4734, 4756, 4760, 4772, 4773, 4775, 4778, 4780, 4781, 4790, 4791, 4796, 4853, 4854, 4857, 4863, 4864, 4891, 4904, 4905, 4909, 4926, 4929, 4968, 5000, 5002, 5018, 5025, 5045, 5062, 5064, 5076, 5077, 5080, 5094, 5130, 5167, 5289, 5291, 5307, 5311, 5335, 5393, 5394, 5395, 5396, 5422, 5423, 5424, 5426, 5428, 5429, 5449, 5451, 5460, 5467, 5468, 5469, 5496, 5498, 5499, 5500, 5501, 5518, 5524, 5527, 5530, 5536, 5566, 5577, 5594, 5595, 5598, 5663, 5664, 5682, 5693, 5704, 5724, 5744, 5747, 5768, 5777, 5784, 5810, 5829, 5868, 5870, 5874, 5878, 5883, 5884, 5912, 5914, 5915, 5916, 5925, 5928, 5930, 5931, 5932, 5935, 5936, 5971, 5979, 5983, 6049, 6050, 6102, 6189, 6193, 6194, 6196, 6198, 6207, 6208, 6210, 6231, 6256, 6261, 6262, 6288, 6294, 6299, 6300, 6310, 6319, 6342, 6389, 6392, 6403, 6418, 6426, 6431, 6432, 6478, 6493, 6495, 6497, 6502, 6513, 6547, 6548, 6591, 6594, 6596, 6613, 6625, 6631, 6642, 6646, 6657, 6659, 6662, 6663, 6667, 6670, 6711, 6717, 6729, 6742, 6772, 6774, 6776, 6778, 6786, 6792, 6827, 6829, 6840, 6872, 6873, 6874, 6877, 6878, 6879, 6882, 6883, 6886, 6890, 6907, 6917, 6925, 6928, 6929, 6935, 7003, 7004, 7020, 7030, 7045, 7072, 7080, 7094, 7098, 7111, 7132, 7137, 7139, 7143, 7157, 7161, 7171, 7184, 7186, 7188, 7189, 7227, 7266, 7267, 7270, 7284, 7298, 7301, 7329, 7341, 7342, 7343, 7345, 7358, 7389, 7391, 7392, 7402, 7412, 7416, 7421, 7428, 7429, 7431, 7444, 7465, 7466, 7490, 7514, 7518, 7520, 7528, 7536, 7545, 7703, 7704, 7716, 7818, 7849, 7874, 7884, 7919, 7923, 8021, 8036, 8086, 8092, 8106, 8202, 8204, 8233, 8260, 8294, 8315, 8359, 8360, 8361, 8362, 8363, 8364, 8365, 8366, 8367, 8368, 8370, 8396, 8398, 8408, 8435, 8445, 8467, 8517, 8518, 8525, 8539, 8555, 8563, 8569, 8575, 8621, 8625, 8626, 8649, 8658, 8661, 8662, 8677, 8683, 8725, 8726, 8773, 8813, 8818, 8851, 8881, 8897, 8914, 8915, 8928, 8930, 8942, 9027, 9043, 9049, 9063, 9092, 9093, 9100, 9131, 9133, 9156, 9162, 9181, 9184, 9191, 9219, 9221, 9230, 9261, 9282, 9314, 9324, 9368, 9372, 9378, 9381, 9412, 9421, 9440, 9445, 9464, 9480, 9500, 9516, 9517, 9527, 9545, 9551, 9557, 9559, 9564, 9572, 9575, 9577, 9585, 9612, 9616, 9619, 9620, 9641, 9683, 9695, 9702, 9727, 9775, 9785, 9794, 9804, 9807, 9821, 9869, 9898, 9903, 9907, 9939, 9967, 9968, 9969, 9984, 9994, 10025, 10036, 10038, 10054, 10055, 10058, 10062, 10087, 10096, 10116, 10131, 10135, 10155, 10165, 10170, 10181, 10189, 10197, 10202, 10206, 10252, 10270, 10272, 10273, 10291, 10296, 10297, 10299, 10300, 10320, 10325, 10346, 10367, 10370, 10381, 10393, 10397, 10399, 10409, 10452, 10459, 10472, 10476, 10478, 10482, 10492, 10499, 10514, 10522, 10527, 10533, 10537, 10542, 10553, 10558, 10569, 10572, 10579, 10613, 10621, 10622, 10623, 10631, 10632, 10657, 10658, 10664, 10670, 10714, 10725, 10728, 10772, 10782, 10783, 10791, 10801, 10808, 10845, 10868, 10869, 10892, 10901, 10921, 10952, 10956, 10978, 10987, 10998, 11001, 11011, 11030, 11047, 11051, 11052, 11073, 11104, 11124, 11128, 11160, 11168, 11193, 11221, 11236, 11253, 11260, 11284, 11325, 11338, 11342, 11343, 22797, 22809, 22845, 22872, 22882, 22893, 22894, 22900, 22909, 22916, 22919, 22920, 22938, 22948, 23011, 23020, 23039, 23054, 23064, 23071, 23095, 23162, 23175, 23212, 23214, 23236, 23258, 23279, 23291, 23314, 23318, 23368, 23376, 23383, 23390, 23392, 23409, 23414, 23435, 23451, 23476, 23481, 23499, 23503, 23512, 23513, 23515, 23543, 23557, 23560, 23568, 23583, 23592, 23598, 23636, 23649, 23741, 23759, 24148, 25776, 25842, 25847, 25888, 25896, 25898, 25930, 25932, 25937, 25939, 25942, 25988, 25998, 25999, 26013, 26019, 26039, 26060, 26119, 26121, 26173, 26258, 26271, 26284, 26512, 26524, 26574, 26747, 26986, 27000, 27040, 27086, 27125, 27230, 27236, 27248, 27252, 27316, 27327, 27338, 27339, 27346, 27429, 28996, 29079, 29102, 29107, 29108, 29115, 29789, 29843, 29844, 29882, 29886, 29890, 29894, 29896, 29935, 29937, 29945, 29956, 29969, 29974, 30061, 30844, 30846, 50485, 50487, 50617, 51009, 51010, 51022, 51076, 51100, 51118, 51141, 51143, 51160, 51166, 51181, 51185, 51193, 51199, 51256, 51319, 51343, 51366, 51377, 51426, 51429, 51433, 51434, 51474, 51493, 51499, 51514, 51523, 51529, 51542, 51548, 51552, 51567, 51588, 51592, 51593, 51684, 51692, 51741, 51747, 51755, 51763, 53335, 53615, 53904, 53981, 54344, 54345, 54431, 54487, 54512, 54708, 54778, 54795, 54840, 54899, 54902, 54910, 54962, 54968, 54982, 54984, 55011, 55081, 55128, 55145, 55164, 55174, 55250, 55331, 55500, 55534, 55553, 55589, 55604, 55625, 55627, 55650, 55656, 55696, 55703, 55723, 55729, 55743, 55752, 55756, 55759, 55832, 55967, 55971, 56852, 56915, 56949, 57082, 57117, 57120, 57153, 57178, 57187, 57332, 57402, 57447, 57448, 57506, 57508, 57521, 57534, 57574, 57591, 57616, 57646, 57680, 57706, 57708, 57731, 57732, 57761, 57826, 58190, 58493, 58508, 58517, 58533, 59338, 60436, 63941, 64067, 64089, 64131, 64285, 64398, 64412, 64506, 64581, 64682, 64699, 64764, 64782, 64783, 64837, 64852, 64859, 64924, 65109, 65123, 65981, 79035, 79039, 79058, 79068, 79084, 79133, 79139, 79155, 79228, 79576, 79718, 79728, 79751, 79753, 79913, 80020, 80145, 80204, 80237, 80331, 80351, 80746, 80789, 80824, 80854, 80856, 81542, 81565, 83706, 83860, 84079, 84081, 84101, 84248, 84268, 84292, 84305, 84321, 84447, 84524, 84649, 84679, 84687, 84700, 84803, 84844, 84869, 84934, 84967, 90390, 91949, 92105, 92140, 92797, 93210, 93664, 112398, 112574, 112939, 113878, 114609, 114799, 115426, 116986, 121504, 121642, 128869, 129685, 140576, 144165, 147912, 148281, 150209, 150290, 150684, 151987, 154796, 157570, 160851, 162989, 163126, 166929, 192683, 195814, 200576, 201595, 203068, 221178, 222229, 246184, 252983, 253725, 255488, 259230, 283149, 283489, 285381, 340061, 353116, 374291, 375056, 377630, 554313, 653519]
col  68: GO:0006996   organelle organization                         66.41% fp=200 fn=1237
  FP: [19, 322, 357, 387, 391, 472, 617, 637, 676, 727, 752, 815, 947, 1072, 1130, 1191, 1200, 1742, 1759, 1832, 1901, 1965, 2040, 2060, 2069, 2139, 2149, 2241, 2245, 2252, 2255, 2302, 2537, 2623, 2810, 2931, 3071, 3087, 3092, 3146, 3276, 3308, 3551, 3717, 3815, 3850, 3857, 3925, 4504, 4534, 4624, 4629, 4633, 4763, 4831, 4846, 4860, 4913, 5071, 5154, 5156, 5159, 5190, 5192, 5290, 5341, 5352, 5478, 5552, 5578, 5579, 5580, 5585, 5592, 5604, 5629, 5754, 5798, 5896, 5898, 5978, 6093, 6272, 6347, 6348, 6356, 6369, 6500, 6507, 6581, 6648, 6901, 7070, 7124, 7148, 7324, 7786, 7942, 8200, 8301, 8411, 8678, 8837, 8907, 8976, 8994, 9002, 9031, 9066, 9218, 9319, 9401, 9469, 9828, 9844, 9855, 9958, 10105, 10435, 10449, 10494, 10600, 10765, 10776, 10899, 10935, 11076, 11107, 11132, 22871, 22918, 23049, 23192, 23287, 23299, 23370, 23673, 25923, 26065, 26259, 27148, 29072, 29899, 29995, 50488, 51176, 51291, 51510, 51715, 51750, 54880, 54904, 55023, 55170, 55294, 55352, 55669, 55670, 56603, 57154, 57216, 57403, 57662, 58480, 60673, 63924, 64324, 64422, 65055, 79017, 79156, 79631, 79738, 79831, 79918, 83547, 83752, 83852, 83939, 84067, 84168, 84340, 84938, 85440, 85464, 89781, 89846, 90678, 91653, 93974, 114803, 126374, 143098, 143187, 149041, 161882, 219988, 245711, 253260, 259173]
  FN: [20, 31, 37, 51, 58, 87, 102, 147, 148, 181, 189, 190, 196, 212, 229, 240, 241, 267, 283, 287, 288, 306, 309, 310, 311, 324, 330, 332, 338, 351, 367, 373, 388, 401, 403, 405, 406, 444, 467, 468, 488, 498, 506, 509, 513, 514, 515, 521, 522, 525, 539, 540, 545, 546, 566, 580, 595, 602, 641, 645, 648, 661, 665, 672, 687, 688, 699, 701, 775, 776, 801, 805, 808, 811, 814, 824, 841, 847, 860, 861, 864, 868, 889, 890, 898, 899, 902, 949, 950, 974, 989, 994, 996, 997, 999, 1019, 1021, 1022, 1026, 1029, 1030, 1032, 1045, 1051, 1054, 1062, 1063, 1111, 1147, 1149, 1192, 1196, 1198, 1203, 1291, 1373, 1385, 1432, 1457, 1476, 1482, 1499, 1523, 1540, 1600, 1601, 1603, 1609, 1616, 1647, 1649, 1650, 1655, 1660, 1666, 1672, 1676, 1717, 1730, 1738, 1755, 1756, 1760, 1785, 1788, 1789, 1798, 1803, 1812, 1813, 1816, 1845, 1857, 1876, 1889, 1936, 1950, 1956, 1958, 1978, 1984, 1994, 1997, 2000, 2004, 2010, 2011, 2022, 2028, 2043, 2047, 2059, 2064, 2068, 2074, 2081, 2110, 2118, 2119, 2122, 2131, 2132, 2145, 2166, 2177, 2185, 2186, 2237, 2246, 2263, 2264, 2280, 2281, 2288, 2296, 2305, 2309, 2332, 2334, 2353, 2355, 2395, 2475, 2494, 2516, 2539, 2547, 2590, 2624, 2625, 2626, 2629, 2646, 2683, 2692, 2735, 2767, 2771, 2776, 2780, 2782, 2803, 2822, 2885, 2908, 2909, 2926, 2934, 2956, 2958, 2965, 2966, 2967, 2969, 2998, 3008, 3014, 3030, 3039, 3040, 3091, 3110, 3156, 3164, 3170, 3178, 3182, 3185, 3187, 3190, 3192, 3217, 3219, 3226, 3227, 3237, 3280, 3295, 3297, 3299, 3306, 3309, 3312, 3313, 3329, 3394, 3396, 3397, 3398, 3399, 3428, 3431, 3516, 3600, 3611, 3621, 3638, 3659, 3662, 3665, 3669, 3670, 3703, 3708, 3709, 3710, 3720, 3725, 3726, 3728, 3753, 3801, 3838, 3843, 3890, 3932, 3936, 3958, 3984, 4035, 4036, 4048, 4085, 4086, 4087, 4088, 4089, 4090, 4092, 4093, 4116, 4133, 4154, 4163, 4171, 4173, 4175, 4176, 4189, 4193, 4204, 4208, 4209, 4217, 4221, 4257, 4281, 4282, 4292, 4296, 4300, 4303, 4331, 4487, 4520, 4607, 4625, 4634, 4635, 4646, 4650, 4651, 4670, 4678, 4686, 4688, 4691, 4700, 4710, 4720, 4722, 4724, 4725, 4728, 4729, 4734, 4756, 4760, 4772, 4773, 4775, 4778, 4780, 4781, 4790, 4791, 4796, 4853, 4854, 4857, 4863, 4864, 4891, 4904, 4905, 4909, 4926, 4929, 4968, 5000, 5002, 5018, 5025, 5045, 5062, 5064, 5076, 5077, 5080, 5094, 5130, 5167, 5289, 5291, 5307, 5311, 5335, 5393, 5394, 5395, 5396, 5422, 5423, 5424, 5426, 5428, 5429, 5449, 5451, 5460, 5467, 5468, 5469, 5496, 5498, 5499, 5500, 5501, 5518, 5524, 5525, 5527, 5530, 5536, 5566, 5577, 5594, 5595, 5598, 5663, 5664, 5682, 5693, 5704, 5724, 5744, 5747, 5768, 5777, 5784, 5810, 5829, 5868, 5870, 5874, 5878, 5883, 5884, 5912, 5914, 5915, 5916, 5925, 5928, 5930, 5931, 5932, 5935, 5936, 5971, 5979, 5983, 6010, 6049, 6050, 6102, 6189, 6193, 6194, 6196, 6198, 6207, 6208, 6210, 6231, 6256, 6261, 6262, 6288, 6294, 6299, 6300, 6310, 6319, 6331, 6334, 6342, 6389, 6392, 6403, 6418, 6426, 6431, 6432, 6478, 6493, 6495, 6497, 6502, 6513, 6517, 6521, 6547, 6548, 6591, 6594, 6596, 6613, 6625, 6631, 6642, 6646, 6657, 6659, 6662, 6663, 6667, 6670, 6711, 6717, 6729, 6742, 6772, 6774, 6776, 6778, 6786, 6792, 6827, 6829, 6840, 6872, 6873, 6874, 6877, 6878, 6879, 6882, 6883, 6886, 6890, 6907, 6917, 6925, 6928, 6929, 6935, 7003, 7004, 7020, 7030, 7045, 7072, 7080, 7094, 7098, 7111, 7132, 7137, 7139, 7143, 7157, 7161, 7171, 7184, 7186, 7188, 7189, 7227, 7266, 7267, 7270, 7284, 7298, 7301, 7329, 7341, 7342, 7343, 7345, 7358, 7389, 7391, 7392, 7399, 7402, 7412, 7414, 7416, 7421, 7428, 7429, 7431, 7444, 7465, 7466, 7490, 7514, 7518, 7520, 7528, 7536, 7545, 7703, 7704, 7716, 7818, 7849, 7874, 7884, 7919, 7923, 8021, 8036, 8086, 8092, 8106, 8202, 8204, 8233, 8260, 8294, 8315, 8359, 8360, 8361, 8362, 8363, 8364, 8365, 8366, 8367, 8368, 8370, 8396, 8398, 8408, 8435, 8445, 8467, 8517, 8518, 8525, 8539, 8555, 8563, 8569, 8575, 8621, 8625, 8626, 8649, 8658, 8661, 8662, 8677, 8683, 8725, 8726, 8773, 8813, 8818, 8842, 8851, 8867, 8881, 8897, 8914, 8915, 8928, 8930, 8942, 9027, 9043, 9049, 9063, 9092, 9093, 9100, 9131, 9133, 9156, 9162, 9181, 9184, 9191, 9219, 9221, 9230, 9261, 9282, 9314, 9324, 9368, 9372, 9378, 9381, 9412, 9421, 9440, 9445, 9464, 9480, 9500, 9516, 9517, 9527, 9545, 9551, 9557, 9559, 9564, 9572, 9575, 9577, 9585, 9612, 9616, 9619, 9620, 9641, 9683, 9695, 9702, 9706, 9727, 9732, 9775, 9785, 9794, 9804, 9807, 9821, 9869, 9898, 9903, 9907, 9939, 9967, 9968, 9969, 9984, 9994, 10025, 10036, 10038, 10054, 10055, 10058, 10062, 10087, 10096, 10116, 10131, 10135, 10155, 10165, 10170, 10181, 10189, 10197, 10202, 10206, 10252, 10270, 10272, 10273, 10291, 10296, 10297, 10299, 10300, 10320, 10325, 10346, 10367, 10370, 10381, 10393, 10397, 10399, 10409, 10452, 10459, 10472, 10476, 10478, 10482, 10492, 10499, 10514, 10522, 10527, 10533, 10537, 10542, 10553, 10558, 10569, 10572, 10579, 10613, 10621, 10622, 10623, 10631, 10632, 10657, 10658, 10664, 10670, 10714, 10725, 10728, 10755, 10772, 10782, 10783, 10791, 10801, 10808, 10845, 10868, 10869, 10892, 10901, 10921, 10952, 10956, 10978, 10987, 10998, 11001, 11011, 11030, 11047, 11051, 11052, 11073, 11104, 11124, 11128, 11160, 11168, 11193, 11221, 11236, 11253, 11260, 11284, 11325, 11338, 11342, 11343, 11344, 22797, 22809, 22845, 22872, 22882, 22893, 22894, 22900, 22909, 22916, 22919, 22920, 22938, 22948, 23011, 23020, 23039, 23054, 23064, 23071, 23095, 23162, 23175, 23212, 23214, 23236, 23258, 23279, 23291, 23314, 23318, 23368, 23376, 23383, 23390, 23392, 23409, 23414, 23435, 23451, 23476, 23481, 23499, 23503, 23512, 23513, 23515, 23543, 23557, 23560, 23568, 23583, 23592, 23598, 23636, 23649, 23741, 23759, 24148, 25776, 25842, 25847, 25861, 25888, 25896, 25898, 25930, 25932, 25937, 25939, 25942, 25988, 25998, 25999, 26013, 26019, 26039, 26060, 26119, 26121, 26173, 26256, 26258, 26271, 26284, 26512, 26524, 26574, 26747, 26986, 27000, 27040, 27086, 27125, 27230, 27236, 27248, 27252, 27316, 27327, 27338, 27339, 27346, 27429, 28996, 29079, 29102, 29107, 29108, 29115, 29789, 29843, 29844, 29882, 29886, 29890, 29894, 29896, 29935, 29937, 29945, 29956, 29969, 29974, 30061, 30844, 30846, 50485, 50487, 50617, 51009, 51010, 51022, 51076, 51100, 51118, 51141, 51143, 51160, 51166, 51181, 51185, 51193, 51199, 51256, 51319, 51343, 51366, 51377, 51426, 51429, 51433, 51434, 51474, 51493, 51499, 51514, 51523, 51529, 51542, 51548, 51552, 51567, 51588, 51592, 51593, 51684, 51692, 51741, 51747, 51755, 51763, 53335, 53340, 53615, 53904, 53981, 54344, 54345, 54431, 54487, 54512, 54708, 54778, 54795, 54840, 54899, 54902, 54910, 54962, 54968, 54982, 54984, 55011, 55081, 55128, 55145, 55164, 55174, 55250, 55331, 55500, 55534, 55553, 55589, 55604, 55625, 55627, 55650, 55656, 55696, 55703, 55723, 55729, 55743, 55752, 55756, 55759, 55832, 55967, 55971, 56852, 56915, 56949, 57082, 57117, 57120, 57153, 57178, 57187, 57332, 57402, 57447, 57448, 57506, 57508, 57521, 57534, 57574, 57591, 57616, 57646, 57680, 57706, 57708, 57731, 57732, 57761, 57826, 58190, 58493, 58508, 58517, 58533, 59338, 60436, 63941, 64067, 64072, 64089, 64131, 64285, 64398, 64412, 64506, 64581, 64682, 64699, 64764, 64782, 64783, 64837, 64852, 64859, 64924, 65109, 65123, 65981, 79035, 79039, 79058, 79068, 79084, 79133, 79139, 79155, 79228, 79576, 79718, 79728, 79751, 79753, 79913, 80020, 80145, 80204, 80237, 80331, 80351, 80746, 80789, 80824, 80854, 80856, 81542, 81565, 83706, 83860, 84079, 84081, 84101, 84248, 84268, 84292, 84305, 84321, 84447, 84524, 84649, 84679, 84687, 84700, 84803, 84844, 84869, 84934, 84967, 90390, 91949, 92105, 92140, 92797, 93210, 93664, 112398, 112574, 112939, 113878, 114609, 114799, 115426, 116986, 121504, 121642, 128869, 129685, 140576, 144165, 147912, 148281, 150209, 150290, 150684, 151987, 154796, 157570, 160851, 162989, 163126, 166929, 192683, 195814, 200576, 201595, 203068, 221178, 222229, 246184, 252983, 253725, 255488, 259230, 283149, 283489, 285381, 340061, 353116, 374291, 375056, 377630, 554313, 653519]
col  26: GO:0008150   biological_process                             64.94% fp=1310 fn=190
  FP: [27, 41, 90, 92, 93, 94, 113, 127, 131, 133, 135, 150, 151, 152, 154, 155, 156, 158, 177, 182, 185, 186, 240, 267, 285, 287, 333, 361, 369, 374, 399, 401, 480, 513, 514, 551, 554, 579, 597, 632, 638, 639, 640, 649, 650, 652, 655, 657, 658, 659, 661, 719, 722, 728, 776, 778, 783, 784, 785, 796, 799, 816, 818, 834, 835, 842, 846, 860, 887, 889, 896, 902, 912, 915, 916, 920, 940, 941, 959, 978, 993, 997, 1001, 1015, 1043, 1044, 1045, 1046, 1119, 1120, 1129, 1135, 1138, 1139, 1140, 1143, 1183, 1195, 1215, 1230, 1232, 1233, 1236, 1261, 1268, 1270, 1277, 1282, 1286, 1290, 1301, 1305, 1307, 1308, 1390, 1392, 1437, 1501, 1535, 1536, 1586, 1602, 1611, 1630, 1634, 1641, 1643, 1646, 1734, 1740, 1756, 1760, 1806, 1814, 1815, 1825, 1826, 1839, 1840, 1848, 1849, 1857, 1874, 1880, 1901, 1903, 1906, 1907, 1909, 1910, 1917, 1948, 1949, 1952, 1960, 1967, 1969, 1978, 1979, 1981, 1982, 1999, 2011, 2022, 2034, 2043, 2045, 2048, 2049, 2056, 2065, 2067, 2069, 2071, 2107, 2110, 2115, 2139, 2155, 2159, 2166, 2207, 2246, 2247, 2249, 2250, 2252, 2253, 2260, 2277, 2281, 2294, 2305, 2321, 2322, 2324, 2326, 2334, 2487, 2535, 2538, 2542, 2547, 2562, 2589, 2596, 2619, 2624, 2645, 2646, 2648, 2668, 2688, 2690, 2693, 2702, 2729, 2730, 2736, 2740, 2742, 2768, 2769, 2864, 2874, 2887, 2891, 2895, 2898, 2899, 2903, 2904, 2909, 2917, 2918, 2920, 2921, 2922, 2931, 2935, 2941, 2948, 2958, 2965, 2966, 2967, 2978, 2997, 3001, 3070, 3082, 3084, 3099, 3111, 3113, 3119, 3141, 3163, 3171, 3175, 3185, 3187, 3207, 3213, 3214, 3218, 3227, 3235, 3237, 3294, 3297, 3351, 3354, 3356, 3357, 3358, 3371, 3434, 3440, 3458, 3476, 3488, 3491, 3551, 3552, 3553, 3554, 3558, 3559, 3560, 3562, 3565, 3569, 3570, 3576, 3586, 3589, 3592, 3593, 3595, 3600, 3605, 3611, 3623, 3624, 3625, 3627, 3633, 3651, 3655, 3656, 3659, 3662, 3670, 3678, 3681, 3687, 3702, 3703, 3707, 3709, 3714, 3718, 3775, 3800, 3815, 3831, 3838, 3845, 3897, 3937, 3983, 3984, 3987, 3990, 3992, 4005, 4009, 4041, 4055, 4058, 4066, 4068, 4131, 4142, 4153, 4155, 4157, 4158, 4159, 4160, 4161, 4176, 4192, 4199, 4211, 4214, 4215, 4216, 4217, 4233, 4254, 4281, 4283, 4286, 4292, 4293, 4294, 4313, 4314, 4321, 4331, 4354, 4361, 4436, 4437, 4481, 4486, 4520, 4544, 4583, 4597, 4602, 4607, 4625, 4634, 4635, 4650, 4665, 4681, 4693, 4700, 4747, 4796, 4803, 4804, 4850, 4855, 4878, 4879, 4880, 4882, 4886, 4887, 4889, 4897, 4909, 4915, 4916, 4920, 4923, 4953, 4985, 4988, 5002, 5008, 5027, 5046, 5062, 5073, 5077, 5130, 5139, 5154, 5155, 5158, 5167, 5168, 5170, 5196, 5204, 5228, 5241, 5290, 5292, 5293, 5318, 5319, 5335, 5341, 5360, 5362, 5364, 5376, 5429, 5454, 5456, 5467, 5470, 5496, 5498, 5520, 5525, 5530, 5532, 5537, 5573, 5582, 5588, 5591, 5592, 5601, 5603, 5606, 5607, 5610, 5617, 5618, 5631, 5648, 5649, 5733, 5741, 5754, 5774, 5782, 5787, 5796, 5797, 5801, 5803, 5818, 5829, 5871, 5886, 5887, 5894, 5909, 5913, 5921, 5923, 5930, 5972, 5983, 5991, 6011, 6091, 6199, 6242, 6273, 6300, 6303, 6326, 6334, 6347, 6348, 6352, 6356, 6363, 6366, 6369, 6376, 6392, 6403, 6404, 6405, 6416, 6423, 6431, 6441, 6464, 6469, 6506, 6507, 6532, 6547, 6568, 6569, 6574, 6581, 6585, 6599, 6601, 6602, 6631, 6636, 6640, 6651, 6660, 6665, 6667, 6688, 6698, 6760, 6776, 6778, 6788, 6804, 6817, 6818, 6857, 6863, 6871, 6872, 6873, 6874, 6880, 6883, 6890, 6898, 6904, 6905, 7003, 7004, 7005, 7010, 7011, 7027, 7041, 7042, 7043, 7046, 7048, 7050, 7082, 7083, 7098, 7099, 7100, 7132, 7133, 7137, 7139, 7164, 7168, 7169, 7186, 7187, 7205, 7220, 7225, 7275, 7292, 7293, 7319, 7321, 7325, 7327, 7328, 7337, 7363, 7374, 7389, 7399, 7409, 7410, 7424, 7428, 7439, 7442, 7472, 7473, 7474, 7476, 7477, 7480, 7482, 7535, 7536, 7709, 7786, 7804, 7855, 7857, 7903, 7923, 7941, 7957, 7976, 8013, 8022, 8074, 8078, 8085, 8089, 8200, 8233, 8239, 8289, 8315, 8321, 8323, 8324, 8325, 8398, 8399, 8434, 8448, 8454, 8456, 8462, 8463, 8482, 8493, 8501, 8503, 8527, 8534, 8542, 8546, 8548, 8557, 8564, 8567, 8569, 8575, 8578, 8600, 8605, 8646, 8651, 8654, 8660, 8663, 8664, 8665, 8666, 8682, 8694, 8697, 8708, 8711, 8717, 8727, 8740, 8772, 8788, 8792, 8795, 8818, 8828, 8834, 8835, 8837, 8856, 8867, 8877, 8883, 8890, 8891, 8892, 8897, 8912, 8943, 8945, 8989, 9002, 9020, 9021, 9031, 9049, 9076, 9099, 9113, 9126, 9127, 9140, 9145, 9149, 9175, 9201, 9211, 9213, 9219, 9220, 9244, 9253, 9255, 9290, 9311, 9314, 9319, 9369, 9372, 9379, 9381, 9401, 9412, 9423, 9447, 9448, 9464, 9469, 9479, 9495, 9517, 9531, 9536, 9546, 9616, 9620, 9627, 9646, 9655, 9666, 9669, 9670, 9690, 9706, 9719, 9732, 9736, 9767, 9775, 9785, 9811, 9821, 9826, 9828, 9844, 9846, 9855, 9898, 9935, 9939, 9962, 9965, 9966, 9971, 9978, 9990, 10010, 10018, 10025, 10051, 10054, 10060, 10076, 10083, 10105, 10106, 10111, 10150, 10152, 10156, 10170, 10174, 10193, 10196, 10206, 10242, 10270, 10277, 10291, 10299, 10309, 10332, 10344, 10365, 10369, 10371, 10392, 10393, 10401, 10444, 10461, 10468, 10474, 10475, 10477, 10492, 10499, 10507, 10533, 10553, 10558, 10563, 10572, 10603, 10616, 10621, 10622, 10626, 10628, 10631, 10645, 10658, 10683, 10721, 10758, 10772, 10776, 10817, 10818, 10869, 10899, 10922, 10928, 10933, 10943, 10955, 10956, 10991, 11035, 11040, 11047, 11082, 11128, 11149, 11168, 11171, 11184, 11193, 11251, 11260, 11342, 11343, 22801, 22845, 22854, 22856, 22893, 22894, 22899, 22918, 22937, 22943, 22955, 23024, 23025, 23081, 23085, 23118, 23129, 23139, 23154, 23162, 23166, 23184, 23189, 23192, 23205, 23230, 23235, 23258, 23279, 23303, 23304, 23310, 23326, 23397, 23405, 23414, 23429, 23515, 23522, 23532, 23592, 23601, 23604, 23640, 23643, 23741, 23765, 23779, 25777, 25788, 25800, 25803, 25805, 25806, 25820, 25847, 25861, 25888, 25945, 25960, 25998, 25999, 26000, 26001, 26058, 26100, 26130, 26133, 26173, 26234, 26270, 26272, 26523, 26585, 26610, 26973, 27005, 27040, 27097, 27102, 27113, 27122, 27123, 27130, 27141, 27154, 27159, 27173, 27201, 27232, 27236, 27242, 27248, 27284, 27289, 27306, 27329, 27338, 27343, 27352, 28514, 29072, 29102, 29104, 29110, 29116, 29119, 29775, 29881, 29882, 29890, 29894, 29899, 29929, 29959, 29974, 29995, 30009, 30815, 30818, 30819, 30837, 30845, 50489, 50512, 50515, 50649, 50852, 50964, 51067, 51094, 51135, 51141, 51162, 51196, 51247, 51289, 51291, 51302, 51311, 51322, 51330, 51340, 51343, 51347, 51378, 51379, 51384, 51386, 51393, 51422, 51451, 51454, 51455, 51466, 51523, 51529, 51561, 51593, 51619, 51667, 51692, 51738, 53335, 53615, 53840, 53904, 53905, 53981, 54107, 54206, 54361, 54434, 54541, 54567, 54583, 54623, 54822, 54899, 54904, 54926, 54929, 55031, 55072, 55081, 55109, 55117, 55154, 55164, 55174, 55236, 55284, 55288, 55294, 55331, 55364, 55366, 55432, 55454, 55500, 55501, 55568, 55576, 55612, 55624, 55650, 55656, 55681, 55689, 55690, 55703, 55723, 55742, 55746, 55756, 55790, 55795, 55796, 55816, 55958, 55967, 56172, 56243, 56253, 56262, 56301, 56302, 56548, 56603, 56655, 56674, 56853, 56913, 56923, 56940, 56943, 56949, 56970, 57010, 57060, 57099, 57107, 57117, 57187, 57216, 57325, 57396, 57496, 57502, 57508, 57555, 57630, 57634, 57662, 57689, 57704, 57708, 57732, 58155, 58191, 58480, 58484, 58488, 58517, 58533, 59307, 60436, 60482, 60673, 63826, 63916, 63924, 63941, 64067, 64072, 64170, 64240, 64241, 64282, 64285, 64324, 64377, 64399, 64403, 64422, 64428, 64682, 64750, 64798, 64805, 64854, 65266, 65267, 79053, 79077, 79133, 79176, 79400, 79576, 79582, 79595, 79631, 79654, 79728, 79738, 79753, 79791, 79849, 79866, 79872, 80005, 80020, 80243, 80267, 80312, 80335, 80339, 80762, 80824, 80829, 80833, 81570, 81576, 81844, 81847, 81929, 83605, 83939, 84067, 84132, 84159, 84174, 84248, 84282, 84292, 84305, 84321, 84329, 84335, 84336, 84340, 84464, 84466, 84632, 84676, 84679, 84687, 84844, 84869, 84870, 84919, 84938, 85329, 85413, 85440, 85453, 85458, 85464, 85476, 89122, 89780, 90226, 90293, 90678, 91653, 91662, 92105, 92906, 92912, 93210, 93986, 94233, 112869, 114088, 114799, 115727, 116444, 116519, 117143, 117157, 117283, 123879, 124641, 125111, 126119, 128869, 130399, 130507, 131177, 131890, 133396, 134549, 142678, 142679, 142680, 143098, 145226, 147372, 147495, 148022, 148281, 149233, 161882, 163126, 164656, 165140, 166012, 167153, 168667, 192669, 192670, 192683, 195814, 197131, 197358, 200576, 200958, 219333, 221178, 225689, 246184, 246778, 253260, 253980, 255488, 259173, 259197, 259230, 283989, 284110, 284217, 285440, 340061, 348980, 353174, 353376, 374291, 400961, 497661, 541468, 641371, 653519, 100137049]
  FN: [16, 54, 123, 216, 334, 394, 549, 613, 633, 712, 729, 871, 930, 966, 974, 1272, 1312, 1509, 1522, 1600, 1728, 1730, 1755, 1796, 1876, 2020, 2153, 2171, 2199, 2212, 2317, 2734, 2760, 2819, 2890, 2896, 2926, 3008, 3030, 3050, 3074, 3075, 3110, 3212, 3221, 3257, 3267, 3339, 3431, 3603, 3727, 3840, 3890, 3908, 3913, 4036, 4118, 4124, 4168, 4175, 4240, 4247, 4316, 4363, 4688, 4778, 4811, 4854, 4857, 4926, 5033, 5087, 5089, 5110, 5147, 5265, 5268, 5307, 5333, 5396, 5452, 5516, 5652, 5660, 5682, 5692, 5702, 5704, 5720, 5721, 5786, 5802, 5900, 5954, 6002, 6289, 6456, 6596, 6623, 6663, 6708, 6710, 6917, 7077, 7091, 7111, 7143, 7270, 7296, 7358, 7419, 7431, 7465, 7468, 7525, 7716, 7818, 8291, 8525, 8611, 8726, 8825, 8858, 8985, 9133, 9191, 9221, 9588, 9635, 9771, 9837, 10038, 10269, 10326, 10487, 10579, 10598, 10672, 10791, 10808, 10905, 10939, 11104, 11117, 11120, 11326, 22795, 22862, 23308, 23309, 23312, 23406, 26227, 26256, 28962, 50509, 51168, 51199, 51231, 51312, 53340, 53347, 54205, 55075, 55183, 55326, 55342, 55521, 55558, 55750, 55847, 57045, 57178, 57534, 57669, 58508, 79058, 79084, 80310, 80331, 80755, 80781, 81539, 84634, 93664, 121457, 140576, 140885, 147912, 151742]
col  81: GO:0019222   regulation of metabolic process                64.54% fp=618 fn=899
  FP: [37, 58, 86, 89, 92, 93, 113, 133, 135, 153, 166, 177, 182, 185, 186, 284, 317, 330, 331, 332, 333, 356, 358, 369, 374, 391, 444, 491, 551, 554, 578, 602, 655, 659, 710, 728, 754, 796, 814, 841, 857, 860, 863, 891, 896, 902, 915, 916, 939, 941, 943, 952, 958, 959, 1001, 1019, 1022, 1026, 1027, 1028, 1030, 1031, 1032, 1111, 1136, 1195, 1196, 1201, 1230, 1233, 1236, 1390, 1437, 1457, 1464, 1471, 1490, 1535, 1602, 1609, 1611, 1647, 1676, 1718, 1789, 1826, 1848, 1849, 1855, 1856, 1889, 1893, 1910, 1917, 1942, 1952, 1999, 2045, 2047, 2056, 2068, 2140, 2147, 2161, 2185, 2208, 2243, 2244, 2249, 2252, 2266, 2274, 2305, 2321, 2324, 2535, 2537, 2619, 2648, 2658, 2670, 2692, 2693, 2768, 2776, 2822, 2874, 2876, 2914, 2918, 2931, 2958, 2965, 3055, 3059, 3070, 3082, 3093, 3099, 3175, 3207, 3214, 3351, 3397, 3398, 3399, 3400, 3440, 3458, 3476, 3486, 3488, 3491, 3562, 3565, 3570, 3572, 3576, 3586, 3592, 3593, 3605, 3606, 3611, 3625, 3638, 3651, 3654, 3656, 3678, 3718, 3791, 3827, 3937, 3949, 3975, 4040, 4055, 4067, 4085, 4090, 4093, 4157, 4158, 4159, 4160, 4161, 4176, 4194, 4216, 4233, 4254, 4296, 4314, 4318, 4331, 4358, 4437, 4486, 4613, 4616, 4665, 4683, 4693, 4724, 4751, 4771, 4773, 4803, 4831, 4863, 4880, 4916, 4985, 5054, 5058, 5064, 5119, 5170, 5204, 5223, 5272, 5291, 5293, 5309, 5310, 5327, 5371, 5449, 5494, 5499, 5500, 5515, 5525, 5531, 5582, 5587, 5588, 5590, 5594, 5595, 5598, 5599, 5606, 5607, 5618, 5663, 5696, 5716, 5728, 5768, 5771, 5774, 5777, 5788, 5795, 5796, 5828, 5884, 5894, 5972, 5983, 5997, 6015, 6049, 6093, 6182, 6198, 6199, 6272, 6280, 6418, 6478, 6599, 6601, 6604, 6615, 6640, 6665, 6672, 6693, 6737, 6760, 6827, 6850, 6882, 6928, 7010, 7041, 7089, 7132, 7133, 7187, 7188, 7227, 7248, 7293, 7321, 7327, 7335, 7337, 7375, 7398, 7410, 7428, 7545, 7703, 7709, 7804, 7832, 7855, 7862, 7957, 8022, 8074, 8099, 8200, 8239, 8313, 8321, 8324, 8396, 8399, 8408, 8434, 8440, 8482, 8518, 8554, 8555, 8563, 8567, 8613, 8626, 8646, 8651, 8660, 8678, 8741, 8743, 8772, 8792, 8829, 8837, 8891, 8897, 8914, 8994, 9021, 9027, 9093, 9099, 9131, 9146, 9149, 9212, 9261, 9282, 9290, 9341, 9344, 9412, 9445, 9451, 9479, 9495, 9500, 9517, 9604, 9612, 9618, 9646, 9655, 9683, 9706, 9794, 9811, 9839, 9965, 9966, 9984, 10010, 10105, 10114, 10135, 10193, 10196, 10203, 10206, 10241, 10252, 10253, 10272, 10332, 10346, 10347, 10365, 10385, 10395, 10401, 10411, 10439, 10444, 10468, 10474, 10475, 10499, 10522, 10524, 10542, 10558, 10735, 10892, 10912, 10922, 10935, 10972, 10978, 10987, 11040, 11059, 11128, 11149, 11160, 11218, 11221, 11236, 11284, 11331, 22863, 22906, 22930, 22937, 22948, 22955, 22976, 23043, 23081, 23144, 23213, 23291, 23326, 23376, 23409, 23411, 23414, 23433, 23568, 23592, 23640, 23654, 23779, 23787, 25803, 25805, 25825, 25836, 25865, 25937, 26039, 26271, 26610, 26999, 27005, 27035, 27122, 27141, 27338, 27429, 28514, 29072, 29109, 29110, 29775, 29843, 30837, 50852, 51009, 51024, 51079, 51085, 51099, 51132, 51141, 51196, 51247, 51256, 51343, 51347, 51366, 51379, 51384, 51451, 51499, 51561, 51588, 51592, 51667, 51741, 51755, 51763, 53840, 54206, 54361, 54496, 54541, 54567, 54602, 54806, 54910, 54929, 55004, 55031, 55081, 55140, 55164, 55364, 55366, 55437, 55534, 55600, 55655, 55681, 55689, 55729, 55795, 55837, 55904, 56034, 56246, 56897, 56940, 56943, 56957, 56970, 56998, 57082, 57104, 57154, 57379, 57396, 57506, 57551, 57630, 57708, 58190, 58487, 58526, 59272, 59307, 60436, 63941, 64067, 64170, 64285, 64400, 64428, 64651, 64798, 65981, 79176, 79594, 79595, 79661, 79813, 79918, 80314, 80351, 80381, 80762, 80829, 81559, 81573, 83547, 83737, 83752, 83852, 83860, 84101, 84231, 84335, 84433, 84441, 84444, 84464, 84632, 84919, 85363, 85453, 90678, 91662, 92797, 94241, 112939, 114799, 116986, 123169, 126374, 129685, 130497, 133396, 133746, 144165, 149233, 157570, 161882, 164656, 165140, 168667, 171392, 197358, 200576, 219771, 225689, 261726, 285464, 377630, 387893]
  FN: [14, 23, 34, 43, 48, 50, 51, 54, 87, 88, 100, 102, 111, 118, 119, 127, 128, 131, 156, 181, 189, 199, 210, 212, 220, 226, 229, 240, 241, 267, 273, 286, 301, 309, 311, 338, 350, 357, 373, 392, 399, 402, 403, 476, 477, 488, 498, 506, 509, 539, 540, 549, 558, 635, 636, 662, 667, 695, 752, 773, 776, 780, 783, 793, 817, 835, 842, 847, 871, 887, 889, 912, 929, 983, 989, 998, 1041, 1071, 1072, 1080, 1081, 1104, 1119, 1140, 1192, 1200, 1203, 1261, 1278, 1282, 1289, 1291, 1305, 1307, 1311, 1373, 1380, 1399, 1409, 1429, 1491, 1495, 1500, 1511, 1523, 1524, 1536, 1544, 1583, 1585, 1586, 1622, 1627, 1641, 1645, 1646, 1653, 1663, 1666, 1672, 1717, 1728, 1729, 1755, 1759, 1760, 1778, 1785, 1788, 1794, 1806, 1810, 1832, 1839, 1840, 1936, 1937, 1949, 1968, 2010, 2011, 2043, 2054, 2059, 2060, 2073, 2107, 2110, 2125, 2131, 2139, 2158, 2159, 2237, 2245, 2250, 2257, 2258, 2288, 2317, 2487, 2488, 2538, 2584, 2589, 2590, 2591, 2669, 2683, 2739, 2742, 2746, 2747, 2782, 2806, 2878, 2887, 2890, 2895, 2896, 2903, 2904, 2921, 2922, 2926, 2935, 2946, 2947, 2948, 2962, 3008, 3043, 3073, 3074, 3075, 3108, 3111, 3113, 3119, 3141, 3142, 3156, 3211, 3216, 3248, 3295, 3300, 3306, 3309, 3313, 3337, 3354, 3359, 3371, 3396, 3417, 3434, 3485, 3508, 3557, 3560, 3612, 3621, 3646, 3669, 3676, 3683, 3708, 3710, 3714, 3716, 3727, 3778, 3784, 3832, 3837, 3838, 3843, 3875, 3911, 3925, 3936, 3956, 3958, 3981, 3990, 3996, 4023, 4035, 4038, 4048, 4059, 4142, 4153, 4189, 4192, 4218, 4291, 4353, 4481, 4534, 4597, 4607, 4628, 4633, 4634, 4635, 4643, 4644, 4647, 4650, 4651, 4670, 4678, 4747, 4778, 4796, 4811, 4830, 4850, 4854, 4857, 4860, 4864, 4878, 4879, 4891, 4897, 4913, 4983, 5000, 5025, 5046, 5048, 5052, 5073, 5074, 5087, 5094, 5108, 5110, 5125, 5189, 5190, 5191, 5193, 5211, 5213, 5228, 5264, 5318, 5339, 5364, 5393, 5394, 5395, 5422, 5423, 5424, 5426, 5428, 5442, 5444, 5452, 5478, 5536, 5551, 5631, 5646, 5648, 5724, 5730, 5764, 5797, 5800, 5813, 5818, 5824, 5830, 5836, 5862, 5865, 5867, 5868, 5869, 5870, 5874, 5878, 5898, 5908, 5913, 5929, 5932, 5950, 6009, 6092, 6103, 6117, 6120, 6189, 6194, 6210, 6242, 6249, 6261, 6262, 6275, 6283, 6284, 6285, 6286, 6294, 6300, 6319, 6331, 6342, 6356, 6369, 6376, 6387, 6392, 6403, 6426, 6453, 6470, 6477, 6498, 6500, 6513, 6515, 6532, 6596, 6616, 6624, 6631, 6636, 6642, 6683, 6698, 6710, 6711, 6717, 6729, 6742, 6786, 6792, 6801, 6809, 6812, 6840, 6853, 6855, 6857, 6877, 6878, 6881, 6890, 6904, 6932, 7011, 7018, 7053, 7059, 7082, 7083, 7094, 7111, 7126, 7137, 7139, 7145, 7148, 7155, 7163, 7169, 7178, 7205, 7220, 7225, 7275, 7284, 7287, 7374, 7399, 7402, 7408, 7412, 7414, 7429, 7431, 7442, 7443, 7450, 7462, 7473, 7486, 7508, 7532, 7536, 7786, 7818, 7837, 7852, 7857, 7884, 7941, 8036, 8106, 8233, 8291, 8294, 8314, 8359, 8360, 8361, 8362, 8363, 8364, 8365, 8366, 8367, 8368, 8370, 8394, 8411, 8416, 8435, 8467, 8476, 8504, 8527, 8539, 8542, 8557, 8569, 8575, 8578, 8604, 8650, 8661, 8663, 8664, 8666, 8667, 8668, 8675, 8711, 8751, 8766, 8800, 8805, 8842, 8846, 8892, 8894, 8924, 8942, 8993, 9053, 9066, 9070, 9076, 9092, 9101, 9133, 9156, 9191, 9213, 9218, 9221, 9230, 9255, 9262, 9361, 9367, 9372, 9378, 9379, 9381, 9401, 9429, 9444, 9525, 9527, 9531, 9536, 9540, 9557, 9585, 9588, 9616, 9641, 9657, 9666, 9696, 9727, 9732, 9765, 9785, 9788, 9793, 9804, 9806, 9846, 9867, 9874, 9898, 9910, 9918, 9935, 9943, 9950, 9978, 10006, 10055, 10058, 10068, 10075, 10083, 10087, 10152, 10163, 10165, 10212, 10277, 10291, 10296, 10297, 10325, 10367, 10371, 10379, 10397, 10413, 10449, 10458, 10482, 10537, 10540, 10563, 10564, 10569, 10577, 10579, 10598, 10603, 10631, 10645, 10652, 10659, 10728, 10747, 10763, 10783, 10787, 10801, 10845, 10848, 10938, 10943, 10952, 10993, 11004, 11034, 11047, 11051, 11052, 11069, 11076, 11091, 11104, 11127, 11132, 11135, 11151, 11168, 11260, 11285, 11325, 11328, 11344, 22801, 22836, 22862, 22871, 22909, 22918, 22919, 22985, 23011, 23020, 23025, 23049, 23075, 23085, 23089, 23122, 23161, 23166, 23189, 23191, 23212, 23235, 23263, 23287, 23299, 23303, 23305, 23310, 23312, 23318, 23332, 23345, 23348, 23406, 23428, 23451, 23475, 23481, 23498, 23499, 23503, 23512, 23557, 23580, 23604, 23612, 23705, 23774, 25777, 25820, 25842, 25923, 25939, 25945, 26019, 26061, 26065, 26100, 26121, 26130, 26133, 26234, 26256, 26258, 26270, 26284, 26509, 27033, 27232, 27236, 27252, 27257, 27306, 27350, 27352, 28988, 29102, 29116, 29119, 29127, 29789, 29844, 29886, 29894, 29896, 29959, 29974, 30061, 30844, 50489, 50944, 51065, 51067, 51076, 51118, 51119, 51163, 51166, 51231, 51272, 51283, 51340, 51386, 51466, 51474, 51493, 51510, 51529, 51552, 51564, 51567, 51692, 51735, 51747, 53615, 53834, 53904, 54363, 54413, 54464, 54471, 54487, 54512, 54556, 54577, 54600, 54764, 54820, 54840, 54862, 54892, 54974, 55149, 55201, 55327, 55342, 55352, 55361, 55471, 55503, 55559, 55604, 55654, 55670, 55705, 55742, 55743, 55835, 55971, 55998, 56603, 56652, 56852, 56898, 56923, 57026, 57107, 57142, 57402, 57403, 57502, 57555, 57617, 57620, 57706, 57787, 58191, 58488, 58508, 59338, 59341, 63826, 64083, 64089, 64121, 64137, 64282, 64333, 64397, 64399, 64403, 64581, 64783, 64837, 64852, 64859, 65055, 65266, 79039, 79068, 79077, 79084, 79631, 79728, 79736, 79753, 80020, 81035, 81627, 81844, 81847, 81858, 81930, 83706, 84059, 84079, 84100, 84168, 84248, 84376, 84446, 84649, 84676, 84867, 84869, 84883, 84934, 84958, 84967, 85329, 85458, 85464, 85476, 85477, 89846, 91404, 92609, 94233, 112574, 112869, 115426, 116444, 116985, 121504, 121642, 124590, 130557, 134549, 140576, 143098, 143187, 147495, 148281, 151636, 151648, 154796, 197131, 201294, 203068, 219988, 222229, 253725, 253980, 285590, 348980, 553115, 554313, 100287171]
col 100: GO:0019219   regulation of nucleobase-containing compound metabolic process  61.99% fp=419 fn=1207
  FP: [89, 90, 91, 92, 93, 94, 113, 133, 135, 150, 154, 155, 177, 182, 183, 333, 374, 391, 401, 491, 639, 650, 652, 653, 655, 657, 658, 659, 796, 799, 814, 860, 902, 915, 952, 958, 959, 975, 978, 999, 1012, 1044, 1045, 1046, 1195, 1233, 1277, 1390, 1428, 1437, 1540, 1602, 1611, 1634, 1812, 1813, 1814, 1815, 1816, 1857, 1874, 1906, 1910, 1942, 1950, 1952, 1999, 2022, 2034, 2056, 2067, 2069, 2071, 2115, 2118, 2200, 2202, 2246, 2247, 2294, 2305, 2334, 2535, 2547, 2621, 2624, 2658, 2668, 2729, 2736, 2874, 2909, 2917, 2918, 2931, 2958, 2965, 2978, 3001, 3070, 3082, 3084, 3171, 3175, 3185, 3187, 3190, 3207, 3214, 3227, 3235, 3297, 3303, 3304, 3351, 3399, 3440, 3458, 3476, 3491, 3551, 3553, 3562, 3565, 3569, 3576, 3586, 3589, 3605, 3611, 3624, 3627, 3651, 3655, 3656, 3659, 3662, 3670, 3675, 3815, 3987, 4005, 4009, 4040, 4041, 4066, 4157, 4158, 4159, 4160, 4161, 4199, 4216, 4233, 4254, 4283, 4286, 4294, 4331, 4361, 4436, 4437, 4520, 4602, 4659, 4665, 4681, 4693, 4751, 4880, 4921, 4985, 4988, 5008, 5027, 5077, 5154, 5155, 5196, 5204, 5223, 5241, 5292, 5319, 5467, 5530, 5532, 5582, 5588, 5590, 5591, 5595, 5606, 5607, 5610, 5649, 5725, 5741, 5796, 5884, 5930, 5983, 5991, 6208, 6231, 6348, 6352, 6422, 6423, 6431, 6432, 6464, 6469, 6599, 6601, 6602, 6651, 6665, 6667, 6688, 6760, 6788, 6872, 6873, 6874, 6880, 6883, 7003, 7041, 7043, 7046, 7049, 7050, 7072, 7098, 7099, 7132, 7186, 7187, 7188, 7292, 7293, 7335, 7428, 7472, 7474, 7476, 7533, 7804, 7832, 7855, 8013, 8022, 8085, 8200, 8239, 8289, 8321, 8322, 8323, 8324, 8399, 8462, 8518, 8600, 8646, 8683, 8741, 8767, 8772, 8792, 8837, 8856, 8877, 8945, 9031, 9099, 9126, 9149, 9175, 9181, 9314, 9412, 9447, 9464, 9480, 9495, 9646, 9826, 9939, 9971, 10025, 10105, 10111, 10135, 10150, 10206, 10365, 10392, 10468, 10472, 10474, 10475, 10507, 10616, 10626, 10658, 10721, 10772, 10922, 11035, 11040, 11059, 11176, 22893, 22937, 22943, 22948, 22955, 23081, 23236, 23304, 23326, 23405, 23414, 23433, 23522, 23529, 23532, 23586, 23592, 23741, 25803, 25805, 26523, 26585, 26610, 27005, 27122, 27161, 28514, 29110, 29890, 30009, 50964, 51141, 51322, 51379, 51422, 51523, 51547, 51593, 53335, 53840, 54361, 54567, 54583, 54623, 54806, 54929, 55031, 55072, 55140, 55164, 55294, 55364, 55611, 55689, 55795, 55796, 55801, 56034, 56853, 56940, 56943, 56970, 57154, 57396, 57496, 57708, 58155, 58484, 58517, 58533, 59307, 60436, 60489, 64067, 64127, 64324, 79176, 79576, 79595, 80312, 84159, 84174, 84433, 84464, 84632, 84722, 84844, 85363, 89780, 91662, 92906, 93986, 114799, 123169, 149041, 161882, 163126, 164656, 165140, 197358, 200316, 225689, 340061, 375790, 440275]
  FN: [32, 34, 37, 43, 48, 50, 51, 71, 86, 100, 102, 118, 119, 123, 147, 148, 189, 199, 208, 210, 212, 226, 241, 283, 288, 291, 301, 302, 310, 311, 324, 329, 330, 331, 334, 335, 338, 341, 351, 355, 358, 360, 366, 382, 387, 388, 394, 402, 403, 444, 476, 488, 498, 506, 509, 515, 521, 522, 539, 540, 549, 566, 567, 570, 572, 573, 578, 580, 598, 617, 624, 633, 636, 662, 664, 665, 667, 673, 687, 694, 695, 752, 754, 773, 793, 817, 824, 836, 840, 841, 847, 859, 871, 890, 891, 898, 899, 929, 947, 948, 949, 960, 972, 973, 974, 983, 989, 996, 1017, 1019, 1021, 1026, 1030, 1031, 1032, 1062, 1080, 1104, 1153, 1174, 1192, 1200, 1201, 1203, 1213, 1284, 1285, 1295, 1355, 1363, 1409, 1410, 1421, 1453, 1454, 1457, 1462, 1475, 1490, 1491, 1493, 1495, 1500, 1509, 1510, 1511, 1512, 1522, 1523, 1544, 1579, 1583, 1584, 1585, 1600, 1613, 1636, 1642, 1647, 1650, 1653, 1660, 1663, 1666, 1677, 1717, 1718, 1730, 1738, 1742, 1785, 1788, 1796, 1798, 1803, 1810, 1832, 1845, 1876, 1889, 1902, 1936, 1937, 1984, 1994, 2010, 2020, 2040, 2042, 2060, 2073, 2131, 2132, 2177, 2185, 2189, 2237, 2243, 2244, 2245, 2257, 2258, 2261, 2266, 2335, 2395, 2531, 2534, 2537, 2539, 2548, 2590, 2591, 2683, 2697, 2734, 2744, 2746, 2747, 2752, 2803, 2805, 2806, 2822, 2876, 2885, 2889, 2890, 2896, 2926, 2932, 2946, 2947, 2950, 2954, 2962, 2969, 3002, 3008, 3014, 3030, 3064, 3073, 3074, 3092, 3110, 3156, 3205, 3212, 3219, 3221, 3257, 3267, 3276, 3295, 3300, 3306, 3309, 3313, 3315, 3320, 3326, 3329, 3337, 3364, 3396, 3417, 3431, 3486, 3508, 3579, 3603, 3646, 3661, 3667, 3669, 3690, 3691, 3708, 3710, 3716, 3717, 3727, 3741, 3753, 3784, 3791, 3796, 3843, 3848, 3849, 3857, 3858, 3861, 3868, 3911, 3949, 3954, 3958, 3981, 4000, 4067, 4077, 4085, 4118, 4163, 4170, 4171, 4175, 4189, 4218, 4247, 4257, 4258, 4291, 4353, 4358, 4478, 4487, 4534, 4616, 4627, 4628, 4644, 4678, 4710, 4719, 4720, 4722, 4724, 4725, 4728, 4729, 4750, 4756, 4830, 4852, 4853, 4857, 4864, 4891, 4913, 4926, 4952, 4976, 5000, 5018, 5033, 5045, 5052, 5058, 5074, 5087, 5089, 5094, 5125, 5140, 5189, 5190, 5191, 5192, 5193, 5194, 5218, 5224, 5226, 5264, 5265, 5270, 5272, 5289, 5291, 5307, 5320, 5393, 5394, 5395, 5396, 5413, 5420, 5422, 5423, 5424, 5426, 5442, 5452, 5478, 5499, 5500, 5501, 5524, 5527, 5536, 5538, 5551, 5552, 5566, 5581, 5599, 5602, 5624, 5641, 5664, 5682, 5683, 5692, 5693, 5701, 5702, 5704, 5705, 5724, 5730, 5742, 5743, 5747, 5764, 5768, 5770, 5771, 5777, 5781, 5783, 5784, 5791, 5798, 5810, 5813, 5824, 5830, 5831, 5862, 5864, 5868, 5869, 5870, 5873, 5874, 5878, 5883, 5889, 5896, 5900, 5906, 5911, 5915, 5928, 5929, 5931, 5935, 5954, 5971, 5997, 6002, 6010, 6103, 6117, 6189, 6194, 6196, 6198, 6241, 6259, 6261, 6262, 6272, 6275, 6278, 6280, 6283, 6284, 6285, 6286, 6311, 6314, 6319, 6331, 6342, 6389, 6426, 6470, 6477, 6478, 6490, 6500, 6502, 6517, 6583, 6596, 6609, 6612, 6613, 6622, 6642, 6646, 6647, 6663, 6683, 6720, 6729, 6733, 6742, 6755, 6786, 6789, 6792, 6794, 6809, 6811, 6812, 6813, 6814, 6840, 6845, 6855, 6860, 6877, 6878, 6881, 6885, 6901, 6917, 6932, 6993, 7018, 7052, 7060, 7070, 7091, 7096, 7126, 7143, 7155, 7159, 7163, 7178, 7184, 7248, 7249, 7251, 7267, 7270, 7283, 7284, 7295, 7298, 7301, 7320, 7324, 7336, 7350, 7375, 7390, 7412, 7416, 7419, 7425, 7431, 7443, 7444, 7450, 7453, 7468, 7508, 7514, 7518, 7525, 7716, 7818, 7837, 7844, 7852, 7879, 7884, 7915, 7917, 8021, 8036, 8086, 8099, 8106, 8218, 8237, 8260, 8266, 8291, 8294, 8295, 8314, 8359, 8360, 8361, 8362, 8363, 8364, 8365, 8366, 8367, 8368, 8370, 8394, 8396, 8408, 8411, 8435, 8445, 8464, 8467, 8504, 8525, 8529, 8531, 8539, 8554, 8555, 8604, 8607, 8650, 8661, 8675, 8678, 8726, 8738, 8739, 8763, 8766, 8773, 8800, 8805, 8813, 8829, 8842, 8846, 8878, 8879, 8893, 8924, 8942, 8976, 9022, 9024, 9027, 9063, 9066, 9070, 9079, 9092, 9097, 9100, 9101, 9131, 9146, 9156, 9183, 9218, 9230, 9261, 9262, 9263, 9341, 9344, 9361, 9367, 9368, 9378, 9388, 9409, 9429, 9445, 9463, 9474, 9500, 9516, 9521, 9525, 9527, 9545, 9551, 9557, 9559, 9585, 9587, 9618, 9635, 9641, 9648, 9693, 9695, 9702, 9727, 9757, 9765, 9771, 9804, 9807, 9837, 9856, 9874, 9907, 9910, 9913, 9927, 9950, 9960, 9994, 10017, 10036, 10038, 10049, 10055, 10058, 10059, 10075, 10087, 10114, 10116, 10131, 10133, 10165, 10188, 10197, 10201, 10202, 10210, 10212, 10213, 10228, 10241, 10252, 10253, 10273, 10296, 10297, 10300, 10325, 10333, 10347, 10367, 10381, 10395, 10397, 10413, 10419, 10425, 10437, 10439, 10449, 10452, 10476, 10478, 10482, 10497, 10537, 10542, 10555, 10564, 10565, 10569, 10577, 10579, 10580, 10592, 10623, 10632, 10652, 10670, 10714, 10728, 10755, 10765, 10782, 10783, 10791, 10845, 10901, 10902, 10905, 10912, 10939, 10952, 10959, 10965, 10972, 10993, 10998, 11001, 11011, 11033, 11051, 11052, 11073, 11076, 11091, 11104, 11124, 11132, 11135, 11143, 11151, 11186, 11221, 11236, 11253, 11285, 11325, 11328, 22846, 22853, 22861, 22862, 22863, 22871, 22872, 22900, 22909, 22930, 22985, 23007, 23011, 23020, 23032, 23039, 23043, 23047, 23049, 23071, 23087, 23089, 23122, 23126, 23144, 23161, 23175, 23177, 23212, 23214, 23287, 23295, 23299, 23309, 23312, 23332, 23345, 23353, 23363, 23368, 23383, 23390, 23392, 23409, 23451, 23461, 23481, 23499, 23509, 23512, 23516, 23534, 23557, 23673, 23759, 23774, 23787, 24145, 25813, 25825, 25842, 25898, 25909, 25923, 25924, 25930, 25932, 25937, 25939, 25976, 26019, 26047, 26060, 26061, 26065, 26119, 26121, 26191, 26224, 26256, 26258, 26259, 26271, 26276, 26284, 26286, 26297, 26509, 26519, 26520, 26524, 27032, 27035, 27185, 27252, 27257, 27327, 27339, 27346, 27350, 27429, 27430, 28962, 28982, 28989, 29115, 29127, 29800, 29844, 29886, 29896, 29935, 29937, 29940, 29945, 29956, 29965, 29979, 30001, 30844, 50488, 50511, 50617, 51009, 51010, 51022, 51024, 51026, 51065, 51076, 51099, 51107, 51119, 51132, 51160, 51163, 51167, 51170, 51181, 51185, 51201, 51231, 51257, 51272, 51283, 51284, 51304, 51319, 51377, 51426, 51429, 51433, 51434, 51493, 51514, 51542, 51552, 51562, 51564, 51567, 51715, 51735, 51747, 53834, 54205, 54332, 54344, 54363, 54413, 54431, 54463, 54464, 54471, 54476, 54487, 54490, 54496, 54512, 54556, 54576, 54577, 54600, 54602, 54658, 54677, 54708, 54764, 54795, 54840, 54843, 54872, 54902, 54949, 54960, 54962, 54968, 54974, 54982, 55004, 55075, 55128, 55142, 55149, 55159, 55183, 55201, 55240, 55256, 55326, 55342, 55352, 55361, 55437, 55553, 55558, 55604, 55614, 55625, 55627, 55629, 55636, 55654, 55655, 55669, 55670, 55743, 55750, 55819, 55832, 55847, 55856, 55959, 55998, 56852, 56915, 56984, 56993, 57007, 57082, 57092, 57120, 57142, 57178, 57222, 57403, 57447, 57448, 57449, 57599, 57617, 57620, 57646, 57669, 57679, 57706, 58493, 58495, 58508, 60485, 60529, 60561, 64083, 64089, 64112, 64121, 64215, 64400, 64506, 64581, 64699, 64782, 64802, 64834, 64852, 64859, 64924, 65055, 65078, 65082, 65109, 65123, 78990, 79003, 79017, 79039, 79058, 79065, 79068, 79084, 79139, 79156, 79158, 79228, 79594, 79736, 79751, 79763, 79840, 79885, 79888, 79913, 79960, 80145, 80204, 80331, 80755, 80789, 81542, 81573, 81622, 81858, 81930, 83547, 83548, 83695, 83700, 83752, 83871, 84079, 84101, 84231, 84233, 84268, 84376, 84446, 84447, 84525, 84634, 84649, 84661, 84759, 84803, 84876, 84883, 84897, 84934, 84958, 84967, 85365, 85366, 89781, 89846, 90070, 91949, 92609, 92737, 93100, 93664, 112398, 112574, 115426, 116985, 116986, 117177, 120892, 121457, 121504, 121642, 127281, 127933, 129138, 130557, 137964, 143187, 143570, 144717, 147912, 149428, 150209, 150290, 151636, 154796, 157506, 160851, 161582, 166929, 201161, 201294, 201595, 203068, 203245, 204851, 219771, 219988, 220972, 222229, 245711, 253725, 255738, 261726, 266727, 283489, 285381, 285464, 347734, 349565, 375056, 377630, 378884, 554313, 100287171]
col  25: GO:0008150   biological_process                             61.66% fp=1463 fn=177
  FP: [14, 27, 41, 90, 92, 93, 94, 111, 113, 127, 131, 133, 135, 150, 151, 152, 154, 155, 156, 158, 177, 182, 185, 186, 240, 267, 285, 286, 287, 333, 361, 369, 374, 395, 399, 401, 480, 513, 514, 551, 554, 579, 582, 585, 597, 632, 638, 639, 640, 649, 650, 652, 655, 657, 658, 659, 661, 699, 701, 719, 722, 728, 775, 776, 778, 783, 784, 785, 796, 799, 816, 818, 834, 835, 842, 846, 860, 887, 889, 896, 902, 912, 915, 916, 920, 940, 941, 959, 978, 993, 994, 997, 1001, 1015, 1043, 1044, 1045, 1046, 1069, 1119, 1120, 1129, 1130, 1135, 1136, 1138, 1139, 1140, 1143, 1183, 1195, 1215, 1230, 1232, 1233, 1236, 1261, 1268, 1270, 1277, 1282, 1286, 1290, 1301, 1305, 1307, 1308, 1373, 1390, 1392, 1437, 1501, 1535, 1536, 1540, 1586, 1602, 1611, 1627, 1630, 1634, 1641, 1643, 1646, 1729, 1734, 1740, 1756, 1760, 1806, 1812, 1813, 1814, 1815, 1816, 1825, 1826, 1839, 1840, 1848, 1849, 1857, 1874, 1880, 1901, 1903, 1906, 1907, 1909, 1910, 1917, 1948, 1949, 1952, 1960, 1967, 1969, 1978, 1979, 1981, 1982, 1999, 2011, 2022, 2034, 2043, 2045, 2048, 2049, 2056, 2065, 2067, 2069, 2071, 2107, 2110, 2115, 2118, 2139, 2155, 2159, 2166, 2207, 2246, 2247, 2249, 2250, 2252, 2253, 2260, 2277, 2281, 2294, 2305, 2321, 2322, 2324, 2326, 2334, 2487, 2535, 2538, 2542, 2547, 2562, 2589, 2596, 2619, 2624, 2645, 2646, 2648, 2668, 2669, 2670, 2688, 2690, 2693, 2702, 2729, 2730, 2736, 2740, 2742, 2768, 2769, 2780, 2864, 2874, 2887, 2891, 2895, 2898, 2899, 2903, 2904, 2909, 2917, 2918, 2920, 2921, 2922, 2931, 2935, 2941, 2948, 2958, 2965, 2966, 2967, 2978, 2997, 2998, 3001, 3070, 3082, 3084, 3099, 3111, 3113, 3119, 3141, 3163, 3171, 3175, 3185, 3187, 3207, 3213, 3214, 3218, 3227, 3235, 3237, 3294, 3297, 3303, 3304, 3351, 3354, 3356, 3357, 3358, 3371, 3399, 3434, 3440, 3458, 3476, 3488, 3491, 3551, 3552, 3553, 3554, 3558, 3559, 3560, 3562, 3565, 3569, 3570, 3576, 3586, 3589, 3592, 3593, 3595, 3600, 3605, 3611, 3623, 3624, 3625, 3627, 3633, 3651, 3655, 3656, 3659, 3662, 3670, 3678, 3681, 3687, 3702, 3703, 3707, 3709, 3714, 3718, 3775, 3800, 3815, 3831, 3832, 3838, 3845, 3897, 3937, 3983, 3984, 3987, 3990, 3992, 3996, 4005, 4009, 4035, 4038, 4041, 4047, 4055, 4058, 4066, 4068, 4076, 4131, 4133, 4137, 4142, 4153, 4155, 4157, 4158, 4159, 4160, 4161, 4176, 4192, 4199, 4211, 4214, 4215, 4216, 4217, 4233, 4254, 4281, 4283, 4286, 4292, 4293, 4294, 4296, 4313, 4314, 4321, 4331, 4343, 4354, 4361, 4436, 4437, 4481, 4486, 4520, 4544, 4583, 4597, 4602, 4607, 4624, 4625, 4633, 4634, 4635, 4647, 4650, 4651, 4659, 4665, 4681, 4693, 4700, 4747, 4751, 4796, 4803, 4804, 4836, 4850, 4855, 4867, 4878, 4879, 4880, 4882, 4886, 4887, 4889, 4897, 4909, 4915, 4916, 4920, 4923, 4953, 4985, 4988, 5002, 5008, 5027, 5046, 5062, 5073, 5077, 5108, 5116, 5130, 5139, 5154, 5155, 5158, 5167, 5168, 5170, 5196, 5204, 5228, 5241, 5290, 5292, 5293, 5318, 5319, 5335, 5341, 5360, 5362, 5364, 5376, 5429, 5454, 5456, 5467, 5470, 5496, 5498, 5520, 5525, 5530, 5532, 5537, 5573, 5582, 5588, 5591, 5592, 5601, 5603, 5606, 5607, 5610, 5617, 5618, 5631, 5648, 5649, 5733, 5741, 5754, 5774, 5782, 5787, 5796, 5797, 5801, 5803, 5818, 5829, 5871, 5884, 5886, 5887, 5894, 5909, 5913, 5921, 5923, 5930, 5932, 5972, 5983, 5991, 6011, 6091, 6093, 6199, 6242, 6249, 6273, 6300, 6303, 6326, 6334, 6347, 6348, 6352, 6356, 6363, 6366, 6369, 6376, 6392, 6401, 6403, 6404, 6405, 6416, 6423, 6431, 6441, 6464, 6469, 6491, 6506, 6507, 6532, 6547, 6568, 6569, 6574, 6581, 6585, 6599, 6601, 6602, 6631, 6636, 6640, 6651, 6660, 6665, 6667, 6688, 6698, 6760, 6776, 6778, 6788, 6801, 6804, 6817, 6818, 6857, 6863, 6868, 6871, 6872, 6873, 6874, 6880, 6883, 6890, 6898, 6903, 6904, 6905, 7003, 7004, 7005, 7010, 7011, 7027, 7041, 7042, 7043, 7046, 7048, 7050, 7072, 7082, 7083, 7098, 7099, 7100, 7132, 7133, 7137, 7139, 7164, 7168, 7169, 7186, 7187, 7188, 7205, 7220, 7223, 7225, 7275, 7287, 7292, 7293, 7319, 7321, 7325, 7327, 7328, 7337, 7363, 7374, 7389, 7399, 7409, 7410, 7424, 7428, 7439, 7442, 7472, 7473, 7474, 7476, 7477, 7480, 7482, 7486, 7535, 7536, 7709, 7786, 7804, 7855, 7857, 7903, 7923, 7941, 7957, 7976, 8013, 8022, 8074, 8078, 8085, 8089, 8200, 8233, 8239, 8289, 8315, 8321, 8323, 8324, 8325, 8398, 8399, 8434, 8448, 8454, 8456, 8462, 8463, 8482, 8493, 8501, 8503, 8518, 8527, 8534, 8542, 8546, 8548, 8557, 8564, 8567, 8569, 8575, 8578, 8600, 8605, 8646, 8651, 8654, 8660, 8663, 8664, 8665, 8666, 8682, 8683, 8694, 8697, 8708, 8711, 8717, 8727, 8740, 8772, 8788, 8792, 8795, 8818, 8828, 8834, 8835, 8837, 8856, 8867, 8877, 8881, 8883, 8890, 8891, 8892, 8897, 8912, 8943, 8945, 8989, 9002, 9020, 9021, 9031, 9049, 9053, 9076, 9099, 9113, 9126, 9127, 9140, 9145, 9149, 9175, 9184, 9201, 9211, 9213, 9219, 9220, 9244, 9253, 9255, 9271, 9290, 9311, 9314, 9319, 9369, 9372, 9379, 9381, 9401, 9412, 9423, 9447, 9448, 9464, 9469, 9475, 9479, 9480, 9495, 9517, 9531, 9536, 9546, 9564, 9616, 9620, 9627, 9639, 9646, 9655, 9666, 9669, 9670, 9683, 9690, 9706, 9719, 9732, 9736, 9767, 9775, 9785, 9788, 9793, 9811, 9821, 9826, 9828, 9844, 9846, 9855, 9867, 9898, 9903, 9918, 9935, 9939, 9962, 9965, 9966, 9971, 9978, 9990, 10010, 10018, 10025, 10051, 10054, 10060, 10076, 10083, 10105, 10106, 10111, 10150, 10152, 10156, 10170, 10174, 10193, 10196, 10206, 10242, 10270, 10277, 10291, 10299, 10309, 10332, 10344, 10365, 10369, 10371, 10392, 10393, 10401, 10435, 10444, 10461, 10468, 10472, 10474, 10475, 10477, 10492, 10499, 10507, 10533, 10553, 10558, 10563, 10572, 10603, 10616, 10621, 10622, 10626, 10628, 10631, 10642, 10645, 10658, 10683, 10721, 10758, 10763, 10769, 10772, 10776, 10801, 10817, 10818, 10868, 10869, 10899, 10922, 10928, 10933, 10943, 10955, 10956, 10991, 11004, 11030, 11035, 11040, 11047, 11082, 11128, 11130, 11149, 11168, 11171, 11176, 11184, 11193, 11251, 11260, 11342, 11343, 22801, 22845, 22854, 22856, 22893, 22894, 22899, 22918, 22919, 22937, 22943, 22955, 22995, 23024, 23025, 23081, 23085, 23118, 23129, 23139, 23154, 23162, 23166, 23184, 23189, 23192, 23205, 23230, 23235, 23258, 23279, 23303, 23304, 23310, 23326, 23354, 23397, 23405, 23414, 23424, 23429, 23503, 23515, 23522, 23532, 23542, 23568, 23580, 23583, 23586, 23592, 23601, 23604, 23640, 23643, 23741, 23765, 23779, 25777, 25788, 25800, 25803, 25805, 25806, 25820, 25847, 25861, 25888, 25896, 25945, 25960, 25998, 25999, 26000, 26001, 26058, 26100, 26130, 26133, 26173, 26234, 26270, 26272, 26512, 26523, 26585, 26610, 26973, 27005, 27031, 27040, 27097, 27102, 27113, 27122, 27123, 27130, 27141, 27154, 27159, 27161, 27173, 27201, 27232, 27236, 27242, 27248, 27284, 27289, 27306, 27329, 27338, 27343, 27352, 28514, 29072, 29102, 29104, 29110, 29116, 29119, 29775, 29881, 29882, 29890, 29894, 29899, 29911, 29929, 29959, 29974, 29995, 30009, 30815, 30818, 30819, 30837, 30845, 50487, 50489, 50512, 50515, 50649, 50852, 50944, 50964, 51067, 51094, 51118, 51135, 51141, 51143, 51162, 51196, 51247, 51289, 51291, 51302, 51311, 51322, 51330, 51340, 51343, 51347, 51378, 51379, 51384, 51386, 51393, 51422, 51451, 51454, 51455, 51466, 51474, 51523, 51529, 51547, 51561, 51593, 51619, 51667, 51692, 51738, 53335, 53615, 53840, 53904, 53905, 53981, 54107, 54206, 54361, 54434, 54541, 54567, 54583, 54623, 54801, 54806, 54820, 54822, 54899, 54903, 54904, 54910, 54926, 54929, 55031, 55036, 55072, 55081, 55109, 55117, 55125, 55140, 55154, 55164, 55174, 55236, 55284, 55288, 55294, 55331, 55364, 55366, 55432, 55454, 55500, 55501, 55559, 55568, 55576, 55612, 55624, 55650, 55656, 55681, 55689, 55690, 55703, 55706, 55723, 55742, 55746, 55756, 55759, 55790, 55795, 55796, 55816, 55835, 55958, 55967, 56172, 56243, 56253, 56262, 56301, 56302, 56548, 56603, 56652, 56655, 56674, 56776, 56853, 56913, 56923, 56940, 56943, 56949, 56970, 57010, 57060, 57099, 57104, 57107, 57117, 57122, 57187, 57216, 57325, 57396, 57496, 57502, 57508, 57555, 57630, 57634, 57662, 57689, 57704, 57708, 57732, 57787, 58155, 58191, 58480, 58484, 58488, 58517, 58526, 58533, 59307, 59341, 60436, 60482, 60489, 60673, 63826, 63916, 63924, 63941, 63971, 64067, 64072, 64151, 64170, 64240, 64241, 64282, 64285, 64324, 64377, 64399, 64403, 64422, 64428, 64682, 64750, 64798, 64805, 64854, 64858, 65266, 65267, 79053, 79077, 79133, 79176, 79400, 79576, 79582, 79595, 79631, 79654, 79728, 79738, 79753, 79791, 79849, 79866, 79872, 80005, 80020, 80243, 80267, 80312, 80335, 80339, 80725, 80746, 80762, 80824, 80829, 80833, 80854, 81565, 81570, 81576, 81844, 81847, 81929, 83605, 83939, 84067, 84132, 84159, 84174, 84248, 84282, 84292, 84305, 84321, 84329, 84335, 84336, 84340, 84464, 84466, 84632, 84676, 84679, 84687, 84722, 84844, 84869, 84870, 84919, 84938, 85329, 85363, 85413, 85440, 85453, 85458, 85464, 85476, 89122, 89780, 90226, 90293, 90678, 91147, 91653, 91662, 92105, 92906, 92912, 93210, 93986, 94233, 112869, 114088, 114799, 115106, 115727, 116444, 116519, 116840, 117143, 117157, 117283, 123169, 123879, 124590, 124641, 125111, 126119, 126374, 128869, 130399, 130507, 131177, 131890, 133396, 134549, 142678, 142679, 142680, 143098, 145226, 147372, 147495, 148022, 148281, 149041, 149233, 151648, 161882, 162989, 163126, 164656, 165140, 166012, 167153, 168667, 192669, 192670, 192683, 195814, 197131, 197358, 200316, 200576, 200894, 200958, 219333, 221178, 225689, 246184, 246778, 253260, 253980, 255488, 259173, 259197, 259230, 283989, 284110, 284217, 285440, 285590, 340061, 348980, 353116, 353174, 353376, 374291, 400961, 440275, 497661, 541468, 641371, 653519, 100137049]
  FN: [16, 54, 123, 216, 334, 394, 549, 613, 633, 712, 729, 871, 930, 966, 974, 1272, 1312, 1509, 1522, 1600, 1728, 1730, 1755, 1796, 1876, 2020, 2153, 2171, 2199, 2212, 2317, 2734, 2760, 2819, 2890, 2896, 2926, 3008, 3030, 3050, 3074, 3075, 3110, 3212, 3221, 3257, 3267, 3339, 3431, 3603, 3727, 3840, 3890, 3908, 3913, 4036, 4118, 4124, 4168, 4175, 4240, 4247, 4316, 4363, 4811, 4857, 4926, 5033, 5087, 5089, 5110, 5147, 5265, 5268, 5307, 5333, 5396, 5452, 5516, 5652, 5660, 5682, 5692, 5702, 5704, 5720, 5721, 5786, 5802, 5900, 5954, 6002, 6289, 6456, 6596, 6623, 6663, 6917, 7077, 7091, 7143, 7270, 7296, 7358, 7419, 7431, 7468, 7525, 7716, 7818, 8291, 8525, 8611, 8726, 8825, 8858, 8985, 9588, 9635, 9771, 9837, 10038, 10269, 10326, 10487, 10579, 10598, 10672, 10791, 10808, 10905, 10939, 11104, 11117, 11120, 11326, 22795, 22862, 23308, 23309, 23312, 23406, 26227, 26256, 28962, 50509, 51168, 51231, 51312, 53347, 54205, 55075, 55183, 55326, 55342, 55521, 55558, 55750, 55847, 57045, 57178, 57669, 58508, 79058, 79084, 80310, 80331, 80755, 80781, 81539, 84634, 93664, 121457, 140576, 140885, 147912, 151742]
col 119: GO:0009987   cellular process                               60.82% fp=1223 fn=453
  FP: [27, 41, 59, 70, 87, 88, 89, 90, 91, 92, 93, 94, 107, 111, 113, 127, 131, 133, 150, 156, 158, 177, 182, 185, 214, 220, 223, 229, 238, 239, 240, 249, 267, 284, 287, 309, 333, 336, 337, 344, 345, 350, 359, 361, 373, 389, 391, 401, 477, 480, 491, 513, 514, 551, 558, 632, 635, 637, 645, 650, 652, 653, 655, 657, 658, 659, 719, 727, 728, 776, 780, 781, 784, 796, 799, 816, 818, 834, 835, 842, 860, 887, 889, 902, 915, 920, 928, 940, 941, 942, 943, 958, 959, 975, 978, 993, 997, 1012, 1015, 1043, 1045, 1071, 1072, 1119, 1120, 1139, 1140, 1143, 1230, 1233, 1236, 1277, 1278, 1282, 1286, 1289, 1290, 1291, 1292, 1301, 1307, 1308, 1365, 1380, 1392, 1429, 1435, 1437, 1471, 1501, 1535, 1536, 1586, 1603, 1604, 1605, 1611, 1622, 1641, 1643, 1645, 1646, 1734, 1756, 1759, 1760, 1794, 1806, 1807, 1812, 1813, 1814, 1815, 1816, 1826, 1839, 1848, 1849, 1874, 1880, 1901, 1906, 1907, 1910, 1942, 1948, 1950, 1952, 1960, 1967, 1968, 1969, 1978, 1999, 2011, 2022, 2028, 2034, 2043, 2045, 2047, 2048, 2049, 2054, 2056, 2059, 2065, 2067, 2069, 2071, 2107, 2110, 2139, 2147, 2166, 2202, 2207, 2246, 2247, 2249, 2252, 2253, 2260, 2268, 2280, 2281, 2288, 2305, 2321, 2322, 2324, 2326, 2530, 2535, 2542, 2547, 2562, 2589, 2619, 2621, 2624, 2629, 2645, 2646, 2648, 2658, 2668, 2690, 2693, 2702, 2729, 2730, 2736, 2739, 2740, 2742, 2769, 2782, 2810, 2878, 2895, 2909, 2917, 2921, 2931, 2935, 2938, 2941, 2948, 2952, 2958, 2965, 2966, 2967, 2978, 2997, 3029, 3039, 3040, 3043, 3070, 3071, 3082, 3084, 3093, 3099, 3108, 3113, 3141, 3185, 3187, 3190, 3207, 3214, 3248, 3251, 3273, 3297, 3308, 3351, 3356, 3357, 3358, 3371, 3383, 3434, 3458, 3488, 3491, 3551, 3552, 3553, 3565, 3569, 3570, 3576, 3586, 3589, 3592, 3593, 3600, 3605, 3606, 3611, 3612, 3623, 3624, 3625, 3627, 3633, 3651, 3655, 3659, 3662, 3670, 3675, 3676, 3678, 3683, 3684, 3685, 3688, 3689, 3703, 3707, 3714, 3718, 3775, 3778, 3815, 3827, 3831, 3837, 3850, 3875, 3880, 3912, 3915, 3925, 3929, 3931, 3932, 3983, 3984, 3987, 3990, 3992, 4005, 4009, 4023, 4040, 4048, 4054, 4055, 4058, 4066, 4068, 4131, 4157, 4176, 4199, 4214, 4215, 4217, 4233, 4282, 4286, 4292, 4293, 4294, 4313, 4318, 4321, 4331, 4332, 4361, 4436, 4437, 4597, 4598, 4602, 4625, 4629, 4638, 4647, 4650, 4670, 4681, 4747, 4796, 4803, 4850, 4860, 4867, 4868, 4878, 4879, 4880, 4882, 4897, 4909, 4915, 4921, 4953, 4985, 4988, 5025, 5027, 5046, 5054, 5062, 5073, 5130, 5139, 5154, 5155, 5158, 5167, 5168, 5170, 5175, 5196, 5211, 5213, 5217, 5223, 5243, 5290, 5292, 5318, 5319, 5335, 5336, 5340, 5341, 5352, 5360, 5364, 5376, 5429, 5444, 5467, 5496, 5498, 5518, 5520, 5530, 5532, 5537, 5582, 5588, 5590, 5591, 5592, 5601, 5603, 5607, 5610, 5618, 5631, 5646, 5649, 5696, 5725, 5741, 5754, 5774, 5782, 5787, 5788, 5792, 5795, 5796, 5797, 5800, 5803, 5819, 5829, 5836, 5865, 5871, 5880, 5881, 5886, 5887, 5898, 5899, 5912, 5913, 5921, 5923, 5930, 5950, 5972, 5983, 5991, 6011, 6091, 6092, 6120, 6193, 6210, 6237, 6240, 6273, 6288, 6300, 6326, 6334, 6338, 6340, 6347, 6348, 6352, 6356, 6363, 6366, 6369, 6376, 6387, 6392, 6404, 6405, 6416, 6422, 6423, 6431, 6432, 6464, 6469, 6480, 6505, 6507, 6515, 6532, 6547, 6568, 6581, 6584, 6585, 6599, 6601, 6602, 6631, 6636, 6651, 6660, 6665, 6667, 6688, 6698, 6718, 6776, 6788, 6804, 6817, 6818, 6857, 6863, 6871, 6872, 6873, 6874, 6880, 6883, 6890, 6898, 6903, 6904, 6905, 7001, 7004, 7005, 7010, 7011, 7041, 7042, 7043, 7046, 7048, 7049, 7051, 7053, 7082, 7083, 7098, 7099, 7100, 7132, 7133, 7137, 7139, 7148, 7164, 7168, 7171, 7186, 7220, 7266, 7287, 7292, 7293, 7319, 7321, 7322, 7323, 7325, 7326, 7327, 7328, 7335, 7337, 7345, 7363, 7374, 7389, 7399, 7408, 7409, 7410, 7414, 7428, 7429, 7442, 7448, 7462, 7472, 7473, 7474, 7476, 7477, 7480, 7482, 7529, 7531, 7535, 7536, 7786, 7832, 7855, 7857, 7903, 7923, 7941, 7976, 8013, 8074, 8078, 8085, 8089, 8200, 8233, 8239, 8289, 8315, 8321, 8322, 8324, 8325, 8398, 8399, 8450, 8452, 8454, 8462, 8476, 8482, 8493, 8527, 8534, 8542, 8546, 8548, 8557, 8564, 8567, 8569, 8575, 8578, 8600, 8605, 8649, 8654, 8660, 8662, 8663, 8664, 8665, 8666, 8667, 8668, 8694, 8697, 8708, 8711, 8740, 8754, 8772, 8792, 8795, 8818, 8828, 8834, 8835, 8837, 8856, 8867, 8877, 8883, 8890, 8891, 8892, 8897, 8907, 8912, 8943, 8945, 8989, 9002, 9020, 9031, 9040, 9049, 9076, 9099, 9113, 9114, 9126, 9127, 9140, 9149, 9175, 9211, 9213, 9219, 9253, 9255, 9314, 9319, 9353, 9372, 9379, 9381, 9401, 9423, 9447, 9448, 9464, 9469, 9517, 9536, 9540, 9616, 9627, 9646, 9666, 9690, 9706, 9732, 9736, 9767, 9775, 9785, 9811, 9821, 9828, 9844, 9846, 9855, 9898, 9939, 9943, 9971, 9978, 9990, 10006, 10010, 10018, 10025, 10051, 10054, 10060, 10076, 10083, 10096, 10105, 10106, 10111, 10152, 10156, 10170, 10193, 10206, 10270, 10277, 10291, 10299, 10309, 10344, 10365, 10371, 10392, 10393, 10401, 10411, 10451, 10458, 10468, 10474, 10477, 10492, 10494, 10512, 10516, 10533, 10558, 10563, 10616, 10626, 10628, 10629, 10631, 10645, 10658, 10721, 10772, 10776, 10787, 10869, 10899, 10922, 10928, 10933, 10943, 10956, 11034, 11035, 11040, 11047, 11149, 11168, 11171, 11184, 11193, 11342, 11343, 22800, 22801, 22845, 22854, 22856, 22893, 22894, 22918, 22937, 22955, 23024, 23025, 23081, 23085, 23095, 23129, 23139, 23154, 23166, 23184, 23189, 23191, 23192, 23205, 23230, 23235, 23236, 23304, 23310, 23326, 23327, 23338, 23370, 23397, 23405, 23429, 23433, 23475, 23498, 23513, 23515, 23522, 23529, 23601, 23604, 23612, 23624, 23705, 23741, 23765, 25777, 25788, 25796, 25800, 25805, 25820, 25847, 25861, 25888, 25960, 25998, 25999, 26001, 26100, 26133, 26173, 26234, 26270, 26272, 26523, 26585, 26610, 26973, 26994, 26999, 27005, 27031, 27097, 27102, 27113, 27141, 27154, 27173, 27232, 27242, 27284, 27289, 27306, 27329, 27335, 27338, 27343, 28514, 29072, 29102, 29110, 29116, 29882, 29894, 29899, 29929, 29995, 30009, 30061, 30815, 30818, 30819, 30845, 30846, 50515, 50649, 50964, 51067, 51094, 51100, 51135, 51141, 51162, 51166, 51196, 51291, 51302, 51311, 51322, 51340, 51343, 51347, 51378, 51379, 51384, 51386, 51422, 51451, 51454, 51466, 51504, 51510, 51529, 51593, 51619, 51667, 51692, 51738, 53335, 53615, 53840, 53904, 53947, 53981, 54097, 54107, 54361, 54434, 54541, 54567, 54583, 54623, 54822, 54904, 54926, 54929, 55031, 55036, 55072, 55081, 55154, 55164, 55174, 55236, 55284, 55288, 55294, 55331, 55364, 55366, 55432, 55454, 55471, 55500, 55501, 55568, 55611, 55612, 55624, 55650, 55656, 55681, 55689, 55690, 55723, 55742, 55746, 55752, 55756, 55790, 55867, 55958, 55971, 56253, 56262, 56302, 56548, 56603, 56655, 56853, 56898, 56923, 56943, 56949, 56970, 56994, 57026, 57107, 57117, 57154, 57187, 57216, 57325, 57502, 57508, 57551, 57555, 57634, 57662, 57704, 57731, 57826, 58478, 58480, 58484, 59272, 59338, 60482, 60673, 63826, 63916, 63924, 64072, 64282, 64285, 64324, 64377, 64422, 64428, 64577, 64682, 64750, 64798, 64805, 64854, 65266, 65267, 79053, 79077, 79133, 79176, 79400, 79582, 79595, 79631, 79654, 79728, 79738, 79753, 79784, 79791, 80020, 80267, 80312, 80335, 80339, 80381, 80762, 80824, 80829, 81035, 81570, 81844, 81847, 81929, 83605, 83939, 84067, 84100, 84132, 84168, 84282, 84292, 84305, 84321, 84329, 84335, 84340, 84464, 84466, 84687, 84844, 84869, 84919, 84938, 85413, 85440, 85453, 85464, 85476, 85477, 89122, 89780, 89941, 90226, 90293, 90678, 91653, 92105, 92359, 92912, 93210, 112869, 114088, 114799, 115727, 116085, 116519, 117143, 117157, 117283, 124583, 125111, 126119, 128869, 130399, 130507, 131890, 133396, 134549, 142680, 143098, 145226, 145482, 148281, 161882, 163126, 164656, 166012, 167153, 168667, 192669, 192670, 192683, 195814, 197131, 197358, 200576, 200894, 200958, 219333, 221178, 225689, 246184, 253260, 253980, 255488, 255743, 259173, 259230, 283989, 284110, 285440, 340061, 348980, 353174, 353376, 374291, 375790, 641371, 653519, 100137049]
  FN: [20, 71, 123, 147, 153, 166, 190, 291, 311, 330, 334, 360, 394, 395, 444, 540, 549, 613, 624, 633, 648, 688, 694, 701, 754, 793, 801, 805, 808, 840, 861, 871, 890, 974, 1028, 1105, 1174, 1192, 1406, 1476, 1490, 1500, 1509, 1510, 1522, 1523, 1600, 1609, 1676, 1717, 1718, 1730, 1789, 1796, 1876, 1896, 1937, 1991, 1994, 1997, 2004, 2019, 2020, 2023, 2063, 2118, 2122, 2177, 2257, 2274, 2295, 2303, 2494, 2516, 2670, 2692, 2734, 2752, 2890, 2896, 2926, 2962, 2969, 3002, 3008, 3030, 3073, 3074, 3110, 3202, 3212, 3221, 3257, 3267, 3397, 3399, 3400, 3431, 3603, 3661, 3665, 3716, 3727, 3848, 3949, 4035, 4047, 4076, 4090, 4093, 4118, 4163, 4170, 4175, 4204, 4209, 4247, 4613, 4616, 4651, 4688, 4691, 4710, 4720, 4756, 4772, 4775, 4778, 4791, 4830, 4854, 4857, 4899, 4904, 4905, 4926, 5033, 5064, 5087, 5089, 5265, 5270, 5291, 5307, 5396, 5413, 5449, 5451, 5452, 5453, 5465, 5524, 5531, 5536, 5577, 5624, 5664, 5682, 5683, 5692, 5693, 5702, 5704, 5724, 5744, 5764, 5768, 5784, 5791, 5869, 5874, 5878, 5900, 5915, 5916, 5935, 5954, 5966, 5971, 5997, 6002, 6196, 6257, 6275, 6278, 6285, 6310, 6342, 6418, 6502, 6521, 6583, 6596, 6663, 6670, 6708, 6710, 6742, 6755, 6786, 6840, 6855, 6860, 6917, 6927, 6928, 6935, 7025, 7026, 7030, 7072, 7080, 7089, 7091, 7111, 7143, 7159, 7188, 7223, 7227, 7249, 7270, 7295, 7343, 7376, 7419, 7425, 7431, 7453, 7465, 7468, 7514, 7525, 7545, 7546, 7703, 7704, 7716, 7818, 8021, 8036, 8086, 8092, 8099, 8106, 8266, 8291, 8396, 8518, 8525, 8539, 8604, 8613, 8631, 8683, 8726, 8739, 8763, 8928, 9022, 9079, 9133, 9191, 9221, 9367, 9445, 9480, 9500, 9516, 9521, 9527, 9545, 9559, 9612, 9618, 9635, 9765, 9771, 9804, 9837, 9869, 9910, 9915, 9963, 10017, 10038, 10087, 10116, 10131, 10197, 10201, 10252, 10253, 10296, 10300, 10437, 10452, 10472, 10482, 10488, 10522, 10577, 10579, 10623, 10642, 10725, 10782, 10791, 10845, 10905, 10912, 10939, 11030, 11033, 11104, 11135, 11325, 22846, 22862, 22872, 22882, 22900, 22919, 22948, 23007, 23011, 23039, 23089, 23161, 23214, 23309, 23312, 23368, 23512, 23534, 23543, 23580, 23787, 25825, 25855, 25924, 26039, 26060, 26256, 26297, 27000, 27346, 28962, 29109, 29115, 29117, 29844, 29886, 29937, 29956, 29969, 50617, 51022, 51026, 51085, 51118, 51143, 51193, 51199, 51231, 51272, 51542, 51552, 51564, 51684, 53405, 54205, 54602, 55075, 55183, 55326, 55342, 55437, 55534, 55558, 55654, 55655, 55750, 55837, 55847, 55998, 56246, 56829, 56998, 57104, 57178, 57222, 57332, 57402, 57447, 57448, 57534, 57616, 57669, 57706, 58495, 58508, 60485, 60529, 60561, 64089, 64215, 64412, 64651, 65078, 65981, 79058, 79084, 79751, 79763, 80331, 80755, 81559, 81622, 83595, 83700, 84079, 84081, 84233, 84441, 84619, 84634, 84876, 84967, 92140, 92737, 93100, 93664, 112770, 116985, 116986, 121457, 124590, 129138, 130557, 140576, 143570, 144165, 147912, 149951, 150684, 151987, 154796, 171392, 201294, 283149, 285464, 347734]

NOT FOUND IN GOA: [10159]
