sample	heldout	roleA	roleB	training	mean_wup	max_wup	row_overlap	unique_overlap	f1	role_min_f1
0	71|118|125|126	71|118	125|126	75|24|70|138|42|104|117|119|143|116|44|141|16|55|27|77|140|47|32|13	0.264808	0.857143	0.99249	0.980542	0.996732	0.996061
1	27|68|118|126	27|126	68|118	16|121|112|143|58|67|53|46|4|106|54|32|128|136|122|86|33|52|21|13	0.250077	0.8	0.986065	0.958698	0.993737	0.992311
2	8|26|48|86	8|48	26|86	113|106|15|112|132|122|138|1|118|107|116|105|72|120|50|103|140|143|128|108	0.266391	0.857143	0.959541	0.908963	0.9852	0.977356
3	26|55|57|126	26|55	57|126	143|81|53|5|75|27|128|12|107|46|15|80|129|110|139|123|118|39|44|72	0.240714	0.666667	0.983768	0.951199	0.99374	0.99063
4	24|54|118|124	24|118	54|124	77|116|103|14|104|2|33|64|15|95|73|86|80|115|26|114|8|13|48|110	0.313206	0.833333	0.994717	0.983202	0.9978	0.996875
5	24|61|103|126	24|103	61|126	78|7|112|138|72|116|80|128|110|96|20|35|134|136|109|113|1|105|82|77	0.275238	0.857143	0.969138	0.922075	0.989089	0.987797
6	55|86|96|103	55|86	96|103	2|80|123|129|0|141|15|3|114|113|64|46|110|138|39|49|28|85|58|65	0.272098	0.666667	0.976009	0.936345	0.991373	0.987283
7	16|61|94|126	16|94	61|126	65|123|138|50|140|100|52|45|72|47|112|53|139|70|3|128|57|95|4|46	0.313015	0.857143	0.981762	0.949308	0.993102	0.989933
8	55|86|96|118	55|118	86|96	50|70|20|49|46|65|112|57|88|32|14|127|125|8|44|75|141|67|31|80	0.286677	0.8	0.970978	0.926437	0.989525	0.98352
9	16|64|100|110	16|64	100|110	1|28|122|54|68|138|50|126|90|83|81|52|125|136|12|139|127|106|103|107	0.28284	0.8	0.974495	0.935566	0.990719	0.98885
10	35|55|100|109	35|55	100|109	21|73|58|86|94|48|67|130|23|49|112|14|64|103|126|40|78|31|13|110	0.270721	0.833333	0.994539	0.985025	0.99799	0.996865
11	16|57|100|103	16|103	57|100	132|121|65|123|12|105|58|114|110|141|136|143|85|78|11|21|107|54|80|134	0.255431	0.923077	0.972046	0.928666	0.990854	0.987633
12	35|54|67|94	35|67	54|94	4|112|10|44|55|15|119|23|130|28|81|49|20|140|126|26|100|2|46|107	0.282555	0.833333	0.991517	0.975207	0.996582	0.99389
13	31|35|61|64	31|61	35|64	2|127|53|16|90|46|12|129|55|40|114|54|118|119|123|4|3|80|7|67	0.264916	0.75	0.986701	0.969885	0.994536	0.994112
14	15|61|71|124	15|124	61|71	94|113|49|143|126|44|12|58|1|128|11|46|104|138|117|78|73|100|4|82	0.257894	0.769231	0.986106	0.962391	0.995203	0.993856
15	10|55|64|100	10|55	64|100	20|96|7|53|126|14|141|107|129|94|32|46|22|113|71|31|39|15|120|50	0.260851	0.833333	0.969189	0.93068	0.986531	0.981761
16	67|112|125|140	67|140	112|125	3|1|48|110|143|115|136|44|10|55|75|134|28|42|119|117|107|113|118|0	0.254668	0.769231	0.994837	0.985319	0.997868	0.997258
17	15|55|71|86	15|71	55|86	96|32|8|120|108|94|88|33|77|40|73|28|13|143|14|52|127|123|70|65	0.292229	0.8	0.966327	0.919676	0.987839	0.982131
18	16|65|100|125	16|125	65|100	116|13|8|95|20|104|46|48|35|109|96|126|40|64|45|142|128|53|26|71	0.271033	0.888889	0.982296	0.949633	0.993271	0.993081
19	55|68|103|124	55|103	68|124	42|15|3|77|128|72|14|90|24|52|57|48|105|50|118|28|116|79|49|20	0.261431	0.8	0.988065	0.965971	0.99462	0.994217
20	27|61|64|71	27|61	64|71	31|105|132|24|35|0|47|116|73|16|10|46|52|32|68|130|8|119|122|123	0.302932	0.8	0.996817	0.990682	0.998762	0.998148
21	48|86|94|100	48|94	86|100	35|28|4|130|120|27|115|121|67|122|73|139|0|7|16|126|110|114|20|77	0.315021	0.888889	0.988371	0.966319	0.995273	0.99277
22	8|55|70|140	8|140	55|70	7|119|115|0|124|109|27|142|77|22|72|85|54|35|14|11|114|120|65|121	0.287697	0.857143	0.984375	0.958264	0.993749	0.989999
23	10|35|103|110	10|103	35|110	134|27|122|57|86|116|64|50|114|85|143|63|26|127|139|68|47|21|88|126	0.280437	0.727273	0.98521	0.960544	0.994229	0.991248
24	8|35|54|126	8|54	35|126	124|73|110|90|20|55|141|85|42|75|81|115|140|136|119|78|31|138|120|11	0.273556	0.857143	0.972331	0.924058	0.988903	0.986242
25	50|65|70|71	50|65	70|71	58|100|132|33|49|116|109|83|24|85|10|115|136|27|61|35|46|114|15|139	0.279024	0.857143	0.997906	0.993385	0.999293	0.998798
26	15|48|67|126	15|67	48|126	125|104|118|72|75|122|119|40|134|140|0|26|4|32|128|28|113|68|109|45	0.253126	0.666667	0.980096	0.946496	0.99118	0.990991
27	26|35|86|110	26|86	35|110	31|63|90|61|143|83|10|115|132|128|16|105|106|82|72|140|96|94|81|49	0.272363	0.727273	0.995159	0.985346	0.998376	0.998212
28	15|57|65|100	15|65	57|100	83|1|79|20|115|103|141|124|71|143|14|109|64|49|117|86|39|105|22|47	0.269941	0.8	0.994149	0.982831	0.997572	0.995096
29	27|103|110|125	27|103	110|125	132|82|123|28|85|21|7|112|46|83|88|75|114|16|12|35|22|141|119|68	0.241475	0.8	0.991939	0.975031	0.996886	0.995602
30	15|47|71|110	15|71	47|110	130|107|49|81|142|139|20|119|125|121|78|14|129|24|94|53|108|13|26|58	0.265639	0.666667	0.973875	0.936457	0.990921	0.986003
31	10|16|24|118	10|24	16|118	94|15|85|83|142|130|11|124|90|120|115|109|68|122|45|126|141|32|58|75	0.307708	0.888889	0.963484	0.929426	0.986589	0.983685
32	24|26|110|125	24|125	26|110	14|48|49|54|40|52|81|68|28|65|141|50|72|129|134|78|86|109|79|94	0.289813	0.875	0.996082	0.987985	0.99864	0.997086
33	68|70|72|125	68|72	70|125	128|26|126|132|14|141|44|78|2|24|71|142|110|0|20|73|4|83|88|50	0.254617	0.727273	0.982714	0.953967	0.992864	0.99051
34	26|109|118|140	26|118	109|140	54|117|39|113|40|14|70|130|72|31|7|67|114|123|83|107|116|12|106|81	0.272303	0.923077	0.991234	0.974411	0.99649	0.996222
35	47|94|103|118	47|94	103|118	20|85|46|110|88|22|82|55|67|39|77|40|35|5|11|53|122|42|96|141	0.229466	0.8	0.973032	0.932744	0.989089	0.985001
36	10|54|65|67	10|67	54|65	132|53|115|33|120|55|104|109|117|128|26|72|50|122|138|141|105|46|123|45	0.260981	0.75	0.984394	0.960485	0.994351	0.993497
37	27|35|55|110	27|55	35|110	40|33|122|108|1|31|39|121|24|8|47|53|83|140|79|48|90|15|128|116	0.299254	0.857143	0.990247	0.971783	0.995552	0.99479
38	57|109|110|125	57|109	110|125	140|26|11|143|28|48|73|40|121|16|116|52|77|4|115|71|127|35|100|112	0.257541	0.666667	0.992227	0.975492	0.997165	0.996121
39	47|68|71|96	47|71	68|96	138|85|115|129|57|27|15|16|105|14|61|24|79|118|3|80|44|143|81|13	0.24793	0.666667	0.97906	0.944986	0.992087	0.991434
40	50|54|72|109	50|54	72|109	47|120|22|63|79|11|64|122|125|117|44|142|100|118|114|96|10|75|15|24	0.285884	0.888889	0.994715	0.985058	0.998051	0.996974
41	72|96|100|118	72|118	96|100	65|112|123|15|136|138|48|58|115|81|45|77|132|68|105|50|88|39|110|142	0.248065	0.8	0.97994	0.948337	0.99163	0.990764
42	50|67|94|126	50|94	67|126	45|24|52|49|68|116|95|55|73|115|63|117|47|125|118|70|3|72|58|134	0.286964	0.888889	0.992039	0.978729	0.996885	0.996853
43	16|24|94|112	16|112	24|94	114|130|50|143|109|136|119|142|54|22|132|64|108|79|26|13|27|40|28|47	0.310966	0.888889	0.981766	0.965097	0.993846	0.992876
44	64|96|100|140	64|100	96|140	110|125|22|114|95|116|4|104|68|16|32|75|49|83|128|27|0|109|12|123	0.272069	0.923077	0.98293	0.958709	0.992972	0.990833
45	54|68|100|126	54|68	100|126	63|31|53|143|118|75|46|72|142|127|124|70|7|21|10|83|48|35|134|15	0.244966	0.923077	0.975145	0.934736	0.990229	0.990213
46	35|54|96|100	35|100	54|96	46|124|15|88|58|140|27|117|90|61|68|53|0|44|143|129|65|14|33|4	0.26327	0.833333	0.978235	0.950934	0.991078	0.989041
47	27|48|110|118	27|110	48|118	5|40|28|44|10|106|54|90|119|143|80|73|61|134|114|82|52|33|136|116	0.264308	0.857143	0.989681	0.97595	0.996285	0.996257
48	48|50|61|96	48|61	50|96	73|49|65|108|27|116|63|55|45|21|13|132|67|81|14|129|119|46|72|23	0.309077	0.857143	0.981442	0.953987	0.992673	0.989365
49	68|96|112|125	68|112	96|125	40|73|52|122|100|79|61|129|67|47|21|75|94|49|109|77|130|11|65|5	0.252796	0.888889	0.992328	0.97762	0.997056	0.996105
50	15|16|54|64	15|54	16|64	100|32|106|96|33|13|20|68|22|138|53|7|72|71|88|107|27|14|120|116	0.28597	0.8	0.975878	0.93836	0.990308	0.98721
51	47|68|70|71	47|70	68|71	42|124|40|52|142|130|117|16|27|126|14|54|83|82|11|79|28|49|55|67	0.248853	0.8	0.98229	0.955018	0.993111	0.991588
52	10|27|86|103	10|27	86|103	117|4|118|45|31|48|47|121|77|24|68|113|73|129|132|106|143|82|72|125	0.301918	0.857143	0.992947	0.979471	0.997016	0.995403
53	8|24|48|140	8|48	24|140	126|115|80|35|130|54|90|75|136|132|31|4|116|46|86|104|73|16|71|5	0.315252	0.888889	0.998924	0.996671	0.999525	0.999107
54	16|31|71|100	16|100	31|71	88|40|53|72|73|117|45|75|7|125|54|27|77|82|104|58|96|106|5|28	0.260499	0.8	0.972337	0.928999	0.989514	0.985583
55	16|24|86|110	16|24	86|110	13|82|127|10|136|81|31|107|124|121|71|50|109|54|106|117|26|128|42|100	0.364231	0.888889	0.971597	0.957938	0.990498	0.990374
56	71|86|109|118	71|118	86|109	22|124|119|132|2|142|33|108|143|122|110|55|35|125|53|12|127|138|140|46	0.29447	0.666667	0.923846	0.85908	0.966587	0.954446
57	24|54|64|100	24|64	54|100	141|49|77|8|113|110|134|86|14|39|35|130|83|125|1|12|108|90|28|73	0.29445	0.923077	0.973574	0.940158	0.988835	0.985605
58	24|26|27|112	24|112	26|27	79|15|42|48|94|103|21|82|132|136|22|86|75|139|127|45|140|100|57|77	0.315062	0.8	0.99825	0.994467	0.99932	0.998734
59	35|48|54|94	35|94	48|54	128|138|13|83|141|130|110|143|68|96|16|31|112|126|0|119|73|44|121|4	0.273535	0.888889	0.995002	0.984861	0.997746	0.996897
60	10|54|100|103	10|103	54|100	48|45|108|116|65|21|105|112|125|95|104|75|0|120|123|106|4|118|71|11	0.278599	0.857143	0.95545	0.896	0.981543	0.979533
61	26|47|48|71	26|48	47|71	68|42|46|24|116|21|10|134|112|94|0|120|23|143|58|88|20|7|57|70	0.265721	0.933333	0.992094	0.97591	0.997079	0.994409
62	48|64|71|94	48|64	71|94	28|44|110|47|129|126|63|83|115|42|105|23|79|0|32|72|123|2|141|108	0.273754	0.8	0.987159	0.964029	0.994953	0.992762
63	16|61|124|140	16|140	61|124	95|75|24|96|46|103|72|119|138|73|94|14|20|50|132|117|49|83|23|31	0.330687	0.923077	0.999052	0.997074	0.999513	0.999046
64	10|94|118|125	10|125	94|118	78|105|121|141|79|142|14|75|58|123|12|42|67|24|44|115|81|32|4|114	0.253465	0.6	0.988973	0.970257	0.995063	0.994432
65	55|94|100|125	55|125	94|100	77|138|114|81|106|47|16|12|23|49|46|68|64|28|96|86|58|4|7|71	0.241686	0.875	0.995804	0.987166	0.998033	0.997717
66	47|48|65|94	47|48	65|94	132|134|12|112|7|50|78|53|118|16|116|26|124|75|45|130|81|79|77|113	0.266778	0.888889	0.984114	0.95214	0.99399	0.990142
67	47|57|96|140	47|57	96|140	103|71|63|32|21|39|68|46|8|127|78|28|77|90|108|114|11|95|73|10	0.236353	0.833333	0.974089	0.932509	0.990398	0.986669
68	10|65|100|103	10|103	65|100	138|109|79|48|7|54|83|63|2|52|94|67|113|140|53|110|4|28|71|80	0.279413	0.833333	0.982231	0.953224	0.992932	0.992543
69	10|35|71|140	10|71	35|140	113|48|116|80|77|121|61|115|54|31|106|138|108|94|53|49|70|109|124|52	0.292087	0.923077	0.982524	0.953143	0.993157	0.988228
70	55|72|112|124	55|124	72|112	11|127|114|96|140|117|39|40|42|118|48|3|70|113|14|142|49|35|119|23	0.288615	0.888889	0.984847	0.959652	0.993102	0.99261
71	15|35|86|112	15|112	35|86	24|71|88|116|50|94|10|2|65|85|136|79|7|108|54|103|104|20|132|129	0.308672	0.8	0.998322	0.995218	0.99923	0.99895
72	10|65|94|125	10|125	65|94	0|134|127|110|115|136|54|120|82|52|24|50|81|112|67|39|12|139|119|72	0.286602	0.769231	0.993528	0.980826	0.997394	0.996425
73	54|55|67|109	54|109	55|67	48|75|108|117|130|134|141|57|103|114|105|39|136|64|2|7|47|129|115|81	0.255498	0.666667	0.98287	0.956946	0.992846	0.989885
74	31|47|67|109	31|109	47|67	42|95|129|140|108|130|21|96|68|55|11|27|45|24|61|123|128|126|104|65	0.257678	0.8	0.985101	0.957603	0.994986	0.991569
75	10|110|112|126	10|126	110|112	27|88|55|125|24|20|33|83|1|67|143|116|130|106|58|46|13|90|124|85	0.257775	0.75	0.981148	0.953911	0.99248	0.991453
76	8|70|110|126	8|70	110|126	13|47|52|64|22|139|100|96|73|31|114|90|0|33|117|28|58|80|143|75	0.261176	0.75	0.988292	0.965725	0.995532	0.993991
77	8|24|26|110	8|26	24|110	63|139|81|52|53|130|118|127|121|86|54|94|67|22|120|16|117|64|13|79	0.372389	0.857143	0.997581	0.992627	0.999326	0.998742
78	26|64|112|126	26|112	64|126	140|119|100|75|53|52|8|72|54|35|110|109|13|79|81|4|28|44|16|123	0.258703	0.769231	0.987778	0.96528	0.994865	0.991983
79	10|61|71|103	10|71	61|103	63|136|125|49|13|134|124|128|39|57|24|42|28|32|108|77|68|141|112|88	0.258866	0.857143	0.972475	0.930647	0.987984	0.982296
80	8|10|26|70	8|10	26|70	61|33|141|138|107|48|83|95|27|85|16|124|113|90|68|31|57|65|79|80	0.299705	0.769231	0.980769	0.947728	0.992254	0.98858
81	24|54|86|96	24|96	54|86	23|58|57|94|80|5|68|122|119|118|20|16|105|47|39|26|65|81|45|124	0.316125	0.857143	0.993169	0.979816	0.997211	0.996338
82	16|94|112|124	16|94	112|124	58|13|80|106|130|50|96|82|126|100|122|57|21|55|42|125|27|119|79|44	0.302928	0.909091	0.988692	0.965742	0.996173	0.992864
83	31|67|70|125	31|125	67|70	44|127|112|90|142|103|10|13|64|16|83|4|130|108|119|86|26|75|94|21	0.268807	0.875	0.997441	0.992734	0.998874	0.99836
84	67|86|94|126	67|94	86|126	70|65|11|27|63|129|81|68|130|44|13|121|7|107|113|108|134|5|57|117	0.284369	0.769231	0.962053	0.913065	0.984241	0.980343
85	10|15|57|65	10|57	15|65	143|103|142|95|130|88|28|139|83|64|0|80|7|33|118|63|140|78|40|109	0.275202	0.8	0.980265	0.945694	0.992742	0.989366
86	48|64|70|110	48|70	64|110	14|8|68|31|39|88|82|67|127|134|121|16|108|103|105|1|119|125|81|124	0.29677	0.888889	0.988902	0.971513	0.995489	0.993782
87	54|57|68|126	54|68	57|126	24|65|142|10|82|128|108|106|15|95|79|26|64|7|55|48|22|44|61|21	0.249637	0.666667	0.991785	0.975013	0.996446	0.996437
88	8|94|100|110	8|94	100|110	1|73|64|129|136|116|32|45|125|42|77|130|142|35|105|26|79|126|20|72	0.270777	0.857143	0.985858	0.96057	0.99427	0.991166
89	71|100|110|124	71|100	110|124	122|13|103|14|123|96|77|116|0|104|120|81|117|7|130|16|118|33|72|23	0.293343	0.888889	0.989048	0.969278	0.996266	0.995819
90	65|100|109|110	65|110	100|109	16|103|21|90|52|54|5|82|50|116|63|15|70|64|78|8|33|24|128|10	0.272833	0.666667	0.995276	0.986057	0.998272	0.997798
91	8|26|124|140	8|26	124|140	72|130|16|126|121|143|4|110|86|14|103|79|109|134|80|116|20|88|1|46	0.298966	0.888889	0.999119	0.996937	0.999723	0.999445
92	8|35|103|124	8|103	35|124	80|23|81|130|109|44|16|1|88|105|104|119|95|15|108|115|142|48|52|118	0.272359	0.888889	0.997863	0.992686	0.999314	0.998648
93	15|31|65|71	15|65	31|71	127|44|119|42|114|136|118|40|5|16|72|21|22|52|88|55|10|64|122|35	0.274217	0.666667	0.99324	0.986757	0.997181	0.996971
94	24|72|103|140	24|103	72|140	71|82|116|134|70|27|48|77|35|78|119|5|118|95|94|64|7|54|4|123	0.308892	0.888889	0.980951	0.946653	0.993491	0.992203
95	54|70|100|124	54|70	100|124	20|120|11|117|95|121|130|119|108|32|104|80|110|52|138|45|16|90|118|61	0.289907	0.888889	0.985483	0.965545	0.994276	0.99311
96	35|61|71|110	35|61	71|110	118|138|15|32|73|112|83|95|21|28|68|130|108|20|39|109|52|55|33|77	0.286762	0.857143	0.989213	0.969492	0.995775	0.994485
97	70|96|126|140	70|126	96|140	88|73|107|5|105|15|53|40|10|50|44|138|82|136|124|31|129|125|143|20	0.243628	0.923077	0.971924	0.930533	0.98931	0.986947
98	16|26|61|118	16|61	26|118	109|77|141|79|82|126|67|115|129|21|132|114|113|122|42|48|52|44|68|12	0.281407	0.888889	0.981074	0.949789	0.993616	0.990311
99	10|48|72|86	10|48	72|86	79|100|143|63|121|28|32|4|116|117|85|95|105|61|73|64|39|16|40|15	0.304095	0.888889	0.978984	0.953738	0.990886	0.988474
100	31|54|94|118	31|118	54|94	125|122|64|80|134|130|21|90|140|141|88|13|81|109|124|75|35|1|120|26	0.251468	0.833333	0.982064	0.952275	0.992352	0.992005
101	26|61|67|71	26|67	61|71	110|35|44|13|33|134|21|65|125|58|54|94|8|72|48|130|105|116|68|114	0.277292	0.933333	0.988133	0.96958	0.995139	0.993064
102	27|55|100|118	27|55	100|118	39|12|72|13|33|20|26|140|142|103|124|77|70|138|109|68|115|134|1|4	0.27721	0.923077	0.986936	0.964716	0.994424	0.994257
103	8|15|70|124	8|124	15|70	121|14|138|72|50|141|126|65|12|73|39|20|122|85|67|57|5|7|142|120	0.290201	0.857143	0.986704	0.96155	0.994792	0.992005
104	27|31|67|103	27|67	31|103	95|83|86|132|23|123|70|71|143|82|55|115|33|16|20|141|5|94|13|49	0.264988	0.857143	0.989961	0.971087	0.99645	0.99543
105	31|86|100|140	31|100	86|140	118|32|82|110|16|39|132|67|108|65|28|75|13|40|54|94|27|64|127|52	0.284393	0.833333	0.994147	0.98375	0.997676	0.997253
106	26|50|94|125	26|94	50|125	31|96|23|75|81|115|48|85|108|10|132|67|45|88|5|127|134|105|72|39	0.262891	0.769231	0.990342	0.972643	0.996119	0.99505
107	16|26|55|57	16|55	26|57	3|122|49|79|132|104|114|136|130|126|140|117|125|123|108|118|116|27|73|134	0.282248	0.8	0.968089	0.913654	0.987803	0.978723
108	35|55|67|118	35|55	67|118	11|15|104|132|3|123|120|90|114|143|2|72|44|31|64|53|8|103|140|32	0.265814	0.857143	0.986748	0.971944	0.994003	0.993334
109	8|24|48|125	8|48	24|125	26|121|71|45|11|58|120|5|47|80|136|63|138|81|117|49|53|139|16|140	0.349927	0.888889	0.999378	0.998011	0.9998	0.999626
110	16|61|70|124	16|70	61|124	13|120|126|57|83|94|112|109|33|77|73|96|122|58|115|1|128|141|85|81	0.277084	0.857143	0.974085	0.934516	0.990527	0.9864
111	47|55|124|140	47|124	55|140	114|72|20|32|16|79|23|48|142|54|5|115|45|129|78|121|113|12|39|122	0.253098	0.888889	0.976099	0.936679	0.990294	0.989388
112	24|57|86|124	24|124	57|86	47|40|2|142|119|35|104|15|61|3|120|14|118|94|52|90|138|45|81|125	0.319993	0.769231	0.971754	0.950676	0.990601	0.990222
113	15|27|124|140	15|124	27|140	117|57|50|79|77|141|83|94|11|96|42|108|115|61|123|22|64|23|63|35	0.285575	0.923077	0.99498	0.985614	0.998174	0.997753
114	8|67|100|124	8|67	100|124	68|139|117|55|3|24|73|123|106|10|110|130|65|49|81|83|33|104|58|82	0.307745	0.833333	0.99535	0.985649	0.998296	0.996605
115	8|48|50|54	8|54	48|50	126|12|143|128|28|65|73|44|23|118|24|83|108|52|33|20|68|72|136|78	0.286908	0.75	0.992551	0.977982	0.99691	0.995073
116	110|124|125|140	110|124	125|140	108|134|115|85|32|118|83|46|5|35|106|3|72|58|21|54|81|75|78|55	0.249948	0.923077	0.988143	0.967324	0.996129	0.994411
117	15|16|109|124	15|16	109|124	143|44|132|128|70|126|100|4|47|107|3|130|75|27|117|71|5|42|10|21	0.288312	0.909091	0.986496	0.962813	0.995474	0.993385
118	24|48|72|118	24|72	48|118	88|119|79|134|78|63|95|53|28|55|82|132|71|57|5|4|16|3|139|129	0.283113	0.888889	0.988519	0.967317	0.995177	0.994975
119	35|65|103|112	35|65	103|112	132|15|126|68|24|127|107|28|115|136|70|116|139|109|110|55|95|142|94|7	0.263368	0.727273	0.996439	0.990817	0.998891	0.998534
120	35|67|100|110	35|100	67|110	26|27|10|79|108|63|138|86|130|129|120|78|24|40|4|75|61|55|90|54	0.284782	0.769231	0.994229	0.983427	0.997882	0.997456
121	15|27|86|96	15|96	27|86	120|12|13|106|44|143|142|134|72|88|14|100|35|64|130|65|53|28|1|126	0.264449	0.666667	0.977883	0.942094	0.992866	0.989129
122	27|54|65|140	27|140	54|65	16|35|31|67|21|70|63|61|48|28|116|75|68|47|123|14|10|85|125|141	0.274099	0.857143	0.997125	0.990981	0.99888	0.998614
123	35|54|70|103	35|103	54|70	138|63|90|136|113|67|139|120|119|65|10|124|83|12|108|140|11|24|128|121	0.274477	0.75	0.988263	0.969502	0.995258	0.992345
124	24|64|86|110	24|110	64|86	80|109|122|12|15|72|142|20|55|83|32|71|48|138|35|108|63|45|103|100	0.305085	0.75	0.9573	0.922938	0.98459	0.982931
125	35|67|70|126	35|70	67|126	79|110|75|27|21|130|7|73|120|80|109|88|54|26|13|118|115|123|82|113	0.285609	0.888889	0.981331	0.948522	0.992423	0.989533
126	15|54|64|109	15|54	64|109	2|73|108|0|88|48|57|77|10|7|140|121|117|47|61|113|28|3|128|96	0.277881	0.666667	0.989738	0.975089	0.995688	0.994439
127	57|61|65|86	57|86	61|65	141|119|7|108|63|47|138|2|128|85|127|83|58|27|134|24|42|15|31|142	0.289668	0.8	0.996805	0.990931	0.998386	0.998016
128	31|54|125|126	31|125	54|126	77|44|65|107|136|67|109|12|95|42|79|27|105|55|23|71|53|5|39|116	0.25298	0.857143	0.984331	0.953842	0.994192	0.989042
129	16|50|68|112	16|68	50|112	100|48|86|63|54|138|39|124|0|142|2|42|118|95|127|85|10|27|103|122	0.298121	0.888889	0.990881	0.979777	0.996071	0.995345
130	8|26|27|125	8|125	26|27	55|15|140|109|21|46|114|79|0|53|110|122|13|128|57|31|40|48|1|130	0.256048	0.769231	0.997961	0.992296	0.999409	0.998833
131	50|68|72|118	50|72	68|118	0|32|1|15|96|54|88|104|94|100|126|120|63|138|132|130|108|123|142|14	0.286513	0.8	0.980776	0.949578	0.992144	0.9912
132	10|16|55|96	10|96	16|55	26|129|61|106|80|12|108|20|63|138|142|47|116|57|88|113|54|71|105|124	0.283903	0.888889	0.977038	0.943865	0.991288	0.990779
133	15|55|86|140	15|140	55|86	10|117|112|121|65|50|4|80|32|47|120|123|139|13|100|64|27|118|46|129	0.302347	0.923077	0.988567	0.967124	0.996201	0.993609
134	47|48|70|110	47|48	70|110	108|132|112|5|113|52|123|44|104|10|79|142|16|65|21|134|15|35|127|28	0.285932	0.888889	0.983764	0.958398	0.994229	0.992573
135	24|68|103|112	24|68	103|112	28|47|109|7|96|141|120|115|72|0|39|50|118|61|143|10|105|83|53|40	0.286543	0.888889	0.984928	0.956216	0.994666	0.991022
136	50|94|110|126	50|126	94|110	46|53|8|113|106|125|119|10|95|27|83|31|16|123|79|26|23|57|85|134	0.298759	0.833333	0.987348	0.965527	0.995083	0.994494
137	8|48|70|96	8|96	48|70	71|107|86|128|20|77|7|50|21|22|140|115|79|120|4|117|100|63|132|121	0.323219	0.857143	0.991945	0.975962	0.996147	0.995763
138	15|48|64|70	15|48	64|70	116|77|94|13|117|81|33|35|47|26|12|27|105|75|90|79|129|73|68|83	0.277763	0.8	0.988658	0.969305	0.995646	0.993873
139	26|48|61|118	26|48	61|118	67|114|142|106|132|78|120|96|121|104|116|70|35|68|32|57|119|14|49|127	0.2721	0.727273	0.990904	0.974143	0.996301	0.994857
140	54|57|71|140	54|57	71|140	65|115|78|110|33|27|1|8|81|124|15|39|108|142|47|0|130|104|117|52	0.258988	0.666667	0.989407	0.968236	0.995748	0.993734
141	26|27|71|94	26|71	27|94	32|68|105|52|3|120|44|95|125|12|13|42|109|55|20|80|112|86|14|142	0.244816	0.857143	0.995323	0.985696	0.997813	0.996761
142	65|70|109|110	65|70	109|110	63|44|129|15|54|121|33|136|119|130|1|81|11|139|108|143|125|20|79|116	0.287078	0.8	0.98028	0.947603	0.992384	0.989985
143	50|54|112|125	50|125	54|112	42|10|24|142|12|121|82|94|32|117|61|79|124|13|107|103|108|86|83|64	0.297166	0.857143	0.997564	0.992124	0.999041	0.998414
144	26|27|70|72	26|70	27|72	13|79|1|81|127|15|57|0|54|11|73|141|136|68|50|143|24|39|88|10	0.274873	0.769231	0.997999	0.993858	0.999234	0.998542
145	10|31|68|86	10|31	68|86	134|77|119|103|106|67|16|20|61|132|81|107|28|136|52|58|80|115|57|14	0.288541	0.75	0.985227	0.961594	0.993761	0.992362
146	24|35|50|86	24|50	35|86	48|110|109|73|105|52|82|136|85|141|122|4|21|33|46|80|132|118|114|0	0.320399	0.75	0.961181	0.926654	0.986961	0.985313
147	35|61|96|140	35|140	61|96	83|68|54|141|109|42|104|126|65|88|90|28|73|12|80|106|0|27|136|22	0.256991	0.923077	0.994354	0.985079	0.998083	0.997526
148	27|54|72|124	27|54	72|124	121|31|1|125|68|61|140|24|115|48|75|53|104|67|15|44|46|10|120|129	0.284506	0.857143	0.995733	0.986738	0.998324	0.996796
149	50|54|57|72	50|54	57|72	46|105|126|95|71|15|139|124|0|136|120|80|103|40|7|1|21|35|64|79	0.282382	0.888889	0.98355	0.953514	0.993425	0.991402
150	15|24|27|61	15|61	24|27	118|85|141|14|71|132|114|44|0|46|48|119|52|121|50|126|138|28|72|86	0.312465	0.8	0.998557	0.99556	0.999318	0.998599
151	16|50|94|125	16|50	94|125	53|85|114|21|1|116|103|140|124|8|52|82|110|26|83|134|81|55|105|67	0.28789	0.888889	0.966327	0.91256	0.987833	0.980624
152	47|48|100|103	47|48	100|103	33|12|78|105|42|86|15|121|39|71|139|114|44|20|143|1|53|125|138|32	0.260069	0.8	0.969264	0.937329	0.987	0.986324
153	67|68|112|140	67|68	112|140	71|10|31|115|96|32|108|123|79|22|136|47|49|39|7|134|143|13|120|117	0.254604	0.8	0.993628	0.980509	0.997334	0.996104
154	16|27|57|71	16|57	27|71	121|125|105|120|4|132|79|24|123|75|82|46|116|11|127|117|64|67|5|106	0.324251	0.857143	0.999455	0.998321	0.999837	0.999647
155	8|26|72|125	8|125	26|72	67|32|79|122|113|132|28|109|13|68|117|143|49|15|95|35|71|118|44|110	0.292498	0.888889	0.996577	0.989219	0.999151	0.99856
156	57|86|94|125	57|94	86|125	106|107|21|136|88|8|117|50|77|64|61|81|32|54|138|4|46|105|100|22	0.293832	0.833333	0.979381	0.946565	0.992755	0.989596
157	61|65|109|118	61|118	65|109	108|11|125|5|77|22|75|105|82|68|3|23|134|121|63|21|64|48|55|70	0.275711	0.888889	0.984368	0.966706	0.993462	0.99248
158	24|26|72|125	24|26	72|125	64|54|130|118|124|112|28|122|115|52|86|100|104|120|3|121|68|12|27|139	0.292437	0.888889	0.997688	0.992965	0.999179	0.99823
159	16|57|65|112	16|65	57|112	104|4|44|8|79|71|100|120|77|67|85|10|21|48|70|119|107|55|54|28	0.292275	0.888889	0.98133	0.949333	0.99321	0.989696
160	68|72|110|124	68|110	72|124	115|142|90|136|54|32|46|106|67|63|140|83|61|5|104|143|44|88|130|55	0.25141	0.769231	0.983569	0.955854	0.994176	0.991344
161	27|57|65|94	27|57	65|94	0|5|70|28|31|107|4|20|55|82|103|127|121|80|78|32|50|63|116|120	0.260249	0.666667	0.990671	0.975966	0.996616	0.996435
162	15|35|68|86	15|35	68|86	119|71|83|141|61|46|104|33|136|53|108|28|81|117|125|14|138|54|95|20	0.286404	0.666667	0.971421	0.919814	0.989453	0.983011
163	15|26|48|94	15|48	26|94	7|120|14|86|116|27|117|103|61|88|50|4|127|49|123|138|45|1|42|134	0.290482	0.769231	0.993314	0.978576	0.997054	0.996472
164	70|109|118|124	70|109	118|124	136|23|96|64|125|4|46|35|20|106|40|95|68|114|50|33|90|108|48|47	0.282243	0.833333	0.992323	0.976217	0.996895	0.996521
165	26|31|54|86	26|54	31|86	106|52|94|71|113|88|27|138|64|0|23|14|13|79|130|20|132|125|11|1	0.282222	0.769231	0.971494	0.925713	0.989093	0.985098
166	57|71|118|140	57|71	118|140	81|32|77|100|54|35|72|116|85|55|73|143|129|67|4|96|114|112|78|27	0.257688	0.833333	0.995341	0.986466	0.998294	0.997047
167	31|35|50|126	31|126	35|50	77|94|83|105|57|32|143|67|117|63|136|100|5|121|26|95|88|75|103|134	0.276853	0.75	0.983419	0.961697	0.993272	0.99254
168	10|110|125|126	10|110	125|126	136|23|83|115|45|40|100|120|117|3|82|139|141|123|134|0|127|105|107|47	0.261957	0.666667	0.95199	0.884395	0.979386	0.971044
169	8|15|50|96	8|15	50|96	68|125|128|138|105|21|47|90|72|0|118|32|35|1|117|107|57|123|80|11	0.297364	0.857143	0.990012	0.972568	0.996451	0.99468
170	61|94|96|140	61|96	94|140	47|57|142|118|0|116|10|7|83|95|73|49|129|24|64|46|132|125|143|28	0.275452	0.923077	0.994991	0.985565	0.997953	0.997749
171	8|54|109|124	8|109	54|124	72|40|71|52|73|45|26|0|86|140|58|81|142|128|47|5|106|10|46|136	0.283898	0.8	0.996543	0.990608	0.998596	0.998117
172	68|100|118|126	68|118	100|126	130|119|31|33|22|138|82|64|15|122|77|27|49|45|11|79|23|104|3|10	0.240669	0.769231	0.981355	0.947933	0.992358	0.98904
173	10|15|70|94	10|94	15|70	110|105|55|125|23|48|16|72|100|33|86|39|124|96|3|28|4|116|80|42	0.27157	0.833333	0.986708	0.966938	0.994472	0.992714
174	55|61|70|86	55|86	61|70	5|110|138|82|39|1|47|132|134|72|33|116|127|136|78|46|120|53|12|24	0.292675	0.8	0.987256	0.967123	0.994233	0.993375
175	10|47|54|72	10|47	54|72	58|45|40|113|107|108|123|140|1|104|109|52|132|75|110|106|81|64|32|70	0.268246	0.666667	0.963936	0.918637	0.986105	0.981279
176	8|55|57|86	8|57	55|86	15|85|13|130|27|117|120|22|142|46|71|129|128|23|90|121|116|81|107|127	0.32665	0.857143	0.957116	0.874733	0.982721	0.967849
177	8|10|71|110	8|110	10|71	83|142|95|136|73|78|113|124|112|119|118|130|134|121|3|129|2|50|24|53	0.317946	0.857143	0.976071	0.936394	0.991046	0.986775
178	57|67|71|124	57|71	67|124	129|65|107|49|105|61|33|75|72|86|22|70|52|0|14|121|113|68|110|106	0.300819	0.888889	0.994652	0.985329	0.997667	0.996368
179	26|72|96|110	26|72	96|110	65|20|140|44|118|15|94|105|85|139|127|47|90|124|107|112|81|10|128|2	0.257619	0.727273	0.99357	0.981132	0.997921	0.996787
180	10|16|35|96	10|35	16|96	0|13|88|123|33|50|142|61|136|5|75|58|64|63|23|39|78|127|1|117	0.300058	0.888889	0.957752	0.891952	0.983525	0.981964
181	47|50|54|103	47|50	54|103	64|13|28|142|127|77|65|80|134|48|52|112|113|128|22|4|94|110|61|12	0.265694	0.8	0.97947	0.942514	0.992328	0.990828
182	31|65|86|112	31|86	65|112	32|134|53|103|121|68|0|100|80|2|70|14|5|15|125|117|27|114|61|71	0.282481	0.857143	0.986174	0.955855	0.995275	0.991003
183	10|55|94|140	10|55	94|140	83|35|39|31|46|124|15|23|8|50|82|0|122|110|112|4|2|125|7|142	0.24082	0.923077	0.973344	0.937845	0.988327	0.98385
184	31|71|100|110	31|110	71|100	44|95|26|2|21|138|123|1|79|55|22|67|40|13|53|32|33|10|57|24	0.260344	0.833333	0.984893	0.960621	0.994116	0.993969
185	35|65|70|140	35|70	65|140	85|26|114|32|126|58|33|119|138|15|117|106|104|142|57|0|63|103|122|79	0.26316	0.923077	0.976863	0.940856	0.990333	0.98733
186	27|48|55|57	27|57	48|55	138|116|126|88|115|103|58|82|46|10|90|100|124|104|39|40|3|134|120|79	0.291782	0.909091	1	1	1	1
187	61|65|72|96	61|96	65|72	54|112|104|117|16|40|138|116|44|130|64|78|14|32|28|3|134|120|129|123	0.281545	0.857143	0.985118	0.961997	0.993501	0.991164
188	26|94|100|124	26|94	100|124	65|142|24|40|128|143|90|104|78|88|119|115|83|121|61|103|114|70|42|11	0.25197	0.769231	0.993595	0.980442	0.997473	0.996766
189	26|64|70|100	26|70	64|100	129|61|14|33|77|21|121|8|31|140|88|75|68|40|54|126|10|44|71|116	0.268408	0.833333	0.988337	0.972005	0.995587	0.994958
190	8|48|54|57	8|57	48|54	13|46|121|14|129|64|63|123|47|72|120|5|35|49|106|32|27|103|112|130	0.316579	0.857143	0.995499	0.985469	0.99825	0.996723
191	50|86|125|126	50|125	86|126	73|42|113|129|90|26|10|71|8|48|141|11|115|108|33|79|2|104|138|47	0.300695	0.875	0.972749	0.931097	0.989201	0.98434
192	16|57|86|100	16|57	86|100	112|50|20|44|106|64|47|35|83|127|70|14|119|32|117|2|138|28|136|45	0.31715	0.8	0.978648	0.962304	0.992814	0.992604
193	10|100|103|112	10|100	103|112	49|35|143|73|65|117|16|107|85|12|109|81|57|129|47|24|13|45|5|63	0.249527	0.75	0.985468	0.956798	0.994118	0.990397
194	24|47|110|140	24|140	47|110	65|113|1|55|20|0|103|44|42|143|127|28|68|39|114|108|4|116|12|86	0.276003	0.8	0.986248	0.961971	0.994649	0.990474
195	67|110|118|126	67|126	110|118	85|10|22|75|42|31|16|81|112|48|136|123|28|128|45|108|8|12|32|40	0.262459	0.666667	0.990885	0.97325	0.996633	0.996446
196	24|48|54|94	24|94	48|54	55|95|119|85|42|52|61|118|0|49|143|124|86|71|106|53|2|82|10|128	0.287653	0.833333	0.995758	0.986486	0.998163	0.997739
197	26|50|96|126	26|126	50|96	124|55|39|117|143|32|63|82|105|57|72|125|103|33|85|73|141|106|132|48	0.260721	0.666667	0.953738	0.8916	0.98047	0.976345
198	35|55|57|61	35|55	57|61	109|95|108|45|129|82|85|16|132|103|86|8|40|90|117|120|119|138|118|42	0.300757	0.857143	0.985397	0.957527	0.993377	0.991434
199	15|26|112|118	15|26	112|118	121|71|120|80|12|125|7|129|57|109|116|28|90|67|141|4|42|52|58|50	0.273396	0.933333	0.99604	0.987794	0.998391	0.998356
200	15|24|55|112	15|112	24|55	106|73|140|65|126|124|94|31|3|48|142|114|75|141|63|105|113|85|134|20	0.266056	0.75	0.959438	0.899404	0.984201	0.975073
201	26|55|100|103	26|100	55|103	118|126|11|122|119|108|123|71|115|104|48|136|106|125|96|130|85|8|72|83	0.256361	0.769231	0.983022	0.954017	0.993345	0.992901
202	15|70|94|110	15|110	70|94	120|100|63|8|83|88|73|33|118|47|77|112|61|13|141|103|28|23|127|126	0.273508	0.833333	0.987192	0.964994	0.994934	0.994691
203	27|67|72|103	27|72	67|103	116|0|73|95|22|11|129|55|104|35|128|20|68|3|124|10|12|15|143|136	0.263666	0.909091	0.995817	0.986865	0.99811	0.996423
204	26|47|48|103	26|48	47|103	0|140|112|130|55|77|14|116|86|106|64|85|21|129|134|31|11|100|117|123	0.257891	0.8	0.992661	0.977711	0.997638	0.995583
205	26|27|50|126	26|50	27|126	90|48|72|117|85|21|44|106|112|68|114|58|52|32|77|14|136|123|142|94	0.292954	0.933333	0.989641	0.970857	0.995958	0.995943
206	31|94|96|100	31|94	96|100	32|3|126|104|72|85|114|108|129|132|47|64|55|75|143|52|23|14|2|5	0.253385	0.666667	0.994345	0.983023	0.997738	0.997239
207	64|110|118|126	64|126	110|118	124|117|75|121|104|35|5|1|31|96|22|58|132|8|116|113|52|67|10|4	0.257949	0.727273	0.977124	0.943998	0.990865	0.987826
208	35|103|118|140	35|140	103|118	119|14|75|116|141|115|142|100|96|24|16|27|3|22|70|130|55|21|127|58	0.285336	0.833333	0.993946	0.984503	0.997383	0.996238
209	15|61|67|118	15|61	67|118	100|125|64|78|50|55|72|31|109|132|143|121|11|8|52|120|136|95|14|49	0.299908	0.888889	0.996156	0.989642	0.998628	0.997804
210	15|48|55|86	15|48	55|86	52|23|27|7|53|94|79|134|2|116|73|57|121|61|10|26|104|54|14|119	0.294577	0.75	0.985363	0.957939	0.995143	0.991714
211	24|27|61|124	24|27	61|124	13|3|15|11|120|115|73|4|28|75|21|42|128|65|132|85|138|7|121|49	0.284762	0.857143	0.957552	0.893154	0.984306	0.975957
212	48|50|54|55	48|55	50|54	10|49|117|115|20|90|78|119|86|143|27|35|63|16|22|1|7|13|118|47	0.316632	0.888889	0.99385	0.98274	0.99755	0.995429
213	24|65|94|109	24|94	65|109	141|90|31|50|7|105|26|73|12|3|88|107|54|27|28|8|125|85|2|35	0.275985	0.666667	0.976377	0.935782	0.99133	0.985117
214	47|54|61|86	47|86	54|61	58|95|13|127|122|27|16|72|15|112|109|45|82|107|136|12|26|94|103|129	0.285739	0.857143	0.982021	0.950185	0.992753	0.990912
215	50|57|94|100	50|94	57|100	77|96|79|47|140|35|55|44|73|54|90|26|12|142|86|2|13|20|68|21	0.248364	0.833333	0.994545	0.985177	0.997725	0.995548
216	8|10|48|54	8|48	10|54	140|105|77|14|50|132|94|61|103|107|68|83|15|5|70|20|90|109|12|58	0.28609	0.615385	0.974872	0.935475	0.990139	0.985167
217	8|67|71|118	8|71	67|118	12|46|10|54|136|114|79|63|100|139|88|53|23|49|4|128|65|24|31|134	0.269581	0.8	0.998996	0.996833	0.999605	0.999377
218	57|94|100|125	57|94	100|125	117|123|127|88|61|86|35|77|5|136|105|122|108|63|106|58|113|130|118|143	0.234223	0.571429	0.989712	0.968876	0.995842	0.993895
219	16|54|67|126	16|126	54|67	104|42|28|75|10|52|116|79|3|0|1|55|33|48|21|113|71|45|68|46	0.283493	0.888889	0.972173	0.930015	0.989233	0.984336
220	15|26|35|110	15|35	26|110	71|44|117|10|77|53|107|50|116|136|47|94|128|96|16|73|108|70|4|3	0.283588	0.8	0.998437	0.994989	0.999397	0.999075
221	15|26|124|126	15|26	124|126	12|110|128|2|141|86|71|53|114|45|136|20|88|63|125|103|140|85|11|138	0.248885	0.769231	0.989728	0.971554	0.995602	0.994308
222	8|48|65|94	8|65	48|94	112|73|7|39|1|83|21|121|129|15|4|95|27|134|106|104|31|35|122|0	0.303379	0.857143	0.990237	0.968191	0.995794	0.991941
223	8|55|118|125	8|55	118|125	104|61|124|139|20|117|107|81|35|49|80|121|70|120|63|46|68|142|44|12	0.297985	0.875	0.99408	0.9828	0.997662	0.99726
224	16|35|64|109	16|109	35|64	121|75|85|138|53|14|100|40|49|33|116|58|54|21|96|78|142|77|82|125	0.30325	0.888889	0.978858	0.94088	0.992236	0.98981
225	31|64|86|94	31|86	64|94	100|11|47|16|63|61|57|79|0|141|126|42|27|68|54|7|117|96|2|116	0.286262	0.833333	0.994889	0.984576	0.99781	0.99709
226	8|27|68|140	8|68	27|140	115|108|15|114|49|45|64|125|13|120|129|103|47|94|0|2|75|50|132|44	0.284717	0.857143	0.995358	0.986042	0.997979	0.996934
227	27|61|94|124	27|124	61|94	139|13|7|121|44|119|95|122|28|116|31|4|24|79|26|120|107|80|67|109	0.295734	0.833333	0.994786	0.983795	0.997624	0.995498
228	10|64|86|94	10|64	86|94	49|115|123|28|33|55|48|100|88|22|53|118|126|20|85|77|54|113|78|31	0.303251	0.888889	0.97209	0.925355	0.989989	0.989923
229	26|55|96|109	26|55	96|109	75|113|3|54|128|32|78|47|65|94|130|28|16|58|136|112|126|42|7|35	0.24618	0.933333	0.991355	0.974128	0.995901	0.993805
230	24|27|86|140	24|140	27|86	49|113|90|83|130|11|116|73|64|108|50|23|71|126|139|127|128|70|121|10	0.330443	0.923077	0.97105	0.951502	0.990356	0.989641
231	15|31|64|112	15|31	64|112	33|16|86|79|95|47|2|77|117|123|108|139|141|0|58|12|107|61|116|132	0.257405	0.857143	0.992646	0.978377	0.997111	0.996146
232	55|61|100|140	55|100	61|140	114|48|127|122|26|136|119|73|70|104|67|35|7|112|58|65|105|118|47|33	0.242061	0.857143	0.995285	0.9859	0.998073	0.997504
233	16|24|64|110	16|110	24|64	134|78|82|0|140|106|88|7|42|45|119|5|96|1|49|39|12|122|57|90	0.278615	0.888889	0.944682	0.900962	0.978622	0.97691
234	68|70|94|125	68|70	94|125	27|48|113|123|73|143|107|96|106|138|95|0|31|121|82|15|140|132|115|57	0.270097	0.857143	0.977004	0.937568	0.989937	0.985455
235	27|31|100|112	27|31	100|112	132|117|96|63|138|23|143|73|4|48|13|118|119|67|54|106|28|120|72|40	0.273569	0.888889	0.987725	0.970865	0.994894	0.993122
236	31|55|61|70	31|61	55|70	81|115|123|140|20|23|22|71|106|125|143|85|105|26|78|129|138|10|48|79	0.260843	0.75	0.965686	0.931553	0.986546	0.984706
237	27|48|118|125	27|48	118|125	88|122|15|140|3|107|57|78|116|22|46|103|123|115|49|143|104|110|32|24	0.256455	0.875	0.997128	0.990258	0.998841	0.997731
238	10|50|55|140	10|140	50|55	126|11|100|132|5|86|113|20|53|112|67|115|40|28|32|82|26|116|141|35	0.303807	0.857143	0.993894	0.985432	0.99781	0.997255
239	24|27|35|118	24|35	27|118	65|53|26|83|7|61|31|75|13|90|80|77|46|140|139|129|58|81|142|67	0.279673	0.857143	0.963973	0.912582	0.987192	0.980227
240	35|55|65|96	35|96	55|65	71|61|81|49|57|11|106|5|141|31|78|85|22|80|33|122|8|113|125|126	0.266657	0.857143	0.987421	0.961571	0.995452	0.993154
241	50|71|94|109	50|109	71|94	83|119|117|47|15|21|26|58|5|115|10|42|72|48|11|132|116|79|120|114	0.278423	0.8	0.985115	0.960102	0.993308	0.991573
242	24|96|109|112	24|96	109|112	104|14|85|3|67|48|10|127|61|12|125|100|139|4|44|39|129|114|26|33	0.275711	0.857143	0.975446	0.941536	0.991255	0.987236
243	24|47|50|112	24|47	50|112	119|8|31|72|32|26|16|126|90|63|54|129|88|123|52|108|71|61|82|79	0.323527	0.857143	0.990245	0.969469	0.996584	0.993671
244	26|47|55|70	26|47	55|70	11|48|21|109|50|107|54|88|124|24|57|139|27|81|35|100|28|126|52|44	0.263553	0.666667	0.988015	0.96671	0.995782	0.995196
245	24|27|94|125	24|27	94|125	136|65|126|72|139|22|58|115|21|130|2|95|116|47|88|64|14|143|15|110	0.261417	0.833333	0.984883	0.959088	0.995191	0.992135
246	8|24|55|125	8|55	24|125	27|82|20|65|32|110|73|115|21|13|0|70|122|95|105|54|120|83|4|16	0.29184	0.857143	0.994119	0.982301	0.997433	0.995493
247	10|15|55|100	10|15	55|100	138|106|58|129|117|110|83|82|75|33|3|132|142|90|85|78|124|16|139|28	0.266248	0.769231	0.956596	0.910845	0.981501	0.977676
248	50|54|64|71	50|64	54|71	113|45|134|7|27|68|117|83|124|23|127|42|32|125|88|61|53|115|86|33	0.275869	0.8	0.985754	0.959222	0.994213	0.993274
249	27|71|100|125	27|100	71|125	24|79|130|39|53|11|82|107|117|32|50|139|21|77|15|0|85|46|86|143	0.292142	0.769231	0.991596	0.974246	0.996803	0.995145
250	10|26|68|70	10|68	26|70	49|134|136|107|139|119|110|124|112|82|61|109|24|81|22|7|55|2|15|0	0.275509	0.75	0.983777	0.959283	0.99312	0.989517
251	16|50|54|68	16|54	50|68	2|88|128|77|121|11|21|70|113|123|1|103|122|63|31|138|13|5|4|32	0.287334	0.666667	0.959533	0.900607	0.984817	0.98023
252	15|27|47|61	15|27	47|61	67|119|11|22|58|2|143|8|71|57|32|75|83|104|73|88|94|7|3|33	0.258071	0.769231	0.965147	0.907354	0.98691	0.977306
253	24|109|112|124	24|109	112|124	20|142|78|96|40|126|106|114|53|35|75|33|58|54|85|123|100|121|47|79	0.287632	0.888889	0.985639	0.958379	0.995375	0.9923
254	47|50|72|110	47|50	72|110	0|12|4|142|128|40|11|88|108|2|100|64|116|82|143|132|86|80|130|16	0.283389	0.727273	0.981197	0.950731	0.993131	0.992953
255	16|64|65|94	16|65	64|94	125|39|143|57|127|44|104|10|113|116|78|83|13|81|95|88|109|2|22|121	0.290451	0.888889	0.95918	0.907465	0.984605	0.983109
256	26|35|47|96	26|96	35|47	71|15|123|122|27|72|115|5|57|109|23|132|49|142|100|107|114|21|141|28	0.233283	0.666667	0.982318	0.948496	0.993605	0.99302
257	24|54|96|103	24|96	54|103	0|127|90|123|52|83|80|14|88|67|33|94|53|10|61|77|7|50|128|95	0.260351	0.666667	0.950281	0.895795	0.981705	0.976423
258	71|100|110|140	71|110	100|140	88|112|134|118|107|119|40|142|22|1|75|33|0|39|54|117|94|64|8|115	0.28734	0.923077	0.986309	0.961066	0.994906	0.994675
259	10|50|112|125	10|112	50|125	136|40|27|88|130|95|35|54|85|3|14|119|80|141|61|15|123|129|7|16	0.313144	0.888889	0.989234	0.966524	0.995691	0.991686
260	47|57|65|100	47|100	57|65	32|10|82|14|95|132|130|35|105|64|26|70|129|44|83|90|67|115|22|142	0.256008	0.833333	0.982013	0.956831	0.993736	0.99086
261	35|57|67|86	35|57	67|86	3|125|108|95|94|45|70|116|122|7|8|126|88|142|115|127|53|71|13|26	0.297603	0.857143	0.975721	0.930334	0.990725	0.983454
262	15|72|86|140	15|140	72|86	14|67|12|49|39|100|134|45|61|22|55|79|44|126|90|117|120|21|132|114	0.290088	0.833333	0.979729	0.943294	0.99315	0.989114
263	8|96|100|124	8|96	100|124	117|134|109|48|57|20|85|86|47|104|44|123|2|127|126|130|58|140|7|118	0.306899	0.923077	0.99832	0.994595	0.999356	0.99869
264	70|96|109|140	70|140	96|109	33|47|103|130|32|55|105|86|138|113|127|35|129|11|63|110|72|7|107|22	0.265591	0.923077	0.994169	0.982633	0.997465	0.997402
265	26|35|48|86	26|48	35|86	118|42|122|140|33|24|32|7|103|54|1|143|130|85|136|82|58|39|132|4	0.309877	0.933333	0.998671	0.995772	0.999369	0.998803
266	124|125|126|140	124|126	125|140	22|117|115|12|4|49|112|35|82|105|127|58|94|116|96|114|86|130|27|26	0.313055	0.909091	0.994019	0.981252	0.997378	0.996542
267	8|27|57|70	8|70	27|57	11|139|3|81|124|14|142|35|54|39|7|21|31|20|143|13|94|109|85|106	0.297176	0.909091	0.993547	0.979129	0.997738	0.995687
268	64|71|96|112	64|96	71|112	57|58|45|15|10|139|23|35|104|82|1|70|31|85|44|129|81|75|103|113	0.285603	0.888889	0.987552	0.967273	0.995804	0.992873
269	47|72|103|140	47|140	72|103	142|64|27|70|68|8|4|61|73|82|127|95|75|114|55|107|124|138|22|88	0.241241	0.923077	0.981414	0.949667	0.993126	0.991165
270	24|48|112|140	24|112	48|140	108|107|104|45|26|132|138|126|119|103|94|129|7|4|32|115|80|8|14|110	0.284876	0.923077	0.966111	0.911589	0.987649	0.97919
271	54|67|70|124	54|70	67|124	129|112|123|71|105|33|63|118|24|117|121|23|3|116|35|5|134|31|82|26	0.286045	0.833333	0.976452	0.939165	0.989355	0.98836
272	8|57|61|70	8|57	61|70	55|22|126|95|127|10|32|67|46|109|108|138|88|40|122|4|132|81|113|140	0.288571	0.75	0.984861	0.959989	0.993999	0.99072
273	10|16|50|54	10|50	16|54	134|126|115|35|39|68|100|40|20|113|45|125|127|26|14|33|8|78|142|136	0.30636	0.888889	0.956542	0.893797	0.982677	0.979863
274	15|48|67|94	15|67	48|94	68|116|16|4|132|58|138|42|40|117|118|90|71|103|47|136|55|108|121|31	0.273366	0.888889	0.991321	0.975894	0.996713	0.995232
275	8|31|70|72	8|70	31|72	10|73|64|48|136|65|23|7|96|124|116|61|130|54|140|57|94|114|141|20	0.283831	0.888889	0.997651	0.992748	0.99905	0.998137
276	57|70|71|124	57|124	70|71	27|126|139|109|28|79|122|119|55|23|132|123|96|47|53|24|128|13|67|110	0.286279	0.909091	0.998417	0.995047	0.999249	0.998562
277	27|71|72|109	27|71	72|109	22|1|57|136|142|2|13|95|23|86|0|33|42|96|118|85|123|64|119|80	0.270428	0.769231	0.991705	0.974691	0.9966	0.993781
278	70|86|94|96	70|94	86|96	110|79|129|10|83|45|40|71|78|118|121|42|104|24|26|47|130|100|122|116	0.287584	0.833333	0.994396	0.984335	0.997535	0.997285
279	8|72|110|124	8|72	110|124	64|77|50|136|35|138|54|16|15|80|70|143|45|13|53|2|103|44|115|121	0.30125	0.888889	0.993245	0.979433	0.997428	0.996148
280	10|26|118|140	10|118	26|140	112|136|114|21|106|115|113|73|138|116|129|109|68|80|126|61|120|0|88|123	0.263662	0.923077	0.976724	0.938654	0.991383	0.986624
281	57|64|67|118	57|118	64|67	114|82|125|120|1|134|42|138|73|70|123|13|142|65|14|88|112|121|33|24	0.26562	0.8	0.9809	0.949827	0.99212	0.987572
282	24|70|110|118	24|70	110|118	82|123|94|100|1|86|142|50|22|140|68|114|128|33|8|67|61|115|52|120	0.294623	0.8	0.995084	0.985685	0.998212	0.99747
283	16|31|64|86	16|64	31|86	39|94|85|77|95|5|7|40|1|123|14|46|136|128|117|52|68|80|103|4	0.287483	0.888889	0.953709	0.917445	0.983337	0.983272
284	10|27|54|126	10|27	54|126	73|142|31|52|44|100|26|78|32|20|107|8|104|35|94|42|134|47|48|67	0.27384	0.727273	0.985065	0.958176	0.994209	0.992417
285	15|26|47|72	15|26	47|72	81|33|143|12|79|123|70|122|82|128|80|14|49|0|141|40|53|126|28|109	0.251594	0.888889	0.97559	0.937054	0.991901	0.987644
286	8|48|55|124	8|55	48|124	96|142|129|120|80|104|1|24|83|10|139|119|4|23|109|143|20|95|134|47	0.2582	0.857143	1	1	1	1
287	8|24|50|125	8|24	50|125	86|65|64|61|16|95|77|80|45|130|63|72|132|10|47|67|120|40|7|128	0.330319	0.857143	0.999656	0.99893	0.999908	0.99981
288	8|27|110|125	8|110	27|125	22|122|13|39|50|0|7|121|24|44|88|77|95|117|113|58|48|94|78|64	0.330349	0.857143	0.996968	0.989506	0.999105	0.998195
289	64|68|86|109	64|109	68|86	139|13|132|96|53|58|112|81|5|46|114|26|83|125|143|0|52|85|7|117	0.271778	0.888889	0.959439	0.907979	0.983558	0.979456
290	15|24|57|100	15|24	57|100	143|79|47|139|42|1|64|130|120|109|96|112|67|123|33|50|77|94|134|82	0.291557	0.923077	0.988898	0.967162	0.996582	0.993645
291	96|103|110|118	96|103	110|118	80|64|105|1|140|46|48|134|129|81|58|90|116|100|106|109|28|122|113|10	0.265275	0.727273	0.991794	0.975825	0.99665	0.996034
292	48|55|64|72	48|72	55|64	128|134|22|109|0|143|10|61|14|121|108|114|132|83|78|119|122|81|138|53	0.26899	0.888889	0.984662	0.956825	0.994151	0.991372
293	16|61|67|94	16|94	61|67	54|125|45|4|53|75|46|124|22|120|14|121|115|23|55|42|132|105|117|122	0.278669	0.888889	0.968385	0.922097	0.988057	0.986701
294	48|103|112|124	48|103	112|124	134|116|128|50|126|117|54|139|130|141|26|136|57|8|20|109|86|68|119|52	0.285625	0.727273	0.998876	0.996188	0.999535	0.999074
295	8|24|48|118	8|48	24|118	100|31|64|78|126|55|95|124|114|125|75|129|94|52|46|142|80|1|106|47	0.26284	0.8	0.987267	0.961601	0.995717	0.992172
296	64|71|94|125	64|125	71|94	123|65|121|115|136|16|12|80|85|116|100|68|55|67|10|52|120|1|40|82	0.257168	0.888889	0.995594	0.987165	0.998409	0.998109
297	57|64|94|112	57|64	94|112	10|124|42|104|24|61|75|117|21|4|27|40|140|123|7|72|95|1|118|80	0.277697	0.888889	0.993397	0.980095	0.99752	0.996482
298	27|48|96|103	27|48	96|103	134|100|39|55|126|139|7|68|122|26|75|73|13|52|65|85|115|78|10|117	0.256687	0.8	0.992835	0.982924	0.997352	0.996772
299	26|54|67|94	26|67	54|94	65|21|11|81|71|48|45|128|116|49|138|14|78|107|73|88|20|5|80|7	0.273087	0.888889	0.960972	0.899789	0.984012	0.978674
300	15|67|70|118	15|67	70|118	104|14|114|22|136|116|58|129|10|141|27|16|140|0|126|143|68|73|100|113	0.257333	0.8	0.998154	0.993982	0.999416	0.999085
301	27|86|94|140	27|94	86|140	104|81|95|21|108|47|85|63|106|42|112|128|122|117|45|23|22|105|58|120	0.274755	0.833333	0.97192	0.928648	0.989125	0.98441
302	24|35|50|71	24|71	35|50	11|108|80|65|142|12|119|57|121|110|115|52|22|103|26|7|14|73|27|33	0.31817	0.8	0.969312	0.914399	0.989299	0.982432
303	27|57|65|94	27|94	57|65	79|83|16|108|132|86|77|112|3|64|128|113|138|119|24|130|118|55|75|63	0.293585	0.8	0.996952	0.990569	0.998568	0.9982
304	15|16|35|48	15|48	16|35	128|100|20|125|23|52|122|95|121|83|32|138|4|139|80|141|45|14|7|106	0.25293	0.75	0.96714	0.910611	0.987478	0.980842
305	10|47|55|86	10|55	47|86	116|16|24|117|3|20|126|104|90|32|50|122|115|109|23|140|124|125|141|14	0.273771	0.8	0.965188	0.924631	0.985175	0.977699
306	68|70|71|100	68|70	71|100	2|86|122|64|115|58|22|63|78|13|1|4|45|52|118|79|117|12|142|81	0.252467	0.666667	0.985308	0.962691	0.994235	0.992671
307	31|54|103|140	31|140	54|103	139|116|77|47|48|44|96|20|2|85|24|14|141|15|118|95|71|138|55|124	0.271819	0.923077	0.993025	0.980052	0.997268	0.997181
308	47|55|61|112	47|112	55|61	68|122|103|42|70|118|86|95|8|79|114|119|106|58|121|108|123|81|124|49	0.251835	0.8	0.98414	0.958671	0.994048	0.992545
309	16|54|86|100	16|54	86|100	130|24|2|103|72|112|90|48|136|114|141|109|40|139|14|45|117|142|7|73	0.306417	0.888889	0.990067	0.970075	0.995621	0.994331
310	86|103|112|125	86|103	112|125	42|54|53|136|130|118|106|40|88|46|100|49|50|132|65|71|139|10|77|27	0.28952	0.888889	0.985991	0.958345	0.995132	0.990891
311	10|26|57|125	10|125	26|57	129|4|132|73|95|134|16|80|33|123|100|2|142|140|54|65|55|143|13|12	0.249023	0.75	0.98829	0.963713	0.995512	0.991535
312	10|96|109|125	10|125	96|109	77|108|15|2|122|94|68|100|20|52|16|112|103|61|85|117|106|21|107|143	0.265902	0.8	0.989726	0.969332	0.99572	0.993564
313	50|54|118|124	50|54	118|124	24|88|129|64|13|104|70|57|68|85|39|55|125|2|49|81|134|117|95|52	0.291568	0.8	0.989255	0.971912	0.995439	0.993604
314	27|55|103|140	27|55	103|140	8|120|33|63|130|114|39|15|32|90|48|11|54|116|58|85|80|115|24|141	0.281196	0.857143	0.99146	0.975768	0.996514	0.995438
315	10|54|112|118	10|112	54|118	55|16|136|26|45|73|39|138|132|33|52|49|32|11|63|79|140|109|15|100	0.268557	0.857143	0.985107	0.960964	0.993471	0.991882
316	26|27|86|126	26|27	86|126	114|33|2|85|80|119|108|65|45|50|96|77|28|8|4|104|22|115|64|49	0.292169	0.857143	0.975521	0.933315	0.991528	0.985857
317	15|16|48|54	15|48	16|54	77|81|20|124|49|83|45|28|114|104|42|73|7|127|64|103|57|120|68|130	0.297418	0.888889	0.974509	0.931334	0.990767	0.986028
318	70|100|103|124	70|103	100|124	23|141|142|2|86|130|31|127|110|82|128|1|10|83|78|46|14|88|52|132	0.246941	0.769231	0.991353	0.979906	0.996532	0.996411
319	65|68|100|118	65|100	68|118	116|4|136|35|50|70|140|39|48|58|128|14|79|103|73|86|142|129|44|119	0.263808	0.833333	0.987172	0.961886	0.994995	0.992735
320	26|54|100|103	26|54	100|103	32|120|126|121|22|14|123|20|0|138|132|40|94|31|141|27|50|44|90|75	0.262473	0.833333	0.968412	0.926454	0.987783	0.986645
321	26|27|54|103	26|27	54|103	50|138|3|80|67|15|125|109|48|22|123|142|63|45|1|57|132|140|113|10	0.255605	0.857143	0.990033	0.970411	0.996027	0.99386
322	35|55|64|124	35|64	55|124	109|15|5|136|79|48|123|42|26|121|68|32|4|47|112|39|95|75|46|110	0.276021	0.8	0.989399	0.969455	0.994744	0.993865
323	24|48|65|103	24|103	48|65	142|14|35|124|82|50|20|47|104|21|140|0|31|107|1|13|46|39|70|83	0.296351	0.8	0.987361	0.961362	0.995591	0.991585
324	10|35|70|118	10|118	35|70	63|82|136|0|88|33|127|96|67|103|128|21|11|109|5|32|114|112|73|132	0.288096	0.857143	0.988782	0.970185	0.995574	0.995277
325	35|67|94|118	35|67	94|118	3|107|121|72|105|122|108|46|58|143|128|139|136|44|55|106|7|70|117|16	0.280226	0.769231	0.990175	0.977641	0.996046	0.994679
326	35|61|65|112	35|65	61|112	55|77|48|46|85|20|73|14|126|88|95|40|8|0|27|134|23|1|130|123	0.294994	0.888889	0.976403	0.96182	0.989829	0.98672
327	8|10|47|110	8|47	10|110	21|53|90|14|64|48|104|80|141|11|70|26|113|106|129|72|121|31|71|132	0.296044	0.857143	0.979806	0.945541	0.992434	0.9911
328	10|24|124|125	10|124	24|125	118|130|63|85|47|115|140|23|121|120|100|113|15|138|95|139|14|108|96|7	0.248751	0.666667	0.968797	0.922574	0.987889	0.987676
329	55|61|71|86	55|86	61|71	110|73|109|4|80|27|138|68|142|20|114|106|128|11|83|140|96|2|122|100	0.266265	0.666667	0.97899	0.944994	0.992119	0.988687
330	48|65|70|86	48|86	65|70	88|103|35|49|121|73|80|81|134|126|71|46|95|23|40|44|107|140|63|3	0.286648	0.888889	0.948511	0.886689	0.97982	0.978451
331	8|27|65|125	8|125	27|65	47|82|57|88|16|61|118|79|33|86|121|107|100|32|64|112|3|108|46|136	0.31499	0.857143	1	1	1	1
332	31|57|109|125	31|125	57|109	110|120|7|33|26|27|86|100|75|64|12|50|139|114|128|82|55|49|48|115	0.263024	0.875	0.998337	0.994477	0.999198	0.998399
333	24|72|94|96	24|96	72|94	122|55|3|82|13|112|49|0|21|65|5|77|54|42|107|138|123|90|142|85	0.261641	0.888889	0.969019	0.919576	0.988904	0.984583
334	15|64|67|125	15|64	67|125	115|58|83|49|3|40|1|88|28|12|55|80|70|77|109|103|100|11|141|143	0.262025	0.888889	0.981181	0.949642	0.992941	0.992898
335	8|35|64|67	8|64	35|67	5|115|109|138|96|32|112|16|63|88|1|45|73|28|142|49|44|21|22|129	0.292247	0.8	0.980175	0.94239	0.991989	0.989594
336	47|54|55|125	47|55	54|125	112|78|94|10|1|138|86|115|11|16|130|143|3|107|104|39|50|81|73|128	0.250935	0.75	0.983263	0.957375	0.99392	0.991826
337	26|72|118|124	26|124	72|118	13|65|81|75|77|116|67|122|140|44|61|27|7|33|1|63|42|15|53|88	0.282805	0.909091	0.994501	0.983544	0.997956	0.997475
338	70|86|109|125	70|86	109|125	10|82|16|4|42|73|127|32|120|117|49|121|128|58|118|14|103|27|139|39	0.326947	0.875	0.990544	0.972952	0.995951	0.994738
339	50|61|65|71	50|65	61|71	136|120|79|8|23|116|48|138|106|44|124|125|114|90|5|10|72|110|105|55	0.28171	0.888889	0.961692	0.944925	0.984888	0.98189
340	31|47|48|126	31|48	47|126	42|121|21|64|132|52|120|22|20|114|53|32|65|109|71|129|85|140|8|68	0.25119	0.8	0.980711	0.945789	0.992925	0.987633
341	26|70|72|86	26|70	72|86	121|105|77|107|28|21|110|32|109|35|119|0|23|40|24|118|114|46|22|143	0.306287	0.8	0.984981	0.958205	0.992827	0.992122
342	26|100|103|126	26|103	100|126	7|55|64|4|45|11|120|141|138|107|122|117|61|125|10|78|90|20|108|8	0.231655	0.769231	0.982996	0.953876	0.993271	0.990153
343	10|48|72|112	10|48	72|112	35|15|3|12|139|42|105|8|2|65|126|50|140|83|53|85|75|67|129|122	0.270067	0.888889	0.99153	0.974535	0.996949	0.994189
344	10|15|68|103	10|103	15|68	96|46|121|50|70|109|44|141|26|22|77|52|116|35|136|23|13|82|107|78	0.266642	0.8	0.975836	0.937119	0.989897	0.986614
345	27|50|57|126	27|126	50|57	8|65|81|119|117|10|77|3|11|125|0|67|114|80|103|39|104|79|127|110	0.300859	0.857143	0.988124	0.965298	0.995515	0.993826
346	27|35|70|110	27|70	35|110	96|40|94|58|128|50|21|52|141|26|81|39|57|123|122|126|16|78|136|106	0.276386	0.8	0.990401	0.972626	0.996666	0.996387
347	16|27|64|100	16|100	27|64	13|58|0|78|108|103|21|68|132|55|106|5|10|142|12|72|20|42|109|136	0.238155	0.666667	0.973961	0.936319	0.990631	0.987326
348	10|35|55|94	10|35	55|94	63|45|52|103|40|50|100|141|143|115|65|57|31|21|79|83|32|82|77|107	0.263196	0.833333	0.963681	0.91839	0.984146	0.981327
349	15|96|110|124	15|110	96|124	2|129|55|119|107|23|44|16|5|77|115|85|49|71|61|14|39|75|46|106	0.293282	0.888889	0.992437	0.978218	0.997407	0.997403
350	15|35|72|140	15|72	35|140	79|32|53|55|77|7|50|119|120|86|104|64|24|16|96|48|21|11|67|12	0.278806	0.888889	0.998418	0.995326	0.999082	0.998794
351	26|48|71|124	26|124	48|71	12|117|119|15|28|103|49|88|139|16|100|90|68|130|67|5|128|53|114|136	0.284322	0.888889	0.999903	0.999656	0.999993	0.999987
352	15|31|64|140	15|64	31|140	21|114|94|48|63|121|115|126|11|127|0|57|12|50|109|90|83|142|85|107	0.277526	0.923077	0.986623	0.96126	0.995235	0.991637
353	15|47|50|64	15|64	47|50	49|95|22|48|4|94|45|130|67|23|83|90|5|115|81|73|70|35|114|32	0.251361	0.571429	0.964742	0.91441	0.986583	0.984111
354	57|68|118|124	57|118	68|124	117|65|79|16|121|26|2|72|113|83|127|100|142|63|122|132|71|5|64|94	0.290796	0.888889	0.993076	0.978626	0.996954	0.995095
355	48|72|126|140	48|72	126|140	88|139|27|113|45|47|125|83|63|42|134|105|117|26|95|77|33|141|67|136	0.287553	0.923077	0.988608	0.968046	0.995363	0.991122
356	35|70|71|103	35|103	70|71	121|26|108|16|126|20|85|105|79|46|7|130|88|22|14|117|141|52|28|15	0.284063	0.75	0.989311	0.970648	0.995311	0.993247
357	10|27|71|86	10|86	27|71	116|90|53|58|32|120|79|72|77|65|70|42|126|94|46|113|112|124|39|21	0.324383	0.909091	0.972807	0.926702	0.990016	0.983209
358	16|50|57|65	16|65	50|57	71|8|23|138|143|63|126|81|82|49|108|116|139|28|54|113|10|75|121|123	0.306731	0.888889	0.979874	0.948415	0.993984	0.991456
359	57|109|118|125	57|109	118|125	23|83|28|7|49|70|108|80|53|2|121|47|105|4|46|120|134|42|15|13	0.255665	0.875	0.992425	0.978019	0.997036	0.996759
360	48|57|96|110	48|96	57|110	126|119|2|86|35|26|11|13|140|0|7|103|55|114|21|81|14|72|106|117	0.2682	0.666667	0.992838	0.977479	0.997573	0.997561
361	15|50|64|103	15|64	50|103	49|10|126|4|78|7|77|79|68|5|11|28|134|124|128|72|48|1|75|81	0.245977	0.571429	0.984406	0.958025	0.993691	0.992398
362	15|31|47|68	15|31	47|68	48|105|116|45|103|64|54|28|134|71|11|14|115|118|22|109|78|57|107|70	0.237687	0.571429	0.982144	0.950078	0.993501	0.990621
363	27|57|70|86	27|86	57|70	8|61|122|130|123|117|113|50|67|46|136|42|81|39|54|77|94|73|116|72	0.31111	0.8	0.975202	0.941879	0.990997	0.988106
364	48|50|67|68	48|67	50|68	88|128|117|90|72|70|20|0|80|127|119|5|138|42|96|140|86|114|45|26	0.291441	0.888889	0.986679	0.964267	0.994285	0.991442
365	50|55|64|124	50|64	55|124	48|54|15|40|106|117|126|115|88|109|11|100|79|26|20|35|136|95|7|140	0.290781	0.8	0.983374	0.955421	0.993121	0.992201
366	8|67|68|94	8|68	67|94	31|16|75|140|122|63|127|13|114|130|88|7|78|27|5|100|79|44|136|40	0.256249	0.833333	0.982354	0.95109	0.992097	0.991566
367	47|48|54|72	47|72	48|54	13|7|61|71|142|110|127|20|122|117|80|108|64|52|112|120|27|138|141|115	0.280805	0.888889	0.979242	0.945883	0.992236	0.989624
368	16|27|71|112	16|71	27|112	24|40|130|128|117|50|113|79|20|143|72|2|39|138|88|31|114|3|125|47	0.332336	0.888889	0.998927	0.996721	0.999697	0.999419
369	24|48|50|64	24|64	48|50	42|79|57|78|142|118|114|27|46|88|104|83|126|73|122|53|3|132|124|58	0.300636	0.8	0.960878	0.904307	0.98532	0.977333
370	47|54|55|109	47|54	55|109	4|113|23|15|80|124|2|14|52|120|96|141|22|40|42|115|119|50|116|136	0.267214	0.8	0.970219	0.926349	0.98849	0.984062
371	26|54|68|125	26|68	54|125	132|2|103|108|13|5|122|80|48|24|14|3|53|75|129|143|42|8|88|22	0.257057	0.666667	0.985045	0.957883	0.993824	0.992913
372	54|55|65|103	54|55	65|103	85|126|128|136|33|58|130|124|132|77|28|86|8|129|21|115|96|142|117|143	0.240839	0.8	0.976779	0.935894	0.990035	0.984769
373	15|24|57|65	15|57	24|65	90|106|88|83|125|82|58|138|72|116|120|8|100|141|140|139|126|94|4|123	0.255522	0.666667	0.976249	0.934374	0.992045	0.988333
374	24|31|47|65	24|47	31|65	10|107|15|129|26|12|113|83|143|119|118|132|63|108|116|142|54|22|123|78	0.267068	0.8	0.964062	0.916772	0.988012	0.981771
375	8|10|61|103	8|103	10|61	94|106|42|127|82|24|109|141|31|129|33|44|63|81|50|13|71|32|49|100	0.290879	0.8	0.986726	0.959968	0.994852	0.990884
376	27|68|100|109	27|68	100|109	52|4|134|48|104|129|16|63|86|122|120|21|20|121|71|126|136|117|138|49	0.282766	0.923077	0.978186	0.943716	0.991099	0.99077
377	15|54|55|103	15|103	54|55	106|45|88|42|50|129|5|67|70|77|24|85|127|109|126|115|31|118|86|83	0.265729	0.666667	0.994361	0.985187	0.997836	0.997403
378	10|35|65|86	10|35	65|86	4|54|49|21|139|81|130|125|88|107|55|140|47|8|67|57|115|110|44|80	0.311363	0.857143	0.980689	0.946205	0.993124	0.989658
379	71|72|86|96	71|72	86|96	139|134|81|132|5|13|80|58|75|90|104|122|127|49|77|2|10|50|65|100	0.268683	0.888889	0.972398	0.928274	0.990443	0.982821
380	10|100|112|140	10|112	100|140	70|5|94|128|8|65|64|142|104|136|107|141|44|14|83|26|46|42|67|24	0.278196	0.923077	0.992074	0.977914	0.996928	0.996565
381	8|70|96|112	8|112	70|96	100|118|95|10|28|16|0|26|33|42|136|123|117|24|116|21|77|104|47|129	0.274946	0.75	0.994053	0.984424	0.997825	0.996817
382	57|72|86|96	57|72	86|96	32|81|39|5|82|108|64|78|47|10|67|116|106|4|1|95|44|22|113|54	0.277988	0.6	0.987812	0.964931	0.995906	0.992712
383	54|61|118|124	54|124	61|118	121|107|10|49|1|77|7|58|3|112|33|138|73|15|12|2|83|75|130|5	0.289941	0.857143	0.972086	0.927965	0.988952	0.985337
384	57|64|109|140	57|140	64|109	63|119|20|94|130|75|44|81|27|103|138|107|124|79|61|67|112|1|82|143	0.281196	0.923077	0.976384	0.943583	0.990882	0.984654
385	57|86|96|100	57|100	86|96	61|55|77|82|123|16|112|40|80|143|13|136|139|105|90|141|125|113|7|22	0.262141	0.769231	0.987416	0.966181	0.995144	0.994774
386	61|100|103|124	61|100	103|124	114|81|83|8|130|10|129|108|88|14|109|63|1|110|140|33|70|16|27|21	0.282804	0.909091	0.991194	0.97584	0.99657	0.994509
387	27|96|100|140	27|96	100|140	26|46|52|63|1|47|109|127|116|40|82|139|35|120|14|44|7|88|113|8	0.250897	0.923077	0.993256	0.979272	0.997483	0.996079
388	15|24|109|125	15|24	109|125	49|40|130|110|50|142|48|117|13|8|42|124|54|100|52|86|22|138|31|82	0.326856	0.875	0.995969	0.987664	0.998076	0.997574
389	27|61|96|100	27|100	61|96	81|94|129|115|22|105|109|11|141|54|78|127|108|50|8|39|140|71|73|4	0.267932	0.833333	0.989918	0.971585	0.996514	0.995289
390	16|55|86|126	16|126	55|86	118|110|26|81|109|117|28|53|21|95|136|104|125|2|24|58|78|103|48|63	0.317948	0.888889	0.989375	0.966445	0.995407	0.994748
391	27|47|94|125	27|47	94|125	13|58|33|106|21|78|86|10|108|0|104|116|71|110|35|46|83|100|32|79	0.262224	0.833333	0.99211	0.976041	0.996898	0.995847
392	8|48|67|72	8|72	48|67	80|120|63|23|24|119|94|142|108|140|53|143|32|50|49|40|116|95|64|31	0.277718	0.888889	0.982937	0.966282	0.993161	0.992097
393	48|54|103|110	48|103	54|110	126|83|4|79|68|47|61|64|67|39|23|127|1|72|32|42|5|142|55|80	0.264934	0.8	0.989733	0.971604	0.996162	0.994322
394	61|71|112|125	61|71	112|125	48|126|139|50|2|110|16|96|33|124|58|128|14|20|73|83|88|23|26|127	0.284853	0.8	0.997743	0.992685	0.999133	0.998291
395	24|118|125|140	24|140	118|125	94|82|7|14|122|88|61|33|32|141|73|96|77|20|79|13|112|120|119|55	0.272285	0.833333	0.972604	0.931228	0.990887	0.986021
396	27|71|86|125	27|71	86|125	55|39|75|108|94|110|42|44|72|1|48|80|124|82|105|120|77|139|138|11	0.305338	0.909091	0.972667	0.918785	0.990678	0.983655
397	10|35|96|100	10|35	96|100	122|27|116|106|114|138|129|73|120|50|132|95|123|75|118|49|117|48|83|88	0.280856	0.833333	0.961069	0.907163	0.984456	0.981883
398	10|50|64|124	10|124	50|64	112|70|122|90|44|110|31|61|105|96|118|125|114|143|72|126|12|142|27|113	0.304269	0.909091	0.985855	0.95869	0.994099	0.991954
399	55|112|124|126	55|112	124|126	136|31|61|120|123|50|32|16|128|117|107|45|44|63|94|88|22|119|46|116	0.276318	0.888889	0.984325	0.954826	0.99273	0.989164
400	10|15|65|103	10|103	15|65	113|120|115|21|96|11|22|134|27|45|80|61|143|107|28|95|124|54|58|138	0.280257	0.857143	0.982673	0.952938	0.993553	0.989373
401	24|57|94|96	24|96	57|94	128|95|65|129|22|15|52|120|39|140|71|139|107|58|35|104|117|85|132|33	0.294558	0.857143	0.944049	0.878245	0.978561	0.967542
402	16|24|55|67	16|67	24|55	109|114|103|112|115|139|2|3|49|120|5|57|134|12|113|65|125|45|27|54	0.276756	0.8	0.938263	0.889544	0.975764	0.974499
403	15|96|100|125	15|96	100|125	138|40|115|33|108|46|63|141|95|117|116|78|14|94|23|110|75|80|57|83	0.25466	0.833333	0.964766	0.91806	0.986391	0.986264
404	31|94|110|118	31|110	94|118	113|23|77|130|61|121|49|32|80|15|50|57|119|3|72|5|52|44|123|140	0.288963	0.833333	0.983755	0.955124	0.993233	0.989653
405	48|94|125|140	48|94	125|140	109|20|31|112|129|127|27|15|1|32|75|114|79|130|95|116|77|113|47|117	0.279194	0.857143	0.994227	0.981864	0.997358	0.996405
406	47|57|65|86	47|86	57|65	5|55|109|46|72|138|14|73|81|45|116|67|22|0|83|107|132|32|142|126	0.265777	0.571429	0.957383	0.901157	0.985421	0.976988
407	10|48|96|118	10|96	48|118	55|14|68|22|125|2|80|24|95|58|83|116|100|78|134|122|77|130|61|12	0.285126	0.8	0.990394	0.97334	0.996422	0.99395
408	48|65|103|109	48|103	65|109	96|49|27|134|16|143|104|75|72|10|70|2|122|54|105|107|94|58|129|83	0.266843	0.888889	0.996405	0.988475	0.998571	0.997802
409	16|67|112|124	16|112	67|124	24|0|80|70|85|113|52|107|40|105|128|53|95|14|5|44|8|118|79|48	0.313847	0.888889	0.991792	0.974942	0.9969	0.995128
410	10|26|50|72	10|72	26|50	128|100|16|103|136|15|96|130|141|118|123|12|82|24|14|63|67|107|48|83	0.295011	0.727273	0.99184	0.975668	0.996696	0.996448
411	15|26|35|126	15|26	35|126	50|142|53|108|13|86|23|2|115|5|83|40|85|63|46|141|90|39|123|16	0.266369	0.727273	0.988076	0.965579	0.995123	0.994832
412	16|31|71|124	16|31	71|124	61|125|106|141|116|24|45|67|104|15|77|22|2|39|128|126|65|96|4|12	0.295721	0.888889	0.999647	0.998917	0.999902	0.999783
413	61|86|109|125	61|109	86|125	81|126|112|20|115|55|70|90|129|47|108|63|122|58|5|121|139|110|117|32	0.289885	0.875	0.980012	0.948212	0.993117	0.990494
414	31|72|96|110	31|72	96|110	83|105|23|3|13|32|16|50|130|128|44|42|64|121|78|35|124|47|45|115	0.257241	0.727273	0.990119	0.971819	0.995959	0.994776
415	27|50|71|72	27|72	50|71	35|3|39|46|21|107|7|121|12|67|49|63|118|128|61|112|115|90|141|48	0.325462	0.888889	0.998678	0.996016	0.999579	0.999178
416	24|31|109|125	24|125	31|109	123|82|12|15|16|116|83|90|134|61|108|65|129|57|44|118|73|63|52|100	0.273559	0.875	0.996958	0.990315	0.998773	0.998295
417	10|15|26|94	10|15	26|94	107|141|48|21|140|3|110|58|104|125|115|118|116|113|31|108|24|86|117|136	0.290662	0.933333	0.975943	0.939361	0.989503	0.981232
418	67|100|112|124	67|112	100|124	11|81|129|61|42|4|1|28|46|88|50|106|27|136|3|35|79|78|120|77	0.277666	0.909091	0.972618	0.923754	0.988842	0.988436
419	35|103|124|126	35|103	124|126	86|139|138|21|15|68|106|115|109|94|82|134|13|140|117|11|105|141|136|4	0.293652	0.666667	0.994919	0.984223	0.997927	0.99666
420	16|61|68|94	16|68	61|94	26|67|32|105|4|5|129|73|65|110|0|83|78|46|58|104|77|142|15|85	0.261664	0.857143	0.95177	0.894737	0.982073	0.973675
421	47|100|109|140	47|100	109|140	70|52|124|122|141|0|79|107|129|22|40|33|21|44|20|116|80|65|113|55	0.232391	0.666667	0.968461	0.932185	0.988103	0.983242
422	35|68|100|112	35|112	68|100	88|42|143|14|71|138|10|4|79|64|110|32|44|45|13|96|129|57|90|15	0.25727	0.8	0.989615	0.971866	0.995546	0.99395
423	16|64|110|125	16|125	64|110	50|139|0|79|103|100|118|106|122|140|8|28|73|58|4|113|136|24|44|132	0.287629	0.857143	0.992523	0.978056	0.997151	0.994243
424	27|48|112|125	27|48	112|125	7|81|50|94|140|42|47|96|78|46|132|121|120|105|73|23|136|13|82|77	0.237516	0.666667	0.99269	0.990375	0.997143	0.995794
425	10|48|71|103	10|103	48|71	65|31|0|130|16|63|70|14|73|4|5|55|140|88|13|120|104|90|109|117	0.281289	0.888889	0.987984	0.96673	0.995605	0.992435
426	24|67|70|124	24|70	67|124	106|79|113|10|28|39|128|5|4|129|46|58|55|141|108|47|105|50|15|32	0.29916	0.8	0.981357	0.953862	0.993807	0.989095
427	15|26|65|100	15|65	26|100	139|70|120|136|33|95|110|24|53|114|126|88|1|3|2|140|67|50|96|35	0.269602	0.833333	0.995627	0.986543	0.998233	0.997606
428	31|54|70|118	31|54	70|118	90|35|48|122|47|0|52|77|42|125|4|16|13|53|33|117|124|106|61|113	0.261214	0.75	0.992194	0.975818	0.996885	0.995774
429	55|57|110|112	55|110	57|112	108|5|63|109|72|13|136|65|40|70|90|10|116|113|7|14|45|127|78|48	0.288107	0.888889	0.995365	0.985981	0.998166	0.997097
430	8|10|68|103	8|68	10|103	82|79|90|28|115|58|54|126|14|15|40|118|21|39|110|47|70|132|124|23	0.268929	0.75	0.983509	0.956373	0.992975	0.990772
431	10|31|109|110	10|31	109|110	106|67|15|107|122|54|21|35|116|86|132|53|20|52|126|90|119|136|58|78	0.281283	0.6	0.987932	0.96758	0.994905	0.994419
432	27|61|67|109	27|67	61|109	47|104|7|44|5|3|107|116|33|125|94|55|16|119|127|122|118|31|21|78	0.280975	0.857143	0.994184	0.982367	0.997533	0.997488
433	10|26|96|100	10|96	26|100	95|119|141|32|78|86|52|4|117|121|105|112|120|116|127|67|77|79|53|123	0.27007	0.833333	0.984561	0.959846	0.993878	0.992738
434	31|35|110|118	31|118	35|110	122|71|106|44|40|77|70|65|21|11|22|143|105|121|42|20|32|104|13|130	0.299796	0.75	0.992647	0.978222	0.997084	0.997011
435	47|48|50|112	47|48	50|112	2|71|95|77|63|90|58|11|73|28|96|124|78|85|106|127|61|83|115|52	0.267449	0.857143	0.983215	0.947159	0.994169	0.988747
436	54|94|100|125	54|125	94|100	27|47|50|15|68|63|72|114|53|2|4|67|64|5|85|3|77|20|86|110	0.247917	0.857143	0.996774	0.989497	0.998729	0.998555
437	31|47|61|64	31|61	47|64	96|88|24|79|1|57|83|44|71|134|72|117|125|68|58|48|127|0|11|5	0.229509	0.363636	0.974347	0.94443	0.989488	0.988309
438	15|64|65|118	15|65	64|118	139|12|4|75|45|14|95|1|28|82|134|77|141|143|126|96|0|67|24|3	0.266973	0.8	0.990688	0.973961	0.996049	0.994623
439	47|50|54|94	47|50	54|94	136|20|77|44|127|107|2|142|138|110|21|73|24|28|1|27|67|85|121|132	0.25988	0.769231	0.971163	0.930927	0.988292	0.984185
440	8|15|103|118	8|103	15|118	23|125|80|0|1|21|48|82|100|73|47|11|105|39|75|40|78|33|4|45	0.257251	0.75	0.987093	0.966376	0.994665	0.992659
441	8|65|86|110	8|110	65|86	14|116|58|100|128|23|79|141|7|64|20|1|103|3|11|104|53|81|52|67	0.282842	0.888889	0.974844	0.932422	0.991463	0.987779
442	8|27|35|57	8|35	27|57	40|46|127|110|90|10|112|58|3|81|68|121|141|104|50|77|96|117|125|142	0.324401	0.857143	0.998812	0.99733	0.999413	0.999348
443	16|26|72|124	16|72	26|124	54|139|88|13|2|81|52|103|79|65|1|85|39|3|125|0|114|82|107|70	0.275192	0.888889	0.975901	0.938742	0.991333	0.985688
444	15|24|65|124	15|24	65|124	55|27|79|5|63|73|143|46|10|103|88|8|78|71|72|49|117|68|75|23	0.313372	0.909091	0.977617	0.934374	0.992055	0.987704
445	71|100|109|126	71|126	100|109	1|11|8|117|122|139|67|127|58|49|70|129|40|53|20|75|119|88|108|23	0.245247	0.769231	0.975176	0.931636	0.990329	0.990114
446	15|48|61|125	15|48	61|125	31|21|75|113|103|70|46|117|107|90|140|47|116|95|44|8|26|127|35|126	0.295165	0.875	0.9931	0.979706	0.997247	0.996066
447	26|64|100|112	26|64	100|112	71|105|118|140|12|67|28|130|27|47|107|42|45|79|129|136|14|110|115|94	0.262496	0.833333	0.992154	0.977248	0.996975	0.995215
448	16|61|94|125	16|94	61|125	130|15|117|107|118|120|88|3|39|96|141|85|95|40|58|121|122|4|55|45	0.278578	0.888889	0.964806	0.914141	0.98668	0.981168
449	71|86|112|124	71|86	112|124	116|67|58|85|5|142|79|50|61|53|106|21|26|40|49|129|138|141|107|94	0.308754	0.888889	0.974649	0.928186	0.991456	0.984197
450	57|70|71|72	57|70	71|72	94|54|14|107|27|16|53|23|73|143|15|35|119|39|22|10|109|96|28|46	0.274187	0.333333	0.996622	0.989828	0.998596	0.997467
451	57|103|109|124	57|109	103|124	54|107|118|140|117|119|86|44|75|65|138|95|88|90|79|132|8|14|85|12	0.285246	0.769231	0.998052	0.993546	0.999197	0.998894
452	24|54|55|112	24|55	54|112	79|77|11|1|13|7|141|125|57|124|26|95|61|48|130|5|72|122|67|44	0.294431	0.857143	0.961133	0.910383	0.986002	0.982476
453	26|55|67|86	26|67	55|86	79|0|115|126|125|73|68|32|48|96|113|88|94|10|107|46|33|121|5|108	0.308387	0.8	0.985821	0.960744	0.995248	0.991601
454	47|61|68|103	47|61	68|103	35|141|79|107|95|129|7|134|54|10|112|104|63|13|90|14|138|4|119|126	0.252008	0.857143	0.979202	0.942715	0.992795	0.990803
455	61|86|100|124	61|100	86|124	115|14|35|11|117|122|106|4|73|50|31|44|0|83|114|32|140|15|8|45	0.313233	0.833333	0.959253	0.90072	0.985001	0.979993
456	10|64|68|70	10|68	64|70	77|45|23|3|2|109|12|79|65|46|143|94|127|130|118|123|129|0|105|33	0.27347	0.8	0.956465	0.900305	0.980966	0.976038
457	10|47|55|68	10|47	55|68	117|22|85|45|124|33|138|128|20|75|127|31|83|11|105|108|72|115|122|49	0.231552	0.857143	0.939601	0.874564	0.975186	0.97149
458	57|68|100|124	57|68	100|124	65|39|115|50|132|40|2|123|108|53|13|120|23|0|136|55|141|104|117|116	0.261822	0.8	0.963877	0.917915	0.985373	0.98504
459	54|72|110|124	54|110	72|124	119|88|20|79|85|57|65|48|50|46|40|118|5|64|44|117|125|90|33|11	0.307781	0.833333	0.980502	0.947727	0.991895	0.990782
460	16|47|70|110	16|47	70|110	53|103|139|0|49|127|73|120|58|81|88|28|114|109|67|126|1|96|136|48	0.260441	0.888889	0.962972	0.914683	0.98675	0.983933
461	48|118|124|140	48|124	118|140	71|123|75|53|49|122|23|141|0|143|22|21|142|72|70|106|11|28|115|105	0.258828	0.769231	0.98739	0.969156	0.995078	0.993466
462	16|72|86|124	16|72	86|124	116|96|139|23|5|24|22|35|103|70|123|143|53|125|122|81|7|13|134|71	0.31222	0.888889	0.996974	0.990056	0.998603	0.998519
463	27|71|109|126	27|126	71|109	35|129|47|113|80|52|143|28|94|26|116|72|124|14|122|81|100|11|125|5	0.275183	0.909091	0.990427	0.970385	0.996078	0.995346
464	48|68|71|140	48|140	68|71	100|42|128|78|40|112|96|3|64|72|113|141|125|123|118|143|24|75|108|134	0.269246	0.833333	0.995418	0.986095	0.99788	0.996702
465	26|50|54|96	26|54	50|96	68|124|20|47|3|112|95|103|21|126|83|110|16|82|65|79|8|90|128|52	0.281951	0.8	0.995798	0.987668	0.998162	0.998051
466	10|31|47|112	10|31	47|112	117|104|106|12|11|28|27|123|136|49|77|57|140|55|138|63|134|42|54|73	0.244656	0.857143	0.963867	0.914487	0.985283	0.983547
467	26|48|72|126	26|126	48|72	80|70|138|33|121|115|100|82|83|5|50|52|53|116|95|13|132|27|73|110	0.261144	0.727273	0.985251	0.959101	0.994032	0.993837
468	31|55|118|140	31|140	55|118	22|47|73|80|121|5|78|53|4|138|95|65|45|139|1|90|23|122|63|136	0.256469	0.923077	0.990229	0.970811	0.995995	0.993163
469	10|64|94|100	10|94	64|100	50|129|75|130|2|53|46|113|132|39|85|136|35|67|3|24|126|142|47|143	0.267937	0.888889	0.993269	0.979628	0.997219	0.996164
470	47|57|67|112	47|112	57|67	116|14|96|31|115|90|104|23|55|78|4|48|10|16|110|79|33|63|136|123	0.247547	0.666667	0.988472	0.96635	0.995827	0.991904
471	54|70|96|100	54|70	96|100	138|46|112|68|94|49|130|7|105|95|23|81|110|12|115|75|106|72|15|31	0.265011	0.833333	0.975083	0.946953	0.99032	0.989694
472	10|54|67|86	10|67	54|86	88|61|27|47|82|129|40|64|33|107|125|134|106|26|70|3|46|14|120|11	0.313239	0.857143	0.972605	0.943535	0.989531	0.986158
473	27|57|68|124	27|57	68|124	100|119|8|139|117|65|58|110|12|67|40|107|112|16|50|126|4|121|78|118	0.272295	0.888889	0.99452	0.982041	0.997575	0.995393
474	71|72|112|126	71|126	72|112	85|115|125|16|15|127|26|103|35|132|78|108|73|129|82|14|54|67|5|117	0.24425	0.5	0.992102	0.978382	0.997017	0.995877
475	31|94|109|126	31|94	109|126	44|52|48|124|141|61|0|82|16|4|15|117|42|83|79|71|35|120|7|58	0.242965	0.769231	0.989343	0.969426	0.995456	0.993387
476	15|27|118|140	15|27	118|140	46|65|100|53|13|14|121|106|52|88|120|104|33|126|61|32|21|1|4|73	0.256554	0.833333	0.986777	0.965041	0.995604	0.995601
477	24|35|47|54	24|47	35|54	109|143|33|39|108|123|23|124|134|129|49|55|40|13|8|105|117|31|139|7	0.292349	0.857143	0.951945	0.891453	0.981873	0.972466
478	8|10|27|96	8|10	27|96	77|33|72|134|140|108|141|40|20|117|94|13|52|115|28|49|129|78|124|128	0.284593	0.909091	0.968497	0.916222	0.986687	0.985564
479	26|48|112|125	26|125	48|112	139|63|24|119|57|39|0|83|130|13|5|88|23|42|90|121|81|105|124|67	0.287064	0.875	0.995817	0.985668	0.998306	0.996664
480	26|55|57|103	26|57	55|103	109|70|75|0|138|24|120|23|123|33|78|114|107|63|85|65|140|142|108|134	0.25143	0.666667	0.990718	0.97088	0.995917	0.992005
481	26|54|57|109	26|54	57|109	127|3|119|33|78|14|13|5|45|12|80|65|95|67|40|73|118|112|4|53	0.265167	0.666667	0.96556	0.926779	0.985846	0.98378
482	31|57|109|126	31|57	109|126	13|72|117|107|86|118|42|50|120|115|8|5|49|78|138|108|139|12|16|73	0.257113	0.615385	0.992732	0.976945	0.996929	0.994138
483	10|57|70|100	10|100	57|70	81|136|11|79|106|22|21|63|26|77|85|103|14|27|23|123|112|73|40|49	0.252232	0.857143	0.95167	0.893519	0.97972	0.974339
484	47|54|65|68	47|65	54|68	106|53|120|143|113|105|4|78|49|136|109|3|20|72|112|35|95|70|57|123	0.257762	0.8	0.965107	0.911849	0.986239	0.9851
485	15|27|31|68	15|31	27|68	4|79|123|104|83|100|108|119|124|58|3|114|82|24|12|86|103|94|28|106	0.253706	0.909091	0.984522	0.958694	0.993556	0.992907
486	35|70|118|126	35|126	70|118	65|138|107|63|123|49|53|116|143|1|121|8|71|142|109|90|81|103|115|28	0.275888	0.857143	0.976131	0.937082	0.990336	0.98744
487	26|31|57|94	26|94	31|57	120|35|55|46|123|5|96|8|21|107|54|67|114|7|124|129|13|103|122|10	0.23848	0.666667	0.991289	0.973947	0.996481	0.995695
488	50|71|100|140	50|100	71|140	123|21|45|138|113|82|130|141|79|61|27|64|22|81|31|67|88|5|105|8	0.280629	0.923077	0.991563	0.975966	0.997028	0.995855
489	65|70|71|86	65|70	71|86	16|82|61|39|46|55|1|27|4|78|136|106|47|115|15|83|140|21|85|112	0.295022	0.857143	0.995824	0.987097	0.998287	0.997935
490	54|61|71|140	54|61	71|140	42|88|11|136|114|31|132|78|2|142|12|128|70|44|48|117|118|1|141|120	0.259102	0.75	0.984093	0.955982	0.993719	0.99085
491	48|50|86|103	48|50	86|103	55|142|75|7|119|82|13|14|35|80|123|125|90|117|68|39|20|40|10|27	0.321793	0.8	0.971706	0.92399	0.988687	0.983157
492	16|70|112|125	16|112	70|125	5|120|134|105|139|0|3|42|27|12|77|88|75|103|39|113|95|123|117|4	0.269119	0.888889	0.941467	0.865644	0.976383	0.971985
493	16|24|35|103	16|35	24|103	3|53|118|50|114|40|45|44|88|138|105|134|65|73|11|83|121|127|22|12	0.281619	0.8	0.941297	0.900055	0.978023	0.97698
494	35|54|71|86	35|86	54|71	125|55|1|7|48|78|4|45|10|120|13|115|3|61|82|128|40|52|53|11	0.300232	0.75	0.964673	0.916645	0.987512	0.983793
495	10|26|47|70	10|47	26|70	2|123|40|44|77|95|103|107|71|24|100|21|20|12|33|81|42|28|16|46	0.273013	0.8	0.976	0.938195	0.989907	0.984788
496	27|47|124|126	27|126	47|124	100|119|68|14|122|16|70|67|136|61|7|132|125|65|83|58|116|10|80|104	0.262424	0.888889	0.990732	0.972423	0.996873	0.996066
497	15|35|67|126	15|67	35|126	21|81|70|129|104|23|1|4|121|79|106|61|90|2|11|54|78|53|124|26	0.25985	0.75	0.981345	0.948718	0.992819	0.992413
498	15|57|118|140	15|57	118|140	115|77|143|106|104|63|39|121|16|130|58|13|55|61|122|79|124|72|3|65	0.263925	0.666667	0.994125	0.984515	0.997683	0.996707
499	47|94|125|140	47|140	94|125	22|121|90|96|116|23|139|134|118|8|106|107|2|28|86|54|82|127|65|14	0.25899	0.923077	0.985765	0.959719	0.994737	0.991858
500	8|16|68|72	8|72	16|68	67|124|138|81|10|55|132|65|13|2|130|77|57|23|80|115|141|63|79|108	0.27923	0.888889	0.963156	0.911514	0.986629	0.975742
501	47|55|64|65	47|65	55|64	7|71|2|40|63|24|1|132|110|67|48|77|8|72|31|114|57|5|115|61	0.254736	0.857143	0.978682	0.945459	0.991577	0.990886
502	8|24|124|125	8|125	24|124	33|70|110|1|47|57|14|114|107|78|61|32|94|13|15|21|16|71|141|120	0.312265	0.888889	0.998931	0.996591	0.999618	0.999293
503	15|65|118|124	15|65	118|124	112|114|138|79|5|31|64|13|94|48|21|77|100|24|82|44|136|47|27|127	0.288888	0.909091	0.993022	0.980673	0.997294	0.997064
504	15|67|86|124	15|86	67|124	95|83|81|105|132|80|32|125|129|48|22|126|113|100|64|142|112|7|71|68	0.288311	0.888889	0.976141	0.933282	0.9909	0.987992
505	8|86|100|109	8|109	86|100	61|142|50|129|1|130|68|94|106|10|15|2|73|122|49|95|141|21|78|132	0.296009	0.833333	0.971697	0.929829	0.989755	0.985082
506	71|72|112|118	71|72	112|118	73|68|104|115|128|27|77|88|81|124|106|138|42|35|58|85|3|134|94|13	0.234885	0.727273	0.981606	0.953382	0.992365	0.991606
507	16|50|94|96	16|96	50|94	7|49|22|65|77|110|85|105|83|120|55|2|40|5|132|54|108|127|100|124	0.296955	0.888889	0.976529	0.940182	0.991674	0.989271
508	10|71|72|103	10|103	71|72	120|39|81|48|40|125|23|2|79|67|42|15|115|94|33|52|86|47|11|112	0.261625	0.857143	0.997991	0.993698	0.999305	0.998817
509	10|50|71|118	10|71	50|118	115|35|7|72|5|109|45|11|138|119|117|110|32|44|81|49|58|106|120|27	0.308378	0.857143	0.969445	0.937144	0.986304	0.982569
510	55|72|94|126	55|94	72|126	128|26|71|81|11|129|130|107|0|82|63|86|23|85|61|8|58|22|110|32	0.245452	0.727273	0.986454	0.962596	0.994545	0.99281
511	8|24|35|48	8|48	24|35	77|130|2|119|81|39|83|46|50|129|117|21|55|27|63|11|118|49|70|139	0.353842	0.857143	0.982691	0.945739	0.994078	0.988865
512	27|68|109|110	27|109	68|110	4|83|23|86|134|95|81|7|28|12|16|10|61|105|45|108|123|26|11|8	0.256881	0.8	0.988909	0.96862	0.995612	0.993699
513	16|24|47|110	16|110	24|47	57|22|85|142|40|12|14|116|61|5|55|121|136|88|94|78|108|83|114|129	0.251471	0.571429	0.928067	0.87768	0.9736	0.968534
514	10|55|72|125	10|125	55|72	129|108|48|3|50|143|65|118|46|57|78|126|140|120|33|95|85|32|24|123	0.268061	0.666667	0.973097	0.952803	0.987806	0.987756
515	24|65|70|96	24|96	65|70	132|46|5|90|47|44|113|28|54|124|112|64|125|134|116|128|23|40|27|140	0.285127	0.888889	0.982786	0.952049	0.993673	0.99189
516	26|57|64|72	26|64	57|72	33|15|140|11|24|80|105|81|71|109|14|116|88|108|141|143|35|10|96|65	0.263382	0.8	0.995808	0.987226	0.998383	0.996961
517	10|57|70|94	10|57	70|94	83|78|27|96|28|20|136|1|139|134|120|39|22|47|95|128|108|31|110|21	0.275536	0.833333	0.974992	0.935701	0.989095	0.985423
518	31|65|118|140	31|118	65|140	96|82|54|119|112|73|121|95|50|71|7|120|134|77|136|100|113|58|1|24	0.289333	0.833333	0.997465	0.991291	0.999051	0.998929
519	27|35|94|96	27|94	35|96	70|112|138|0|48|45|15|83|141|78|117|116|3|39|121|85|136|7|124|86	0.288309	0.909091	0.993815	0.981995	0.997325	0.997202
520	10|15|35|110	10|35	15|110	49|141|120|14|64|105|143|79|116|121|138|100|113|65|33|7|48|63|26|16	0.279571	0.75	0.974263	0.935787	0.989054	0.984541
521	27|31|35|109	27|31	35|109	122|26|95|65|42|130|104|108|119|114|49|13|110|105|88|120|39|28|53|134	0.262005	0.857143	0.986336	0.956786	0.995037	0.990712
522	26|31|54|71	26|54	31|71	107|109|123|132|78|118|103|39|130|95|35|24|55|142|45|121|33|32|136|3	0.270095	0.666667	0.990551	0.97282	0.996089	0.995728
523	35|50|61|94	35|94	50|61	122|105|134|138|117|22|78|49|142|77|65|100|0|79|14|45|123|104|5|86	0.295198	0.857143	0.992876	0.983818	0.996855	0.996008
524	16|64|72|100	16|100	64|72	77|86|54|82|85|108|46|109|113|129|61|80|105|90|118|11|123|50|125|143	0.285975	0.888889	0.989667	0.970618	0.995989	0.993883
525	35|48|70|94	35|94	48|70	82|85|57|136|40|88|100|141|110|95|52|33|77|139|14|103|81|128|142|80	0.261378	0.833333	0.981799	0.949659	0.992759	0.991235
526	27|61|68|70	27|70	61|68	71|107|24|55|118|122|10|65|104|13|116|39|81|142|95|90|141|108|42|21	0.267353	0.857143	0.989517	0.972056	0.995621	0.994013
527	15|16|27|55	15|27	16|55	90|13|138|128|53|121|3|42|32|88|126|2|114|115|33|122|10|70|21|54	0.264812	0.857143	0.986649	0.964143	0.996193	0.99367
528	8|24|55|100	8|100	24|55	142|46|85|64|71|12|106|45|119|78|5|10|140|61|104|126|35|73|14|32	0.289125	0.857143	0.981931	0.949923	0.994018	0.991489
529	26|103|112|124	26|103	112|124	105|68|125|106|57|107|78|116|128|118|123|72|64|2|141|58|95|132|80|121	0.248171	0.933333	0.992653	0.979323	0.997255	0.996937
530	47|57|72|118	47|57	72|118	3|134|143|68|117|122|107|2|12|44|121|80|70|45|35|48|104|1|88|13	0.259577	0.888889	0.975776	0.933386	0.990842	0.987909
531	31|71|110|112	31|71	110|112	23|13|78|57|65|4|50|120|141|138|14|42|61|11|136|72|130|94|12|73	0.304518	0.857143	0.992403	0.975343	0.997556	0.996172
532	31|61|94|109	31|109	61|94	72|121|80|139|112|106|27|63|81|118|48|126|116|129|123|130|119|23|54|0	0.291796	0.857143	0.990439	0.976225	0.996067	0.995271
533	35|47|61|86	35|61	47|86	40|79|121|100|13|75|49|42|126|2|3|1|104|125|108|103|110|119|50|10	0.306809	0.8	0.980231	0.94389	0.993417	0.988095
534	35|61|72|96	35|72	61|96	48|140|116|71|118|113|143|27|130|86|70|14|0|107|103|2|100|45|112|63	0.293804	0.857143	0.990326	0.970449	0.995989	0.99498
535	26|48|50|72	26|50	48|72	82|121|10|7|134|61|20|32|80|42|52|0|71|31|112|22|77|83|120|39	0.304267	0.888889	0.990237	0.97706	0.996786	0.996243
536	65|71|103|140	65|103	71|140	52|124|73|14|94|49|129|26|113|5|78|53|68|112|82|1|12|23|15|79	0.238214	0.888889	0.991905	0.975602	0.996875	0.996838
537	31|55|109|110	31|110	55|109	12|24|44|57|23|10|138|27|123|85|108|117|140|33|8|1|53|105|67|48	0.269087	0.75	0.989457	0.970028	0.996171	0.995015
538	96|112|118|126	96|112	118|126	68|138|57|0|15|45|22|67|85|75|3|107|142|39|23|106|104|5|55|28	0.254058	0.8	0.9763	0.94091	0.989766	0.987862
539	47|50|68|140	47|50	68|140	13|65|24|58|117|35|83|120|61|46|54|64|125|108|90|49|16|106|73|31	0.254763	0.923077	0.985694	0.959635	0.994741	0.993884
540	8|47|55|86	8|55	47|86	119|105|67|22|81|80|122|4|141|65|54|64|115|140|40|112|129|108|123|106	0.273249	0.75	0.965208	0.923172	0.988094	0.98162
541	55|68|109|112	55|109	68|112	82|15|130|77|3|129|100|7|64|117|1|72|85|10|8|140|23|127|107|143	0.269559	0.75	0.991774	0.976013	0.996559	0.995645
542	26|71|86|100	26|71	86|100	118|105|35|48|57|67|73|49|68|110|126|52|27|90|16|42|85|5|121|22	0.304838	0.727273	0.993404	0.980325	0.99743	0.995495
543	55|71|109|112	55|71	109|112	82|117|61|139|28|114|80|110|24|20|132|83|130|67|12|116|136|49|10|2	0.284986	0.857143	0.996519	0.989238	0.998705	0.997603
544	24|67|71|126	24|126	67|71	106|57|20|107|117|28|79|120|105|130|142|55|42|72|81|46|7|82|40|132	0.292247	0.857143	0.93267	0.862484	0.971482	0.956779
545	16|24|55|57	16|55	24|57	119|100|132|28|44|4|46|63|1|140|108|49|20|122|78|109|23|114|120|12	0.278084	0.666667	0.957408	0.923572	0.983498	0.980728
546	8|26|100|118	8|118	26|100	13|78|3|116|55|138|143|132|47|129|114|109|70|134|61|24|104|88|127|31	0.263662	0.923077	0.998748	0.996029	0.999541	0.999061
547	10|103|125|140	10|103	125|140	71|23|83|95|5|52|138|39|100|54|68|126|141|2|13|118|77|53|119|44	0.273983	0.923077	0.981016	0.945658	0.992352	0.987576
548	47|54|65|103	47|54	65|103	109|24|20|77|16|35|140|64|11|90|70|136|124|14|75|141|107|32|126|83	0.245872	0.5	0.986735	0.961814	0.995406	0.992846
549	54|64|124|140	54|124	64|140	49|119|94|100|13|4|82|57|125|80|128|108|0|8|83|134|45|110|39|114	0.302137	0.923077	0.980546	0.950479	0.992565	0.990644
550	31|47|68|112	31|112	47|68	83|118|94|13|123|129|85|139|73|124|107|1|15|49|110|11|26|75|90|27	0.222472	0.666667	0.962856	0.914521	0.985675	0.978469
551	15|31|67|70	15|31	67|70	7|107|79|33|40|105|139|12|8|80|16|114|95|112|140|23|120|141|4|44	0.255818	0.888889	0.975645	0.943098	0.98947	0.985332
552	109|110|112|125	109|110	112|125	107|120|23|73|22|61|26|82|118|126|95|39|117|67|143|119|134|3|28|50	0.289778	0.857143	0.984882	0.953986	0.994468	0.989416
553	16|31|103|109	16|31	103|109	21|80|83|113|7|90|100|81|4|125|77|8|35|68|117|39|95|139|23|49	0.279969	0.888889	0.96515	0.912356	0.986131	0.981166
554	24|35|48|64	24|64	35|48	39|0|117|15|129|116|44|110|57|79|121|65|22|115|132|138|112|73|123|108	0.328014	0.857143	0.948971	0.885394	0.979835	0.964682
555	48|64|109|125	48|109	64|125	1|107|104|45|16|127|114|35|73|132|26|110|42|86|85|49|3|0|24|33	0.32392	0.888889	0.984748	0.958393	0.99413	0.992433
556	26|27|55|125	26|125	27|55	45|126|68|73|100|72|16|70|0|139|39|20|140|58|112|3|121|109|8|40	0.261345	0.933333	0.995687	0.985517	0.998059	0.99614
557	35|65|70|125	35|125	65|70	26|23|27|138|130|2|73|39|109|107|1|64|28|20|113|81|79|100|42|115	0.265324	0.888889	0.98953	0.96945	0.995333	0.991369
558	15|24|55|64	15|64	24|55	121|31|126|20|103|106|54|88|27|110|72|65|129|73|0|48|2|123|132|107	0.285284	0.75	0.973201	0.933958	0.990368	0.988659
559	10|65|67|125	10|125	65|67	95|72|78|113|32|68|121|61|27|119|132|104|5|141|39|90|58|46|140|31	0.273148	0.875	0.983298	0.965971	0.992723	0.990958
560	54|68|72|126	54|68	72|126	20|105|53|119|106|32|77|113|57|88|78|39|130|42|10|116|107|103|26|140	0.246912	0.666667	0.964316	0.920652	0.985575	0.97929
561	54|55|67|71	54|71	55|67	68|106|44|83|96|27|103|35|23|86|52|63|48|112|2|88|4|15|1|105	0.26812	0.888889	0.977895	0.950343	0.990384	0.9865
562	48|50|70|124	48|50	70|124	103|90|63|23|28|75|44|8|95|128|2|61|100|32|113|22|86|96|88|3	0.297316	0.8	0.995757	0.986475	0.998001	0.996273
563	35|55|96|126	35|96	55|126	134|106|28|44|86|20|120|32|65|5|8|72|26|49|39|94|67|113|82|21	0.264461	0.857143	0.989973	0.971719	0.996064	0.995286
564	10|24|61|100	10|61	24|100	81|105|75|15|58|122|115|140|118|126|67|80|12|35|11|136|26|46|27|71	0.301855	0.857143	0.969039	0.923743	0.988864	0.982205
565	15|57|64|126	15|64	57|126	75|83|31|28|40|77|114|55|63|82|139|116|94|130|73|125|112|4|103|22	0.269285	0.666667	0.974296	0.929307	0.990295	0.985308
566	31|61|65|94	31|65	61|94	114|128|57|118|106|47|125|15|0|127|4|119|124|123|55|132|78|120|81|26	0.236837	0.666667	0.984439	0.970099	0.993328	0.992124
567	64|70|72|125	64|72	70|125	58|104|67|88|15|106|39|3|108|134|71|79|24|136|95|20|118|81|77|21	0.270423	0.727273	0.985906	0.963451	0.994575	0.993681
568	16|35|54|94	16|94	35|54	136|61|2|130|132|77|106|32|70|65|21|57|53|128|27|11|105|118|134|3	0.276773	0.8	0.9676	0.923404	0.987427	0.982963
569	16|96|103|124	16|96	103|124	23|67|14|47|26|138|8|73|45|46|126|114|90|125|55|71|68|78|52|85	0.269432	0.8	0.986269	0.963957	0.994923	0.992269
570	15|24|71|126	15|71	24|126	23|20|108|63|13|65|139|85|121|16|104|105|26|122|140|117|58|8|72|120	0.308499	0.857143	0.988757	0.969452	0.995394	0.995351
571	47|54|65|68	47|54	65|68	13|96|46|94|26|50|20|35|106|140|16|63|130|52|79|11|80|8|104|75	0.253321	0.8	0.983066	0.953591	0.993575	0.990955
572	8|31|54|100	8|31	54|100	132|5|72|141|85|27|14|116|64|79|88|57|47|142|80|112|77|120|46|105	0.26674	0.857143	0.993649	0.980485	0.997572	0.996988
573	16|27|70|72	16|72	27|70	82|132|141|42|0|67|39|58|12|45|15|106|32|104|94|4|33|14|128|113	0.283094	0.888889	0.961535	0.914271	0.986133	0.984682
574	55|57|112|118	55|112	57|118	10|45|47|124|77|73|2|78|58|141|116|24|75|126|114|108|13|83|21|103	0.247485	0.75	0.99842	0.995041	0.999478	0.999428
575	65|100|109|124	65|109	100|124	27|107|61|5|58|94|128|117|110|16|44|77|0|68|39|23|11|141|45|95	0.29745	0.909091	0.993151	0.980398	0.996955	0.996076
576	8|55|100|124	8|100	55|124	113|80|81|83|11|12|73|49|23|64|63|0|77|72|142|2|117|105|109|128	0.26865	0.769231	0.986425	0.963754	0.994985	0.993701
577	61|71|96|109	61|96	71|109	86|141|49|80|65|134|77|54|121|13|53|119|125|132|85|116|110|142|2|32	0.272454	0.857143	0.992696	0.978125	0.996678	0.995767
578	15|31|47|68	15|31	47|68	52|2|1|22|14|4|123|3|73|28|119|53|132|100|42|72|118|35|79|125	0.255342	0.8	0.973464	0.928385	0.989008	0.985108
579	47|65|67|140	47|67	65|140	16|7|103|86|116|128|139|28|127|2|35|117|125|130|123|132|32|50|88|46	0.253589	0.923077	0.971105	0.923156	0.987976	0.978456
580	15|68|124|125	15|125	68|124	2|3|130|48|141|67|12|1|63|39|27|33|95|26|143|75|142|10|65|100	0.286507	0.909091	0.990923	0.971568	0.996006	0.993247
581	61|71|96|103	61|103	71|96	22|2|112|64|140|130|26|31|52|35|108|106|79|80|11|107|39|129|24|46	0.277406	0.857143	0.994966	0.984919	0.998289	0.997378
582	15|70|72|109	15|72	70|109	75|118|10|104|42|108|63|82|57|5|58|107|127|7|110|94|24|16|45|95	0.287633	0.888889	0.993381	0.982524	0.997335	0.995559
583	61|94|96|109	61|96	94|109	0|108|64|115|46|14|127|15|140|121|106|13|50|55|53|1|7|42|110|5	0.272667	0.833333	0.991812	0.977374	0.99683	0.996191
584	48|65|67|94	48|65	67|94	28|104|2|132|136|113|12|129|52|1|42|122|81|71|26|31|10|114|58|130	0.255837	0.888889	0.989292	0.969986	0.996075	0.995108
585	50|57|70|112	50|57	70|112	115|71|61|42|121|78|65|45|75|48|103|23|117|81|86|138|46|31|39|32	0.316609	0.857143	0.993794	0.980297	0.997537	0.995488
586	8|50|65|100	8|65	50|100	75|4|42|126|121|40|52|48|128|112|47|16|68|123|58|143|64|118|139|57	0.304723	0.857143	0.997565	0.994889	0.998737	0.998605
587	31|55|71|94	31|55	71|94	33|49|10|65|109|140|12|86|50|141|80|136|5|44|113|40|54|7|125|105	0.265055	0.833333	0.998222	0.994457	0.999242	0.998459
588	47|54|94|103	47|54	94|103	5|130|77|75|20|115|63|35|1|8|118|100|52|53|82|86|129|50|55|122	0.252542	0.833333	0.989304	0.968575	0.996148	0.994204
589	8|68|86|118	8|118	68|86	46|67|139|10|44|23|140|104|42|132|134|24|54|122|136|121|50|26|55|105	0.300349	0.857143	0.995069	0.985541	0.997595	0.996158
590	10|94|110|118	10|118	94|110	86|24|78|100|79|12|114|50|61|136|8|5|44|141|124|63|120|22|119|138	0.29484	0.833333	0.970586	0.925629	0.98797	0.98179
591	57|68|70|118	57|70	68|118	72|85|40|48|35|39|125|13|113|124|21|32|58|88|71|114|109|44|10|47	0.259081	0.666667	0.989278	0.970637	0.995491	0.993814
592	24|50|109|125	24|109	50|125	130|52|10|81|143|46|35|45|80|67|77|11|106|107|110|78|123|119|121|71	0.295412	0.8	0.944127	0.874835	0.979078	0.970327
593	27|47|57|125	27|47	57|125	3|130|28|54|124|31|46|13|22|77|105|0|88|81|78|120|35|71|49|141	0.270648	0.909091	0.981129	0.940946	0.993185	0.987269
594	26|31|72|94	26|72	31|94	22|140|68|105|86|23|58|71|104|65|73|129|132|8|106|35|45|96|112|136	0.256345	0.933333	0.991041	0.972062	0.996674	0.994588
595	35|61|64|125	35|125	61|64	108|33|113|10|16|3|31|24|90|85|68|42|13|115|63|46|124|129|130|15	0.301016	0.888889	0.996209	0.988541	0.998657	0.997562
596	24|65|70|125	24|125	65|70	126|94|72|115|7|32|118|40|123|134|4|90|22|28|42|122|79|121|112|82	0.272005	0.875	0.962664	0.908567	0.986525	0.984532
597	8|27|86|140	8|27	86|140	132|79|64|10|50|63|112|33|107|26|57|80|11|113|1|81|127|46|7|4	0.302205	0.769231	0.981327	0.946542	0.993595	0.988591
598	31|47|103|124	31|47	103|124	11|142|28|44|68|23|61|46|136|106|33|109|15|80|117|100|26|4|75|108	0.247584	0.833333	0.988808	0.967187	0.996058	0.994612
599	15|26|50|67	15|26	50|67	23|42|22|4|24|103|77|58|115|95|11|105|119|27|83|138|61|125|110|10	0.28788	0.933333	0.999123	0.997262	0.99958	0.999135
600	8|55|64|126	8|126	55|64	54|103|75|72|23|85|132|1|109|2|70|46|65|128|12|28|122|39|7|13	0.256747	0.888889	0.981771	0.947815	0.992516	0.992211
601	10|48|65|125	10|125	48|65	52|100|127|44|124|12|70|31|140|7|95|47|88|143|134|132|85|3|75|35	0.265728	0.8	0.986742	0.958945	0.99434	0.989211
602	27|67|110|126	27|110	67|126	134|136|35|124|52|71|70|96|5|24|22|10|130|94|107|45|100|72|104|121	0.280628	0.909091	0.993281	0.980224	0.997418	0.997139
603	35|47|54|126	35|47	54|126	116|95|81|121|86|132|23|15|119|72|39|65|67|96|48|45|141|14|52|75	0.264077	0.75	0.981693	0.948859	0.993297	0.991989
604	10|27|125|140	10|125	27|140	39|75|61|64|57|35|114|128|33|95|77|67|0|3|48|121|104|105|96|49	0.292027	0.875	0.990534	0.973056	0.996597	0.994858
605	47|64|110|118	47|64	110|118	46|70|136|42|113|90|116|49|122|124|94|141|106|108|103|138|48|3|134|83	0.264581	0.8	0.965638	0.915876	0.986504	0.982346
606	68|94|96|125	68|94	96|125	141|73|12|77|115|45|119|105|140|0|10|70|86|75|126|49|136|88|138|130	0.233798	0.875	0.992708	0.978901	0.996768	0.995338
607	27|64|103|140	27|140	64|103	44|40|110|115|52|35|14|139|50|13|12|124|23|48|108|80|119|55|104|0	0.263391	0.923077	0.977912	0.938661	0.990954	0.984209
608	24|70|109|126	24|70	109|126	121|82|0|134|104|120|4|94|48|33|86|39|71|80|75|31|27|42|141|140	0.304212	0.8	0.986691	0.962687	0.99461	0.994021
609	50|96|125|126	50|96	125|126	142|61|39|78|33|119|107|47|0|24|63|90|12|73|106|58|95|53|67|22	0.259763	0.875	0.994263	0.982227	0.997694	0.997048
610	10|35|65|118	10|118	35|65	107|105|52|129|82|94|54|143|103|2|104|80|113|40|26|3|21|32|20|27	0.28176	0.8	0.973529	0.929677	0.989259	0.983031
611	57|64|72|140	57|64	72|140	21|42|141|50|138|126|1|95|11|22|54|39|12|46|136|108|143|0|28|132	0.267827	0.923077	0.979322	0.944106	0.99216	0.991134
612	16|61|103|126	16|103	61|126	127|104|5|108|138|105|117|13|64|96|130|58|120|123|21|27|112|110|142|39	0.287306	0.888889	0.973415	0.930421	0.989965	0.989265
613	24|27|55|112	24|55	27|112	73|109|96|114|44|63|0|53|119|48|107|5|39|80|79|64|118|129|127|75	0.288247	0.75	0.979219	0.9413	0.992305	0.98723
614	27|55|103|118	27|118	55|103	78|61|129|83|132|113|7|39|67|57|88|110|3|13|107|68|116|73|75|14	0.25833	0.727273	0.993481	0.981029	0.99758	0.996976
615	16|31|57|67	16|57	31|67	127|118|119|64|128|40|27|143|108|103|139|114|33|141|52|121|126|142|23|123	0.276876	0.888889	0.972459	0.923116	0.988851	0.988086
616	8|26|68|70	8|68	26|70	105|120|95|143|53|124|136|73|116|94|44|4|13|134|14|48|104|72|27|121	0.265425	0.857143	0.952269	0.889198	0.979817	0.979502
617	16|24|109|112	16|112	24|109	40|12|128|15|81|80|23|105|78|70|63|50|53|123|108|86|95|88|45|1	0.280799	0.888889	0.997704	0.992111	0.998937	0.997907
618	47|86|103|112	47|86	103|112	28|120|46|95|106|31|80|4|121|138|64|141|73|40|42|85|1|104|118|123	0.275847	0.888889	0.962742	0.906392	0.986819	0.977644
619	15|26|47|125	15|26	47|125	86|100|22|129|139|55|105|85|104|83|68|53|96|49|27|35|124|40|115|11	0.246241	0.875	0.990609	0.973391	0.997087	0.995582
620	10|50|68|103	10|103	50|68	142|57|105|81|0|14|88|109|114|86|140|143|94|26|83|40|78|72|16|21	0.27395	0.6	0.975572	0.942398	0.990169	0.988506
621	10|27|35|140	10|140	27|35	40|70|44|109|108|13|52|123|80|112|7|61|114|16|26|122|104|8|126|64	0.277518	0.857143	0.992282	0.976944	0.997051	0.994441
622	26|110|118|125	26|118	110|125	139|86|55|46|68|117|123|81|73|72|39|79|15|126|44|12|113|120|14|22	0.277265	0.769231	0.995586	0.986415	0.998419	0.998068
623	15|31|57|64	15|57	31|64	109|71|47|33|40|116|23|5|120|12|53|122|124|61|50|73|83|44|79|96	0.267445	0.75	0.992004	0.976131	0.996552	0.994954
624	55|67|68|118	55|67	68|118	107|4|100|80|42|108|119|94|142|71|21|81|16|40|105|130|124|82|83|72	0.271554	0.888889	0.985272	0.963295	0.993697	0.993284
625	8|26|35|65	8|26	35|65	32|88|120|10|141|57|71|40|2|140|21|14|72|23|20|53|103|126|16|105	0.2888	0.888889	0.99827	0.994247	0.999367	0.998759
626	15|65|70|86	15|70	65|86	110|95|126|140|58|85|32|24|5|27|73|28|31|107|134|104|3|16|63|33	0.285034	0.8	0.987075	0.965024	0.994591	0.990242
627	27|54|86|124	27|124	54|86	140|73|128|143|132|8|90|106|75|24|28|109|4|67|118|35|48|52|121|81	0.334594	0.857143	0.993841	0.980713	0.997281	0.995096
628	15|27|61|103	15|27	61|103	100|119|117|110|71|90|86|49|109|125|95|140|3|94|113|2|105|126|134|75	0.293382	0.857143	0.991693	0.97644	0.996424	0.996184
629	8|57|64|71	8|64	57|71	68|14|129|132|95|11|118|44|35|48|33|26|7|55|63|83|52|45|67|120	0.296551	0.857143	0.990933	0.972445	0.996281	0.993374
630	10|47|86|125	10|47	86|125	3|33|114|39|20|96|0|136|68|94|28|85|50|118|128|32|141|119|105|139	0.256942	0.666667	0.948766	0.881122	0.980233	0.977291
631	16|68|100|140	16|68	100|140	67|61|46|136|70|113|11|118|83|78|65|8|121|13|50|139|77|112|35|105	0.2707	0.923077	0.972071	0.928098	0.99014	0.985592
632	26|47|54|64	26|64	47|54	28|21|72|114|67|109|68|24|12|40|106|113|15|105|78|82|83|140|4|108	0.245046	0.8	0.984761	0.961439	0.993947	0.99116
633	71|72|112|118	71|72	112|118	58|14|52|61|108|130|90|64|48|23|67|57|128|45|132|125|96|5|4|142	0.287778	0.857143	0.998199	0.99543	0.999452	0.99936
634	61|64|68|109	61|68	64|109	79|123|28|106|107|120|0|100|141|1|139|20|49|40|50|32|126|10|116|121	0.280213	0.8	0.984625	0.96209	0.993878	0.991829
635	24|50|112|126	24|126	50|112	119|33|46|103|31|100|134|115|20|52|132|75|67|11|106|95|58|8|141|85	0.307839	0.8	0.974558	0.931729	0.991112	0.985226
636	31|57|100|109	31|100	57|109	79|10|140|21|70|71|118|75|32|14|33|126|143|39|24|116|95|63|122|15	0.271578	0.833333	0.992713	0.97909	0.997309	0.996589
637	26|35|67|118	26|118	35|67	113|57|45|126|115|95|134|75|130|27|63|22|7|128|47|20|123|31|71|46	0.260622	0.666667	0.986628	0.96	0.994036	0.990994
638	35|50|67|125	35|125	50|67	23|14|26|130|53|77|94|61|31|83|64|122|22|7|140|54|115|126|90|13	0.268167	0.875	0.988575	0.967322	0.995342	0.992275
639	15|27|48|109	15|27	48|109	49|105|47|72|50|88|13|26|126|58|90|121|77|2|106|141|112|63|103|120	0.294	0.857143	0.991985	0.978254	0.996887	0.996796
640	54|61|71|126	54|61	71|126	72|32|46|44|136|138|109|16|121|96|134|8|124|107|77|0|100|113|5|88	0.280727	0.666667	0.985976	0.962264	0.994009	0.99387
641	8|64|109|126	8|126	64|109	2|4|61|14|78|77|80|139|10|81|20|142|105|140|45|90|143|85|65|95	0.279589	0.888889	0.947825	0.901756	0.979885	0.976088
642	10|24|64|109	10|64	24|109	5|75|58|85|28|88|118|128|119|108|21|31|73|77|40|14|61|33|44|136	0.292997	0.888889	0.937796	0.864714	0.975851	0.974212
643	70|71|96|112	70|96	71|112	86|13|119|3|48|114|28|77|132|1|4|130|55|124|42|53|49|16|115|109	0.26493	0.666667	0.981532	0.952475	0.992159	0.98952
644	55|65|96|126	55|96	65|126	27|45|123|85|114|46|78|121|13|125|117|20|28|2|61|142|106|58|44|80	0.239908	0.857143	0.975982	0.934132	0.989998	0.987267
645	50|100|103|110	50|103	100|110	46|96|112|39|141|0|104|16|124|95|136|118|138|24|21|71|55|23|132|115	0.292792	0.833333	0.985177	0.958427	0.994536	0.992846
646	8|65|100|124	8|100	65|124	2|117|122|70|96|105|46|114|72|109|120|103|42|61|80|20|125|116|7|12	0.273295	0.857143	0.994864	0.984827	0.998045	0.996596
647	31|64|100|110	31|100	64|110	108|23|2|33|116|24|95|48|104|49|55|88|53|134|11|81|143|83|124|136	0.271437	0.923077	0.968416	0.929498	0.987682	0.986858
648	26|50|54|70	26|50	54|70	78|15|116|85|1|40|45|47|24|0|94|73|79|32|48|11|10|31|95|53	0.277381	0.769231	0.995277	0.986505	0.998307	0.997866
649	16|26|72|140	16|26	72|140	113|88|28|0|73|132|31|8|48|65|67|20|63|53|141|7|118|114|15|103	0.254748	0.888889	0.972847	0.927981	0.990781	0.984356
650	57|70|96|109	57|70	96|109	48|142|32|11|82|114|117|139|138|75|63|7|55|24|122|106|79|54|28|35	0.256162	0.666667	0.991371	0.975267	0.996231	0.995932
651	54|71|96|126	54|96	71|126	11|115|5|79|3|77|117|22|116|32|67|46|88|106|53|27|95|103|20|108	0.253116	0.666667	0.957301	0.90619	0.983537	0.978876
652	26|50|61|94	26|50	61|94	105|88|46|64|107|96|55|71|68|142|32|104|48|54|125|139|31|82|141|134	0.272577	0.769231	0.991313	0.976737	0.996312	0.995314
653	27|61|72|125	27|72	61|125	128|35|65|10|20|90|3|132|58|94|123|2|109|64|15|26|70|45|47|112	0.284662	0.875	0.998604	0.996237	0.999672	0.999525
654	10|31|68|110	10|31	68|110	107|11|64|103|123|134|117|8|12|3|79|14|94|113|1|21|27|120|2|141	0.268966	0.857143	0.965808	0.911458	0.986068	0.981574
655	50|65|124|126	50|65	124|126	21|134|139|64|68|11|48|40|118|132|70|130|22|35|106|96|83|104|58|67	0.2839	0.8	0.986641	0.968254	0.994607	0.993975
656	8|47|67|110	8|47	67|110	54|117|109|124|77|141|55|49|120|27|72|32|1|4|125|126|96|88|0|90	0.270742	0.857143	0.976458	0.939433	0.992166	0.990887
657	47|57|100|110	47|110	57|100	68|3|35|42|24|21|49|88|77|45|78|52|33|20|75|70|48|107|105|96	0.242673	0.8	0.981984	0.956546	0.992951	0.98926
658	16|26|94|124	16|94	26|124	5|33|40|119|22|117|125|70|132|86|122|35|73|123|82|105|3|113|71|136	0.295717	0.833333	0.996036	0.987303	0.998218	0.996712
659	27|35|110|125	27|110	35|125	138|55|130|81|122|118|22|13|116|73|140|4|109|108|26|129|117|112|1|16	0.265222	0.8	0.994995	0.982735	0.998419	0.996872
660	31|57|70|71	31|71	57|70	28|130|35|68|40|115|118|27|141|77|103|64|110|61|127|116|124|48|20|47	0.272475	0.75	0.996427	0.988767	0.998435	0.997098
661	31|67|68|71	31|68	67|71	47|13|2|44|126|100|40|27|20|42|64|54|85|55|5|96|65|132|57|95	0.26095	0.8	0.989651	0.970955	0.995848	0.994675
662	8|55|71|124	8|55	71|124	141|50|86|73|72|85|136|26|105|44|68|129|75|57|88|21|53|58|48|20	0.297046	0.8	0.994581	0.985322	0.997967	0.996843
663	26|57|124|126	26|57	124|126	46|118|90|5|8|3|140|110|33|100|49|105|10|85|23|142|11|67|117|96	0.285271	0.833333	0.988128	0.966523	0.995541	0.993054
664	26|35|50|55	26|35	50|55	28|73|3|106|39|72|0|100|120|31|77|7|134|1|14|24|48|143|122|75	0.285182	0.8	0.991158	0.97361	0.996078	0.992519
665	16|35|71|109	16|71	35|109	105|68|40|113|31|42|129|27|26|140|117|5|79|15|88|21|125|22|95|50	0.307934	0.8	0.976864	0.935802	0.991123	0.986697
666	31|71|72|112	31|71	72|112	140|0|11|139|21|119|82|65|28|57|96|105|54|70|75|127|110|126|142|109	0.267247	0.75	0.99011	0.971109	0.99602	0.993909
667	35|61|65|140	35|61	65|140	112|94|130|2|115|77|71|100|126|53|54|26|21|16|50|118|103|142|49|139	0.304869	0.923077	0.999164	0.997231	0.999658	0.999308
668	16|35|100|124	16|100	35|124	71|143|63|117|64|65|23|119|88|4|20|11|49|90|73|115|14|130|116|129	0.276749	0.769231	0.970082	0.926482	0.989227	0.982785
669	27|31|68|70	27|31	68|70	140|54|127|78|8|96|125|79|126|88|22|5|55|109|3|86|57|136|20|42	0.258681	0.857143	0.986721	0.963786	0.99442	0.991219
670	24|94|100|112	24|94	100|112	32|114|15|14|71|86|1|78|85|143|2|122|82|46|88|105|47|55|134|107	0.26641	0.923077	0.995573	0.987513	0.998074	0.997863
671	47|55|100|118	47|100	55|118	94|39|24|119|115|105|114|112|26|63|134|138|75|90|1|142|86|103|71|21	0.253502	0.923077	0.967498	0.926005	0.987349	0.985815
672	10|72|126|140	10|140	72|126	13|45|83|2|141|26|117|54|64|68|28|7|71|21|63|47|118|79|35|142	0.258685	0.923077	0.978454	0.948434	0.990545	0.988553
673	24|26|31|35	24|31	26|35	8|122|77|118|105|4|75|129|103|72|119|33|142|79|95|134|70|49|39|113	0.302251	0.857143	0.971318	0.920153	0.990159	0.983386
674	16|65|110|112	16|65	110|112	140|127|11|114|141|123|134|124|117|21|96|39|2|50|57|64|33|138|121|90	0.293083	0.888889	0.981709	0.947146	0.993775	0.992297
675	48|72|96|100	48|96	72|100	112|107|32|109|14|126|55|122|24|16|108|64|15|73|75|104|70|45|4|33	0.260252	0.888889	0.993854	0.981522	0.997607	0.996037
676	16|57|65|100	16|100	57|65	24|124|31|52|22|0|50|104|136|58|48|81|10|61|45|20|143|112|8|71	0.313755	0.888889	0.994738	0.983473	0.998019	0.996357
677	31|96|103|126	31|103	96|126	127|32|109|78|80|141|95|110|118|100|107|123|108|79|130|22|28|143|47|7	0.229957	0.666667	0.982721	0.954467	0.993281	0.991799
678	16|27|110|112	16|110	27|112	50|106|129|126|4|79|1|40|45|0|8|138|39|53|122|63|57|61|47|107	0.303134	0.888889	0.981817	0.948484	0.993246	0.987728
679	65|86|109|110	65|109	86|110	64|47|108|35|78|7|128|48|124|40|14|20|28|96|134|132|31|26|85|16	0.295718	0.666667	0.992824	0.978994	0.997173	0.995476
680	27|65|94|140	27|65	94|140	8|127|0|139|121|70|125|49|128|7|58|40|75|113|83|54|22|26|134|119	0.294659	0.923077	0.985998	0.962787	0.994019	0.992236
681	10|16|70|109	10|70	16|109	123|39|80|24|64|28|26|105|103|12|142|81|112|45|83|78|129|96|11|68	0.290982	0.888889	0.986356	0.96136	0.994566	0.990557
682	26|27|54|140	26|27	54|140	81|10|32|11|46|120|142|61|24|12|23|13|125|115|63|118|53|70|107|143	0.248543	0.857143	0.995875	0.987062	0.998275	0.996678
683	27|57|64|103	27|103	57|64	123|20|67|109|10|140|136|125|106|130|31|90|3|39|128|124|5|78|108|126	0.271588	0.909091	0.987876	0.964235	0.995058	0.992004
684	10|61|112|126	10|126	61|112	8|94|117|11|82|121|141|35|3|123|70|88|130|81|5|65|64|44|46|132	0.296203	0.857143	0.983548	0.953944	0.993409	0.989193
685	27|47|96|110	27|96	47|110	122|3|28|103|4|121|44|71|123|134|142|79|39|55|31|46|77|57|116|14	0.253134	0.727273	0.95914	0.901215	0.984965	0.980108
686	64|68|94|125	64|125	68|94	0|63|54|42|20|12|132|39|14|126|65|117|128|95|124|96|75|47|8|46	0.251109	0.833333	0.989176	0.972146	0.995267	0.994336
687	57|100|118|140	57|100	118|140	95|130|121|107|5|134|2|117|112|127|109|103|139|54|115|28|104|22|125|8	0.301255	0.923077	0.981818	0.948617	0.993187	0.993001
688	8|16|100|126	8|100	16|126	7|63|65|21|42|2|39|64|80|14|73|77|86|46|52|139|128|1|90|49	0.286074	0.888889	0.991694	0.974232	0.996542	0.996396
689	16|70|124|140	16|124	70|140	33|28|125|7|88|116|85|73|103|55|83|45|78|13|115|67|112|139|86|80	0.282043	0.923077	0.994921	0.984937	0.997938	0.995765
690	26|67|72|112	26|72	67|112	13|64|103|63|3|71|132|78|122|130|128|45|120|100|83|15|126|143|1|44	0.253702	0.888889	0.985133	0.963814	0.993728	0.992105
691	16|24|50|94	16|24	50|94	27|109|103|143|21|112|113|118|77|63|108|115|52|122|119|71|86|65|28|58	0.334066	0.8	0.996671	0.989446	0.998523	0.996836
692	10|26|31|61	10|26	31|61	95|57|1|129|4|45|44|94|15|142|65|75|116|32|39|49|16|125|40|24	0.281783	0.857143	0.979138	0.936661	0.990684	0.983855
693	26|47|71|94	26|47	71|94	63|49|33|122|125|16|140|53|108|35|45|127|83|115|78|126|54|32|31|23	0.256858	0.833333	0.986232	0.959255	0.99479	0.992408
694	10|16|94|112	10|16	94|112	7|136|118|83|70|14|121|113|120|1|50|119|27|64|65|143|67|78|40|52	0.305256	0.888889	0.976951	0.939872	0.991593	0.987697
695	70|71|109|118	70|71	109|118	5|100|44|134|127|77|141|64|114|129|67|55|15|119|116|122|96|75|104|3	0.264706	0.5	0.993113	0.978766	0.997292	0.996977
696	27|103|112|118	27|112	103|118	55|71|68|65|45|130|95|81|42|73|117|21|35|40|128|107|2|109|120|104	0.265948	0.888889	0.992868	0.97985	0.996978	0.995638
697	27|61|70|110	27|110	61|70	35|3|123|44|95|82|14|129|77|49|2|105|11|65|12|86|67|24|10|68	0.29736	0.857143	0.994108	0.982981	0.99785	0.997081
698	47|54|70|72	47|54	70|72	67|122|110|77|113|13|32|28|27|120|4|143|5|85|12|71|46|109|35|33	0.268376	0.888889	0.966423	0.923551	0.986901	0.981863
699	26|47|112|118	26|47	112|118	21|3|27|100|64|128|7|75|121|78|117|77|113|85|83|2|120|50|24|14	0.263795	0.8	0.990002	0.969535	0.996489	0.995033
700	24|27|72|125	24|72	27|125	39|45|140|124|105|94|8|33|31|106|80|73|103|77|129|81|100|90|130|11	0.311298	0.909091	0.975222	0.92776	0.990854	0.982785
701	48|57|65|124	48|65	57|124	54|5|96|64|79|2|117|26|67|32|24|40|113|49|46|103|10|13|143|20	0.313025	0.8	0.997086	0.990074	0.998833	0.99774
702	64|103|125|140	64|103	125|140	81|28|80|77|110|115|4|13|58|88|96|26|78|120|10|11|52|128|100|86	0.232804	0.833333	0.993478	0.981586	0.997219	0.995815
703	16|24|55|100	16|100	24|55	1|79|31|130|33|83|14|106|114|80|108|118|5|96|53|138|21|54|107|85	0.280046	0.8	0.960501	0.928351	0.985288	0.984456
704	16|26|50|103	16|103	26|50	142|124|15|139|4|65|83|120|53|32|5|79|134|3|114|12|42|1|132|40	0.274203	0.888889	0.951094	0.881067	0.980436	0.971317
705	54|55|70|110	54|55	70|110	0|122|23|4|125|127|88|119|95|90|75|123|40|50|15|141|82|2|3|86	0.272942	0.5	0.981103	0.953321	0.992441	0.991712
706	24|27|65|100	24|100	27|65	138|86|57|64|33|40|39|2|31|96|139|68|106|21|122|113|88|26|53|127	0.304897	0.8	0.995126	0.984837	0.998042	0.996635
707	15|24|57|86	15|24	57|86	4|46|1|90|23|105|72|140|143|63|104|116|130|96|118|106|8|11|22|83	0.29436	0.8	0.958487	0.930315	0.985113	0.984788
708	15|64|70|96	15|70	64|96	118|113|90|122|40|126|83|141|27|139|119|26|114|39|85|61|57|49|127|129	0.252723	0.888889	0.964245	0.92458	0.985292	0.983588
709	71|94|110|126	71|94	110|126	50|1|46|26|78|67|44|47|72|128|120|125|114|86|23|33|57|4|70|8	0.249461	0.666667	0.99343	0.982332	0.997321	0.99638
710	8|50|70|94	8|94	50|70	124|49|125|64|73|7|20|67|110|46|134|115|58|104|10|71|129|123|47|22	0.284068	0.769231	0.99251	0.978883	0.996861	0.995687
711	15|27|96|103	15|103	27|96	57|128|106|13|28|45|138|132|65|90|114|86|107|63|117|71|55|11|2|22	0.257822	0.857143	0.992178	0.977688	0.996845	0.996582
712	54|64|65|124	54|65	64|124	104|21|81|52|13|115|77|53|127|1|128|67|142|140|47|5|31|75|118|72	0.261386	0.727273	0.982884	0.95638	0.993269	0.991007
713	8|10|70|124	8|10	70|124	117|27|109|88|104|68|14|22|2|33|110|77|90|32|72|79|71|94|24|118	0.331918	0.909091	0.989121	0.969697	0.995218	0.993422
714	10|15|68|94	10|68	15|94	24|143|139|22|28|31|73|46|67|121|110|33|35|118|72|48|90|4|65|42	0.250285	0.769231	0.984421	0.962002	0.993197	0.990533
715	27|68|96|100	27|68	96|100	39|14|115|110|26|42|21|23|83|134|117|108|94|143|10|48|140|15|88|112	0.260285	0.923077	0.970284	0.939419	0.988421	0.986374
716	48|54|57|70	48|54	57|70	107|115|114|14|106|129|130|40|139|109|78|90|77|79|20|103|122|143|94|126	0.255537	0.727273	0.976207	0.939816	0.989842	0.989648
717	15|64|71|72	15|72	64|71	112|73|14|27|12|85|46|22|44|42|107|28|10|117|96|128|86|33|108|53	0.280534	0.888889	0.994755	0.98468	0.997924	0.996532
718	26|68|72|103	26|72	68|103	5|110|139|120|116|32|140|49|124|104|7|67|94|95|132|44|0|113|42|90	0.249395	0.888889	0.977341	0.933683	0.991321	0.984598
719	10|64|65|124	10|65	64|124	21|72|86|24|95|94|14|53|79|78|47|90|119|52|75|55|134|70|109|136	0.2916	0.769231	0.99049	0.973564	0.996393	0.995614
720	61|103|110|118	61|103	110|118	45|58|57|32|115|27|44|106|40|68|86|13|83|39|117|126|52|8|64|82	0.281569	0.75	0.989795	0.971712	0.996366	0.995431
721	10|57|67|103	10|103	57|67	81|61|110|80|128|112|21|5|13|68|83|72|55|31|104|53|129|2|35|123	0.271667	0.888889	0.988684	0.973326	0.995751	0.994287
722	35|71|109|112	35|112	71|109	104|52|12|117|108|80|79|33|39|48|68|55|64|16|45|96|132|4|120|11	0.266941	0.75	0.993309	0.97888	0.997281	0.996966
723	16|57|109|126	16|126	57|109	118|129|44|81|79|75|42|27|143|134|106|115|94|22|82|21|50|86|104|39	0.297854	0.888889	0.99407	0.981243	0.99749	0.997378
724	35|54|64|110	35|64	54|110	47|53|63|44|45|126|106|88|100|105|119|28|112|22|71|95|113|39|24|82	0.297589	0.8	0.989055	0.969557	0.995245	0.995054
725	15|47|100|118	15|100	47|118	115|108|110|78|55|54|134|24|128|94|121|58|52|11|32|96|64|86|7|57	0.266988	0.923077	0.987114	0.970493	0.994625	0.993053
726	31|47|70|124	31|70	47|124	26|2|11|88|143|78|24|114|20|130|86|141|142|116|81|104|127|67|64|72	0.248277	0.75	0.982361	0.956772	0.993137	0.992108
727	26|35|57|109	26|109	35|57	118|142|0|95|14|138|113|68|73|58|106|8|90|28|16|115|94|21|46|110	0.287911	0.933333	0.997339	0.991105	0.998788	0.997687
728	8|35|68|124	8|35	68|124	140|96|28|119|12|112|115|58|13|79|71|104|47|33|126|116|64|125|85|14	0.271237	0.833333	0.994249	0.98264	0.997262	0.995141
729	26|31|71|96	26|71	31|96	35|72|123|95|55|65|138|3|20|64|53|119|68|82|24|109|140|42|112|80	0.259243	0.8	0.998063	0.993885	0.99945	0.999146
730	47|55|68|96	47|55	68|96	75|72|39|129|100|71|23|46|27|0|58|5|109|130|107|138|113|78|35|94	0.230937	0.666667	0.974621	0.931777	0.989815	0.989258
731	27|48|55|57	27|55	48|57	125|106|35|90|116|78|130|15|134|49|53|3|12|33|8|86|58|141|73|20	0.315884	0.857143	0.994248	0.980366	0.997572	0.99518
732	10|31|71|109	10|31	71|109	4|73|22|33|20|106|100|5|27|67|139|47|79|70|49|45|113|138|46|52	0.255908	0.666667	0.987599	0.965101	0.994891	0.992976
733	24|54|103|124	24|103	54|124	77|123|107|26|115|94|16|65|7|140|86|2|142|113|1|78|28|42|132|139	0.294649	0.888889	0.99287	0.977666	0.997251	0.995334
734	55|70|72|140	55|70	72|140	1|142|120|128|117|81|95|28|33|96|123|108|130|110|61|7|113|57|64|50	0.27333	0.888889	0.987021	0.967277	0.994517	0.99356
735	16|61|71|140	16|140	61|71	115|12|5|15|0|124|114|22|23|35|81|113|119|78|104|67|50|107|117|49	0.290202	0.888889	0.971632	0.919737	0.989808	0.980569
736	48|64|86|94	48|64	86|94	21|54|118|138|125|123|0|128|134|80|106|120|16|63|72|81|28|27|71|57	0.302825	0.888889	0.98748	0.961959	0.994638	0.993865
737	31|70|96|103	31|70	96|103	27|109|28|32|52|0|1|82|127|22|120|116|49|90|129|4|128|75|73|83	0.232135	0.727273	0.963353	0.91898	0.984933	0.982176
738	61|94|96|126	61|96	94|126	88|39|119|116|86|20|113|33|53|121|45|81|95|11|13|73|141|125|10|100	0.257949	0.833333	0.986346	0.966106	0.99401	0.993716
739	15|26|48|68	15|26	48|68	64|8|52|122|46|130|126|10|83|94|39|35|2|143|28|77|32|117|20|79	0.293263	0.8	0.992152	0.977929	0.99718	0.996001
740	54|94|124|126	54|124	94|126	100|114|105|138|107|27|72|24|50|119|64|33|115|3|35|44|85|73|121|55	0.300929	0.909091	0.991564	0.976	0.996436	0.995263
741	15|47|65|112	15|47	65|112	3|77|32|61|42|5|57|88|117|94|106|53|107|45|72|129|33|82|73|105	0.260789	0.857143	0.976758	0.932414	0.991374	0.983239
742	26|31|35|70	26|70	31|35	109|12|79|65|118|113|90|55|108|39|121|49|73|50|134|107|1|120|20|126	0.282853	0.769231	0.990626	0.970868	0.996403	0.993448
743	57|68|103|125	57|68	103|125	47|95|108|109|21|94|70|79|139|20|132|49|129|16|78|45|12|28|138|82	0.248277	0.875	0.99343	0.979526	0.997106	0.994963
744	64|67|100|126	64|67	100|126	125|103|124|85|8|11|83|120|113|40|86|53|142|13|118|116|15|23|79|57	0.271436	0.888889	0.972216	0.928316	0.988228	0.986221
745	65|70|94|125	65|94	70|125	49|72|128|12|80|114|57|24|3|108|63|14|23|7|5|20|44|115|21|129	0.245591	0.888889	0.979263	0.950395	0.991396	0.989833
746	10|31|47|126	10|31	47|126	127|71|110|64|96|95|113|79|45|134|90|141|94|24|58|136|104|124|5|2	0.234184	0.666667	0.965343	0.913011	0.985466	0.983155
747	15|35|50|55	15|35	50|55	90|127|75|44|5|4|112|94|138|120|71|53|123|103|2|126|121|47|45|142	0.269448	0.75	0.981335	0.955434	0.991469	0.987274
748	54|64|65|112	54|64	65|112	45|70|1|7|129|32|0|113|20|22|130|120|116|8|128|123|78|124|40|28	0.271017	0.888889	0.967058	0.918949	0.986151	0.981007
749	8|64|86|126	8|64	86|126	113|7|129|78|49|0|33|26|21|94|77|142|20|100|107|48|67|79|136|57	0.301841	0.75	0.967609	0.917073	0.987386	0.983292
750	61|65|94|110	61|65	94|110	103|10|109|123|49|83|44|108|63|128|85|23|2|7|90|118|21|5|24|130	0.279397	0.888889	0.986819	0.972182	0.994807	0.992916
751	47|48|70|126	47|48	70|126	42|14|5|32|33|81|54|113|65|72|123|67|79|73|20|50|45|80|94|55	0.253424	0.8	0.972462	0.93373	0.989108	0.987311
752	35|70|96|126	35|96	70|126	116|13|127|64|63|123|61|132|119|88|82|81|20|47|15|115|58|134|121|26	0.265299	0.75	0.991065	0.972735	0.99642	0.995032
753	24|31|94|96	24|94	31|96	109|8|141|4|118|130|106|88|73|112|40|0|122|28|53|105|124|52|46|64	0.252234	0.75	0.974743	0.933491	0.990414	0.985531
754	31|64|118|126	31|118	64|126	134|107|138|83|53|2|27|141|72|142|130|71|96|110|26|20|5|4|121|128	0.26024	0.666667	0.957526	0.91048	0.981104	0.976224
755	55|86|103|112	55|112	86|103	4|82|28|7|16|32|27|77|22|23|26|44|48|117|67|81|10|1|127|24	0.284996	0.8	0.991433	0.977097	0.99672	0.996453
756	10|96|100|112	10|100	96|112	105|54|73|63|125|108|130|117|78|2|113|82|52|141|140|121|46|31|11|33	0.272007	0.857143	0.976933	0.935794	0.990901	0.986267
757	10|61|65|125	10|65	61|125	110|127|58|31|8|16|142|72|64|50|70|95|109|119|11|46|39|23|104|121	0.320961	0.888889	0.994799	0.983589	0.997639	0.995487
758	54|67|71|72	54|67	71|72	105|110|58|49|22|8|4|113|28|100|61|40|13|123|57|114|39|132|42|65	0.258701	0.571429	0.961846	0.923717	0.982986	0.979653
759	48|64|86|96	48|64	86|96	65|23|46|15|123|82|120|57|22|112|119|134|32|140|94|75|143|67|83|138	0.272511	0.666667	0.959551	0.911366	0.985294	0.981464
760	8|10|16|112	8|10	16|112	73|40|44|33|129|12|14|20|132|42|52|90|122|127|48|7|49|103|134|138	0.299452	0.888889	0.944838	0.866003	0.978057	0.972282
761	27|35|72|86	27|35	72|86	118|121|90|141|109|112|106|104|83|120|70|140|80|23|95|55|0|48|39|78	0.305607	0.857143	0.975232	0.928514	0.990961	0.983139
762	47|48|57|125	47|48	57|125	4|113|95|13|31|105|65|73|129|109|90|50|33|122|136|10|124|53|55|77	0.262574	0.875	0.981645	0.943017	0.993451	0.987806
763	47|94|100|112	47|112	94|100	86|120|57|28|5|90|95|142|117|10|85|121|8|61|139|68|0|127|136|118	0.258705	0.857143	0.985684	0.964835	0.994923	0.993817
764	68|96|125|140	68|125	96|140	123|27|24|106|11|28|63|32|108|5|0|67|130|118|12|79|119|33|52|95	0.236748	0.857143	0.987125	0.964547	0.994554	0.994313
765	8|27|68|94	8|68	27|94	134|116|100|78|113|110|79|47|0|128|142|12|104|108|130|118|50|54|122|81	0.247046	0.833333	0.990417	0.972404	0.996242	0.995747
766	35|57|67|94	35|57	67|94	28|1|139|32|123|22|113|106|72|33|116|80|128|85|14|2|39|24|129|140	0.276353	0.888889	0.988698	0.969078	0.995267	0.991272
767	27|71|96|100	27|100	71|96	21|143|80|121|136|94|40|32|132|49|63|10|113|31|108|65|1|70|39|125	0.258755	0.857143	0.985334	0.962651	0.994779	0.994333
768	8|55|64|94	8|94	55|64	26|1|86|32|0|68|77|117|4|75|46|109|57|71|85|65|123|3|107|45	0.266691	0.888889	0.986461	0.962544	0.994526	0.991377
769	10|24|61|118	10|118	24|61	94|72|128|132|107|108|82|129|139|53|58|50|3|70|130|71|31|28|134|68	0.318259	0.8	0.977792	0.935563	0.991965	0.991411
770	61|64|124|125	61|125	64|124	31|107|47|108|103|82|40|16|15|81|134|53|127|24|46|0|35|113|7|90	0.301949	0.888889	0.994006	0.982768	0.997348	0.996053
771	15|55|64|96	15|55	64|96	140|0|14|118|20|72|120|7|40|119|125|4|70|65|104|128|54|48|1|130	0.257564	0.727273	0.983467	0.958231	0.99248	0.992217
772	8|61|70|110	8|61	70|110	132|80|53|55|83|75|49|32|129|78|113|11|33|116|117|127|107|71|48|57	0.289003	0.666667	0.945862	0.878813	0.976918	0.97322
773	48|65|68|140	48|68	65|140	45|118|130|63|13|100|125|127|23|90|103|52|108|50|58|83|53|141|106|105	0.266004	0.923077	0.990666	0.970933	0.996286	0.993708
774	24|54|61|118	24|61	54|118	13|52|7|127|79|90|109|77|8|138|120|4|2|132|58|39|103|1|134|71	0.305354	0.75	0.950758	0.88494	0.979797	0.973623
775	16|27|31|125	16|31	27|125	95|85|115|0|22|32|73|7|124|120|104|119|39|94|138|61|49|57|67|86	0.30143	0.909091	1	1	1	1
776	10|72|96|112	10|96	72|112	5|31|4|54|45|58|107|138|53|132|78|57|7|24|2|82|47|103|110|95	0.264489	0.888889	0.98025	0.953175	0.991178	0.987441
777	26|54|61|100	26|54	61|100	40|57|71|45|31|73|39|94|10|42|5|21|108|132|110|125|46|8|2|32	0.275185	0.833333	0.975075	0.942234	0.990807	0.990615
778	15|24|27|65	15|24	27|65	57|7|14|46|5|16|12|109|0|33|138|3|112|116|105|127|95|10|107|31	0.296367	0.857143	0.997673	0.99312	0.999012	0.998283
779	64|96|103|112	64|103	96|112	48|45|8|10|129|3|118|7|73|75|58|130|81|42|63|85|142|109|108|53	0.243122	0.888889	0.980635	0.953266	0.992585	0.991939
780	54|71|112|126	54|112	71|126	86|109|0|127|1|73|42|28|119|103|75|22|130|106|10|52|57|63|113|44	0.273347	0.666667	0.987962	0.967814	0.995028	0.99495
781	57|112|125|126	57|126	112|125	78|73|58|70|55|138|32|82|14|10|42|75|81|46|108|127|140|113|40|23	0.250395	0.888889	0.986188	0.966351	0.994647	0.992842
782	24|64|96|110	24|96	64|110	125|70|65|81|108|39|114|20|141|118|57|61|40|106|49|103|94|15|72|7	0.273009	0.75	0.969433	0.927473	0.989131	0.987694
783	68|86|124|126	68|86	124|126	94|103|40|79|83|33|23|105|2|4|16|119|53|22|71|127|42|32|96|35	0.307196	0.888889	0.983939	0.951426	0.992804	0.990912
784	61|64|72|109	61|64	72|109	138|47|7|121|52|100|119|20|142|40|96|4|2|129|14|65|95|77|44|50	0.293983	0.888889	0.983971	0.956627	0.992851	0.992002
785	67|70|72|110	67|70	72|110	78|11|136|14|114|47|5|140|3|4|105|139|123|45|27|23|100|141|108|127	0.251003	0.571429	0.958596	0.92038	0.98232	0.979011
786	54|86|124|126	54|124	86|126	115|96|130|23|113|106|42|53|47|7|39|90|134|110|28|139|33|48|118|20	0.298877	0.833333	0.976812	0.938585	0.99097	0.987102
787	50|57|71|94	50|94	57|71	100|0|45|23|28|5|134|73|35|118|132|128|85|8|113|107|46|4|64|24	0.30447	0.833333	0.993145	0.979948	0.99701	0.994566
788	16|65|67|112	16|65	67|112	48|73|14|45|11|85|94|54|10|5|104|27|26|35|141|139|125|79|64|31	0.288853	0.888889	0.990275	0.97038	0.997131	0.994908
789	100|109|112|126	100|112	109|126	113|52|127|35|53|1|96|122|23|107|48|105|5|64|138|58|86|70|67|115	0.259536	0.769231	0.988962	0.969697	0.995432	0.99494
790	48|54|67|72	48|72	54|67	45|44|27|42|22|73|105|110|134|8|46|128|39|106|50|61|13|77|26|113	0.290604	0.8	0.959661	0.913231	0.98269	0.975218
791	24|35|55|72	24|55	35|72	61|8|113|44|106|16|22|128|108|28|53|70|123|103|141|46|126|80|20|83	0.291655	0.857143	0.99006	0.974346	0.996139	0.996031
792	8|35|47|96	8|47	35|96	73|117|49|132|128|129|39|125|0|72|15|24|83|61|22|141|124|126|3|53	0.281441	0.75	0.983719	0.953998	0.994232	0.991664
793	47|48|64|110	47|48	64|110	14|72|35|82|128|88|124|114|49|139|112|58|96|90|106|130|16|127|140|20	0.267984	0.888889	0.973533	0.935118	0.989796	0.989725
794	50|96|110|126	50|96	110|126	79|35|142|40|143|130|39|49|12|132|22|108|58|24|104|81|115|125|63|114	0.248266	0.571429	0.969158	0.928552	0.987192	0.985663
795	50|96|109|118	50|96	109|118	10|40|141|28|122|4|32|72|94|12|125|104|83|113|124|80|11|8|39|77	0.26399	0.666667	0.961104	0.915359	0.98498	0.982196
796	24|27|57|65	24|57	27|65	55|8|45|23|54|113|129|85|16|121|83|103|21|63|143|15|112|104|127|67	0.309061	0.888889	0.9973	0.991544	0.999034	0.998946
797	31|48|94|112	31|94	48|112	121|61|132|55|119|64|63|106|5|57|103|20|4|95|140|11|143|136|96|88	0.271671	0.857143	0.992827	0.979555	0.997299	0.996097
798	16|24|64|70	16|64	24|70	54|85|95|106|13|103|90|141|57|10|82|49|138|42|47|65|129|122|31|7	0.283393	0.888889	0.978574	0.95969	0.99264	0.992241
799	35|48|72|118	35|118	48|72	45|124|4|21|127|15|2|70|121|125|5|109|7|52|104|33|86|46|141|129	0.312225	0.888889	0.991617	0.976827	0.996399	0.995697
800	35|48|65|110	35|65	48|110	120|113|140|68|94|109|85|82|117|79|83|58|80|136|134|22|88|114|64|31	0.272631	0.75	0.991993	0.976471	0.99728	0.994875
801	10|31|71|112	10|31	71|112	65|7|12|63|70|64|114|105|88|0|90|58|80|22|15|140|134|39|50|24	0.270094	0.75	0.989279	0.967633	0.995817	0.992787
802	8|68|118|126	8|126	68|118	21|106|79|138|125|45|136|58|0|40|15|107|85|2|110|44|5|105|27|73	0.262147	0.75	0.927707	0.855289	0.966405	0.957008
803	50|94|125|140	50|94	125|140	61|1|132|52|33|27|95|3|70|12|127|86|120|21|81|142|7|45|112|107	0.26958	0.857143	0.995704	0.987489	0.998138	0.997745
804	8|31|68|110	8|68	31|110	54|73|119|27|5|141|48|28|22|7|104|143|4|126|81|96|70|86|138|78	0.266944	0.8	0.987385	0.964206	0.995037	0.994697
805	8|15|35|86	8|35	15|86	80|53|113|73|120|52|121|39|142|112|70|13|23|129|11|27|22|96|4|104	0.334594	0.857143	0.976137	0.930043	0.991345	0.984069
806	26|35|61|140	26|35	61|140	129|53|44|114|10|138|130|121|64|22|106|80|95|3|72|109|16|0|20|71	0.278607	0.923077	0.993552	0.98172	0.997207	0.994601
807	31|47|94|96	31|96	47|94	67|68|83|81|95|1|61|73|119|72|79|7|109|110|113|39|105|138|141|128	0.248868	0.833333	0.976458	0.937733	0.991149	0.985596
808	94|96|100|140	94|100	96|140	22|110|103|108|44|26|142|50|113|107|52|123|139|35|85|3|106|8|27|132	0.252566	0.923077	0.967944	0.924438	0.987002	0.98468
809	24|54|65|124	24|54	65|124	95|20|112|140|75|85|113|125|53|61|77|82|22|108|116|109|52|73|31|121	0.300046	0.857143	0.974494	0.930862	0.99072	0.983521
810	31|55|94|125	31|94	55|125	126|127|77|100|120|128|129|79|82|0|73|28|104|140|108|57|47|143|3|63	0.240131	0.833333	0.985746	0.958739	0.994104	0.992718
811	16|26|27|110	16|26	27|110	104|109|108|120|143|57|77|70|20|75|49|54|13|67|125|42|88|106|112|129	0.287309	0.857143	0.980549	0.950563	0.992901	0.990865
812	31|54|112|140	31|140	54|112	70|27|10|26|71|77|49|32|90|95|103|72|107|50|73|83|126|12|121|57	0.25408	0.923077	0.991132	0.971761	0.996768	0.994554
813	57|70|112|140	57|112	70|140	14|39|132|8|88|127|58|75|61|85|49|63|73|128|27|81|11|119|96|138	0.259464	0.923077	0.990067	0.970089	0.996223	0.99271
814	31|86|103|112	31|112	86|103	85|12|47|132|8|68|23|45|130|54|124|100|11|88|57|16|33|71|35|110	0.281196	0.8	0.991304	0.979947	0.996296	0.995775
815	15|48|94|110	15|94	48|110	78|72|143|130|52|127|0|46|120|88|28|112|136|117|128|31|80|109|70|134	0.261942	0.769231	0.982699	0.951198	0.992818	0.992459
816	27|47|96|140	27|47	96|140	122|20|67|88|108|78|33|107|52|45|130|138|112|116|50|83|23|55|128|105	0.231049	0.923077	0.953062	0.890612	0.982218	0.976676
817	24|64|110|118	24|110	64|118	23|117|125|86|75|88|140|120|27|40|123|100|112|106|105|139|28|143|121|116	0.296951	0.857143	0.983652	0.955935	0.993515	0.991407
818	35|48|65|126	35|126	48|65	100|5|0|86|58|115|2|27|103|136|107|109|123|3|12|106|50|32|85|129	0.271172	0.727273	0.996268	0.987852	0.998453	0.996904
819	67|68|96|124	67|124	68|96	45|80|77|82|50|123|61|143|28|4|57|116|104|63|95|2|88|73|5|115	0.260858	0.888889	0.954367	0.894681	0.981848	0.977182
820	10|35|100|103	10|103	35|100	125|23|142|8|116|130|27|106|2|67|28|64|90|124|48|80|32|108|65|105	0.269948	0.857143	0.986752	0.964136	0.995135	0.994827
821	35|64|70|140	35|140	64|70	83|31|32|67|8|47|16|104|26|23|109|128|120|72|39|54|116|121|117|130	0.292136	0.923077	0.992404	0.979552	0.997029	0.995598
822	31|65|86|110	31|86	65|110	142|1|0|47|48|129|53|45|12|77|54|136|5|104|13|64|109|57|115|123	0.267332	0.571429	0.976442	0.943203	0.990994	0.989314
823	16|55|103|118	16|103	55|118	73|136|109|115|71|5|117|44|126|113|67|83|35|108|72|15|77|14|31|123	0.280229	0.75	0.977817	0.938198	0.992341	0.987635
824	8|10|61|103	8|103	10|61	122|32|121|15|143|26|75|116|126|33|112|78|119|79|48|85|140|128|83|55	0.297864	0.857143	0.980652	0.948759	0.991571	0.987003
825	15|26|112|126	15|112	26|126	82|52|86|14|71|16|73|79|48|54|78|24|46|80|27|8|128|120|136|50	0.274496	0.769231	0.993606	0.979907	0.997533	0.99598
826	26|50|100|109	26|109	50|100	63|57|77|80|119|107|52|3|88|104|117|105|40|125|23|11|35|75|139|115	0.276853	0.8	0.931461	0.864024	0.970849	0.962062
827	70|71|109|118	70|71	109|118	54|27|46|73|138|78|22|126|49|65|4|115|82|132|40|116|48|112|121|2	0.268178	0.666667	0.982913	0.957819	0.993518	0.992309
828	50|55|71|103	50|71	55|103	128|63|127|27|95|116|124|139|4|104|134|140|35|85|79|39|90|42|78|32	0.249849	0.727273	0.929575	0.844353	0.96907	0.966461
829	47|70|72|86	47|86	70|72	0|121|75|114|83|104|35|5|142|28|33|77|95|108|107|22|106|118|44|46	0.276481	0.666667	0.922421	0.844499	0.969113	0.961648
830	16|50|68|100	16|68	50|100	40|48|120|132|113|53|72|55|130|123|106|1|140|65|96|5|90|81|35|21	0.29217	0.888889	0.961009	0.906842	0.984147	0.979436
831	8|24|47|125	8|125	24|47	109|107|11|5|49|80|120|123|113|52|65|3|118|1|23|55|48|139|40|122	0.273645	0.875	0.960056	0.900077	0.985971	0.975033
832	48|64|118|124	48|124	64|118	23|32|24|52|134|138|122|31|68|50|35|142|139|90|126|120|85|132|104|61	0.2898	0.888889	0.994108	0.981528	0.997931	0.996159
833	47|64|72|140	47|64	72|140	52|44|50|67|70|104|125|110|123|119|103|71|16|1|120|40|32|82|21|3	0.250064	0.727273	0.985252	0.961509	0.994209	0.990686
834	27|57|64|86	27|64	57|86	31|108|78|22|127|44|23|140|88|68|94|143|11|109|33|142|12|103|83|120	0.274116	0.769231	0.972051	0.928515	0.990357	0.986618
835	31|48|50|71	31|50	48|71	75|14|118|127|82|72|106|52|73|39|53|44|55|90|132|5|115|42|13|143	0.286344	0.8	0.981267	0.958011	0.993508	0.989684
836	15|24|26|109	15|26	24|109	35|28|117|104|143|122|118|42|77|45|134|54|75|16|48|70|13|53|64|127	0.314067	0.857143	0.995469	0.985787	0.998085	0.997284
837	10|16|61|103	10|61	16|103	142|122|116|113|78|42|85|121|124|107|32|21|132|27|40|104|1|5|129|13	0.280655	0.888889	0.893955	0.804305	0.95171	0.948993
838	24|68|70|72	24|68	70|72	103|26|77|67|73|71|50|52|65|95|54|7|136|35|1|44|55|125|22|86	0.290524	0.888889	0.992056	0.976942	0.996562	0.995617
839	57|72|103|109	57|72	103|109	54|116|85|95|119|105|53|50|90|58|122|1|52|11|115|70|124|64|123|141	0.269717	0.888889	0.993921	0.981132	0.997802	0.99746
840	70|100|118|124	70|124	100|118	112|39|63|117|134|119|7|116|49|128|57|139|26|48|42|10|122|54|103|81	0.294825	0.923077	0.987921	0.969516	0.995379	0.994511
841	16|48|61|67	16|61	48|67	128|109|24|122|57|126|141|21|3|80|27|103|53|42|115|90|64|15|142|82	0.288505	0.888889	0.991378	0.975069	0.996692	0.995773
842	24|57|70|103	24|103	57|70	48|121|68|71|11|78|49|13|33|1|20|26|136|65|138|104|4|139|55|28	0.267205	0.75	0.971783	0.926004	0.989434	0.98466
843	15|16|57|124	15|16	57|124	54|113|67|44|112|39|121|110|13|94|32|130|81|70|77|142|132|134|8|109	0.303767	0.888889	0.981642	0.953661	0.99472	0.991302
844	35|50|54|126	35|54	50|126	112|138|15|77|39|130|106|104|124|141|129|31|75|45|68|81|42|0|23|32	0.274931	0.666667	0.983477	0.95112	0.993139	0.992942
845	26|55|103|118	26|55	103|118	132|12|129|116|100|71|88|4|142|46|35|121|27|119|124|78|126|5|32|24	0.264583	0.727273	0.990806	0.973913	0.995794	0.994824
846	27|65|70|94	27|94	65|70	100|103|21|53|0|88|46|143|52|22|81|140|14|11|64|40|142|141|138|113	0.264621	0.833333	0.985862	0.959429	0.994881	0.994634
847	67|86|96|140	67|140	86|96	77|110|32|113|80|55|119|75|23|122|14|57|16|1|128|54|126|107|106|103	0.277712	0.888889	0.990238	0.972299	0.996169	0.995861
848	10|31|55|71	10|55	31|71	103|79|52|118|77|61|53|54|81|125|75|20|14|78|26|115|40|47|83|4	0.265618	0.75	0.984392	0.960388	0.993906	0.988626
849	48|67|70|126	48|126	67|70	58|134|13|46|122|127|4|104|86|96|3|23|110|45|128|68|77|141|82|27	0.256601	0.727273	0.980143	0.947149	0.99087	0.988154
850	26|54|61|124	26|61	54|124	24|100|80|45|115|78|15|42|1|106|0|44|75|70|109|48|65|32|139|16	0.284779	0.888889	0.996072	0.988062	0.998196	0.998031
851	31|50|68|86	31|86	50|68	63|88|125|13|117|107|113|2|54|100|127|82|136|108|110|1|39|129|67|16	0.30777	0.666667	0.985842	0.967394	0.993941	0.991654
852	35|86|124|125	35|124	86|125	81|4|12|14|108|116|31|40|123|114|47|24|63|96|58|127|21|142|23|141	0.283739	0.8	0.998395	0.994927	0.999315	0.998725
853	48|64|70|72	48|70	64|72	82|95|8|105|113|78|22|10|73|57|46|142|103|107|140|129|68|100|121|3	0.269551	0.8	0.992327	0.978429	0.997114	0.996717
854	16|24|57|109	16|57	24|109	20|1|35|114|77|0|95|132|26|120|31|11|96|115|116|5|118|126|81|79	0.297963	0.8	0.966466	0.940328	0.988217	0.986858
855	24|26|54|55	24|26	54|55	12|3|50|35|67|58|20|138|86|108|14|112|64|70|114|110|94|8|15|32	0.294244	0.933333	0.99599	0.987638	0.998438	0.996827
856	54|55|94|124	54|55	94|124	1|128|50|52|116|33|118|73|23|114|106|107|103|21|26|86|123|78|112|127	0.264235	0.833333	0.986068	0.961289	0.9943	0.991092
857	10|16|26|54	10|54	16|26	3|107|106|77|31|2|39|139|130|44|104|109|118|8|64|117|75|110|63|120	0.303088	0.888889	0.960288	0.897436	0.983158	0.978499
858	27|55|67|70	27|70	55|67	134|96|105|54|119|2|140|115|24|73|123|53|26|61|28|35|47|128|12|4	0.24955	0.8	0.983619	0.96394	0.993233	0.988569
859	16|57|70|118	16|70	57|118	61|5|90|35|109|4|3|138|122|27|112|21|28|107|49|79|65|63|121|13	0.302834	0.8	0.961519	0.900603	0.984799	0.975963
860	16|27|55|94	16|94	27|55	12|8|47|33|125|77|58|20|0|31|106|53|78|90|2|10|45|136|81|50	0.295394	0.857143	0.98416	0.957776	0.994183	0.989565
861	31|57|64|140	31|64	57|140	67|72|85|86|22|79|75|24|78|103|118|13|129|40|95|106|68|8|136|130	0.267735	0.888889	0.992968	0.981669	0.997374	0.996676
862	47|64|65|140	47|64	65|140	110|95|105|125|128|70|119|72|116|50|86|117|67|13|132|104|49|5|42|40	0.278508	0.833333	0.987168	0.965616	0.995316	0.992394
863	47|54|103|140	47|54	103|140	113|65|63|68|100|88|73|141|55|57|52|22|28|5|125|104|115|46|49|122	0.234503	0.833333	0.981692	0.94765	0.992724	0.989915
864	10|71|100|110	10|100	71|110	33|20|96|39|32|31|113|52|4|122|70|73|108|90|72|0|95|124|67|105	0.277597	0.833333	0.981802	0.953433	0.992908	0.991969
865	57|67|100|124	57|100	67|124	103|75|81|23|116|26|85|64|113|126|123|96|12|78|112|90|8|134|104|54	0.270963	0.923077	0.984489	0.957216	0.994355	0.991782
866	16|64|109|110	16|109	64|110	61|71|90|27|138|120|44|81|48|70|53|83|139|106|129|23|28|123|126|3	0.291845	0.888889	0.967642	0.923713	0.98821	0.986467
867	10|55|94|110	10|110	55|94	70|80|109|115|33|138|44|52|48|88|119|116|141|49|103|85|130|40|139|136	0.279897	0.769231	0.972259	0.934462	0.988378	0.984019
868	65|72|86|110	65|110	72|86	58|47|114|85|2|136|129|20|40|90|105|12|88|119|39|24|71|48|78|82	0.281262	0.8	0.983678	0.958291	0.993249	0.992609
869	70|71|118|126	70|71	118|126	81|113|33|45|24|125|122|52|117|80|12|85|21|26|50|116|107|2|106|120	0.260686	0.545455	0.986509	0.964838	0.994767	0.994525
870	26|64|112|126	26|126	64|112	113|1|142|78|134|14|90|47|33|32|121|81|125|20|105|103|52|24|139|2	0.25354	0.8	0.988983	0.968586	0.995332	0.994595
871	10|55|57|68	10|68	55|57	126|46|7|114|116|113|49|79|130|94|83|26|85|14|108|31|32|127|121|5	0.236722	0.666667	0.952622	0.902238	0.979582	0.972482
872	26|27|47|112	26|27	47|112	3|100|129|130|82|83|57|20|114|79|140|143|28|139|64|128|44|68|109|24	0.233201	0.769231	0.99271	0.977881	0.997521	0.995369
873	10|31|71|126	10|126	31|71	0|108|63|75|143|16|132|81|44|20|128|130|110|118|12|64|1|57|105|15	0.282972	0.666667	0.9825	0.951565	0.993016	0.989099
874	48|55|103|126	48|55	103|126	104|79|128|28|130|107|49|65|81|83|113|2|88|120|39|61|96|3|114|124	0.25215	0.8	0.985846	0.958099	0.994338	0.99321
875	16|70|71|124	16|70	71|124	42|117|95|138|105|4|86|118|114|20|108|110|65|2|10|123|33|113|40|100	0.291117	0.833333	0.998124	0.994172	0.999192	0.998651
876	10|15|48|54	10|54	15|48	14|125|47|64|4|13|39|33|142|49|20|85|80|109|118|73|100|57|35|16	0.304787	0.888889	0.983183	0.955515	0.993295	0.98907
877	8|10|31|70	8|31	10|70	54|113|103|15|73|94|82|125|112|45|33|22|136|67|119|104|65|130|118|72	0.293537	0.75	0.989196	0.970357	0.995985	0.993032
878	16|48|96|126	16|126	48|96	23|3|115|109|0|143|31|22|117|14|106|42|33|68|1|4|5|49|128|95	0.270076	0.8	0.969506	0.921053	0.988607	0.982935
879	50|103|110|112	50|103	110|112	138|42|124|113|24|100|3|12|79|52|122|77|32|88|90|20|63|108|1|33	0.250955	0.571429	0.980903	0.957498	0.992016	0.990821
880	15|24|70|118	15|70	24|118	86|119|120|27|85|96|28|12|107|52|55|54|134|49|10|0|22|23|14|1	0.300733	0.8	0.996181	0.988955	0.998263	0.99739
881	8|10|57|64	8|10	57|64	70|39|49|32|123|79|126|3|127|1|71|22|20|46|105|82|113|141|86|100	0.309894	0.8	0.980158	0.943724	0.99177	0.987607
882	15|100|109|110	15|109	100|110	33|23|11|106|140|32|141|65|107|71|27|113|120|112|53|46|49|52|123|26	0.267235	0.833333	0.963955	0.912923	0.985283	0.982532
883	26|31|54|112	26|112	31|54	55|96|123|47|121|128|86|103|83|85|106|81|94|136|39|10|100|95|110|116	0.229111	0.666667	0.995399	0.987385	0.998302	0.997307
884	27|31|54|100	27|100	31|54	39|12|68|61|110|77|122|70|28|3|50|48|132|139|10|112|23|8|90|73	0.27802	0.857143	0.988194	0.969956	0.99564	0.995087
885	8|31|94|103	8|103	31|94	46|50|118|116|121|96|64|143|85|115|53|78|33|139|142|4|100|95|27|90	0.294053	0.857143	0.996227	0.988376	0.998445	0.998122
886	27|31|64|86	27|31	64|86	88|42|50|104|12|120|68|124|116|32|35|82|122|141|7|5|23|48|40|112	0.296645	0.909091	0.974025	0.929387	0.990361	0.982292
887	16|24|54|65	16|65	24|54	64|32|26|73|83|80|105|55|143|1|142|46|88|2|121|33|63|126|10|42	0.276191	0.8	0.969593	0.943481	0.989822	0.988147
888	8|27|61|94	8|27	61|94	143|49|5|115|83|104|16|46|114|126|107|90|13|95|96|11|50|24|130|32	0.307733	0.857143	0.998999	0.996751	0.99956	0.999174
889	8|26|96|126	8|96	26|126	42|78|116|10|61|112|57|0|24|100|119|48|105|85|16|129|67|143|118|90	0.27242	0.727273	0.994722	0.983602	0.997796	0.997155
890	27|55|100|112	27|55	100|112	134|122|78|110|15|114|46|48|24|119|58|121|125|65|11|4|124|90|140|68	0.288292	0.923077	0.990965	0.974069	0.995598	0.995318
891	24|35|72|118	24|72	35|118	40|57|77|20|106|108|109|0|10|21|27|126|128|120|105|134|53|39|85|142	0.301478	0.75	0.981173	0.946231	0.993755	0.989715
892	35|72|94|109	35|94	72|109	125|106|78|70|55|79|136|120|139|142|71|115|12|82|40|118|42|134|85|11	0.267446	0.769231	0.984557	0.955683	0.993908	0.991964
893	48|50|54|64	48|54	50|64	88|0|130|39|104|124|44|72|22|140|138|80|121|113|139|58|46|61|12|127	0.300572	0.8	0.970037	0.928267	0.988844	0.988831
894	24|96|103|126	24|103	96|126	75|63|23|53|20|2|55|119|57|77|0|42|61|45|110|130|14|108|125|70	0.244732	0.666667	0.970296	0.923016	0.989016	0.987033
895	26|72|86|112	26|86	72|112	52|105|61|106|78|141|47|139|104|13|20|55|138|8|39|118|134|64|24|2	0.273652	0.857143	0.994816	0.98502	0.997947	0.996712
896	15|48|100|109	15|109	48|100	26|78|57|63|138|142|140|65|2|7|127|45|107|42|96|54|86|5|67|4	0.267152	0.833333	0.995338	0.986069	0.997978	0.99764
897	31|54|68|112	31|54	68|112	5|40|33|26|126|11|141|72|61|28|80|109|95|67|14|46|58|127|49|81	0.253078	0.888889	0.988547	0.966537	0.995479	0.995133
898	8|24|110|124	8|124	24|110	129|71|136|61|121|35|109|86|46|128|105|11|42|65|120|2|50|115|67|14	0.333414	0.857143	0.996335	0.988804	0.998643	0.997468
899	8|26|70|125	8|125	26|70	112|15|11|129|104|0|136|77|14|142|16|63|110|122|94|7|20|106|140|79	0.268572	0.8	0.99495	0.983819	0.997759	0.995778
900	8|55|86|103	8|103	55|86	13|58|141|45|16|32|2|42|20|4|65|0|118|123|72|53|140|125|83|143	0.267273	0.666667	0.991035	0.973924	0.995842	0.993007
901	64|67|71|103	64|67	71|103	46|8|26|52|77|139|125|72|90|44|121|15|23|82|134|31|120|118|53|95	0.261719	0.888889	0.978025	0.938186	0.991134	0.985751
902	35|55|64|124	35|124	55|64	57|32|134|75|80|71|45|88|105|77|123|5|28|127|73|23|15|132|109|126	0.2586	0.8	0.982513	0.949367	0.992779	0.987982
903	8|16|94|110	8|94	16|110	31|67|35|72|143|78|134|136|15|118|122|142|45|68|53|23|63|57|116|103	0.274921	0.857143	0.97437	0.929698	0.99108	0.986009
904	47|70|72|118	47|118	70|72	143|57|81|23|8|122|119|82|108|95|90|32|24|11|14|129|50|86|83|44	0.279457	0.888889	0.977336	0.944128	0.991834	0.989675
905	26|68|110|118	26|68	110|118	71|24|67|122|2|58|105|90|63|31|14|40|54|136|81|77|10|33|127|128	0.281923	0.933333	0.991562	0.976302	0.99646	0.995862
906	15|16|64|71	15|16	64|71	44|72|67|105|32|22|126|42|11|123|58|12|40|61|142|86|127|77|0|54	0.292744	0.8	0.994499	0.984213	0.997756	0.996088
907	47|64|94|109	47|109	64|94	23|75|1|119|129|10|136|15|124|11|121|116|125|35|31|52|140|123|49|115	0.249016	0.833333	0.949289	0.897316	0.98031	0.97762
908	24|48|57|67	24|57	48|67	120|5|65|128|7|35|31|71|46|103|114|22|110|14|20|52|81|124|130|13	0.296578	0.888889	0.967698	0.907398	0.988317	0.983859
909	54|109|124|125	54|124	109|125	16|49|104|63|132|8|136|80|23|138|142|134|48|65|77|50|110|86|20|24	0.31146	0.888889	0.989868	0.975051	0.996017	0.995406
910	15|35|70|96	15|35	70|96	23|61|64|115|21|31|53|40|103|75|132|44|83|112|16|68|11|12|113|63	0.266471	0.8	0.991194	0.975562	0.996563	0.995776
911	65|86|96|126	65|126	86|96	80|141|115|39|78|138|27|49|134|88|143|3|139|129|85|16|125|82|57|8	0.277925	0.8	0.976221	0.94325	0.989732	0.986818
912	10|24|27|100	10|27	24|100	15|48|58|52|107|75|7|130|129|124|71|78|77|46|138|14|83|72|13|5	0.300378	0.909091	0.930175	0.853754	0.96963	0.957758
913	48|50|68|72	48|72	50|68	77|45|21|64|95|75|49|143|86|100|80|121|61|47|140|134|10|44|11|33	0.271045	0.8	0.9979	0.994092	0.999014	0.998165
914	26|31|72|118	26|31	72|118	81|55|110|47|58|40|16|73|32|136|86|77|80|132|22|68|28|130|142|20	0.267961	0.933333	0.990185	0.973913	0.996028	0.994255
915	8|54|67|112	8|112	54|67	117|70|48|122|79|138|116|132|126|114|42|21|39|81|45|136|32|53|88|75	0.273491	0.8	0.981073	0.946448	0.992403	0.987129
916	15|26|86|94	15|26	86|94	22|7|5|21|136|113|124|23|100|77|96|50|16|107|35|57|79|73|4|78	0.301917	0.833333	0.992448	0.978037	0.996853	0.995617
917	27|72|110|140	27|140	72|110	82|95|31|48|65|139|20|68|85|113|32|64|49|108|104|142|141|70|136|88	0.266639	0.923077	0.984957	0.958055	0.994547	0.989725
918	8|26|31|54	8|31	26|54	95|16|40|22|48|10|55|15|63|80|27|108|116|113|7|124|67|14|2|23	0.291588	0.75	0.988854	0.967447	0.995316	0.994393
919	47|50|64|125	47|50	64|125	27|48|81|126|0|39|70|120|20|140|44|116|109|63|40|122|49|95|138|96	0.273208	0.875	0.978931	0.942431	0.992043	0.989588
920	16|24|27|67	16|67	24|27	4|109|13|128|82|73|118|78|47|136|11|79|88|123|138|117|10|46|22|77	0.315613	0.857143	0.978855	0.965598	0.993298	0.992607
921	50|55|71|112	50|55	71|112	16|96|90|12|13|40|42|73|128|80|61|127|100|28|139|95|136|31|64|46	0.285546	0.888889	0.996086	0.988081	0.998515	0.997671
922	10|16|24|72	10|72	16|24	95|113|15|73|109|55|123|114|140|45|103|23|83|80|110|46|2|52|28|8	0.276447	0.75	0.948336	0.912016	0.980494	0.977691
923	26|65|68|125	26|68	65|125	58|136|20|106|22|121|117|24|90|53|94|23|52|75|8|16|103|39|126|128	0.283982	0.933333	0.985698	0.957634	0.993972	0.990396
924	15|35|71|126	15|35	71|126	115|23|63|139|94|4|119|124|27|48|100|75|39|12|117|78|3|138|141|129	0.26696	0.666667	0.984109	0.955224	0.993598	0.99058
925	10|57|64|71	10|57	64|71	11|40|79|136|42|104|35|110|26|118|112|140|125|108|1|138|124|15|116|81	0.285416	0.857143	0.974054	0.928497	0.988999	0.987151
926	47|50|68|94	47|50	68|94	8|78|77|24|67|122|49|142|110|15|5|83|28|132|33|53|79|138|32|104	0.237845	0.769231	0.968864	0.924948	0.987151	0.984538
927	8|67|68|71	8|67	68|71	138|114|13|140|16|2|88|28|83|107|116|70|113|94|7|3|132|122|53|112	0.266937	0.8	0.981505	0.952719	0.992096	0.991702
928	31|47|109|112	31|112	47|109	108|65|57|32|122|88|125|110|12|10|94|100|48|68|5|80|27|138|141|134	0.231255	0.75	0.990166	0.971344	0.996443	0.993492
929	35|50|68|125	35|68	50|125	3|77|104|23|134|142|83|122|95|67|114|57|8|90|21|44|7|96|2|52	0.267013	0.875	0.976895	0.93796	0.990548	0.989639
930	10|64|112|140	10|140	64|112	71|125|31|119|122|22|58|65|27|141|72|100|94|139|7|47|48|86|116|0	0.282246	0.923077	0.982678	0.953579	0.992761	0.990178
931	16|26|100|124	16|124	26|100	40|116|143|7|139|11|127|4|39|112|65|63|31|140|61|114|126|119|75|123	0.268249	0.888889	0.948964	0.892407	0.981239	0.978278
932	10|57|100|109	10|100	57|109	75|48|81|129|14|26|73|138|21|39|54|46|120|72|122|140|71|22|0|47	0.272388	0.833333	0.990343	0.970565	0.996093	0.993552
933	27|71|94|110	27|94	71|110	48|138|68|109|44|46|119|63|114|55|127|31|49|123|39|3|107|78|0|106	0.278238	0.857143	0.988846	0.968516	0.995354	0.995246
934	10|50|72|126	10|72	50|126	3|2|128|70|109|77|119|24|136|22|73|143|81|31|49|65|112|88|61|12	0.29372	0.8	0.975877	0.944357	0.990602	0.985086
935	35|47|64|118	35|64	47|118	136|139|72|125|20|85|7|121|138|82|100|14|128|61|49|53|0|48|117|110	0.276783	0.888889	0.9785	0.941054	0.991863	0.98997
936	50|54|55|71	50|55	54|71	124|47|88|122|108|109|7|86|31|39|72|2|5|1|21|141|85|10|28|52	0.300934	0.75	0.996448	0.989385	0.998715	0.998714
937	8|50|71|110	8|71	50|110	65|20|115|53|130|49|42|57|123|119|128|85|75|40|105|80|1|14|16|79	0.309825	0.8	0.989857	0.970076	0.996124	0.993846
938	15|24|27|118	15|24	27|118	132|107|141|113|49|134|31|122|136|13|100|73|35|7|82|90|78|44|1|142	0.282075	0.857143	0.965597	0.91272	0.987873	0.982328
939	27|61|72|86	27|61	72|86	20|132|40|139|73|113|12|103|121|52|58|10|75|31|85|105|107|125|138|116	0.277823	0.857143	0.967068	0.912474	0.988551	0.981845
940	57|65|72|125	57|65	72|125	122|130|3|1|82|11|32|140|16|103|134|49|96|114|42|53|95|61|123|55	0.257214	0.888889	0.997323	0.991551	0.998975	0.99791
941	61|68|71|109	61|109	68|71	21|122|11|67|103|49|86|100|3|57|2|5|0|142|96|127|132|70|46|115	0.279519	0.8	0.991479	0.975739	0.996435	0.996153
942	24|48|125|126	24|126	48|125	8|21|16|0|46|106|85|79|108|80|142|70|65|53|2|105|67|129|7|31	0.274816	0.888889	0.994823	0.983749	0.997864	0.996109
943	31|86|124|126	31|86	124|126	129|13|20|88|58|40|39|100|70|79|110|22|64|80|2|4|104|90|113|42	0.285678	0.8	0.974203	0.933932	0.990695	0.988584
944	26|50|96|100	26|50	96|100	68|8|14|65|28|107|54|128|118|140|58|11|126|88|110|72|71|15|86|138	0.28269	0.933333	0.995433	0.986279	0.998195	0.997024
945	24|68|70|100	24|68	70|100	54|28|108|124|71|139|115|42|106|107|39|103|44|130|35|46|81|86|52|50	0.291348	0.8	0.989731	0.970982	0.995603	0.995128
946	15|67|94|103	15|103	67|94	95|141|54|130|107|70|44|132|124|53|104|121|140|47|8|125|71|75|134|32	0.26767	0.833333	0.979777	0.947755	0.991157	0.987843
947	26|57|68|103	26|68	57|103	58|70|106|105|67|31|46|96|23|47|85|82|128|48|32|7|100|73|15|20	0.241464	0.933333	0.993453	0.97931	0.997078	0.995223
948	16|48|86|100	16|100	48|86	122|71|83|33|113|15|109|8|45|61|23|105|139|67|2|65|82|14|20|68	0.296074	0.8	0.962473	0.932307	0.987109	0.987058
949	65|67|110|126	65|110	67|126	136|106|116|81|63|114|26|57|86|47|100|142|78|121|13|82|28|109|79|14	0.264458	0.666667	0.979252	0.946742	0.991742	0.989181
950	16|24|55|72	16|72	24|55	71|95|39|45|65|134|50|104|83|33|5|70|31|54|132|121|122|40|79|106	0.295617	0.888889	0.952205	0.915445	0.981464	0.979181
951	27|50|68|96	27|68	50|96	42|67|126|128|32|113|143|33|23|63|136|70|13|20|26|78|48|1|90|5	0.266429	0.857143	0.981064	0.949739	0.992789	0.992672
952	57|86|96|140	57|96	86|140	121|85|47|142|54|127|90|55|68|42|27|129|119|79|45|13|49|81|48|26	0.271199	0.8	0.98384	0.953246	0.994003	0.989993
953	8|16|48|125	8|48	16|125	73|63|107|61|143|79|83|45|46|82|47|118|138|52|55|124|81|4|109|64	0.269601	0.888889	0.991719	0.973692	0.997516	0.995422
954	96|118|125|126	96|118	125|126	5|77|141|136|114|119|21|53|115|86|24|143|33|72|0|2|130|47|20|100	0.254657	0.666667	0.988169	0.968139	0.995047	0.994336
955	15|55|67|71	15|55	67|71	124|114|53|58|8|106|107|110|0|46|113|20|78|2|79|81|48|85|103|72	0.27274	0.666667	0.982279	0.956456	0.993001	0.991424
956	24|26|54|94	24|94	26|54	80|64|118|10|31|49|104|14|58|23|138|81|88|35|79|132|57|16|22|21	0.299652	0.933333	0.99287	0.977477	0.997148	0.996529
957	31|94|124|126	31|94	124|126	39|103|96|116|44|61|11|32|115|13|21|57|72|95|104|45|14|107|118|28	0.266935	0.833333	0.990647	0.974307	0.996507	0.995443
958	61|72|100|103	61|72	100|103	23|122|28|73|22|82|16|96|45|118|4|90|53|24|83|139|46|134|67|68	0.27102	0.923077	0.990512	0.975278	0.996313	0.99605
959	57|64|65|110	57|110	64|65	22|33|86|103|75|10|14|24|61|15|107|140|42|117|115|113|73|71|126|79	0.282561	0.857143	0.991143	0.975145	0.99659	0.995936
960	8|61|112|118	8|112	61|118	121|52|5|22|70|75|132|96|117|122|78|3|26|44|128|39|140|129|15|49	0.288171	0.857143	0.9875	0.972289	0.994182	0.991367
961	16|31|50|68	16|31	50|68	61|106|79|42|48|118|1|136|44|123|8|82|117|71|54|35|55|115|108|116	0.307702	0.888889	0.982909	0.948924	0.994189	0.993264
962	16|48|61|71	16|71	48|61	106|95|112|33|119|85|1|86|42|63|96|110|109|115|94|104|132|50|139|134	0.286368	0.857143	0.997402	0.992009	0.998885	0.997799
963	55|124|125|140	55|124	125|140	68|7|134|100|138|45|121|14|95|114|72|81|11|123|33|83|94|70|113|77	0.275985	0.923077	0.9902	0.976518	0.996636	0.995965
964	27|54|72|109	27|54	72|109	123|116|57|5|2|128|80|31|112|105|45|63|78|108|119|130|52|49|88|127	0.264988	0.857143	0.958378	0.909345	0.983616	0.98323
965	31|35|96|112	31|112	35|96	11|136|46|100|125|116|39|21|45|132|127|115|90|114|47|50|64|130|26|107	0.244295	0.666667	0.997089	0.990416	0.99899	0.997967
966	35|57|86|118	35|118	57|86	108|13|95|100|120|77|138|4|12|132|53|24|122|65|96|39|90|0|11|33	0.300881	0.8	0.995901	0.987561	0.998245	0.997806
967	35|47|55|67	35|55	47|67	32|23|63|100|81|72|119|4|2|105|114|24|85|112|108|42|48|5|88|130	0.260916	0.8	0.987271	0.965821	0.995224	0.993593
968	35|96|109|126	35|96	109|126	64|107|1|128|13|117|130|7|88|45|21|110|11|63|46|114|100|10|120|61	0.265211	0.75	0.990499	0.974081	0.996528	0.995108
969	26|31|64|68	26|68	31|64	96|127|90|48|120|104|118|50|80|88|142|71|138|12|106|114|83|57|136|130	0.244189	0.8	0.981343	0.951653	0.992597	0.991983
970	50|57|72|140	50|140	57|72	109|11|94|53|26|65|122|128|90|33|85|55|3|28|40|71|4|95|5|130	0.295555	0.888889	0.987412	0.965399	0.995487	0.994541
971	10|15|16|48	10|48	15|16	57|50|88|24|22|49|26|14|8|45|20|126|58|72|11|141|79|77|96|110	0.350532	0.857143	0.992904	0.981142	0.996907	0.995087
972	16|55|70|124	16|55	70|124	50|106|53|22|20|54|110|136|3|118|8|114|23|49|113|90|138|95|85|143	0.274768	0.769231	0.966689	0.918383	0.986648	0.979952
973	47|64|72|86	47|86	64|72	73|14|1|94|82|138|71|44|20|12|127|7|115|88|109|132|85|70|119|49	0.284002	0.888889	0.959773	0.903116	0.986182	0.980964
974	8|24|124|126	8|126	24|124	110|20|122|71|23|142|12|141|67|73|31|109|63|33|83|52|82|35|86|47	0.287143	0.857143	0.996234	0.988082	0.99859	0.997064
975	26|47|54|100	26|54	47|100	114|13|53|136|83|108|64|23|112|81|22|140|40|24|10|119|14|132|42|27	0.259078	0.833333	0.986404	0.968071	0.994813	0.992374
976	61|94|100|103	61|103	94|100	81|77|130|63|86|125|11|20|26|42|112|83|16|116|7|24|23|107|128|5	0.25692	0.857143	0.981622	0.956425	0.991961	0.990157
977	27|47|50|55	27|47	50|55	4|54|0|94|121|114|104|58|125|21|119|78|90|103|65|70|115|124|64|140	0.266461	0.909091	0.977908	0.94086	0.99147	0.991237
978	47|70|124|140	47|124	70|140	10|50|65|42|1|44|5|109|118|28|46|26|128|106|67|119|121|139|122|24	0.265517	0.923077	0.988384	0.968725	0.995494	0.993909
979	54|64|94|100	54|94	64|100	68|128|127|32|115|116|119|14|23|10|50|90|45|40|129|103|80|20|83|139	0.286889	0.769231	0.976185	0.94331	0.990337	0.989105
980	64|68|70|72	64|68	70|72	109|67|2|52|49|114|103|47|10|42|96|54|95|20|124|61|88|132|82|3	0.266952	0.8	0.991916	0.979787	0.996788	0.99487
981	15|26|72|109	15|26	72|109	42|2|31|10|71|70|90|21|116|57|130|16|127|118|124|39|83|45|22|23	0.28524	0.727273	0.997483	0.992174	0.998827	0.998131
982	35|48|86|140	35|48	86|140	72|14|124|121|49|23|75|108|83|13|110|16|114|88|125|61|81|63|20|77	0.319391	0.923077	0.995425	0.986773	0.997994	0.99624
983	26|54|67|124	26|67	54|124	100|0|71|32|73|39|108|53|68|75|129|57|118|123|83|139|143|46|141|105	0.24911	0.8	0.979969	0.94437	0.991754	0.98962
984	31|50|55|71	31|50	55|71	49|90|14|115|96|136|108|21|46|20|58|125|0|78|24|54|81|28|61|67	0.278575	0.8	0.997974	0.993445	0.999349	0.998794
985	31|64|67|68	31|67	64|68	95|141|80|136|120|39|114|2|85|127|75|107|49|138|77|26|112|94|50|47	0.250723	0.888889	0.977941	0.943779	0.990866	0.990198
986	64|94|118|125	64|125	94|118	72|132|22|63|71|67|40|79|108|113|58|81|120|136|68|123|49|0|35|78	0.249461	0.875	0.975936	0.939812	0.989447	0.988949
987	55|57|86|100	55|57	86|100	48|44|13|3|70|113|58|15|22|88|20|35|52|10|132|28|141|45|27|82	0.294688	0.75	0.975905	0.933861	0.991294	0.984206
988	15|47|103|125	15|125	47|103	49|12|27|13|139|114|71|130|0|128|138|44|105|53|5|46|35|140|134|50	0.242135	0.875	0.967478	0.912564	0.987255	0.979166
989	64|71|112|125	64|112	71|125	14|50|81|28|108|65|134|35|114|55|139|42|141|138|129|21|118|2|46|78	0.252284	0.75	0.980794	0.945854	0.992224	0.987973
990	50|72|103|140	50|103	72|140	3|118|85|134|142|105|7|26|122|27|44|108|8|58|46|95|124|65|109|112	0.294591	0.888889	0.988745	0.966804	0.995659	0.995503
991	31|67|110|126	31|110	67|126	64|120|114|58|27|121|119|95|45|12|33|94|117|42|8|90|80|123|142|46	0.249128	0.888889	0.971819	0.927701	0.987714	0.984599
992	27|31|65|71	27|71	31|65	141|75|44|63|14|126|110|23|40|138|21|35|2|48|115|46|88|114|39|120	0.268425	0.888889	0.983459	0.966426	0.993925	0.991734
993	16|27|109|124	16|109	27|124	77|24|86|103|118|75|113|136|15|83|58|4|22|67|120|23|28|31|55|48	0.336229	0.888889	0.997006	0.990226	0.998729	0.997665
994	54|70|109|125	54|70	109|125	71|79|20|113|46|81|134|127|117|32|0|12|23|94|122|143|118|15|1|5	0.265691	0.666667	0.962951	0.924839	0.985118	0.980422
995	35|47|112|118	35|118	47|112	7|67|78|50|28|1|124|126|64|142|31|143|129|119|13|14|81|108|10|90	0.268594	0.666667	0.988322	0.964372	0.996156	0.993161
996	26|61|118|125	26|118	61|125	81|11|127|122|83|7|139|77|112|10|78|44|3|15|108|68|140|45|115|40	0.256024	0.857143	0.988579	0.968677	0.995641	0.995303
997	48|72|100|118	48|100	72|118	126|16|26|110|13|136|33|23|54|143|5|22|28|40|120|7|128|46|20|64	0.281029	0.888889	0.989988	0.972618	0.995671	0.994574
998	16|26|35|140	16|35	26|140	49|4|115|90|96|39|28|10|79|46|5|68|94|134|128|0|12|73|42|106	0.276081	0.888889	0.979982	0.948675	0.99334	0.99072
999	35|47|55|125	35|125	47|55	13|118|73|21|3|141|14|81|143|42|77|58|52|32|86|10|114|122|20|138	0.25044	0.8	0.986004	0.958266	0.994692	0.990166
