sample	heldout	roleA	roleB	training	mean_wup	max_wup	row_overlap	unique_overlap	f1	role_min_f1
0	47|54|68|103	47|68	54|103	143|32|0|136|14|58|63|113|7|33|88|79|125|112|3|15|10|65|109|86	0.22878	0.4	0.981853	0.951996	0.992613	0.989326
1	8|31|70|126	8|31	70|126	45|28|141|123|107|20|5|106|81|129|42|13|11|110|71|82|47|68|118|109	0.252734	0.333333	0.986925	0.963815	0.994972	0.993432
2	35|109|110|118	35|109	110|118	114|28|1|116|78|106|139|134|119|88|2|85|11|3|57|55|126|70|103|31	0.250398	0.333333	0.987308	0.962803	0.995387	0.995087
3	15|65|110|118	15|65	110|118	123|83|136|0|12|49|77|90|127|13|120|121|125|82|21|124|67|54|47|16	0.246661	0.333333	0.991036	0.974576	0.996399	0.996182
4	57|70|94|110	57|70	94|110	32|0|1|40|5|12|49|90|88|80|73|7|55|39|82|35|65|47|68|50	0.239798	0.4	0.985165	0.963798	0.993791	0.992573
5	10|47|70|103	10|47	70|103	128|141|32|40|58|20|22|130|127|2|120|122|110|48|124|125|109|68|31|16	0.230235	0.333333	0.972157	0.93206	0.988174	0.982322
6	8|15|57|68	8|15	57|68	143|115|105|136|134|132|78|63|85|122|42|88|55|112|71|11|118|47|61|64	0.250926	0.333333	0.992979	0.982355	0.997674	0.996794
7	48|64|110|118	48|110	64|118	28|143|1|4|113|5|106|12|88|129|119|13|11|57|15|3|67|68|31|10	0.2553	0.333333	0.984352	0.957077	0.993518	0.992381
8	94|109|110|118	94|109	110|118	0|123|1|32|107|20|5|49|127|13|2|75|3|21|15|35|47|24|67|68	0.261426	0.333333	0.992725	0.980209	0.996743	0.996653
9	26|65|103|110	26|110	65|103	0|32|136|128|5|107|113|20|75|42|129|88|55|11|3|57|67|10|118|47	0.231743	0.333333	0.990624	0.972876	0.996283	0.996201
10	48|50|55|72	48|50	55|72	32|1|123|28|113|132|104|14|2|85|129|46|140|110|15|82|54|126|68|100	0.256584	0.4	0.979324	0.949283	0.992036	0.987922
11	15|50|72|126	15|72	50|126	4|32|45|136|113|49|142|63|44|13|52|80|57|35|26|3|109|86|54|68	0.268665	0.5	0.975013	0.941258	0.989265	0.987757
12	57|67|68|71	57|67	68|71	32|141|4|138|77|58|106|107|75|127|13|44|112|8|27|26|103|126|31|50	0.239768	0.4	0.961175	0.901742	0.98306	0.981571
13	57|86|109|140	57|109	86|140	143|40|123|141|12|106|108|5|2|119|88|129|15|110|72|55|50|10|70|65	0.277634	0.5	0.965373	0.918197	0.988176	0.983312
14	8|47|57|118	8|47	57|118	28|95|45|114|14|106|12|20|73|88|52|85|11|140|55|15|70|96|109|50	0.257366	0.4	0.977424	0.94653	0.992245	0.98876
15	47|65|70|125	47|65	70|125	0|1|116|123|12|5|63|130|13|129|46|122|11|3|82|140|118|68|103|109	0.227882	0.333333	0.978081	0.94164	0.992566	0.98975
16	50|55|118|126	50|126	55|118	28|0|45|136|20|77|58|90|75|2|44|121|35|27|125|124|47|24|109|16	0.246597	0.4	0.970955	0.929321	0.987135	0.98608
17	47|57|65|96	47|57	65|96	116|95|32|45|78|104|113|58|80|52|122|73|26|27|82|35|118|70|86|54	0.231107	0.4	0.985161	0.958755	0.994687	0.993239
18	26|61|71|110	26|61	71|110	116|138|45|1|104|14|108|132|2|73|46|85|15|140|3|55|67|68|54|10	0.255337	0.333333	0.986033	0.962308	0.99449	0.993588
19	50|55|71|103	50|103	55|71	1|45|123|28|63|90|49|132|79|44|46|42|3|8|15|35|86|96|54|68	0.26161	0.5	0.985022	0.960211	0.992776	0.991812
20	24|65|68|109	24|65	68|109	141|4|136|45|12|104|108|132|52|42|122|13|72|3|15|55|10|54|100|103	0.250092	0.333333	0.974007	0.927779	0.990346	0.987621
21	50|64|67|68	50|68	64|67	53|141|4|45|5|107|130|49|121|127|7|13|110|35|57|3|86|47|54|109	0.266557	0.5	0.972571	0.935293	0.987989	0.987226
22	10|47|57|68	10|47	57|68	28|53|23|115|58|22|134|139|127|79|122|46|124|125|82|27|50|86|109|118	0.237088	0.4	0.968948	0.926547	0.986747	0.981016
23	31|47|71|100	31|47	71|100	0|123|53|1|142|12|20|90|2|44|129|88|3|124|57|39|16|67|68|96	0.222107	0.333333	0.979409	0.955171	0.992034	0.988958
24	10|27|47|61	10|27	47|61	83|45|116|141|20|139|14|134|44|46|129|2|15|82|140|57|100|68|103|96	0.23776	0.333333	0.976585	0.93399	0.9902	0.986732
25	35|72|94|109	35|72	94|109	1|123|143|53|63|5|106|78|80|13|44|42|15|55|112|11|61|96|10|70	0.239868	0.333333	0.990475	0.973237	0.996541	0.99441
26	55|65|118|125	55|65	118|125	4|32|141|83|132|139|20|107|13|85|46|2|15|140|57|110|126|68|64|94	0.224538	0.333333	0.989153	0.970723	0.995299	0.992861
27	48|50|67|72	48|50	67|72	95|1|32|45|107|63|20|104|42|46|85|2|82|57|3|140|70|68|54|126	0.262028	0.4	0.974339	0.948929	0.990018	0.982869
28	15|47|55|86	15|47	55|86	115|4|95|1|134|130|139|107|129|44|85|122|112|71|72|110|96|31|94|126	0.247825	0.4	0.954926	0.896867	0.982476	0.979402
29	57|86|96|140	57|96	86|140	40|0|136|141|20|78|14|108|46|119|88|73|55|112|110|72|50|70|47|54	0.268298	0.5	0.983063	0.955651	0.994663	0.99198
30	10|70|118|126	10|70	118|126	143|53|4|45|63|20|106|113|44|129|119|2|26|124|27|21|109|24|68|65	0.259447	0.333333	0.966819	0.920021	0.985501	0.979768
31	10|47|61|86	10|61	47|86	105|116|95|32|5|139|130|142|44|7|129|13|82|72|57|140|54|118|103|64	0.272146	0.4	0.959563	0.903286	0.984805	0.982537
32	31|68|70|140	31|68	70|140	32|128|136|0|108|22|90|107|80|46|88|120|124|125|11|110|16|24|86|67	0.229195	0.4	0.980034	0.952434	0.99141	0.990429
33	47|70|86|96	47|70	86|96	0|115|138|95|113|130|14|134|73|52|119|85|11|55|140|15|54|50|94|65	0.259116	0.5	0.957913	0.902009	0.985363	0.984412
34	15|31|110|126	15|31	110|126	136|123|0|32|5|90|49|58|88|75|52|127|8|27|55|11|109|24|70|118	0.235086	0.333333	0.985727	0.963512	0.994419	0.991787
35	24|67|96|140	24|140	67|96	45|128|28|143|20|106|5|107|122|44|7|42|82|110|3|15|54|70|118|31	0.244122	0.333333	0.9741	0.932029	0.991114	0.989428
36	31|35|54|103	31|35	54|103	128|141|1|123|14|142|106|113|46|75|52|80|57|55|3|82|96|47|109|68	0.236267	0.333333	0.992665	0.980996	0.996536	0.996364
37	10|47|50|72	10|72	47|50	136|45|95|53|49|134|90|104|75|85|2|44|48|21|26|125|103|16|100|64	0.232871	0.4	0.956813	0.909771	0.981918	0.973188
38	61|67|71|110	61|67	71|110	123|114|1|95|90|132|106|134|42|120|127|129|48|21|35|117|64|70|94|16	0.250816	0.333333	0.972029	0.931035	0.988885	0.985552
39	10|47|70|140	10|47	70|140	136|141|23|0|142|90|58|106|75|13|122|129|71|48|82|72|16|68|31|109	0.237556	0.333333	0.977335	0.943617	0.990726	0.98666
40	50|57|96|118	50|96	57|118	95|115|28|53|134|107|142|113|46|73|121|85|125|11|39|140|126|86|64|100	0.259381	0.5	0.992629	0.979454	0.99733	0.996741
41	27|65|71|109	27|71	65|109	1|114|123|136|12|14|107|20|46|81|88|75|55|57|3|110|96|100|67|10	0.250182	0.333333	0.992107	0.976909	0.996721	0.994612
42	15|61|64|67	15|64	61|67	0|141|123|128|49|63|58|142|2|13|75|46|110|48|39|8|86|109|96|70	0.264152	0.4	0.975891	0.940063	0.989694	0.985834
43	54|55|57|68	54|55	57|68	141|0|105|45|14|106|134|139|42|75|46|85|26|125|112|39|100|103|94|86	0.232982	0.4	0.980928	0.945132	0.991297	0.988823
44	15|35|54|94	15|35	54|94	40|1|128|0|106|14|130|108|81|129|119|73|57|110|72|55|68|109|67|96	0.255669	0.333333	0.988365	0.967181	0.995144	0.991945
45	31|35|118|126	31|35	118|126	123|53|1|4|113|107|132|20|42|80|46|13|110|57|82|11|96|67|10|109	0.248359	0.333333	0.983808	0.961066	0.992741	0.990496
46	16|47|55|109	16|47	55|109	4|45|40|123|104|63|107|132|13|85|122|119|110|140|71|3|103|65|31|126	0.238111	0.333333	0.940525	0.876522	0.976279	0.969463
47	10|31|64|70	10|31	64|70	32|128|136|28|113|63|49|58|33|7|127|2|15|39|125|8|16|96|86|47	0.241908	0.4	0.972967	0.9341	0.988194	0.984213
48	24|68|110|126	24|68	110|126	128|136|23|45|5|14|106|20|80|7|81|75|112|3|15|11|109|118|54|65	0.250717	0.333333	0.964029	0.908999	0.98698	0.984308
49	8|15|55|110	8|15	55|110	138|4|116|136|130|104|107|106|2|42|129|85|71|82|72|140|47|65|54|118	0.26385	0.333333	0.984463	0.960012	0.992896	0.989717
50	16|57|67|103	16|67	57|103	136|53|40|128|63|106|5|130|42|122|2|75|110|112|82|72|109|65|68|47	0.240562	0.333333	0.980483	0.949782	0.993236	0.989399
51	8|15|57|94	8|15	57|94	123|45|128|0|130|132|14|142|42|73|44|129|110|55|82|112|109|50|65|118	0.276479	0.4	0.987249	0.970988	0.996173	0.994979
52	47|48|67|112	47|67	48|112	116|95|53|4|142|63|106|113|122|75|129|2|71|72|110|57|70|68|54|118	0.237462	0.285714	0.98117	0.949719	0.992548	0.988791
53	48|72|96|103	48|96	72|103	143|141|28|32|113|12|78|14|75|80|81|42|3|55|11|112|54|50|65|10	0.219973	0.333333	0.99023	0.971591	0.995951	0.994018
54	26|68|72|103	26|72	68|103	141|136|32|40|5|106|12|14|73|42|119|44|57|110|82|15|67|70|31|47	0.212537	0.285714	0.99148	0.974579	0.996625	0.994125
55	35|47|71|126	35|47	71|126	32|141|123|45|106|142|5|14|2|88|119|52|112|57|3|55|70|10|50|109	0.246206	0.4	0.977363	0.941286	0.991666	0.989858
56	55|57|72|124	55|57	72|124	116|40|83|105|107|139|5|63|46|2|13|42|82|112|15|140|109|50|94|31	0.23712	0.4	0.975888	0.94434	0.990676	0.989889
57	15|26|64|118	15|26	64|118	0|53|32|136|106|107|108|63|46|2|119|13|112|55|3|11|50|65|31|54	0.263976	0.4	0.983716	0.957482	0.994176	0.992073
58	15|57|64|125	15|64	57|125	143|1|136|40|5|78|108|113|13|80|81|119|55|112|71|110|54|68|47|96	0.239457	0.333333	0.989836	0.978476	0.996817	0.996434
59	57|71|109|110	57|71	109|110	123|136|95|105|107|77|108|14|2|79|42|46|35|15|39|112|54|96|31|103	0.274964	0.333333	0.986393	0.96563	0.994535	0.992474
60	48|67|71|109	48|71	67|109	136|45|23|4|106|5|139|132|85|44|119|75|15|3|112|57|96|31|68|103	0.255786	0.333333	0.979752	0.944321	0.991013	0.986253
61	26|50|57|64	26|50	57|64	1|136|141|4|5|12|142|130|88|75|73|44|15|72|82|11|109|10|96|47	0.254049	0.4	0.984033	0.960752	0.994555	0.993975
62	10|26|71|126	10|26	71|126	143|40|123|4|106|5|142|14|13|129|75|119|15|110|57|82|50|47|61|65	0.245266	0.4	0.975053	0.933987	0.989679	0.986282
63	24|31|71|100	24|31	71|100	141|0|136|28|20|5|63|78|2|52|13|88|110|15|11|3|96|67|47|70	0.246393	0.333333	0.984887	0.955417	0.994892	0.990477
64	16|31|47|57	16|31	47|57	114|128|141|53|14|134|106|107|81|7|85|13|72|15|110|55|70|68|103|94	0.228119	0.333333	0.968437	0.926086	0.9904	0.989905
65	15|31|57|100	15|31	57|100	136|141|53|45|108|63|77|78|79|33|73|52|71|27|110|125|86|70|67|47	0.23167	0.4	0.996753	0.990127	0.99867	0.997314
66	57|96|109|126	57|96	109|126	28|53|4|23|12|49|107|130|79|122|88|75|35|15|26|124|31|61|50|16	0.234798	0.4	0.987152	0.964084	0.994555	0.992759
67	8|64|71|112	8|64	71|112	28|123|45|4|63|107|142|5|46|44|75|81|110|11|55|15|10|96|54|70	0.275	0.333333	0.987482	0.964377	0.99563	0.994216
68	35|47|50|96	35|47	50|96	53|0|32|45|108|5|142|139|7|13|75|122|57|3|15|82|54|100|67|109	0.258941	0.4	0.980205	0.944782	0.992509	0.992176
69	48|64|67|96	48|64	67|96	128|40|141|28|14|20|63|142|44|122|7|119|110|3|57|71|70|47|109|118	0.242978	0.285714	0.983527	0.954676	0.992837	0.991769
70	55|57|72|126	55|72	57|126	143|40|53|23|132|142|20|113|42|46|79|2|26|27|21|35|96|47|16|68	0.224246	0.333333	0.976775	0.942005	0.989348	0.983023
71	47|65|94|118	47|65	94|118	1|141|32|136|90|22|5|58|73|44|33|75|15|48|11|35|16|70|67|10	0.226303	0.333333	0.983483	0.954292	0.993868	0.991049
72	68|112|118|125	68|112	118|125	0|105|116|114|12|139|106|108|52|46|44|85|82|15|3|55|64|109|103|100	0.221141	0.333333	0.990587	0.973341	0.996152	0.995033
73	67|71|86|126	67|71	86|126	0|53|28|123|132|107|106|142|46|42|44|2|57|3|15|112|31|61|65|47	0.278556	0.4	0.964428	0.910202	0.985327	0.984231
74	8|57|70|96	8|57	70|96	116|114|53|0|108|78|107|20|88|7|42|85|71|112|55|72|100|118|109|54	0.262065	0.333333	0.986423	0.968027	0.995896	0.995544
75	47|67|72|140	47|67	72|140	28|53|4|1|132|90|77|22|75|127|2|13|48|125|117|124|96|86|24|54	0.217086	0.333333	0.954405	0.904538	0.980561	0.974788
76	54|65|100|118	54|65	100|118	141|136|1|53|12|78|90|113|75|127|79|73|117|15|124|82|68|16|86|70	0.240037	0.4	0.986956	0.965078	0.99444	0.994193
77	15|47|103|118	15|47	103|118	143|123|40|45|49|107|14|132|88|121|80|120|27|11|125|3|50|67|61|96	0.241712	0.4	0.974715	0.929106	0.99056	0.985402
78	10|26|61|126	10|26	61|126	141|53|1|128|132|5|113|14|46|75|129|13|71|15|3|72|54|70|109|118	0.248518	0.333333	0.978186	0.939896	0.991154	0.990395
79	10|27|71|100	10|27	71|100	123|1|136|40|5|20|142|132|129|13|44|2|3|57|82|15|61|109|96|50	0.255942	0.4	0.971827	0.929338	0.988197	0.983507
80	24|47|50|126	24|47	50|126	28|128|53|123|12|113|106|5|7|52|81|80|57|15|55|3|10|96|118|68	0.250452	0.4	0.95506	0.900247	0.982813	0.978324
81	50|54|67|109	50|67	54|109	136|138|28|83|106|77|104|107|120|122|75|121|21|3|15|72|24|94|100|126	0.266681	0.4	0.98595	0.962035	0.993992	0.992327
82	15|57|68|70	15|57	68|70	0|53|136|138|134|108|12|113|13|33|52|127|55|21|27|124|47|109|64|118	0.248555	0.333333	0.99272	0.977692	0.996864	0.994768
83	55|65|72|126	55|65	72|126	136|28|53|141|20|107|113|49|75|13|79|127|57|117|125|124|96|68|86|54	0.224001	0.333333	0.969197	0.928811	0.986399	0.985765
84	16|55|96|110	16|55	96|110	83|138|40|116|104|113|139|132|13|119|85|46|71|72|57|112|61|100|31|118	0.237853	0.333333	0.968219	0.920041	0.987907	0.983466
85	26|47|112|140	26|112	47|140	136|141|1|0|20|14|107|113|129|80|2|7|71|55|15|3|70|68|54|67	0.220247	0.285714	0.978276	0.941785	0.992124	0.988521
86	16|55|71|96	16|55	71|96	95|45|4|143|63|139|113|20|119|13|46|42|110|15|82|112|54|126|109|103	0.244939	0.333333	0.975249	0.934029	0.991088	0.986079
87	10|86|94|110	10|110	86|94	4|23|28|143|5|132|20|14|7|119|122|75|82|72|57|3|118|61|47|50	0.289132	0.5	0.965852	0.91563	0.986235	0.985965
88	54|67|70|125	54|67	70|125	0|114|53|116|130|142|134|106|119|129|2|42|82|57|110|15|61|126|68|65	0.24392	0.333333	0.977895	0.940898	0.990611	0.986542
89	47|54|65|140	47|65	54|140	53|136|1|0|78|22|90|106|120|88|129|7|55|27|21|71|86|109|96|70	0.229164	0.4	0.979307	0.948372	0.992184	0.990406
90	54|67|71|86	54|71	67|86	32|23|28|114|20|139|107|63|44|42|119|129|57|112|110|15|47|109|31|50	0.296637	0.5	0.967319	0.918724	0.986476	0.979713
91	54|96|124|140	54|140	96|124	45|40|28|143|142|78|12|130|80|75|73|122|72|110|55|15|10|47|61|118	0.223368	0.333333	0.984766	0.962132	0.995019	0.994882
92	48|67|96|110	48|67	96|110	4|114|136|45|113|20|134|104|85|13|46|122|72|112|82|71|94|31|100|50	0.236224	0.4	0.979154	0.945023	0.99234	0.991845
93	31|47|96|124	31|47	96|124	105|45|32|136|142|134|104|113|80|7|52|13|11|57|72|15|70|100|10|64	0.215126	0.25	0.983446	0.952558	0.993807	0.991168
94	15|86|112|118	15|118	86|112	114|136|116|1|139|132|106|142|73|13|129|42|55|110|3|57|10|70|54|47	0.28126	0.4	0.985676	0.959019	0.994947	0.991742
95	15|47|65|118	15|47	65|118	1|141|136|95|108|78|90|134|52|73|127|85|57|8|125|26|86|54|94|16	0.236545	0.4	0.975164	0.938281	0.990874	0.989054
96	24|57|65|70	24|57	65|70	4|53|0|114|107|63|130|5|80|52|42|46|15|55|71|82|47|109|64|100	0.272479	0.333333	0.981118	0.951533	0.993588	0.992348
97	24|57|61|70	24|57	61|70	114|32|45|4|107|63|5|108|129|52|7|88|55|82|11|110|68|103|47|109	0.272817	0.333333	0.979509	0.948312	0.993623	0.991224
98	15|48|50|64	15|64	48|50	0|128|1|4|63|108|5|14|44|80|46|129|110|71|55|57|70|47|54|109	0.283255	0.4	0.989002	0.96986	0.995654	0.995142
99	50|64|109|124	50|124	64|109	45|128|141|32|63|12|14|142|7|81|75|2|11|72|110|15|54|118|68|96	0.26506	0.4	0.984888	0.959891	0.994798	0.994752
100	8|64|109|112	8|64	109|112	136|28|128|53|14|130|20|5|52|122|80|75|11|57|55|110|54|68|10|70	0.269565	0.333333	0.991505	0.975389	0.996162	0.996107
101	15|24|31|118	15|24	31|118	105|83|4|45|134|5|113|107|129|46|73|81|57|110|3|11|94|64|100|70	0.260559	0.333333	0.980503	0.9462	0.993301	0.990736
102	10|70|118|140	10|70	118|140	141|53|136|28|20|49|14|5|120|75|129|2|27|57|26|48|68|86|109|54	0.260482	0.4	0.966773	0.925026	0.985325	0.97969
103	15|27|94|118	15|27	94|118	4|45|32|40|5|108|107|132|80|88|75|13|82|55|112|57|67|96|31|68	0.238387	0.333333	0.990685	0.972674	0.995992	0.993931
104	54|57|70|96	54|57	70|96	83|53|143|128|49|106|139|63|122|46|52|79|26|72|82|125|31|94|118|10	0.23811	0.333333	0.974873	0.949176	0.990857	0.989222
105	16|54|100|109	16|54	100|109	28|143|0|53|107|63|78|106|88|46|42|119|55|11|3|112|70|47|31|68	0.249211	0.333333	0.982861	0.954462	0.993671	0.989482
106	31|47|118|126	31|47	118|126	53|45|4|141|142|49|132|106|75|33|88|52|82|55|125|11|54|109|86|24	0.22394	0.4	0.974369	0.938893	0.989471	0.988589
107	50|54|71|94	50|94	54|71	141|0|45|123|108|58|90|63|127|80|52|42|3|35|11|48|24|67|70|86	0.271685	0.5	0.987384	0.965527	0.995103	0.993481
108	26|65|68|140	26|65	68|140	0|53|141|128|107|20|142|108|13|44|122|7|110|15|3|11|109|118|47|67	0.217636	0.285714	0.987281	0.96512	0.995091	0.994035
109	8|57|112|118	8|57	112|118	4|45|53|141|107|132|134|108|2|80|46|88|82|55|11|140|68|10|126|70	0.269207	0.333333	0.991156	0.980513	0.997711	0.996653
110	10|48|71|100	10|48	71|100	28|136|143|53|20|142|106|107|119|46|75|13|15|112|57|110|61|70|65|50	0.263723	0.4	0.973581	0.933403	0.988708	0.985158
111	57|109|110|118	57|109	110|118	83|32|45|115|139|12|104|58|127|33|79|119|8|55|140|48|54|103|96|16	0.244095	0.333333	0.990475	0.971641	0.996589	0.994258
112	24|57|64|110	24|57	64|110	28|45|128|4|108|20|14|106|7|46|81|2|72|11|112|15|70|68|109|47	0.279912	0.333333	0.980283	0.95269	0.992899	0.991243
113	24|47|54|109	24|47	54|109	28|1|116|105|130|134|63|107|2|81|52|46|55|3|15|11|65|50|103|64	0.267819	0.4	0.965305	0.920081	0.987474	0.982965
114	47|68|100|125	47|100	68|125	4|143|53|23|132|130|78|63|7|81|119|122|11|55|15|3|10|61|31|118	0.200419	0.25	0.951869	0.905168	0.981349	0.974322
115	65|70|71|124	65|70	71|124	141|115|105|28|134|63|5|107|88|73|42|52|140|55|82|15|10|64|47|100	0.239748	0.333333	0.991952	0.976976	0.997303	0.996406
116	57|68|110|124	57|68	110|124	115|0|23|138|106|107|14|104|85|7|73|80|72|55|140|112|54|61|10|31	0.241732	0.333333	0.974305	0.945429	0.990745	0.990089
117	47|67|72|103	47|67	72|103	141|53|32|123|14|20|113|142|79|129|44|33|26|39|15|21|65|31|86|96	0.225127	0.333333	0.967516	0.927977	0.986245	0.98119
118	10|47|50|124	10|47	50|124	114|0|141|115|132|104|142|139|44|129|13|85|15|57|72|110|68|64|70|118	0.260558	0.4	0.978595	0.944212	0.991839	0.988216
119	57|64|67|72	57|64	67|72	1|143|53|136|107|106|132|14|119|42|79|13|82|27|15|39|16|54|70|47	0.258958	0.333333	0.980512	0.9584	0.991591	0.986675
120	10|47|71|94	10|47	71|94	0|32|23|141|107|14|5|113|121|13|2|119|124|35|57|15|50|68|24|54	0.262038	0.4	0.972861	0.929864	0.98906	0.983043
121	48|54|70|126	48|54	70|126	40|141|136|0|63|12|108|107|52|81|75|122|72|110|82|3|65|31|68|47	0.243956	0.333333	0.985144	0.960491	0.994524	0.99352
122	24|57|61|96	24|57	61|96	141|45|136|114|142|78|134|113|81|52|46|73|82|11|55|15|118|100|54|10	0.257641	0.333333	0.968952	0.927803	0.989957	0.985612
123	8|57|68|72	8|68	57|72	138|45|32|83|108|78|5|132|119|80|81|85|110|140|15|55|50|61|10|67	0.258119	0.4	0.965549	0.934379	0.988022	0.982024
124	50|70|71|96	50|96	70|71	105|28|45|114|14|139|113|107|46|127|85|75|48|57|55|21|16|24|67|100	0.269418	0.4	0.990065	0.974195	0.995546	0.993858
125	70|112|125|126	70|125	112|126	136|123|1|4|20|78|106|113|129|75|42|122|15|72|3|11|67|47|96|118	0.223135	0.333333	0.985814	0.966302	0.994321	0.99333
126	24|70|72|112	24|72	70|112	32|136|123|45|14|63|20|78|13|75|2|85|55|82|110|11|67|94|103|96	0.261907	0.333333	0.973913	0.93413	0.991204	0.989064
127	27|57|61|96	27|57	61|96	53|136|95|115|14|142|5|63|80|122|46|52|71|140|55|72|10|109|103|70	0.239484	0.333333	0.980411	0.957036	0.993733	0.992747
128	35|54|67|100	35|67	54|100	23|123|1|40|130|20|63|106|119|75|46|42|112|15|71|82|31|47|61|65	0.252347	0.333333	0.980404	0.944694	0.991908	0.988385
129	10|24|72|109	10|24	72|109	136|1|116|105|104|20|63|132|129|85|42|75|15|140|112|110|126|64|94|70	0.26511	0.333333	0.961963	0.911867	0.986144	0.980922
130	47|54|64|96	47|54	64|96	53|40|128|143|63|14|132|78|127|46|81|44|57|26|82|27|24|10|67|50	0.241714	0.4	0.977827	0.949599	0.991335	0.989501
131	10|65|68|72	10|68	65|72	32|95|53|115|106|22|132|5|42|121|75|33|3|21|27|57|64|70|54|47	0.241532	0.333333	0.967937	0.933139	0.986258	0.982301
132	27|50|96|140	27|50	96|140	4|28|0|53|142|113|107|132|75|52|122|42|55|15|110|57|67|10|70|47	0.243893	0.4	0.98881	0.969918	0.995663	0.995326
133	65|68|94|124	65|94	68|124	53|141|128|28|130|107|20|12|44|88|7|75|110|57|55|71|67|109|54|70	0.224942	0.285714	0.982706	0.949903	0.992561	0.992505
134	26|54|70|112	26|54	70|112	83|28|115|136|12|106|63|20|81|46|75|44|72|71|11|57|109|126|100|47	0.243725	0.333333	0.990009	0.972437	0.996157	0.995885
135	15|72|112|125	15|125	72|112	32|123|53|136|139|78|134|63|73|85|13|88|82|57|140|55|67|103|54|100	0.21794	0.333333	0.996069	0.988106	0.998472	0.998391
136	10|16|71|140	10|16	71|140	143|45|0|141|107|14|142|113|13|75|119|44|110|3|57|82|54|31|70|61	0.273217	0.333333	0.961281	0.90551	0.984954	0.976607
137	15|24|109|118	15|24	109|118	83|141|123|95|142|139|104|12|85|75|88|80|11|140|57|112|50|54|100|96	0.256512	0.4	0.976887	0.935399	0.991724	0.987232
138	26|67|110|118	26|110	67|118	28|45|23|4|139|106|113|5|129|13|2|75|82|112|140|57|103|64|61|109	0.247238	0.333333	0.971362	0.929243	0.988711	0.983337
139	8|72|100|112	8|100	72|112	32|123|53|45|107|106|113|142|52|88|129|44|3|55|110|15|47|68|70|109	0.249886	0.333333	0.992082	0.97756	0.996597	0.993914
140	10|24|71|103	10|24	71|103	1|4|143|123|106|107|5|63|46|44|129|42|110|15|57|112|96|109|68|47	0.264967	0.333333	0.972579	0.931	0.988741	0.982254
141	8|54|61|96	8|54	61|96	95|114|116|45|113|134|142|20|7|88|73|44|72|11|71|140|126|70|64|118	0.253993	0.333333	0.984008	0.958149	0.994544	0.993932
142	70|96|100|124	70|100	96|124	0|143|136|40|108|130|106|5|88|52|7|46|72|82|55|112|109|65|10|67	0.232925	0.333333	0.974721	0.939946	0.991377	0.990024
143	10|61|72|126	10|72	61|126	4|0|1|53|49|5|14|63|42|13|44|79|125|3|48|110|70|109|96|54	0.249067	0.333333	0.960185	0.913182	0.983342	0.977904
144	15|48|54|110	15|48	54|110	123|114|143|95|104|107|134|108|85|81|75|73|140|71|3|82|10|100|68|61	0.252217	0.333333	0.98768	0.96715	0.995183	0.993762
145	35|65|94|118	35|65	94|118	53|32|45|28|142|106|132|78|13|88|42|44|110|11|57|15|67|109|96|54	0.247504	0.333333	0.989818	0.971751	0.995381	0.994982
146	27|54|57|68	27|54	57|68	45|136|53|115|20|12|104|130|44|88|81|75|72|11|110|112|47|64|50|100	0.240649	0.4	0.988546	0.971811	0.996434	0.995844
147	24|65|70|94	24|65	70|94	123|53|32|0|106|20|108|5|44|129|73|81|15|55|71|72|10|47|109|67	0.260709	0.333333	0.975537	0.937306	0.991116	0.987807
148	27|61|71|110	27|61	71|110	0|45|138|136|132|113|20|78|88|46|52|73|3|140|57|55|100|94|126|64	0.251229	0.333333	0.989088	0.970274	0.995908	0.995516
149	54|55|94|110	54|55	94|110	45|28|32|0|106|49|107|113|127|119|42|75|57|21|27|8|65|96|70|16	0.247743	0.333333	0.978379	0.943142	0.991321	0.98884
150	10|54|65|140	10|65	54|140	136|0|1|45|22|77|106|58|42|46|129|75|3|35|15|110|47|24|86|96	0.255326	0.4	0.979381	0.946722	0.991016	0.986718
151	57|64|70|110	57|64	70|110	136|128|40|23|108|58|106|20|81|73|80|13|27|71|72|117|16|109|61|118	0.268416	0.333333	0.984864	0.962018	0.994551	0.99424
152	15|57|68|70	15|57	68|70	143|141|4|95|134|63|14|22|80|52|120|127|39|48|8|21|103|118|64|54	0.249984	0.333333	0.985181	0.957863	0.993963	0.990938
153	15|47|54|55	15|47	54|55	128|32|0|141|90|104|58|77|127|33|122|7|124|8|71|3|24|126|100|96	0.224843	0.333333	0.980005	0.947738	0.991625	0.990798
154	54|65|67|71	54|65	67|71	0|136|123|32|134|132|104|58|120|42|46|121|48|39|35|82|109|96|16|64	0.259549	0.333333	0.972037	0.930409	0.987738	0.982358
155	31|47|71|140	31|47	71|140	0|4|141|123|107|90|142|14|52|120|44|127|21|57|110|26|16|10|68|70	0.228724	0.333333	0.986619	0.963325	0.99507	0.992471
156	8|57|64|112	8|64	57|112	32|45|53|0|78|63|12|142|42|7|73|52|72|82|71|11|68|10|118|96	0.255797	0.333333	0.982718	0.957831	0.994782	0.993674
157	24|31|70|110	24|31	70|110	115|128|1|28|130|5|108|107|42|2|13|81|57|140|15|72|109|10|126|68	0.26412	0.333333	0.977222	0.941523	0.991742	0.990081
158	15|54|64|125	15|64	54|125	136|32|0|1|14|113|142|63|44|46|73|42|110|3|57|112|67|109|47|65	0.255349	0.333333	0.988478	0.970182	0.994988	0.992962
159	100|109|118|124	100|109	118|124	23|141|28|136|106|108|5|20|42|119|73|13|15|112|3|110|10|67|31|96	0.250225	0.333333	0.985572	0.962406	0.994387	0.99208
160	50|54|94|110	50|94	54|110	123|0|1|128|22|106|77|132|33|7|75|121|48|55|124|39|96|16|68|109	0.254461	0.4	0.979644	0.951068	0.991298	0.991187
161	24|47|50|72	24|72	47|50	53|95|32|138|134|142|12|20|73|88|85|13|110|3|11|140|70|103|54|64	0.251226	0.4	0.961294	0.909047	0.986772	0.985011
162	57|61|64|67	57|64	61|67	0|45|136|128|130|77|20|5|122|7|42|127|48|27|124|26|70|24|86|109	0.257724	0.4	0.976232	0.936603	0.989929	0.985874
163	10|47|61|72	10|47	61|72	95|115|53|138|63|5|14|132|44|121|120|85|82|125|15|110|68|126|86|94	0.252386	0.4	0.969484	0.932551	0.987803	0.983576
164	15|47|50|126	15|47	50|126	0|32|1|128|78|130|132|77|127|46|120|2|82|3|72|35|118|70|67|10	0.262498	0.4	0.968624	0.922001	0.987855	0.987743
165	47|54|67|118	47|54	67|118	40|28|1|143|106|142|134|90|44|121|2|127|8|35|117|15|65|68|96|86	0.25035	0.4	0.973267	0.931139	0.988763	0.987255
166	54|61|67|86	54|61	67|86	45|141|83|115|63|142|139|132|2|7|129|75|71|82|110|3|47|64|70|126	0.280895	0.4	0.976806	0.938187	0.991446	0.986957
167	8|61|100|110	8|61	100|110	136|32|4|28|108|113|78|14|7|81|42|2|11|82|71|55|109|67|47|10	0.26554	0.333333	0.989525	0.969972	0.99597	0.994619
168	26|50|54|100	26|50	54|100	53|28|0|1|106|132|12|20|88|80|129|73|82|71|11|15|10|47|118|96	0.248905	0.4	0.988907	0.96712	0.995913	0.993824
169	54|61|68|140	54|68	61|140	45|141|28|32|90|49|132|107|33|42|121|88|110|3|21|27|10|67|86|24	0.242623	0.4	0.979346	0.949713	0.991523	0.991218
170	10|15|31|35	10|31	15|35	83|4|138|114|130|5|139|107|75|85|2|46|71|140|3|72|54|109|118|70	0.25526	0.333333	0.98344	0.958046	0.992743	0.98961
171	50|55|96|103	50|103	55|96	53|141|32|128|58|49|90|106|121|33|42|44|48|125|35|124|47|109|24|54	0.220327	0.4	0.977388	0.939789	0.989704	0.987767
172	8|68|70|112	8|68	70|112	128|114|136|0|5|63|104|20|122|88|46|42|11|3|15|140|47|103|54|126	0.243327	0.333333	0.990408	0.972988	0.996182	0.995355
173	67|68|118|124	67|68	118|124	32|40|0|4|5|132|14|104|119|46|13|75|57|3|112|140|100|109|70|50	0.252504	0.4	0.975595	0.93563	0.989734	0.984368
174	8|50|57|64	8|57	50|64	0|4|128|28|108|113|20|78|129|46|88|42|55|110|11|71|67|68|96|54	0.287254	0.4	0.984586	0.96187	0.994945	0.993145
175	35|68|70|100	35|68	70|100	128|32|28|53|12|5|130|142|42|119|44|46|72|55|11|15|31|50|118|61	0.240143	0.4	0.962484	0.924267	0.986772	0.985375
176	10|64|70|96	10|64	70|96	32|28|23|136|22|142|14|130|33|44|7|120|112|8|71|26|61|24|54|65	0.263335	0.333333	0.970047	0.928317	0.986296	0.981062
177	48|57|65|72	48|57	65|72	115|95|123|53|5|12|132|108|75|2|80|13|110|140|11|55|70|94|68|67	0.237801	0.333333	0.989008	0.976481	0.997108	0.995838
178	16|55|57|140	16|55	57|140	123|53|141|4|5|113|63|132|46|2|42|13|110|112|71|82|68|70|65|61	0.245025	0.333333	0.97291	0.932486	0.99086	0.985219
179	10|31|35|54	10|31	35|54	114|105|138|95|139|63|14|104|75|7|122|85|71|140|3|72|68|100|47|109	0.234152	0.333333	0.981624	0.949597	0.992154	0.988978
180	15|31|67|118	15|31	67|118	141|45|32|105|90|14|22|5|127|129|85|33|125|8|57|3|94|68|96|103	0.236196	0.333333	0.964289	0.919783	0.984821	0.97992
181	10|48|57|72	10|48	57|72	116|95|136|143|20|104|132|134|46|13|44|119|15|82|112|140|109|68|50|47	0.261393	0.4	0.974027	0.949632	0.989191	0.986949
182	15|27|47|126	15|27	47|126	45|32|143|53|106|78|113|107|81|46|75|88|57|72|110|112|70|68|31|65	0.224073	0.333333	0.97534	0.936126	0.990837	0.984686
183	8|72|96|140	8|140	72|96	136|45|4|141|12|5|78|106|46|13|75|119|11|55|15|57|109|47|61|54	0.237553	0.333333	0.99214	0.976032	0.996933	0.995175
184	8|50|68|94	8|68	50|94	32|141|128|45|12|63|106|130|7|81|80|88|72|3|15|71|109|67|54|70	0.257483	0.4	0.97824	0.940476	0.990585	0.988925
185	54|57|86|112	54|57	86|112	116|95|138|136|104|134|106|12|122|73|42|81|55|140|82|72|103|94|109|70	0.252197	0.4	0.973301	0.931716	0.991444	0.987147
186	15|55|64|118	15|55	64|118	32|136|23|40|107|90|106|5|127|46|44|75|39|117|26|57|68|61|65|54	0.254327	0.333333	0.972543	0.940724	0.988378	0.985014
187	8|68|72|140	8|140	68|72	143|23|53|0|108|12|106|142|88|73|46|52|11|55|15|57|61|70|67|47	0.232428	0.333333	0.99355	0.98091	0.997452	0.9964
188	35|61|72|109	35|61	72|109	28|95|123|141|142|139|14|63|80|73|13|81|3|15|140|110|67|64|68|47	0.254307	0.333333	0.993883	0.982007	0.997574	0.996863
189	10|16|61|103	10|16	61|103	32|128|1|123|142|130|14|107|13|122|2|75|15|57|71|110|68|54|96|118	0.26168	0.333333	0.97293	0.927104	0.989645	0.984149
190	86|96|110|140	86|140	96|110	40|45|128|136|132|107|5|106|119|88|7|13|82|57|3|112|10|31|67|65	0.262017	0.4	0.955228	0.895844	0.983384	0.979024
191	10|15|16|68	10|16	15|68	136|0|32|115|14|107|104|106|85|13|119|75|112|3|110|71|64|118|100|65	0.266144	0.333333	0.96415	0.912691	0.985485	0.979396
192	26|64|65|70	26|70	64|65	53|4|141|32|5|12|20|14|44|122|75|46|71|11|57|3|10|96|118|67	0.245352	0.333333	0.979841	0.950082	0.992491	0.991219
193	48|57|103|109	48|57	103|109	32|0|143|28|130|12|108|14|81|44|88|129|112|72|55|11|65|50|96|31	0.24699	0.4	0.976779	0.950368	0.992802	0.992388
194	65|86|109|126	65|109	86|126	123|128|4|53|106|142|14|20|42|88|81|52|3|11|71|110|47|54|96|70	0.262636	0.4	0.979418	0.944603	0.992231	0.987999
195	55|72|96|125	55|96	72|125	23|40|114|115|14|63|142|5|42|44|75|13|15|57|112|3|31|94|103|70	0.207284	0.285714	0.977488	0.944726	0.990639	0.98894
196	67|68|86|126	67|68	86|126	32|0|45|128|113|20|63|130|46|7|44|75|15|57|71|112|109|54|118|47	0.267838	0.4	0.972296	0.923226	0.989149	0.988653
197	10|103|118|124	10|103	118|124	40|143|32|123|106|132|20|5|75|44|129|46|112|15|57|3|65|47|68|50	0.257296	0.4	0.979821	0.94734	0.990909	0.986218
198	31|48|57|94	31|48	57|94	28|136|53|1|108|63|113|78|42|88|13|81|15|71|72|55|96|47|118|54	0.228082	0.333333	0.989121	0.972315	0.996317	0.995994
199	8|55|110|112	8|55	110|112	123|0|4|116|106|5|14|113|13|75|85|42|72|71|57|82|68|96|126|64	0.259475	0.333333	0.988785	0.967911	0.995346	0.99489
200	10|70|110|124	10|70	110|124	32|115|95|136|113|14|106|134|129|119|122|75|3|112|82|15|61|54|94|68	0.271104	0.333333	0.972493	0.936319	0.988985	0.986872
201	47|65|103|124	47|124	65|103	4|141|0|123|108|130|5|106|80|44|129|122|57|71|3|55|96|118|54|109	0.229887	0.285714	0.977314	0.937701	0.991678	0.988779
202	15|27|68|94	15|27	68|94	53|0|32|4|108|63|113|12|80|52|75|81|72|55|112|110|47|61|109|70	0.225637	0.333333	0.98938	0.968285	0.995792	0.99398
203	54|61|103|125	54|103	61|125	128|136|45|123|106|63|132|14|73|129|52|44|110|11|82|72|109|10|68|67	0.238129	0.333333	0.982753	0.956388	0.993881	0.993688
204	47|70|71|94	47|70	71|94	141|4|136|40|14|90|78|63|52|75|79|33|26|15|8|55|61|96|24|86	0.23646	0.4	0.98291	0.952857	0.993572	0.990221
205	48|64|70|109	48|70	64|109	128|0|28|141|12|130|108|142|2|46|42|122|112|72|55|11|61|118|47|67	0.255527	0.333333	0.982258	0.959924	0.993057	0.991736
206	57|94|96|109	57|94	96|109	32|28|141|4|20|14|5|58|75|88|79|7|11|21|117|125|61|54|10|65	0.23715	0.333333	0.98952	0.969479	0.995809	0.995719
207	35|70|112|126	35|112	70|126	0|4|128|1|108|142|113|12|13|46|88|75|82|72|15|110|10|118|54|96	0.248705	0.333333	0.980151	0.949887	0.992791	0.990141
208	48|50|64|71	48|50	64|71	45|0|32|1|78|14|107|63|52|44|46|2|3|11|15|55|10|67|109|96	0.282144	0.4	0.979802	0.946034	0.991959	0.991449
209	64|65|96|118	64|65	96|118	28|32|141|136|106|14|20|78|13|120|44|79|15|39|57|110|47|109|54|16	0.256392	0.333333	0.987371	0.966951	0.994863	0.994438
210	15|54|55|64	15|55	54|64	136|1|123|45|63|90|113|132|129|121|120|33|21|48|26|39|16|68|118|65	0.247403	0.333333	0.974363	0.939989	0.988526	0.987317
211	27|54|61|126	27|54	61|126	1|123|28|53|113|14|107|20|80|44|73|75|15|55|71|11|67|118|10|68	0.249414	0.333333	0.967968	0.918224	0.988346	0.987815
212	47|48|61|100	47|48	61|100	141|0|32|136|20|14|78|142|81|129|13|75|15|11|55|3|96|109|68|118	0.233099	0.333333	0.971903	0.935037	0.989789	0.986777
213	10|26|112|118	10|26	112|118	28|114|138|141|139|5|106|134|2|85|129|75|57|82|15|3|94|47|68|109	0.235088	0.333333	0.979049	0.945975	0.990995	0.986531
214	47|64|65|124	47|64	65|124	53|128|0|141|12|20|5|107|81|52|46|75|110|15|82|11|67|70|68|10	0.236011	0.285714	0.973783	0.93373	0.990936	0.987921
215	65|96|110|124	65|96	110|124	114|105|0|83|130|108|134|20|13|80|7|52|72|57|15|140|100|64|103|118	0.232131	0.333333	0.987588	0.965401	0.995677	0.995169
216	24|67|70|109	24|67	70|109	0|1|138|95|63|5|20|142|122|119|46|42|110|15|140|57|100|96|61|47	0.269753	0.333333	0.976953	0.9416	0.990636	0.986504
217	54|55|94|124	54|94	55|124	141|0|40|1|106|132|20|63|46|7|122|2|72|112|15|57|109|31|47|68	0.233678	0.333333	0.989154	0.969139	0.994702	0.994286
218	27|50|67|96	27|50	67|96	32|128|53|83|5|113|106|107|42|13|7|85|72|110|3|15|64|54|94|100	0.243378	0.4	0.984956	0.960644	0.994013	0.99373
219	61|68|70|118	61|68	70|118	83|136|28|4|63|77|139|78|80|33|46|88|27|35|48|55|67|109|100|126	0.235709	0.333333	0.982085	0.954001	0.992551	0.990132
220	26|54|65|67	26|54	65|67	141|136|28|53|63|134|107|139|129|2|85|122|15|3|140|71|94|96|47|70	0.231166	0.333333	0.984291	0.956568	0.993386	0.991834
221	15|27|54|72	15|27	54|72	40|115|1|32|134|132|78|142|85|2|42|80|11|57|3|112|61|31|126|109	0.242257	0.333333	0.981567	0.950856	0.992717	0.988148
222	10|15|50|118	10|15	50|118	115|136|138|123|22|14|139|132|2|127|33|13|8|140|39|110|70|68|103|47	0.275476	0.4	0.97545	0.943708	0.990041	0.985302
223	15|54|118|125	15|54	118|125	1|45|123|116|106|78|134|142|42|88|85|119|57|82|112|140|100|126|94|61	0.2357	0.333333	0.987667	0.96649	0.995647	0.994481
224	50|54|86|94	50|54	86|94	53|1|28|0|106|63|132|78|80|2|52|46|71|11|110|82|10|67|118|68	0.294666	0.4	0.959554	0.905175	0.985199	0.981194
225	26|55|65|96	26|65	55|96	45|53|141|136|113|5|106|107|42|44|85|122|140|72|110|15|103|126|54|70	0.216135	0.285714	0.989202	0.968776	0.995989	0.994806
226	24|47|50|100	24|47	50|100	128|141|4|1|14|108|132|142|44|75|129|7|15|57|110|71|96|70|68|67	0.264241	0.4	0.96917	0.926426	0.988522	0.983076
227	16|67|112|140	16|67	112|140	45|136|1|32|142|106|107|5|122|7|129|2|71|110|57|82|96|54|109|70	0.242823	0.285714	0.973586	0.931899	0.989576	0.985556
228	55|57|71|94	55|57	71|94	143|53|40|136|142|49|113|90|121|75|44|2|110|117|8|48|70|16|65|31	0.239659	0.333333	0.983832	0.956677	0.992952	0.990183
229	15|27|31|109	15|27	31|109	128|1|83|95|134|78|14|5|81|129|80|88|72|57|55|71|126|103|54|10	0.226808	0.333333	0.99409	0.981935	0.997911	0.997
230	16|57|61|140	16|57	61|140	123|32|1|136|132|20|113|14|88|75|80|73|15|82|11|55|67|118|68|109	0.259547	0.333333	0.969079	0.924448	0.990256	0.986163
231	31|35|70|96	31|35	70|96	83|53|95|4|130|5|134|113|42|80|122|13|11|72|82|15|100|118|47|64	0.232793	0.333333	0.990373	0.972301	0.996734	0.996571
232	16|96|100|118	16|96	100|118	136|28|4|23|132|20|108|107|81|80|75|119|82|11|55|112|65|54|61|109	0.247991	0.333333	0.967734	0.916538	0.988754	0.984963
233	15|103|118|124	15|103	118|124	23|1|141|4|14|132|108|107|13|2|129|88|110|57|3|112|109|61|96|70	0.257069	0.333333	0.989728	0.972574	0.996232	0.996061
234	10|16|71|112	10|16	71|112	95|105|141|32|20|106|104|134|2|85|42|44|82|3|57|140|68|103|54|109	0.257047	0.333333	0.961458	0.905117	0.984898	0.977098
235	10|61|70|96	10|61	70|96	32|95|0|4|113|130|63|20|85|127|7|79|124|82|140|21|64|54|47|126	0.258507	0.333333	0.9768	0.941011	0.990545	0.985724
236	57|71|100|124	57|100	71|124	143|141|32|23|142|5|113|108|44|119|81|75|112|15|82|11|31|54|70|96	0.250642	0.333333	0.984807	0.96728	0.995577	0.995127
237	10|71|103|109	10|71	103|109	0|123|23|45|5|142|106|14|75|44|119|46|112|48|35|8|47|16|50|65	0.273745	0.4	0.977956	0.941319	0.990795	0.983646
238	35|55|64|71	35|64	55|71	53|4|141|40|132|106|107|20|119|13|44|46|15|110|3|112|47|65|50|68	0.264296	0.4	0.985906	0.964177	0.993428	0.992068
239	16|31|68|110	16|31	68|110	0|115|32|45|20|107|5|134|73|80|13|52|57|55|140|71|10|67|103|118	0.238768	0.333333	0.956974	0.897495	0.984522	0.982518
240	15|68|71|94	15|68	71|94	23|141|53|0|106|58|142|12|33|121|79|88|26|11|110|8|50|16|61|54	0.235995	0.4	0.986346	0.963984	0.994201	0.992215
241	48|64|70|72	48|70	64|72	141|23|28|136|108|63|142|20|44|81|13|119|3|57|55|82|61|96|10|109	0.261825	0.333333	0.988832	0.968842	0.99581	0.995504
242	15|57|96|112	15|96	57|112	32|53|128|136|12|142|14|108|46|79|42|73|35|117|125|71|24|109|118|86	0.256829	0.4	0.990705	0.974532	0.996139	0.994838
243	15|16|55|100	15|100	16|55	136|23|53|141|107|113|5|63|13|119|122|44|110|112|72|71|61|118|70|68	0.246692	0.333333	0.968566	0.918435	0.988132	0.982568
244	10|61|96|124	10|96	61|124	116|141|138|53|134|130|139|107|85|122|75|13|57|82|140|72|94|54|70|109	0.244131	0.333333	0.977428	0.940844	0.990586	0.987436
245	57|109|110|124	57|109	110|124	128|123|83|40|130|134|5|14|129|122|73|81|140|71|55|11|103|94|65|50	0.249964	0.4	0.965611	0.926705	0.988023	0.987041
246	27|54|57|65	27|54	57|65	114|141|1|116|14|63|113|142|75|42|85|122|71|55|140|11|94|96|68|100	0.233529	0.333333	0.983711	0.9636	0.995264	0.994102
247	54|61|64|72	54|64	61|72	32|136|123|1|142|113|90|77|129|44|2|127|48|124|27|117|68|24|86|16	0.256075	0.4	0.97041	0.922914	0.986697	0.983402
248	10|27|109|112	10|27	109|112	28|115|116|114|20|104|5|134|122|46|42|75|110|3|57|71|126|47|70|68	0.242542	0.333333	0.987805	0.964541	0.994964	0.992276
249	27|54|70|96	27|54	70|96	136|40|83|143|78|113|63|134|7|73|52|75|15|110|3|112|47|64|67|61	0.236638	0.333333	0.989577	0.972177	0.99661	0.996426
250	35|54|71|94	35|54	71|94	136|45|53|1|107|106|20|142|75|46|44|73|110|82|57|55|68|65|50|109	0.265233	0.4	0.990386	0.97138	0.996253	0.994992
251	55|110|112|118	55|110	112|118	1|4|105|115|20|113|134|22|121|79|129|2|140|27|125|82|100|47|70|68	0.236772	0.333333	0.977926	0.946717	0.990649	0.987228
252	31|67|71|94	31|67	71|94	28|123|1|32|58|14|90|132|129|127|75|42|3|21|27|8|96|86|70|47	0.232713	0.4	0.97836	0.947042	0.990831	0.987079
253	10|61|86|94	10|61	86|94	45|123|136|1|106|14|107|63|42|7|129|2|72|82|110|3|109|68|118|70	0.287742	0.4	0.973942	0.931928	0.990443	0.989445
254	31|70|109|124	31|70	109|124	4|83|0|138|139|20|5|107|46|88|85|80|55|11|3|71|10|118|94|68	0.244567	0.333333	0.980847	0.95335	0.992161	0.992098
255	26|47|50|72	26|50	47|72	141|95|136|116|20|12|78|106|52|73|129|46|55|11|110|82|67|70|10|64	0.239696	0.4	0.978749	0.946406	0.992576	0.991965
256	15|67|94|124	15|94	67|124	1|128|32|23|14|5|106|130|75|2|7|119|57|112|3|110|109|68|54|96	0.24183	0.333333	0.979398	0.945601	0.991132	0.989455
257	10|47|96|124	10|47	96|124	128|28|83|4|20|63|139|142|44|75|119|7|71|112|140|110|64|61|118|70	0.235578	0.333333	0.963061	0.911358	0.986203	0.979674
258	27|54|65|140	27|54	65|140	1|141|53|45|78|14|130|108|73|122|46|75|82|55|11|110|109|70|67|118	0.236733	0.333333	0.98823	0.966742	0.996216	0.995427
259	61|110|118|126	61|110	118|126	32|123|136|4|107|5|108|113|46|79|129|88|27|35|11|39|68|54|70|96	0.260441	0.333333	0.973222	0.935484	0.987718	0.986116
260	10|26|71|140	10|26	71|140	141|1|23|45|132|107|142|5|75|13|119|44|15|57|3|110|47|65|61|50	0.249701	0.4	0.976171	0.936336	0.989747	0.98372
261	50|55|57|70	50|55	57|70	53|115|4|114|90|77|14|104|120|127|33|75|35|124|48|39|118|16|94|96	0.241939	0.4	0.97736	0.943704	0.989454	0.985622
262	50|68|72|86	50|68	72|86	141|0|53|83|5|142|104|132|75|46|13|52|82|15|140|110|94|64|70|100	0.274578	0.4	0.972224	0.925336	0.990184	0.986265
263	26|47|96|112	26|112	47|96	138|128|32|95|108|5|104|12|122|46|80|52|72|110|71|15|54|64|94|103	0.20541	0.285714	0.980518	0.948656	0.993191	0.990708
264	71|96|112|124	71|96	112|124	32|53|141|4|142|132|5|113|88|52|13|44|57|3|15|140|94|100|47|67	0.236297	0.333333	0.989662	0.971839	0.996356	0.995708
265	24|31|55|71	24|31	55|71	114|116|0|45|139|134|104|132|46|44|129|42|3|57|110|82|68|47|70|54	0.251468	0.333333	0.978046	0.943971	0.99128	0.99078
266	48|61|72|126	48|72	61|126	45|0|141|123|106|5|107|108|81|73|52|46|11|3|55|82|109|10|67|47	0.242685	0.333333	0.98568	0.963024	0.994244	0.990302
267	24|57|103|112	24|103	57|112	141|32|28|136|5|63|107|130|46|13|80|75|11|82|71|72|109|96|10|47	0.261423	0.333333	0.982116	0.955029	0.994373	0.991674
268	47|67|72|103	47|67	72|103	136|0|40|143|5|90|106|132|46|120|121|75|48|27|112|26|50|54|24|31	0.225877	0.333333	0.959838	0.918097	0.984037	0.978847
269	35|47|94|109	35|47	94|109	141|136|0|23|106|132|12|20|73|119|44|7|11|15|72|57|118|31|67|61	0.24304	0.333333	0.959891	0.910613	0.984855	0.982182
270	54|112|124|140	54|140	112|124	45|123|32|136|113|12|108|20|2|42|80|129|11|72|55|82|96|109|47|70	0.239081	0.333333	0.99172	0.978063	0.99694	0.996224
271	15|26|57|96	15|26	57|96	115|114|95|4|14|130|78|5|73|85|88|75|82|110|140|11|64|31|109|94	0.224597	0.333333	0.986662	0.965721	0.996172	0.996103
272	8|31|55|70	8|31	55|70	128|123|105|0|107|104|139|113|13|7|129|85|72|110|71|57|126|54|64|47	0.247027	0.333333	0.991035	0.975556	0.99624	0.994499
273	55|61|71|86	55|86	61|71	115|1|116|141|139|142|134|106|129|75|13|46|15|140|82|110|100|109|64|103	0.265549	0.4	0.973284	0.931052	0.990299	0.985247
274	8|15|109|126	8|15	109|126	1|141|23|4|12|14|106|108|119|52|80|7|57|110|3|112|118|68|31|54	0.262084	0.333333	0.988646	0.966247	0.995241	0.992472
275	10|15|86|126	10|15	86|126	53|40|45|123|5|63|113|14|129|46|2|119|71|72|3|57|68|54|50|61	0.295609	0.5	0.968728	0.922628	0.987679	0.98446
276	8|55|100|109	8|55	100|109	136|0|1|32|20|106|5|132|129|42|44|13|71|3|57|110|70|118|54|31	0.262791	0.333333	0.98679	0.962687	0.993959	0.992537
277	10|72|96|109	10|72	96|109	40|0|138|116|139|14|58|134|46|44|120|127|39|26|21|57|24|61|94|54	0.246028	0.333333	0.968869	0.932393	0.986883	0.97725
278	31|67|68|72	31|67	68|72	4|45|28|115|5|107|14|104|79|46|75|85|15|140|48|8|54|70|126|100	0.227828	0.285714	0.977883	0.950641	0.990565	0.989761
279	27|54|57|64	27|54	57|64	123|53|136|28|106|63|132|130|81|119|44|73|82|55|72|11|65|50|47|67	0.260956	0.4	0.98034	0.958067	0.993278	0.992397
280	15|67|86|103	15|67	86|103	53|136|32|0|106|107|142|5|2|46|119|75|72|57|82|3|31|68|61|47	0.274787	0.4	0.978098	0.941916	0.991474	0.989978
281	10|26|47|72	10|26	47|72	123|138|23|1|132|106|20|104|119|13|85|46|110|82|140|15|54|50|94|100	0.234824	0.4	0.967723	0.929183	0.9869	0.985112
282	8|15|31|126	8|31	15|126	0|4|53|136|78|142|113|14|13|44|46|129|3|57|72|11|96|67|68|70	0.252533	0.333333	0.986871	0.963922	0.994347	0.991782
283	10|15|68|72	10|68	15|72	4|23|45|116|104|58|134|49|79|127|13|44|3|21|39|110|126|50|86|65	0.244142	0.4	0.958073	0.921373	0.982005	0.97751
284	47|54|68|109	47|54	68|109	138|116|28|136|108|22|20|77|120|52|73|85|112|110|27|26|86|70|65|118	0.245479	0.4	0.978833	0.947025	0.991665	0.989934
285	67|71|86|140	67|71	86|140	40|136|32|28|142|132|14|107|46|2|13|75|82|3|57|15|61|96|50|54	0.28912	0.5	0.966779	0.915125	0.987091	0.986983
286	15|26|112|118	15|26	112|118	1|138|115|53|132|5|113|12|73|129|52|81|3|140|82|57|10|70|96|64	0.239871	0.333333	0.994658	0.984222	0.99775	0.997058
287	47|61|71|96	47|61	71|96	115|28|32|116|22|5|113|14|73|85|88|46|125|8|11|39|16|10|126|64	0.241454	0.333333	0.9853	0.960909	0.994845	0.991608
288	68|110|125|126	68|126	110|125	136|128|28|40|106|113|132|107|75|13|42|7|55|57|3|11|67|50|10|61	0.224576	0.4	0.974624	0.93386	0.989829	0.985293
289	8|61|67|100	8|67	61|100	0|136|123|141|63|14|142|130|129|75|46|2|3|110|57|72|109|68|70|96	0.26672	0.333333	0.984789	0.9616	0.99305	0.992367
290	68|112|124|126	68|124	112|126	128|4|28|141|63|14|5|142|46|42|73|122|55|71|57|3|109|67|47|10	0.219631	0.285714	0.984896	0.959666	0.993708	0.992839
291	10|31|47|68	10|31	47|68	141|83|128|28|49|107|130|139|122|13|46|79|15|57|72|117|86|64|24|54	0.235168	0.4	0.975293	0.939304	0.989418	0.989364
292	57|67|94|118	57|67	94|118	45|141|40|32|107|58|113|90|46|119|33|2|48|117|15|110|70|54|61|68	0.254441	0.333333	0.983836	0.955303	0.993006	0.991171
293	15|55|64|112	15|55	64|112	123|45|141|4|58|63|5|130|33|2|127|46|71|117|57|124|54|68|96|109	0.244228	0.333333	0.977152	0.943697	0.990043	0.987106
294	27|54|96|118	27|54	96|118	143|0|138|116|78|14|63|139|88|80|85|46|140|3|55|112|94|65|103|64	0.227295	0.333333	0.983579	0.956269	0.994184	0.992548
295	50|54|96|140	50|140	54|96	32|0|45|128|49|12|22|132|42|7|33|127|125|117|15|110|16|70|109|67	0.244175	0.4	0.987584	0.966722	0.994966	0.993782
296	26|61|64|118	26|61	64|118	136|28|141|123|5|132|113|20|75|42|73|2|110|11|82|55|96|70|67|68	0.250858	0.333333	0.987768	0.966102	0.99552	0.994918
297	10|50|100|125	10|100	50|125	136|4|0|32|142|14|113|130|2|42|122|75|15|72|82|110|96|118|109|54	0.25824	0.4	0.978207	0.941944	0.991555	0.988905
298	31|54|68|94	31|68	54|94	45|141|28|136|77|108|142|113|121|120|46|122|71|110|3|117|10|118|24|47	0.238007	0.333333	0.989885	0.971397	0.995651	0.994623
299	68|94|112|124	68|124	94|112	4|136|28|32|108|130|113|142|46|88|80|122|3|57|72|82|67|70|54|118	0.231226	0.285714	0.983533	0.952141	0.993083	0.992569
300	15|94|112|124	15|94	112|124	32|53|141|1|107|78|106|5|42|7|122|75|110|72|71|82|67|118|68|54	0.235899	0.333333	0.988436	0.966372	0.995946	0.995813
301	50|55|72|100	50|100	55|72	0|32|141|45|58|107|14|77|46|13|2|42|124|117|3|26|54|70|16|96	0.246865	0.4	0.975425	0.940857	0.989573	0.98558
302	16|67|72|96	16|67	72|96	116|143|138|105|104|107|5|63|119|85|46|13|140|112|82|110|47|31|61|103	0.230555	0.285714	0.960304	0.914991	0.984095	0.979738
303	48|50|72|126	48|72	50|126	28|45|32|1|78|132|63|20|81|44|13|75|11|3|57|82|47|109|54|96	0.257324	0.4	0.979338	0.947209	0.991358	0.989559
304	24|54|55|94	24|55	54|94	128|32|123|28|113|132|142|20|2|7|44|119|112|57|15|82|70|65|47|50	0.26142	0.4	0.976773	0.939548	0.991143	0.987537
305	72|100|109|125	72|100	109|125	45|141|136|53|107|142|78|132|2|13|81|42|57|11|15|110|50|31|10|68	0.226975	0.4	0.989186	0.97036	0.995502	0.99522
306	10|72|109|140	10|72	109|140	23|45|32|141|20|5|63|77|79|46|42|127|27|125|35|112|31|50|68|96	0.236845	0.4	0.961876	0.920337	0.983762	0.972964
307	10|24|110|140	10|24	110|140	28|23|143|136|5|132|20|107|129|42|7|122|3|112|15|57|31|54|70|65	0.268597	0.333333	0.960665	0.905031	0.985064	0.980317
308	15|48|61|72	15|48	61|72	4|0|53|1|63|108|139|142|85|80|73|13|140|57|3|55|64|96|103|70	0.246849	0.333333	0.986818	0.963672	0.995235	0.992808
309	16|31|70|96	16|31	70|96	105|32|53|136|12|139|14|104|81|52|44|85|140|110|57|72|109|118|126|10	0.233834	0.333333	0.973489	0.937792	0.991014	0.9895
310	31|47|96|109	31|47	96|109	53|28|136|141|107|49|58|20|52|79|127|122|48|55|124|27|16|64|94|118	0.217087	0.333333	0.981897	0.951798	0.992908	0.989587
311	16|50|57|96	16|57	50|96	45|114|83|32|12|108|14|5|75|13|44|52|71|72|110|15|100|64|67|70	0.26763	0.4	0.973943	0.939242	0.991718	0.988805
312	15|109|124|126	15|124	109|126	23|1|53|141|142|132|63|108|119|80|44|81|11|72|112|3|47|67|68|118	0.246724	0.333333	0.988959	0.968617	0.995821	0.994122
313	15|68|70|103	15|68	70|103	141|136|143|40|49|142|108|113|44|121|73|46|71|3|8|39|86|31|118|24	0.252854	0.4	0.981747	0.950372	0.992365	0.990833
314	47|68|110|112	47|110	68|112	0|32|136|4|132|12|78|77|79|121|75|7|26|21|71|82|64|118|54|67	0.234255	0.333333	0.974046	0.930882	0.989982	0.98639
315	47|86|118|126	47|118	86|126	53|32|40|143|63|113|108|12|81|13|73|129|55|82|110|11|65|68|54|61	0.254857	0.4	0.957281	0.902072	0.985005	0.981163
316	50|54|67|125	50|125	54|67	32|53|1|123|20|106|107|113|2|75|122|129|72|3|71|140|118|70|64|100	0.263216	0.4	0.986691	0.961518	0.994792	0.993205
317	35|50|100|110	35|110	50|100	32|0|1|123|5|20|113|14|81|42|73|13|57|82|15|71|109|54|68|96	0.276216	0.4	0.980842	0.951213	0.992279	0.990462
318	26|47|57|126	26|57	47|126	123|0|128|40|108|130|63|20|73|75|52|44|15|55|110|71|10|118|31|68	0.226315	0.333333	0.963269	0.915621	0.987338	0.981617
319	50|55|72|124	50|55	72|124	123|105|28|1|106|132|142|20|129|13|85|75|140|3|15|82|100|64|70|109	0.25824	0.4	0.979912	0.950539	0.991708	0.991306
320	47|54|61|103	47|54	61|103	0|123|1|45|20|108|107|106|80|44|79|2|21|8|55|72|67|86|70|16	0.257296	0.4	0.979414	0.948664	0.992332	0.990609
321	31|55|96|103	31|55	96|103	28|4|128|141|14|77|106|5|121|127|42|122|15|27|26|125|70|47|109|16	0.19984	0.25	0.989177	0.970213	0.995025	0.99376
322	26|72|96|140	26|72	96|140	141|0|53|4|12|108|78|5|44|88|42|73|57|3|55|112|61|67|65|31	0.204391	0.285714	0.980315	0.944891	0.992527	0.988202
323	24|64|67|70	24|64	67|70	123|28|40|1|130|20|63|14|44|119|2|42|71|110|57|112|61|50|65|54	0.288869	0.4	0.9577	0.896763	0.983131	0.982825
324	31|54|55|118	31|54	55|118	141|123|115|83|142|58|20|132|120|46|75|121|26|3|82|39|100|64|126|103	0.237288	0.333333	0.977565	0.942519	0.990576	0.986403
325	27|55|71|126	27|55	71|126	4|143|40|53|142|106|113|20|44|75|129|42|3|57|82|112|68|109|61|50	0.233236	0.4	0.977028	0.938799	0.990292	0.988939
326	68|70|110|126	68|70	110|126	32|28|128|40|108|106|130|14|7|52|46|42|26|117|3|21|61|118|86|50	0.255855	0.4	0.979003	0.941882	0.991183	0.990438
327	55|65|68|109	55|65	68|109	141|128|138|95|20|77|22|5|13|46|121|75|140|71|8|117|94|118|24|64	0.233448	0.333333	0.98143	0.949809	0.9917	0.99027
328	15|55|71|112	15|55	71|112	95|114|0|1|139|106|132|104|129|120|42|121|140|110|8|57|64|54|100|103	0.246363	0.333333	0.979276	0.954843	0.990809	0.986075
329	16|55|72|94	16|55	72|94	123|143|141|40|106|5|20|132|2|46|75|119|110|57|15|112|68|96|31|65	0.231812	0.285714	0.964824	0.917953	0.985156	0.982322
330	50|68|86|100	50|68	86|100	45|141|0|53|130|12|63|108|46|80|7|81|71|15|110|57|109|118|10|54	0.286342	0.4	0.96969	0.921922	0.98864	0.986396
331	26|54|112|126	26|54	112|126	141|123|45|28|130|142|108|132|73|122|81|75|71|15|72|57|67|96|68|109	0.230763	0.333333	0.980823	0.949624	0.992037	0.989116
332	27|67|71|96	27|71	67|96	136|28|116|53|113|132|134|107|119|85|46|13|15|57|82|3|61|31|65|103	0.245421	0.333333	0.969222	0.919023	0.986807	0.978772
333	48|67|71|140	48|67	71|140	28|40|23|53|142|5|63|106|75|44|2|46|110|112|57|15|47|54|61|50	0.247247	0.4	0.984876	0.959189	0.993264	0.989818
334	31|70|86|109	31|86	70|109	32|128|123|0|139|142|63|108|129|81|42|46|71|3|57|110|118|103|100|96	0.27893	0.4	0.976489	0.937177	0.991123	0.98817
335	24|72|110|126	24|72	110|126	143|40|136|28|108|12|107|78|13|2|46|81|15|55|82|11|54|70|68|10	0.254251	0.333333	0.971534	0.92888	0.989656	0.989528
336	31|57|94|125	31|94	57|125	123|1|0|4|78|113|20|108|13|73|122|52|15|11|82|71|68|54|67|70	0.221006	0.333333	0.982331	0.958951	0.994027	0.991955
337	47|54|64|71	47|54	64|71	1|143|141|136|106|107|142|49|73|81|75|33|15|110|26|55|70|61|31|109	0.246403	0.333333	0.974299	0.934715	0.990263	0.987517
338	67|86|94|109	67|109	86|94	40|141|45|0|130|142|132|63|129|122|44|42|57|110|112|15|50|118|68|54	0.282118	0.5	0.975236	0.929982	0.990495	0.987913
339	54|64|71|110	54|64	71|110	0|136|45|32|14|107|90|108|119|52|80|73|112|27|26|55|47|31|61|70	0.268962	0.333333	0.984949	0.959967	0.993684	0.99146
340	55|61|71|109	55|61	71|109	123|4|95|0|139|77|134|104|79|75|121|13|124|140|21|117|86|94|96|70	0.244697	0.4	0.98229	0.954673	0.992241	0.989009
341	47|70|94|118	47|70	94|118	23|40|32|0|113|20|77|22|46|127|121|129|26|48|125|15|109|68|65|10	0.239875	0.333333	0.976229	0.942082	0.990662	0.987378
342	8|110|112|118	8|110	112|118	95|28|114|115|5|106|107|132|46|88|13|73|3|11|57|82|64|70|54|109	0.277498	0.333333	0.986571	0.963127	0.994101	0.992806
343	27|55|64|96	27|64	55|96	128|28|136|4|113|107|20|5|44|119|122|75|3|110|57|71|70|118|54|65	0.234427	0.285714	0.978797	0.945895	0.991005	0.989108
344	54|57|124|126	54|124	57|126	141|45|40|0|14|20|63|107|81|122|129|75|110|55|112|71|31|67|65|50	0.255194	0.4	0.946416	0.896388	0.981187	0.978758
345	57|67|70|94	57|67	70|94	136|40|32|141|5|14|130|20|127|119|42|33|26|71|82|72|31|118|86|47	0.254707	0.4	0.989079	0.971505	0.995064	0.994692
346	26|72|94|96	26|72	94|96	53|0|40|141|108|63|20|5|46|42|88|75|110|112|82|55|31|50|109|61	0.217677	0.333333	0.979391	0.946554	0.992677	0.991785
347	10|27|47|54	10|27	47|54	0|136|1|40|107|132|113|20|85|122|129|75|140|3|72|112|50|64|31|61	0.255898	0.4	0.956708	0.896264	0.982888	0.981228
348	10|100|109|124	10|100	109|124	53|32|141|0|63|5|142|106|7|119|75|44|57|72|15|71|54|96|68|31	0.249938	0.333333	0.98562	0.959094	0.993633	0.990021
349	57|65|86|100	57|65	86|100	45|4|32|53|132|63|20|130|129|44|2|81|71|55|110|82|67|70|96|54	0.278556	0.4	0.971557	0.928312	0.99056	0.986309
350	8|50|64|109	8|109	50|64	32|28|123|53|20|106|63|12|42|46|80|81|72|71|15|57|68|47|118|10	0.289665	0.4	0.988962	0.968664	0.995533	0.993914
351	50|55|118|126	50|126	55|118	4|136|45|1|113|63|22|132|44|13|42|129|48|8|21|26|47|54|86|96	0.25941	0.5	0.975853	0.941469	0.989391	0.98815
352	15|71|125|126	15|125	71|126	123|1|40|4|107|12|142|108|81|52|80|44|55|112|110|3|50|54|65|96	0.233013	0.4	0.986997	0.961891	0.995073	0.992424
353	48|55|57|103	48|55	57|103	123|40|4|45|5|132|63|20|44|2|122|119|110|82|71|72|54|31|96|61	0.239271	0.333333	0.981915	0.957517	0.993648	0.990507
354	35|72|94|112	35|72	94|112	32|45|28|123|142|63|108|5|52|75|13|2|57|11|15|3|67|10|68|96	0.239241	0.285714	0.990243	0.972845	0.995678	0.99206
355	16|31|55|57	16|31	55|57	138|105|45|141|130|142|107|14|7|129|85|46|72|15|140|110|47|96|126|70	0.238498	0.333333	0.982444	0.956658	0.994065	0.992736
356	27|54|64|112	27|54	64|112	141|28|32|0|132|142|14|108|88|44|80|81|3|110|71|72|96|109|47|10	0.253418	0.333333	0.988234	0.968289	0.995465	0.994606
357	47|70|72|100	47|72	70|100	123|28|136|141|63|78|113|77|2|129|73|121|125|27|82|55|24|61|16|10	0.229526	0.333333	0.982059	0.961377	0.99358	0.992588
358	26|94|96|109	26|109	94|96	32|0|4|45|5|12|14|107|44|13|7|81|3|57|112|55|54|61|67|65	0.224841	0.333333	0.985241	0.957483	0.993913	0.992087
359	16|54|70|72	16|54	70|72	143|40|114|116|104|106|139|63|46|88|85|52|112|140|55|110|61|50|109|67	0.251608	0.4	0.9676	0.92368	0.988871	0.983125
360	27|50|54|103	27|50	54|103	1|32|123|28|142|108|20|12|42|75|73|81|11|15|3|71|67|109|68|70	0.254107	0.4	0.986339	0.964019	0.994495	0.99409
361	15|57|61|124	15|57	61|124	115|53|114|105|132|14|63|12|44|122|81|13|110|82|55|140|70|96|126|64	0.252802	0.333333	0.986644	0.971074	0.996823	0.995757
362	48|68|71|100	48|68	71|100	32|45|136|4|132|113|63|12|88|46|80|81|112|11|55|15|65|31|61|10	0.229855	0.333333	0.95687	0.905269	0.984651	0.980922
363	8|57|64|67	8|64	57|67	32|143|136|128|5|113|106|14|119|42|7|129|72|15|112|110|118|68|96|61	0.267819	0.333333	0.984449	0.9632	0.994738	0.994578
364	27|68|94|118	27|68	94|118	45|0|40|136|106|107|14|113|42|44|52|80|82|11|15|55|67|54|65|61	0.234573	0.333333	0.980612	0.953276	0.993219	0.991997
365	48|54|55|94	48|55	54|94	1|40|0|136|106|132|63|142|46|44|122|42|110|112|82|3|47|68|96|109	0.235245	0.333333	0.987248	0.963774	0.994123	0.992484
366	26|47|61|96	26|61	47|96	116|105|138|83|14|134|142|132|88|81|7|46|72|140|15|82|100|67|70|118	0.216392	0.333333	0.976342	0.938123	0.991928	0.990326
367	47|61|109|126	47|61	109|126	28|45|53|4|20|5|22|78|81|52|88|80|124|11|3|72|54|68|70|16	0.23717	0.333333	0.980071	0.949219	0.991948	0.990721
368	10|35|54|68	10|35	54|68	138|105|0|116|107|104|142|63|75|85|44|7|112|71|3|72|103|64|126|109	0.251215	0.333333	0.976933	0.940828	0.989826	0.988
369	26|50|94|96	26|50	94|96	53|28|4|0|108|78|20|142|88|122|7|80|82|15|55|71|118|67|47|54	0.232051	0.4	0.983639	0.955053	0.99384	0.992832
370	15|48|67|71	15|48	67|71	136|116|0|32|14|63|139|142|44|75|46|42|57|82|112|140|70|68|50|47	0.265498	0.4	0.981034	0.955933	0.992212	0.987857
371	55|65|71|94	55|65	71|94	45|123|136|1|106|77|132|22|42|127|44|46|21|15|8|125|68|54|47|109	0.2332	0.333333	0.984217	0.958916	0.992481	0.990623
372	47|68|70|103	47|68	70|103	143|128|32|4|20|108|113|77|79|127|13|33|48|3|26|124|24|109|16|65	0.218761	0.333333	0.967218	0.921859	0.986163	0.98131
373	27|55|61|68	27|61	55|68	138|116|128|32|106|134|20|130|75|46|85|44|140|3|82|72|94|64|70|47	0.226272	0.333333	0.987061	0.963622	0.994512	0.992294
374	61|68|71|126	61|68	71|126	136|141|0|4|12|22|108|14|73|75|80|33|48|117|11|39|54|24|47|67	0.237615	0.333333	0.987924	0.967724	0.995014	0.993885
375	16|65|68|71	16|65	68|71	4|136|105|32|12|107|20|14|75|85|42|73|15|55|3|82|64|109|100|70	0.249109	0.333333	0.978129	0.938617	0.991997	0.989358
376	27|54|67|112	27|54	67|112	138|114|32|83|107|104|14|142|42|75|44|122|3|71|140|72|96|64|126|100	0.22762	0.333333	0.986598	0.961129	0.994448	0.993681
377	48|65|71|126	48|65	71|126	1|45|53|123|63|108|113|107|42|13|80|2|110|3|82|11|10|68|47|54	0.245025	0.333333	0.989177	0.970597	0.995728	0.994711
378	64|65|67|70	64|65	67|70	45|28|53|128|5|14|142|20|122|127|46|33|39|110|117|3|54|86|47|24	0.25817	0.4	0.981967	0.953525	0.992172	0.990511
379	15|35|61|94	15|35	61|94	128|141|4|136|107|78|142|108|2|46|52|81|57|72|110|71|67|54|68|10	0.254726	0.333333	0.987416	0.964658	0.994419	0.990777
380	31|70|71|100	31|70	71|100	141|1|28|0|108|58|113|90|52|120|121|46|21|8|55|11|54|68|86|24	0.248677	0.4	0.984573	0.964306	0.992997	0.991732
381	27|47|70|71	27|70	47|71	4|53|141|0|12|20|107|78|88|81|73|129|11|82|110|3|64|67|100|50	0.242882	0.4	0.985378	0.959968	0.995153	0.99327
382	48|54|70|72	48|54	70|72	105|123|115|114|104|14|20|63|119|2|52|80|11|3|112|55|126|47|103|31	0.241531	0.333333	0.983499	0.9563	0.993816	0.993393
383	10|50|86|94	10|50	86|94	28|4|32|136|130|63|113|20|44|13|42|129|57|15|72|110|96|118|47|109	0.303496	0.4	0.972211	0.927224	0.989024	0.988554
384	50|54|96|124	50|96	54|124	0|115|28|32|107|134|130|78|7|52|42|75|15|11|110|57|126|64|10|118	0.264676	0.4	0.987001	0.966712	0.995053	0.994686
385	16|61|103|109	16|61	103|109	136|128|32|45|107|20|142|132|7|13|122|52|71|3|11|72|67|96|54|68	0.254469	0.333333	0.9714	0.922427	0.98887	0.983194
386	54|67|96|125	54|125	67|96	115|23|114|40|14|142|20|132|119|46|42|122|3|57|110|140|65|50|70|61	0.235718	0.4	0.976659	0.939555	0.990198	0.987739
387	27|61|71|103	27|61	71|103	45|32|4|1|14|12|20|106|75|73|52|44|110|57|82|55|109|67|47|96	0.240548	0.333333	0.99346	0.981031	0.997147	0.995984
388	65|68|71|125	65|68	71|125	136|114|138|4|139|14|20|106|46|13|75|42|3|11|55|110|10|94|100|67	0.222118	0.333333	0.987227	0.964418	0.994886	0.991643
389	26|67|70|96	26|70	67|96	40|83|32|136|139|106|14|130|46|13|7|119|71|140|3|82|47|94|109|126	0.231055	0.333333	0.981492	0.950026	0.991838	0.989622
390	10|61|70|100	10|61	70|100	0|45|53|32|49|63|142|130|121|75|127|2|21|82|26|35|118|16|54|47	0.257138	0.333333	0.976416	0.938922	0.989654	0.983216
391	16|57|67|126	16|67	57|126	23|53|1|143|142|130|106|14|7|42|129|2|82|71|112|15|47|70|31|109	0.245384	0.333333	0.974357	0.93581	0.991015	0.988187
392	8|57|110|140	8|57	110|140	23|143|4|0|78|108|106|12|122|42|2|52|15|72|55|71|10|96|65|31	0.250871	0.333333	0.980825	0.95235	0.993772	0.99304
393	15|50|68|100	15|68	50|100	4|53|141|45|142|22|90|49|81|120|121|13|55|48|3|125|24|86|54|118	0.247486	0.5	0.977972	0.944535	0.990984	0.990751
394	24|68|71|103	24|68	71|103	53|0|136|143|63|132|5|108|52|119|75|46|3|15|55|11|109|31|50|70	0.259529	0.4	0.972324	0.925897	0.98931	0.982829
395	15|35|96|103	15|103	35|96	23|45|40|143|130|142|78|14|81|7|46|80|112|72|55|57|10|61|31|109	0.235226	0.333333	0.989482	0.970814	0.995751	0.995231
396	15|35|47|65	15|47	35|65	141|128|83|32|130|104|113|5|129|44|46|80|72|57|110|82|96|103|109|67	0.248032	0.333333	0.978694	0.942711	0.991586	0.987916
397	31|68|71|109	31|71	68|109	53|83|95|136|22|104|77|106|121|120|80|42|125|26|11|110|64|67|47|10	0.22869	0.333333	0.992216	0.976507	0.996611	0.996262
398	72|86|94|109	72|109	86|94	40|4|123|32|78|14|63|142|2|129|75|42|55|11|3|112|10|70|50|31	0.267465	0.5	0.972344	0.929162	0.989798	0.984499
399	24|57|67|70	24|57	67|70	1|45|4|116|113|107|142|5|44|85|7|2|15|110|82|71|54|103|68|109	0.280377	0.333333	0.967275	0.920512	0.988479	0.988466
400	15|55|71|124	15|55	71|124	4|114|136|138|134|142|113|14|44|46|85|75|82|57|140|110|96|65|109|68	0.247184	0.333333	0.979965	0.956277	0.991371	0.986776
401	15|31|67|71	15|31	67|71	138|115|83|105|22|63|90|5|13|75|44|79|124|125|26|35|103|126|64|109	0.226684	0.333333	0.967312	0.924047	0.986131	0.979557
402	54|57|61|110	54|57	61|110	83|128|32|114|132|78|12|113|2|46|88|85|72|125|15|26|109|16|100|86	0.261714	0.4	0.988363	0.966347	0.995048	0.991936
403	31|67|68|109	31|67	68|109	53|115|45|105|142|5|139|90|122|33|85|120|27|48|140|3|47|70|54|100	0.217985	0.333333	0.980171	0.942114	0.991309	0.989283
404	24|68|110|112	24|68	110|112	116|114|28|128|104|113|12|139|7|13|88|46|55|82|15|140|103|100|67|118	0.234678	0.333333	0.961713	0.903945	0.986848	0.980789
405	61|68|94|125	61|125	68|94	4|32|28|45|113|132|107|106|52|44|122|42|72|11|110|82|70|10|118|47	0.225779	0.333333	0.986658	0.963812	0.994947	0.994036
406	8|50|110|118	8|50	110|118	115|28|123|95|104|139|106|134|88|42|85|80|55|57|3|140|67|68|70|94	0.264881	0.4	0.989371	0.96916	0.995815	0.995703
407	16|31|103|110	16|31	103|110	136|45|28|128|106|78|108|132|129|75|42|52|55|11|15|57|67|70|118|96	0.237899	0.333333	0.978323	0.942948	0.99186	0.989823
408	35|55|70|126	35|55	70|126	40|123|141|45|20|14|113|142|46|7|119|13|15|72|110|112|118|50|96|109	0.25188	0.4	0.980778	0.948523	0.992326	0.99074
409	16|57|68|112	16|112	57|68	115|128|0|116|113|63|108|78|42|85|7|52|71|55|110|11|126|103|47|70	0.238479	0.333333	0.979017	0.946339	0.993352	0.992046
410	24|47|70|100	24|47	70|100	53|23|143|28|12|130|20|107|52|75|80|81|72|110|11|57|118|31|68|54	0.24466	0.333333	0.965533	0.920795	0.987706	0.981573
411	8|10|61|71	8|10	61|71	28|123|136|105|139|134|5|142|44|85|13|2|15|140|82|3|70|64|126|103	0.270992	0.333333	0.977522	0.940669	0.991067	0.986649
412	27|55|110|126	27|55	110|126	28|128|1|40|130|113|106|14|42|2|122|46|57|82|15|3|54|61|118|109	0.237326	0.333333	0.981969	0.950028	0.992527	0.991138
413	15|48|96|112	15|48	96|112	83|4|116|45|14|12|63|134|52|13|85|80|72|3|140|71|54|47|103|109	0.230093	0.333333	0.991832	0.977227	0.996947	0.996009
414	15|26|61|118	15|26	61|118	1|105|53|45|12|5|139|108|52|46|42|13|140|55|57|11|126|100|70|54	0.241507	0.333333	0.99222	0.979233	0.997185	0.996095
415	61|68|71|140	61|68	71|140	53|32|45|141|106|78|49|20|75|88|44|73|8|3|125|117|86|109|16|47	0.240807	0.4	0.983596	0.957369	0.992787	0.989739
416	10|31|57|126	10|31	57|126	45|128|1|32|142|14|49|5|42|121|127|79|72|125|110|48|47|109|86|68	0.231585	0.4	0.984408	0.95841	0.993731	0.991693
417	48|54|68|70	48|54	68|70	115|23|138|136|106|130|12|63|7|81|88|122|112|15|11|140|31|47|61|65	0.235302	0.333333	0.977502	0.946777	0.992081	0.992001
418	15|54|61|94	15|54	61|94	45|123|136|0|113|130|22|49|122|79|33|81|57|35|110|55|118|86|109|10	0.268239	0.4	0.98813	0.966967	0.994826	0.99379
419	26|31|70|100	26|70	31|100	28|53|4|45|5|12|142|20|52|2|129|46|15|71|11|55|68|96|109|67	0.217075	0.333333	0.982489	0.955862	0.993473	0.992303
420	16|64|67|118	16|64	67|118	40|0|141|123|132|113|20|107|129|42|13|46|112|15|3|57|70|65|31|47	0.270833	0.333333	0.970319	0.926708	0.987787	0.986957
421	48|55|70|118	48|70	55|118	23|53|83|45|5|107|104|106|129|44|13|119|82|57|140|15|54|47|100|64	0.249111	0.333333	0.984803	0.960929	0.992896	0.990494
422	48|67|72|96	48|67	72|96	143|116|83|136|63|142|5|20|75|13|119|42|57|15|140|112|70|64|94|54	0.230761	0.285714	0.979007	0.956247	0.991435	0.989777
423	8|15|67|70	8|15	67|70	83|0|45|128|14|139|107|104|122|85|7|129|57|140|3|110|100|31|94|96	0.256462	0.333333	0.980308	0.953533	0.991636	0.988217
424	10|26|47|94	10|26	47|94	4|32|40|28|142|107|132|63|75|13|46|129|82|110|112|15|68|109|31|118	0.228314	0.333333	0.964888	0.914598	0.986479	0.986407
425	54|57|67|86	54|57	67|86	83|53|123|1|132|142|139|63|85|119|46|122|110|72|112|82|126|50|70|64	0.288295	0.5	0.97379	0.934299	0.991177	0.987174
426	70|94|109|125	70|94	109|125	32|143|28|4|5|20|14|78|122|42|13|44|112|71|72|3|67|10|68|65	0.23263	0.333333	0.98239	0.951699	0.99275	0.991347
427	35|55|64|68	35|55	64|68	141|28|23|4|106|63|20|132|44|42|122|7|15|72|3|110|70|109|31|118	0.241647	0.285714	0.979539	0.948476	0.991202	0.987406
428	10|16|57|103	10|16	57|103	141|1|28|40|142|14|20|106|7|122|13|46|72|71|110|15|50|47|68|118	0.261545	0.4	0.977975	0.946567	0.992165	0.988116
429	15|24|57|126	15|24	57|126	40|1|123|136|12|132|106|107|129|122|88|13|72|112|82|110|65|54|67|96	0.260929	0.333333	0.96716	0.925809	0.989543	0.987604
430	35|57|70|140	35|57	70|140	40|128|45|23|20|107|130|108|122|129|46|13|72|15|11|112|67|96|68|31	0.254469	0.333333	0.984429	0.965347	0.995354	0.994924
431	10|16|57|100	10|16	57|100	141|40|1|32|106|113|20|14|7|75|42|129|82|112|110|15|65|68|96|31	0.255106	0.333333	0.965116	0.91634	0.987598	0.981657
432	57|118|124|140	57|124	118|140	136|53|4|40|12|63|106|107|52|44|13|2|11|82|55|112|50|96|31|70	0.245999	0.4	0.98664	0.970579	0.996318	0.995351
433	26|71|112|140	26|71	112|140	1|53|28|4|63|78|107|142|75|13|44|52|15|57|55|82|109|54|47|68	0.22754	0.333333	0.992404	0.979369	0.996809	0.996199
434	15|16|109|140	15|16	109|140	45|40|0|143|130|63|142|108|52|44|2|42|57|3|112|71|47|118|65|67	0.260709	0.333333	0.980321	0.94787	0.993395	0.990448
435	54|64|118|125	54|64	118|125	1|28|136|53|106|113|108|14|52|119|129|46|110|112|82|15|61|67|68|50	0.262175	0.4	0.981619	0.95441	0.993839	0.990824
436	54|67|109|124	54|67	109|124	116|45|53|23|142|130|132|106|119|7|85|122|15|72|57|110|64|118|96|65	0.262659	0.333333	0.98581	0.963855	0.994276	0.992488
437	16|54|96|112	16|112	54|96	115|95|114|116|134|107|106|20|88|52|44|81|71|72|110|11|67|70|64|100	0.240191	0.333333	0.976344	0.938055	0.992024	0.989588
438	70|72|100|109	70|72	100|109	4|28|32|53|107|5|20|108|121|33|46|88|8|3|15|125|10|24|54|31	0.25808	0.333333	0.99307	0.982143	0.99719	0.99624
439	15|65|125|126	15|125	65|126	45|53|32|4|132|12|113|106|42|80|2|129|57|72|82|11|10|68|70|54	0.226676	0.333333	0.989331	0.972254	0.995406	0.991582
440	70|96|100|118	70|96	100|118	28|53|32|40|107|20|58|22|119|75|52|42|15|117|21|27|10|31|24|65	0.242845	0.333333	0.988484	0.971701	0.995211	0.995047
441	57|70|112|118	57|70	112|118	95|53|1|0|107|90|139|78|75|80|85|52|124|8|110|35|126|67|96|109	0.257058	0.333333	0.992154	0.976923	0.997054	0.99607
442	31|57|70|96	31|57	70|96	138|136|114|32|58|78|106|5|85|121|127|122|35|110|39|27|126|94|109|86	0.229669	0.4	0.988943	0.970787	0.995055	0.992561
443	72|86|100|109	72|109	86|100	23|136|4|1|107|108|142|63|80|73|88|52|15|11|112|3|50|65|31|61	0.266137	0.5	0.931207	0.856816	0.972324	0.96457
444	57|86|96|103	57|96	86|103	40|136|141|23|108|107|113|130|46|7|119|13|55|71|110|11|109|118|70|50	0.280104	0.5	0.971949	0.932226	0.991143	0.987166
445	15|103|110|124	15|103	110|124	4|0|128|123|5|106|12|132|122|73|13|52|71|55|82|72|65|54|31|47	0.237615	0.333333	0.987424	0.966844	0.994875	0.992394
446	47|70|94|109	47|70	94|109	23|136|53|40|12|142|5|78|121|120|13|52|3|110|11|71|16|65|86|31	0.240769	0.4	0.975182	0.939354	0.989769	0.985426
447	47|61|96|110	47|61	96|110	114|95|32|128|90|14|130|104|85|122|52|75|8|11|15|3|86|64|126|54	0.243852	0.4	0.985317	0.96026	0.994743	0.993309
448	65|70|86|100	65|70	86|100	4|123|128|1|78|14|106|142|80|13|75|42|110|82|72|15|67|47|54|10	0.262703	0.4	0.98397	0.954014	0.99467	0.992807
449	27|47|55|103	27|47	55|103	0|40|1|141|63|132|20|106|46|119|2|13|15|112|72|3|65|68|50|70	0.219908	0.285714	0.978038	0.939124	0.991506	0.988483
450	16|72|100|112	16|72	100|112	1|32|123|0|132|14|106|142|52|42|13|75|110|82|15|3|54|96|70|10	0.247326	0.285714	0.984483	0.957354	0.994501	0.993564
451	68|86|103|118	68|118	86|103	28|4|143|136|14|132|78|106|88|81|13|44|55|82|11|15|70|109|61|67	0.26286	0.4	0.972905	0.925442	0.990441	0.986763
452	10|57|70|103	10|57	70|103	4|1|32|23|142|49|130|22|75|119|46|79|124|35|110|48|118|31|61|24	0.25879	0.333333	0.976338	0.937893	0.989331	0.98473
453	15|24|54|110	15|24	54|110	114|105|128|116|139|78|108|14|7|80|88|75|140|57|112|71|70|100|94|68	0.255794	0.333333	0.97562	0.935121	0.991104	0.989515
454	15|27|47|57	15|27	47|57	123|128|45|32|107|78|134|5|44|80|46|122|71|110|140|55|10|96|68|118	0.239982	0.333333	0.974386	0.940856	0.992088	0.987654
455	55|68|103|125	55|103	68|125	32|45|136|53|20|142|5|14|7|75|122|44|72|57|112|3|118|109|47|65	0.205251	0.25	0.984025	0.954344	0.992252	0.991302
456	70|94|110|124	70|94	110|124	40|136|123|1|130|108|20|78|46|52|122|119|3|72|55|71|50|118|31|61	0.257226	0.4	0.971629	0.926681	0.98891	0.986891
457	15|50|54|72	15|54	50|72	83|45|136|1|106|58|132|49|46|80|75|2|110|26|3|140|100|16|47|126	0.263924	0.4	0.983899	0.959555	0.993317	0.992171
458	10|54|110|124	10|54	110|124	28|143|23|45|104|14|132|107|129|42|7|46|15|57|72|71|96|126|70|109	0.272889	0.333333	0.982567	0.954138	0.992683	0.990916
459	35|72|109|140	35|72	109|140	0|40|53|141|142|63|78|5|13|46|73|88|11|15|110|112|31|67|65|68	0.235642	0.333333	0.987523	0.966196	0.996027	0.994184
460	50|86|94|110	50|94	86|110	128|32|1|28|132|113|20|5|42|2|80|7|72|3|57|82|54|96|68|10	0.290937	0.4	0.971622	0.929102	0.989231	0.986629
461	31|47|55|71	31|47	55|71	83|138|123|1|90|58|49|77|46|13|44|127|110|15|8|39|64|94|70|24	0.220616	0.333333	0.983096	0.955738	0.993033	0.992595
462	15|24|54|100	15|24	54|100	23|40|0|1|63|132|108|12|73|81|52|2|112|72|57|82|118|109|68|10	0.263986	0.333333	0.973756	0.931661	0.990375	0.988588
463	24|47|65|96	24|47	65|96	0|141|138|116|12|63|78|139|52|122|75|13|11|3|71|140|94|118|10|100	0.22705	0.333333	0.965654	0.914372	0.988261	0.983042
464	47|67|72|124	47|67	72|124	141|23|28|40|20|14|106|5|75|85|129|46|3|110|15|112|70|126|31|65	0.237462	0.285714	0.965646	0.92628	0.986419	0.98259
465	57|67|109|112	57|67	109|112	0|4|32|123|106|142|107|132|127|129|33|42|72|39|110|21|118|100|70|24	0.264982	0.333333	0.992004	0.975711	0.996569	0.99644
466	15|50|118|125	15|118	50|125	83|4|32|53|14|113|134|132|2|42|46|52|3|57|82|110|10|109|70|68	0.276064	0.4	0.993917	0.983056	0.997575	0.996582
467	67|96|110|112	67|112	96|110	28|95|0|116|106|139|14|58|122|13|46|79|21|82|57|140|16|103|100|94	0.233905	0.333333	0.980849	0.947936	0.992255	0.990249
468	15|47|54|61	15|47	54|61	95|141|45|0|63|58|90|108|73|79|75|2|140|117|57|26|94|67|109|24	0.251049	0.333333	0.979875	0.947464	0.992393	0.990915
469	48|57|61|126	48|57	61|126	128|0|136|4|130|63|108|78|46|88|44|7|55|110|15|82|96|68|70|118	0.25024	0.333333	0.977782	0.948986	0.992759	0.990136
470	67|96|124|126	67|126	96|124	143|45|0|136|130|142|14|132|13|46|44|42|71|57|110|3|70|47|54|31	0.234063	0.285714	0.982341	0.950578	0.992737	0.988817
471	54|55|64|124	54|55	64|124	1|23|128|45|20|142|106|63|7|75|129|122|72|15|3|71|68|50|61|47	0.245021	0.4	0.985061	0.96106	0.993686	0.992597
472	15|35|96|109	15|35	96|109	53|32|116|0|139|63|106|107|80|75|52|44|57|3|112|110|100|103|64|47	0.256104	0.333333	0.991515	0.976921	0.996615	0.996246
473	26|64|96|110	26|110	64|96	32|45|23|28|132|20|5|106|46|88|75|119|112|15|55|82|67|70|54|50	0.245581	0.4	0.981544	0.951635	0.993136	0.99264
474	15|31|47|94	15|94	31|47	123|53|45|1|107|78|90|132|2|127|120|129|21|82|26|39|109|70|96|16	0.222213	0.333333	0.976997	0.939467	0.991412	0.988659
475	26|72|96|126	26|72	96|126	143|0|32|4|63|142|78|14|73|46|42|75|112|55|110|57|70|31|61|67	0.210989	0.285714	0.986728	0.962462	0.99531	0.9923
476	26|57|64|70	26|57	64|70	28|45|4|53|12|108|130|107|80|81|44|129|55|71|110|112|47|50|31|68	0.25072	0.4	0.984276	0.963862	0.994502	0.993222
477	94|110|112|125	94|112	110|125	0|45|28|32|132|5|107|106|75|42|81|73|55|11|3|15|54|96|68|10	0.226937	0.333333	0.985626	0.961561	0.993574	0.993148
478	55|61|94|124	55|124	61|94	53|0|128|28|132|14|113|107|75|42|129|44|82|3|72|110|70|118|96|109	0.244624	0.333333	0.986079	0.959646	0.994003	0.993582
479	10|68|86|112	10|112	68|86	115|32|4|141|134|113|130|5|13|7|42|44|110|71|140|72|109|126|118|94	0.264171	0.4	0.956802	0.893333	0.983376	0.979564
480	24|47|61|109	24|47	61|109	32|105|4|28|63|5|142|130|2|129|7|73|15|11|71|3|96|54|118|67	0.268782	0.333333	0.96243	0.908433	0.986605	0.979875
481	47|61|94|110	47|61	94|110	1|32|123|128|90|49|130|107|52|122|46|80|124|82|3|26|67|70|54|96	0.237572	0.333333	0.97196	0.933212	0.988873	0.987454
482	54|65|96|103	54|103	65|96	32|0|141|45|14|142|63|130|75|46|73|52|26|82|3|125|109|47|70|10	0.239845	0.333333	0.993038	0.981586	0.99699	0.996342
483	31|47|70|109	31|70	47|109	32|28|45|53|5|108|106|134|81|127|80|44|11|110|124|57|54|94|100|86	0.249271	0.4	0.987775	0.965064	0.995191	0.995131
484	27|57|68|70	27|57	68|70	0|53|114|136|78|108|63|107|73|75|80|88|112|55|140|11|94|61|118|47	0.233647	0.333333	0.985253	0.964146	0.995092	0.994159
485	57|72|100|109	57|72	100|109	40|1|23|28|22|132|5|49|52|80|13|81|21|35|48|8|70|54|86|61	0.250427	0.4	0.990477	0.971444	0.996128	0.995232
486	31|35|72|126	31|35	72|126	141|28|4|53|106|113|107|14|129|73|42|44|55|15|110|57|54|109|68|47	0.233648	0.285714	0.985621	0.96102	0.993925	0.990957
487	70|112|125|140	70|125	112|140	1|136|4|0|106|63|5|130|13|44|81|7|82|57|11|110|96|47|10|109	0.229398	0.333333	0.994603	0.985066	0.997771	0.997032
488	15|71|125|140	15|125	71|140	23|0|32|1|14|132|106|142|75|44|119|46|57|11|112|3|67|31|109|47	0.243041	0.333333	0.997414	0.99234	0.999087	0.999021
489	10|48|54|96	10|48	54|96	40|115|138|83|142|130|107|63|42|46|44|122|112|110|140|57|109|50|61|70	0.257325	0.4	0.975006	0.934905	0.989241	0.986158
490	48|57|64|112	48|57	64|112	136|141|128|53|107|5|63|20|88|73|75|7|110|11|72|15|67|96|54|10	0.247335	0.333333	0.977326	0.947323	0.992657	0.991827
491	15|35|47|70	15|35	47|70	32|136|143|23|142|5|134|63|7|119|122|2|57|3|55|110|94|126|54|10	0.251869	0.333333	0.983206	0.956201	0.994105	0.990163
492	47|96|109|140	47|96	109|140	143|45|40|141|130|14|77|5|88|121|119|7|72|27|110|21|70|16|24|65	0.225415	0.333333	0.982055	0.952878	0.992625	0.989976
493	24|65|94|118	24|65	94|118	0|45|28|53|106|12|142|78|2|88|75|42|15|11|82|55|68|67|109|70	0.247039	0.333333	0.977452	0.939601	0.992078	0.989026
494	26|54|103|118	26|54	103|118	32|53|0|141|142|113|106|78|81|2|42|80|57|110|15|55|50|61|96|31	0.23748	0.4	0.986468	0.9622	0.994975	0.993362
495	24|72|109|140	24|72	109|140	40|45|136|53|63|14|142|12|13|88|2|75|3|15|112|57|54|31|67|70	0.253994	0.333333	0.97943	0.94156	0.992699	0.9892
496	48|94|110|118	48|110	94|118	32|123|0|1|14|106|107|113|81|80|52|88|11|3|82|15|96|70|65|68	0.25204	0.333333	0.982817	0.952135	0.992774	0.99269
497	68|100|110|112	68|112	100|110	136|45|128|4|12|90|132|108|80|75|121|122|72|71|26|15|86|47|16|70	0.232303	0.4	0.98898	0.967954	0.995323	0.993163
498	57|118|125|140	57|125	118|140	32|53|123|143|5|107|63|78|13|129|119|44|82|55|112|110|67|68|96|65	0.230972	0.333333	0.988084	0.975759	0.997136	0.996629
499	47|68|86|109	47|86	68|109	45|138|143|40|108|5|78|132|88|52|7|75|3|15|11|72|70|10|50|54	0.266055	0.5	0.964462	0.911903	0.98621	0.978971
500	35|54|100|110	35|54	100|110	143|136|45|123|12|130|107|106|81|73|80|7|57|82|3|72|47|70|118|67	0.253279	0.333333	0.99233	0.976315	0.996851	0.996756
501	48|96|118|126	48|96	118|126	32|141|28|45|14|107|12|132|73|44|81|46|112|11|57|110|109|47|70|54	0.238584	0.333333	0.989806	0.970938	0.996088	0.994497
502	24|64|65|109	24|64	65|109	53|45|4|136|142|108|132|5|46|73|80|13|15|110|3|11|118|47|10|67	0.272163	0.333333	0.973945	0.936209	0.990669	0.986793
503	71|109|125|126	71|125	109|126	0|1|4|32|142|106|132|14|44|2|129|73|55|110|15|11|31|50|67|68	0.238385	0.4	0.981953	0.948251	0.993692	0.990415
504	15|50|54|103	15|54	50|103	53|32|0|123|49|90|107|130|120|52|75|7|11|82|72|57|70|10|118|24	0.281802	0.4	0.990498	0.973648	0.996395	0.995847
505	50|70|86|110	50|70	86|110	0|136|45|1|12|5|20|130|122|88|13|80|55|82|57|15|47|68|103|100	0.295141	0.4	0.974455	0.93431	0.991143	0.987352
506	47|54|71|94	47|54	71|94	45|53|1|141|113|12|58|142|2|46|73|121|3|57|112|8|16|50|70|65	0.247148	0.4	0.979972	0.946154	0.992443	0.989376
507	54|61|67|126	54|67	61|126	53|123|45|32|20|132|130|58|127|75|2|42|21|110|82|27|96|70|118|47	0.251812	0.333333	0.980115	0.947491	0.99145	0.989846
508	10|35|65|100	10|100	35|65	128|45|28|0|130|132|107|63|42|44|129|122|82|72|57|15|68|109|70|118	0.258396	0.333333	0.984774	0.957713	0.994078	0.991609
509	10|24|50|70	10|24	50|70	45|128|114|0|113|104|130|14|85|44|7|129|82|110|71|140|103|118|64|68	0.292977	0.4	0.963656	0.907555	0.987025	0.980797
510	67|70|96|118	67|70	96|118	23|136|141|114|14|22|106|49|75|42|79|85|26|8|21|82|64|109|65|103	0.240954	0.333333	0.968765	0.925373	0.987039	0.980294
511	15|47|67|94	15|94	47|67	23|123|45|0|106|22|113|130|2|120|121|129|3|39|48|125|50|24|86|61	0.248158	0.4	0.957452	0.899615	0.983542	0.975385
512	16|70|96|109	16|70	96|109	138|143|40|45|78|108|14|20|52|88|46|122|140|11|71|112|65|61|50|126	0.254708	0.4	0.944602	0.893639	0.979815	0.974898
513	31|72|100|109	31|72	100|109	53|136|1|32|63|90|5|78|121|13|81|88|110|21|57|39|54|70|96|86	0.231504	0.4	0.987922	0.964994	0.99499	0.993091
514	67|71|109|112	67|71	109|112	114|105|138|4|134|14|106|139|46|120|75|13|21|57|15|8|126|86|64|96	0.255856	0.4	0.984271	0.956108	0.992907	0.98797
515	70|94|109|118	70|94	109|118	23|123|45|53|142|108|20|49|73|81|13|42|39|55|112|117|68|16|96|54	0.248969	0.333333	0.990965	0.974066	0.996121	0.994818
516	50|67|72|110	50|67	72|110	115|1|138|28|58|14|104|77|46|42|79|120|117|140|35|21|68|100|16|64	0.246692	0.4	0.967636	0.936081	0.986311	0.984901
517	26|71|96|140	26|71	96|140	136|143|40|32|20|5|63|132|42|81|52|88|11|15|57|82|70|67|31|61	0.221596	0.333333	0.987812	0.966825	0.995578	0.994076
518	61|70|118|124	61|70	118|124	114|1|136|53|113|104|20|14|44|88|52|42|3|57|82|110|68|100|67|10	0.265815	0.333333	0.990161	0.972268	0.996168	0.994447
519	54|65|86|103	54|65	86|103	141|0|1|28|108|20|130|107|122|88|73|44|110|71|57|15|118|109|47|67	0.280877	0.4	0.977613	0.939622	0.992022	0.989312
520	65|70|86|140	65|70	86|140	4|0|1|141|142|14|63|12|52|2|44|46|11|3|82|72|96|67|10|54	0.270066	0.4	0.971559	0.926987	0.989712	0.986866
521	70|96|109|126	70|96	109|126	23|28|143|4|77|5|63|58|73|52|120|81|8|71|57|48|54|10|65|24	0.237567	0.333333	0.988135	0.967451	0.995018	0.994827
522	15|50|70|94	15|70	50|94	136|45|53|0|90|58|5|49|2|52|79|121|8|26|39|21|86|54|10|109	0.262598	0.5	0.98621	0.965347	0.994037	0.992398
523	54|61|70|103	54|61	70|103	53|123|45|1|49|14|63|77|79|46|127|52|39|21|35|110|118|109|16|47	0.250388	0.333333	0.988535	0.968922	0.994729	0.993981
524	10|35|64|68	10|68	35|64	40|45|0|141|5|132|14|113|122|46|119|75|15|112|82|71|109|54|50|70	0.272639	0.4	0.975399	0.937965	0.990121	0.986556
525	24|47|55|100	24|100	47|55	141|40|0|143|14|130|132|5|7|13|2|119|3|112|72|15|31|70|109|54	0.239848	0.333333	0.961849	0.910336	0.985671	0.98553
526	50|57|67|96	50|96	57|67	136|128|115|138|49|90|14|142|42|85|79|75|125|82|72|26|64|103|118|126	0.236016	0.4	0.985071	0.958722	0.993926	0.993637
527	35|67|68|112	35|67	68|112	4|45|128|116|20|134|104|130|122|44|7|75|71|3|140|15|47|64|54|126	0.23375	0.285714	0.988476	0.967524	0.99499	0.994311
528	26|54|55|100	26|54	55|100	128|136|141|28|132|20|130|142|2|75|46|42|15|72|57|110|96|31|65|118	0.225485	0.333333	0.982134	0.953231	0.992353	0.990698
529	24|54|64|68	24|64	54|68	0|128|45|143|132|108|106|142|7|52|42|44|71|72|3|82|65|67|118|10	0.266291	0.333333	0.948842	0.901291	0.981013	0.977193
530	27|57|61|70	27|57	61|70	138|114|136|1|14|107|12|20|88|85|81|129|71|11|15|72|47|100|103|68	0.244678	0.333333	0.983085	0.963585	0.994184	0.994104
531	26|68|70|71	26|70	68|71	83|23|28|40|104|14|5|106|46|42|85|88|110|140|11|55|50|109|10|31	0.235795	0.4	0.982256	0.956077	0.993608	0.993535
532	15|31|96|125	15|125	31|96	4|136|83|32|139|107|113|134|80|122|13|7|140|82|11|110|100|109|94|54	0.213497	0.333333	0.985162	0.959965	0.995104	0.99445
533	16|64|70|96	16|64	70|96	23|32|28|136|113|12|142|106|7|46|42|119|57|11|15|112|118|10|61|65	0.256755	0.333333	0.953285	0.911282	0.982828	0.978421
534	8|15|67|118	8|15	67|118	1|45|23|115|139|5|134|113|44|75|46|119|110|112|82|3|70|96|94|64	0.273752	0.333333	0.977861	0.950029	0.991402	0.987393
535	61|64|110|118	61|64	110|118	136|4|32|0|108|12|107|90|13|88|80|42|82|48|117|124|70|68|96|24	0.265492	0.333333	0.985142	0.962561	0.994138	0.993908
536	10|94|109|112	10|94	109|112	141|1|4|0|20|90|14|77|46|79|13|122|48|110|15|8|86|68|54|24	0.256973	0.4	0.985683	0.960074	0.993506	0.990344
537	71|94|109|110	71|94	109|110	143|28|40|23|108|106|12|77|13|52|46|79|21|35|125|39|96|47|31|86	0.241365	0.4	0.991413	0.974892	0.996502	0.996086
538	16|55|96|110	16|55	96|110	40|116|143|105|14|130|5|107|42|46|75|85|57|140|82|15|64|103|126|94	0.235874	0.333333	0.972576	0.930036	0.989632	0.985779
539	70|72|100|110	70|72	100|110	45|40|32|0|58|49|77|12|81|46|33|75|8|48|15|57|109|10|65|61	0.245287	0.333333	0.982413	0.95658	0.993181	0.990552
540	27|109|110|112	27|109	110|112	45|4|28|1|78|14|108|20|52|2|73|85|140|11|55|57|126|54|10|100	0.245421	0.333333	0.992106	0.976961	0.997271	0.996357
541	47|96|112|126	47|96	112|126	4|0|32|53|12|113|108|5|81|79|122|7|48|71|72|39|16|67|86|54	0.219401	0.333333	0.974562	0.938161	0.989704	0.988916
542	26|50|103|118	26|50	103|118	53|1|28|45|12|113|107|14|80|42|44|52|57|11|3|55|109|47|10|96	0.249733	0.4	0.990338	0.972965	0.995711	0.994834
543	57|67|94|112	57|94	67|112	128|28|53|123|22|106|113|14|127|44|129|121|39|124|21|15|54|68|24|109	0.244768	0.333333	0.982117	0.949944	0.991642	0.987047
544	16|55|71|140	16|55	71|140	32|0|1|141|142|106|132|20|129|44|119|2|57|112|110|3|31|47|109|68	0.246692	0.333333	0.972862	0.935171	0.988972	0.983097
545	71|100|109|125	71|100	109|125	23|4|0|123|106|78|63|20|81|75|13|44|55|11|110|112|65|10|47|68	0.231993	0.333333	0.994013	0.983457	0.998098	0.996342
546	8|55|64|71	8|55	64|71	4|0|1|141|106|132|63|142|44|2|42|13|15|57|110|112|65|96|54|109	0.267679	0.333333	0.98401	0.957394	0.993175	0.993008
547	15|50|71|86	15|50	71|86	32|114|115|45|139|108|14|104|46|80|81|13|55|140|57|82|103|100|10|109	0.291986	0.4	0.979224	0.944945	0.992661	0.989894
548	47|86|100|118	47|118	86|100	0|23|141|4|20|107|108|12|88|119|81|129|57|55|110|112|67|70|10|61	0.265828	0.4	0.960684	0.913109	0.985691	0.982774
549	16|109|118|140	16|109	118|140	136|4|23|1|106|142|132|14|52|81|46|2|11|55|57|110|67|70|54|47	0.257021	0.333333	0.987332	0.963935	0.995622	0.994
550	24|50|110|126	24|110	50|126	32|128|123|1|130|14|78|5|2|88|129|81|72|71|3|55|109|67|96|68	0.266143	0.4	0.961129	0.907979	0.984955	0.982724
551	27|54|57|118	27|54	57|118	141|116|83|123|113|20|106|14|42|129|88|46|110|112|82|11|50|126|96|70	0.267988	0.4	0.985022	0.965773	0.995349	0.99473
552	27|96|109|110	27|109	96|110	40|136|45|116|134|5|108|106|73|75|81|88|112|140|71|15|47|31|126|103	0.229512	0.333333	0.98491	0.960773	0.99473	0.99407
553	65|71|109|126	65|71	109|126	4|45|141|123|20|63|108|5|79|129|88|33|27|124|57|11|86|47|67|96	0.245362	0.4	0.99123	0.976053	0.996489	0.995609
554	8|15|54|103	8|15	54|103	141|136|1|23|78|113|106|108|88|75|119|80|55|110|82|57|67|109|70|68	0.264805	0.333333	0.994384	0.984707	0.997593	0.996378
555	10|24|57|65	10|24	57|65	0|141|115|136|63|142|113|134|122|44|46|13|110|72|140|15|118|109|64|68	0.277818	0.333333	0.973004	0.932626	0.99096	0.986339
556	48|54|118|126	48|54	118|126	45|1|123|32|78|113|108|106|73|80|81|2|82|11|15|110|109|65|96|67	0.247791	0.333333	0.983616	0.953274	0.994286	0.993379
557	27|61|68|126	27|61	68|126	45|28|32|53|132|107|63|106|44|88|73|7|110|82|11|57|70|109|118|47	0.232666	0.333333	0.984619	0.958549	0.99397	0.992036
558	54|61|124|140	54|124	61|140	28|45|128|1|63|108|130|14|73|44|88|52|110|72|15|71|10|47|68|109	0.250728	0.333333	0.987982	0.967358	0.995929	0.995926
559	24|64|72|110	24|64	72|110	0|4|32|143|5|132|20|113|81|80|42|73|11|55|57|112|31|10|50|61	0.270595	0.4	0.952201	0.893966	0.981512	0.970955
560	8|15|96|118	8|15	96|118	105|45|115|4|139|106|104|134|75|44|88|52|112|82|55|140|65|64|100|67	0.2431	0.333333	0.990823	0.973479	0.997131	0.997054
561	55|61|72|103	55|72	61|103	1|45|28|123|20|58|49|142|13|33|129|127|57|125|21|27|68|24|54|109	0.223019	0.333333	0.969304	0.927876	0.986359	0.981065
562	8|61|100|110	8|61	100|110	136|45|123|28|12|130|113|107|75|2|52|122|55|57|82|71|10|118|47|68	0.26835	0.333333	0.993196	0.97989	0.99741	0.996973
563	70|86|103|112	70|112	86|103	123|1|53|128|142|20|113|12|122|80|44|46|82|110|55|57|10|109|96|118	0.268866	0.4	0.975117	0.934477	0.991145	0.988424
564	26|54|96|140	26|54	96|140	40|23|53|136|132|106|130|63|75|88|80|44|82|72|15|11|109|10|61|47	0.226249	0.333333	0.991968	0.97823	0.997531	0.997212
565	26|47|54|103	26|54	47|103	1|123|143|53|106|113|130|142|7|119|129|2|57|71|72|3|70|31|109|96	0.225109	0.333333	0.979486	0.942425	0.992158	0.988397
566	8|54|57|109	8|54	57|109	114|83|136|28|107|132|14|106|46|2|80|119|15|55|140|110|67|118|94|64	0.284603	0.333333	0.983689	0.963695	0.994396	0.993222
567	27|57|68|112	27|57	68|112	138|136|0|28|5|139|20|14|7|80|46|52|110|15|140|55|94|10|70|54	0.23692	0.333333	0.983988	0.963567	0.9947	0.993367
568	8|54|70|71	8|54	70|71	45|28|53|95|20|106|142|134|81|46|42|52|55|82|110|112|10|47|31|109	0.278254	0.333333	0.993543	0.982193	0.997522	0.997241
569	10|31|57|110	10|31	57|110	128|116|114|4|22|106|139|130|46|129|13|121|15|117|125|124|24|54|64|118	0.258146	0.333333	0.979959	0.945268	0.991598	0.987455
570	16|57|68|109	16|57	68|109	141|115|83|114|14|132|130|107|85|88|75|122|112|11|55|140|54|126|64|70	0.247017	0.333333	0.977814	0.943501	0.993263	0.989818
571	48|61|64|67	48|61	64|67	53|128|4|123|132|142|106|5|122|42|129|13|110|57|72|71|54|109|118|68	0.25143	0.333333	0.984299	0.956914	0.993631	0.992472
572	10|50|64|72	10|64	50|72	4|141|136|28|14|20|132|142|127|33|120|42|35|117|21|125|68|24|47|86	0.270191	0.5	0.965944	0.930113	0.985495	0.982997
573	8|10|72|110	8|10	72|110	45|40|0|114|107|20|139|106|119|2|75|42|57|112|3|140|70|47|126|61	0.273839	0.333333	0.968733	0.935448	0.98711	0.985196
574	48|112|118|140	48|112	118|140	141|136|123|45|78|108|107|12|75|129|46|73|110|55|82|15|109|70|67|68	0.239477	0.333333	0.989302	0.97003	0.996342	0.995386
575	24|67|70|112	24|67	70|112	83|114|123|116|63|142|20|5|7|122|46|44|3|15|71|72|54|96|64|118	0.265773	0.333333	0.976798	0.937469	0.991179	0.988136
576	15|24|31|94	15|31	24|94	4|1|128|141|130|108|12|78|75|46|73|2|82|3|72|110|10|54|47|96	0.242443	0.333333	0.985792	0.960805	0.994862	0.992282
577	15|26|71|100	15|26	71|100	45|23|143|141|132|142|106|12|13|129|46|88|112|11|82|3|54|31|109|70	0.236317	0.333333	0.983454	0.958991	0.993672	0.992457
578	8|15|47|50	8|15	47|50	4|128|138|114|132|130|134|5|122|2|81|46|72|57|55|11|103|54|96|100	0.258197	0.4	0.983687	0.957323	0.994424	0.991403
579	71|94|109|124	71|94	109|124	123|23|143|0|108|78|20|63|119|129|44|2|11|112|3|57|31|67|54|96	0.25282	0.333333	0.991402	0.973607	0.996598	0.995177
580	10|35|94|96	10|94	35|96	141|40|23|0|14|20|132|130|44|13|75|7|71|110|3|57|65|109|118|50	0.258178	0.4	0.972904	0.922228	0.987771	0.98156
581	27|100|110|118	27|110	100|118	1|45|136|32|107|113|5|12|129|42|52|75|11|57|82|55|50|96|10|109	0.24533	0.4	0.989045	0.969455	0.9955	0.995434
582	50|96|109|110	50|96	109|110	4|138|45|128|134|132|106|77|52|33|81|42|72|55|39|3|24|100|67|70	0.255477	0.4	0.986491	0.962441	0.994166	0.993431
583	10|24|100|109	10|24	100|109	28|123|143|4|20|5|142|63|13|75|42|122|112|3|72|15|47|96|31|50	0.260057	0.4	0.975923	0.93343	0.990794	0.984437
584	10|54|57|118	10|54	57|118	83|105|95|1|90|22|14|139|129|79|85|127|117|112|82|124|94|16|65|61	0.256075	0.333333	0.966213	0.915232	0.986599	0.978584
585	47|70|109|112	47|70	109|112	53|141|136|116|106|5|108|58|13|2|85|73|110|140|57|72|86|103|24|100	0.250589	0.4	0.988297	0.967546	0.995295	0.99378
586	16|61|71|126	16|61	71|126	1|141|4|53|63|5|78|142|46|44|52|129|57|82|3|55|47|70|54|10	0.253896	0.333333	0.980856	0.951785	0.992804	0.991356
587	47|48|67|94	47|48	67|94	143|1|4|40|113|63|142|20|129|13|119|75|3|112|15|110|96|61|70|109	0.228677	0.285714	0.968191	0.920305	0.987291	0.986511
588	70|71|96|110	70|71	96|110	23|45|115|143|107|14|5|139|46|88|42|80|11|27|124|112|103|50|47|67	0.253278	0.4	0.988989	0.970629	0.995713	0.99444
589	65|71|100|110	65|71	100|110	0|45|4|28|106|5|132|12|75|88|129|46|39|8|11|124|68|10|86|24	0.25705	0.4	0.987222	0.964409	0.994956	0.993018
590	15|65|70|72	15|65	70|72	105|138|116|1|142|106|107|104|120|2|127|33|48|35|117|57|126|100|94|64	0.239946	0.333333	0.973272	0.936402	0.988405	0.984954
591	47|54|55|71	47|54	55|71	28|143|141|138|142|22|104|49|46|79|85|121|26|3|110|57|16|64|70|68	0.236054	0.333333	0.977183	0.943706	0.990588	0.989839
592	31|35|68|71	31|35	68|71	116|32|95|83|108|20|107|12|75|13|88|73|140|55|15|57|47|94|64|126	0.227738	0.333333	0.99317	0.980172	0.997027	0.995969
593	27|50|110|140	27|50	110|140	32|128|0|136|14|108|107|113|42|73|80|13|72|11|71|55|68|67|47|10	0.254887	0.4	0.98546	0.961782	0.994329	0.993433
594	68|118|124|126	68|124	118|126	40|136|45|53|12|106|142|5|80|73|75|42|11|112|55|15|31|54|70|61	0.223033	0.333333	0.981835	0.947311	0.992982	0.992904
595	15|57|71|110	15|57	71|110	95|40|116|114|90|77|5|22|129|73|81|79|140|26|112|125|65|54|109|103	0.239852	0.333333	0.983696	0.955836	0.993342	0.991219
596	26|47|109|118	26|109	47|118	40|53|83|116|78|63|106|108|2|81|85|75|57|11|140|15|100|61|96|65	0.231234	0.333333	0.983863	0.956603	0.994676	0.993395
597	26|96|100|109	26|109	96|100	136|141|4|143|130|108|78|14|73|88|119|13|71|55|112|15|10|67|61|70	0.223019	0.333333	0.975687	0.943523	0.990837	0.99082
598	70|96|109|110	70|96	109|110	32|143|28|115|77|104|49|78|73|52|75|85|15|11|39|112|50|54|103|126	0.242586	0.4	0.985501	0.960628	0.994673	0.994295
599	8|55|96|110	8|55	96|110	95|105|114|143|14|113|134|132|122|13|7|42|72|112|3|15|126|100|31|94	0.233523	0.333333	0.98319	0.952568	0.993451	0.992474
600	24|61|96|109	24|61	96|109	0|28|115|45|142|5|63|78|46|44|13|80|72|11|140|15|94|103|54|118	0.262335	0.333333	0.972964	0.928274	0.991378	0.987338
601	15|55|57|68	15|55	57|68	83|40|0|105|142|90|139|113|75|127|120|119|39|27|125|21|94|16|126|70	0.22705	0.333333	0.975634	0.941325	0.989783	0.985963
602	24|31|55|126	24|126	31|55	128|141|0|123|5|130|113|106|129|7|75|13|71|15|110|3|109|118|47|54	0.24026	0.333333	0.976226	0.937214	0.991422	0.988931
603	55|57|68|72	55|57	68|72	114|116|138|95|49|139|106|20|33|75|13|85|112|110|35|26|47|54|64|100	0.219369	0.333333	0.978663	0.94766	0.990085	0.989266
604	48|50|110|140	48|110	50|140	28|128|4|45|113|106|12|14|52|75|46|73|82|15|55|72|109|70|96|10	0.259536	0.4	0.982807	0.952504	0.993672	0.992518
605	27|64|70|112	27|70	64|112	1|53|136|32|113|142|108|20|88|52|13|7|110|11|71|3|54|109|118|67	0.25302	0.333333	0.980707	0.948045	0.99289	0.991233
606	8|54|64|70	8|54	64|70	28|128|1|40|130|106|78|12|44|119|46|122|3|71|110|11|67|10|31|118	0.277058	0.333333	0.961809	0.922682	0.984672	0.982396
607	8|71|100|109	8|71	100|109	32|53|4|0|78|14|107|20|119|44|73|2|110|15|11|3|67|47|54|31	0.272066	0.333333	0.997626	0.992552	0.999015	0.999005
608	10|16|54|109	10|16	54|109	136|40|138|116|20|132|104|107|119|85|2|44|3|15|140|72|61|68|31|70	0.277303	0.333333	0.967769	0.922151	0.987724	0.984635
609	47|64|67|110	47|110	64|67	28|1|32|4|107|132|130|20|119|127|121|120|124|8|21|112|70|24|54|50	0.264584	0.4	0.965523	0.916006	0.986504	0.984758
610	57|96|109|118	57|96	109|118	32|116|28|138|107|49|20|5|80|85|44|127|48|124|55|39|65|47|100|50	0.252334	0.4	0.987577	0.969854	0.995225	0.994217
611	47|54|65|109	47|54	65|109	105|32|116|83|22|63|132|104|46|75|80|7|15|48|27|26|96|94|64|68	0.237019	0.333333	0.979039	0.946547	0.991864	0.987937
612	10|15|71|124	10|15	71|124	105|4|123|95|5|134|104|106|44|42|75|2|112|110|82|140|70|96|65|109	0.257562	0.333333	0.970752	0.931844	0.988757	0.983226
613	8|10|31|68	8|31	10|68	141|0|128|138|104|132|63|20|46|85|75|122|140|71|57|72|118|70|64|94	0.248912	0.333333	0.983747	0.956317	0.993195	0.989592
614	16|70|94|96	16|96	70|94	40|141|4|143|107|106|20|63|7|52|46|42|3|112|11|110|109|31|61|54	0.241386	0.333333	0.975432	0.934439	0.99157	0.98985
615	31|54|70|109	31|54	70|109	114|0|95|123|108|107|142|58|7|46|127|120|11|26|125|124|64|16|10|47	0.249399	0.333333	0.994822	0.985237	0.997736	0.997039
616	8|31|67|94	8|94	31|67	0|128|32|1|20|107|106|5|2|13|122|75|82|110|72|57|109|96|70|118	0.246094	0.333333	0.986992	0.961389	0.994234	0.993074
617	31|57|86|118	31|86	57|118	116|114|115|83|5|108|107|113|13|129|85|52|55|140|110|11|54|70|64|103	0.267652	0.4	0.975521	0.937765	0.992834	0.98938
618	68|71|109|110	68|71	109|110	136|138|114|45|78|108|107|20|120|127|80|73|11|8|39|3|10|54|67|24	0.264625	0.333333	0.988486	0.967525	0.995236	0.994857
619	26|47|71|110	26|71	47|110	115|95|114|143|12|14|113|78|2|81|88|129|82|11|112|55|65|50|103|96	0.224967	0.4	0.963269	0.91056	0.987325	0.981575
620	15|61|94|96	15|94	61|96	0|53|4|45|107|90|63|113|42|121|33|80|117|82|48|55|16|24|47|67	0.240124	0.333333	0.989517	0.972346	0.994994	0.993782
621	15|27|54|140	15|27	54|140	45|23|128|1|142|63|132|130|119|81|42|46|110|57|11|72|70|50|109|65	0.250899	0.4	0.991311	0.975105	0.996569	0.995296
622	10|61|94|96	10|94	61|96	28|32|128|53|90|63|58|130|122|13|75|7|21|39|3|57|47|118|16|24	0.237356	0.333333	0.97728	0.939948	0.990118	0.987143
623	47|55|110|125	47|55	110|125	32|143|116|123|139|106|20|132|122|13|119|46|82|15|3|57|94|70|109|100	0.227492	0.333333	0.982162	0.953628	0.992893	0.990652
624	8|31|55|94	8|94	31|55	128|136|0|4|107|63|130|5|7|122|42|13|3|57|71|110|47|109|118|70	0.237802	0.333333	0.98843	0.965984	0.994678	0.992538
625	8|15|71|109	8|15	71|109	95|45|53|105|142|106|107|104|42|81|129|75|140|11|57|55|47|70|67|61	0.270714	0.333333	0.995981	0.987296	0.99841	0.99766
626	54|67|71|103	54|67	71|103	23|1|32|136|20|113|106|14|119|75|33|2|117|112|48|110|65|68|47|86	0.258546	0.4	0.981872	0.952874	0.99211	0.988095
627	8|10|15|126	8|10	15|126	45|32|1|4|14|5|113|106|129|13|46|42|72|110|3|112|68|118|109|70	0.272961	0.333333	0.985462	0.961897	0.99365	0.993234
628	47|50|103|110	47|110	50|103	4|123|32|45|78|20|5|49|75|46|121|81|48|39|35|8|96|10|86|67	0.255916	0.5	0.9782	0.944838	0.991429	0.988738
629	31|55|71|126	31|55	71|126	4|123|136|28|113|58|142|132|127|75|44|13|15|21|35|26|70|68|109|96	0.226818	0.333333	0.979171	0.945745	0.990552	0.989735
630	15|48|68|126	15|126	48|68	143|141|4|40|132|106|5|12|13|88|122|73|72|71|11|3|67|10|109|50	0.227488	0.4	0.979661	0.943735	0.991606	0.99153
631	10|35|54|94	10|35	54|94	136|141|128|32|107|106|132|63|75|46|122|7|15|112|3|57|96|31|118|109	0.259766	0.333333	0.977499	0.938163	0.990247	0.988412
632	26|70|100|118	26|70	100|118	4|45|143|141|12|113|14|78|119|42|13|88|55|110|112|82|68|50|47|96	0.229778	0.4	0.99235	0.978088	0.99733	0.995526
633	8|10|54|110	8|10	54|110	28|138|116|45|104|14|113|107|119|7|75|129|72|82|112|57|31|47|50|65	0.29	0.4	0.977265	0.938354	0.990937	0.988774
634	8|65|68|100	8|100	65|68	28|141|45|4|106|5|63|132|122|73|13|52|15|57|110|82|70|10|47|118	0.242685	0.333333	0.992357	0.977185	0.997081	0.994706
635	31|48|54|67	31|54	48|67	115|138|45|32|14|142|132|134|129|44|122|7|140|82|71|72|103|100|68|96	0.230634	0.333333	0.982813	0.951992	0.993845	0.991714
636	31|48|68|70	31|48	68|70	53|83|141|115|107|63|5|14|122|42|80|81|140|110|11|55|94|64|118|47	0.223044	0.333333	0.989718	0.970219	0.996301	0.995673
637	54|57|70|94	54|57	70|94	143|1|136|123|20|108|106|107|46|88|127|2|117|72|11|55|118|67|65|68	0.261511	0.333333	0.979237	0.944338	0.99125	0.990785
638	10|50|71|110	10|50	71|110	28|138|116|115|106|49|58|5|127|120|33|75|82|48|21|125|64|94|16|70	0.258957	0.4	0.96515	0.917275	0.986154	0.981023
639	15|67|118|124	15|67	118|124	0|40|143|95|104|139|113|14|44|42|2|46|82|3|110|57|31|54|109|47	0.263853	0.333333	0.978123	0.950169	0.990685	0.986163
640	8|55|118|126	8|55	118|126	1|123|136|0|14|5|142|132|129|119|46|2|110|112|57|82|50|68|109|96	0.262038	0.4	0.978559	0.942281	0.990785	0.99012
641	65|70|71|109	65|70	71|109	32|114|138|83|22|14|104|77|120|42|121|80|21|117|26|8|68|126|67|47	0.241255	0.333333	0.991902	0.975735	0.997187	0.996595
642	26|54|55|96	26|54	55|96	114|143|45|28|106|134|63|142|46|44|7|85|57|82|110|72|109|103|118|100	0.221449	0.333333	0.98782	0.964989	0.994858	0.992718
643	68|100|109|124	68|124	100|109	143|136|128|4|142|130|12|132|88|81|119|42|55|3|57|72|65|118|47|67	0.223368	0.333333	0.98822	0.96531	0.995264	0.992916
644	47|61|100|118	47|61	100|118	0|1|28|141|108|49|107|90|2|75|80|121|35|8|117|21|68|10|96|16	0.24077	0.333333	0.9816	0.958689	0.992409	0.989673
645	50|67|72|110	50|67	72|110	136|116|4|123|139|22|49|14|2|129|120|75|8|39|15|21|54|16|96|109	0.271739	0.4	0.96808	0.931876	0.98585	0.984171
646	57|61|72|100	57|72	61|100	1|28|4|0|12|22|107|49|52|127|33|46|21|48|11|82|67|54|109|86	0.247657	0.4	0.988927	0.971436	0.995348	0.991386
647	24|61|67|126	24|67	61|126	141|53|4|32|20|142|14|113|46|75|2|42|57|110|72|15|47|54|109|70	0.2657	0.333333	0.978156	0.944678	0.991584	0.991305
648	15|48|54|94	15|48	54|94	123|1|23|45|130|14|12|142|75|2|119|46|112|11|71|82|70|31|96|47	0.248567	0.333333	0.988919	0.968845	0.995862	0.995564
649	55|61|109|118	55|61	109|118	95|4|136|45|104|14|22|90|120|121|42|2|26|124|15|125|64|86|16|68	0.250896	0.4	0.982104	0.953765	0.992033	0.989536
650	24|55|68|110	24|55	68|110	0|40|23|45|139|104|130|113|75|42|85|119|71|15|112|140|70|50|94|100	0.250958	0.4	0.963759	0.90804	0.986259	0.983485
651	8|64|68|70	8|64	68|70	136|28|23|141|142|63|106|108|75|88|73|7|11|55|3|110|118|61|109|47	0.258276	0.333333	0.987703	0.969039	0.995113	0.995005
652	57|118|125|140	57|125	118|140	28|1|40|141|63|113|107|108|88|81|46|42|55|11|15|112|50|54|65|47	0.237104	0.4	0.993327	0.984658	0.997728	0.997663
653	15|50|57|103	15|57	50|103	53|1|141|128|12|22|63|90|2|79|122|46|72|21|26|11|68|10|54|118	0.25217	0.4	0.990624	0.973368	0.996169	0.993712
654	50|55|64|86	50|55	64|86	28|4|136|45|132|113|107|63|75|13|129|7|72|82|3|15|70|109|68|47	0.297143	0.4	0.976441	0.938952	0.991269	0.989512
655	26|50|103|110	26|50	103|110	1|0|128|4|132|106|107|14|80|46|73|2|15|71|72|11|109|47|70|10	0.257593	0.4	0.987217	0.965268	0.994925	0.994794
656	24|55|64|72	24|55	64|72	136|123|23|0|14|63|113|20|44|42|46|2|3|57|82|15|54|31|96|70	0.268333	0.333333	0.972262	0.931009	0.988595	0.987328
657	15|67|109|126	15|67	109|126	123|128|143|0|130|142|5|90|13|120|127|119|26|48|125|71|47|16|70|65	0.237952	0.333333	0.982775	0.953138	0.992879	0.990055
658	10|35|50|103	10|35	50|103	123|32|45|141|20|63|132|113|7|122|75|46|3|15|71|57|47|96|54|109	0.280709	0.4	0.982908	0.9544	0.992493	0.990947
659	15|27|31|67	15|27	31|67	138|114|105|32|5|134|14|104|46|44|122|85|71|110|57|140|126|68|100|64	0.220827	0.333333	0.986419	0.964126	0.994555	0.992297
660	10|27|54|126	10|27	54|126	23|1|128|53|106|113|20|132|122|46|75|44|110|112|71|57|96|61|47|50	0.251297	0.4	0.977679	0.939783	0.990232	0.988505
661	55|96|100|110	55|96	100|110	23|40|28|45|132|5|90|77|121|122|33|46|26|71|117|125|54|61|24|47	0.218557	0.333333	0.988539	0.967356	0.994708	0.992546
662	35|67|103|112	35|67	103|112	53|32|0|1|142|113|63|106|129|46|122|75|57|110|72|3|96|118|109|70	0.245709	0.285714	0.991432	0.97473	0.995845	0.995192
663	10|65|100|124	10|100	65|124	53|123|1|28|14|113|106|63|75|42|122|7|110|72|82|3|96|70|47|118	0.24206	0.333333	0.989098	0.968274	0.995483	0.993992
664	57|94|96|112	57|94	96|112	4|136|141|28|14|106|20|107|52|42|73|7|21|124|39|71|24|70|54|16	0.238421	0.333333	0.990268	0.972635	0.995578	0.994497
665	15|55|68|125	15|125	55|68	128|116|0|138|104|139|5|142|122|119|46|75|57|3|140|112|118|126|61|109	0.215679	0.333333	0.980301	0.949832	0.990934	0.985294
666	26|61|96|103	26|61	96|103	4|128|45|141|63|142|132|14|7|73|81|52|110|82|71|15|67|70|54|47	0.221138	0.333333	0.988019	0.96883	0.995707	0.995181
667	57|61|64|68	57|64	61|68	28|53|128|45|63|132|49|12|46|44|73|79|8|15|125|21|118|16|109|70	0.251144	0.333333	0.982082	0.955001	0.992556	0.990451
668	15|26|70|72	15|26	70|72	105|0|138|83|142|113|104|134|85|80|13|44|140|11|112|110|50|61|68|10	0.24163	0.4	0.987822	0.96725	0.995991	0.995834
669	50|55|103|125	50|125	55|103	141|0|53|4|5|130|142|107|13|2|7|46|82|15|71|110|118|96|47|70	0.236948	0.4	0.988662	0.968308	0.995569	0.995497
670	48|54|110|118	48|54	110|118	95|123|40|115|12|20|78|104|42|129|52|75|82|57|112|15|31|68|61|94	0.251194	0.333333	0.98193	0.950123	0.993436	0.993232
671	26|54|65|110	26|54	65|110	115|28|123|136|14|108|106|113|73|122|88|129|140|15|71|11|10|47|70|67	0.250754	0.333333	0.985687	0.95937	0.994437	0.994374
672	10|54|72|94	10|72	54|94	143|23|53|28|14|142|20|49|2|79|119|75|110|3|8|117|24|109|16|96	0.255194	0.333333	0.963341	0.918735	0.983715	0.973439
673	55|109|112|125	55|112	109|125	32|105|1|0|14|20|63|107|7|46|2|42|71|3|15|57|126|100|118|70	0.238153	0.333333	0.99205	0.975533	0.996576	0.995647
674	26|109|110|126	26|109	110|126	45|123|1|0|107|132|106|12|122|73|129|52|11|57|55|112|70|31|65|67	0.23397	0.333333	0.978566	0.939394	0.99169	0.989343
675	70|71|94|112	70|94	71|112	1|136|123|141|113|58|90|108|79|13|52|2|27|82|15|57|96|86|16|67	0.24962	0.4	0.988598	0.968643	0.995306	0.993845
676	67|68|103|125	67|125	68|103	53|23|40|0|132|130|20|14|42|46|122|44|82|112|110|3|65|50|47|31	0.21812	0.333333	0.981083	0.945845	0.991744	0.991275
677	24|31|54|110	24|31	54|110	105|28|95|83|108|104|130|14|75|52|73|42|15|82|55|3|68|70|126|109	0.261075	0.333333	0.97622	0.937147	0.991541	0.989702
678	16|50|67|72	16|50	67|72	32|138|4|136|5|20|113|104|46|42|85|13|57|82|3|140|103|94|47|96	0.257406	0.4	0.961022	0.918593	0.983575	0.978269
679	31|47|55|94	31|47	55|94	141|53|45|1|142|49|22|5|127|46|129|13|27|8|110|48|68|54|16|109	0.207637	0.25	0.972243	0.9318	0.987796	0.987342
680	57|61|70|140	57|61	70|140	1|136|53|4|22|77|5|90|81|33|44|75|27|55|26|11|10|86|68|16	0.24119	0.4	0.988659	0.971324	0.994921	0.994045
681	24|31|54|55	24|31	54|55	128|123|32|114|130|142|132|134|7|122|129|2|72|82|3|140|47|70|109|126	0.242266	0.333333	0.979458	0.943701	0.992607	0.991672
682	10|31|54|110	10|31	54|110	0|28|32|138|130|106|20|14|120|46|7|121|26|57|71|39|103|68|109|126	0.268464	0.333333	0.969095	0.923077	0.986756	0.98458
683	16|100|109|112	16|112	100|109	0|1|53|28|14|63|132|78|46|2|44|80|55|15|57|11|68|10|47|118	0.25076	0.333333	0.986363	0.960661	0.99528	0.992394
684	8|54|61|103	8|54	61|103	53|32|136|141|14|63|108|130|81|88|122|44|71|72|57|3|10|109|118|68	0.27429	0.333333	0.9844	0.959752	0.993593	0.992395
685	54|67|70|124	54|67	70|124	115|138|136|83|142|113|107|63|122|7|85|46|71|72|3|112|103|65|31|64	0.25043	0.333333	0.979078	0.94517	0.991445	0.989309
686	15|57|68|72	15|68	57|72	143|105|116|53|78|142|77|108|44|80|81|121|26|39|48|82|67|103|86|24	0.242892	0.4	0.991355	0.974302	0.996241	0.992885
687	16|54|61|94	16|54	61|94	128|1|45|0|113|20|142|107|80|2|7|129|57|3|71|82|10|96|109|47	0.262128	0.333333	0.982981	0.953536	0.993624	0.993559
688	54|64|72|109	54|64	72|109	53|141|0|32|20|108|106|63|81|42|88|120|110|117|26|124|47|16|70|31	0.260478	0.333333	0.989248	0.968082	0.99546	0.995332
689	31|55|86|94	31|55	86|94	0|53|1|141|107|142|113|106|2|42|122|46|82|110|72|15|68|109|47|70	0.24967	0.4	0.979835	0.946939	0.992644	0.99053
690	15|50|96|100	15|96	50|100	128|136|53|45|107|12|113|132|13|80|75|46|125|35|71|82|24|70|10|86	0.267836	0.5	0.989365	0.972215	0.995885	0.994303
691	15|27|50|94	15|27	50|94	141|123|136|1|107|78|108|63|52|129|42|88|57|3|55|110|67|70|54|47	0.253391	0.4	0.991215	0.974569	0.996371	0.994002
692	31|54|68|109	31|54	68|109	141|95|45|114|78|130|132|14|81|7|52|85|35|3|15|57|126|94|16|24	0.243636	0.333333	0.981456	0.951395	0.992449	0.991079
693	15|47|109|124	15|47	109|124	40|45|95|23|107|134|108|14|73|7|46|52|57|112|11|3|61|67|68|94	0.248597	0.333333	0.978168	0.944177	0.991825	0.988947
694	50|54|70|86	50|54	70|86	28|1|136|128|113|63|14|139|81|75|7|73|140|11|57|15|94|10|103|96	0.290952	0.4	0.961949	0.914106	0.985403	0.98265
695	10|96|100|124	10|100	96|124	4|128|53|28|5|63|14|142|44|13|42|122|3|57|15|112|65|50|109|70	0.23674	0.4	0.975779	0.935789	0.989847	0.984821
696	15|54|55|68	15|55	54|68	40|136|138|23|22|113|14|107|121|85|7|122|27|57|140|3|100|70|24|126	0.244551	0.333333	0.982069	0.953337	0.991763	0.991161
697	47|68|94|110	47|68	94|110	28|32|143|0|5|20|90|58|73|79|33|120|26|3|21|48|10|86|61|24	0.221717	0.4	0.977018	0.940766	0.99118	0.987755
698	26|54|67|109	26|54	67|109	123|138|83|116|63|132|20|107|122|129|42|7|140|57|110|15|31|70|61|96	0.247622	0.333333	0.983676	0.95792	0.993139	0.991803
699	64|68|72|125	64|68	72|125	32|0|53|143|12|5|14|106|44|119|42|80|3|11|110|15|109|67|50|61	0.22834	0.333333	0.982848	0.958974	0.99321	0.988395
700	64|96|110|125	64|96	110|125	0|28|23|40|20|106|14|132|7|122|13|52|82|11|72|55|54|70|109|10	0.237965	0.333333	0.98061	0.95037	0.992642	0.991995
701	55|70|118|140	55|70	118|140	0|40|45|1|63|107|49|142|46|79|2|13|48|3|125|57|109|68|31|61	0.241892	0.333333	0.974056	0.936997	0.988788	0.983429
702	24|57|65|67	24|65	57|67	123|138|45|95|104|14|134|130|46|7|85|129|140|82|110|72|70|100|68|47	0.253954	0.333333	0.976733	0.941534	0.991893	0.989499
703	10|65|72|96	10|96	65|72	105|136|28|116|20|134|132|113|13|85|127|75|110|140|3|48|16|24|64|47	0.246205	0.333333	0.972501	0.940374	0.988008	0.984914
704	54|68|103|110	54|68	103|110	136|32|128|23|14|113|106|49|80|33|46|42|15|82|27|55|24|70|47|16	0.240628	0.333333	0.987607	0.964101	0.994213	0.993394
705	57|61|103|124	57|103	61|124	0|28|136|45|142|78|107|14|122|81|13|46|72|110|55|82|70|47|10|96	0.251135	0.333333	0.98912	0.976392	0.996644	0.995677
706	47|65|86|103	47|65	86|103	141|1|4|28|20|12|107|142|80|52|129|81|110|11|72|82|118|96|68|67	0.243608	0.4	0.95841	0.903105	0.986115	0.985257
707	10|26|54|65	10|26	54|65	32|28|0|116|142|104|106|130|44|75|85|46|15|82|140|71|109|64|47|100	0.251401	0.333333	0.98054	0.944659	0.991722	0.987069
708	68|72|94|110	68|72	94|110	28|143|40|32|5|22|132|107|75|13|121|73|3|15|26|8|16|10|67|50	0.241601	0.4	0.989752	0.97156	0.995918	0.995651
709	15|55|96|125	15|125	55|96	105|114|23|40|132|113|106|142|85|42|119|122|71|82|110|3|31|47|118|61	0.222034	0.333333	0.985109	0.962772	0.993306	0.990789
710	10|48|71|94	10|48	71|94	1|32|143|28|14|132|106|63|44|75|13|2|110|82|15|112|50|68|70|65	0.260092	0.4	0.973923	0.930941	0.989774	0.986189
711	55|72|125|140	55|140	72|125	0|141|23|123|20|142|107|14|42|129|2|46|57|3|82|15|109|61|47|54	0.219789	0.285714	0.984932	0.96196	0.993029	0.992621
712	10|15|26|72	10|26	15|72	123|141|32|114|113|5|104|139|2|42|75|129|110|82|57|140|61|109|64|94	0.240732	0.333333	0.965902	0.932749	0.986135	0.983354
713	47|61|124|140	47|124	61|140	1|141|45|4|106|12|63|108|46|88|122|52|3|82|11|110|68|54|10|118	0.231761	0.333333	0.977899	0.943536	0.991941	0.989386
714	50|54|71|110	50|54	71|110	105|116|114|1|78|106|20|107|46|52|80|79|3|39|140|21|100|64|24|68	0.272521	0.4	0.987456	0.964931	0.994845	0.994324
715	10|15|110|125	10|15	110|125	95|32|40|123|130|107|113|104|122|46|85|129|3|112|57|71|109|118|50|70	0.269598	0.4	0.975138	0.938787	0.989622	0.985233
716	26|55|61|118	26|61	55|118	28|53|141|32|104|106|63|107|2|129|42|46|15|3|82|110|68|100|47|109	0.243656	0.333333	0.983189	0.95762	0.992483	0.990541
717	8|31|68|72	8|31	68|72	138|115|116|114|108|12|20|142|80|81|52|75|140|11|82|55|54|70|64|109	0.230467	0.333333	0.983688	0.954772	0.99386	0.99282
718	35|50|55|140	35|55	50|140	128|45|28|1|106|20|132|14|46|13|42|7|82|15|3|72|47|70|68|54	0.257782	0.4	0.990476	0.974015	0.995859	0.995641
719	15|96|110|118	15|96	110|118	114|95|116|32|104|134|107|139|119|85|42|13|82|140|48|26|24|31|94|54	0.242671	0.333333	0.979905	0.951604	0.992457	0.99222
720	47|68|109|112	47|109	68|112	4|83|128|116|106|5|107|139|85|79|75|120|140|57|27|15|103|16|67|54	0.226935	0.333333	0.981827	0.949908	0.992841	0.992642
721	10|57|70|94	10|57	70|94	32|40|0|4|107|58|77|49|33|2|129|42|48|112|72|35|50|118|47|109	0.251995	0.4	0.983216	0.955665	0.992493	0.990777
722	35|50|54|109	35|50	54|109	83|123|128|95|139|104|142|132|129|52|80|7|110|140|55|15|100|47|96|70	0.258426	0.4	0.984634	0.961873	0.993908	0.993861
723	24|47|71|140	24|47	71|140	136|4|40|45|113|14|63|108|80|13|52|2|57|112|11|110|109|67|54|65	0.255529	0.333333	0.967589	0.923446	0.98905	0.982331
724	31|35|47|100	31|47	35|100	28|128|45|123|113|14|108|63|2|122|52|73|72|3|11|71|109|10|67|118	0.22783	0.285714	0.964325	0.922293	0.986661	0.982597
725	31|47|86|109	31|86	47|109	128|116|138|0|132|20|106|12|122|75|2|7|15|3|55|110|64|70|94|118	0.26125	0.4	0.969298	0.923096	0.989371	0.989154
726	10|15|35|72	10|35	15|72	114|115|105|0|113|139|107|104|119|75|44|13|82|140|3|110|54|94|47|61	0.262679	0.333333	0.968468	0.938197	0.986198	0.983934
727	54|71|86|112	54|71	86|112	1|141|115|105|107|14|132|113|2|85|42|46|11|15|140|57|64|96|70|94	0.28626	0.4	0.980115	0.943967	0.99271	0.990646
728	31|57|118|126	31|57	118|126	45|123|4|53|22|77|63|12|46|127|33|2|55|117|110|8|54|10|86|24	0.243734	0.4	0.987329	0.969512	0.994369	0.992596
729	26|50|68|103	26|50	68|103	53|28|0|45|14|130|12|5|122|46|81|75|55|82|3|71|70|47|67|109	0.237934	0.4	0.985593	0.961314	0.993756	0.992732
730	24|70|72|140	24|72	70|140	32|28|1|23|78|108|106|113|13|88|52|46|15|112|11|55|47|54|31|68	0.248458	0.333333	0.976768	0.940143	0.991467	0.986941
731	15|68|112|118	15|68	112|118	141|116|45|115|113|106|139|22|46|120|42|44|48|11|27|124|64|16|94|126	0.243199	0.333333	0.986002	0.963729	0.994628	0.993318
732	50|57|71|126	50|126	57|71	141|0|123|1|5|58|20|63|75|80|73|44|110|8|124|82|54|10|24|96	0.278589	0.4	0.989141	0.972166	0.995528	0.991922
733	10|57|61|96	10|57	61|96	116|95|128|136|20|104|106|107|85|46|42|127|27|82|39|35|103|54|64|24	0.256809	0.333333	0.972484	0.92535	0.988315	0.982887
734	68|71|100|125	68|100	71|125	136|0|28|40|14|142|132|113|81|119|80|52|15|55|57|112|65|31|54|10	0.223555	0.333333	0.984734	0.959724	0.994208	0.990113
735	35|55|71|100	35|55	71|100	4|53|32|23|132|113|63|20|13|75|2|129|15|3|57|82|47|65|61|68	0.246324	0.333333	0.990863	0.975873	0.9958	0.992927
736	50|109|110|140	50|140	109|110	136|128|32|28|5|49|77|132|79|120|122|52|71|8|26|124|67|47|118|16	0.2556	0.4	0.98624	0.963621	0.994455	0.99353
737	16|54|57|71	16|54	57|71	116|40|138|0|63|20|142|78|75|2|81|129|110|82|55|140|68|64|47|50	0.268097	0.4	0.983277	0.958545	0.995045	0.992538
738	61|68|86|94	61|68	86|94	45|136|141|28|130|106|12|113|13|122|7|42|11|15|110|72|109|54|118|70	0.266025	0.4	0.971497	0.924192	0.989781	0.988019
739	47|50|72|140	47|72	50|140	0|136|45|28|113|12|14|22|79|75|127|52|117|124|125|8|54|10|96|86	0.24784	0.5	0.985344	0.960738	0.994636	0.993308
740	70|96|110|112	70|96	110|112	115|83|105|114|90|12|77|106|75|7|121|81|15|11|21|82|86|47|67|16	0.235726	0.4	0.991977	0.979282	0.996935	0.996566
741	65|86|96|110	65|110	86|96	138|128|45|115|132|134|106|113|88|122|42|46|72|15|82|3|67|118|126|70	0.266345	0.4	0.971218	0.927231	0.98969	0.985768
742	10|68|118|140	10|68	118|140	45|32|136|23|5|49|142|58|119|44|33|46|26|35|57|112|61|31|65|54	0.238553	0.333333	0.957277	0.90037	0.981623	0.971871
743	47|48|50|55	47|48	50|55	83|45|1|114|14|20|132|130|46|85|2|7|3|15|72|140|126|109|103|64	0.244701	0.4	0.975616	0.937612	0.990215	0.988717
744	15|50|68|140	15|68	50|140	32|128|53|4|106|63|12|113|75|79|73|33|82|35|57|11|70|47|16|54	0.248433	0.4	0.98772	0.968889	0.994802	0.994659
745	10|26|50|64	10|64	26|50	128|53|0|1|20|130|142|106|13|46|122|129|72|82|71|3|118|54|96|68	0.268368	0.4	0.976782	0.941637	0.990795	0.988934
746	10|16|57|96	10|16	57|96	136|4|143|53|142|106|132|104|46|75|85|42|15|110|112|72|118|47|109|64	0.257303	0.333333	0.981015	0.950323	0.993616	0.989674
747	24|55|70|112	24|55	70|112	53|0|95|141|134|63|130|5|122|13|129|2|57|82|15|3|68|103|109|47	0.25657	0.333333	0.978082	0.941608	0.991936	0.987907
748	26|47|71|100	26|71	47|100	32|53|1|0|142|12|5|78|75|73|46|2|15|57|110|55|70|96|50|65	0.219262	0.4	0.979142	0.950415	0.992462	0.988179
749	10|112|118|140	10|112	118|140	32|141|28|136|113|77|142|5|42|79|75|13|27|39|26|124|54|47|109|16	0.237646	0.333333	0.968542	0.921067	0.986459	0.980001
750	31|57|96|103	31|96	57|103	4|141|136|45|12|5|14|108|88|7|52|33|35|8|15|48|47|70|86|67	0.226433	0.4	0.994122	0.98438	0.997349	0.99627
751	10|48|54|65	10|48	54|65	116|0|32|45|63|142|132|113|44|2|7|42|110|72|82|71|64|103|68|100	0.261778	0.333333	0.982875	0.951026	0.993484	0.991
752	15|26|50|67	15|67	26|50	53|1|95|115|63|107|14|5|75|129|85|2|71|72|82|140|109|64|96|94	0.254097	0.4	0.982381	0.953176	0.992423	0.991068
753	27|47|100|109	27|47	100|109	23|40|0|143|20|12|5|108|129|46|52|13|112|55|57|71|70|118|67|50	0.230833	0.4	0.974281	0.941144	0.990693	0.988306
754	15|35|61|103	15|35	61|103	0|1|4|45|14|142|106|12|42|88|81|44|110|72|57|55|10|67|68|54	0.251506	0.333333	0.990369	0.974785	0.995666	0.993087
755	15|35|61|68	15|35	61|68	128|136|0|53|139|104|14|134|81|122|46|73|140|3|82|57|70|47|100|103	0.243102	0.333333	0.984577	0.959184	0.993497	0.99038
756	47|68|118|124	47|68	118|124	28|32|40|45|78|104|63|106|88|46|119|75|140|82|11|112|126|109|50|64	0.233937	0.4	0.974898	0.935718	0.991157	0.988076
757	15|24|109|118	15|24	109|118	136|143|123|114|14|142|108|12|85|75|88|119|11|112|3|57|68|47|100|70	0.272186	0.333333	0.977885	0.939338	0.992038	0.988745
758	57|96|125|126	57|125	96|126	4|23|0|32|142|78|20|107|7|122|73|44|82|110|15|11|50|109|10|65	0.22427	0.4	0.976509	0.947185	0.992563	0.990405
759	24|55|61|118	24|55	61|118	4|83|136|123|107|20|106|142|129|75|42|13|140|82|3|110|126|100|70|47	0.263604	0.333333	0.974122	0.934077	0.990439	0.986219
760	10|70|118|126	10|70	118|126	28|1|0|123|22|20|107|90|13|129|127|75|8|35|3|48|109|86|54|68	0.269967	0.4	0.96474	0.918473	0.984383	0.980263
761	8|57|94|118	8|57	94|118	32|1|40|123|108|106|63|107|129|119|81|13|11|55|112|15|65|70|47|68	0.265204	0.333333	0.989459	0.974328	0.996197	0.995253
762	50|71|86|100	50|71	86|100	28|136|141|53|132|113|14|78|75|52|129|13|82|15|3|110|67|68|10|47	0.294666	0.4	0.981077	0.946565	0.993581	0.990882
763	27|47|68|109	27|109	47|68	128|138|40|32|132|108|20|5|119|85|7|52|11|15|3|55|67|54|31|65	0.228833	0.333333	0.972411	0.926848	0.989138	0.984565
764	8|54|55|68	8|55	54|68	95|141|32|28|107|106|20|113|7|75|85|119|140|82|71|57|64|70|31|61	0.259944	0.333333	0.981776	0.951147	0.992068	0.991768
765	55|64|70|72	55|70	64|72	141|136|23|40|14|22|106|77|44|120|79|119|57|82|26|15|96|50|31|65	0.248534	0.4	0.965382	0.922811	0.984905	0.984652
766	24|47|67|68	24|47	67|68	143|128|0|116|20|14|113|106|7|119|122|13|110|82|140|72|50|109|61|65	0.252504	0.4	0.951154	0.887405	0.981787	0.977586
767	10|64|68|70	10|64	68|70	28|4|23|136|113|5|130|90|122|46|7|33|26|8|117|27|61|86|31|24	0.253813	0.4	0.960458	0.914547	0.983117	0.979722
768	47|55|71|124	47|55	71|124	45|115|32|0|132|106|134|104|2|13|46|119|57|3|110|140|68|96|126|100	0.231449	0.333333	0.979777	0.948582	0.991799	0.98745
769	50|57|67|109	50|67	57|109	123|0|45|136|14|132|22|63|122|44|13|42|15|21|26|27|47|118|126|86	0.289425	0.5	0.989152	0.967612	0.995456	0.992475
770	65|67|100|124	65|100	67|124	4|32|1|45|14|142|107|113|13|7|42|122|71|82|57|3|68|47|54|109	0.23462	0.285714	0.988233	0.966631	0.995064	0.992552
771	31|64|68|71	31|64	68|71	136|45|0|141|108|12|142|14|81|44|46|73|11|26|48|15|70|109|47|67	0.242391	0.333333	0.987921	0.970653	0.99478	0.993841
772	16|70|71|140	16|70	71|140	0|141|143|32|78|20|106|14|52|81|2|80|11|3|55|15|67|96|68|109	0.250373	0.333333	0.975004	0.934169	0.991187	0.986268
773	47|57|118|124	47|57	118|124	4|136|32|95|5|139|108|63|73|85|44|52|55|112|82|11|64|100|10|126	0.240345	0.333333	0.983048	0.962843	0.995509	0.993901
774	55|86|112|140	55|112	86|140	123|53|4|141|130|14|106|63|7|2|46|122|15|110|71|72|70|47|68|54	0.256494	0.4	0.980314	0.947694	0.992548	0.990314
775	68|70|94|125	68|94	70|125	53|45|143|0|113|108|63|142|42|13|88|7|57|71|11|82|54|50|61|109	0.226128	0.4	0.984613	0.954744	0.993208	0.991201
776	31|67|86|96	31|67	86|96	45|116|136|95|132|107|113|63|75|13|122|7|71|57|82|72|100|70|103|54	0.260214	0.4	0.973659	0.929263	0.989837	0.986814
777	27|54|57|70	27|54	57|70	143|141|123|23|134|63|113|12|52|46|2|119|112|72|55|11|10|126|64|118	0.25434	0.333333	0.982956	0.960559	0.994449	0.993149
778	54|64|71|124	54|64	71|124	1|143|40|141|107|132|113|142|73|129|46|81|110|82|57|15|70|67|68|65	0.264228	0.333333	0.988899	0.969954	0.995922	0.993739
779	10|24|96|100	10|96	24|100	143|28|40|141|106|113|14|132|7|13|122|119|72|15|82|3|54|50|61|118	0.262743	0.4	0.963836	0.904624	0.985737	0.983093
780	70|96|110|126	70|96	110|126	45|23|143|40|78|77|5|58|79|42|73|122|72|35|55|71|67|16|65|50	0.226842	0.4	0.982144	0.952624	0.992818	0.9926
781	8|65|67|94	8|94	65|67	53|141|0|28|5|113|132|20|7|2|42|46|3|15|71|82|109|54|70|47	0.25941	0.333333	0.984633	0.958149	0.99332	0.991293
782	48|61|70|96	48|61	70|96	141|136|53|138|104|107|78|113|80|73|75|13|71|72|140|15|103|100|10|126	0.235465	0.333333	0.98004	0.949357	0.993773	0.993267
783	10|47|118|140	10|47	118|140	45|136|141|0|113|106|22|58|127|75|121|33|15|26|112|39|24|61|86|16	0.244068	0.4	0.963803	0.910141	0.985353	0.976469
784	50|55|96|126	50|126	55|96	0|4|32|53|90|142|106|63|42|75|44|121|48|82|71|125|86|109|47|24	0.243124	0.5	0.977174	0.941524	0.989791	0.989097
785	54|71|124|140	54|124	71|140	123|136|45|53|63|20|108|106|80|81|129|46|11|57|82|55|70|109|68|31	0.252734	0.333333	0.989247	0.972333	0.995996	0.995548
786	35|55|57|140	35|55	57|140	4|123|128|28|107|132|130|113|122|2|75|42|112|110|82|15|31|70|61|96	0.244796	0.333333	0.987897	0.968364	0.99591	0.994442
787	31|57|86|118	31|86	57|118	138|45|114|105|5|113|63|134|52|2|129|85|15|55|110|11|100|68|54|96	0.260052	0.4	0.973149	0.934322	0.991071	0.9872
788	31|35|55|110	31|35	55|110	123|28|45|136|5|139|106|107|46|75|2|7|72|140|71|82|70|103|94|54	0.242159	0.333333	0.984959	0.95791	0.99383	0.99133
789	70|103|109|124	70|103	109|124	23|45|28|1|14|20|142|5|122|75|42|7|11|112|57|72|47|10|31|68	0.241696	0.333333	0.991987	0.977853	0.996587	0.996442
790	15|64|68|112	15|68	64|112	4|136|32|45|58|78|108|12|7|13|44|33|110|27|72|55|10|54|67|16	0.238942	0.333333	0.985248	0.964403	0.99357	0.992888
791	50|72|94|96	50|94	72|96	32|53|136|4|20|58|108|113|79|46|73|121|26|21|15|82|67|70|109|47	0.24787	0.4	0.989558	0.971858	0.995394	0.993055
792	24|61|96|126	24|96	61|126	136|45|28|4|132|108|12|5|52|7|42|75|55|11|3|72|47|70|118|10	0.245354	0.333333	0.973718	0.935209	0.990513	0.988894
793	55|57|64|118	55|57	64|118	23|136|28|40|132|106|58|22|120|42|44|33|21|110|39|15|70|68|47|16	0.250507	0.333333	0.989463	0.972577	0.995362	0.995311
794	16|54|57|67	16|54	57|67	136|95|32|115|139|142|14|104|119|7|122|44|82|72|71|15|65|50|103|64	0.264329	0.4	0.969471	0.925347	0.989986	0.987064
795	31|48|118|126	31|48	118|126	53|0|123|28|20|113|132|14|129|42|73|2|110|11|57|55|10|68|67|70	0.239509	0.333333	0.987673	0.966485	0.994934	0.993599
796	15|35|112|118	15|35	112|118	32|53|0|136|139|108|134|63|73|44|13|75|11|3|55|140|100|68|109|10	0.259389	0.333333	0.995147	0.985783	0.997864	0.99722
797	31|35|109|126	31|35	109|126	0|4|45|136|63|14|108|142|46|7|81|13|57|11|110|72|67|54|118|47	0.246324	0.333333	0.990923	0.973248	0.996546	0.995425
798	15|47|70|72	15|47	70|72	115|136|4|143|134|90|108|12|33|88|44|73|124|8|140|112|24|54|50|100	0.239819	0.4	0.981469	0.952963	0.993313	0.992627
799	26|55|61|70	26|61	55|70	4|128|105|136|134|139|113|63|129|7|2|42|140|72|71|57|118|64|47|100	0.228188	0.333333	0.984029	0.958908	0.99305	0.990516
800	54|64|68|124	54|68	64|124	23|136|28|143|142|113|20|107|46|119|44|73|82|55|15|71|70|61|109|10	0.258704	0.333333	0.982317	0.956487	0.993722	0.993001
801	31|68|118|125	31|68	118|125	141|0|45|116|134|132|5|108|88|52|46|73|55|3|110|11|94|54|103|100	0.215365	0.333333	0.985995	0.961484	0.994387	0.992746
802	35|47|57|103	35|47	57|103	0|23|123|136|63|113|107|130|52|46|75|88|11|55|15|71|10|65|50|109	0.252137	0.4	0.969154	0.928414	0.99002	0.984714
803	48|65|109|110	48|109	65|110	123|115|116|128|20|107|134|78|88|129|73|122|57|140|72|15|103|70|67|54	0.245126	0.333333	0.987136	0.963027	0.99476	0.992917
804	55|57|72|94	55|72	57|94	1|53|28|40|90|14|49|20|129|119|33|127|124|39|27|112|68|24|54|47	0.223032	0.333333	0.978592	0.947399	0.990504	0.983158
805	15|31|47|94	15|94	31|47	123|32|0|128|130|12|77|63|44|52|127|122|117|21|48|11|86|54|118|67	0.226398	0.4	0.98226	0.951733	0.993286	0.989844
806	16|47|67|96	16|47	67|96	143|95|83|128|142|106|132|107|85|119|13|44|82|110|140|71|126|109|70|65	0.23267	0.285714	0.960143	0.904739	0.985803	0.983822
807	55|68|94|112	55|68	94|112	53|128|0|136|107|5|132|63|120|79|44|75|110|125|39|124|24|86|118|54	0.225359	0.333333	0.976222	0.935687	0.989324	0.983499
808	61|67|100|109	61|67	100|109	136|123|4|128|132|14|5|22|13|7|75|46|27|110|15|117|96|24|118|68	0.253755	0.333333	0.986562	0.961952	0.993717	0.992386
809	35|57|65|96	35|65	57|96	115|141|116|4|5|78|134|113|42|88|122|7|71|72|140|110|67|126|109|118	0.234095	0.333333	0.981659	0.953979	0.994351	0.992597
810	48|100|110|112	48|112	100|110	4|128|0|28|20|108|78|14|80|7|75|73|82|15|72|3|67|70|47|109	0.240559	0.333333	0.991552	0.975105	0.996572	0.996395
811	10|71|86|126	10|71	86|126	143|23|45|136|14|107|20|63|13|42|75|129|112|82|3|110|31|54|96|68	0.280679	0.4	0.959052	0.899246	0.983904	0.982306
812	54|70|96|100	54|96	70|100	40|23|0|53|108|106|12|78|80|44|127|42|72|57|117|26|118|65|31|61	0.237414	0.333333	0.959292	0.926279	0.984177	0.983669
813	8|67|71|96	8|67	71|96	114|136|143|115|142|107|132|139|119|13|42|85|15|140|110|112|31|94|54|61	0.249001	0.333333	0.978019	0.9408	0.991306	0.987209
814	48|50|94|110	48|110	50|94	28|128|1|32|78|14|106|132|52|7|75|129|15|3|71|72|67|118|70|54	0.264643	0.4	0.981076	0.948111	0.992391	0.992158
815	15|24|47|55	15|47	24|55	115|116|128|136|107|5|134|14|7|2|129|75|57|72|112|71|126|103|70|61	0.246077	0.333333	0.961102	0.90632	0.985723	0.98373
816	15|54|110|140	15|54	110|140	136|40|32|143|106|58|132|22|120|127|2|75|3|48|71|72|10|67|50|70	0.264609	0.4	0.984969	0.957067	0.994115	0.993715
817	15|50|68|124	15|68	50|124	105|83|128|116|134|132|63|5|122|46|7|52|110|82|71|140|109|118|54|10	0.259756	0.4	0.982584	0.954819	0.993913	0.993323
818	35|70|96|126	35|96	70|126	32|143|128|28|5|78|113|142|119|80|44|42|82|15|11|55|10|61|54|109	0.23926	0.333333	0.983661	0.954833	0.994114	0.992228
819	15|67|71|103	15|67	71|103	32|136|123|1|107|77|5|49|46|119|2|121|112|110|125|8|54|61|31|65	0.251298	0.333333	0.968917	0.927856	0.986856	0.979284
820	27|31|96|103	27|31	96|103	128|0|136|45|12|107|142|130|7|88|122|44|57|72|71|3|54|118|47|70	0.212047	0.25	0.991047	0.974964	0.996396	0.996151
821	57|96|118|140	57|96	118|140	40|32|136|45|107|108|20|113|75|127|121|46|55|15|117|110|10|109|31|65	0.258049	0.333333	0.98951	0.969244	0.996352	0.995331
822	57|64|71|109	57|64	71|109	40|1|123|0|49|142|106|12|75|52|129|120|124|15|11|55|68|31|47|96	0.254509	0.333333	0.993713	0.981393	0.997324	0.996703
823	50|118|124|140	50|140	118|124	53|123|141|32|107|113|14|108|44|42|52|129|55|3|57|15|70|68|109|54	0.273626	0.4	0.987363	0.968723	0.994171	0.992781
824	10|27|64|110	10|27	64|110	23|128|123|4|130|20|132|107|122|7|2|46|82|72|57|112|61|96|47|54	0.260213	0.333333	0.980397	0.949109	0.99192	0.99103
825	15|24|31|47	15|31	24|47	128|123|32|53|134|132|63|139|46|52|13|81|72|140|57|110|126|70|64|96	0.241809	0.333333	0.978612	0.942921	0.992626	0.988217
826	47|86|109|110	47|86	109|110	1|32|40|114|108|5|132|20|119|7|122|46|57|72|55|112|64|100|67|31	0.274615	0.4	0.970784	0.930656	0.989948	0.986484
827	8|15|54|70	8|15	54|70	23|128|115|138|104|113|63|134|2|85|81|75|72|55|112|11|94|61|109|103	0.259048	0.333333	0.984598	0.958265	0.994729	0.992458
828	24|61|96|110	24|61	96|110	45|28|116|128|5|132|106|139|46|7|13|85|15|140|57|3|70|103|64|94	0.259695	0.333333	0.97388	0.933027	0.990813	0.988197
829	55|61|64|68	55|61	64|68	28|45|0|4|107|90|63|14|127|120|79|122|82|117|35|71|109|24|16|86	0.249644	0.4	0.962624	0.916843	0.983427	0.983002
830	10|47|71|112	10|47	71|112	53|32|138|0|134|5|58|132|2|75|33|129|140|57|26|35|94|86|100|64	0.241118	0.4	0.968895	0.921385	0.987521	0.980735
831	70|71|110|126	70|71	110|126	1|28|4|0|49|107|5|22|52|80|13|79|57|11|35|3|31|65|67|16	0.254166	0.333333	0.98512	0.958769	0.994312	0.992774
832	68|86|109|126	68|109	86|126	128|45|40|141|78|106|130|14|88|7|73|13|112|15|3|72|10|61|31|50	0.258405	0.5	0.939883	0.876178	0.975833	0.970369
833	70|71|86|96	70|71	86|96	40|32|143|105|107|78|20|12|44|75|13|52|15|140|82|3|64|67|103|100	0.267425	0.4	0.975958	0.935085	0.991841	0.987162
834	16|61|94|118	16|61	94|118	1|45|32|53|14|132|107|108|46|129|73|88|82|3|57|110|96|67|70|109	0.266759	0.333333	0.976916	0.943633	0.991372	0.988375
835	10|24|109|110	10|24	109|110	136|115|116|123|14|139|107|130|129|85|7|75|57|71|112|140|64|94|31|100	0.273492	0.333333	0.96305	0.907022	0.985805	0.979309
836	31|47|70|86	31|70	47|86	1|114|115|4|20|14|139|104|2|80|129|13|82|55|15|140|94|100|103|68	0.239087	0.4	0.96635	0.914667	0.988914	0.98368
837	31|47|71|100	31|47	71|100	1|4|123|45|49|5|106|22|79|44|81|88|26|8|57|110|86|70|16|10	0.228239	0.4	0.982035	0.958746	0.993556	0.990921
838	15|72|109|125	15|72	109|125	138|0|95|143|142|107|12|139|81|88|75|2|55|11|3|140|10|64|68|54	0.229531	0.333333	0.997006	0.991259	0.998934	0.998252
839	35|72|112|140	35|72	112|140	123|32|1|45|132|63|142|12|88|73|75|42|110|11|55|82|47|96|54|10	0.229549	0.285714	0.994882	0.986368	0.998218	0.997296
840	61|72|86|103	61|72	86|103	136|1|123|0|12|107|20|14|42|88|129|80|11|57|110|82|68|67|96|70	0.268805	0.4	0.98101	0.948764	0.993188	0.989861
841	16|47|54|140	16|47	54|140	45|40|128|0|142|78|113|108|7|46|129|75|82|112|15|55|61|118|10|70	0.244566	0.333333	0.961511	0.914776	0.987176	0.980066
842	55|70|96|140	55|96	70|140	0|32|45|141|22|113|142|130|75|42|127|46|112|27|21|72|31|61|24|118	0.231696	0.333333	0.985298	0.963014	0.993428	0.992015
843	8|57|67|71	8|57	67|71	114|1|0|123|134|107|14|106|85|2|42|44|82|110|112|15|68|64|61|94	0.275158	0.333333	0.980711	0.952156	0.992718	0.988038
844	35|47|65|110	35|65	47|110	1|115|83|136|134|113|20|106|129|81|2|52|57|82|55|11|118|70|96|64	0.246413	0.333333	0.981865	0.951656	0.993446	0.989265
845	24|57|67|126	24|67	57|126	23|40|28|123|142|132|14|63|46|2|7|129|112|82|15|71|70|31|68|65	0.259956	0.333333	0.961854	0.909663	0.986853	0.9822
846	8|64|67|118	8|64	67|118	123|53|141|0|113|106|5|63|13|44|119|2|110|15|112|3|70|109|96|54	0.282341	0.333333	0.97987	0.946992	0.991782	0.989013
847	31|54|64|124	31|54	64|124	53|32|141|123|108|142|113|14|122|129|80|46|57|110|11|15|68|70|96|47	0.248135	0.333333	0.99105	0.974763	0.996014	0.99546
848	65|68|110|140	65|68	110|140	128|0|4|32|130|49|77|12|127|79|120|33|21|3|26|8|10|16|70|67	0.220893	0.333333	0.98347	0.95796	0.993367	0.99242
849	27|109|112|140	27|109	112|140	123|136|45|53|20|5|63|107|129|81|80|2|3|110|55|15|47|70|54|68	0.236372	0.333333	0.991406	0.977578	0.99649	0.995609
850	54|70|71|112	54|70	71|112	32|123|105|83|20|12|142|14|52|2|33|46|35|15|117|57|109|24|68|94	0.268268	0.333333	0.988419	0.966083	0.995037	0.993755
851	16|100|109|118	16|109	100|118	40|45|143|1|20|108|14|78|52|42|80|13|15|57|55|3|50|96|70|54	0.258726	0.4	0.98305	0.949857	0.993565	0.990837
852	57|61|72|94	57|72	61|94	45|53|4|141|77|132|106|63|52|2|33|75|124|82|35|26|96|70|68|109	0.241247	0.333333	0.980049	0.945368	0.991447	0.989869
853	10|24|65|118	10|24	65|118	83|4|141|138|113|5|63|20|85|46|2|42|3|110|57|15|100|96|47|68	0.26778	0.333333	0.96932	0.92578	0.986859	0.981144
854	15|24|54|61	15|24	54|61	116|128|83|114|113|104|134|139|88|44|122|129|71|110|11|72|96|68|118|100	0.256746	0.333333	0.972505	0.926519	0.990579	0.98726
855	10|24|65|100	10|65	24|100	141|45|32|28|113|5|132|63|44|75|42|46|82|15|3|72|118|54|47|68	0.265253	0.333333	0.983294	0.951886	0.993745	0.993501
856	68|103|109|125	68|103	109|125	128|136|141|40|63|132|14|5|88|13|46|80|72|110|15|11|70|54|61|47	0.219597	0.333333	0.992621	0.977778	0.997112	0.996153
857	16|31|70|110	16|70	31|110	128|138|0|1|5|14|139|78|52|122|2|85|140|11|82|55|47|96|100|64	0.234529	0.333333	0.980498	0.949009	0.993454	0.992172
858	10|24|118|126	10|24	118|126	136|45|40|1|5|106|113|142|13|44|119|75|110|82|112|57|70|31|96|47	0.267764	0.333333	0.966987	0.917012	0.986905	0.980918
859	67|71|112|124	67|112	71|124	95|45|116|1|134|106|104|20|44|2|129|42|82|15|110|3|96|54|126|47	0.2457	0.333333	0.985218	0.960068	0.993691	0.990239
860	48|55|110|118	48|110	55|118	114|40|4|83|139|134|107|113|46|2|13|85|15|57|82|3|126|109|31|103	0.242504	0.333333	0.979662	0.948928	0.991395	0.988896
861	15|26|50|110	15|110	26|50	95|123|105|114|106|107|134|132|52|13|80|81|3|11|57|140|47|118|70|126	0.256928	0.4	0.990287	0.973134	0.996404	0.996221
862	27|31|118|140	27|31	118|140	1|136|4|28|14|113|5|63|129|80|73|52|57|15|55|11|109|10|47|68	0.22441	0.333333	0.993817	0.981985	0.997374	0.997166
863	24|54|67|100	24|67	54|100	1|53|123|141|132|130|107|14|42|122|46|7|3|112|110|71|31|50|65|109	0.266842	0.4	0.960446	0.90945	0.984367	0.980961
864	15|55|103|118	15|55	103|118	1|0|45|32|106|107|77|132|127|75|121|44|124|26|57|110|54|70|31|50	0.252929	0.4	0.97771	0.953654	0.99058	0.985046
865	70|71|125|140	70|125	71|140	1|23|0|4|12|108|78|20|13|88|119|81|110|3|82|55|31|61|54|47	0.231209	0.333333	0.993324	0.981083	0.997544	0.996794
866	15|27|50|118	15|118	27|50	138|45|95|123|106|139|134|142|88|52|13|44|3|82|55|11|64|67|94|109	0.258788	0.4	0.989939	0.970622	0.996106	0.994013
867	10|15|112|125	10|112	15|125	1|138|115|128|107|142|132|14|46|2|44|129|72|71|140|57|118|126|47|64	0.24308	0.333333	0.988311	0.969256	0.995043	0.992175
868	16|50|109|126	16|109	50|126	4|0|123|53|108|14|142|107|44|122|73|81|71|3|11|57|47|10|118|67	0.276216	0.4	0.971996	0.930552	0.990342	0.989413
869	31|54|55|86	31|54	55|86	32|83|138|141|20|106|104|113|7|129|75|122|140|82|3|71|64|100|103|47	0.250015	0.4	0.974176	0.933183	0.989928	0.984217
870	55|70|71|140	55|70	71|140	53|23|40|0|14|107|113|77|127|75|13|42|82|110|26|125|31|54|47|96	0.23708	0.333333	0.983268	0.958521	0.992434	0.988573
871	26|65|68|72	26|65	68|72	53|0|4|28|12|108|14|63|46|13|85|88|3|55|57|11|103|126|47|70	0.220615	0.285714	0.987013	0.963298	0.994915	0.992235
872	15|27|54|110	15|27	54|110	116|123|95|138|107|108|106|113|88|122|81|7|71|11|82|72|94|64|126|65	0.253355	0.333333	0.983086	0.955818	0.994388	0.992732
873	26|31|71|100	26|71	31|100	1|4|123|28|142|5|12|63|52|81|75|88|82|55|110|15|109|68|96|67	0.212422	0.333333	0.986187	0.961769	0.994971	0.992861
874	31|35|57|96	31|35	57|96	105|83|128|114|78|134|107|106|46|73|75|88|72|140|71|15|118|103|67|10	0.225388	0.333333	0.970262	0.928231	0.990665	0.987827
875	24|47|70|71	24|47	70|71	1|136|105|138|106|108|107|5|80|73|88|119|140|3|55|112|50|54|68|64	0.262047	0.4	0.968872	0.925898	0.988829	0.982444
876	10|50|68|125	10|68	50|125	95|28|128|116|130|5|142|104|85|46|7|44|110|57|3|72|70|54|94|118	0.249853	0.4	0.978948	0.948019	0.991224	0.987494
877	10|54|65|96	10|65	54|96	45|114|0|32|77|107|104|63|79|44|7|122|140|57|8|125|94|86|100|126	0.241056	0.4	0.978401	0.941617	0.99095	0.986711
878	47|64|109|110	47|109	64|110	23|45|28|123|22|106|108|12|13|75|119|120|72|57|55|124|70|96|54|67	0.25875	0.333333	0.975998	0.938533	0.990296	0.989474
879	61|68|71|109	61|68	71|109	4|138|114|83|108|63|14|20|121|44|80|52|117|124|110|35|100|10|67|70	0.262144	0.333333	0.983827	0.957334	0.993275	0.990811
880	26|57|100|109	26|57	100|109	45|1|128|53|132|78|107|142|13|73|80|122|15|55|112|71|118|68|31|67	0.227546	0.333333	0.974176	0.940247	0.991016	0.989808
881	47|48|61|96	47|48	61|96	45|53|128|136|107|14|132|130|13|46|88|75|72|11|140|3|126|100|64|103	0.231938	0.333333	0.98441	0.958203	0.994649	0.9932
882	15|31|47|96	15|31	47|96	141|45|4|53|49|63|134|107|88|79|46|52|72|124|3|117|118|24|54|126	0.227574	0.333333	0.983445	0.954365	0.993604	0.991396
883	48|57|68|112	48|57	68|112	83|136|141|32|139|113|142|12|122|7|52|13|72|15|140|82|103|64|47|118	0.228356	0.333333	0.988037	0.970128	0.995893	0.995016
884	31|47|100|125	31|100	47|125	53|32|136|1|78|113|106|12|13|7|75|52|57|15|3|11|10|109|96|70	0.200867	0.25	0.980315	0.950793	0.992502	0.990712
885	54|61|67|110	54|61	67|110	28|128|0|105|113|58|49|22|121|75|85|120|26|3|72|140|109|68|16|100	0.253628	0.333333	0.983495	0.955294	0.993263	0.990912
886	10|27|65|140	10|27	65|140	1|45|0|28|20|107|14|130|122|13|44|46|72|71|3|110|109|68|54|118	0.250948	0.333333	0.983816	0.956088	0.993436	0.991496
887	15|57|96|124	15|96	57|124	23|115|128|138|139|78|130|108|75|88|13|42|72|11|55|71|65|50|31|100	0.236355	0.4	0.972094	0.947165	0.990757	0.988429
888	65|68|86|118	65|118	68|86	105|136|32|83|63|12|139|78|80|75|46|88|110|3|55|11|126|64|54|103	0.249629	0.4	0.978953	0.940173	0.992851	0.989031
889	48|65|71|109	48|71	65|109	0|105|95|123|132|142|20|5|75|42|80|2|110|11|15|55|94|64|96|70	0.255558	0.333333	0.99038	0.970528	0.996986	0.996749
890	50|57|103|110	50|103	57|110	1|128|136|0|90|108|58|107|46|120|127|81|82|72|55|26|10|118|67|86	0.271501	0.5	0.986918	0.963514	0.995238	0.993659
891	26|50|70|118	26|50	70|118	136|28|141|0|20|14|12|106|52|88|44|2|140|55|11|57|126|47|10|94	0.261657	0.4	0.990507	0.97426	0.996639	0.996113
892	10|35|54|68	10|35	54|68	32|114|23|0|63|132|142|106|85|122|7|46|112|15|3|57|64|109|118|126	0.261309	0.333333	0.97915	0.946231	0.991006	0.989547
893	35|65|67|140	35|65	67|140	141|128|53|4|130|142|20|14|44|46|42|13|3|71|82|110|54|70|118|109	0.249043	0.285714	0.983569	0.953554	0.993588	0.990395
894	10|35|50|94	10|35	50|94	128|141|136|28|107|5|20|130|42|7|75|129|82|57|3|15|54|70|109|68	0.276819	0.4	0.97708	0.9402	0.990011	0.989116
895	31|70|86|110	31|86	70|110	123|28|136|32|108|107|130|113|52|2|46|13|82|15|71|55|10|47|118|96	0.298393	0.4	0.978101	0.944856	0.991942	0.989504
896	24|70|110|118	24|70	110|118	138|83|28|1|134|5|113|20|46|80|73|42|57|55|140|3|64|50|31|61	0.275794	0.4	0.972388	0.927914	0.989974	0.986765
897	16|70|96|118	16|70	96|118	138|28|115|83|63|78|139|14|81|42|52|44|11|82|3|15|67|54|31|10	0.251254	0.333333	0.973923	0.933471	0.990748	0.986819
898	55|65|109|126	55|65	109|126	136|45|32|1|22|49|106|132|79|44|42|33|110|117|39|35|24|86|47|54	0.235768	0.4	0.980658	0.945864	0.991209	0.988541
899	64|72|110|124	64|72	110|124	4|45|123|32|78|108|14|107|73|75|46|2|55|11|112|3|96|65|10|68	0.251302	0.333333	0.985206	0.964623	0.994156	0.993493
900	64|70|86|118	64|86	70|118	143|28|141|23|14|107|78|12|129|80|2|46|11|15|110|57|31|54|67|68	0.283862	0.4	0.978239	0.940939	0.992207	0.987805
901	50|55|100|109	50|100	55|109	32|136|4|141|77|49|107|90|121|42|127|120|72|27|8|3|86|118|70|16	0.251759	0.5	0.981262	0.950389	0.992153	0.991804
902	8|55|109|126	8|55	109|126	143|45|32|1|132|20|130|63|2|7|129|46|15|110|71|57|50|61|68|65	0.262325	0.4	0.980896	0.943475	0.991421	0.988928
903	57|61|70|118	57|61	70|118	115|95|45|123|90|22|49|104|79|73|121|81|124|117|8|26|54|100|24|94	0.249491	0.333333	0.986544	0.963845	0.994615	0.993882
904	31|70|86|100	31|70	86|100	123|28|0|128|113|63|108|142|73|2|88|46|57|110|15|3|54|96|109|118	0.270568	0.4	0.971662	0.927499	0.989474	0.985859
905	55|64|70|96	55|64	70|96	45|4|0|23|14|130|106|20|119|44|75|121|57|8|72|82|16|118|86|65	0.26376	0.4	0.979334	0.95016	0.990623	0.98885
906	24|47|72|109	24|47	72|109	40|105|141|115|5|134|107|106|73|88|80|129|15|3|55|140|67|68|103|126	0.235047	0.333333	0.965067	0.91646	0.987569	0.980369
907	47|68|86|126	47|68	86|126	0|45|23|128|106|12|63|107|75|80|44|81|3|15|57|55|109|31|61|70	0.246359	0.4	0.952165	0.889729	0.981569	0.980164
908	15|55|70|71	15|55	70|71	23|53|95|136|106|77|104|139|46|129|33|120|112|57|48|82|68|47|94|100	0.24302	0.333333	0.976432	0.950759	0.989877	0.98663
909	57|94|96|125	57|125	94|96	45|28|143|53|14|113|63|107|7|80|13|52|110|112|71|55|67|54|61|31	0.219835	0.333333	0.97816	0.952749	0.993158	0.991842
910	50|55|96|118	50|55	96|118	141|45|138|105|63|90|134|107|44|42|79|120|21|26|8|110|103|24|54|86	0.25416	0.5	0.969962	0.927568	0.986833	0.981469
911	15|16|57|126	15|16	57|126	1|4|141|32|63|142|12|130|88|42|46|80|110|72|71|11|118|47|68|70	0.248124	0.333333	0.97892	0.946882	0.992583	0.991362
912	10|16|72|96	10|96	16|72	136|105|143|28|106|104|20|113|85|75|119|46|57|110|140|3|54|31|103|100	0.247615	0.333333	0.955131	0.902136	0.981548	0.981031
913	16|70|72|94	16|72	70|94	4|28|1|143|78|108|63|20|44|80|75|2|11|57|110|55|65|61|50|96	0.248507	0.4	0.962386	0.914497	0.985914	0.981319
914	15|65|67|109	15|65	67|109	105|83|123|115|106|132|90|14|13|46|75|42|125|21|110|8|54|70|96|118	0.260878	0.333333	0.984212	0.958575	0.993159	0.990646
915	50|110|124|126	50|126	110|124	0|45|28|128|20|130|5|12|81|88|122|129|57|11|72|15|109|68|70|10	0.259536	0.4	0.979432	0.947442	0.991378	0.988542
916	67|68|103|118	67|68	103|118	23|40|136|53|63|90|49|132|119|42|120|121|124|110|15|35|109|31|61|47	0.232575	0.333333	0.97631	0.936452	0.989281	0.983432
917	27|65|68|94	27|65	68|94	4|0|128|32|14|113|108|142|81|73|7|88|15|110|3|57|10|47|118|70	0.220872	0.285714	0.989561	0.968655	0.995837	0.994099
918	47|54|65|110	47|54	65|110	105|123|114|1|134|12|130|14|85|2|122|81|15|21|39|72|70|100|64|68	0.239436	0.333333	0.980578	0.946684	0.992876	0.992316
919	26|68|71|110	26|71	68|110	136|143|4|23|113|104|106|12|52|85|13|80|82|11|3|112|94|103|54|70	0.231183	0.333333	0.984209	0.956301	0.993704	0.991258
920	61|72|86|126	61|72	86|126	123|28|136|141|20|12|78|113|88|52|80|129|55|11|15|57|96|70|67|10	0.26061	0.4	0.964542	0.915468	0.986169	0.978444
921	15|26|57|71	15|26	57|71	40|53|83|23|78|14|139|106|75|13|42|46|110|140|11|82|109|103|65|10	0.249138	0.333333	0.989541	0.97545	0.997449	0.997148
922	48|57|64|65	48|57	64|65	136|45|0|28|14|113|5|20|52|46|7|13|15|72|82|110|109|118|67|68	0.264663	0.333333	0.983022	0.96	0.995135	0.994146
923	26|31|47|126	26|31	47|126	141|28|1|45|142|130|107|113|75|73|88|122|11|82|55|71|68|109|70|118	0.206775	0.25	0.969295	0.923606	0.98891	0.983622
924	16|57|72|96	16|72	57|96	40|136|95|143|134|14|106|142|13|81|73|85|15|112|11|110|67|103|65|64	0.23815	0.333333	0.972414	0.93358	0.991774	0.988368
925	54|70|86|140	54|70	86|140	0|128|136|40|14|106|130|20|81|75|80|46|82|110|112|11|67|50|118|68	0.289199	0.5	0.967687	0.91952	0.988839	0.98562
926	55|109|118|125	55|109	118|125	1|28|40|115|107|142|134|5|119|46|42|44|3|140|57|112|94|126|31|61	0.23137	0.333333	0.971294	0.925128	0.98765	0.980505
927	8|47|54|71	8|47	54|71	28|32|143|83|14|20|12|108|85|46|81|73|55|11|15|112|109|65|126|67	0.26047	0.333333	0.972686	0.93401	0.990362	0.987203
928	55|61|70|109	55|61	70|109	105|4|141|83|107|22|134|106|7|42|122|129|8|26|3|48|16|68|86|126	0.250885	0.4	0.982267	0.952007	0.991959	0.990111
929	70|103|112|124	70|103	112|124	123|32|4|0|113|14|106|5|88|46|2|73|82|57|55|3|118|47|96|68	0.240345	0.333333	0.993228	0.980493	0.997174	0.996121
930	10|35|68|94	10|94	35|68	45|32|4|28|14|5|106|142|44|46|13|122|57|112|72|3|61|50|70|47	0.248546	0.4	0.982427	0.952926	0.992361	0.990317
931	10|68|70|112	10|68	70|112	105|128|114|53|113|139|90|134|85|46|42|122|71|27|140|8|47|94|126|64	0.22694	0.333333	0.979513	0.949148	0.990888	0.985827
932	31|68|86|94	31|68	86|94	0|141|53|128|5|12|130|63|44|46|75|80|11|55|3|15|47|70|109|10	0.244981	0.4	0.977821	0.939867	0.991469	0.989202
933	27|61|94|109	27|61	94|109	128|141|28|0|63|108|107|106|80|88|2|129|71|11|3|72|68|70|10|118	0.247066	0.333333	0.983545	0.952516	0.993487	0.992112
934	50|109|110|126	50|126	109|110	123|28|136|0|130|106|58|22|129|52|120|127|125|48|3|11|86|24|54|68	0.2734	0.5	0.979624	0.948352	0.991071	0.987631
935	16|68|72|109	16|72	68|109	141|116|28|0|5|139|78|14|81|52|46|73|140|112|55|11|54|94|61|65	0.238062	0.333333	0.968177	0.916048	0.988791	0.984789
936	35|67|68|118	35|67	68|118	40|105|141|53|20|104|113|132|119|44|85|46|15|140|3|57|47|109|70|100	0.253963	0.333333	0.979001	0.945016	0.99007	0.989116
937	47|54|71|124	47|54	71|124	136|116|141|1|104|63|78|113|119|2|81|129|11|82|3|110|10|64|50|103	0.254268	0.4	0.9818	0.95286	0.993916	0.990523
938	47|54|68|124	47|54	68|124	23|128|114|143|106|107|104|113|46|44|122|80|11|57|3|140|118|103|67|10	0.229651	0.333333	0.956084	0.905797	0.983277	0.977262
939	24|71|94|110	24|71	94|110	45|23|143|4|108|5|20|132|2|73|52|13|15|11|57|112|68|67|54|109	0.265302	0.333333	0.973093	0.933947	0.990097	0.988272
940	67|72|103|124	67|103	72|124	23|1|40|28|20|14|5|63|129|75|119|2|57|112|110|15|47|109|70|68	0.235501	0.285714	0.981651	0.962361	0.991671	0.990024
941	68|86|109|140	68|109	86|140	128|53|143|141|108|106|107|12|44|42|80|81|57|112|55|11|50|54|67|118	0.257266	0.5	0.975192	0.935243	0.990891	0.988335
942	15|55|61|64	15|55	61|64	128|136|4|32|22|77|63|90|7|122|121|129|125|8|72|110|86|109|68|16	0.246797	0.4	0.977361	0.947198	0.989778	0.9891
943	10|71|110|124	10|71	110|124	23|114|40|32|20|134|14|5|129|75|46|13|140|15|57|112|94|70|109|47	0.263166	0.333333	0.979308	0.948031	0.991139	0.987114
944	24|54|72|140	24|72	54|140	136|0|45|28|14|78|142|132|129|73|88|75|57|112|55|110|68|96|67|50	0.254755	0.4	0.977186	0.937484	0.992055	0.989109
945	15|27|65|110	15|27	65|110	138|128|83|4|14|130|12|134|81|80|75|73|57|71|140|55|54|94|109|126	0.231818	0.333333	0.986153	0.962769	0.994933	0.992304
946	16|50|68|94	16|68	50|94	32|128|53|45|106|130|20|107|80|73|52|88|71|72|15|57|109|47|70|10	0.254052	0.4	0.978057	0.942579	0.991457	0.990033
947	15|47|65|86	15|65	47|86	32|136|4|53|14|134|107|63|2|122|129|13|55|72|140|3|94|64|67|68	0.261213	0.4	0.969008	0.922638	0.989423	0.983183
948	10|15|27|31	10|27	15|31	123|141|115|32|113|14|134|107|75|46|7|2|71|110|57|72|54|118|94|70	0.255339	0.333333	0.983579	0.95975	0.993333	0.991175
949	10|72|110|126	10|72	110|126	123|32|4|28|22|20|106|132|119|120|79|42|26|112|27|82|86|65|54|47	0.254755	0.4	0.965979	0.928267	0.985573	0.978564
950	16|67|103|112	16|67	103|112	123|4|28|1|106|107|14|142|129|13|7|75|82|15|110|72|118|96|70|68	0.241206	0.285714	0.977587	0.937737	0.992173	0.987991
951	31|47|48|70	31|47	48|70	115|138|53|116|130|107|134|113|2|73|81|44|55|110|71|11|54|109|67|64	0.235144	0.333333	0.976977	0.944532	0.991713	0.98891
952	27|57|68|94	27|57	68|94	141|0|53|32|130|14|107|106|88|81|122|44|15|112|72|110|70|61|31|10	0.233938	0.333333	0.976829	0.947084	0.991785	0.990247
953	27|54|55|118	27|54	55|118	23|45|53|123|107|113|63|104|119|85|44|46|82|110|140|57|96|47|64|103	0.247515	0.333333	0.985444	0.96158	0.993518	0.989551
954	15|54|96|110	15|54	96|110	83|115|116|136|22|77|113|12|119|120|88|7|140|71|55|57|100|86|118|50	0.259242	0.4	0.988702	0.967335	0.995458	0.994633
955	15|86|110|126	15|110	86|126	45|4|123|32|14|113|132|130|7|73|81|129|72|11|112|71|109|10|54|70	0.288713	0.4	0.965165	0.915267	0.987034	0.980658
956	15|26|64|65	15|26	64|65	4|53|0|32|63|106|113|78|52|75|42|88|3|72|71|57|68|47|96|70	0.237207	0.333333	0.991208	0.975738	0.99641	0.99474
957	26|31|71|140	26|71	31|140	136|0|1|4|20|132|5|106|75|2|80|73|55|82|15|3|68|54|109|67	0.225109	0.333333	0.989772	0.972009	0.996183	0.994469
958	31|64|67|118	31|118	64|67	53|136|123|4|14|113|20|49|33|2|121|79|27|57|8|35|16|54|86|47	0.250241	0.4	0.970936	0.931318	0.98741	0.983166
959	15|48|65|100	15|100	48|65	123|1|141|0|12|78|113|106|80|73|52|122|55|57|71|110|67|47|96|10	0.22965	0.333333	0.995382	0.985853	0.998028	0.996407
960	10|65|110|125	10|65	110|125	123|115|32|4|113|134|104|130|122|42|2|46|15|82|57|71|100|54|103|47	0.24168	0.333333	0.981256	0.950763	0.992192	0.98898
961	65|70|71|96	65|70	71|96	53|141|115|83|49|22|139|58|81|73|33|42|117|15|26|3|24|67|47|54	0.230562	0.333333	0.991542	0.978022	0.996573	0.995744
962	50|67|125|126	50|125	67|126	0|53|136|1|5|20|106|14|42|44|129|2|57|71|15|82|54|118|70|47	0.250066	0.4	0.983765	0.954072	0.993403	0.990299
963	65|72|110|125	65|72	110|125	116|123|0|95|108|14|113|134|80|42|73|52|15|55|3|82|47|94|10|70	0.235169	0.333333	0.993511	0.981252	0.997398	0.996366
964	47|50|67|96	47|50	67|96	114|28|53|45|77|14|134|142|85|7|120|122|35|140|125|71|24|109|118|16	0.239103	0.4	0.969733	0.923425	0.987047	0.985385
965	16|68|94|110	16|68	94|110	32|45|28|0|5|132|130|113|119|88|73|81|3|57|11|71|70|61|109|47	0.249241	0.333333	0.978796	0.941944	0.991551	0.989457
966	15|16|50|118	15|118	16|50	32|115|138|0|5|63|139|12|129|52|13|42|3|11|57|55|67|64|47|109	0.272067	0.4	0.984718	0.957117	0.994626	0.991205
967	55|94|96|125	55|94	96|125	141|0|4|32|130|132|113|142|42|75|122|13|71|112|82|3|47|70|31|109	0.206631	0.25	0.987219	0.962953	0.994317	0.991962
968	67|72|124|126	67|124	72|126	4|32|1|45|113|5|14|63|46|119|42|13|82|112|3|15|109|70|96|47	0.237019	0.285714	0.977425	0.95187	0.990626	0.99039
969	70|71|109|140	70|71	109|140	53|123|136|45|58|90|12|78|73|120|52|33|8|11|124|21|50|47|61|24	0.243343	0.4	0.992001	0.97691	0.997063	0.996665
970	15|70|94|124	15|94	70|124	4|23|136|53|63|142|107|130|46|122|88|7|57|55|71|110|31|96|65|67	0.244215	0.333333	0.983429	0.957194	0.993443	0.993095
971	24|47|54|94	24|47	54|94	1|141|143|32|20|14|106|130|44|119|129|122|112|55|110|57|109|10|67|31	0.255253	0.333333	0.959529	0.910186	0.984841	0.979248
972	10|15|70|110	10|15	70|110	128|4|136|123|104|49|90|106|2|7|129|75|8|21|48|26|47|103|16|54	0.255126	0.333333	0.974455	0.944753	0.988836	0.984979
973	10|31|68|140	10|140	31|68	141|28|136|4|20|90|58|106|120|42|127|46|117|72|82|124|109|16|24|86	0.229436	0.4	0.965286	0.92061	0.984829	0.98389
974	54|72|94|110	54|72	94|110	32|143|23|40|58|107|113|22|46|80|88|75|8|11|117|26|24|61|16|67	0.247792	0.333333	0.987807	0.966042	0.995547	0.995166
975	27|54|64|112	27|54	64|112	0|28|32|1|14|132|113|20|52|88|129|122|57|3|15|110|67|68|47|70	0.254786	0.333333	0.990604	0.973209	0.996169	0.996123
976	15|61|96|140	15|96	61|140	0|136|32|128|22|78|108|14|73|127|120|88|55|26|110|39|109|86|24|67	0.241618	0.4	0.986096	0.964753	0.99407	0.992283
977	15|47|48|112	15|47	48|112	1|83|95|114|63|14|107|108|52|75|85|73|11|82|140|71|103|94|67|70	0.231278	0.333333	0.975463	0.936495	0.992026	0.989225
978	50|71|96|110	50|96	71|110	138|45|115|95|132|20|58|14|80|79|81|120|55|39|82|125|64|100|67|103	0.254033	0.4	0.987812	0.964726	0.995624	0.994946
979	16|57|68|94	16|68	57|94	53|0|141|28|106|113|142|78|122|88|42|44|112|110|15|71|50|61|118|109	0.246344	0.4	0.962914	0.913192	0.987119	0.981234
980	27|61|100|118	27|61	100|118	28|141|45|136|107|20|113|14|80|73|81|13|82|57|3|11|10|54|70|67	0.253855	0.333333	0.986153	0.963532	0.994082	0.994078
981	48|50|55|118	48|50	55|118	114|83|136|45|107|139|106|14|46|85|44|2|3|15|140|110|94|100|109|126	0.256814	0.4	0.983234	0.954835	0.992869	0.991092
982	54|65|103|124	54|103	65|124	141|53|136|0|14|107|108|142|80|129|7|75|110|82|3|71|47|109|67|70	0.248359	0.333333	0.992172	0.979108	0.99709	0.996887
983	26|57|100|109	26|57	100|109	53|128|1|45|5|78|20|63|44|122|88|52|112|71|15|55|31|65|54|96	0.227546	0.333333	0.981324	0.953174	0.993949	0.993737
984	27|55|61|109	27|61	55|109	105|114|1|136|20|14|104|130|129|85|44|42|15|72|3|110|47|118|54|94	0.245926	0.333333	0.988655	0.967848	0.995293	0.995122
985	8|67|94|118	8|67	94|118	141|143|23|0|5|142|63|106|13|119|2|75|110|15|3|112|31|54|61|65	0.258794	0.333333	0.977521	0.938406	0.9904	0.987439
986	10|27|31|109	10|27	31|109	114|0|4|1|139|5|14|130|122|129|75|13|3|15|71|57|68|54|94|47	0.243824	0.333333	0.986058	0.960495	0.994496	0.991508
987	8|57|65|68	8|65	57|68	141|114|95|53|113|107|142|12|44|75|42|80|140|15|72|55|103|70|126|54	0.243177	0.333333	0.984393	0.959643	0.994799	0.992594
988	15|50|110|125	15|110	50|125	115|4|128|0|12|5|139|107|52|81|2|13|57|72|82|55|126|64|118|67	0.252147	0.4	0.990252	0.971105	0.996625	0.996108
989	16|103|110|118	16|110	103|118	0|23|40|1|108|107|132|106|52|88|73|75|57|82|15|3|31|47|70|50	0.263051	0.4	0.97994	0.946814	0.992516	0.988697
990	27|67|110|140	27|67	110|140	32|123|136|1|106|107|14|130|7|129|2|75|3|82|112|15|70|96|68|54	0.241714	0.333333	0.980657	0.949356	0.992143	0.990534
991	47|50|57|96	47|50	57|96	28|53|83|115|130|20|104|63|121|80|13|127|39|15|110|124|109|100|54|64	0.255988	0.4	0.985003	0.956978	0.994456	0.991399
992	15|16|118|140	15|16	118|140	40|1|4|53|78|5|63|142|80|2|88|81|110|112|57|82|70|10|47|96	0.244056	0.333333	0.987866	0.965554	0.99606	0.994079
993	24|47|110|126	24|47	110|126	40|1|23|0|14|5|130|108|75|88|7|119|112|15|11|72|67|61|31|65	0.250225	0.333333	0.914789	0.835924	0.968347	0.956008
994	31|55|72|94	31|55	72|94	45|53|1|0|106|77|63|90|2|13|127|129|124|39|27|3|70|68|96|86	0.213306	0.333333	0.975581	0.941781	0.989868	0.989478
995	26|94|110|112	26|110	94|112	136|123|4|32|130|20|132|78|129|52|7|88|57|72|3|11|68|70|118|96	0.228986	0.333333	0.984553	0.95607	0.993884	0.993367
996	10|54|57|94	10|54	57|94	0|141|40|53|113|90|132|20|127|46|79|33|26|27|21|125|68|47|70|109	0.244135	0.333333	0.977586	0.936921	0.989961	0.984837
997	64|70|109|110	64|70	109|110	1|4|123|136|106|78|12|58|121|52|120|80|27|124|3|55|65|10|24|54	0.258647	0.333333	0.985817	0.964218	0.994292	0.993059
998	24|47|55|64	24|47	55|64	32|40|0|23|142|130|113|106|2|119|7|75|72|71|57|3|50|31|96|68	0.251806	0.4	0.958791	0.904483	0.983738	0.978869
999	55|68|110|124	55|68	110|124	0|32|40|4|134|139|113|20|75|46|119|42|82|71|15|3|64|118|100|50	0.245816	0.4	0.983241	0.95493	0.992897	0.991778
