sample	heldout	roleA	roleB	training	mean_wup	max_wup	row_overlap	unique_overlap	f1	role_min_f1
0	47|48|70|126	47|48	70|126	53|123|1|128|5|141|4|12|108|119|75|7|71|81|3|82|55|96|110|31	0.222892	0.333333	0.962933	0.912762	0.985701	0.983609
1	15|70|96|125	15|96	70|125	83|32|95|105|113|141|134|4|75|139|119|63|82|81|42|3|54|31|103|55	0.223798	0.333333	0.984817	0.957103	0.994457	0.993255
2	15|54|55|103	15|55	54|103	40|123|128|53|77|130|58|143|119|132|22|75|127|129|3|35|31|96|125|48	0.226356	0.333333	0.960082	0.903577	0.982797	0.980074
3	55|103|109|110	55|109	103|110	32|128|40|1|106|45|58|136|119|107|121|49|79|120|33|127|15|54|125|70	0.230349	0.333333	0.979996	0.946373	0.991028	0.990249
4	70|103|109|110	70|103	109|110	123|28|128|1|143|58|77|4|107|7|49|108|35|117|42|129|55|96|125|54	0.236046	0.333333	0.981457	0.950126	0.992547	0.991903
5	31|96|110|126	31|96	110|126	28|32|128|0|58|136|5|106|88|49|22|75|11|82|21|33|125|48|109|55	0.211634	0.333333	0.96319	0.91214	0.985665	0.983265
6	35|55|70|109	35|70	55|109	83|1|105|95|142|106|143|134|7|104|139|63|129|42|3|71|47|54|126|31	0.23213	0.333333	0.986577	0.962767	0.993219	0.991601
7	55|70|71|110	55|70	71|110	0|138|32|1|5|106|4|143|107|139|121|104|129|3|79|33|15|47|96|125	0.24413	0.333333	0.97621	0.943064	0.989128	0.985912
8	15|70|109|126	15|70	109|126	1|32|40|0|141|143|12|58|73|108|22|7|33|79|35|120|31|125|54|96	0.233495	0.333333	0.979172	0.94011	0.99163	0.990353
9	15|31|96|125	15|125	31|96	83|114|95|128|142|130|45|134|107|63|104|88|3|71|82|42|54|110|126|109	0.211817	0.333333	0.985434	0.959965	0.994387	0.994043
10	31|35|110|126	31|35	110|126	1|128|123|0|4|12|113|45|132|75|73|7|129|71|82|42|15|109|70|47	0.236879	0.333333	0.982184	0.953482	0.992282	0.989197
11	31|70|71|110	31|70	71|110	1|28|138|0|134|77|136|5|88|107|73|139|21|79|129|81|54|126|47|103	0.237248	0.333333	0.984636	0.958935	0.993918	0.993884
12	31|35|103|109	31|35	103|109	128|0|28|1|5|130|4|106|7|75|73|63|11|3|42|81|54|96|15|110	0.234858	0.333333	0.990831	0.974576	0.995442	0.995178
13	15|35|47|110	15|35	47|110	83|1|40|32|4|5|106|136|88|104|139|119|81|3|129|71|96|31|109|54	0.246422	0.333333	0.971012	0.925181	0.989336	0.983573
14	31|70|96|110	31|70	96|110	0|83|138|116|106|4|77|45|49|107|22|7|35|117|21|82|47|48|54|55	0.234244	0.333333	0.983874	0.958368	0.993081	0.992795
15	15|35|71|126	15|35	71|126	53|1|0|32|4|5|113|142|63|73|88|75|129|81|82|3|96|110|109|70	0.253231	0.333333	0.980493	0.945672	0.992182	0.988748
16	31|35|47|96	31|35	47|96	28|0|116|105|5|4|142|45|75|139|7|108|11|3|81|82|109|70|110|55	0.226244	0.285714	0.97507	0.936159	0.991008	0.987513
17	54|70|109|110	54|70	109|110	28|95|128|114|134|45|130|12|88|104|119|7|42|127|35|33|103|55|15|96	0.244726	0.333333	0.965355	0.923056	0.985474	0.983645
18	55|71|110|125	55|71	110|125	0|114|28|105|106|113|5|143|139|119|132|107|3|42|82|129|54|70|15|96	0.240743	0.333333	0.980824	0.948789	0.99181	0.9917
19	47|48|70|71	47|70	48|71	1|28|32|83|136|134|12|4|75|108|104|88|82|129|11|3|55|31|109|103	0.235617	0.333333	0.968561	0.920831	0.989128	0.984333
20	31|55|70|125	31|55	70|125	105|128|28|114|113|134|136|45|139|7|104|63|71|42|82|3|96|54|103|47	0.207157	0.333333	0.983696	0.957918	0.992561	0.990667
21	15|55|70|103	15|55	70|103	128|1|32|40|136|5|45|77|75|121|63|119|79|82|127|35|47|109|125|54	0.233318	0.333333	0.97298	0.939309	0.987618	0.982837
22	15|55|70|103	15|55	70|103	0|128|1|32|5|136|58|77|63|107|22|7|117|71|129|21|48|96|110|125	0.229976	0.333333	0.963049	0.917955	0.983472	0.982121
23	15|54|70|71	15|54	70|71	138|32|53|123|143|12|77|141|104|88|139|22|82|117|21|33|48|109|125|103	0.239297	0.333333	0.968441	0.925782	0.986829	0.984375
24	35|70|71|103	35|70	71|103	0|32|123|40|143|106|45|12|119|75|63|108|42|3|11|82|96|110|54|31	0.255908	0.333333	0.989869	0.969776	0.995707	0.995122
25	15|35|54|55	15|35	54|55	1|123|53|116|143|142|113|45|139|119|75|104|3|71|42|82|109|110|96|70	0.257582	0.333333	0.986566	0.966685	0.994157	0.992121
26	55|71|96|103	55|96	71|103	32|40|53|28|58|4|136|143|107|63|49|132|3|42|21|35|125|15|47|109	0.219614	0.333333	0.980195	0.948466	0.991177	0.988389
27	47|48|70|96	47|48	70|96	138|128|28|83|143|113|141|4|139|107|104|63|3|82|71|11|15|103|54|55	0.225323	0.333333	0.966527	0.916754	0.987728	0.983426
28	15|47|48|109	15|47	48|109	114|95|32|83|4|143|106|12|104|119|7|108|81|71|129|11|55|110|70|96	0.234625	0.333333	0.973954	0.934649	0.990906	0.989026
29	15|55|70|103	15|55	70|103	0|1|123|53|130|58|142|4|121|22|119|107|82|127|21|120|125|54|31|96	0.237281	0.333333	0.970565	0.933408	0.987574	0.983236
30	31|47|96|125	31|47	96|125	28|138|116|95|5|141|142|130|107|139|104|7|11|82|3|71|109|15|54|110	0.205132	0.25	0.972178	0.929218	0.989637	0.984607
31	35|55|110|126	35|55	110|126	40|28|32|1|130|4|106|45|119|75|107|132|71|42|129|3|47|70|109|96	0.245025	0.333333	0.979735	0.943179	0.991026	0.989609
32	31|54|55|103	31|55	54|103	0|123|28|53|113|136|58|45|63|49|132|22|35|79|129|3|48|110|47|15	0.227362	0.333333	0.972063	0.932466	0.987293	0.987099
33	15|55|70|71	15|55	70|71	105|138|53|83|141|77|45|113|139|107|63|75|42|127|82|129|47|48|103|125	0.238269	0.333333	0.96879	0.934154	0.986032	0.982952
34	31|54|96|125	31|96	54|125	128|114|95|32|141|136|113|45|73|104|108|107|42|81|82|71|70|15|103|109	0.216409	0.333333	0.985297	0.960224	0.99501	0.994742
35	47|71|109|126	47|71	109|126	1|40|53|0|143|4|45|136|107|75|121|132|117|127|35|81|110|15|31|48	0.242687	0.333333	0.947814	0.877681	0.979452	0.977662
36	54|70|125|126	54|125	70|126	53|1|32|0|106|12|136|141|119|75|108|88|81|82|3|129|15|110|96|55	0.232311	0.333333	0.970304	0.927361	0.988319	0.984436
37	54|70|109|110	54|70	109|110	114|123|40|1|12|58|130|136|75|121|22|49|117|33|11|120|55|31|103|96	0.248384	0.333333	0.967625	0.928552	0.987271	0.985306
38	31|47|96|110	31|47	96|110	32|83|128|0|77|12|45|130|121|107|7|88|21|33|120|81|48|55|125|54	0.214883	0.333333	0.957922	0.895817	0.983099	0.97858
39	31|48|55|103	31|48	55|103	123|128|32|1|4|113|141|130|107|63|7|75|82|42|71|3|70|110|96|109	0.219518	0.25	0.985094	0.959584	0.993337	0.992483
40	55|71|96|109	55|71	96|109	114|116|105|53|4|58|143|136|63|132|119|139|79|35|3|21|110|48|15|126	0.232962	0.333333	0.95916	0.904219	0.982876	0.978026
41	35|70|103|109	35|70	103|109	123|40|0|53|141|12|45|4|88|119|107|63|11|81|129|3|31|96|15|47	0.246209	0.333333	0.989746	0.970868	0.99565	0.995157
42	15|47|110|126	15|47	110|126	32|40|128|123|130|113|106|5|73|88|7|75|129|71|79|33|31|70|96|55	0.232932	0.333333	0.96581	0.917837	0.986149	0.985724
43	15|109|110|125	15|109	110|125	116|83|0|105|12|143|106|45|73|7|139|75|71|3|129|42|54|103|70|47	0.237437	0.333333	0.991941	0.977174	0.996281	0.994692
44	31|35|103|109	31|35	103|109	1|53|128|28|4|142|141|136|108|88|75|107|3|42|11|71|47|70|96|55	0.230594	0.333333	0.990189	0.973366	0.995543	0.995371
45	15|55|70|103	15|55	70|103	32|0|1|123|143|141|77|130|119|7|107|121|127|21|71|3|96|47|31|110	0.242151	0.333333	0.982732	0.960101	0.991707	0.990156
46	31|55|110|126	31|55	110|126	128|28|32|123|106|58|4|136|132|121|107|22|127|120|82|129|96|48|47|70	0.223683	0.333333	0.975	0.934577	0.989349	0.98899
47	47|70|96|109	47|70	96|109	28|128|0|53|134|4|45|12|104|73|75|121|11|79|117|127|125|55|103|31	0.220461	0.333333	0.939384	0.882817	0.976968	0.97193
48	15|47|55|126	15|126	47|55	1|0|128|53|45|58|130|77|22|63|75|49|3|129|33|79|125|110|70|31	0.212276	0.333333	0.954634	0.893154	0.981967	0.976625
49	31|54|55|126	31|55	54|126	53|32|123|128|106|58|113|141|22|121|7|49|129|42|3|71|96|48|110|109	0.22129	0.333333	0.970115	0.927827	0.985807	0.98537
50	31|47|109|110	31|109	47|110	105|1|32|123|45|5|106|130|73|88|132|139|21|117|81|79|48|103|54|70	0.237747	0.333333	0.975238	0.932275	0.990277	0.98486
51	35|54|71|110	35|54	71|110	138|95|0|83|106|136|45|134|75|119|108|73|82|81|3|129|55|96|15|47	0.265221	0.333333	0.987535	0.963791	0.994694	0.994182
52	15|47|48|126	15|126	47|48	123|128|1|40|45|113|4|12|7|75|119|107|3|11|82|81|55|110|70|96	0.228147	0.333333	0.966446	0.916819	0.987231	0.985385
53	35|55|109|110	35|109	55|110	128|123|116|28|136|5|143|4|107|132|119|104|42|3|129|71|15|47|31|54	0.255598	0.333333	0.984007	0.958739	0.992515	0.988269
54	15|35|70|109	15|35	70|109	1|32|53|116|106|136|130|134|88|104|73|107|129|42|81|71|31|55|47|103	0.252839	0.333333	0.98311	0.958511	0.993567	0.990381
55	47|71|96|109	47|71	96|109	40|114|83|138|12|77|58|141|108|132|22|119|35|79|117|127|70|103|48|54	0.224863	0.333333	0.974996	0.933745	0.99012	0.985345
56	15|47|48|126	15|126	47|48	0|1|123|32|130|136|143|12|63|107|119|132|71|82|129|11|70|31|109|96	0.237016	0.333333	0.966446	0.916558	0.988257	0.985418
57	47|71|96|110	47|71	96|110	116|0|32|105|4|106|5|58|73|121|139|119|21|11|35|127|103|54|15|125	0.233179	0.333333	0.970701	0.925532	0.989233	0.986651
58	15|96|125|126	15|125	96|126	32|0|40|128|143|45|4|141|119|75|7|88|81|71|3|42|70|109|110|55	0.213951	0.333333	0.981284	0.946188	0.992506	0.988302
59	15|48|70|126	15|48	70|126	128|53|123|0|141|5|142|4|73|107|119|75|3|82|71|11|54|109|110|31	0.250441	0.333333	0.979548	0.941032	0.992238	0.98937
60	48|54|55|71	48|54	55|71	1|95|138|123|113|136|141|142|139|107|104|132|42|3|82|129|70|103|126|47	0.239648	0.333333	0.980072	0.948647	0.991911	0.988674
61	31|47|70|96	31|47	70|96	105|114|83|128|58|136|141|77|75|73|139|88|33|79|120|3|109|55|48|54	0.205123	0.333333	0.964357	0.914637	0.98655	0.983673
62	55|71|125|126	55|126	71|125	32|123|28|1|113|143|136|45|107|63|132|119|42|129|82|3|110|15|96|54	0.225989	0.333333	0.979176	0.942137	0.990689	0.985248
63	15|48|71|110	15|48	71|110	1|95|105|32|4|143|106|5|104|132|139|73|3|82|81|11|47|96|31|109	0.247692	0.333333	0.989521	0.969426	0.996106	0.995285
64	55|71|109|126	55|71	109|126	53|1|123|32|45|5|143|58|132|75|107|119|3|33|129|21|15|48|96|31	0.237615	0.333333	0.971309	0.921919	0.987351	0.987321
65	15|31|48|71	15|31	48|71	95|32|83|116|106|4|113|45|73|104|107|75|11|129|3|42|55|110|96|109	0.243892	0.333333	0.985409	0.96155	0.994449	0.993133
66	35|70|96|109	35|70	96|109	128|40|116|53|136|130|143|45|63|119|108|73|11|71|42|3|31|55|103|15	0.251869	0.333333	0.963719	0.923316	0.985565	0.982723
67	15|48|71|126	15|48	71|126	53|0|32|1|4|141|143|106|75|132|73|88|11|42|81|3|55|70|110|96	0.23878	0.333333	0.983469	0.953271	0.993656	0.990698
68	35|109|110|126	35|109	110|126	128|28|40|0|45|4|12|130|7|119|132|88|71|129|42|81|47|31|15|55	0.244552	0.333333	0.976647	0.940843	0.990388	0.987529
69	47|96|110|126	47|96	110|126	128|0|40|28|130|136|143|5|119|73|107|108|21|117|127|120|109|54|15|125	0.227971	0.333333	0.956871	0.895963	0.982792	0.982702
70	31|35|47|109	31|35	47|109	32|28|128|83|141|142|45|5|73|132|63|139|81|71|11|3|55|54|103|126	0.228014	0.333333	0.977922	0.93718	0.992093	0.988216
71	47|48|70|110	47|70	48|110	116|40|1|28|106|143|130|136|88|104|75|108|82|81|71|129|15|103|54|126	0.245563	0.333333	0.967864	0.924857	0.989399	0.987161
72	15|31|110|126	15|31	110|126	32|1|123|0|106|5|12|45|108|107|49|73|42|129|71|82|55|125|109|48	0.237308	0.333333	0.969636	0.927024	0.987571	0.984533
73	48|54|109|126	48|54	109|126	0|32|128|123|45|12|136|106|7|108|132|63|129|81|71|3|96|15|70|110	0.251162	0.333333	0.974573	0.93409	0.989709	0.987922
74	15|31|47|70	15|31	47|70	53|0|95|116|142|134|106|77|7|75|73|88|81|79|11|129|109|125|126|110	0.227249	0.333333	0.97156	0.930239	0.98953	0.983983
75	15|71|96|103	15|96	71|103	32|0|53|40|143|45|5|77|63|132|73|75|79|42|3|120|48|31|55|70	0.234196	0.333333	0.987262	0.963128	0.994991	0.993833
76	48|70|96|126	48|96	70|126	0|40|28|128|45|143|4|136|107|73|108|7|42|11|81|82|15|55|31|47	0.223065	0.333333	0.9764	0.942849	0.991323	0.989905
77	31|48|103|109	31|48	103|109	123|1|28|53|106|130|12|141|63|75|7|73|129|81|11|3|47|70|96|55	0.221465	0.333333	0.989283	0.970649	0.995451	0.995402
78	15|31|48|103	15|103	31|48	128|123|32|0|113|12|142|141|107|88|108|75|82|42|71|3|55|70|54|110	0.234317	0.333333	0.988149	0.968202	0.995039	0.993734
79	47|96|109|126	47|96	109|126	53|128|28|0|106|143|77|12|75|119|108|121|117|33|127|21|54|55|15|48	0.2175	0.333333	0.965316	0.911362	0.985622	0.983114
80	31|48|54|55	31|48	54|55	1|105|0|28|142|106|141|130|63|7|139|107|3|129|82|42|70|110|15|96	0.238048	0.333333	0.983383	0.954435	0.993298	0.992359
81	31|96|109|110	31|109	96|110	114|28|138|105|106|58|45|134|75|108|22|139|79|42|71|11|103|48|54|126	0.225026	0.333333	0.985687	0.959887	0.994672	0.992788
82	15|31|48|70	15|31	48|70	114|53|1|0|12|142|141|4|139|104|88|7|82|129|42|81|47|109|126|110	0.226947	0.333333	0.987365	0.966125	0.995597	0.994523
83	31|54|109|126	31|54	109|126	0|1|32|28|12|136|45|130|22|108|132|107|81|35|33|120|55|70|15|47	0.246551	0.333333	0.978967	0.948468	0.991117	0.990604
84	54|70|71|126	54|70	71|126	123|32|0|53|58|77|12|113|119|108|22|49|129|81|117|120|96|55|125|15	0.243718	0.333333	0.961974	0.906512	0.984259	0.982085
85	31|71|96|109	31|71	96|109	114|116|28|105|142|106|134|77|121|88|75|22|33|35|127|21|47|15|70|48	0.224925	0.333333	0.986211	0.963092	0.994312	0.993924
86	47|54|55|71	47|54	55|71	95|138|116|53|142|45|141|143|75|49|104|139|79|120|82|33|70|48|15|109	0.22804	0.333333	0.971201	0.925984	0.988791	0.986927
87	47|54|55|126	47|55	54|126	32|128|0|1|77|45|136|142|7|107|63|132|71|33|120|35|125|70|31|96	0.220711	0.333333	0.961694	0.903578	0.984507	0.980871
88	54|70|71|96	54|70	71|96	28|53|83|32|134|143|141|113|88|108|22|104|120|127|82|3|55|110|109|126	0.2529	0.333333	0.978226	0.949628	0.991449	0.989556
89	96|110|125|126	96|126	110|125	0|40|28|128|106|5|143|113|88|75|107|108|81|71|3|82|31|70|109|15	0.221515	0.333333	0.977356	0.93653	0.991041	0.989772
90	35|47|96|103	35|103	47|96	40|53|28|32|45|106|4|136|88|119|132|108|82|3|11|71|15|31|110|55	0.227258	0.285714	0.957802	0.899865	0.982976	0.972956
91	31|96|103|125	31|103	96|125	128|28|0|32|130|4|45|106|73|132|7|108|42|82|81|11|47|109|15|110	0.203248	0.25	0.986597	0.965992	0.995243	0.994319
92	48|54|96|110	48|54	96|110	105|114|32|83|113|143|130|45|88|107|75|108|81|82|71|42|47|70|55|15	0.24697	0.333333	0.982444	0.954508	0.993323	0.993294
93	48|55|109|110	48|109	55|110	83|128|116|40|136|134|45|143|104|7|75|139|129|42|71|3|70|103|126|47	0.22693	0.333333	0.982815	0.95379	0.992829	0.989902
94	54|71|109|126	54|71	109|126	28|53|1|0|136|141|77|142|132|22|108|75|3|129|35|120|96|125|55|110	0.254416	0.333333	0.964694	0.918436	0.985371	0.982909
95	47|55|70|125	47|55	70|125	123|114|32|138|4|5|136|143|119|107|104|139|71|82|129|3|96|110|31|15	0.215094	0.333333	0.966538	0.917291	0.986724	0.98192
96	15|55|109|110	15|55	109|110	123|138|40|128|130|4|134|58|139|7|121|132|35|129|120|42|70|54|126|31	0.247016	0.333333	0.981088	0.952968	0.991762	0.990088
97	15|48|55|96	15|48	55|96	138|0|116|128|134|141|142|4|139|7|132|107|71|82|3|42|109|54|47|70	0.23125	0.333333	0.985236	0.962334	0.993487	0.991532
98	31|71|103|110	31|71	103|110	123|28|1|32|136|106|77|5|75|121|49|132|120|11|33|21|109|54|70|125	0.235567	0.333333	0.980898	0.94802	0.992269	0.991625
99	15|47|96|126	15|126	47|96	32|53|128|40|45|106|142|130|22|119|7|49|21|120|117|11|70|109|48|110	0.225013	0.333333	0.962647	0.914822	0.984952	0.983923
100	55|71|96|126	55|96	71|126	53|0|40|32|58|143|141|5|63|75|107|121|117|3|127|82|31|70|48|54	0.226406	0.333333	0.970233	0.925905	0.987331	0.985781
101	31|47|71|96	31|47	71|96	105|114|53|0|134|12|5|45|73|22|63|132|79|81|82|3|109|55|126|125	0.215301	0.333333	0.967803	0.917827	0.988642	0.984734
102	15|31|125|126	15|125	31|126	123|0|1|128|4|106|130|141|132|108|63|7|71|42|129|11|47|109|110|55	0.217977	0.333333	0.983693	0.957151	0.99347	0.98958
103	31|71|110|125	31|71	110|125	105|116|28|114|106|12|4|45|88|107|75|73|81|42|11|129|70|109|15|126	0.22355	0.333333	0.98659	0.96125	0.995034	0.992621
104	15|31|35|71	15|31	35|71	114|95|1|32|136|4|141|142|75|73|108|104|82|42|81|129|55|96|47|110	0.23891	0.333333	0.990572	0.97309	0.996648	0.995666
105	47|55|70|71	47|70	55|71	32|138|123|83|143|4|106|134|75|121|104|107|117|120|127|79|48|15|126|96	0.228876	0.333333	0.961046	0.911273	0.983875	0.980031
106	31|55|70|109	31|70	55|109	95|32|116|83|58|106|130|77|104|22|75|107|127|3|35|33|126|54|47|96	0.228713	0.333333	0.981191	0.949008	0.991325	0.989038
107	15|96|103|125	15|125	96|103	0|32|40|128|45|12|4|5|107|63|132|88|11|81|71|3|109|47|55|31	0.211165	0.333333	0.990862	0.974344	0.996395	0.995012
108	15|54|71|125	15|54	71|125	105|0|114|95|136|106|141|12|119|88|104|132|129|81|11|82|110|126|103|47	0.234812	0.333333	0.988606	0.9682	0.996271	0.994946
109	15|48|55|109	15|48	55|109	116|138|83|105|5|45|143|142|107|119|104|7|3|42|71|129|54|103|126|70	0.237051	0.333333	0.984907	0.960507	0.993082	0.992
110	31|48|70|109	31|70	48|109	0|123|105|116|130|5|136|141|108|104|73|139|71|129|42|3|126|96|47|103	0.237249	0.333333	0.987867	0.965614	0.995253	0.993835
111	47|54|71|110	47|54	71|110	1|123|105|114|136|77|106|113|119|73|121|22|129|127|79|35|126|96|48|15	0.245135	0.333333	0.957245	0.901966	0.983978	0.978634
112	48|54|71|96	48|54	71|96	105|0|32|28|106|143|113|141|63|75|107|139|42|3|82|11|70|110|109|15	0.259309	0.333333	0.985928	0.964116	0.994897	0.994588
113	35|54|55|103	35|55	54|103	53|128|32|28|143|136|106|45|107|7|75|63|42|71|3|129|70|15|96|31	0.235789	0.333333	0.984645	0.956328	0.993338	0.992261
114	31|48|96|110	31|48	96|110	128|116|32|105|130|134|136|12|108|75|7|73|81|3|82|71|126|103|55|15	0.22339	0.333333	0.973565	0.928009	0.990345	0.987731
115	48|54|96|103	48|96	54|103	128|0|53|32|12|130|113|141|107|108|75|7|11|71|81|3|70|47|110|55	0.232512	0.333333	0.98476	0.961269	0.994135	0.993227
116	47|71|96|109	47|71	96|109	105|53|0|95|58|142|134|141|132|104|119|139|81|11|21|117|110|125|126|54	0.22915	0.333333	0.977868	0.941255	0.992697	0.989695
117	15|55|110|125	15|55	110|125	1|0|40|105|106|5|4|45|132|139|104|7|3|129|42|82|126|109|54|103	0.228779	0.333333	0.97338	0.936571	0.988456	0.984547
118	47|54|55|103	47|55	54|103	53|1|32|128|141|136|106|58|119|121|22|75|120|21|117|79|125|110|48|70	0.217164	0.333333	0.955397	0.889234	0.981282	0.975105
119	15|35|54|96	15|35	54|96	53|0|138|83|12|134|113|106|63|132|7|104|42|11|81|82|47|55|109|31	0.240956	0.333333	0.991103	0.975788	0.996579	0.99531
120	35|71|96|103	35|96	71|103	53|28|32|40|143|141|45|12|119|75|73|107|11|3|81|82|31|109|110|47	0.233102	0.333333	0.992444	0.978704	0.996979	0.996606
121	15|31|71|110	15|31	71|110	1|123|114|116|45|4|77|134|108|75|22|121|120|42|35|33|96|54|109|126	0.245627	0.333333	0.976531	0.941428	0.991247	0.990226
122	15|55|71|109	15|55	71|109	138|116|53|32|77|134|45|136|104|49|63|132|127|117|21|3|48|110|125|96	0.23929	0.333333	0.962585	0.917507	0.983776	0.977558
123	31|35|70|126	31|35	70|126	128|28|123|53|130|136|12|5|63|75|107|88|3|42|129|82|55|96|109|15	0.233546	0.333333	0.974468	0.937218	0.989094	0.985046
124	35|54|55|96	35|55	54|96	95|0|40|28|106|130|113|45|119|7|75|104|82|42|3|71|47|109|70|103	0.247098	0.333333	0.988901	0.969078	0.994872	0.992838
125	31|35|47|96	31|35	47|96	116|114|95|128|141|4|142|106|73|88|139|7|3|11|71|82|70|54|109|55	0.214542	0.285714	0.976427	0.936963	0.991291	0.98796
126	54|70|71|126	54|70	71|126	28|53|1|0|142|12|106|136|119|75|22|73|129|3|35|120|96|31|125|15	0.251122	0.333333	0.967551	0.918671	0.986333	0.984468
127	15|47|55|103	15|103	47|55	1|32|40|0|4|58|5|136|121|63|132|75|79|3|35|117|125|48|54|70	0.224566	0.333333	0.959004	0.904572	0.983448	0.976827
128	31|48|71|126	31|48	71|126	28|32|53|0|141|106|4|113|132|107|75|63|81|129|82|11|54|47|70|55	0.236136	0.333333	0.984009	0.958321	0.993734	0.992504
129	31|35|47|109	31|35	47|109	53|83|123|1|142|5|136|141|75|63|139|107|129|11|3|71|110|126|103|55	0.232406	0.333333	0.962434	0.908061	0.985643	0.977259
130	15|48|96|126	15|126	48|96	53|0|32|40|142|113|136|106|119|7|107|75|11|81|71|42|31|54|70|109	0.236475	0.333333	0.983726	0.953598	0.993896	0.992734
131	103|109|110|125	103|109	110|125	40|123|0|32|143|136|45|4|88|73|132|107|42|71|3|129|54|70|31|55	0.232821	0.333333	0.986959	0.963972	0.994344	0.992093
132	15|35|54|70	15|35	54|70	32|95|83|116|142|130|12|45|63|7|88|75|71|11|82|81|110|96|103|55	0.257573	0.333333	0.974052	0.941338	0.990694	0.986581
133	15|31|55|110	15|31	55|110	116|95|0|105|4|113|45|5|132|139|49|121|33|79|3|35|125|109|103|47	0.231532	0.333333	0.96794	0.927407	0.985923	0.981041
134	31|47|48|70	31|47	48|70	123|138|0|105|130|12|113|136|75|139|104|107|81|129|71|82|15|55|110|109	0.234632	0.333333	0.953297	0.894558	0.983183	0.978533
135	15|54|55|126	15|55	54|126	128|32|40|53|45|77|142|130|7|132|119|49|120|117|42|127|96|125|110|70	0.23068	0.333333	0.972531	0.929456	0.987713	0.986919
136	48|70|96|103	48|96	70|103	53|0|32|40|141|12|136|130|7|73|119|63|42|81|11|82|54|15|31|47	0.226168	0.333333	0.988897	0.968462	0.996051	0.995832
137	31|109|110|126	31|109	110|126	28|0|32|128|136|77|58|12|107|108|121|7|11|129|127|3|54|125|55|15	0.233921	0.333333	0.973635	0.930598	0.989206	0.984771
138	70|103|110|125	70|103	110|125	128|40|0|28|143|4|106|130|88|75|119|107|71|11|82|81|31|109|47|54	0.233643	0.333333	0.989195	0.970696	0.995663	0.994951
139	15|31|71|126	15|31	71|126	0|32|123|1|58|4|141|45|121|107|49|88|79|3|117|42|54|48|70|125	0.232983	0.333333	0.972811	0.93459	0.988854	0.987408
140	47|55|70|126	47|55	70|126	53|32|1|128|77|136|106|142|75|22|121|7|35|21|117|79|96|109|54|110	0.219657	0.333333	0.955878	0.896359	0.981034	0.977947
141	31|48|70|96	31|48	70|96	105|28|114|95|141|45|12|5|88|63|7|108|81|42|82|11|55|126|103|109	0.215456	0.333333	0.979451	0.944753	0.993269	0.991772
142	47|55|96|110	47|55	96|110	0|83|105|138|134|143|58|136|22|75|119|7|82|3|35|120|54|15|125|109	0.225187	0.333333	0.959949	0.899612	0.98456	0.979829
143	15|47|109|110	15|47	109|110	1|32|114|138|106|58|130|5|104|75|139|22|117|35|129|120|103|55|48|126	0.236184	0.333333	0.957419	0.902484	0.984314	0.981467
144	15|31|70|96	15|31	70|96	83|53|95|138|77|136|58|12|22|108|49|7|42|81|3|35|55|54|125|48	0.218289	0.333333	0.973925	0.938479	0.989536	0.987939
145	31|47|54|103	31|47	54|103	32|0|128|123|136|106|45|113|73|107|132|49|11|82|71|120|125|109|96|55	0.228351	0.333333	0.967517	0.919012	0.986521	0.980761
146	31|47|54|96	31|47	54|96	83|0|128|32|77|141|130|134|108|104|7|107|120|3|82|11|15|55|103|126	0.224615	0.333333	0.951504	0.904135	0.98098	0.979507
147	54|96|103|125	54|125	96|103	128|28|40|53|141|12|136|130|73|107|108|88|81|3|42|11|70|47|110|109	0.211674	0.333333	0.989844	0.971963	0.995631	0.995238
148	47|55|96|126	47|55	96|126	40|0|128|28|106|4|77|58|7|107|49|119|79|127|71|3|125|31|110|15	0.202023	0.25	0.942616	0.869543	0.976523	0.973336
149	31|54|103|110	31|54	103|110	32|28|128|1|58|77|12|136|108|132|22|107|35|129|42|117|15|70|47|96	0.234587	0.333333	0.983461	0.955287	0.992782	0.992343
150	15|31|96|125	15|125	31|96	105|114|32|128|136|113|4|142|63|88|7|108|81|3|11|82|126|70|110|55	0.214004	0.333333	0.987605	0.96515	0.996115	0.99459
151	31|35|96|109	31|35	96|109	28|128|105|114|106|45|4|142|7|108|88|73|71|42|3|81|70|15|47|110	0.232088	0.333333	0.98738	0.967213	0.994867	0.993708
152	15|31|47|103	15|103	31|47	123|128|53|0|12|130|77|113|132|49|88|75|33|71|35|81|109|70|55|54	0.22193	0.333333	0.97348	0.929225	0.989571	0.984313
153	15|48|70|103	15|48	70|103	40|123|32|53|106|45|4|113|119|75|108|107|129|3|81|11|110|109|54|47	0.255947	0.333333	0.990364	0.972238	0.996086	0.995153
154	15|31|55|125	15|125	31|55	53|95|105|0|134|141|106|142|75|63|7|139|3|129|82|71|47|96|54|103	0.21257	0.333333	0.984779	0.96046	0.993057	0.990251
155	15|48|71|126	15|48	71|126	53|123|1|0|106|143|113|4|88|63|108|75|82|42|11|3|110|109|96|31	0.247716	0.333333	0.982908	0.953563	0.99359	0.991271
156	71|109|110|126	71|109	110|126	123|0|40|1|77|143|106|136|75|121|49|22|33|35|11|120|15|70|31|96	0.246834	0.333333	0.97619	0.933126	0.989917	0.986024
157	55|96|110|125	55|96	110|125	114|83|40|128|5|136|113|45|104|107|119|75|71|42|82|3|70|54|109|126	0.219214	0.333333	0.979774	0.945236	0.991377	0.98966
158	35|47|54|71	35|54	47|71	32|83|116|28|142|106|45|12|107|139|73|88|81|129|11|3|70|55|96|110	0.243952	0.333333	0.975899	0.935743	0.990945	0.988781
159	54|70|71|110	54|70	71|110	105|95|28|83|113|77|45|12|88|139|104|22|79|42|11|81|103|47|126|96	0.236872	0.333333	0.985447	0.960843	0.994109	0.992612
160	15|47|70|109	15|47	70|109	116|83|138|114|130|106|134|45|121|49|107|22|33|127|117|3|55|110|31|126	0.240291	0.333333	0.956607	0.907708	0.982261	0.981569
161	35|54|96|126	35|96	54|126	28|32|128|0|113|45|142|12|107|119|75|73|3|71|81|11|31|55|15|110	0.238178	0.333333	0.955393	0.901739	0.98191	0.976662
162	31|70|109|125	31|70	109|125	83|53|116|123|136|142|45|5|63|108|73|7|3|42|71|11|47|54|126|96	0.228307	0.333333	0.993147	0.979778	0.997356	0.996013
163	35|47|70|96	35|47	70|96	0|28|53|128|4|130|136|5|7|73|108|88|82|81|11|3|15|109|54|103	0.241584	0.333333	0.97041	0.923097	0.989204	0.985523
164	15|55|70|71	15|55	70|71	1|0|138|83|113|106|143|136|139|107|49|104|35|33|117|79|31|109|110|125	0.242455	0.333333	0.956454	0.910965	0.980658	0.977343
165	15|35|47|55	15|47	35|55	83|114|123|40|141|106|113|4|119|139|104|107|3|82|71|129|110|54|96|103	0.236491	0.333333	0.969667	0.926431	0.987424	0.985145
166	47|54|71|126	47|54	71|126	40|1|32|123|113|141|12|45|108|119|132|22|79|3|11|127|70|109|110|48	0.246763	0.333333	0.962883	0.908901	0.985153	0.983826
167	31|47|109|126	31|47	109|126	32|128|0|28|141|142|5|45|73|75|63|121|120|127|71|79|96|55|15|125	0.217675	0.333333	0.948726	0.884697	0.979467	0.976877
168	15|35|70|96	15|35	70|96	114|116|0|128|143|141|142|136|88|73|75|107|11|82|3|71|126|47|109|54	0.249001	0.333333	0.990313	0.973595	0.996524	0.995875
169	35|55|96|103	35|103	55|96	32|53|128|28|142|113|4|143|107|63|132|119|3|42|71|82|54|15|47|109	0.227278	0.285714	0.987453	0.963558	0.993966	0.991933
170	31|55|96|125	31|55	96|125	116|128|83|32|141|45|142|113|75|7|132|63|71|42|82|3|126|70|110|103	0.203357	0.25	0.982991	0.952381	0.993154	0.991916
171	48|54|70|126	48|54	70|126	28|128|40|32|143|113|142|12|107|7|73|108|129|82|81|71|47|55|109|110	0.240135	0.333333	0.980769	0.948211	0.99291	0.990774
172	15|48|54|109	15|48	54|109	32|128|116|105|136|106|141|134|75|119|73|63|3|81|129|42|96|70|126|55	0.250062	0.333333	0.98593	0.963682	0.994673	0.992567
173	31|47|54|71	31|54	47|71	116|105|0|32|45|142|141|136|121|132|49|75|11|79|129|35|15|48|103|70	0.243615	0.333333	0.969097	0.920064	0.988196	0.984673
174	48|70|109|110	48|70	109|110	95|0|138|105|143|134|106|45|7|73|119|104|3|71|42|81|96|54|126|55	0.246264	0.333333	0.983871	0.955377	0.993682	0.993341
175	54|55|109|126	54|55	109|126	123|40|53|128|77|58|142|45|7|22|49|63|120|71|79|35|31|96|48|47	0.219225	0.333333	0.977556	0.941113	0.989802	0.98711
176	31|54|109|110	31|54	109|110	32|123|138|95|45|58|136|106|107|139|88|108|79|42|120|21|103|125|55|48	0.238776	0.333333	0.947584	0.889387	0.976903	0.972581
177	54|70|96|126	54|96	70|126	0|28|40|53|130|113|77|143|7|63|119|121|82|79|127|81|31|55|125|15	0.235058	0.333333	0.946218	0.885998	0.978672	0.978547
178	35|54|55|71	35|54	55|71	32|1|123|53|134|143|45|113|139|75|107|63|3|82|129|42|103|31|96|126	0.245729	0.333333	0.976148	0.939258	0.989566	0.985271
179	47|48|70|110	47|70	48|110	28|95|116|40|130|45|4|12|88|73|119|107|129|11|81|3|55|31|54|96	0.241155	0.333333	0.965929	0.920437	0.987279	0.985587
180	15|47|54|103	15|47	54|103	53|128|1|40|130|141|113|12|49|107|132|108|127|120|33|129|125|96|109|55	0.229081	0.333333	0.964717	0.910578	0.986043	0.982863
181	15|54|55|103	15|55	54|103	40|53|32|128|141|143|130|136|119|63|132|75|129|42|120|3|125|31|110|96	0.239013	0.333333	0.96957	0.925098	0.986504	0.983223
182	31|55|109|110	31|109	55|110	105|32|1|0|45|4|136|77|22|75|132|139|21|79|42|3|125|103|70|54	0.236213	0.333333	0.975981	0.933053	0.989934	0.983193
183	15|47|110|125	15|47	110|125	138|0|123|114|134|5|113|136|119|73|88|139|11|129|82|3|96|126|103|70	0.223877	0.333333	0.973956	0.934312	0.990942	0.988769
184	47|48|71|110	47|71	48|110	28|116|123|95|4|5|12|136|132|75|108|73|129|81|3|11|96|109|54|15	0.248534	0.333333	0.970511	0.927307	0.989139	0.987462
185	48|71|109|126	48|71	109|126	123|40|53|32|141|106|136|5|73|119|63|75|129|11|81|3|15|55|110|31	0.24338	0.333333	0.968392	0.916858	0.987547	0.981239
186	31|103|109|110	31|109	103|110	32|28|123|128|77|12|130|106|7|121|132|107|42|35|11|3|125|15|70|48	0.239198	0.333333	0.97685	0.937865	0.990226	0.989349
187	47|54|125|126	47|126	54|125	28|0|123|40|45|141|106|113|108|132|7|119|11|129|82|81|31|96|55|109	0.220736	0.333333	0.967114	0.91793	0.987862	0.981275
188	35|47|70|71	35|70	47|71	32|114|1|95|4|45|134|143|119|75|63|73|3|11|129|81|109|54|103|126	0.241849	0.333333	0.975648	0.936221	0.991638	0.988711
189	54|71|96|125	54|96	71|125	114|40|32|138|106|141|142|136|132|63|88|108|42|81|11|3|70|103|109|31	0.228115	0.333333	0.985274	0.96181	0.994628	0.992356
190	48|96|103|109	48|96	103|109	53|28|40|128|4|130|45|143|132|107|73|63|3|71|11|42|70|110|47|55	0.228658	0.333333	0.985979	0.96389	0.994357	0.994087
191	15|31|48|110	15|31	48|110	83|114|95|138|45|106|136|5|132|139|108|7|3|11|42|81|54|55|103|109	0.2354	0.333333	0.983734	0.954427	0.993726	0.992523
192	31|48|70|96	31|48	70|96	128|32|138|105|130|142|141|5|108|73|139|107|42|81|11|71|15|103|47|110	0.223847	0.333333	0.980218	0.94864	0.992819	0.991799
193	15|96|103|110	15|96	103|110	0|128|32|40|45|77|12|58|75|88|22|7|3|71|120|35|125|70|48|55	0.226096	0.333333	0.979642	0.944938	0.991292	0.989681
194	54|55|71|125	54|55	71|125	0|138|1|105|142|113|45|136|132|119|63|104|82|42|129|3|110|47|126|103	0.233168	0.333333	0.980454	0.949039	0.991757	0.98717
195	54|55|71|103	54|55	71|103	1|40|32|53|136|45|113|106|63|107|119|121|127|79|82|120|96|70|15|125	0.24453	0.333333	0.979308	0.945863	0.990862	0.987457
196	31|35|47|70	31|35	47|70	83|1|128|28|142|113|106|5|7|63|108|88|129|81|11|3|110|55|54|103	0.234142	0.333333	0.971749	0.927854	0.989248	0.9847
197	15|71|110|126	15|71	110|126	123|0|32|40|143|136|106|113|119|49|132|88|120|117|35|79|54|70|109|125	0.25955	0.333333	0.967281	0.916424	0.9864	0.982119
198	55|109|110|125	55|109	110|125	28|105|138|128|136|143|130|134|139|132|75|7|42|3|129|71|126|31|96|54	0.223205	0.333333	0.980227	0.946322	0.990905	0.990173
199	47|70|110|125	47|70	110|125	32|28|138|114|12|106|45|130|108|119|7|107|71|3|81|82|103|96|126|31	0.230258	0.333333	0.969134	0.926555	0.988278	0.98411
200	31|96|103|109	31|96	103|109	128|28|53|32|58|141|130|45|88|108|121|49|3|11|71|35|48|47|55|15	0.221528	0.333333	0.979012	0.950365	0.991575	0.990836
201	31|47|54|71	31|54	47|71	123|83|105|138|77|45|106|134|88|108|49|139|82|35|81|3|15|70|110|126	0.233297	0.333333	0.977349	0.939915	0.991926	0.989743
202	15|48|55|126	15|126	48|55	40|123|53|0|106|141|142|5|63|7|119|107|71|3|42|129|54|31|47|70	0.232449	0.333333	0.98549	0.961278	0.99363	0.993479
203	55|71|96|109	55|71	96|109	116|53|0|114|106|141|4|77|63|75|107|104|3|117|33|35|110|54|70|125	0.238847	0.333333	0.978079	0.944698	0.990641	0.986141
204	15|54|96|110	15|54	96|110	128|114|40|95|143|77|45|58|7|121|108|132|79|120|71|127|126|31|47|70	0.238608	0.333333	0.982221	0.952237	0.992794	0.992768
205	15|35|55|110	15|35	55|110	138|114|40|128|4|130|113|136|132|107|75|139|129|71|42|3|31|126|47|103	0.243555	0.333333	0.978468	0.948128	0.990152	0.984939
206	15|35|54|110	15|35	54|110	1|32|114|105|45|130|134|143|104|108|75|7|129|11|82|71|126|31|70|103	0.257064	0.333333	0.981828	0.950305	0.993536	0.991194
207	15|109|110|125	15|109	110|125	0|95|128|1|136|106|134|5|104|132|75|107|3|42|11|81|70|55|103|54	0.244055	0.333333	0.988942	0.968217	0.995845	0.994158
208	47|48|96|103	47|48	96|103	53|28|128|32|136|142|12|5|75|63|7|88|82|81|11|3|110|54|70|109	0.21141	0.25	0.974413	0.932674	0.990526	0.986445
209	31|71|109|125	31|71	109|125	105|83|114|116|106|134|4|142|108|139|73|104|129|3|42|11|15|126|110|103	0.214507	0.333333	0.978121	0.94144	0.991076	0.989216
210	15|96|109|110	15|96	109|110	95|114|32|0|134|136|77|130|121|49|75|132|35|3|71|79|47|31|103|48	0.24813	0.333333	0.978823	0.944147	0.991583	0.991519
211	70|96|103|110	70|96	103|110	0|32|28|128|113|130|45|106|75|7|121|73|35|117|3|81|31|15|48|47	0.244577	0.333333	0.981543	0.95155	0.99248	0.99118
212	54|109|110|126	54|109	110|126	28|40|123|1|58|77|136|143|49|132|88|7|11|81|21|33|70|125|31|15	0.233249	0.333333	0.967623	0.918122	0.987199	0.987072
213	31|48|70|96	31|48	70|96	32|128|116|28|12|134|136|106|108|88|104|63|81|11|71|3|110|15|54|47	0.228441	0.333333	0.987125	0.965575	0.995289	0.99518
214	15|54|71|110	15|54	71|110	1|83|114|40|12|134|45|58|22|104|73|49|11|120|81|127|55|47|31|48	0.230685	0.285714	0.984196	0.954851	0.993976	0.992477
215	71|96|125|126	71|125	96|126	0|53|28|32|136|12|4|141|73|63|108|88|81|11|82|3|55|109|31|15	0.213024	0.333333	0.978227	0.937927	0.991577	0.987133
216	15|55|103|110	15|55	103|110	0|1|123|32|5|45|130|4|7|22|121|132|35|120|129|33|47|125|70|48	0.238309	0.333333	0.981039	0.953229	0.991266	0.990293
217	15|47|48|71	15|47	48|71	123|0|105|95|136|141|113|106|75|73|107|108|81|11|129|82|54|96|110|31	0.253577	0.333333	0.970778	0.929072	0.990778	0.987316
218	31|48|55|71	31|48	55|71	105|116|32|53|134|106|142|4|139|63|132|75|129|3|82|42|126|15|110|70	0.230591	0.333333	0.986172	0.96266	0.99448	0.992466
219	47|48|70|103	47|48	70|103	40|53|32|123|136|142|45|12|108|73|63|7|11|71|81|3|31|55|110|109	0.225829	0.333333	0.963409	0.913204	0.985646	0.981958
220	35|54|70|110	35|54	70|110	95|32|105|83|106|113|134|45|88|73|108|139|3|81|11|129|96|109|15|55	0.258663	0.333333	0.977062	0.943045	0.990021	0.987536
221	31|48|55|96	31|48	55|96	53|138|0|83|4|130|141|134|132|7|107|63|3|71|42|82|70|15|103|110	0.220202	0.25	0.981161	0.946741	0.992833	0.991125
222	15|47|54|109	15|47	54|109	95|123|128|40|45|134|142|141|132|139|121|108|117|79|11|129|103|55|48|126	0.242752	0.333333	0.946883	0.896142	0.978933	0.97731
223	96|109|110|126	96|109	110|126	28|128|32|0|77|130|136|143|107|108|119|132|117|127|3|11|47|54|48|15	0.249358	0.333333	0.984054	0.952919	0.993194	0.98913
224	15|31|96|110	15|31	96|110	83|95|0|114|4|77|5|136|49|73|121|139|127|71|33|79|48|55|54|126	0.216673	0.333333	0.979755	0.945954	0.992519	0.989683
225	15|31|96|126	15|126	31|96	128|53|0|32|58|142|45|141|88|132|7|73|117|82|33|71|48|70|125|47	0.215041	0.333333	0.981496	0.952608	0.992358	0.991457
226	15|35|55|126	15|126	35|55	32|1|40|128|142|45|143|113|7|63|119|107|42|129|82|3|70|109|96|31	0.236524	0.333333	0.980297	0.9484	0.991359	0.991239
227	15|48|54|70	15|48	54|70	53|40|123|105|134|113|106|142|107|104|7|119|82|71|42|129|47|110|96|126	0.25773	0.333333	0.987032	0.965041	0.994796	0.993691
228	15|54|103|125	15|103	54|125	53|40|32|123|113|12|130|141|63|119|107|88|81|11|129|3|96|109|110|70	0.235249	0.333333	0.986949	0.964276	0.994488	0.994461
229	54|70|71|96	54|70	71|96	32|0|83|28|141|142|45|143|108|22|119|75|11|79|117|33|31|110|47|103	0.253812	0.333333	0.97983	0.952106	0.991943	0.98964
230	31|71|110|126	31|71	110|126	0|123|28|32|45|136|106|5|75|132|107|73|11|21|35|120|70|48|96|125	0.243408	0.333333	0.972928	0.930125	0.988771	0.984277
231	47|48|70|71	47|70	48|71	105|114|95|138|4|113|5|12|73|107|119|63|129|3|11|82|55|109|103|31	0.236296	0.333333	0.968305	0.921094	0.988533	0.983366
232	31|47|55|96	31|47	55|96	128|95|138|116|106|142|4|141|132|49|121|75|21|3|117|79|103|126|125|70	0.200359	0.25	0.958946	0.899116	0.984218	0.9825
233	15|35|47|54	15|35	47|54	53|105|0|123|106|113|134|12|88|7|119|75|71|81|82|3|55|126|103|109	0.249677	0.333333	0.977346	0.93884	0.991274	0.985798
234	48|54|55|70	48|54	55|70	114|0|116|128|141|142|113|45|63|75|104|7|71|3|82|129|96|47|15|103	0.241966	0.333333	0.982339	0.954921	0.992464	0.990425
235	31|48|54|70	31|54	48|70	83|114|1|28|12|141|142|130|139|107|104|7|82|3|11|71|15|126|109|47	0.237461	0.333333	0.987642	0.966913	0.995307	0.994303
236	31|55|70|125	31|55	70|125	114|123|116|28|130|136|45|142|63|75|104|7|3|129|82|71|109|126|54|96	0.219369	0.333333	0.980488	0.949336	0.99155	0.990009
237	31|35|47|54	31|35	47|54	53|128|28|138|136|142|45|12|88|63|139|7|3|11|71|81|96|15|109|126	0.226393	0.333333	0.976003	0.933564	0.991103	0.986459
238	31|48|70|71	31|70	48|71	114|138|53|116|106|142|45|113|139|88|63|73|11|81|82|3|15|109|54|126	0.239668	0.333333	0.985543	0.959149	0.994848	0.993471
239	47|55|109|126	47|55	109|126	32|0|123|53|130|4|136|58|75|121|107|63|120|33|117|21|96|48|31|110	0.224674	0.333333	0.95188	0.882292	0.97975	0.97292
240	35|47|54|96	35|47	54|96	32|128|40|138|113|142|134|143|107|63|88|75|82|71|3|11|15|70|109|103	0.239006	0.333333	0.975566	0.933777	0.990794	0.986707
241	47|48|71|96	47|48	71|96	83|0|105|53|5|136|134|141|73|119|139|75|82|81|11|3|15|103|55|54	0.225127	0.333333	0.969047	0.918919	0.989015	0.982896
242	54|71|110|126	54|71	110|126	1|32|28|123|77|136|113|12|73|88|119|75|120|21|117|42|47|70|31|15	0.249891	0.333333	0.9809	0.946064	0.991964	0.990788
243	15|55|70|126	15|55	70|126	1|123|53|128|5|45|58|106|22|121|63|75|127|117|21|3|47|31|54|110	0.233984	0.333333	0.976538	0.944884	0.989716	0.987172
244	15|48|55|96	15|48	55|96	138|40|0|53|143|106|136|5|107|63|75|119|71|42|3|82|47|126|54|70	0.237019	0.333333	0.984963	0.964033	0.993379	0.99111
245	55|70|71|126	55|70	71|126	123|40|28|0|5|143|142|113|107|49|121|63|3|21|120|35|15|48|109|47	0.244243	0.333333	0.972817	0.931223	0.988023	0.985953
246	35|54|70|103	35|54	70|103	32|128|1|0|45|106|143|113|88|75|107|7|82|3|42|71|109|55|31|96	0.251126	0.333333	0.987141	0.965585	0.994563	0.993526
247	31|54|125|126	31|126	54|125	128|28|32|1|113|45|141|12|75|132|7|88|82|3|129|42|110|47|55|15	0.212277	0.333333	0.976582	0.944168	0.990335	0.988025
248	47|71|96|103	47|96	71|103	28|0|32|40|5|45|113|142|121|73|108|119|35|79|81|21|109|125|54|55	0.226406	0.333333	0.967756	0.914756	0.987097	0.981783
249	15|48|54|103	15|48	54|103	1|0|53|32|12|136|45|142|108|88|107|132|71|42|3|129|110|96|109|47	0.247874	0.333333	0.988665	0.968515	0.995247	0.993763
250	15|31|54|125	15|31	54|125	128|83|53|1|12|136|130|113|132|104|75|139|42|71|3|81|103|96|110|55	0.223078	0.333333	0.978966	0.943528	0.991174	0.988881
251	31|47|103|109	31|47	103|109	28|0|123|1|141|5|12|142|7|107|73|88|117|71|35|21|125|96|54|15	0.219887	0.333333	0.97105	0.92287	0.988671	0.982384
252	47|55|103|109	47|55	103|109	32|123|1|128|143|142|106|45|49|132|119|121|21|120|33|79|70|54|31|48	0.218426	0.333333	0.967896	0.913066	0.986789	0.977561
253	15|54|96|103	15|96	54|103	32|0|40|128|143|141|77|45|121|63|49|75|33|120|82|42|48|109|70|125	0.228246	0.333333	0.978158	0.944851	0.991311	0.988894
254	15|54|71|109	15|54	71|109	40|95|123|32|134|143|45|106|108|121|75|107|35|21|33|127|96|125|55|70	0.262424	0.333333	0.985216	0.962995	0.994087	0.992686
255	55|70|109|125	55|70	109|125	138|32|128|105|134|106|136|141|63|107|7|75|3|129|71|42|103|96|47|110	0.225791	0.333333	0.982736	0.954483	0.991734	0.987539
256	35|47|54|55	35|47	54|55	83|123|0|114|143|45|106|134|107|119|7|75|82|3|71|129|126|96|70|15	0.240073	0.333333	0.976837	0.938166	0.990737	0.989426
257	31|47|54|103	31|47	54|103	128|0|123|1|136|142|141|58|22|49|73|88|21|120|33|117|15|55|110|70	0.213474	0.333333	0.962923	0.908125	0.985268	0.982622
258	31|70|96|125	31|96	70|125	28|53|32|83|134|130|113|12|139|75|7|104|81|42|3|11|55|54|47|109	0.209591	0.333333	0.98831	0.967742	0.995826	0.994942
259	15|54|70|126	15|54	70|126	1|128|53|123|113|12|77|45|121|75|119|22|82|79|117|33|96|48|110|109	0.24717	0.333333	0.969797	0.920236	0.986907	0.982664
260	15|31|54|70	15|31	54|70	53|116|123|138|141|130|45|12|104|139|7|75|117|79|3|82|48|110|55|109	0.251441	0.333333	0.975135	0.944048	0.989885	0.987346
261	15|54|71|96	15|54	71|96	105|116|95|32|136|143|12|142|121|63|107|108|21|35|11|42|103|48|55|125	0.243359	0.333333	0.954295	0.90255	0.981164	0.978761
262	15|31|54|109	15|31	54|109	138|83|123|114|106|45|141|134|73|104|63|132|117|42|127|79|110|125|47|55	0.233139	0.333333	0.979458	0.951481	0.991526	0.988869
263	54|55|96|103	54|103	55|96	32|0|28|40|141|136|130|142|119|63|7|22|42|21|79|120|47|15|110|70	0.22989	0.333333	0.982561	0.953642	0.992575	0.992561
264	70|71|96|125	70|96	71|125	32|53|114|138|113|5|141|134|75|63|73|107|81|42|11|82|109|47|54|126	0.224861	0.333333	0.989384	0.970754	0.996544	0.995328
265	15|35|47|96	15|47	35|96	95|138|53|128|106|142|12|141|108|119|73|63|82|81|71|11|54|103|110|31	0.230749	0.333333	0.970393	0.925121	0.990095	0.986348
266	55|71|109|110	55|71	109|110	32|0|83|95|45|58|4|106|119|107|22|121|33|120|127|129|15|126|31|70	0.254428	0.333333	0.976915	0.941244	0.990105	0.990001
267	31|47|125|126	31|125	47|126	28|32|123|0|142|113|5|136|107|63|88|7|82|71|81|11|109|15|70|110	0.207736	0.25	0.963727	0.915012	0.986633	0.980377
268	31|47|54|70	31|54	47|70	1|123|138|32|134|58|106|113|108|75|22|73|82|127|117|120|96|110|125|15	0.238176	0.333333	0.95971	0.911313	0.983211	0.979817
269	35|54|96|103	35|96	54|103	128|32|28|40|113|106|142|141|132|107|73|88|3|71|81|42|31|109|70|47	0.234184	0.333333	0.990364	0.973669	0.995581	0.994882
270	15|47|55|126	15|126	47|55	0|32|40|1|143|58|4|113|119|49|63|132|120|35|117|71|48|70|31|96	0.224904	0.333333	0.960326	0.905083	0.984269	0.979392
271	35|47|110|126	35|47	110|126	0|40|123|32|4|12|113|136|108|88|7|119|11|129|71|82|54|31|15|109	0.24304	0.333333	0.96201	0.910452	0.985666	0.984882
272	31|35|71|126	31|35	71|126	1|53|0|28|106|5|45|12|132|75|73|88|81|129|11|82|109|55|70|15	0.234401	0.333333	0.978377	0.942176	0.991316	0.988856
273	31|47|54|109	31|54	47|109	114|83|128|105|141|134|142|106|88|139|73|108|3|21|127|117|126|55|110|103	0.219158	0.333333	0.945776	0.897456	0.977805	0.974318
274	47|48|71|110	47|71	48|110	105|83|32|95|5|113|143|12|132|108|119|107|129|11|82|3|126|70|109|55	0.249808	0.333333	0.973858	0.934818	0.990727	0.989474
275	31|48|70|110	31|70	48|110	83|105|114|123|136|130|106|12|88|139|7|108|42|81|129|71|109|103|15|126	0.232327	0.333333	0.975038	0.937222	0.990369	0.990019
276	31|47|103|125	31|103	47|125	32|53|123|1|5|142|4|12|7|73|88|75|71|11|81|3|96|110|70|55	0.192543	0.25	0.973249	0.929692	0.9898	0.986371
277	48|70|103|109	48|70	103|109	128|0|123|28|130|142|143|136|73|107|108|75|11|3|42|71|55|47|54|110	0.248913	0.333333	0.990705	0.974511	0.996114	0.995766
278	31|35|70|126	31|35	70|126	0|32|123|53|141|4|130|113|88|75|63|107|71|42|81|129|55|54|96|110	0.23972	0.333333	0.974121	0.938063	0.989882	0.986732
279	15|48|55|103	15|103	48|55	40|0|123|32|106|45|143|4|63|132|107|75|42|3|71|129|54|96|31|47	0.232348	0.333333	0.985885	0.963685	0.993851	0.991147
280	35|47|54|126	35|47	54|126	123|28|40|0|12|45|136|143|63|7|75|119|129|71|82|3|110|15|55|31	0.239706	0.333333	0.944422	0.876475	0.978207	0.977611
281	31|96|109|126	31|96	109|126	53|32|0|128|58|130|77|4|107|132|75|73|71|81|120|117|54|125|15|47	0.22217	0.333333	0.983325	0.955637	0.992937	0.992191
282	15|31|47|70	15|31	47|70	128|83|105|53|77|5|130|113|49|7|73|104|33|35|129|21|96|125|126|109	0.217541	0.333333	0.964554	0.914241	0.986397	0.981292
283	31|48|103|109	31|48	103|109	53|0|28|32|142|136|5|45|107|7|108|73|81|71|11|3|110|70|47|55	0.232687	0.333333	0.986491	0.964127	0.994684	0.994625
284	31|96|109|110	31|109	96|110	95|128|116|105|106|4|77|12|132|107|75|7|117|35|42|3|70|54|126|48	0.236213	0.333333	0.98604	0.960169	0.994624	0.991972
285	31|70|71|125	31|70	71|125	1|53|83|116|136|106|113|142|75|107|108|104|11|81|3|82|110|126|96|55	0.232228	0.333333	0.985601	0.962633	0.995103	0.992929
286	54|71|96|103	54|96	71|103	53|28|40|0|142|58|106|45|49|88|22|119|127|42|81|120|110|55|31|48	0.227927	0.333333	0.960554	0.914881	0.98366	0.974692
287	15|35|54|96	15|35	54|96	83|114|95|53|141|130|113|142|107|63|132|108|71|3|82|81|55|110|103|126	0.254169	0.333333	0.969961	0.932151	0.987665	0.979613
288	35|54|55|103	35|55	54|103	53|0|28|1|136|106|142|141|7|63|132|107|129|3|42|82|70|31|96|110	0.240761	0.333333	0.985826	0.959388	0.993696	0.991863
289	31|109|110|125	31|109	110|125	116|138|105|0|130|134|5|45|75|104|108|88|11|81|129|3|55|70|47|54	0.229246	0.333333	0.990595	0.972754	0.996048	0.995325
290	15|47|55|110	15|47	55|110	0|123|114|105|134|143|58|113|107|7|132|104|129|79|3|120|96|48|126|125	0.228021	0.333333	0.953614	0.895168	0.981608	0.981571
291	35|55|110|126	35|55	110|126	40|0|28|123|5|113|143|136|119|132|107|75|42|3|82|129|109|31|47|54	0.24565	0.333333	0.976733	0.935584	0.989829	0.989657
292	71|103|110|125	71|103	110|125	123|1|32|0|45|12|4|106|88|73|75|107|3|129|42|11|55|47|96|70	0.225036	0.333333	0.990865	0.974241	0.995789	0.994749
293	55|71|110|125	55|71	110|125	40|32|0|28|45|113|4|134|75|139|119|132|129|82|3|42|70|15|31|103	0.239675	0.333333	0.980429	0.948175	0.991788	0.991591
294	55|71|110|125	55|71	110|125	138|0|83|32|143|45|4|136|104|119|75|107|3|82|42|129|47|126|31|70	0.230577	0.333333	0.980923	0.952469	0.991969	0.988776
295	15|55|96|103	15|103	55|96	53|0|128|32|106|136|77|143|119|121|107|22|35|82|117|127|31|109|54|110	0.228624	0.333333	0.971016	0.935894	0.987267	0.983831
296	47|70|125|126	47|126	70|125	53|40|32|0|106|142|141|143|107|119|88|63|71|81|11|129|15|96|55|109	0.2153	0.333333	0.956709	0.899792	0.983539	0.97651
297	15|35|96|103	15|103	35|96	40|32|53|128|45|142|5|12|75|108|73|119|42|82|3|71|109|70|54|31	0.23558	0.333333	0.992896	0.978774	0.996831	0.996722
298	35|55|70|110	35|70	55|110	105|0|40|83|130|45|134|106|107|104|119|139|3|42|71|82|15|47|54|126	0.254023	0.333333	0.983864	0.959934	0.992282	0.989348
299	47|54|70|103	47|54	70|103	40|32|53|28|113|77|12|136|49|88|73|63|21|81|120|82|15|96|48|125	0.223788	0.333333	0.95023	0.890196	0.980229	0.974444
300	31|35|96|110	31|35	96|110	95|105|114|138|12|4|130|136|107|108|132|88|3|71|81|42|47|15|126|109	0.23178	0.333333	0.987187	0.963959	0.994931	0.993062
301	15|70|125|126	15|125	70|126	53|32|123|40|130|45|113|5|107|88|119|108|82|3|81|11|55|109|47|96	0.236521	0.333333	0.98436	0.955335	0.993813	0.99052
302	47|55|70|109	47|70	55|109	0|40|114|128|106|143|4|141|104|139|107|121|35|120|71|117|110|96|31|15	0.237998	0.333333	0.964356	0.916925	0.985013	0.981303
303	15|96|103|109	15|96	103|109	32|53|40|128|5|106|77|130|22|63|75|49|117|81|33|35|110|55|54|48	0.228913	0.333333	0.986294	0.962641	0.994211	0.993941
304	54|70|103|125	54|103	70|125	0|123|32|128|143|113|136|130|75|119|88|63|71|82|129|3|31|96|47|110	0.236204	0.333333	0.987512	0.966667	0.995198	0.995042
305	15|31|54|110	15|31	54|110	32|1|83|123|130|113|58|136|7|73|132|121|120|79|11|35|47|109|55|125	0.252722	0.333333	0.983366	0.95442	0.993048	0.991736
306	47|70|96|110	47|70	96|110	138|128|116|95|77|136|4|130|119|75|121|73|33|71|11|21|54|103|126|109	0.233756	0.333333	0.969835	0.923916	0.989287	0.986654
307	15|70|109|110	15|70	109|110	138|105|123|114|4|12|45|130|107|119|104|7|33|120|129|81|47|126|55|31	0.251789	0.333333	0.98745	0.965956	0.995134	0.993954
308	31|48|55|96	31|48	55|96	32|138|105|53|106|4|130|45|7|139|107|104|42|3|82|71|109|54|47|110	0.217424	0.25	0.984301	0.955617	0.993135	0.990965
309	35|71|96|109	35|71	96|109	105|83|138|95|5|134|136|142|132|88|107|104|3|42|11|81|55|103|31|126	0.229413	0.333333	0.975247	0.939798	0.9905	0.985085
310	31|54|71|109	31|54	71|109	28|83|0|53|142|106|12|58|108|88|104|75|3|33|35|21|126|103|15|47	0.242019	0.333333	0.985796	0.96361	0.994358	0.992889
311	35|47|55|103	35|103	47|55	123|40|32|1|141|143|106|5|119|75|107|132|129|71|3|82|54|110|70|109	0.231226	0.285714	0.97392	0.928117	0.989342	0.983119
312	31|96|110|125	31|96	110|125	0|95|32|114|134|113|4|130|73|7|104|132|81|3|82|71|103|70|109|15	0.219367	0.333333	0.982469	0.950341	0.993402	0.991822
313	15|70|109|125	15|70	109|125	116|32|83|128|12|130|141|45|104|139|88|73|129|42|81|11|47|126|31|55	0.220454	0.333333	0.987052	0.964487	0.995983	0.995394
314	48|70|71|109	48|70	71|109	116|28|123|40|136|141|143|142|107|119|88|104|3|42|129|11|15|110|103|55	0.258237	0.333333	0.962755	0.914593	0.984078	0.982632
315	70|96|109|126	70|96	109|126	28|40|0|32|136|142|77|4|107|49|88|108|120|71|33|21|110|55|54|15	0.239875	0.333333	0.973979	0.930525	0.988894	0.987611
316	31|48|71|103	31|48	71|103	123|53|32|1|136|4|12|106|107|88|75|108|42|3|81|11|109|54|110|70	0.231423	0.333333	0.988246	0.968134	0.99542	0.994612
317	31|35|71|109	31|71	35|109	114|95|53|83|106|142|141|45|104|108|63|132|11|81|129|42|54|15|110|55	0.24646	0.333333	0.985176	0.957177	0.994652	0.994459
318	96|110|125|126	96|126	110|125	128|40|0|32|4|12|113|45|73|132|75|88|71|81|42|11|54|55|15|47	0.210264	0.333333	0.98031	0.947894	0.991654	0.990817
319	47|54|103|109	47|54	103|109	0|53|28|128|58|130|143|12|119|108|7|88|3|117|21|127|125|31|48|15	0.228876	0.333333	0.935877	0.870761	0.974334	0.963704
320	15|54|125|126	15|125	54|126	40|0|1|123|45|142|106|143|7|108|88|75|129|71|82|42|70|47|96|110	0.230904	0.333333	0.985666	0.96012	0.994361	0.992433
321	15|31|96|126	15|126	31|96	32|53|128|0|4|5|130|12|88|22|7|73|117|81|71|33|125|109|55|48	0.211015	0.333333	0.95804	0.902412	0.982373	0.982372
322	31|70|96|126	31|96	70|126	0|32|53|28|141|45|4|142|121|49|88|7|81|11|127|71|15|47|55|54	0.220812	0.333333	0.980483	0.950716	0.992092	0.989727
323	31|55|70|125	31|55	70|125	114|116|105|123|106|130|45|4|107|104|75|139|129|3|82|71|109|54|126|15	0.219673	0.333333	0.981646	0.952104	0.991789	0.990781
324	47|55|109|110	47|109	55|110	28|83|116|95|45|77|106|130|107|132|104|75|21|117|79|127|96|70|126|103	0.232805	0.333333	0.962083	0.90824	0.985461	0.984337
325	31|70|109|110	31|70	109|110	32|28|123|128|12|77|136|134|107|104|139|88|129|81|42|35|47|15|54|126	0.24048	0.333333	0.987031	0.964814	0.994769	0.994727
326	15|47|103|109	15|47	103|109	40|1|53|128|142|58|5|106|107|7|108|119|11|81|120|127|96|31|110|55	0.231606	0.333333	0.973346	0.930481	0.989812	0.986009
327	31|47|55|71	31|47	55|71	83|138|123|1|5|136|77|142|63|49|75|107|79|33|21|3|15|54|109|48	0.220382	0.333333	0.961412	0.900875	0.984501	0.981303
328	71|96|109|126	71|96	109|126	32|0|53|28|136|4|143|106|121|132|108|119|21|3|120|81|31|110|55|70	0.250225	0.333333	0.976205	0.935183	0.990285	0.987832
329	47|71|96|125	47|96	71|125	53|40|116|0|143|136|106|113|119|104|88|108|11|3|82|81|54|31|103|110	0.221047	0.333333	0.976813	0.939215	0.99204	0.98814
330	15|35|70|109	15|35	70|109	128|123|32|83|130|45|134|106|107|139|73|119|11|81|3|71|47|110|54|31	0.268079	0.333333	0.992355	0.979255	0.996589	0.995709
331	15|47|48|54	15|47	48|54	138|116|53|83|134|136|113|12|88|104|108|73|81|11|3|129|126|103|96|55	0.223558	0.333333	0.967707	0.919131	0.988112	0.986435
332	31|47|125|126	31|125	47|126	53|0|128|1|4|12|106|136|132|88|108|75|129|71|81|3|110|54|15|109	0.202409	0.25	0.966336	0.920042	0.98674	0.980312
333	47|55|71|103	47|55	71|103	28|32|1|0|77|4|143|58|121|132|49|63|33|21|79|129|96|31|109|125	0.208728	0.333333	0.951738	0.88439	0.980331	0.969149
334	55|70|109|110	55|70	109|110	116|32|123|28|143|45|5|134|119|75|107|49|129|79|127|117|96|125|126|48	0.242685	0.333333	0.960583	0.906608	0.983082	0.97713
335	15|48|71|126	15|48	71|126	123|32|0|40|113|141|136|5|107|132|75|108|3|11|42|81|55|31|109|96	0.249938	0.333333	0.982908	0.952103	0.993737	0.991616
336	15|71|96|109	15|71	96|109	95|32|0|116|58|141|4|136|63|49|107|139|120|127|117|21|125|103|54|31	0.241336	0.333333	0.976896	0.942999	0.990508	0.988197
337	35|70|71|126	35|70	71|126	28|53|1|0|142|113|4|106|88|119|63|107|82|81|11|129|96|109|47|31	0.252477	0.333333	0.987917	0.964868	0.995339	0.994325
338	15|31|48|71	15|31	48|71	0|114|1|123|45|134|12|4|88|139|132|108|81|3|11|42|110|54|96|109	0.240993	0.333333	0.986077	0.962451	0.994839	0.992923
339	15|48|54|70	15|48	54|70	123|53|128|105|45|142|113|141|73|107|88|108|71|129|42|3|96|110|109|31	0.262503	0.333333	0.981827	0.951762	0.992471	0.990751
340	31|96|103|109	31|96	103|109	0|32|53|128|106|12|5|4|75|108|22|107|79|21|11|33|110|47|15|70	0.222552	0.333333	0.987198	0.968175	0.994569	0.994262
341	35|54|70|71	35|54	70|71	40|114|0|105|136|106|134|141|139|75|108|73|3|42|82|129|15|47|96|55	0.258016	0.333333	0.989177	0.970982	0.995605	0.995445
342	15|35|70|96	15|35	70|96	40|114|138|0|4|45|5|134|108|104|73|139|3|71|11|82|110|55|103|126	0.238666	0.333333	0.972261	0.934831	0.988694	0.981448
343	31|35|96|110	31|35	96|110	105|114|116|128|130|12|134|113|75|132|104|139|42|3|11|82|103|109|55|15	0.226313	0.333333	0.982117	0.949085	0.993254	0.991165
344	35|54|96|109	35|54	96|109	83|105|95|114|106|134|142|45|107|108|139|63|81|11|71|42|70|126|110|31	0.240371	0.333333	0.976834	0.950518	0.991857	0.991811
345	15|35|47|96	15|47	35|96	0|32|53|116|141|136|113|130|104|107|88|119|82|11|81|3|126|103|109|110	0.244669	0.333333	0.97616	0.936661	0.991653	0.988111
346	31|35|109|126	31|35	109|126	0|28|32|1|106|142|45|130|7|107|63|75|42|71|3|11|15|110|54|55	0.246324	0.333333	0.982469	0.954347	0.992143	0.989932
347	48|55|70|96	48|55	70|96	116|0|40|28|130|136|113|106|139|7|107|63|42|3|71|82|54|103|126|110	0.239936	0.333333	0.97767	0.941558	0.990437	0.989765
348	35|54|103|110	35|54	103|110	28|32|1|0|130|136|106|143|88|75|73|132|71|82|11|42|96|47|55|109	0.251622	0.333333	0.988446	0.968079	0.995435	0.994256
349	31|35|96|126	31|96	35|126	53|28|32|0|141|5|142|106|108|7|132|88|3|71|42|82|70|47|54|110	0.226417	0.285714	0.985631	0.963164	0.993942	0.992788
350	15|31|55|103	15|103	31|55	0|128|1|32|130|58|136|5|22|63|121|132|127|33|120|71|110|70|96|125	0.221288	0.333333	0.978644	0.947543	0.9909	0.988527
351	15|54|70|103	15|54	70|103	53|128|1|32|142|113|45|106|119|49|88|22|117|82|81|35|96|47|48|31	0.245178	0.333333	0.987238	0.966125	0.995013	0.994813
352	15|70|110|125	15|70	110|125	1|128|32|114|134|45|12|113|75|139|73|119|82|129|3|11|31|103|55|47	0.232111	0.333333	0.985113	0.964634	0.994104	0.992929
353	31|70|109|125	31|70	109|125	28|116|128|95|142|136|4|5|139|73|63|104|81|42|11|3|110|103|55|47	0.215955	0.333333	0.98343	0.956423	0.993456	0.992033
354	35|47|110|126	35|47	110|126	32|40|0|28|106|113|136|4|107|88|73|7|3|11|71|129|15|109|54|55	0.242942	0.333333	0.962618	0.910189	0.984997	0.984525
355	31|47|71|96	31|47	71|96	32|105|53|28|58|136|106|12|139|104|107|22|35|81|120|82|48|125|55|70	0.2164	0.333333	0.964643	0.911135	0.986757	0.981509
356	47|70|103|125	47|103	70|125	1|40|28|32|5|141|143|130|88|73|107|7|129|11|81|71|31|55|96|110	0.208245	0.333333	0.96103	0.910077	0.986914	0.984077
357	15|47|48|70	15|47	48|70	95|105|114|138|143|106|134|113|88|73|75|139|3|81|82|71|110|31|96|109	0.23239	0.333333	0.974141	0.934709	0.989823	0.987525
358	31|48|70|126	31|48	70|126	32|53|28|128|45|142|141|106|63|107|7|73|3|81|71|82|55|47|110|54	0.228082	0.333333	0.980791	0.952197	0.992047	0.98937
359	47|70|71|125	47|70	71|125	114|40|83|123|45|141|4|113|63|104|73|107|81|82|11|129|15|31|96|126	0.223134	0.333333	0.970712	0.92672	0.990458	0.985749
360	15|35|54|71	15|35	54|71	1|105|116|53|106|113|136|45|132|75|108|107|82|129|81|11|55|31|126|109	0.274048	0.333333	0.986437	0.962421	0.995578	0.994222
361	15|47|96|103	15|103	47|96	53|0|32|40|106|58|12|143|119|88|22|73|79|120|33|71|31|70|125|55	0.209577	0.333333	0.969451	0.918515	0.988439	0.981783
362	15|31|55|71	15|31	55|71	32|105|1|83|45|4|77|58|75|139|49|104|117|3|35|42|126|96|70|109	0.225119	0.333333	0.97714	0.951707	0.990967	0.987303
363	15|35|55|109	15|35	55|109	116|138|95|105|134|45|142|141|104|7|132|119|71|42|129|3|31|103|47|126	0.236286	0.333333	0.983127	0.956739	0.991962	0.988862
364	47|55|103|125	47|103	55|125	32|1|123|40|5|141|130|142|7|63|107|119|71|3|82|129|15|31|54|109	0.206631	0.25	0.971521	0.92253	0.988892	0.98572
365	15|35|103|109	15|35	103|109	32|53|128|1|4|136|142|143|73|75|63|108|3|11|129|71|55|70|31|47	0.243914	0.333333	0.992546	0.977381	0.996683	0.995236
366	31|47|103|109	31|47	103|109	28|32|53|1|136|4|130|45|75|88|121|132|120|127|33|71|48|125|55|54	0.221463	0.333333	0.967777	0.913464	0.986597	0.980316
367	47|48|70|109	47|70	48|109	105|40|32|0|136|141|130|106|75|119|88|104|71|3|81|129|103|54|15|31	0.250045	0.333333	0.970385	0.926189	0.988781	0.984689
368	55|70|71|109	55|70	71|109	138|114|95|105|106|141|136|77|63|104|75|107|3|117|35|127|48|126|47|15	0.24182	0.333333	0.979848	0.948925	0.991214	0.987214
369	15|48|70|96	15|48	70|96	95|83|40|114|4|141|130|113|139|88|104|7|81|11|82|71|126|54|31|110	0.23324	0.333333	0.981392	0.949545	0.993866	0.992582
370	31|54|71|110	31|54	71|110	1|138|114|116|58|12|77|113|121|104|49|88|33|79|117|35|125|70|103|109	0.223411	0.333333	0.974842	0.932156	0.990002	0.988365
371	47|55|71|103	47|55	71|103	1|0|123|40|113|45|4|77|22|119|121|49|82|120|127|35|96|48|125|110	0.219614	0.333333	0.949415	0.879861	0.979267	0.968764
372	15|48|70|71	15|48	70|71	53|114|83|95|12|5|136|4|104|119|75|73|82|42|11|129|31|109|47|103	0.239855	0.333333	0.987331	0.964619	0.995581	0.995152
373	47|54|70|109	47|54	70|109	40|123|116|95|12|77|141|45|104|119|63|22|129|117|11|120|48|15|31|110	0.250241	0.333333	0.936512	0.885887	0.973448	0.968966
374	31|55|110|125	31|55	110|125	32|83|116|123|134|45|130|5|139|107|7|132|3|42|129|71|70|15|47|96	0.218955	0.333333	0.98672	0.963464	0.993966	0.993945
375	55|96|109|126	55|96	109|126	53|40|128|0|141|143|142|58|49|75|119|107|42|35|33|117|15|125|48|31	0.210743	0.333333	0.955412	0.892024	0.981368	0.980164
376	54|96|103|125	54|125	96|103	28|53|40|0|142|106|143|130|132|108|75|88|11|42|82|3|70|110|55|109	0.221753	0.333333	0.986892	0.967431	0.99492	0.994046
377	48|54|55|70	48|54	55|70	105|138|0|28|130|143|45|106|7|104|75|119|82|3|71|42|31|109|47|15	0.250996	0.333333	0.984728	0.961056	0.993125	0.990432
378	15|103|109|110	15|103	109|110	40|128|32|123|143|58|77|12|73|108|132|121|33|11|3|129|48|31|54|96	0.239265	0.333333	0.985275	0.959366	0.994337	0.993118
379	70|96|109|125	70|96	109|125	95|83|28|32|130|12|134|45|139|63|107|7|42|81|11|71|103|47|55|54	0.221818	0.333333	0.989118	0.969961	0.996016	0.995047
380	15|31|47|71	15|31	47|71	95|53|114|123|77|12|134|45|75|104|22|107|33|79|82|81|54|96|126|70	0.223753	0.333333	0.980529	0.947368	0.993652	0.990353
381	15|31|35|55	15|31	35|55	1|95|83|123|4|113|45|134|63|139|75|132|129|71|42|3|110|96|54|126	0.235264	0.333333	0.983869	0.960538	0.992717	0.990664
382	31|47|109|126	31|47	109|126	53|0|1|128|77|106|141|45|22|49|7|88|35|71|127|117|70|54|96|125	0.212789	0.333333	0.970771	0.926649	0.9879	0.98592
383	54|55|103|125	54|125	55|103	123|28|0|53|106|143|142|45|119|107|7|63|82|129|42|3|31|110|15|70	0.222356	0.333333	0.983528	0.955084	0.993223	0.993161
384	35|70|71|126	35|70	71|126	123|28|53|32|136|5|142|141|75|63|88|108|81|82|11|3|54|109|110|15	0.258794	0.333333	0.978449	0.937886	0.991104	0.988324
385	35|55|70|109	35|70	55|109	83|0|114|32|134|130|142|106|107|75|63|139|71|129|3|42|47|96|15|126	0.24779	0.333333	0.986399	0.962212	0.993466	0.992333
386	15|31|54|110	15|31	54|110	83|138|114|105|77|136|106|130|73|88|121|49|117|21|79|11|126|103|55|125	0.223898	0.333333	0.963871	0.909116	0.98587	0.979476
387	55|109|110|125	55|109	110|125	40|105|95|116|130|5|106|4|119|139|104|75|71|42|129|3|15|103|54|96	0.228779	0.333333	0.979009	0.947742	0.990684	0.990152
388	31|47|70|126	31|47	70|126	1|0|28|123|12|106|45|58|88|121|22|63|35|33|79|82|110|48|96|55	0.216173	0.333333	0.94715	0.891004	0.977928	0.976587
389	31|55|109|125	31|55	109|125	138|123|1|116|45|4|141|142|107|104|63|75|129|71|3|42|103|96|47|70	0.212969	0.333333	0.987301	0.963331	0.994613	0.99251
390	35|71|96|103	35|96	71|103	32|40|28|53|106|5|12|136|73|107|108|132|11|82|81|42|47|31|54|70	0.234143	0.333333	0.993389	0.980504	0.997451	0.996993
391	31|55|109|125	31|55	109|125	95|116|1|114|45|106|130|5|107|132|139|63|129|42|3|71|103|110|70|126	0.216645	0.333333	0.981272	0.945708	0.991957	0.989841
392	47|54|109|125	47|54	109|125	1|28|0|83|142|141|130|12|88|132|75|107|3|71|11|129|70|31|126|103	0.232449	0.333333	0.967604	0.924251	0.988392	0.983394
393	15|35|110|126	15|35	110|126	123|40|128|32|113|4|143|12|75|108|88|7|82|3|42|11|96|70|54|109	0.24824	0.333333	0.981049	0.947035	0.991815	0.986806
394	31|48|96|110	31|48	96|110	95|28|0|116|134|12|136|130|75|7|139|132|81|3|42|82|103|55|70|126	0.224419	0.333333	0.980626	0.947132	0.993132	0.99094
395	15|71|96|103	15|96	71|103	0|32|40|53|143|5|58|141|73|132|119|22|81|35|117|79|70|55|109|54	0.237827	0.333333	0.988935	0.968481	0.995623	0.995518
396	70|71|96|126	70|96	71|126	28|53|32|0|77|45|143|5|121|88|22|49|117|79|82|33|55|125|54|109	0.226643	0.333333	0.970258	0.919275	0.987204	0.986248
397	15|103|110|125	15|103	110|125	40|0|123|1|113|4|136|45|132|107|75|119|129|11|71|82|54|47|31|96	0.240103	0.333333	0.98658	0.964456	0.994672	0.991716
398	15|31|47|126	15|126	31|47	128|32|53|0|4|136|106|142|49|22|75|73|3|79|127|71|54|70|96|110	0.222377	0.333333	0.969276	0.925381	0.987794	0.987154
399	15|35|96|103	15|103	35|96	32|40|128|53|4|45|141|12|7|108|119|88|81|71|82|42|31|54|109|110	0.231316	0.333333	0.98856	0.96875	0.995524	0.994976
400	15|103|109|110	15|103	109|110	123|128|40|32|12|45|136|5|73|88|49|7|117|3|71|11|48|47|55|54	0.24247	0.333333	0.991017	0.97464	0.995942	0.995625
401	35|54|70|110	35|54	70|110	123|128|1|32|113|143|106|12|119|7|75|139|129|42|81|82|126|15|55|47	0.256512	0.333333	0.983103	0.955367	0.993197	0.992149
402	15|47|70|126	15|47	70|126	1|53|0|128|141|113|142|136|107|121|119|73|79|81|82|120|125|109|110|31	0.240135	0.333333	0.957254	0.899275	0.983033	0.981497
403	47|96|125|126	47|125	96|126	0|40|28|32|12|143|130|142|107|63|119|108|3|82|11|81|15|110|54|31	0.205953	0.25	0.969302	0.920977	0.98815	0.986646
404	55|71|109|126	55|71	109|126	32|53|40|0|77|141|143|58|107|22|121|49|127|35|120|33|70|125|110|54	0.226801	0.333333	0.970671	0.922197	0.987193	0.98539
405	15|70|96|109	15|70	96|109	95|32|40|53|58|4|45|136|22|63|104|75|71|3|21|79|54|31|47|55	0.248872	0.333333	0.990276	0.972935	0.996312	0.996043
406	31|48|109|126	31|48	109|126	28|128|32|123|12|5|130|4|75|107|7|63|81|42|129|11|96|15|54|55	0.223445	0.333333	0.974639	0.937768	0.990267	0.988864
407	15|31|47|125	15|125	31|47	0|114|95|83|134|130|141|136|7|139|107|108|82|129|11|3|70|96|55|110	0.216573	0.333333	0.978236	0.942246	0.992284	0.987998
408	31|47|48|109	31|47	48|109	105|138|1|128|134|130|106|142|132|88|7|139|129|81|3|11|70|96|103|55	0.217419	0.333333	0.972989	0.9284	0.990045	0.986617
409	15|96|103|109	15|96	103|109	53|128|40|32|45|136|130|5|108|63|22|73|79|120|3|81|110|55|48|47	0.236059	0.333333	0.981873	0.955691	0.992647	0.991908
410	15|54|71|109	15|54	71|109	32|95|1|114|134|45|58|141|108|63|107|139|120|21|3|11|103|110|48|55	0.260242	0.333333	0.956366	0.912794	0.981613	0.978998
411	70|110|125|126	70|125	110|126	0|128|123|40|106|5|113|45|107|108|88|75|71|81|82|42|47|96|31|109	0.231727	0.333333	0.984133	0.956308	0.993916	0.99157
412	48|70|103|109	48|70	103|109	128|32|0|53|12|143|4|106|63|119|88|75|71|42|11|3|31|96|55|54	0.236504	0.333333	0.989488	0.969414	0.99568	0.994697
413	31|47|54|70	31|54	47|70	138|0|83|28|77|130|58|12|73|108|75|7|120|21|33|79|109|96|125|110	0.22603	0.333333	0.958924	0.906632	0.982514	0.978771
414	15|71|110|126	15|71	110|126	123|1|32|40|113|45|58|106|22|132|108|121|21|35|11|127|55|54|96|109	0.257796	0.333333	0.975697	0.935061	0.990245	0.984254
415	31|35|70|71	31|70	35|71	138|28|32|1|4|113|12|142|63|88|107|104|3|42|82|11|54|55|110|126	0.247921	0.333333	0.987855	0.966686	0.995694	0.993331
416	47|103|110|125	47|103	110|125	1|40|0|28|5|136|113|130|132|73|75|7|82|129|11|71|109|96|70|54	0.223766	0.333333	0.971976	0.930008	0.990124	0.98791
417	15|70|71|96	15|70	71|96	53|138|105|0|142|77|141|134|108|104|88|63|11|3|127|120|110|109|31|48	0.247286	0.333333	0.969482	0.928934	0.98788	0.986953
418	70|96|110|125	70|96	110|125	40|28|0|114|134|143|136|4|75|139|108|73|82|71|11|81|54|55|31|47	0.224861	0.333333	0.984858	0.962586	0.994158	0.993008
419	35|54|55|103	35|55	54|103	53|40|128|123|45|141|106|143|63|132|7|75|42|71|3|82|96|15|70|47	0.234858	0.333333	0.989915	0.971627	0.99527	0.995202
420	15|35|47|103	15|103	35|47	128|1|0|53|4|5|143|12|88|63|108|132|81|11|129|71|109|54|96|31	0.228608	0.333333	0.97463	0.932249	0.991872	0.987366
421	71|96|103|110	71|96	103|110	28|32|40|0|58|12|106|5|108|73|119|49|79|3|127|21|54|48|47|109	0.23229	0.333333	0.984794	0.958309	0.993747	0.992008
422	15|35|70|110	15|35	70|110	114|95|128|123|106|5|4|134|73|104|139|119|3|129|11|42|55|103|31|54	0.244099	0.333333	0.982757	0.956522	0.993462	0.990082
423	71|96|109|126	71|96	109|126	0|32|28|53|5|142|136|141|107|121|73|49|81|35|21|127|15|47|70|54	0.23852	0.333333	0.986917	0.961506	0.994474	0.992832
424	47|48|70|96	47|48	70|96	28|114|83|138|113|106|45|136|119|108|139|73|81|82|71|11|15|103|109|31	0.228448	0.333333	0.963381	0.915449	0.987442	0.983611
425	15|47|55|103	15|103	47|55	32|128|123|1|5|58|142|113|107|63|75|7|117|71|129|120|109|110|48|31	0.226242	0.333333	0.966783	0.915736	0.985713	0.978071
426	15|71|125|126	15|125	71|126	1|40|53|123|106|141|5|142|73|119|108|132|81|11|82|3|110|31|96|70	0.232302	0.333333	0.984453	0.955687	0.99413	0.99137
427	47|48|54|55	47|48	54|55	28|32|1|123|142|130|113|134|7|139|104|107|82|71|3|129|31|109|126|70	0.234298	0.333333	0.97288	0.92982	0.989726	0.987803
428	54|70|96|126	54|96	70|126	32|0|53|28|142|45|141|106|108|107|49|22|81|127|42|33|48|110|55|15	0.236217	0.333333	0.911004	0.859174	0.958848	0.957548
429	54|55|96|126	54|126	55|96	53|40|128|32|45|58|130|141|75|63|121|107|82|3|120|35|109|48|31|15	0.229039	0.333333	0.969448	0.919543	0.98722	0.987153
430	15|71|96|125	15|96	71|125	95|114|0|105|142|45|4|106|75|73|63|88|81|3|82|11|109|31|55|47	0.224862	0.333333	0.992661	0.979019	0.997472	0.996742
431	35|47|110|126	35|47	110|126	123|128|0|28|45|130|4|113|75|73|108|132|3|129|71|81|70|54|15|31	0.246719	0.333333	0.968269	0.923057	0.986862	0.98662
432	47|70|125|126	47|126	70|125	0|1|123|40|142|136|130|5|75|7|73|119|81|3|82|129|31|96|109|55	0.21509	0.333333	0.964521	0.911765	0.986529	0.980095
433	31|48|54|110	31|54	48|110	114|123|28|83|45|106|134|130|75|139|7|88|82|11|129|81|126|109|55|96	0.233079	0.333333	0.982966	0.954808	0.99385	0.99215
434	15|35|54|103	15|35	54|103	1|0|53|128|45|113|130|142|132|108|73|7|71|82|11|129|96|109|110|55	0.257584	0.333333	0.987461	0.966477	0.995219	0.993895
435	48|54|96|110	48|54	96|110	0|105|116|138|113|143|12|106|73|75|139|108|82|11|42|71|126|15|31|109	0.241058	0.333333	0.97895	0.947109	0.992265	0.991895
436	35|54|70|96	35|54	70|96	116|95|28|40|134|136|106|141|75|104|108|119|81|11|3|71|126|31|103|47	0.244211	0.333333	0.986173	0.964384	0.994876	0.994501
437	15|35|47|71	15|35	47|71	40|105|123|1|141|142|45|12|132|73|108|88|3|82|129|81|96|110|70|54	0.253049	0.333333	0.978281	0.941708	0.992367	0.988208
438	15|70|103|110	15|70	103|110	32|0|1|123|77|58|45|136|119|22|108|7|42|11|120|129|109|125|31|47	0.249309	0.333333	0.985825	0.962828	0.994079	0.993969
439	31|35|54|70	31|54	35|70	123|138|1|83|130|106|134|141|73|139|108|63|82|11|129|81|126|110|15|55	0.244569	0.333333	0.95657	0.915579	0.983143	0.981649
440	48|54|109|126	48|54	109|126	32|40|123|1|106|143|12|45|73|119|108|63|129|3|71|42|55|70|31|15	0.243132	0.333333	0.972968	0.93409	0.988916	0.988819
441	15|31|54|70	15|31	54|70	105|123|138|95|130|141|77|58|75|121|22|63|117|127|21|33|109|96|125|48	0.235294	0.333333	0.963503	0.914153	0.983808	0.981011
442	31|47|96|109	31|47	96|109	83|116|0|128|77|4|106|12|22|73|132|108|120|35|11|71|54|103|125|126	0.217616	0.333333	0.977167	0.937683	0.992017	0.988493
443	48|71|109|126	48|71	109|126	123|40|28|1|141|142|106|136|73|75|88|132|11|3|42|81|96|47|110|31	0.23626	0.333333	0.986648	0.963876	0.994665	0.992206
444	35|54|103|109	35|54	103|109	0|40|123|28|12|136|45|143|75|107|88|108|42|3|81|11|55|15|110|31	0.249897	0.333333	0.964011	0.922517	0.985254	0.983104
445	15|31|109|125	15|31	109|125	1|114|53|116|4|130|12|45|88|63|7|132|71|129|3|11|110|96|103|54	0.229123	0.333333	0.989585	0.970088	0.99558	0.994867
446	47|48|103|110	47|48	103|110	32|128|28|40|4|106|45|12|119|75|132|73|82|11|129|71|54|70|109|31	0.230844	0.333333	0.971064	0.928552	0.989724	0.9861
447	47|70|96|103	47|96	70|103	28|32|128|0|136|142|58|4|63|49|119|108|35|79|33|81|31|55|15|125	0.213201	0.333333	0.944494	0.884008	0.978177	0.971598
448	15|47|70|96	15|47	70|96	0|116|114|40|5|141|130|77|75|49|107|119|35|81|21|120|54|110|48|126	0.238968	0.333333	0.968788	0.923922	0.987921	0.985911
449	15|48|55|103	15|103	48|55	32|53|40|0|141|136|45|5|132|107|63|119|71|42|82|3|54|109|31|110	0.240839	0.333333	0.977134	0.944494	0.98978	0.987381
450	15|48|103|109	15|48	103|109	123|40|0|1|12|4|45|136|119|75|7|132|3|11|42|71|31|55|47|96	0.240743	0.333333	0.990302	0.974329	0.99599	0.995528
451	31|35|54|126	31|35	54|126	28|0|123|128|141|106|12|130|108|107|88|7|82|129|3|42|109|47|110|55	0.236879	0.333333	0.983928	0.959377	0.993443	0.991601
452	54|55|109|110	54|55	109|110	1|105|40|114|136|134|130|45|22|104|75|119|33|127|21|120|103|15|126|125	0.236294	0.333333	0.955265	0.899781	0.980894	0.976789
453	31|70|109|125	31|70	109|125	114|0|53|138|45|12|136|141|88|104|73|139|42|71|81|11|96|47|126|55	0.208732	0.333333	0.988202	0.967531	0.995785	0.995175
454	15|103|109|110	15|103	109|110	128|123|32|0|143|12|77|4|73|49|107|132|81|3|11|127|96|48|70|54	0.244385	0.333333	0.986757	0.962248	0.994535	0.993458
455	48|54|71|110	48|54	71|110	28|32|83|123|106|12|136|45|107|108|73|119|82|42|129|81|126|55|109|96	0.259606	0.333333	0.981924	0.951797	0.993438	0.993288
456	15|31|103|125	15|125	31|103	128|32|0|53|142|4|45|136|63|75|132|107|3|81|42|11|110|54|109|47	0.219088	0.333333	0.990193	0.974398	0.995989	0.994581
457	15|47|48|109	15|47	48|109	114|95|53|1|106|141|143|136|119|7|132|63|3|129|71|81|54|103|31|55	0.240501	0.333333	0.975918	0.935716	0.991275	0.987952
458	15|109|110|126	15|109	110|126	0|40|123|128|136|130|5|143|22|107|108|7|129|42|3|35|31|48|96|54	0.257545	0.333333	0.980052	0.944429	0.991723	0.98777
459	54|103|109|110	54|103	109|110	128|0|123|1|58|77|143|106|121|7|73|88|71|3|129|35|125|48|47|55	0.236628	0.333333	0.977055	0.943423	0.990347	0.989055
460	47|103|109|125	47|103	109|125	0|32|123|28|12|141|143|106|107|63|7|119|3|71|11|81|55|110|96|70	0.217558	0.333333	0.975856	0.936113	0.990556	0.986335
461	96|103|110|125	96|103	110|125	32|128|40|0|45|113|12|5|75|73|107|119|11|42|3|81|31|55|15|47	0.211165	0.333333	0.985888	0.961061	0.993987	0.993005
462	31|47|70|103	31|47	70|103	0|123|53|28|141|5|136|58|108|73|107|22|11|129|82|117|15|109|48|54	0.231423	0.333333	0.966872	0.920719	0.987768	0.984124
463	15|35|54|110	15|35	54|110	138|40|128|83|134|113|136|45|75|73|104|107|71|82|11|129|96|103|47|70	0.256542	0.333333	0.988285	0.967518	0.995356	0.993963
464	15|54|71|126	15|54	71|126	53|1|0|123|141|143|136|58|63|121|107|22|79|129|82|127|48|31|70|47	0.248571	0.333333	0.983649	0.953931	0.993385	0.993
465	54|96|103|125	54|125	96|103	128|0|53|28|136|130|142|106|132|108|63|88|11|42|82|81|109|110|55|70	0.219597	0.333333	0.982813	0.956953	0.994055	0.993117
466	15|54|70|125	15|54	70|125	105|83|128|1|143|12|45|106|139|63|107|119|129|3|81|11|109|110|103|31	0.237984	0.333333	0.97824	0.945007	0.991317	0.990123
467	47|71|110|126	47|71	110|126	123|0|28|40|113|136|143|106|88|49|119|108|81|127|117|11|48|55|15|54	0.24202	0.333333	0.962256	0.908709	0.985054	0.98468
468	47|55|96|103	47|55	96|103	128|28|53|0|58|4|136|142|132|49|7|63|79|71|127|82|48|110|109|54	0.207519	0.25	0.961097	0.903167	0.983842	0.976536
469	15|31|55|125	15|125	31|55	114|32|128|105|5|106|113|130|104|107|63|139|71|3|82|129|109|70|96|54	0.220376	0.333333	0.981114	0.951903	0.992406	0.989424
470	15|71|110|126	15|71	110|126	0|40|32|1|4|113|58|12|107|119|22|75|81|120|21|33|47|96|55|54	0.247492	0.333333	0.982506	0.951369	0.993146	0.98869
471	15|70|110|125	15|70	110|125	128|1|114|116|134|136|143|106|119|104|107|7|129|71|42|11|54|103|47|55	0.233529	0.333333	0.987396	0.97076	0.994752	0.993151
472	35|47|71|96	35|47	71|96	28|40|32|114|5|134|141|113|75|132|73|119|3|82|81|11|103|54|70|109	0.240688	0.333333	0.978448	0.940602	0.992228	0.988792
473	15|55|71|126	15|55	71|126	0|123|1|32|58|142|113|141|121|22|75|107|82|35|42|79|96|109|110|47	0.242845	0.333333	0.976208	0.942589	0.989496	0.987819
474	31|54|55|125	31|55	54|125	123|116|53|32|45|106|141|142|132|63|104|7|42|129|71|3|15|110|47|103	0.218488	0.333333	0.982175	0.950766	0.99214	0.991821
475	47|55|70|109	47|70	55|109	53|28|0|1|136|143|134|77|75|22|107|139|3|117|127|71|48|15|126|103	0.235839	0.333333	0.945269	0.882611	0.97691	0.970394
476	48|96|103|109	48|96	103|109	128|53|28|32|5|45|143|130|73|7|119|132|81|42|3|11|110|15|55|47	0.225862	0.333333	0.981305	0.954281	0.992387	0.992011
477	48|54|71|96	48|54	71|96	32|53|0|95|142|134|141|106|75|119|104|88|42|11|82|81|47|31|109|70	0.240996	0.333333	0.991327	0.976451	0.996784	0.996338
478	15|31|35|54	15|31	35|54	53|0|32|128|12|141|130|142|104|73|75|132|81|82|71|42|55|109|103|70	0.248387	0.333333	0.988305	0.965867	0.995846	0.995557
479	35|55|70|126	35|55	70|126	128|32|1|40|5|113|106|136|7|107|119|75|129|71|82|42|31|96|109|15	0.238865	0.333333	0.975311	0.93579	0.989798	0.98765
480	35|71|103|110	35|71	103|110	40|1|32|28|12|5|113|136|107|108|73|75|11|129|3|81|54|70|47|15	0.254441	0.333333	0.991267	0.974582	0.995671	0.993948
481	31|47|48|54	31|47	48|54	95|1|53|123|141|134|45|130|104|63|88|73|71|82|129|11|103|15|55|96	0.222699	0.333333	0.955749	0.898109	0.984427	0.980896
482	54|71|103|109	54|71	103|109	123|28|1|0|142|45|77|143|63|107|88|132|33|79|81|11|48|15|70|55	0.249976	0.333333	0.978708	0.95081	0.991089	0.990889
483	31|35|54|96	31|35	54|96	138|95|116|83|130|113|45|141|107|104|139|88|81|82|42|71|47|126|15|70	0.22991	0.333333	0.987854	0.967176	0.995844	0.994327
484	15|71|109|126	15|71	109|126	0|40|1|53|143|106|5|141|121|107|63|88|79|33|11|127|110|96|125|31	0.239918	0.333333	0.975681	0.934233	0.99008	0.986992
485	48|55|71|126	48|55	71|126	1|123|53|28|5|4|136|143|63|119|75|107|129|42|3|82|54|109|96|31	0.231119	0.333333	0.973662	0.930292	0.98928	0.986998
486	71|110|125|126	71|125	110|126	123|28|32|40|12|136|45|113|107|73|132|108|3|81|129|42|55|96|109|31	0.230653	0.333333	0.97812	0.940081	0.991564	0.98641
487	15|48|54|103	15|48	54|103	53|40|128|32|12|113|45|130|107|63|119|73|82|3|81|71|96|47|55|31	0.241246	0.333333	0.988754	0.968794	0.995836	0.994806
488	35|54|55|103	35|55	54|103	40|28|128|32|141|142|136|130|7|63|75|119|129|82|42|71|109|31|15|47	0.237198	0.333333	0.987916	0.966064	0.99485	0.993403
489	15|35|71|103	15|35	71|103	1|123|32|0|106|136|113|143|73|107|63|88|129|81|3|11|96|55|31|70	0.249707	0.333333	0.993614	0.980479	0.997529	0.997151
490	15|31|47|109	15|31	47|109	83|138|105|53|106|142|4|12|63|49|104|107|120|81|33|21|70|126|125|54	0.220139	0.333333	0.981439	0.948138	0.993601	0.991286
491	31|47|48|55	31|47	48|55	0|32|53|1|113|134|5|45|63|7|132|104|3|129|82|71|103|15|109|70	0.222702	0.25	0.970814	0.922676	0.988823	0.986081
492	35|47|71|126	35|47	71|126	123|0|28|53|4|142|106|136|119|75|132|88|3|82|81|11|31|96|54|55	0.238053	0.333333	0.970228	0.923672	0.988311	0.986482
493	54|55|96|103	54|103	55|96	32|40|53|128|45|58|143|142|7|63|49|107|33|21|79|127|125|110|109|70	0.20876	0.333333	0.972373	0.930464	0.988242	0.984721
494	15|35|70|126	15|35	70|126	1|32|0|123|143|141|5|136|108|88|7|63|3|82|42|71|109|96|31|47	0.249848	0.333333	0.98695	0.963303	0.994447	0.99216
495	15|35|55|126	15|126	35|55	0|53|40|1|5|4|143|136|119|107|75|7|3|71|82|129|110|31|70|109	0.243053	0.333333	0.979275	0.944941	0.990686	0.989731
496	35|47|103|109	35|47	103|109	53|40|0|128|12|136|142|106|132|108|7|63|129|81|71|3|55|110|96|31	0.23199	0.333333	0.97227	0.926922	0.9892	0.985171
497	15|48|71|103	15|48	71|103	53|1|40|123|12|45|5|143|132|75|119|88|11|3|82|42|110|47|96|31	0.237122	0.333333	0.991133	0.974335	0.996502	0.996051
498	35|96|103|109	35|96	103|109	40|0|28|128|5|136|106|142|73|132|119|75|71|42|3|11|54|110|55|47	0.237823	0.333333	0.99291	0.98013	0.996552	0.996319
499	15|35|54|103	15|35	54|103	128|53|0|1|130|141|143|45|132|108|119|88|11|42|3|129|96|70|110|31	0.25304	0.333333	0.988915	0.967614	0.995237	0.99343
500	15|31|110|125	15|31	110|125	95|116|123|114|134|12|4|45|104|108|7|75|3|42|81|82|55|70|126|54	0.220888	0.333333	0.989945	0.971512	0.996264	0.994474
501	31|96|109|110	31|109	96|110	32|28|95|114|130|58|4|5|132|7|108|73|81|21|117|127|48|70|47|15	0.236195	0.333333	0.984273	0.957345	0.993818	0.993022
502	54|70|103|110	54|70	103|110	0|32|28|128|136|106|130|113|107|7|22|75|71|11|129|3|48|109|125|96	0.264062	0.333333	0.97211	0.932329	0.9879	0.985947
503	48|70|71|103	48|70	71|103	28|53|32|40|45|113|4|12|119|88|107|63|129|81|11|82|31|47|96|15	0.241029	0.333333	0.987588	0.965861	0.995589	0.993953
504	15|35|71|96	15|35	71|96	114|138|116|53|136|134|141|113|104|139|63|107|42|82|11|81|55|70|126|110	0.23908	0.333333	0.985937	0.959916	0.996016	0.994683
505	96|103|109|125	96|103	109|125	28|40|32|53|106|45|143|130|7|132|63|119|3|11|71|81|31|54|70|15	0.222356	0.333333	0.990663	0.972042	0.99629	0.995684
506	31|71|96|110	31|71	96|110	32|105|28|116|12|113|106|4|107|49|88|73|82|127|35|33|125|54|15|48	0.232206	0.333333	0.976589	0.936854	0.990919	0.98957
507	31|55|70|71	31|70	55|71	32|0|114|116|4|113|106|134|121|104|49|63|79|129|21|120|54|47|109|103	0.234189	0.333333	0.974447	0.938942	0.98895	0.984848
508	35|55|96|110	35|55	96|110	138|105|83|0|113|130|106|5|7|132|139|104|42|82|3|71|31|70|126|54	0.23716	0.333333	0.982668	0.952984	0.992306	0.992015
509	15|31|47|109	15|31	47|109	0|123|114|32|141|134|130|106|139|88|75|132|127|129|81|33|70|110|125|54	0.237324	0.333333	0.978571	0.941489	0.991813	0.990156
510	35|96|103|110	35|96	103|110	128|28|0|32|106|12|5|4|88|107|132|7|42|3|71|11|109|70|31|54	0.236879	0.333333	0.986869	0.96193	0.994381	0.992824
511	47|55|109|126	47|55	109|126	123|28|53|128|141|106|58|136|121|22|119|7|79|120|3|21|96|70|110|15	0.224021	0.333333	0.966871	0.914418	0.985922	0.983714
512	15|31|54|110	15|31	54|110	0|1|116|32|113|77|45|136|139|132|7|22|35|117|71|21|103|109|96|70	0.261391	0.333333	0.980594	0.946961	0.99181	0.98953
513	15|54|71|110	15|54	71|110	40|32|105|0|77|45|58|113|22|108|73|107|3|35|81|42|96|48|125|126	0.261797	0.333333	0.974528	0.935222	0.990224	0.988112
514	31|35|70|110	31|70	35|110	83|32|123|116|113|136|45|4|88|7|73|139|71|129|3|81|55|109|103|15	0.247713	0.333333	0.975406	0.936086	0.9896	0.987885
515	31|48|55|71	31|48	55|71	105|138|0|32|142|113|4|136|75|63|104|107|42|82|3|129|96|103|54|70	0.233507	0.333333	0.977971	0.942824	0.991337	0.987477
516	35|70|71|96	35|70	71|96	32|114|53|138|4|45|134|5|63|104|139|107|42|11|3|82|109|31|47|55	0.238296	0.333333	0.990365	0.97305	0.996243	0.995952
517	47|55|109|126	47|55	109|126	1|28|128|123|142|45|143|5|75|63|107|22|35|21|79|33|31|110|48|125	0.212832	0.333333	0.928358	0.841172	0.970319	0.962385
518	47|55|70|110	47|70	55|110	123|95|40|1|4|136|143|58|22|7|75|139|35|127|3|79|103|15|48|54	0.230107	0.333333	0.956056	0.898353	0.982166	0.979716
519	15|48|109|126	15|48	109|126	0|1|53|40|45|130|143|142|73|108|63|119|129|71|42|3|110|70|55|54	0.251346	0.333333	0.984548	0.955687	0.993427	0.990502
520	15|35|47|71	15|35	47|71	1|32|83|53|45|136|5|143|104|119|73|88|81|129|82|3|109|110|70|103	0.248497	0.333333	0.97244	0.92775	0.990161	0.985748
521	15|31|70|125	15|31	70|125	53|138|114|32|136|113|134|141|139|107|73|63|3|82|81|11|110|54|103|109	0.229053	0.333333	0.981379	0.952084	0.992868	0.992751
522	47|54|55|70	47|54	55|70	53|32|40|116|45|141|130|143|104|119|63|121|120|127|82|117|48|126|109|31	0.241494	0.333333	0.954923	0.895557	0.980695	0.977787
523	54|55|96|125	54|125	55|96	0|116|105|83|143|45|142|134|104|119|75|132|42|82|3|71|109|70|31|126	0.216455	0.333333	0.981233	0.950232	0.992313	0.988952
524	70|103|110|125	70|103	110|125	1|28|40|128|143|113|12|5|108|7|107|88|42|11|82|3|54|96|15|47	0.225592	0.333333	0.985472	0.965342	0.993447	0.992607
525	35|47|71|96	35|47	71|96	32|28|114|40|113|106|5|45|104|139|107|132|3|11|81|82|103|110|55|31	0.234982	0.333333	0.959624	0.905614	0.984378	0.980911
526	15|35|47|110	15|35	47|110	32|40|95|0|113|12|45|130|88|73|75|107|3|11|82|71|96|31|54|109	0.26157	0.333333	0.972272	0.928131	0.989939	0.983585
527	15|48|70|96	15|48	70|96	128|83|0|114|136|143|134|141|108|73|119|75|81|42|82|71|47|54|110|109	0.242504	0.333333	0.987623	0.966363	0.995192	0.994878
528	47|55|71|110	47|71	55|110	138|95|114|0|58|5|113|45|132|22|107|121|33|3|82|79|96|103|70|109	0.24058	0.333333	0.957366	0.9063	0.98261	0.981376
529	31|48|54|70	31|54	48|70	116|1|53|114|130|106|136|134|139|63|88|73|82|42|81|71|47|109|126|103	0.230404	0.333333	0.986633	0.963631	0.994984	0.994432
530	54|55|70|103	54|55	70|103	40|1|123|32|45|141|130|77|121|75|7|107|42|127|120|117|47|125|96|48	0.230019	0.333333	0.97201	0.936164	0.986974	0.984218
531	71|103|109|110	71|103	109|110	0|32|28|1|143|136|58|12|107|119|75|22|33|3|35|81|47|96|48|31	0.245764	0.333333	0.989191	0.968502	0.995631	0.994078
532	31|48|71|110	31|71	48|110	116|95|0|83|12|106|5|4|75|73|132|104|3|42|11|81|54|47|15|55	0.236689	0.333333	0.987193	0.965302	0.994726	0.992769
533	15|35|71|103	15|35	71|103	123|32|0|40|5|106|141|113|73|132|108|63|81|42|129|3|47|96|109|70	0.255859	0.333333	0.992533	0.97796	0.996548	0.996074
534	15|31|109|126	15|31	109|126	123|53|128|1|136|142|12|4|73|132|49|88|3|33|81|71|54|96|70|48	0.227525	0.333333	0.981498	0.95081	0.992029	0.9898
535	15|47|54|109	15|47	54|109	83|53|40|123|77|141|106|142|7|107|132|121|117|120|79|35|48|31|126|110	0.250489	0.333333	0.94827	0.893499	0.979224	0.977568
536	31|55|96|125	31|55	96|125	28|53|128|105|45|113|136|142|104|139|75|132|3|82|42|71|47|103|54|110	0.201851	0.25	0.984348	0.955462	0.99323	0.989915
537	47|96|109|110	47|109	96|110	138|28|32|105|136|4|77|130|22|75|49|7|81|11|117|127|54|125|48|15	0.230734	0.333333	0.968468	0.918141	0.988257	0.985892
538	15|54|71|103	15|54	71|103	1|0|53|40|58|136|106|45|119|107|108|75|33|79|117|81|110|31|48|55	0.252438	0.333333	0.970518	0.923297	0.98842	0.983047
539	35|55|70|103	35|55	70|103	123|28|40|32|113|142|143|141|7|119|107|75|129|42|82|3|47|109|54|15	0.242685	0.333333	0.986013	0.962601	0.993326	0.993078
540	15|48|71|109	15|48	71|109	0|32|138|95|136|4|141|5|88|132|139|108|81|3|11|42|70|31|126|96	0.252711	0.333333	0.989449	0.968815	0.996367	0.99622
541	15|31|70|96	15|31	70|96	95|114|138|128|45|12|136|58|63|107|49|22|3|71|120|117|125|126|55|54	0.224165	0.333333	0.980935	0.952181	0.992813	0.989966
542	55|71|103|125	55|103	71|125	53|40|0|123|5|45|136|142|132|107|75|119|3|42|129|82|109|47|31|70	0.222146	0.333333	0.984731	0.960661	0.993529	0.991103
543	15|31|54|55	15|31	54|55	0|53|128|138|58|141|130|136|121|104|49|63|129|117|82|33|103|47|48|70	0.230376	0.333333	0.977843	0.946374	0.990615	0.988196
544	31|70|125|126	31|126	70|125	53|28|32|128|142|4|136|130|7|108|107|75|82|129|3|71|55|96|110|109	0.220498	0.333333	0.973492	0.935772	0.989301	0.985029
545	35|47|110|126	35|47	110|126	123|28|0|1|136|130|45|12|88|107|108|7|82|81|3|71|109|31|54|96	0.241741	0.333333	0.968095	0.919643	0.987939	0.987453
546	31|48|70|109	31|70	48|109	95|0|83|116|141|4|142|106|73|63|139|107|3|71|42|81|110|96|103|15	0.240283	0.333333	0.974787	0.937711	0.989231	0.986116
547	70|96|103|110	70|96	103|110	0|40|32|28|12|143|5|4|121|108|49|119|82|11|35|117|55|15|125|54	0.238706	0.333333	0.977886	0.943245	0.990991	0.990722
548	15|47|54|70	15|47	54|70	83|0|1|114|113|12|141|134|108|119|139|104|81|127|79|82|125|103|48|96	0.23317	0.333333	0.960348	0.910978	0.984612	0.982797
549	15|31|70|96	15|31	70|96	95|53|116|83|136|4|141|58|63|88|107|7|79|11|42|127|109|55|126|103	0.224176	0.333333	0.979995	0.948546	0.992693	0.989379
550	71|96|109|126	71|96	109|126	53|40|0|32|142|4|141|12|107|108|119|63|42|11|81|127|48|70|125|54	0.237281	0.333333	0.983581	0.952731	0.992893	0.990297
551	35|47|70|126	35|47	70|126	28|0|40|53|141|4|130|106|73|119|7|88|129|82|81|3|109|55|54|110	0.239046	0.333333	0.963562	0.910873	0.98488	0.98455
552	48|71|109|110	48|71	109|110	138|95|114|28|106|12|134|136|73|119|88|108|3|42|11|81|47|15|55|126	0.242336	0.333333	0.988492	0.967458	0.995455	0.99344
553	15|96|103|109	15|96	103|109	53|128|0|40|130|12|58|77|63|22|108|132|117|35|79|120|47|48|55|110	0.23068	0.333333	0.983199	0.958008	0.993174	0.992682
554	31|35|71|110	31|71	35|110	123|114|0|32|12|113|4|5|108|88|75|132|81|42|82|129|109|54|103|70	0.255616	0.333333	0.985275	0.956601	0.994452	0.992636
555	47|55|70|103	47|55	70|103	1|32|123|28|130|143|113|106|22|107|49|7|120|127|71|35|110|15|96|109	0.230432	0.333333	0.962233	0.911042	0.983151	0.97938
556	47|70|96|110	47|70	96|110	114|116|28|138|143|45|58|5|107|75|73|108|3|81|79|21|55|31|109|126	0.229629	0.333333	0.96103	0.911711	0.985096	0.980784
557	15|54|55|125	15|55	54|125	128|105|53|123|141|142|134|113|104|75|139|107|82|71|3|42|47|96|103|110	0.224661	0.333333	0.983252	0.957282	0.992792	0.99081
558	31|48|54|109	31|54	48|109	0|114|105|95|141|12|142|130|75|73|88|63|3|71|129|11|15|96|55|103	0.235345	0.333333	0.972971	0.937908	0.989291	0.987875
559	31|71|125|126	31|126	71|125	123|53|28|1|106|5|12|113|63|107|73|88|42|82|11|3|96|55|47|70	0.210502	0.333333	0.985631	0.962832	0.994226	0.990731
560	15|35|47|96	15|47	35|96	0|116|95|32|134|130|12|4|132|104|119|88|81|71|3|82|109|70|31|103	0.237307	0.333333	0.97659	0.936125	0.99155	0.987886
561	15|103|109|125	15|103	109|125	128|123|32|53|142|4|106|141|73|119|107|75|71|3|129|81|70|96|55|47	0.227131	0.333333	0.991971	0.976113	0.996446	0.996324
562	35|54|70|110	35|54	70|110	32|0|28|105|134|136|113|130|104|75|88|7|129|11|42|81|96|126|109|31	0.260131	0.333333	0.982227	0.952902	0.9937	0.992079
563	47|48|55|70	47|48	55|70	138|128|0|95|4|5|113|141|7|75|107|63|82|3|71|129|103|109|110|15	0.236781	0.333333	0.961962	0.906427	0.984696	0.982901
564	15|31|96|103	15|103	31|96	128|53|0|32|142|5|77|58|7|132|49|121|79|117|82|35|47|109|55|48	0.21378	0.333333	0.985063	0.961774	0.993781	0.992243
565	48|54|55|126	48|55	54|126	128|40|28|0|136|45|113|143|7|107|132|75|42|71|129|82|96|109|31|70	0.233675	0.333333	0.978067	0.939555	0.991255	0.990346
566	47|54|70|109	47|54	70|109	95|32|0|28|58|106|136|134|49|73|88|139|81|127|21|71|15|31|103|55	0.238023	0.333333	0.937213	0.882739	0.973485	0.96793
567	31|54|96|103	31|96	54|103	28|0|32|128|141|77|45|12|63|108|22|88|81|3|120|33|47|125|110|70	0.215998	0.333333	0.982478	0.955991	0.992744	0.992339
568	47|54|110|126	47|54	110|126	40|0|28|128|77|143|113|12|88|108|132|49|120|11|71|81|55|109|48|15	0.234598	0.333333	0.94121	0.873522	0.975601	0.971968
569	15|31|47|55	15|31	47|55	138|53|32|105|130|77|5|142|121|49|7|139|127|117|33|35|70|48|126|125	0.206991	0.333333	0.965108	0.914505	0.985747	0.978517
570	31|47|70|103	31|47	70|103	32|123|128|53|106|130|142|45|49|108|73|7|21|129|71|33|55|96|48|125	0.212898	0.333333	0.952358	0.897992	0.981341	0.976524
571	31|54|96|103	31|96	54|103	28|32|53|0|77|130|12|58|108|107|49|132|42|79|21|35|125|110|48|55	0.214966	0.333333	0.912223	0.854912	0.959178	0.958797
572	54|70|103|125	54|103	70|125	53|28|32|1|143|45|113|106|75|63|108|7|82|11|129|81|110|15|31|47	0.232828	0.333333	0.983834	0.960278	0.994473	0.99433
573	15|54|96|109	15|54	96|109	116|114|128|53|77|134|142|130|107|73|139|63|71|21|33|42|55|126|47|110	0.235439	0.333333	0.981644	0.957417	0.992833	0.992583
574	47|54|70|126	47|54	70|126	123|32|0|40|58|113|141|77|121|119|108|88|33|3|79|129|109|55|48|110	0.238764	0.333333	0.948256	0.890291	0.977688	0.97668
575	48|54|103|109	48|54	103|109	32|123|53|128|142|106|136|143|119|132|88|63|42|3|71|81|47|31|96|55	0.236059	0.333333	0.986704	0.966485	0.994519	0.993452
576	15|31|55|126	15|126	31|55	53|1|123|32|113|142|130|106|7|22|132|63|3|35|71|127|48|125|96|54	0.227397	0.333333	0.968832	0.923668	0.986025	0.985749
577	31|35|71|96	31|35	71|96	105|32|83|28|5|141|4|134|107|139|88|104|11|82|81|3|70|55|47|15	0.227517	0.333333	0.98925	0.968076	0.995776	0.995279
578	31|48|109|110	31|109	48|110	138|1|128|116|12|4|136|45|7|107|132|108|3|42|129|11|15|54|126|55	0.24262	0.333333	0.985648	0.958621	0.994573	0.992718
579	55|70|103|110	55|70	103|110	123|28|0|40|77|45|113|4|49|75|121|22|42|35|82|120|96|15|109|47	0.24077	0.333333	0.980408	0.951059	0.990961	0.988974
580	48|55|96|126	48|55	96|126	53|128|40|0|4|136|113|45|119|75|7|132|3|42|71|82|109|47|31|110	0.218457	0.25	0.980911	0.945376	0.991885	0.991778
581	35|96|109|110	35|109	96|110	28|114|116|83|134|136|143|5|7|107|119|132|71|81|3|11|47|70|55|31	0.246926	0.333333	0.987337	0.966072	0.994823	0.993687
582	15|47|96|103	15|103	47|96	0|53|128|40|12|4|58|77|49|107|88|22|117|81|120|21|55|110|125|48	0.203538	0.333333	0.909198	0.830083	0.960171	0.943119
583	48|70|71|96	48|70	71|96	95|28|105|32|5|113|136|45|108|139|104|75|82|3|42|11|55|47|103|110	0.242744	0.333333	0.985844	0.962716	0.994858	0.99414
584	55|70|71|126	55|70	71|126	1|0|53|32|58|136|45|77|75|63|119|49|42|129|117|3|125|54|47|110	0.235233	0.333333	0.973616	0.933952	0.988104	0.985876
585	47|70|110|125	47|70	110|125	105|0|28|138|4|5|113|106|139|119|108|75|129|11|3|81|15|126|103|55	0.23144	0.333333	0.958959	0.907998	0.983846	0.976434
586	47|109|110|125	47|109	110|125	105|128|40|0|45|136|134|4|119|139|7|75|71|3|81|129|70|126|54|103	0.228187	0.333333	0.9769	0.939701	0.991419	0.98999
587	47|55|96|110	47|55	96|110	32|116|28|128|134|77|113|58|119|75|107|139|120|71|117|79|54|31|103|70	0.22355	0.333333	0.964313	0.914101	0.985707	0.981468
588	31|70|109|110	31|70	109|110	114|32|95|1|4|134|106|5|104|22|108|49|21|35|129|42|48|126|55|15	0.237374	0.333333	0.959614	0.91427	0.983104	0.981513
589	48|54|55|126	48|55	54|126	123|40|128|32|142|106|113|141|7|107|119|63|42|129|71|82|47|70|96|31	0.229073	0.333333	0.983182	0.953871	0.993306	0.993057
590	47|55|70|71	47|70	55|71	83|32|138|123|5|77|142|134|119|75|121|49|79|127|129|21|31|110|48|103	0.223495	0.333333	0.939091	0.868998	0.974368	0.967858
591	31|70|125|126	31|126	70|125	28|1|0|123|12|106|141|136|73|7|108|63|129|81|11|42|47|96|54|55	0.208584	0.333333	0.983992	0.958671	0.993734	0.991111
592	15|31|55|96	15|31	55|96	138|105|53|128|130|113|5|141|132|7|121|107|21|71|117|42|54|126|103|70	0.228639	0.333333	0.982008	0.956621	0.991992	0.989051
593	31|35|70|110	31|70	35|110	116|95|128|32|5|12|106|113|7|139|107|73|3|71|11|129|47|55|54|96	0.244419	0.333333	0.98675	0.965781	0.994257	0.994015
594	35|47|55|110	35|47	55|110	28|128|138|95|5|143|45|130|119|107|7|139|3|71|82|129|15|109|70|103	0.240742	0.333333	0.966331	0.916623	0.986504	0.98511
595	31|47|48|55	31|47	48|55	32|114|0|53|4|134|130|113|139|75|7|107|82|3|129|71|109|15|96|103	0.218734	0.25	0.967965	0.91773	0.987126	0.984589
596	15|48|96|103	15|103	48|96	128|0|53|32|143|106|113|45|119|107|132|108|42|82|71|81|110|54|70|47	0.239607	0.333333	0.989943	0.97147	0.996076	0.996048
597	54|55|109|126	54|55	109|126	0|32|53|128|143|142|136|58|22|121|107|63|120|129|33|127|31|15|48|110	0.232672	0.333333	0.950622	0.888411	0.978968	0.977074
598	31|54|109|125	31|54	109|125	1|123|114|95|134|45|106|136|75|108|132|104|11|42|71|129|15|70|96|47	0.229912	0.333333	0.987416	0.968508	0.994966	0.994004
599	15|35|54|126	15|35	54|126	123|53|1|128|142|106|113|143|63|119|132|108|82|42|81|3|70|55|31|110	0.254202	0.333333	0.98227	0.951045	0.992626	0.988489
600	48|109|110|126	48|109	110|126	40|128|0|32|106|45|12|143|108|7|75|132|11|129|81|42|55|54|70|96	0.239013	0.333333	0.978763	0.942195	0.99127	0.987202
601	15|55|109|125	15|55	109|125	53|95|1|116|4|134|136|142|139|119|107|7|42|3|129|71|31|54|103|110	0.228507	0.333333	0.983383	0.957763	0.99189	0.9876
602	31|55|71|109	31|71	55|109	123|105|53|1|142|58|77|106|63|139|22|107|3|117|120|33|103|110|126|15	0.232245	0.333333	0.970069	0.922789	0.986949	0.981685
603	31|48|103|110	31|48	103|110	128|32|0|123|106|12|45|113|75|107|7|73|11|3|71|81|96|109|15|55	0.229615	0.333333	0.978505	0.943077	0.990955	0.990349
604	35|55|71|110	35|71	55|110	138|28|83|95|136|113|45|5|132|107|119|139|42|82|129|3|109|54|96|103	0.255729	0.333333	0.969739	0.924411	0.987206	0.979355
605	15|47|54|55	15|47	54|55	123|138|105|32|106|141|134|77|7|104|22|107|35|79|21|129|103|31|110|70	0.229687	0.333333	0.961349	0.908476	0.984808	0.983715
606	15|55|70|110	15|55	70|110	123|138|32|128|136|106|45|143|75|22|49|104|82|117|129|127|54|96|47|126	0.244121	0.333333	0.9753	0.948204	0.989391	0.9869
607	47|71|110|126	47|71	110|126	28|32|1|0|12|77|106|4|73|75|107|132|3|21|81|127|109|96|31|54	0.237567	0.333333	0.963394	0.910021	0.986647	0.986304
608	35|47|70|110	35|70	47|110	83|95|0|123|4|143|45|5|75|73|139|119|129|81|82|71|103|109|126|55	0.243796	0.333333	0.963641	0.912667	0.986492	0.981558
609	15|31|47|48	15|31	47|48	83|116|1|0|45|113|136|4|75|139|7|104|3|82|129|71|55|70|54|126	0.231382	0.333333	0.979708	0.9453	0.992958	0.988547
610	54|55|103|109	54|55	103|109	32|28|123|0|130|142|136|141|75|132|119|107|129|71|21|35|31|15|70|110	0.25916	0.333333	0.977257	0.945788	0.990151	0.987804
611	31|54|70|103	31|54	70|103	123|1|28|53|113|106|142|12|107|73|108|75|42|82|79|129|125|15|96|110	0.238965	0.333333	0.973172	0.943112	0.988645	0.987712
612	47|71|103|125	47|103	71|125	32|53|1|28|106|12|45|141|63|73|107|119|3|11|81|82|15|31|55|54	0.215037	0.333333	0.976541	0.934694	0.99159	0.986713
613	55|70|103|125	55|103	70|125	128|0|123|32|136|141|130|143|119|63|7|107|3|129|71|82|110|31|15|47	0.222118	0.333333	0.986503	0.963712	0.994193	0.993918
614	48|54|96|126	48|96	54|126	128|40|32|0|106|12|141|143|7|108|132|63|11|3|82|71|31|55|109|110	0.229953	0.333333	0.976308	0.939575	0.991062	0.988973
615	31|35|96|126	31|96	35|126	0|128|53|28|130|141|142|113|107|63|75|7|82|81|42|3|70|15|55|47	0.223102	0.285714	0.982898	0.954883	0.992825	0.991713
616	15|31|96|125	15|125	31|96	128|83|0|53|134|136|142|4|107|139|108|7|81|3|42|82|55|54|47|110	0.213754	0.333333	0.989686	0.97091	0.996085	0.994331
617	31|35|47|96	31|35	47|96	83|53|114|95|130|106|45|5|139|75|107|104|3|81|82|11|103|15|110|54	0.218776	0.285714	0.977614	0.940182	0.991949	0.988131
618	47|48|55|110	47|48	55|110	105|83|116|138|4|5|130|134|75|104|132|139|3|71|129|82|109|31|70|96	0.225072	0.333333	0.964532	0.915842	0.986254	0.986053
619	15|48|55|103	15|103	48|55	128|40|32|0|141|4|113|143|132|75|7|107|3|129|82|42|70|47|109|96	0.231217	0.333333	0.985697	0.962208	0.993567	0.99169
620	15|47|48|109	15|47	48|109	116|0|83|123|136|4|130|5|132|108|75|107|129|3|71|11|54|55|110|31	0.260159	0.333333	0.977882	0.941584	0.991979	0.989059
621	47|70|96|109	47|70	96|109	32|116|114|53|58|136|106|143|119|22|73|49|71|33|79|117|125|15|54|103	0.225361	0.333333	0.970718	0.925381	0.988502	0.982755
622	54|55|71|125	54|55	71|125	95|138|28|116|143|136|45|134|132|75|139|63|42|129|82|3|15|96|31|109	0.228849	0.333333	0.982492	0.954609	0.992383	0.988402
623	31|48|70|126	31|48	70|126	128|0|53|28|106|113|141|45|88|75|108|73|81|11|3|71|47|54|55|109	0.229888	0.333333	0.983352	0.956065	0.993192	0.991388
624	48|55|70|96	48|55	70|96	138|0|128|116|106|142|143|136|63|119|7|107|71|82|3|42|126|54|15|103	0.232836	0.333333	0.980872	0.94697	0.992087	0.991977
625	15|31|35|71	15|31	35|71	0|114|123|83|5|4|113|12|107|104|75|73|3|129|42|81|126|54|96|70	0.24275	0.333333	0.993099	0.981132	0.997701	0.997233
626	47|71|96|126	47|96	71|126	32|28|40|0|136|106|5|12|75|63|108|22|117|81|3|11|55|48|70|15	0.229279	0.333333	0.962867	0.908279	0.984804	0.982262
627	31|47|71|110	31|71	47|110	1|83|0|95|136|45|5|113|49|139|104|73|120|81|127|79|103|125|109|55	0.221634	0.333333	0.954278	0.88981	0.981983	0.974551
628	31|47|125|126	31|125	47|126	0|28|53|32|113|142|45|130|132|73|108|88|11|3|81|82|109|110|55|15	0.207173	0.25	0.958004	0.902568	0.983032	0.975213
629	47|48|70|71	47|70	48|71	32|105|116|114|142|4|106|5|73|107|75|108|82|11|129|81|96|110|103|31	0.238617	0.333333	0.96592	0.923461	0.988516	0.984224
630	54|55|103|125	54|125	55|103	40|28|1|0|130|142|143|136|107|119|63|7|129|82|71|3|31|110|96|109	0.222654	0.333333	0.983348	0.954257	0.99295	0.990017
631	35|71|103|109	35|71	103|109	123|28|32|53|142|45|12|141|63|75|73|107|11|42|81|129|96|55|70|31	0.240465	0.333333	0.987883	0.964362	0.995559	0.994372
632	31|54|70|125	31|54	70|125	1|114|128|28|113|134|130|141|88|139|63|108|42|82|71|129|96|126|15|55	0.224665	0.333333	0.974748	0.942573	0.991527	0.99119
633	48|54|103|110	48|54	103|110	28|128|1|32|113|12|136|106|107|7|73|119|129|82|3|81|109|47|55|70	0.244042	0.333333	0.987571	0.966314	0.994714	0.993164
634	15|55|70|103	15|55	70|103	32|1|0|53|141|142|45|77|121|75|22|119|82|3|79|35|47|110|54|109	0.246058	0.333333	0.975933	0.946052	0.988837	0.98438
635	15|31|47|96	15|31	47|96	0|95|105|128|45|106|142|113|139|104|7|132|117|3|33|120|70|48|109|103	0.224532	0.333333	0.967308	0.917485	0.987664	0.983845
636	47|71|103|125	47|103	71|125	1|40|32|123|143|4|5|142|119|108|75|88|11|129|81|3|109|55|15|96	0.212779	0.333333	0.970699	0.922993	0.988617	0.982482
637	54|103|109|110	54|103	109|110	32|1|0|123|58|136|12|106|107|75|108|88|127|120|129|79|70|31|96|15	0.25229	0.333333	0.979429	0.946818	0.99149	0.990932
638	15|31|35|47	15|31	35|47	116|123|114|1|142|141|134|130|108|63|104|73|81|129|3|71|126|70|55|110	0.231204	0.333333	0.979619	0.942095	0.992724	0.988109
639	70|96|109|126	70|96	109|126	28|0|40|128|106|77|45|58|107|119|22|88|21|79|81|120|55|48|15|47	0.229124	0.333333	0.974552	0.93709	0.98941	0.988506
640	55|96|103|109	55|96	103|109	40|32|128|28|141|106|130|142|107|49|75|22|3|120|33|117|70|110|31|48	0.223205	0.333333	0.972853	0.9298	0.988378	0.983495
641	15|48|54|96	15|48	54|96	95|83|32|105|141|143|134|45|63|139|7|132|3|82|71|11|31|126|110|55	0.236614	0.333333	0.971688	0.935876	0.989372	0.984137
642	48|55|96|126	48|55	96|126	40|53|128|0|142|130|5|136|119|75|63|107|82|42|3|71|110|15|54|31	0.220837	0.25	0.977217	0.936452	0.990781	0.99014
643	48|71|103|109	48|71	103|109	1|123|0|32|12|45|106|141|107|132|63|108|81|42|129|3|47|55|54|70	0.248567	0.333333	0.993445	0.980614	0.997159	0.9966
644	31|71|103|109	31|71	103|109	0|1|123|32|106|4|12|141|107|73|75|22|120|127|129|11|54|55|47|110	0.238103	0.333333	0.991406	0.976026	0.9964	0.995995
645	31|54|71|109	31|54	71|109	114|116|32|53|12|58|106|142|121|49|132|107|120|21|129|127|126|103|70|125	0.236654	0.333333	0.977944	0.94384	0.99158	0.990673
646	48|54|110|126	48|54	110|126	28|32|0|123|106|130|12|136|73|7|88|75|129|82|42|3|31|70|47|96	0.241316	0.333333	0.984257	0.957447	0.993676	0.991627
647	31|96|110|126	31|96	110|126	28|32|0|128|4|77|5|45|88|107|7|108|33|11|21|79|15|125|54|109	0.219067	0.333333	0.968536	0.922118	0.986818	0.982086
648	71|96|103|109	71|96	103|109	32|53|0|28|45|141|4|12|108|73|119|107|3|120|11|81|54|70|31|125	0.24329	0.333333	0.990595	0.972075	0.996202	0.995439
649	31|54|96|110	31|54	96|110	116|32|0|128|136|45|130|113|75|139|73|107|127|81|42|79|125|103|109|47	0.235839	0.333333	0.982919	0.953418	0.9927	0.992289
650	15|31|54|70	15|31	54|70	138|95|83|123|142|136|106|58|104|88|108|63|35|82|81|33|109|48|55|126	0.240728	0.333333	0.979771	0.952276	0.992375	0.989553
651	47|48|109|110	47|109	48|110	0|138|1|116|134|5|136|106|119|88|108|132|11|81|71|3|15|126|54|103	0.248398	0.333333	0.975192	0.936504	0.990893	0.989168
652	48|54|55|96	48|54	55|96	95|53|28|138|130|113|45|143|75|139|7|119|3|82|42|71|126|47|15|31	0.229919	0.333333	0.982771	0.954397	0.993189	0.991968
653	35|47|71|110	35|71	47|110	32|114|95|138|106|136|45|143|88|107|132|75|129|82|11|81|55|126|109|54	0.248068	0.333333	0.972829	0.930586	0.991187	0.98612
654	47|55|96|110	47|55	96|110	128|83|114|105|106|58|4|143|75|22|104|49|21|33|71|3|103|126|15|54	0.206759	0.333333	0.966709	0.916171	0.987126	0.982628
655	54|71|109|110	54|71	109|110	83|114|95|40|58|45|106|12|75|49|119|139|79|127|33|21|70|103|126|125	0.231443	0.333333	0.970253	0.929138	0.98841	0.987828
656	15|31|48|110	15|31	48|110	128|1|83|105|136|4|113|130|108|7|75|73|71|82|42|129|109|126|55|47	0.241732	0.333333	0.987589	0.966328	0.99543	0.993868
657	15|31|70|126	15|31	70|126	123|53|32|1|4|12|5|130|88|121|22|63|21|33|42|82|55|109|125|54	0.230235	0.333333	0.96944	0.928154	0.986721	0.98298
658	15|70|103|110	15|70	103|110	123|32|1|40|136|5|77|4|75|88|119|73|21|82|11|33|125|47|48|96	0.237273	0.333333	0.984561	0.958916	0.993719	0.99363
659	15|31|55|110	15|31	55|110	1|32|0|138|4|58|5|77|132|75|139|22|71|82|129|127|54|47|109|125	0.235454	0.333333	0.974823	0.939259	0.988679	0.985171
660	31|48|103|109	31|48	103|109	0|53|28|123|136|12|4|130|75|132|108|7|42|71|81|129|15|47|110|70	0.233981	0.333333	0.985231	0.960866	0.994273	0.994176
661	15|55|71|109	15|55	71|109	114|53|95|0|134|141|142|77|63|121|75|139|3|33|79|42|47|103|31|54	0.235946	0.333333	0.976852	0.951039	0.989711	0.983718
662	54|70|96|110	54|70	96|110	138|114|116|95|77|12|58|45|22|104|88|139|21|11|120|79|109|126|15|55	0.22466	0.333333	0.968164	0.927047	0.987277	0.985299
663	31|47|54|109	31|54	47|109	128|105|95|0|77|130|141|134|121|108|73|75|117|79|81|127|110|55|70|103	0.232093	0.333333	0.96613	0.917859	0.98701	0.983437
664	48|54|70|96	48|54	70|96	32|138|95|114|130|45|134|143|75|73|104|107|71|81|42|82|47|55|31|109	0.232803	0.333333	0.985162	0.960859	0.994673	0.994408
665	54|71|109|110	54|71	109|110	116|105|0|32|12|77|136|58|73|107|88|108|127|81|11|79|47|126|103|125	0.244499	0.333333	0.98472	0.960884	0.99409	0.994062
666	47|54|70|110	47|54	70|110	0|28|116|83|12|77|143|134|107|121|75|119|21|3|127|71|109|31|96|48	0.251462	0.333333	0.9589	0.903816	0.982927	0.981844
667	47|48|70|71	47|70	48|71	83|116|123|32|45|136|113|12|63|88|73|119|82|81|129|3|15|103|55|96	0.241968	0.333333	0.962171	0.908732	0.986197	0.97959
668	31|70|71|126	31|70	71|126	32|28|123|53|12|4|142|141|73|75|108|63|117|81|79|3|48|15|55|54	0.236705	0.333333	0.972618	0.930259	0.988751	0.987977
669	31|54|96|110	31|54	96|110	95|32|114|0|12|134|130|77|107|88|139|49|42|117|127|82|103|48|125|47	0.217522	0.333333	0.978347	0.942668	0.991215	0.990918
670	55|70|96|109	55|70	96|109	28|32|105|0|58|5|77|143|119|107|75|22|42|35|71|3|126|125|31|110	0.238772	0.333333	0.958143	0.909464	0.981563	0.978292
671	35|54|109|110	35|54	109|110	1|95|105|83|12|130|143|136|75|88|107|132|129|3|71|11|126|103|31|70	0.259766	0.333333	0.973977	0.93837	0.989888	0.989549
672	31|54|55|96	31|54	55|96	83|114|32|116|77|142|45|130|63|75|49|139|117|42|21|71|109|103|70|110	0.220353	0.333333	0.977166	0.940629	0.990246	0.986299
673	15|54|110|125	15|54	110|125	83|40|0|32|130|113|136|143|132|119|7|104|129|71|11|42|103|96|31|70	0.249661	0.333333	0.980996	0.947034	0.992669	0.991586
674	31|71|109|125	31|71	109|125	1|32|138|53|136|5|141|45|88|63|132|75|3|129|42|11|103|70|96|110	0.230968	0.333333	0.987751	0.962952	0.995165	0.994953
675	15|35|71|96	15|35	71|96	95|40|0|105|113|142|45|134|75|104|139|107|42|11|3|82|103|55|31|109	0.246007	0.333333	0.988027	0.966497	0.996079	0.994871
676	31|71|96|103	31|96	71|103	53|28|0|32|136|113|141|106|75|49|22|88|11|82|35|42|55|47|48|125	0.218972	0.333333	0.984903	0.961208	0.994109	0.992181
677	15|31|70|103	15|31	70|103	0|53|32|1|142|106|77|141|108|107|75|22|81|3|120|117|109|96|110|125	0.241187	0.333333	0.975068	0.939593	0.98919	0.988823
678	15|96|110|126	15|96	110|126	0|32|40|128|143|113|58|45|132|49|22|108|81|79|11|120|109|70|54|55	0.238764	0.333333	0.978551	0.940837	0.991189	0.985759
679	35|47|71|103	35|47	71|103	28|123|32|53|141|4|113|136|63|75|119|108|81|82|129|11|110|54|109|15	0.247623	0.333333	0.972419	0.927592	0.990143	0.985455
680	54|55|96|126	54|126	55|96	32|40|128|53|130|77|113|58|63|119|107|75|127|120|21|3|109|110|31|70	0.22746	0.333333	0.964831	0.91025	0.9852	0.984211
681	71|96|110|126	71|96	110|126	32|40|28|0|4|12|143|45|108|132|22|119|11|35|117|127|70|55|47|125	0.23715	0.333333	0.982704	0.950307	0.992895	0.989726
682	71|96|110|126	71|96	110|126	28|32|0|40|5|12|58|77|108|49|73|75|21|117|79|42|47|48|125|109	0.219622	0.333333	0.976969	0.936069	0.990612	0.987129
683	15|47|48|70	15|47	48|70	83|116|138|95|45|4|136|134|63|73|75|88|11|82|129|71|96|54|55|126	0.232845	0.333333	0.97364	0.934186	0.991939	0.990134
684	70|96|103|109	70|96	103|109	40|53|0|32|141|4|12|5|73|108|22|88|127|35|117|120|54|48|125|15	0.230029	0.333333	0.976619	0.94106	0.990651	0.988183
685	15|47|55|125	15|125	47|55	114|0|95|123|45|4|141|143|139|119|7|104|3|129|71|82|54|70|31|103	0.213768	0.333333	0.972775	0.930925	0.988937	0.983164
686	31|35|54|96	31|35	54|96	95|32|53|0|136|141|106|12|108|75|139|7|81|11|82|3|70|110|47|55	0.23757	0.333333	0.987246	0.967176	0.995203	0.994622
687	47|48|70|103	47|48	70|103	28|0|128|53|5|142|143|106|119|75|108|88|11|81|71|3|96|109|110|15	0.231455	0.333333	0.970129	0.926355	0.988051	0.985193
688	55|70|71|126	55|70	71|126	40|123|0|1|113|106|45|142|75|121|49|22|129|33|21|42|109|96|15|47	0.236911	0.333333	0.977792	0.943504	0.98965	0.988023
689	35|54|55|126	35|55	54|126	0|32|123|28|142|130|143|136|7|107|75|119|71|82|42|129|96|70|47|109	0.243984	0.333333	0.984564	0.955693	0.993332	0.993297
690	15|35|54|109	15|35	54|109	128|114|105|95|134|130|45|136|75|88|104|7|129|42|71|11|126|55|110|70	0.250765	0.333333	0.981058	0.955079	0.993221	0.98955
691	47|70|71|125	47|70	71|125	83|40|28|53|134|106|4|113|139|63|119|73|129|3|82|81|96|31|55|15	0.227247	0.333333	0.968049	0.91746	0.987603	0.980255
692	47|54|103|109	47|54	103|109	40|32|128|0|143|142|12|58|132|75|119|7|120|11|35|79|31|96|110|125	0.227754	0.333333	0.965747	0.91749	0.986389	0.979991
693	15|54|55|126	15|55	54|126	128|53|1|123|77|58|142|136|121|22|63|75|120|127|33|3|47|125|110|48	0.22182	0.333333	0.960709	0.907916	0.982626	0.981383
694	15|54|55|103	15|55	54|103	123|40|0|53|142|45|106|113|119|75|132|49|120|42|3|82|47|125|31|110	0.244401	0.333333	0.978341	0.947457	0.990412	0.986998
695	15|35|47|71	15|35	47|71	53|123|32|138|141|136|4|5|132|119|107|139|11|129|82|3|126|103|96|54	0.252414	0.333333	0.974904	0.934319	0.991361	0.987347
696	15|31|109|125	15|31	109|125	116|53|1|83|106|142|134|130|75|132|104|73|3|71|42|81|103|54|47|110	0.226584	0.333333	0.99123	0.975953	0.996314	0.994852
697	31|47|125|126	31|125	47|126	53|0|1|32|130|142|12|113|73|108|132|63|82|81|11|129|96|109|55|110	0.201743	0.25	0.959014	0.906275	0.984457	0.978217
698	47|55|71|96	47|55	71|96	83|28|116|0|136|141|134|142|119|107|132|49|33|3|82|127|126|54|48|31	0.22521	0.333333	0.957521	0.897206	0.982948	0.974478
699	48|54|70|96	48|54	70|96	83|116|0|128|141|136|143|113|75|139|73|63|81|11|42|71|110|47|15|126	0.237763	0.333333	0.979804	0.951346	0.992972	0.992365
700	54|71|103|110	54|71	103|110	123|32|0|28|113|106|77|58|22|75|88|49|21|33|11|129|31|70|55|15	0.245853	0.333333	0.980593	0.945372	0.991908	0.990535
701	47|54|109|110	47|54	109|110	40|123|28|114|58|136|12|45|73|139|49|104|129|35|81|11|31|55|126|125	0.225324	0.285714	0.944714	0.889706	0.979054	0.97167
702	55|70|96|110	55|70	96|110	0|138|114|116|143|113|5|130|75|22|49|121|82|21|3|117|31|48|125|47	0.233551	0.333333	0.968394	0.92264	0.986114	0.982235
703	54|71|96|125	54|96	71|125	95|40|32|114|45|106|136|113|119|104|75|139|42|82|11|81|126|55|31|47	0.221406	0.333333	0.987684	0.969166	0.995982	0.994559
704	15|70|96|126	15|96	70|126	0|32|40|53|4|130|58|113|7|73|63|107|81|71|120|11|109|48|125|31	0.238678	0.333333	0.968619	0.920523	0.987267	0.983507
705	31|35|103|110	31|35	103|110	128|28|0|123|45|5|130|113|107|88|7|75|82|71|42|81|54|55|15|96	0.23949	0.333333	0.980099	0.944882	0.99209	0.99042
706	31|54|55|110	31|54	55|110	128|1|28|123|136|113|106|58|132|139|49|121|21|33|82|35|48|125|96|47	0.228865	0.333333	0.971651	0.927061	0.987727	0.983434
707	70|96|110|125	70|96	110|125	116|32|114|0|45|12|136|106|104|7|108|88|3|82|11|42|109|47|126|15	0.228531	0.333333	0.986442	0.963961	0.99487	0.994457
708	15|48|96|110	15|48	96|110	116|40|83|114|12|5|113|143|119|75|107|73|42|71|81|82|103|47|109|126	0.233399	0.333333	0.986663	0.962451	0.99511	0.994072
709	31|54|71|96	31|54	71|96	32|105|95|83|58|141|113|77|108|132|73|139|3|35|33|82|125|70|126|55	0.228476	0.333333	0.982521	0.955895	0.993972	0.992875
710	15|31|96|125	15|125	31|96	53|128|138|83|5|142|113|134|104|108|132|88|71|3|42|11|47|54|103|109	0.210161	0.333333	0.989777	0.97091	0.996326	0.99516
711	15|54|103|109	15|54	103|109	123|128|1|53|136|143|142|12|49|63|108|119|71|120|129|81|48|31|96|47	0.242134	0.333333	0.988585	0.969886	0.995097	0.994106
712	31|35|71|96	31|35	71|96	83|53|114|138|136|12|45|134|88|108|132|75|3|42|82|11|70|55|110|47	0.228969	0.333333	0.990652	0.972805	0.996313	0.996071
713	31|35|71|96	31|35	71|96	83|116|114|105|113|136|4|5|63|88|73|139|81|3|11|42|55|126|47|109	0.219789	0.333333	0.990279	0.972214	0.996596	0.996204
714	31|70|96|110	31|70	96|110	105|28|32|116|130|113|106|77|104|121|88|7|120|3|33|11|109|55|48|103	0.236552	0.333333	0.969645	0.92804	0.987788	0.986128
715	15|70|109|110	15|70	109|110	40|32|83|114|4|5|58|77|104|121|7|73|3|127|71|79|54|126|125|31	0.241122	0.333333	0.979408	0.944091	0.991768	0.990209
716	31|47|125|126	31|125	47|126	28|128|123|1|12|113|106|5|132|107|7|63|11|3|81|82|70|96|110|54	0.202028	0.25	0.971133	0.930633	0.988706	0.98297
717	31|47|54|110	31|54	47|110	1|95|83|138|77|106|113|45|88|107|132|22|33|79|21|3|48|125|103|70	0.228001	0.333333	0.951272	0.881832	0.980776	0.974336
718	15|55|70|109	15|55	70|109	128|105|32|83|134|130|106|45|75|119|107|104|129|127|117|42|103|48|126|31	0.24421	0.333333	0.95699	0.907444	0.981189	0.979973
719	31|35|70|96	31|35	70|96	128|53|0|83|45|113|142|136|108|104|63|73|81|11|82|42|110|126|103|15	0.232836	0.333333	0.962706	0.922838	0.986122	0.980967
720	55|96|110|126	55|96	110|126	28|128|40|32|106|136|4|143|75|49|7|107|21|71|127|35|70|54|47|15	0.22303	0.333333	0.981132	0.947723	0.991671	0.989563
721	31|35|71|110	31|71	35|110	32|0|28|123|136|45|12|4|73|139|132|107|82|3|129|42|70|96|103|15	0.25663	0.333333	0.986257	0.960243	0.994326	0.992806
722	35|55|96|103	35|103	55|96	128|28|0|40|106|143|141|113|132|107|63|75|42|3|71|82|109|47|110|54	0.228408	0.285714	0.985792	0.959828	0.993241	0.989954
723	47|55|96|126	47|55	96|126	28|40|0|32|113|4|106|143|132|22|121|63|21|82|71|79|31|15|48|110	0.215676	0.25	0.943847	0.872096	0.976663	0.973191
724	47|48|54|55	47|48	54|55	138|105|128|53|113|143|141|45|119|139|132|104|82|3|129|71|110|15|70|103	0.230722	0.333333	0.966288	0.913368	0.986947	0.984086
725	35|47|54|110	35|54	47|110	128|28|32|1|130|45|134|106|7|104|75|73|71|3|129|11|109|96|70|103	0.249776	0.333333	0.975695	0.935399	0.990544	0.985544
726	54|55|125|126	54|125	55|126	0|53|40|28|130|141|45|113|119|7|75|63|42|3|71|82|109|110|31|96	0.223555	0.333333	0.979285	0.942621	0.990792	0.986127
727	70|103|109|125	70|103	109|125	40|28|53|123|136|130|5|106|119|75|63|88|71|3|11|42|47|110|31|55	0.231548	0.333333	0.986774	0.965971	0.994441	0.993642
728	31|47|71|96	31|47	71|96	28|114|116|0|4|142|141|12|49|104|63|22|35|11|21|120|70|15|55|125	0.21484	0.333333	0.966009	0.914347	0.986818	0.982299
729	47|54|103|109	47|54	103|109	28|123|0|32|141|12|130|58|75|22|49|108|79|21|71|127|110|125|96|48	0.228817	0.333333	0.955682	0.90227	0.981524	0.974554
730	31|71|103|110	31|71	103|110	32|28|1|123|136|45|12|58|73|75|107|108|11|33|35|82|70|96|55|54	0.23904	0.333333	0.985986	0.961634	0.99429	0.993227
731	15|47|109|110	15|47	109|110	95|116|123|32|4|58|134|130|88|139|132|108|79|120|3|81|48|103|125|70	0.245175	0.333333	0.967525	0.918076	0.987753	0.985195
732	31|47|109|110	31|109	47|110	32|0|1|128|5|45|136|77|75|88|139|7|120|35|129|33|54|15|55|125	0.232023	0.333333	0.966984	0.913492	0.987023	0.980699
733	15|35|70|109	15|35	70|109	95|0|32|83|134|136|130|142|75|88|119|107|81|129|42|3|54|31|103|110	0.268514	0.333333	0.986221	0.961921	0.994095	0.993105
734	48|55|103|109	48|55	103|109	1|28|123|53|4|130|141|142|119|132|7|75|3|129|71|42|70|31|54|15	0.235245	0.333333	0.9871	0.962553	0.994287	0.992524
735	15|103|109|110	15|103	109|110	123|128|32|40|12|4|58|106|107|75|22|88|3|129|21|71|47|125|48|55	0.23909	0.333333	0.984256	0.955908	0.993211	0.991314
736	31|47|71|96	31|47	71|96	95|32|28|83|45|113|4|12|108|75|107|104|127|21|120|79|125|109|70|110	0.224396	0.333333	0.963532	0.910332	0.98639	0.982257
737	47|54|70|126	47|54	70|126	123|53|32|1|58|106|136|77|119|75|73|7|81|120|71|79|96|109|110|55	0.233936	0.333333	0.958465	0.903168	0.982633	0.980963
738	47|48|109|126	47|48	109|126	128|28|40|53|130|142|4|45|7|88|63|132|3|11|129|81|54|15|96|110	0.228082	0.333333	0.967369	0.917855	0.986861	0.985153
739	35|47|96|110	35|47	96|110	138|95|128|116|130|134|5|45|73|139|119|88|11|81|71|82|15|31|109|70	0.231259	0.333333	0.969786	0.926291	0.98926	0.987105
740	15|48|103|109	15|48	103|109	0|1|40|123|45|4|143|136|75|119|88|107|11|42|129|81|31|110|55|47	0.239473	0.333333	0.987191	0.965286	0.995344	0.994404
741	31|54|125|126	31|126	54|125	1|28|32|53|45|12|113|130|63|108|107|7|82|11|42|81|47|110|15|55	0.217348	0.333333	0.973224	0.937811	0.989667	0.987244
742	15|35|47|96	15|47	35|96	114|128|32|116|134|45|130|143|119|7|108|88|11|81|3|71|109|54|55|31	0.23429	0.333333	0.977709	0.937466	0.991479	0.987654
743	54|71|96|109	54|71	96|109	105|95|116|53|45|142|106|58|139|75|121|107|117|35|81|21|126|15|110|55	0.24922	0.333333	0.962665	0.927938	0.985052	0.984176
744	15|47|103|109	15|47	103|109	40|53|1|123|136|106|143|12|107|119|73|22|3|129|21|35|110|96|48|31	0.235307	0.333333	0.9673	0.91631	0.987281	0.981728
745	31|47|54|126	31|47	54|126	53|1|28|0|45|130|106|58|75|73|121|107|21|35|3|33|110|55|109|125	0.224325	0.333333	0.939786	0.874967	0.974614	0.973754
746	47|70|96|110	47|70	96|110	0|128|83|28|106|12|113|45|104|7|75|139|127|82|35|117|125|55|109|103	0.230676	0.333333	0.958992	0.903142	0.984891	0.979429
747	71|110|125|126	71|125	110|126	40|0|123|32|136|106|45|4|75|119|107|108|82|42|81|3|15|96|54|70	0.243041	0.333333	0.98145	0.948226	0.991964	0.986829
748	31|55|96|103	31|55	96|103	128|53|32|0|142|136|58|141|63|107|75|49|127|33|3|71|54|48|70|15	0.207851	0.25	0.982737	0.952908	0.992389	0.990888
749	48|96|110|126	48|96	110|126	40|28|32|0|106|45|5|4|75|73|107|108|71|81|42|3|55|70|47|109	0.232687	0.333333	0.983137	0.952394	0.992726	0.9894
750	31|110|125|126	31|126	110|125	32|0|123|28|113|106|45|12|107|75|7|108|3|82|42|81|109|70|15|54	0.226023	0.333333	0.978605	0.94583	0.990616	0.988427
751	15|96|109|126	15|96	109|126	128|0|40|32|45|142|5|136|73|121|107|119|117|21|35|11|125|54|110|55	0.240411	0.333333	0.976976	0.936105	0.990134	0.987152
752	47|55|70|126	47|55	70|126	0|1|128|28|4|141|130|5|75|63|107|22|33|120|127|35|15|96|109|54	0.226274	0.333333	0.954744	0.891775	0.981428	0.978928
753	47|48|54|71	47|54	48|71	116|95|0|138|12|142|136|45|104|107|132|73|3|129|11|81|110|126|70|55	0.240322	0.333333	0.969317	0.924094	0.989253	0.983935
754	15|96|110|125	15|96	110|125	32|128|114|116|113|4|45|136|108|107|73|139|11|81|82|3|31|103|47|126	0.223802	0.333333	0.988031	0.965242	0.995897	0.995511
755	35|71|96|110	35|71	96|110	114|28|105|40|134|143|136|45|75|139|132|108|42|81|11|3|15|109|31|103	0.244061	0.333333	0.982539	0.949708	0.993317	0.989608
756	35|47|70|110	35|70	47|110	0|32|128|95|143|45|136|113|139|73|7|88|81|11|71|82|54|96|55|15	0.248497	0.333333	0.960989	0.910831	0.986295	0.980837
757	54|109|110|126	54|109	110|126	1|123|40|32|45|12|143|130|49|119|107|75|81|79|33|21|48|55|47|125	0.236293	0.333333	0.969417	0.92631	0.986994	0.986264
758	35|55|70|126	35|55	70|126	128|53|40|1|141|45|106|142|119|75|63|107|82|71|3|129|47|31|96|110	0.235899	0.333333	0.978485	0.945272	0.990533	0.990134
759	47|70|109|125	47|70	109|125	0|114|128|123|4|45|141|142|139|119|75|107|3|81|71|11|96|103|110|15	0.232036	0.333333	0.966467	0.921636	0.986977	0.981856
760	47|55|71|126	47|55	71|126	1|123|40|28|141|4|142|143|121|132|119|107|3|127|129|82|15|54|96|110	0.233263	0.333333	0.961285	0.903896	0.983757	0.980301
761	31|54|103|110	31|54	103|110	28|128|123|0|77|58|12|113|121|22|108|7|11|120|81|117|55|96|125|70	0.228605	0.333333	0.978837	0.942913	0.991396	0.990317
762	31|35|54|96	31|35	54|96	32|53|105|28|12|134|113|136|132|104|88|63|82|42|71|3|109|103|47|70	0.235184	0.333333	0.990977	0.97425	0.996485	0.996271
763	31|54|103|110	31|54	103|110	32|128|123|0|12|130|77|136|132|49|7|121|35|81|21|117|125|47|48|70	0.228605	0.333333	0.982127	0.950506	0.992137	0.99172
764	15|48|71|109	15|48	71|109	138|123|83|114|4|136|12|143|75|73|107|88|3|81|129|11|126|103|96|47	0.235184	0.333333	0.991145	0.973864	0.996878	0.996732
765	31|70|71|109	31|70	71|109	28|138|116|105|45|134|142|77|108|73|63|107|127|81|117|11|126|47|96|103	0.239024	0.333333	0.989329	0.969706	0.995726	0.994573
766	15|47|103|125	15|125	47|103	32|40|1|128|12|106|45|130|119|88|63|108|3|129|71|81|109|54|31|55	0.214799	0.333333	0.976971	0.936777	0.991763	0.986232
767	31|47|48|109	31|47	48|109	123|138|0|116|141|130|5|4|108|104|63|7|3|81|71|11|55|54|15|96	0.233006	0.333333	0.972821	0.929468	0.9893	0.984407
768	15|54|96|125	15|96	54|125	32|114|138|40|136|113|143|45|63|104|75|7|82|3|11|42|55|109|110|103	0.227522	0.333333	0.985073	0.961528	0.994493	0.9944
769	47|54|55|70	47|54	55|70	40|28|123|1|136|142|77|45|49|107|63|7|71|33|3|79|15|96|31|109	0.23996	0.333333	0.960827	0.906537	0.983213	0.981743
770	31|96|109|110	31|109	96|110	114|32|28|116|106|58|134|136|132|88|108|104|79|21|3|71|103|54|70|48	0.23681	0.333333	0.984273	0.954802	0.993885	0.99135
771	31|35|47|55	31|35	47|55	138|114|116|105|134|113|45|142|107|63|139|75|71|82|129|3|70|109|54|126	0.221445	0.285714	0.973908	0.928006	0.990043	0.983681
772	70|109|110|126	70|109	110|126	40|32|0|1|12|58|45|106|7|108|119|22|79|117|42|33|47|54|96|48	0.244198	0.333333	0.983006	0.951902	0.992759	0.989323
773	54|71|96|125	54|96	71|125	32|83|28|53|134|113|106|141|75|104|73|119|81|82|42|11|126|55|31|109	0.224461	0.333333	0.983757	0.960113	0.994358	0.992504
774	15|48|55|71	15|48	55|71	53|83|40|138|136|143|45|142|139|63|75|132|129|42|3|82|110|31|96|103	0.237027	0.333333	0.972168	0.935905	0.988182	0.984873
775	47|70|71|126	47|70	71|126	0|28|123|53|58|77|106|136|75|49|73|88|35|33|127|79|31|109|15|110	0.226929	0.333333	0.957524	0.898332	0.982939	0.977712
776	15|31|35|96	15|31	35|96	32|114|83|0|5|130|4|142|132|104|108|73|82|3|42|71|54|110|55|70	0.241927	0.333333	0.989223	0.969988	0.995717	0.995665
777	47|54|109|110	47|54	109|110	40|1|116|83|136|12|45|106|49|121|107|104|129|21|11|71|48|31|15|126	0.246333	0.333333	0.945537	0.891807	0.978965	0.972062
778	55|70|110|126	55|70	110|126	28|128|40|32|5|77|136|130|7|22|121|107|71|21|127|129|47|54|15|48	0.237615	0.333333	0.975015	0.936096	0.988857	0.98805
779	31|47|48|109	31|47	48|109	0|138|83|128|5|142|130|12|104|63|132|88|11|3|81|71|110|54|126|55	0.223335	0.333333	0.976018	0.93588	0.991492	0.987651
780	35|96|109|126	35|96	109|126	32|0|28|53|4|143|136|12|73|7|108|88|11|3|42|81|54|31|70|15	0.230761	0.333333	0.985793	0.959556	0.993923	0.9918
781	54|55|110|125	54|55	110|125	138|32|114|128|130|113|143|106|75|139|107|104|71|129|82|42|47|96|31|15	0.225132	0.333333	0.979443	0.948154	0.991259	0.990976
782	15|47|55|126	15|126	47|55	123|32|0|128|4|141|77|113|22|132|63|49|82|35|21|33|96|31|54|70	0.22105	0.333333	0.961006	0.908195	0.984558	0.979979
783	35|55|96|103	35|103	55|96	128|32|40|28|130|143|106|136|7|132|63|119|3|82|42|71|54|47|109|110	0.226989	0.285714	0.986622	0.96241	0.99358	0.99056
784	55|71|103|110	55|71	103|110	1|40|0|123|136|5|4|113|132|49|22|119|3|82|117|127|109|54|70|47	0.249689	0.333333	0.977157	0.943161	0.990004	0.987771
785	15|47|125|126	15|125	47|126	32|53|0|123|5|113|106|143|73|107|7|132|129|71|11|3|55|70|54|31	0.220343	0.333333	0.973949	0.934508	0.98976	0.982997
786	48|54|55|71	48|54	55|71	1|32|116|53|143|106|136|113|132|75|139|107|129|42|3|82|110|109|103|47	0.251194	0.333333	0.981449	0.952512	0.991558	0.986777
787	71|96|109|125	71|96	109|125	53|32|95|40|142|4|141|136|139|73|88|108|81|11|42|3|70|126|31|55	0.220469	0.333333	0.984265	0.95734	0.994415	0.994165
788	31|47|71|125	31|47	71|125	32|138|114|95|5|45|113|4|108|73|107|75|81|129|11|3|70|96|15|55	0.216105	0.333333	0.973834	0.929266	0.989891	0.985023
789	31|35|47|71	31|35	47|71	95|1|116|123|141|12|142|134|88|132|107|63|3|129|82|11|70|15|96|109	0.238227	0.333333	0.977273	0.936871	0.991646	0.987907
790	15|71|103|125	15|103	71|125	1|53|123|0|4|12|106|45|107|119|132|63|129|3|42|81|109|55|70|110	0.23627	0.333333	0.989399	0.969603	0.99602	0.994784
791	31|55|103|110	31|55	103|110	123|32|128|1|4|136|130|113|75|7|49|121|79|42|71|82|47|70|48|109	0.225589	0.333333	0.984066	0.957722	0.99247	0.991532
792	70|71|96|109	70|71	96|109	32|40|83|105|58|4|12|136|73|75|63|88|21|33|81|120|31|54|48|47	0.234678	0.333333	0.989201	0.970447	0.995835	0.995208
793	54|55|96|103	54|103	55|96	40|32|128|0|77|136|143|130|121|132|63|107|79|42|117|71|125|109|15|70	0.227698	0.333333	0.977899	0.940673	0.990486	0.990216
794	31|35|96|109	31|35	96|109	28|32|105|53|141|142|5|106|88|73|104|108|11|81|42|3|55|47|70|126	0.226427	0.333333	0.990313	0.973946	0.996565	0.99538
795	54|70|96|103	54|96	70|103	0|28|128|40|141|12|106|143|7|22|107|63|127|82|79|42|109|110|15|31	0.23581	0.333333	0.976159	0.943678	0.990694	0.99004
796	35|55|71|126	35|55	71|126	1|40|32|28|141|143|142|106|132|63|107|119|42|129|3|82|54|47|109|31	0.23972	0.333333	0.978019	0.941023	0.990237	0.988224
797	35|47|55|103	35|103	47|55	128|28|123|0|113|136|141|4|75|107|132|119|82|3|129|71|54|15|70|109	0.235557	0.285714	0.972501	0.923873	0.988716	0.982996
798	15|31|35|126	15|126	31|35	53|128|1|123|113|141|136|5|132|75|107|7|11|42|81|71|55|70|96|54	0.234601	0.333333	0.982623	0.955315	0.993241	0.991575
799	31|47|54|70	31|54	47|70	138|116|95|83|113|77|136|134|104|139|73|121|120|127|79|35|126|15|48|110	0.221774	0.333333	0.93508	0.877243	0.97194	0.966342
800	31|96|109|125	31|96	109|125	32|83|53|128|136|142|12|130|132|107|7|73|71|42|81|11|54|126|103|55	0.209041	0.333333	0.985294	0.958769	0.99517	0.994533
801	31|48|55|110	31|48	55|110	114|28|32|83|113|5|134|130|104|7|107|132|82|129|42|3|109|96|15|47	0.230863	0.333333	0.98082	0.94936	0.991764	0.988647
802	15|47|96|109	15|47	96|109	95|138|40|83|136|130|5|142|119|63|73|139|120|81|71|21|54|103|31|55	0.232982	0.333333	0.971544	0.923445	0.989477	0.98522
803	15|71|110|125	15|71	110|125	32|116|1|83|134|45|113|106|73|139|88|75|129|3|42|81|31|70|103|109	0.237427	0.333333	0.984284	0.956807	0.99375	0.992748
804	15|31|70|126	15|31	70|126	0|128|32|123|5|45|136|12|75|73|121|22|33|79|11|82|47|54|48|109	0.23407	0.333333	0.980825	0.951267	0.992644	0.991044
805	47|54|110|126	47|54	110|126	1|40|128|28|130|136|106|12|121|88|107|22|79|21|71|129|48|55|31|125	0.227309	0.333333	0.930269	0.85347	0.972709	0.964246
806	35|54|71|110	35|54	71|110	116|95|83|114|45|136|113|134|88|75|107|119|42|81|82|3|126|103|47|15	0.257609	0.333333	0.98763	0.964356	0.994717	0.994556
807	55|96|103|125	55|103	96|125	40|0|32|53|141|130|5|113|75|63|132|7|71|82|42|3|15|31|110|109	0.207792	0.25	0.982729	0.951448	0.992738	0.99176
808	48|70|71|103	48|70	71|103	40|1|53|123|113|142|5|141|107|119|88|73|42|82|81|3|15|109|110|47	0.245337	0.333333	0.988135	0.967283	0.995187	0.994142
809	31|47|110|125	31|47	110|125	1|95|0|83|134|106|45|113|73|132|88|139|82|129|11|71|96|126|70|55	0.212558	0.333333	0.97453	0.935802	0.991609	0.990457
810	54|55|103|125	54|125	55|103	40|32|1|53|106|45|113|130|63|119|7|75|129|71|42|3|31|47|96|110	0.218215	0.333333	0.983438	0.954257	0.992405	0.991232
811	35|70|71|103	35|70	71|103	28|53|40|32|4|136|141|113|75|108|119|63|129|3|11|81|15|96|110|31	0.256574	0.333333	0.987174	0.962511	0.994648	0.993233
812	47|54|55|125	47|55	54|125	83|28|105|116|106|136|142|143|75|139|119|107|129|3|71|82|109|103|15|31	0.219015	0.333333	0.967199	0.916042	0.986969	0.98044
813	15|31|47|126	15|126	31|47	128|32|53|123|106|136|142|58|75|88|49|63|117|3|33|79|110|109|48|55	0.214365	0.333333	0.951528	0.894903	0.979933	0.975874
814	54|71|110|125	54|71	110|125	116|123|28|105|12|45|106|136|88|119|107|73|11|129|82|81|31|126|103|15	0.241544	0.333333	0.970918	0.923855	0.989923	0.988347
815	31|48|54|103	31|48	54|103	28|0|53|32|142|12|113|45|108|75|132|63|81|42|71|129|110|47|15|109	0.235211	0.333333	0.983037	0.956804	0.993011	0.992048
816	31|70|71|103	31|70	71|103	28|1|32|53|45|136|106|113|108|88|63|22|82|117|42|35|47|125|15|110	0.243825	0.333333	0.982793	0.957052	0.992791	0.990339
817	35|55|70|126	35|55	70|126	53|40|32|123|106|5|130|141|7|119|107|63|71|129|42|82|54|15|110|31	0.243727	0.333333	0.97584	0.940396	0.990173	0.987999
818	35|96|103|110	35|96	103|110	128|0|32|40|45|143|130|106|132|73|75|119|11|3|82|42|70|15|31|54	0.242712	0.333333	0.988732	0.966579	0.995095	0.993517
819	15|47|103|110	15|47	103|110	128|0|123|40|77|143|12|130|49|75|119|22|21|127|3|81|48|96|31|55	0.22356	0.333333	0.96102	0.903329	0.985499	0.980982
820	15|55|71|126	15|55	71|126	53|0|32|40|106|5|142|45|22|49|107|132|42|127|35|21|70|110|54|48	0.241447	0.333333	0.967966	0.93058	0.986382	0.984252
821	15|48|70|96	15|48	70|96	83|95|32|114|45|113|4|143|63|7|119|73|71|81|11|42|110|126|31|47	0.233936	0.333333	0.985806	0.961401	0.994947	0.993783
822	15|48|55|96	15|48	55|96	83|116|0|105|4|45|5|106|139|75|107|104|42|3|82|71|110|70|109|54	0.235935	0.333333	0.978675	0.951289	0.991057	0.988984
823	31|47|55|110	31|47	55|110	114|28|32|105|4|130|77|5|107|75|7|49|120|117|127|21|109|96|15|125	0.217574	0.333333	0.957201	0.897656	0.982031	0.980516
824	15|31|35|110	15|31	35|110	116|32|1|83|134|136|106|12|139|107|104|75|81|129|3|82|109|47|103|70	0.242792	0.333333	0.98927	0.970335	0.99561	0.994834
825	47|48|103|110	47|48	103|110	1|123|0|28|130|143|106|12|108|75|107|73|129|82|71|3|109|70|31|55	0.234796	0.333333	0.970976	0.926686	0.989306	0.985761
826	31|47|54|110	31|54	47|110	32|83|1|105|113|134|106|45|75|107|49|121|81|33|129|117|125|103|126|109	0.229725	0.333333	0.964494	0.913066	0.985968	0.982362
827	35|70|71|103	35|70	71|103	32|123|1|28|142|5|106|113|73|75|108|63|11|129|81|3|96|31|54|47	0.250115	0.333333	0.993308	0.979948	0.997094	0.996647
828	15|35|71|110	15|35	71|110	138|95|123|1|4|143|106|12|132|88|75|108|42|81|82|3|47|103|55|70	0.256799	0.333333	0.99241	0.977525	0.996799	0.995409
829	31|54|96|110	31|54	96|110	32|116|0|128|106|130|45|77|73|75|49|139|3|35|21|71|47|55|126|48	0.233394	0.333333	0.980849	0.950386	0.992081	0.991993
830	15|35|70|126	15|35	70|126	40|32|128|1|143|106|5|142|107|108|7|73|3|129|81|71|55|54|109|47	0.246276	0.333333	0.987038	0.962469	0.994533	0.991407
831	55|70|96|126	55|96	70|126	40|53|32|0|4|141|113|5|107|121|75|119|3|21|82|42|54|48|110|15	0.236813	0.333333	0.97122	0.923569	0.98751	0.985448
832	15|96|109|126	15|96	109|126	0|32|53|128|141|77|5|143|119|7|107|108|127|21|3|33|55|31|54|47	0.232109	0.333333	0.986512	0.963728	0.994197	0.992293
833	15|35|70|71	15|35	70|71	1|116|123|83|134|45|106|141|108|88|107|63|129|82|81|3|31|103|96|55	0.259764	0.333333	0.987097	0.965288	0.995377	0.993442
834	31|109|125|126	31|126	109|125	1|0|53|32|4|106|5|142|7|75|88|107|71|81|11|3|47|15|110|55	0.21509	0.333333	0.978397	0.946444	0.991298	0.988071
835	15|31|55|109	15|31	55|109	0|116|105|1|4|142|106|45|139|121|63|132|120|71|127|42|110|54|126|96	0.243378	0.333333	0.98147	0.955409	0.991307	0.98963
836	70|71|109|125	70|71	109|125	114|138|32|1|5|12|142|106|119|139|73|88|81|129|3|42|103|54|15|55	0.230064	0.333333	0.985048	0.960846	0.993619	0.992525
837	55|70|96|103	55|96	70|103	0|32|53|40|113|5|4|142|119|22|121|75|127|35|79|21|110|48|47|31	0.222076	0.333333	0.972901	0.931924	0.987553	0.98487
838	15|48|54|109	15|48	54|109	0|114|95|32|12|142|106|130|7|63|88|75|129|11|3|71|70|31|55|103	0.255173	0.333333	0.981648	0.9558	0.993119	0.990357
839	31|55|109|110	31|109	55|110	105|114|0|1|58|77|134|136|121|104|49|107|33|129|117|127|48|125|47|70	0.2173	0.333333	0.975614	0.934734	0.989661	0.984912
840	55|70|109|125	55|70	109|125	0|105|114|32|141|130|106|4|119|104|139|107|71|3|42|129|110|54|47|96	0.233763	0.333333	0.985643	0.962483	0.99283	0.988189
841	15|109|110|125	15|109	110|125	138|95|0|128|4|45|106|12|88|73|104|139|42|81|129|3|96|103|47|70	0.224725	0.333333	0.990067	0.972262	0.995885	0.994743
842	31|54|110|126	31|54	110|126	32|123|1|128|12|77|45|136|108|121|22|88|117|81|11|82|55|109|48|70	0.234429	0.333333	0.973309	0.930725	0.989254	0.985757
843	55|71|109|110	55|71	109|110	114|138|28|105|106|5|4|136|132|104|22|107|35|3|33|42|48|15|70|126	0.249466	0.333333	0.976152	0.939228	0.99014	0.989911
844	35|47|103|110	35|47	103|110	40|1|28|128|4|5|106|136|88|7|107|132|81|3|82|71|15|55|70|96	0.235226	0.333333	0.969656	0.921669	0.98806	0.985171
845	15|47|55|71	15|47	55|71	53|95|0|116|58|136|5|77|63|22|139|75|117|129|35|79|125|126|31|70	0.226252	0.333333	0.957393	0.905762	0.983601	0.982401
846	55|96|109|110	55|109	96|110	83|128|32|138|58|136|5|77|107|139|132|22|71|3|42|21|54|47|48|125	0.227655	0.333333	0.978015	0.940427	0.989961	0.989736
847	35|71|96|110	35|71	96|110	28|95|0|32|5|12|4|113|139|73|75|119|3|42|82|81|126|47|70|31	0.247375	0.333333	0.989063	0.968421	0.995688	0.993639
848	15|70|71|126	15|70	71|126	1|0|32|53|45|113|106|12|75|49|121|73|11|127|42|35|109|47|125|54	0.246847	0.333333	0.981789	0.949441	0.99292	0.991475
849	31|55|71|126	31|55	71|126	123|0|28|32|77|113|5|58|132|49|107|22|3|35|82|129|70|110|96|47	0.228995	0.333333	0.978802	0.946316	0.99079	0.989907
850	48|54|55|70	48|54	55|70	95|116|138|114|113|143|141|134|139|63|107|104|42|71|129|82|110|15|47|103	0.232605	0.333333	0.975173	0.939984	0.989599	0.988047
851	15|31|47|96	15|31	47|96	105|0|138|116|45|12|141|130|88|75|121|107|81|3|33|71|126|110|103|109	0.226307	0.333333	0.970819	0.925975	0.989652	0.984569
852	31|47|103|109	31|47	103|109	32|53|0|123|58|77|136|5|121|88|132|49|71|127|120|3|96|55|125|54	0.21613	0.333333	0.970127	0.920183	0.987886	0.98106
853	15|71|109|125	15|71	109|125	32|116|105|138|106|45|141|142|75|119|88|73|81|42|3|129|54|47|126|55	0.237036	0.333333	0.995153	0.986174	0.998347	0.998224
854	47|54|55|103	47|55	54|103	128|0|40|28|113|136|106|58|119|107|63|75|35|79|127|117|15|31|110|96	0.227056	0.333333	0.962387	0.903986	0.984254	0.979119
855	15|31|35|126	15|126	31|35	0|53|128|123|136|113|45|106|7|132|108|88|82|42|71|11|96|109|110|55	0.240789	0.333333	0.979056	0.948598	0.991616	0.989877
856	55|103|109|125	55|103	109|125	1|128|40|32|106|136|4|45|119|107|63|75|71|129|3|42|70|54|110|31	0.2202	0.333333	0.987726	0.963938	0.994289	0.99155
857	31|55|70|71	31|70	55|71	1|53|95|32|45|77|5|106|104|63|139|22|33|42|127|82|15|103|54|96	0.228238	0.333333	0.976169	0.941474	0.989488	0.989187
858	15|47|125|126	15|125	47|126	1|123|53|0|4|141|5|130|132|119|7|108|71|81|82|11|109|31|110|55	0.221332	0.333333	0.964042	0.912414	0.98727	0.980109
859	47|54|55|96	47|54	55|96	95|32|105|40|143|77|130|45|75|104|119|121|35|82|21|117|103|109|48|126	0.222242	0.333333	0.95616	0.895876	0.982144	0.982114
860	15|31|103|125	15|125	31|103	123|1|32|53|142|113|45|106|73|88|63|7|3|71|82|11|70|109|110|96	0.218934	0.333333	0.988699	0.970482	0.995317	0.994202
861	35|47|54|126	35|47	54|126	123|53|40|1|141|113|106|130|7|119|75|132|81|82|71|11|55|31|15|110	0.242428	0.333333	0.933996	0.872017	0.975192	0.973559
862	47|55|70|110	47|70	55|110	123|1|0|128|143|113|130|45|7|75|121|49|82|21|117|79|125|54|126|48	0.237662	0.333333	0.956731	0.90247	0.982609	0.982078
863	54|70|96|103	54|96	70|103	53|28|32|128|143|142|136|113|121|7|75|107|21|79|11|120|55|109|31|48	0.235642	0.333333	0.972542	0.93926	0.988948	0.987885
864	31|35|47|55	31|35	47|55	1|123|116|114|106|45|141|5|107|139|104|63|71|82|3|129|96|109|126|15	0.220003	0.285714	0.973381	0.927743	0.989222	0.982322
865	35|71|109|110	35|71	109|110	123|114|40|105|12|106|4|136|73|88|132|119|3|129|42|81|103|96|54|70	0.256886	0.333333	0.988658	0.966876	0.995077	0.992545
866	48|70|96|109	48|70	96|109	53|95|28|138|143|136|45|5|107|119|139|108|11|71|3|81|15|55|110|54	0.250996	0.333333	0.981446	0.94911	0.992631	0.991611
867	15|47|55|110	15|47	55|110	83|105|123|32|106|58|5|4|22|7|119|107|21|129|33|3|103|109|70|48	0.238137	0.333333	0.95867	0.905994	0.982553	0.981773
868	31|48|96|103	31|48	96|103	0|28|53|32|113|45|136|106|63|132|73|75|71|3|42|11|70|47|15|54	0.222109	0.25	0.99108	0.975659	0.996113	0.995916
869	55|71|109|126	55|71	109|126	28|53|0|123|5|106|58|77|119|63|132|22|117|120|21|33|70|48|15|54	0.240569	0.333333	0.979597	0.942276	0.99058	0.989838
870	31|54|70|110	31|54	70|110	95|138|28|116|58|77|130|12|88|22|73|139|35|11|127|117|126|125|109|96	0.228005	0.333333	0.973221	0.933279	0.989366	0.987602
871	15|31|110|126	15|31	110|126	128|123|1|32|4|12|136|130|73|108|75|88|35|82|129|11|47|54|125|48	0.233318	0.333333	0.981091	0.951254	0.992363	0.989969
872	31|35|47|109	31|35	47|109	123|32|105|28|106|45|134|4|88|73|75|139|129|11|81|71|70|15|54|96	0.234025	0.333333	0.976211	0.935023	0.991428	0.988594
873	48|96|109|110	48|109	96|110	40|116|105|0|136|143|134|4|104|108|139|7|71|3|11|42|31|54|70|15	0.242682	0.333333	0.98434	0.956349	0.993951	0.992613
874	96|109|110|125	96|109	110|125	105|114|116|138|130|4|5|134|108|104|88|119|11|3|42|81|15|126|47|70	0.220944	0.333333	0.987997	0.967438	0.995397	0.995165
875	55|71|96|110	55|71	96|110	28|138|95|83|106|143|4|134|119|49|139|22|82|79|35|117|54|15|109|47	0.232822	0.333333	0.979792	0.948178	0.991352	0.990206
876	31|71|103|110	31|71	103|110	32|123|1|0|136|4|45|5|73|121|108|49|42|35|82|127|96|54|125|48	0.233936	0.333333	0.977347	0.938119	0.991019	0.99089
877	15|47|48|110	15|47	48|110	123|105|138|32|143|45|134|113|132|119|7|108|82|129|11|71|54|96|103|70	0.251295	0.333333	0.969751	0.925936	0.988951	0.987546
878	15|48|55|70	15|48	55|70	1|32|83|40|106|142|5|136|139|7|119|63|42|3|82|71|47|31|110|109	0.246627	0.333333	0.982053	0.958472	0.991218	0.987672
879	15|70|110|126	15|70	110|126	128|123|0|40|4|106|113|143|119|7|49|88|81|33|71|120|54|109|55|47	0.249479	0.333333	0.982555	0.952925	0.992361	0.988876
880	15|31|71|125	15|31	71|125	138|0|114|83|45|113|134|4|139|132|88|107|129|11|3|42|126|70|55|110	0.2258	0.333333	0.99259	0.978963	0.997732	0.997707
881	47|55|109|110	47|109	55|110	83|32|0|105|134|5|130|58|22|107|121|49|127|21|79|35|103|125|126|54	0.224192	0.333333	0.958974	0.897063	0.983378	0.979033
882	31|96|103|125	31|103	96|125	128|53|0|32|130|4|113|5|88|7|107|108|82|11|81|3|15|70|110|109	0.206733	0.25	0.984528	0.960129	0.994069	0.993479
883	31|48|109|110	31|109	48|110	105|114|28|128|130|136|45|12|104|132|73|139|42|129|71|11|126|55|70|15	0.232841	0.333333	0.978426	0.941092	0.992497	0.99117
884	15|54|70|71	15|54	70|71	105|1|32|114|58|113|77|106|88|73|119|108|35|79|117|127|47|126|103|31	0.248936	0.333333	0.982341	0.953752	0.99326	0.99183
885	70|96|103|110	70|96	103|110	40|128|28|32|5|136|45|58|73|22|49|88|11|3|79|33|54|31|47|109	0.224181	0.333333	0.986767	0.964563	0.994917	0.994883
886	103|109|110|125	103|109	110|125	128|32|40|123|106|136|5|143|7|88|73|107|129|81|71|42|47|15|55|31	0.219212	0.333333	0.981183	0.951963	0.99223	0.991833
887	35|55|70|71	35|70	55|71	123|28|32|1|45|136|4|113|75|119|139|63|82|129|42|3|103|47|110|109	0.260339	0.333333	0.981767	0.955317	0.991528	0.988408
888	31|55|110|126	31|55	110|126	128|123|32|0|136|4|130|77|22|49|75|132|117|127|120|42|48|125|96|109	0.216238	0.333333	0.958455	0.895601	0.98172	0.981606
889	47|70|96|109	47|70	96|109	128|28|0|53|106|134|77|12|7|139|108|88|81|117|71|11|31|110|103|54	0.233196	0.333333	0.97427	0.934052	0.990501	0.986417
890	47|71|96|125	47|96	71|125	138|28|105|32|141|136|5|142|139|63|75|107|11|3|82|81|54|103|31|109	0.215834	0.333333	0.974547	0.930608	0.99151	0.987104
891	15|31|109|126	15|31	109|126	0|123|32|128|5|106|141|58|88|107|75|132|11|127|120|117|54|110|47|48	0.2393	0.333333	0.985531	0.961899	0.993996	0.993248
892	54|55|71|96	54|55	71|96	0|83|116|28|134|106|143|58|22|119|139|121|35|117|21|127|15|47|125|70	0.231311	0.333333	0.981807	0.952182	0.992087	0.989304
893	35|96|109|126	35|96	109|126	0|28|40|128|142|106|12|4|7|108|73|132|81|71|3|42|47|15|54|110	0.234282	0.333333	0.986839	0.963258	0.99439	0.992422
894	31|48|54|70	31|54	48|70	83|105|32|53|134|113|136|12|75|104|73|63|71|42|129|11|55|109|126|103	0.229986	0.333333	0.97562	0.937107	0.990874	0.99084
895	47|54|70|110	47|54	70|110	40|114|138|123|45|143|77|106|121|73|104|139|35|21|117|82|126|55|48|31	0.233298	0.333333	0.948041	0.895565	0.979903	0.974685
896	47|55|71|103	47|55	71|103	28|32|1|0|141|142|77|58|22|75|107|49|3|117|129|120|54|110|109|15	0.227428	0.333333	0.968719	0.918487	0.98729	0.980645
897	47|48|96|110	47|48	96|110	32|0|116|128|106|113|5|134|73|107|104|119|82|3|71|81|126|103|54|70	0.232597	0.333333	0.974309	0.934846	0.990597	0.988618
898	35|70|109|110	35|70	109|110	28|123|138|40|130|4|5|106|75|88|104|108|81|71|42|3|103|47|31|15	0.261996	0.333333	0.981701	0.95498	0.992458	0.991385
899	15|35|55|126	15|126	35|55	1|123|32|40|136|143|45|130|107|119|7|75|82|3|71|42|109|70|110|47	0.24565	0.333333	0.984108	0.95676	0.992831	0.991644
900	15|48|54|70	15|48	54|70	1|123|53|83|136|142|45|130|108|73|104|139|71|129|11|81|109|55|126|31	0.251172	0.333333	0.976794	0.938482	0.99177	0.988801
901	71|96|103|125	71|125	96|103	32|53|40|28|12|113|45|4|88|107|63|75|82|42|11|3|55|54|47|15	0.215037	0.333333	0.992518	0.977771	0.996883	0.99592
902	31|48|70|126	31|48	70|126	1|0|28|53|4|106|45|141|75|73|7|88|71|3|129|81|109|55|96|54	0.226102	0.333333	0.974644	0.93396	0.989619	0.986764
903	31|47|55|103	31|47	55|103	28|128|53|32|141|113|45|58|132|49|7|22|129|3|35|120|109|15|48|125	0.205465	0.25	0.946702	0.873551	0.97745	0.972532
904	31|35|70|109	31|70	35|109	1|53|138|0|130|136|142|5|63|88|75|108|11|3|129|81|110|126|96|15	0.254586	0.333333	0.98468	0.959529	0.994128	0.992955
905	15|96|109|125	15|96	109|125	83|0|95|116|142|130|5|4|107|88|63|119|3|71|42|11|55|47|31|110	0.233488	0.333333	0.986943	0.966667	0.994997	0.994748
906	31|54|96|110	31|54	96|110	105|95|0|116|45|113|136|77|22|7|73|104|120|3|42|81|103|109|15|55	0.236474	0.333333	0.971187	0.927233	0.988465	0.988335
907	15|54|55|71	15|54	55|71	0|105|1|32|113|142|143|58|139|121|132|49|82|35|127|21|110|31|48|125	0.245601	0.333333	0.95303	0.89617	0.980097	0.978865
908	31|47|70|71	31|70	47|71	53|32|1|95|4|141|136|58|107|73|88|108|35|129|81|82|96|48|125|15	0.234963	0.333333	0.960269	0.907099	0.984816	0.983443
909	31|54|125|126	31|126	54|125	32|1|53|28|130|106|136|141|132|75|7|88|11|129|81|82|55|70|15|96	0.215904	0.333333	0.97486	0.934771	0.990511	0.987635
910	31|35|47|70	31|35	47|70	53|1|95|114|141|45|113|106|63|75|104|88|129|81|82|3|54|110|15|55	0.235866	0.333333	0.972668	0.930497	0.989348	0.984973
911	15|96|109|126	15|96	109|126	32|128|40|53|12|142|130|106|108|107|121|119|3|117|11|81|125|47|54|55	0.239171	0.333333	0.986512	0.960658	0.994431	0.992521
912	15|55|109|110	15|55	109|110	83|116|128|105|134|130|4|106|107|22|49|75|35|71|21|117|125|103|31|70	0.243288	0.333333	0.968511	0.925151	0.987001	0.984823
913	31|70|71|110	31|70	71|110	0|105|28|32|113|5|106|58|139|73|108|88|42|82|117|3|103|48|96|47	0.252217	0.333333	0.982716	0.955253	0.993057	0.992485
914	55|70|71|126	55|70	71|126	123|32|53|40|106|143|4|113|107|22|119|63|3|129|82|35|48|96|125|47	0.241029	0.333333	0.970418	0.927402	0.986994	0.984166
915	31|47|54|70	31|54	47|70	53|128|83|138|130|58|141|134|75|22|88|108|117|81|127|35|110|126|125|15	0.225181	0.333333	0.948379	0.897009	0.97935	0.975132
916	15|31|55|110	15|31	55|110	0|1|32|128|130|45|136|5|107|7|75|104|35|33|71|21|96|48|70|126	0.24151	0.333333	0.980764	0.953481	0.991641	0.987725
917	31|48|96|126	31|48	96|126	28|32|128|0|141|12|113|142|107|73|63|75|82|81|11|3|70|47|110|109	0.215109	0.25	0.982932	0.955387	0.99332	0.991674
918	15|48|96|109	15|48	96|109	83|32|53|40|106|130|142|134|108|75|104|107|71|81|42|11|110|54|47|103	0.243395	0.333333	0.991309	0.975624	0.99677	0.996366
919	47|54|71|125	47|54	71|125	123|83|53|105|45|12|113|141|104|107|73|139|82|3|11|129|109|96|31|110	0.226604	0.333333	0.974654	0.931401	0.990994	0.987049
920	31|47|48|96	31|47	48|96	116|28|105|0|4|5|113|45|75|73|104|139|11|71|81|3|70|54|55|109	0.216793	0.25	0.974397	0.933827	0.99045	0.987056
921	31|54|55|110	31|54	55|110	114|138|128|32|113|130|45|136|7|132|49|104|21|79|120|127|109|15|126|48	0.231393	0.333333	0.964496	0.914588	0.984993	0.982315
922	35|54|55|103	35|55	54|103	1|40|0|32|130|136|142|106|107|119|63|75|3|82|129|42|15|47|70|109	0.247991	0.333333	0.988915	0.968289	0.994817	0.993602
923	31|35|70|109	31|70	35|109	1|83|105|138|4|130|134|136|75|108|63|73|11|71|81|42|47|126|110|55	0.240521	0.333333	0.986869	0.964409	0.99527	0.994652
924	15|48|54|103	15|48	54|103	1|32|128|0|45|143|12|136|107|63|7|88|3|81|42|129|110|96|109|70	0.239717	0.333333	0.986969	0.9635	0.994825	0.993754
925	15|31|55|109	15|31	55|109	138|95|116|123|77|141|136|5|139|22|121|104|35|127|120|42|96|103|126|125	0.215679	0.285714	0.966391	0.920598	0.985529	0.981649
926	48|54|71|96	48|54	71|96	28|53|40|0|141|113|136|45|75|73|88|132|11|81|3|82|31|55|110|103	0.248795	0.333333	0.964687	0.922344	0.986984	0.985026
927	35|54|70|110	35|54	70|110	123|116|128|1|45|136|134|12|75|139|7|88|129|42|11|3|15|31|109|96	0.25322	0.333333	0.977149	0.943045	0.990206	0.987195
928	47|54|55|71	47|54	55|71	0|116|28|1|136|141|77|106|107|139|132|63|21|117|127|120|31|109|96|70	0.244266	0.333333	0.966416	0.916862	0.986792	0.985793
929	15|70|96|125	15|96	70|125	128|105|83|0|12|143|142|134|63|7|75|107|3|82|81|42|31|54|109|47	0.223942	0.333333	0.989878	0.972145	0.996057	0.995836
930	15|35|70|126	15|35	70|126	128|32|40|0|106|130|4|141|63|107|88|119|82|81|129|42|109|47|55|96	0.248905	0.333333	0.985539	0.958021	0.994078	0.990695
931	35|54|103|110	35|54	103|110	28|40|0|1|130|12|106|45|119|108|7|107|129|81|71|82|47|96|70|109	0.259432	0.333333	0.989179	0.970904	0.99544	0.993906
932	47|71|96|126	47|96	71|126	40|53|0|28|77|136|4|113|132|49|73|108|3|120|82|11|48|31|54|110	0.229268	0.333333	0.966303	0.916689	0.987127	0.984884
933	31|35|47|96	31|35	47|96	83|28|138|32|134|130|5|113|104|75|73|88|3|81|71|11|110|70|55|54	0.220019	0.285714	0.976088	0.93294	0.990475	0.986811
934	35|71|109|110	35|71	109|110	123|114|116|32|143|12|134|106|108|88|119|139|11|42|81|129|55|47|15|126	0.247295	0.333333	0.988949	0.967771	0.995754	0.993597
935	35|54|96|110	35|54	96|110	28|40|116|83|106|12|136|130|75|73|107|108|71|11|42|3|70|31|126|103	0.250411	0.333333	0.978402	0.946111	0.991717	0.991445
936	31|54|70|126	31|54	70|126	128|123|0|1|141|136|58|45|108|63|121|75|11|35|127|21|109|96|48|47	0.235382	0.333333	0.979036	0.94835	0.990602	0.989059
937	54|55|96|109	54|55	96|109	138|53|0|105|106|141|142|134|22|75|139|104|42|35|33|120|125|47|103|15	0.221887	0.333333	0.975131	0.941095	0.989359	0.98562
938	31|54|70|71	31|54	70|71	32|105|28|0|106|136|134|77|108|63|104|73|79|42|33|127|47|55|15|96	0.241751	0.333333	0.983639	0.959257	0.992973	0.990967
939	31|35|47|55	31|35	47|55	114|1|83|105|142|106|45|134|7|75|107|63|82|71|129|3|110|54|96|109	0.222672	0.285714	0.97303	0.927479	0.988701	0.982595
940	48|70|110|126	48|70	110|126	0|123|28|1|113|4|130|5|107|73|108|88|129|11|71|3|96|55|31|54	0.249531	0.333333	0.973247	0.932341	0.989242	0.986072
941	71|103|109|125	71|103	109|125	1|32|28|123|45|142|4|143|63|108|132|119|42|129|11|81|31|96|47|70	0.22861	0.333333	0.99197	0.977074	0.996808	0.996233
942	71|103|109|125	71|103	109|125	123|53|1|28|45|143|141|12|107|132|108|75|129|42|81|3|96|55|110|54	0.229373	0.333333	0.99197	0.976471	0.996429	0.996335
943	15|31|54|70	15|31	54|70	83|0|116|128|77|130|136|58|75|49|107|108|21|120|42|129|47|110|55|125	0.2456	0.333333	0.979686	0.952002	0.991623	0.988629
944	71|96|103|109	71|96	103|109	28|32|0|40|143|106|77|4|121|108|88|73|35|42|3|21|110|55|125|54	0.234641	0.333333	0.986706	0.963551	0.994359	0.994321
945	15|35|55|109	15|35	55|109	105|114|40|116|141|130|136|134|75|132|63|119|3|42|129|71|47|54|110|126	0.252918	0.333333	0.985564	0.964979	0.993002	0.990751
946	47|70|71|103	47|70	71|103	1|28|53|32|5|143|136|113|49|88|119|22|79|120|117|3|48|96|125|15	0.231427	0.333333	0.950722	0.884269	0.980242	0.970668
947	47|54|125|126	47|126	54|125	53|0|28|123|106|113|130|136|73|132|107|119|3|129|71|11|110|70|15|109	0.232442	0.333333	0.964998	0.913748	0.986096	0.979955
948	54|70|125|126	54|125	70|126	128|28|123|32|12|106|143|142|75|107|119|108|129|81|42|71|96|55|31|15	0.225859	0.333333	0.964648	0.920097	0.986535	0.985129
949	54|70|110|126	54|70	110|126	1|123|32|40|77|45|143|136|108|73|75|121|120|42|21|33|125|96|48|47	0.236776	0.333333	0.972296	0.929559	0.988374	0.988118
950	31|71|96|125	31|96	71|125	138|32|114|116|141|142|136|5|108|75|104|139|82|3|81|42|126|47|55|103	0.202427	0.333333	0.989909	0.970219	0.996611	0.995189
951	35|55|103|109	35|55	103|109	1|0|40|53|106|142|130|45|63|7|119|107|129|71|3|42|47|70|31|54	0.242428	0.333333	0.990962	0.972864	0.995625	0.99323
952	15|47|55|109	15|47	55|109	123|40|138|105|143|106|45|136|22|104|75|107|21|117|129|79|126|54|103|125	0.229036	0.333333	0.962069	0.910841	0.984347	0.983126
953	35|71|96|109	35|71	96|109	138|114|105|32|12|5|136|134|119|139|104|63|3|42|81|11|126|110|31|47	0.229419	0.333333	0.989748	0.97331	0.996429	0.994783
954	54|55|103|110	54|55	103|110	1|123|28|32|106|45|130|136|132|49|121|7|79|117|35|127|15|31|96|109	0.240899	0.333333	0.97155	0.930055	0.987449	0.984964
955	15|96|125|126	15|125	96|126	32|40|128|53|45|12|143|5|108|119|75|107|71|42|3|82|47|55|70|109	0.215096	0.333333	0.986695	0.960762	0.994499	0.99146
956	35|71|109|126	35|71	109|126	0|32|53|28|5|136|45|142|107|119|108|63|3|42|11|129|15|70|54|31	0.263338	0.333333	0.987421	0.963222	0.99451	0.992345
957	47|55|96|126	47|55	96|126	128|53|0|40|58|141|130|5|63|121|107|75|71|35|120|82|109|70|48|54	0.215981	0.25	0.959691	0.903242	0.983471	0.980218
958	35|96|110|126	35|96	110|126	32|40|128|0|130|143|136|106|7|132|88|108|11|82|3|71|55|15|54|31	0.241414	0.333333	0.977143	0.93832	0.990402	0.985251
959	35|96|103|110	35|96	103|110	40|32|28|128|12|5|130|143|119|7|73|107|11|82|81|71|47|15|70|54	0.234539	0.333333	0.988825	0.968033	0.995247	0.994245
960	35|71|103|109	35|71	103|109	123|1|32|40|143|12|5|45|132|108|63|88|3|11|129|42|54|31|55|47	0.243133	0.333333	0.994752	0.984161	0.997618	0.997062
961	54|55|109|110	54|55	109|110	114|123|28|105|143|134|106|130|119|104|7|107|42|3|71|33|31|103|96|126	0.245311	0.333333	0.971178	0.930723	0.987057	0.984172
962	47|71|125|126	47|126	71|125	28|0|32|53|4|143|142|141|75|108|63|119|81|3|11|82|55|54|70|96	0.218723	0.333333	0.96884	0.923751	0.98783	0.980233
963	48|54|96|103	48|96	54|103	53|32|28|40|106|45|130|136|107|63|119|108|82|3|11|71|109|55|70|110	0.244527	0.333333	0.983468	0.957901	0.993643	0.993265
964	47|71|103|109	47|71	103|109	28|1|53|40|141|136|106|142|75|88|49|73|11|79|33|35|96|15|48|125	0.221169	0.333333	0.964062	0.908453	0.985963	0.981347
965	31|35|70|71	31|70	35|71	0|105|32|1|134|136|141|106|104|107|75|139|129|82|81|3|103|126|47|15	0.245541	0.333333	0.990708	0.973928	0.996237	0.994603
966	54|96|109|110	54|96	109|110	83|95|114|28|77|130|143|136|22|108|75|132|3|42|117|33|126|70|103|47	0.246086	0.333333	0.981913	0.954837	0.993158	0.993138
967	15|35|54|96	15|35	54|96	53|114|95|138|113|45|12|134|139|88|75|107|81|71|11|42|55|109|110|47	0.237077	0.333333	0.98661	0.963401	0.994673	0.992277
968	15|48|70|103	15|48	70|103	123|40|32|53|141|45|136|142|119|63|107|88|129|11|3|71|110|109|47|54	0.251622	0.333333	0.989204	0.969153	0.99536	0.994259
969	48|54|71|110	48|54	71|110	0|28|123|32|136|143|134|12|119|75|88|108|81|82|11|3|96|103|31|109	0.26047	0.333333	0.981832	0.951519	0.992912	0.992683
970	31|55|70|125	31|55	70|125	128|0|83|28|136|141|5|142|63|107|104|75|129|42|71|82|96|126|109|15	0.216537	0.333333	0.978172	0.943245	0.991545	0.991245
971	15|48|96|110	15|48	96|110	83|116|105|128|45|113|106|4|7|139|73|104|3|42|71|81|109|55|47|31	0.230599	0.333333	0.987951	0.965556	0.995095	0.992987
972	47|70|71|96	47|70	71|96	32|83|0|105|143|134|58|113|139|107|119|121|117|79|3|120|110|48|54|126	0.240423	0.333333	0.967894	0.920831	0.987658	0.982959
973	71|96|103|125	71|125	96|103	0|28|40|53|5|141|136|113|73|75|108|107|11|81|3|82|70|109|31|54	0.222654	0.333333	0.990834	0.97214	0.99661	0.99638
974	54|70|96|126	54|96	70|126	28|32|40|0|77|58|142|130|49|88|121|63|11|35|127|21|48|55|31|47	0.224741	0.333333	0.97479	0.941524	0.989897	0.98965
975	31|55|96|126	31|55	96|126	32|128|0|28|106|58|77|130|75|49|107|63|3|120|82|71|48|15|110|70	0.214986	0.25	0.972461	0.929097	0.988405	0.986118
976	47|48|103|109	47|48	103|109	32|128|28|40|12|5|45|143|119|132|7|107|3|11|71|81|110|96|70|55	0.227156	0.333333	0.970698	0.925687	0.988519	0.983994
977	47|55|70|103	47|55	70|103	0|123|32|28|143|77|5|58|22|107|75|49|127|129|120|33|48|15|31|110	0.215247	0.333333	0.944763	0.876649	0.976814	0.971109
978	15|47|55|125	15|125	47|55	95|40|114|53|141|130|143|4|7|107|132|139|71|82|3|129|54|103|96|70	0.215799	0.333333	0.972775	0.93119	0.988925	0.983323
979	15|31|35|126	15|126	31|35	0|53|32|123|106|45|136|142|88|132|7|108|82|3|11|42|54|47|70|109	0.243984	0.333333	0.986922	0.965829	0.99422	0.99241
980	15|70|103|110	15|70	103|110	40|128|32|123|130|136|106|77|121|49|119|75|79|71|33|11|125|55|54|47	0.243629	0.333333	0.987721	0.968977	0.995036	0.993588
981	31|48|54|71	31|54	48|71	116|1|28|95|136|45|106|142|104|88|139|107|11|3|42|82|103|110|126|47	0.236813	0.333333	0.987978	0.965401	0.995567	0.994318
982	15|47|110|126	15|47	110|126	0|40|1|128|77|143|45|12|132|121|49|107|11|82|129|120|48|54|109|96	0.235292	0.333333	0.959126	0.900936	0.984433	0.984361
983	15|55|71|103	15|55	71|103	0|32|123|53|4|136|106|77|63|75|121|119|82|127|35|42|125|109|70|48	0.241057	0.333333	0.971677	0.938929	0.988575	0.984239
984	48|55|70|109	48|70	55|109	1|95|105|114|106|45|141|142|104|7|139|63|129|71|42|3|103|54|47|126	0.228519	0.333333	0.984974	0.958459	0.992844	0.991464
985	55|70|103|109	55|70	103|109	123|53|32|40|130|77|106|143|49|119|63|121|127|120|33|42|96|47|125|54	0.225938	0.333333	0.981098	0.948138	0.991003	0.985545
986	15|31|54|55	15|31	54|55	1|83|95|128|130|142|134|106|63|49|22|139|120|129|21|3|126|125|70|96	0.224446	0.333333	0.9735	0.935816	0.989031	0.98463
987	15|109|110|126	15|109	110|126	40|0|32|128|106|5|130|45|108|73|88|121|71|129|81|79|31|47|96|54	0.25302	0.333333	0.983377	0.959433	0.993004	0.989854
988	15|35|54|71	15|35	54|71	116|105|1|53|141|142|136|134|107|63|75|132|42|11|129|3|47|96|31|110	0.263463	0.333333	0.988308	0.967011	0.995229	0.993349
989	54|70|71|125	54|70	71|125	138|0|53|40|143|45|136|134|119|63|107|88|3|11|129|81|109|103|47|15	0.246507	0.333333	0.987957	0.967313	0.995189	0.992747
990	31|47|48|54	31|47	48|54	32|53|28|114|130|142|113|134|63|75|73|139|82|129|3|71|96|126|110|15	0.230323	0.333333	0.970225	0.927521	0.989167	0.986928
991	31|47|55|109	31|47	55|109	0|83|116|138|5|4|141|130|63|107|104|49|35|127|3|71|70|54|15|48	0.229156	0.333333	0.975196	0.930451	0.989818	0.986807
992	48|54|71|103	48|54	71|103	123|40|32|0|12|143|45|106|132|119|108|63|11|3|82|42|109|15|110|70	0.257096	0.333333	0.986396	0.964225	0.994532	0.99395
993	70|71|103|125	70|103	71|125	53|123|0|28|4|45|12|136|88|75|73|63|42|129|3|82|31|109|55|110	0.227974	0.333333	0.985547	0.959401	0.994461	0.99187
994	31|48|71|109	31|71	48|109	28|116|95|1|4|12|45|134|63|132|88|73|42|11|129|3|55|15|110|126	0.236038	0.333333	0.97516	0.933845	0.990018	0.98685
995	31|35|71|110	31|71	35|110	138|83|116|123|106|113|136|5|107|132|104|75|81|129|82|11|96|55|54|47	0.250657	0.333333	0.987729	0.964188	0.995325	0.994103
996	54|96|109|125	54|96	109|125	95|138|128|114|142|106|136|130|88|139|75|104|71|11|3|42|110|47|31|15	0.221014	0.333333	0.98027	0.957143	0.992284	0.989641
997	54|55|70|96	54|55	70|96	138|114|128|28|130|134|77|142|121|49|107|104|127|42|33|120|47|15|31|109	0.221884	0.333333	0.976198	0.941698	0.989277	0.987673
998	15|71|103|110	15|71	103|110	1|40|123|32|5|58|143|136|119|75|88|49|120|33|117|35|125|70|31|55	0.237362	0.333333	0.986626	0.961323	0.994571	0.991861
999	47|96|103|109	47|96	103|109	28|40|32|128|4|12|77|45|88|121|108|132|120|79|35|33|55|15|48|125	0.210643	0.333333	0.900354	0.827475	0.955865	0.946329
