sample	heldout	roleA	roleB	training	mean_wup	max_wup	row_overlap	unique_overlap	f1	role_min_f1
0	47|54|55|110	47|110	54|55	139|104|3|106|49|109|138|103|129|130|126|53|58|79|15|77|11|28|134|1	0.232452	0.666667	0.958235	0.905347	0.982472	0.981657
1	31|54|96|109	31|109	54|96	73|123|82|108|48|120|53|107|121|22|105|126|95|5|134|88|83|142|28|0	0.244285	0.666667	0.950817	0.915369	0.980456	0.977503
2	15|47|55|125	15|125	47|55	95|139|134|108|128|58|141|110|88|132|45|11|21|82|79|28|136|107|0|123	0.238785	0.666667	0.9345	0.839267	0.973092	0.957456
3	15|35|70|96	15|35	70|96	33|1|88|142|123|4|75|132|141|11|77|45|126|103|58|109|130|49|128|79	0.252031	0.666667	0.976224	0.936236	0.991091	0.986417
4	48|54|125|126	48|125	54|126	134|21|28|70|42|108|128|3|0|127|63|49|32|142|71|106|132|143|130|110	0.251171	0.875	0.975593	0.932047	0.989463	0.982325
5	31|54|110|126	31|54	110|126	3|70|116|21|132|45|35|128|120|5|0|114|22|79|134|83|127|77|119|4	0.255064	0.615385	0.959921	0.896496	0.982871	0.980864
6	15|70|110|125	15|70	110|125	47|105|126|136|4|142|119|33|31|75|121|83|1|55|117|35|123|134|96|103	0.246627	0.666667	0.989953	0.972988	0.996358	0.995581
7	31|70|103|110	31|110	70|103	128|125|104|77|123|32|82|12|132|11|40|75|63|22|96|117|58|73|126|120	0.238166	0.666667	0.979822	0.948115	0.993067	0.992461
8	55|70|103|126	55|103	70|126	113|116|108|31|104|83|88|48|128|114|45|136|11|138|96|54|40|117|123|121	0.261354	0.727273	0.976236	0.936771	0.990136	0.989952
9	35|71|125|126	35|126	71|125	0|129|96|104|132|58|116|108|113|4|139|12|33|1|83|143|49|3|130|70	0.256246	0.875	0.985736	0.956562	0.994161	0.992078
10	35|70|71|109	35|71	70|109	114|103|42|47|28|123|127|121|73|22|136|132|108|119|0|53|15|4|138|11	0.279235	0.75	0.984452	0.959066	0.993595	0.990121
11	15|55|96|110	15|55	96|110	0|42|58|7|127|103|73|117|116|130|40|139|77|128|32|129|70|106|22|54	0.238625	0.666667	0.979061	0.949504	0.991093	0.990634
12	31|35|55|125	31|35	55|125	40|128|7|138|114|73|70|58|110|21|113|54|106|33|32|108|116|49|45|11	0.248029	0.875	0.989882	0.969162	0.995828	0.9949
13	47|70|96|125	47|96	70|125	88|21|22|3|11|71|108|119|143|113|1|138|45|116|83|15|63|106|136|103	0.22522	0.6	0.935468	0.871035	0.973236	0.965785
14	47|55|109|110	47|109	55|110	58|45|126|11|21|136|116|7|129|96|40|95|48|54|125|53|134|73|113|1	0.241333	0.666667	0.973657	0.930855	0.990516	0.990348
15	54|55|71|96	54|55	71|96	63|104|134|113|35|40|138|48|127|0|82|32|142|5|129|128|139|117|75|83	0.241222	0.666667	0.929446	0.855713	0.970255	0.964762
16	31|35|47|96	31|35	47|96	79|3|75|103|104|128|15|142|48|134|55|0|83|12|117|81|11|21|71|106	0.223546	0.666667	0.955058	0.891631	0.98279	0.972798
17	47|48|96|109	47|48	96|109	132|106|54|136|117|71|138|127|63|73|104|139|141|15|12|125|143|7|114|126	0.229337	0.727273	0.976403	0.936949	0.991312	0.988321
18	15|70|96|125	15|96	70|125	53|129|75|35|63|4|88|5|123|42|54|104|7|31|79|47|32|107|21|141	0.241219	0.666667	0.98726	0.964903	0.994641	0.994608
19	31|35|70|125	31|70	35|125	123|54|132|28|120|130|103|4|116|138|79|106|143|141|82|127|114|21|12|47	0.251613	0.75	0.987248	0.965286	0.994783	0.991732
20	47|48|125|126	47|48	125|126	83|28|139|127|45|33|73|128|121|40|129|136|0|142|95|106|105|3|1|141	0.234726	0.727273	0.908766	0.799144	0.96097	0.95432
21	48|54|70|110	48|70	54|110	22|28|127|95|55|58|139|82|106|125|45|4|109|12|103|73|105|71|114|75	0.257323	0.727273	0.976592	0.940065	0.990366	0.989743
22	15|31|109|126	15|31	109|126	71|129|21|106|88|79|123|77|136|119|134|117|130|22|5|142|3|121|110|104	0.246703	0.615385	0.926166	0.852147	0.964724	0.956254
23	15|48|125|126	15|125	48|126	143|103|31|139|32|82|53|28|49|130|119|71|45|136|114|142|22|55|54|47	0.241336	0.875	0.987334	0.970388	0.995231	0.993066
24	35|47|109|110	35|47	109|110	54|117|3|55|127|130|82|11|121|28|119|143|73|120|45|106|70|1|12|108	0.281412	0.75	0.976514	0.936028	0.990809	0.98785
25	15|47|54|125	15|54	47|125	127|129|31|40|71|32|136|4|88|117|73|132|79|49|119|48|22|0|21|70	0.264193	0.875	0.962069	0.904236	0.985509	0.984181
26	70|103|125|126	70|125	103|126	77|81|128|28|116|88|138|12|142|3|109|15|123|33|104|121|132|82|47|32	0.238992	0.727273	0.981058	0.950392	0.992228	0.990305
27	31|35|48|71	31|35	48|71	7|126|58|1|73|113|129|123|55|0|88|42|119|82|28|21|120|136|134|141	0.260426	0.75	0.98527	0.956277	0.994631	0.993084
28	48|71|103|125	48|103	71|125	130|0|3|142|75|49|58|95|141|77|32|15|128|70|47|79|31|110|138|127	0.276026	0.875	0.993988	0.983078	0.997771	0.9972
29	15|35|55|126	15|126	35|55	138|139|143|1|121|58|31|22|130|95|32|79|4|104|105|75|88|5|71|45	0.251584	0.75	0.959015	0.899971	0.982458	0.980339
30	31|48|103|110	31|110	48|103	63|47|130|55|75|127|45|4|79|117|132|138|139|136|32|35|40|7|12|54	0.255092	0.727273	0.98757	0.966202	0.994833	0.993672
31	31|70|110|125	31|70	110|125	108|75|139|141|71|109|79|1|143|77|136|11|130|5|22|114|106|32|105|53	0.244119	0.571429	0.965297	0.911822	0.985494	0.979924
32	15|70|71|125	15|70	71|125	83|63|48|22|130|75|143|116|47|142|123|40|54|126|45|77|0|1|105|134	0.248213	0.666667	0.985554	0.962432	0.994268	0.991308
33	31|48|96|103	31|96	48|103	32|71|11|79|123|45|75|55|73|42|28|58|120|0|114|70|109|47|63|106	0.230954	0.727273	0.990099	0.97421	0.99578	0.995466
34	15|54|96|126	15|96	54|126	121|77|125|109|35|42|108|11|117|143|103|12|31|75|120|132|136|55|141|106	0.234917	0.5	0.975239	0.93867	0.990427	0.9872
35	15|47|54|96	15|47	54|96	107|141|120|109|55|83|48|127|82|81|0|117|136|116|134|40|7|1|77|32	0.240953	0.6	0.960851	0.908112	0.985159	0.981849
36	31|54|55|71	31|54	55|71	7|63|108|21|32|58|139|75|143|114|109|53|130|49|103|82|83|129|5|127	0.245372	0.666667	0.971175	0.927597	0.987544	0.985293
37	15|31|35|48	15|35	31|48	73|127|83|106|109|47|134|70|71|126|49|107|11|0|108|53|141|136|139|79	0.254195	0.727273	0.993945	0.983532	0.997995	0.997726
38	31|55|70|125	31|125	55|70	123|48|121|35|107|139|109|0|142|54|1|63|22|95|32|106|116|119|141|58	0.235792	0.615385	0.967213	0.915836	0.985142	0.977382
39	55|70|96|126	55|70	96|126	138|79|139|77|127|128|3|121|103|106|116|117|134|88|53|49|48|82|132|54	0.239106	0.666667	0.960396	0.903063	0.982619	0.978216
40	15|54|103|126	15|103	54|126	45|82|3|105|5|123|104|49|40|21|31|53|0|113|106|75|109|47|58|114	0.244562	0.533333	0.984526	0.957143	0.993628	0.992933
41	31|35|48|103	31|35	48|103	0|108|63|71|42|129|138|28|81|33|120|126|142|55|127|117|132|113|121|88	0.266983	0.75	0.984484	0.956617	0.99383	0.992938
42	15|55|71|125	15|55	71|125	82|12|48|40|139|126|32|109|70|142|79|108|75|96|129|11|83|113|47|132	0.254103	0.666667	0.987082	0.969027	0.994454	0.991085
43	35|54|55|103	35|103	54|55	77|136|42|58|123|107|31|75|12|105|142|0|40|117|49|134|63|81|28|132	0.240391	0.615385	0.969017	0.914325	0.987644	0.980926
44	15|47|109|110	15|109	47|110	58|120|103|127|32|125|126|54|132|28|116|53|83|33|1|63|31|108|79|142	0.252685	0.571429	0.967956	0.918869	0.987812	0.983371
45	48|70|71|109	48|70	71|109	63|54|4|47|79|83|12|116|95|82|110|107|128|121|114|77|138|126|22|11	0.261094	0.727273	0.989996	0.970588	0.996353	0.995472
46	35|71|109|110	35|71	109|110	33|141|108|47|63|96|73|88|79|4|48|128|104|113|3|77|123|7|58|95	0.267469	0.666667	0.990016	0.970755	0.996371	0.994654
47	55|70|103|126	55|70	103|126	31|32|15|42|127|40|123|4|104|121|12|114|119|138|53|108|134|125|63|0	0.245185	0.615385	0.958175	0.90095	0.981425	0.977503
48	15|47|70|96	15|47	70|96	138|132|116|11|55|83|134|77|109|33|128|113|28|45|21|3|117|7|22|104	0.236507	0.666667	0.948735	0.89098	0.980186	0.979197
49	15|35|71|125	15|35	71|125	123|58|32|114|79|108|83|81|11|110|33|117|55|70|63|138|105|119|3|49	0.267306	0.875	0.99413	0.983667	0.998031	0.997702
50	31|47|70|110	31|70	47|110	22|45|58|21|48|12|125|77|1|73|96|75|15|28|88|123|82|40|104|11	0.228094	0.6	0.95611	0.898592	0.983426	0.979955
51	31|35|48|96	31|48	35|96	108|110|53|54|5|120|113|95|136|79|123|129|132|58|83|126|130|3|77|139	0.260103	0.75	0.98561	0.960236	0.995083	0.994873
52	31|96|103|109	31|103	96|109	5|107|47|138|55|104|143|73|132|141|40|15|114|22|123|11|7|33|81|0	0.23421	0.6	0.980232	0.950657	0.992447	0.991329
53	54|71|109|110	54|71	109|110	82|121|5|139|119|47|0|136|143|12|48|22|32|125|128|120|77|28|129|134	0.26389	0.666667	0.976401	0.941893	0.990525	0.990061
54	35|96|103|126	35|103	96|126	32|70|21|54|127|75|123|11|53|129|58|22|33|107|71|109|136|119|77|143	0.238019	0.666667	0.982286	0.951156	0.992556	0.98869
55	31|71|109|110	31|71	109|110	7|33|32|28|49|81|141|138|54|21|83|107|79|139|103|132|123|48|143|108	0.252039	0.545455	0.982641	0.947999	0.99321	0.992284
56	47|55|71|103	47|71	55|103	79|82|95|73|35|63|11|4|88|77|123|70|31|7|129|0|105|53|107|126	0.24049	0.666667	0.973545	0.929941	0.991096	0.987522
57	15|31|70|110	15|70	31|110	77|113|32|121|104|58|107|105|141|108|83|45|120|96|40|128|47|42|79|5	0.247663	0.6	0.972823	0.934934	0.988853	0.988279
58	31|96|103|126	31|103	96|126	113|40|143|123|49|70|88|142|54|73|22|82|12|28|107|128|1|21|121|58	0.212147	0.6	0.976328	0.940722	0.989822	0.986927
59	15|54|55|126	15|126	54|55	143|121|119|40|138|125|105|81|49|22|114|12|139|104|132|5|117|88|82|71	0.247558	0.615385	0.944019	0.868875	0.9751	0.972863
60	15|55|71|125	15|125	55|71	70|42|28|82|48|107|49|127|45|96|130|12|40|81|54|5|138|103|139|114	0.253423	0.875	0.992366	0.981037	0.996864	0.995892
61	31|55|110|126	31|126	55|110	117|1|88|42|47|125|45|103|107|134|5|132|40|130|143|105|54|120|28|70	0.242427	0.615385	0.977818	0.940702	0.990442	0.98798
62	31|71|110|126	31|71	110|126	114|128|21|3|130|54|5|55|40|139|108|28|7|106|49|42|116|103|53|22	0.260519	0.666667	0.976463	0.941722	0.989979	0.985567
63	48|70|71|109	48|70	71|109	95|120|47|123|114|83|77|0|96|106|54|136|79|88|7|58|4|108|55|40	0.263272	0.727273	0.991604	0.977376	0.997153	0.996078
64	35|47|125|126	35|47	125|126	22|12|96|134|139|123|114|130|142|105|132|120|106|127|42|33|79|53|63|5	0.251164	0.8	0.957889	0.891427	0.982852	0.979837
65	15|54|71|125	15|125	54|71	28|103|95|1|32|126|21|77|58|123|132|108|106|81|55|139|40|127|129|114	0.244375	0.571429	0.972117	0.922771	0.989261	0.981834
66	35|54|103|110	35|54	103|110	15|120|109|32|88|127|113|47|42|75|40|4|58|12|128|114|132|107|31|53	0.255662	0.75	0.986428	0.961017	0.993635	0.993334
67	15|47|71|126	15|126	47|71	119|7|114|81|70|104|42|130|138|79|5|136|109|142|113|40|83|45|49|28	0.262541	0.8	0.96684	0.916711	0.986868	0.985597
68	15|48|54|125	15|48	54|125	28|96|116|119|141|107|49|63|110|0|81|127|71|88|4|5|126|136|58|55	0.271881	0.875	0.985014	0.959909	0.994531	0.992224
69	47|48|70|96	47|48	70|96	143|7|1|132|129|53|49|81|121|103|127|136|106|12|75|55|11|79|120|42	0.262276	0.8	0.941603	0.882046	0.97745	0.976993
70	47|70|110|126	47|70	110|126	106|114|1|77|45|4|32|117|132|103|48|130|107|49|128|58|138|7|54|3	0.242696	0.666667	0.956738	0.899331	0.981883	0.978338
71	48|55|103|125	48|55	103|125	77|126|143|95|138|88|15|79|53|107|31|128|40|123|1|33|21|119|108|7	0.240601	0.727273	0.981352	0.950588	0.992036	0.988897
72	55|71|96|109	55|71	96|109	33|40|15|142|116|81|1|47|113|127|139|134|88|42|73|22|53|3|117|79	0.241815	0.666667	0.981263	0.951254	0.992423	0.989356
73	55|70|109|110	55|70	109|110	136|12|121|130|105|119|49|48|88|31|106|11|1|139|132|142|75|107|79|42	0.269109	0.666667	0.954308	0.894047	0.980935	0.977034
74	35|71|125|126	35|126	71|125	58|54|129|110|117|63|128|70|103|22|83|96|114|81|11|73|141|119|77|48	0.256965	0.666667	0.992246	0.976139	0.997048	0.995148
75	35|96|125|126	35|96	125|126	48|0|95|129|49|105|138|42|32|55|104|139|73|136|107|141|110|109|88|3	0.241202	0.875	0.976141	0.932483	0.98986	0.987722
76	47|48|125|126	47|48	125|126	40|77|130|55|70|108|63|95|3|88|35|96|82|136|103|32|139|107|5|11	0.226979	0.666667	0.968652	0.923509	0.988806	0.986227
77	31|48|96|103	31|48	96|103	0|42|104|141|15|105|33|123|106|125|83|54|73|1|63|107|136|126|58|22	0.237454	0.666667	0.98778	0.967546	0.995602	0.994821
78	47|48|54|109	47|109	48|54	129|55|132|96|15|21|82|138|40|104|32|75|103|130|114|4|3|11|127|53	0.254094	0.727273	0.961992	0.916622	0.985619	0.981811
79	54|70|109|126	54|70	109|126	113|121|58|125|75|32|83|11|53|4|141|117|82|21|132|79|104|129|7|73	0.263562	0.666667	0.915241	0.859702	0.963804	0.962984
80	31|35|54|126	31|35	54|126	134|96|63|81|109|127|48|141|1|33|105|123|12|108|0|128|79|75|113|55	0.235746	0.615385	0.973851	0.934613	0.988366	0.983608
81	15|35|47|103	15|47	35|103	138|22|82|123|119|130|4|70|63|45|40|129|3|114|134|141|28|31|127|75	0.252397	0.666667	0.969928	0.916531	0.988894	0.982053
82	31|54|55|96	31|96	54|55	123|77|3|95|79|48|104|28|136|142|129|58|4|35|114|109|110|103|40|107	0.233711	0.666667	0.962884	0.906977	0.983624	0.978987
83	54|55|70|110	54|70	55|110	33|109|31|128|82|139|0|15|71|123|7|83|79|130|47|63|120|1|126|113	0.260468	0.571429	0.984382	0.961856	0.993042	0.990951
84	31|48|96|126	31|96	48|126	15|104|113|3|45|110|1|22|108|12|114|79|53|5|117|132|109|40|71|116	0.243854	0.727273	0.967943	0.920875	0.986185	0.98513
85	71|96|109|125	71|96	109|125	95|126|40|55|88|49|3|113|45|12|123|136|116|4|141|42|129|119|77|11	0.244749	0.875	0.96853	0.92439	0.987704	0.986049
86	15|31|35|55	15|31	35|55	5|22|42|54|47|58|95|125|32|1|114|119|81|75|49|105|116|123|126|106	0.232388	0.666667	0.988139	0.971898	0.994951	0.994779
87	35|47|96|109	35|47	96|109	71|138|126|129|95|114|21|134|128|49|123|79|107|48|105|3|104|116|42|63	0.241912	0.8	0.941872	0.879515	0.976105	0.975755
88	47|48|54|71	47|48	54|71	21|73|3|53|63|116|126|142|114|83|79|108|77|35|32|5|110|109|11|22	0.255717	0.727273	0.964459	0.914044	0.986956	0.984968
89	15|31|70|110	15|31	70|110	32|96|1|21|45|129|49|7|83|130|136|11|143|3|40|75|95|28|121|5	0.26309	0.6	0.961648	0.910081	0.984447	0.979908
90	103|109|110|125	103|110	109|125	31|138|53|88|108|47|5|113|32|81|73|71|0|42|143|114|15|4|48|134	0.240722	0.666667	0.989567	0.969244	0.995518	0.994
91	15|31|35|47	15|31	35|47	55|104|79|3|63|136|107|132|120|126|49|110|88|73|127|142|22|33|82|12	0.243966	0.75	0.963542	0.906545	0.986326	0.980396
92	15|35|70|71	15|35	70|71	83|88|7|141|5|31|47|119|128|110|53|121|49|105|103|142|114|120|130|134	0.26423	0.75	0.985788	0.962395	0.993846	0.991886
93	48|71|103|110	48|103	71|110	45|130|119|128|109|42|75|83|81|121|120|49|88|139|117|77|138|125|11|136	0.269022	0.666667	0.981995	0.947592	0.992369	0.992094
94	48|55|103|110	48|55	103|110	141|105|28|117|109|113|5|128|106|143|15|11|130|119|22|75|134|123|1|7	0.246381	0.666667	0.973589	0.927536	0.988815	0.98778
95	48|55|103|126	48|55	103|126	129|63|119|127|116|0|47|138|143|5|54|117|32|125|82|136|73|31|114|121	0.249715	0.727273	0.983488	0.951631	0.99266	0.991255
96	15|70|96|110	15|70	96|110	82|123|0|12|104|126|79|143|42|121|130|71|49|113|35|107|73|127|88|40	0.251456	0.444444	0.956925	0.899588	0.982966	0.98239
97	15|31|47|126	15|47	31|126	81|83|35|105|119|106|110|127|22|120|139|53|63|40|4|0|109|107|32|1	0.244233	0.615385	0.941733	0.87073	0.975657	0.973274
98	31|47|71|109	31|109	47|71	1|110|73|128|40|139|142|15|12|32|107|130|63|77|136|22|54|117|48|96	0.248095	0.666667	0.976125	0.932654	0.990561	0.986948
99	35|55|71|96	35|55	71|96	129|106|77|5|138|105|123|0|134|40|3|126|88|1|21|103|70|79|108|110	0.254375	0.666667	0.981471	0.952339	0.992862	0.992272
100	15|31|35|48	15|31	35|48	63|123|40|134|83|107|116|75|54|5|32|119|109|47|55|42|104|120|143|79	0.26011	0.75	0.992526	0.979872	0.997116	0.996264
101	54|96|109|126	54|96	109|126	70|119|107|55|132|49|22|121|11|127|28|104|110|95|4|71|125|138|7|88	0.248093	0.666667	0.964721	0.916944	0.985257	0.98443
102	35|48|55|110	35|48	55|110	107|45|109|5|143|121|31|125|4|108|73|47|83|134|75|53|136|117|63|95	0.263196	0.75	0.985333	0.957434	0.99376	0.988722
103	31|55|110|126	31|110	55|126	143|127|81|114|139|7|83|33|0|88|54|71|82|132|130|15|125|113|117|103	0.244956	0.615385	0.976636	0.939866	0.990589	0.990201
104	35|55|70|110	35|70	55|110	139|116|103|125|45|31|11|127|126|113|15|5|129|109|77|53|138|42|54|28	0.252088	0.666667	0.980452	0.951368	0.991479	0.987837
105	15|55|70|103	15|103	55|70	48|5|79|3|134|28|104|54|121|120|32|21|11|75|109|35|12|22|58|139	0.251695	0.666667	0.966896	0.921045	0.986065	0.981371
106	15|48|54|109	15|48	54|109	0|31|5|113|126|139|106|63|58|4|96|134|127|129|33|107|114|71|121|49	0.27725	0.727273	0.980075	0.949043	0.991788	0.989439
107	15|31|54|71	15|71	31|54	81|126|96|109|0|53|63|32|73|12|70|119|117|103|134|132|1|49|79|5	0.253716	0.5	0.989032	0.969861	0.995702	0.994815
108	55|70|109|125	55|70	109|125	33|45|0|121|132|105|110|47|1|126|58|108|4|128|48|106|113|12|138|96	0.256007	0.666667	0.986435	0.963035	0.993934	0.989565
109	35|70|109|126	35|126	70|109	33|103|106|7|129|128|108|141|127|125|22|81|32|58|117|12|0|31|11|5	0.246707	0.666667	0.965648	0.91525	0.98672	0.98343
110	15|47|70|96	15|47	70|96	136|121|83|104|21|142|53|28|88|143|73|4|45|139|126|32|125|127|103|1	0.224811	0.6	0.932805	0.864314	0.973034	0.972669
111	35|47|55|103	35|47	55|103	75|32|40|113|139|107|79|120|126|132|109|33|81|106|83|11|123|53|104|22	0.247806	0.75	0.971436	0.92122	0.989245	0.984806
112	48|70|96|110	48|96	70|110	104|139|134|77|88|128|33|130|143|15|132|21|95|55|32|116|4|127|31|109	0.247415	0.727273	0.969091	0.921986	0.987986	0.985641
113	31|54|70|109	31|54	70|109	79|117|3|75|119|130|49|81|48|139|143|107|103|142|96|123|141|5|0|121	0.264281	0.545455	0.9677	0.928969	0.986259	0.985751
114	55|103|125|126	55|103	125|126	42|141|33|130|138|139|32|142|95|31|121|108|109|48|4|40|96|114|83|45	0.244631	0.666667	0.97575	0.931005	0.988942	0.984623
115	35|48|70|103	35|70	48|103	82|110|138|123|77|53|129|120|12|128|40|105|71|54|141|33|119|79|15|143	0.261814	0.75	0.981886	0.951057	0.992633	0.991858
116	54|70|109|126	54|109	70|126	53|1|83|141|119|134|33|108|55|15|48|21|88|129|71|4|49|47|132|35	0.262119	0.666667	0.972473	0.937042	0.987974	0.986874
117	35|47|54|126	35|126	47|54	127|141|33|128|73|3|143|42|71|45|53|136|138|75|120|130|96|12|58|105	0.240983	0.8	0.950579	0.880671	0.980028	0.974424
118	47|70|71|103	47|71	70|103	73|123|142|121|96|132|108|12|117|55|127|129|105|7|83|22|119|45|126|130	0.252623	0.666667	0.969329	0.925053	0.989206	0.986146
119	35|55|71|125	35|55	71|125	129|11|32|136|54|48|103|21|63|110|123|119|73|88|105|128|75|53|3|12	0.252529	0.666667	0.990349	0.973913	0.996143	0.994849
120	47|55|70|126	47|126	55|70	139|83|81|128|127|88|142|119|123|1|106|117|31|54|95|104|77|113|22|35	0.233047	0.666667	0.957173	0.898396	0.983358	0.978755
121	48|55|109|125	48|109	55|125	127|142|77|81|79|123|15|132|119|138|53|143|42|12|58|134|49|141|11|35	0.275753	0.875	0.970564	0.915044	0.988073	0.980174
122	15|70|71|110	15|71	70|110	22|7|113|63|107|11|127|54|82|28|116|4|141|55|117|128|1|58|129|106	0.285976	0.571429	0.983923	0.95897	0.994203	0.991768
123	35|70|110|126	35|70	110|126	0|127|4|12|128|81|1|5|32|114|28|63|53|106|48|82|107|139|119|15	0.258065	0.615385	0.951423	0.883938	0.97901	0.978477
124	35|71|96|103	35|103	71|96	108|142|73|81|77|33|70|31|106|125|121|138|1|82|48|11|143|107|79|7	0.247067	0.75	0.988855	0.966407	0.995895	0.993623
125	47|48|103|125	47|103	48|125	15|31|32|3|35|128|141|114|75|109|70|105|45|1|5|136|42|81|117|96	0.222452	0.8	0.981154	0.950192	0.993619	0.989966
126	15|35|48|125	15|48	35|125	53|33|117|107|22|81|42|75|103|104|54|55|113|132|88|45|141|32|106|63	0.257577	0.666667	0.992355	0.980879	0.99759	0.996774
127	35|54|55|96	35|96	54|55	143|12|73|70|48|79|141|28|113|120|22|71|63|83|15|47|121|3|0|116	0.265437	0.75	0.985906	0.961071	0.994055	0.991869
128	35|47|110|125	35|125	47|110	33|104|0|55|103|28|128|113|119|53|141|77|22|73|3|121|63|12|96|40	0.250439	0.75	0.964871	0.907902	0.986687	0.977263
129	15|70|110|125	15|70	110|125	123|108|5|119|106|33|82|136|134|22|130|31|40|143|75|104|117|35|71|54	0.263073	0.666667	0.97324	0.935673	0.98935	0.9877
130	31|55|125|126	31|126	55|125	75|130|82|58|139|11|123|106|0|33|53|81|142|88|22|143|136|45|141|54	0.225471	0.666667	0.973093	0.932137	0.989112	0.983967
131	35|70|103|126	35|126	70|103	22|110|7|106|77|71|130|143|134|142|12|123|95|42|136|32|0|31|113|15	0.249822	0.666667	0.952389	0.899915	0.981062	0.979478
132	70|96|109|126	70|96	109|126	0|128|141|119|22|7|104|1|71|42|73|110|4|125|11|79|81|142|53|95	0.237745	0.666667	0.915064	0.855853	0.960941	0.958989
133	47|55|103|126	47|103	55|126	107|134|33|7|139|121|1|70|130|21|123|95|119|3|48|82|96|114|106|113	0.239669	0.666667	0.967723	0.916279	0.986421	0.985682
134	15|47|70|109	15|70	47|109	45|138|4|73|103|126|21|3|123|88|114|125|79|58|127|35|139|142|0|82	0.235464	0.666667	0.93801	0.87441	0.976147	0.971373
135	15|31|48|96	15|96	31|48	55|54|106|71|83|134|21|132|138|63|42|110|77|75|105|114|141|143|7|136	0.22865	0.615385	0.985288	0.959271	0.994644	0.994341
136	55|96|110|125	55|125	96|110	106|28|33|3|53|63|95|104|42|12|127|141|54|81|32|47|139|136|77|134	0.233387	0.666667	0.986176	0.961162	0.994645	0.993814
137	70|96|109|126	70|96	109|126	55|7|88|35|139|11|114|106|132|129|103|75|134|3|22|5|31|47|108|120	0.257584	0.666667	0.978316	0.951586	0.991495	0.990488
138	35|54|70|110	35|54	70|110	108|121|55|63|48|109|79|143|77|3|96|138|103|49|119|130|21|114|31|0	0.277941	0.75	0.981352	0.951807	0.99188	0.990045
139	31|71|109|126	31|109	71|126	0|134|1|48|88|119|55|141|127|123|143|82|35|117|32|7|103|114|81|12	0.251285	0.666667	0.964584	0.913923	0.985183	0.981932
140	47|55|96|110	47|110	55|96	77|12|132|40|5|31|113|4|22|75|128|63|49|71|141|88|45|121|123|95	0.233483	0.615385	0.927	0.84295	0.970355	0.96545
141	54|103|125|126	54|103	125|126	119|5|22|48|114|123|83|121|108|15|82|1|21|136|134|0|40|58|33|88	0.250305	0.666667	0.942981	0.882647	0.974343	0.966777
142	31|54|55|70	31|70	54|55	5|139|33|49|75|40|127|48|141|103|104|58|95|142|63|12|132|47|125|81	0.230661	0.666667	0.974039	0.935649	0.988913	0.988649
143	31|35|71|110	31|110	35|71	73|79|45|3|123|132|5|53|103|95|11|141|134|42|136|138|55|7|121|128	0.254461	0.75	0.976833	0.931715	0.990387	0.984456
144	47|54|96|125	47|96	54|125	117|126|75|73|48|109|116|113|88|0|22|45|32|70|139|3|82|130|55|31	0.231427	0.615385	0.979512	0.947452	0.992881	0.989319
145	103|110|125|126	103|125	110|126	32|58|0|77|71|79|55|114|88|4|132|45|104|48|54|70|116|35|81|136	0.243863	0.727273	0.981805	0.952242	0.992115	0.987879
146	31|35|55|71	31|35	55|71	28|143|136|45|103|33|117|4|81|63|119|32|132|128|105|110|107|114|116|3	0.249155	0.545455	0.977449	0.93501	0.990611	0.990425
147	35|48|55|103	35|48	55|103	139|28|88|21|143|12|128|53|7|141|45|75|104|71|81|77|73|42|83|108	0.236773	0.666667	0.973709	0.921964	0.988631	0.983214
148	15|47|109|126	15|47	109|126	73|54|125|79|83|28|123|42|141|4|35|55|33|7|75|121|11|70|45|82	0.251864	0.8	0.974159	0.930483	0.989334	0.988853
149	55|71|96|109	55|71	96|109	129|0|138|5|21|83|75|40|139|141|117|4|70|15|7|3|95|142|125|22	0.241102	0.666667	0.976078	0.936431	0.990201	0.988977
150	55|96|109|126	55|96	109|126	54|82|79|4|22|108|119|125|21|110|15|48|103|130|106|31|33|107|3|123	0.243536	0.666667	0.98067	0.943842	0.991593	0.991095
151	15|71|96|125	15|96	71|125	12|31|123|54|109|108|141|116|105|73|110|121|132|126|136|7|129|70|95|21	0.245719	0.666667	0.990497	0.973404	0.996957	0.99663
152	48|70|103|110	48|103	70|110	136|130|28|63|15|106|129|125|77|11|120|40|4|54|31|55|0|71|117|109	0.268824	0.666667	0.986945	0.964844	0.994982	0.993169
153	47|55|96|125	47|125	55|96	12|107|75|49|139|141|110|136|79|45|104|42|129|103|105|5|54|114|106|63	0.222406	0.875	0.968779	0.919489	0.987515	0.987372
154	31|54|96|103	31|54	96|103	121|0|33|136|114|71|70|49|45|134|82|81|141|142|48|107|1|21|88|47	0.229295	0.6	0.98452	0.961386	0.993779	0.993711
155	54|55|109|125	54|109	55|125	53|33|88|49|128|121|58|104|107|95|1|83|28|110|0|48|127|113|3|143	0.254579	0.875	0.92246	0.838764	0.9661	0.948428
156	47|54|96|103	47|103	54|96	75|1|105|0|81|113|83|55|71|77|127|53|139|106|104|42|28|130|33|49	0.232827	0.8	0.908103	0.84599	0.959568	0.959425
157	47|70|71|125	47|70	71|125	142|141|31|79|113|11|81|3|120|107|33|143|82|32|96|114|134|103|138|73	0.230538	0.666667	0.965645	0.915873	0.987284	0.980746
158	31|54|55|96	31|55	54|96	15|103|113|139|77|127|136|107|126|11|4|0|142|104|121|3|143|88|42|116	0.234943	0.666667	0.956726	0.905062	0.981917	0.976578
159	48|54|55|103	48|55	54|103	126|32|70|35|71|42|22|113|83|95|127|53|11|109|143|31|129|77|96|125	0.254669	0.727273	0.987683	0.964198	0.99438	0.993002
160	15|109|110|125	15|109	110|125	11|45|7|141|31|21|35|143|104|129|1|42|95|121|83|123|103|138|128|132	0.235585	0.5	0.970762	0.921121	0.988554	0.987244
161	47|70|71|110	47|110	70|71	55|49|53|63|116|129|143|83|32|28|96|125|54|45|121|58|139|142|4|33	0.243229	0.571429	0.967859	0.923885	0.988357	0.984977
162	35|47|71|96	35|96	47|71	119|22|81|127|73|88|130|77|136|32|42|123|55|116|21|117|54|125|113|109	0.265586	0.8	0.972642	0.9246	0.98935	0.984215
163	54|55|103|110	54|103	55|110	75|128|132|139|48|35|114|141|143|119|129|126|53|88|81|70|108|58|1|82	0.254338	0.533333	0.981756	0.95082	0.99282	0.992147
164	35|48|54|71	35|54	48|71	83|7|130|63|55|45|114|11|58|15|107|81|88|120|33|132|95|21|143|104	0.274643	0.75	0.957844	0.87921	0.983283	0.97186
165	47|71|109|110	47|110	71|109	40|121|83|107|141|113|114|142|7|104|63|123|3|108|15|70|117|129|28|82	0.28631	0.666667	0.966628	0.9162	0.987069	0.981625
166	31|103|125|126	31|103	125|126	110|129|116|139|109|70|96|117|134|3|12|7|120|35|107|32|143|1|42|28	0.232723	0.727273	0.984778	0.962063	0.993567	0.992924
167	55|70|96|109	55|70	96|109	95|77|79|71|49|75|35|117|119|126|136|110|114|130|15|81|42|22|143|31	0.236136	0.4	0.967106	0.92779	0.986234	0.984822
168	35|55|96|103	35|96	55|103	79|33|22|128|95|45|77|119|88|7|58|75|121|138|53|54|116|142|15|134	0.239553	0.75	0.980718	0.946628	0.99154	0.988771
169	15|48|109|125	15|125	48|109	70|54|32|21|42|81|73|35|28|138|139|103|7|104|55|108|129|123|114|128	0.229085	0.571429	0.990928	0.97765	0.996936	0.996266
170	31|35|47|110	31|35	47|110	7|70|3|107|5|105|109|15|121|1|4|143|73|114|40|49|106|63|123|132	0.25415	0.75	0.970573	0.921904	0.989048	0.982978
171	31|35|70|103	31|70	35|103	28|79|12|22|88|5|33|3|71|49|125|81|142|119|58|48|132|121|108|11	0.250708	0.75	0.935622	0.872965	0.969562	0.955892
172	54|70|71|109	54|71	70|109	40|104|7|15|136|32|4|53|88|73|81|110|139|125|22|31|105|83|82|11	0.263198	0.666667	0.958355	0.921333	0.984565	0.982015
173	96|103|110|125	96|103	110|125	130|55|114|134|126|143|35|104|105|79|32|15|11|1|4|12|75|28|142|82	0.230132	0.6	0.977864	0.939717	0.991909	0.989742
174	35|54|70|103	35|103	54|70	116|125|0|12|15|142|81|110|73|134|128|109|77|63|21|48|127|83|120|96	0.260938	0.75	0.979201	0.947678	0.990602	0.985817
175	15|35|96|109	15|35	96|109	106|130|75|138|21|110|3|5|0|113|141|116|123|12|53|126|55|73|134|103	0.254201	0.666667	0.974905	0.939235	0.990588	0.984511
176	31|55|71|125	31|55	71|125	21|128|123|96|110|40|120|4|95|113|28|108|121|7|70|1|33|22|107|82	0.245519	0.666667	0.98239	0.954183	0.992748	0.988906
177	15|70|71|96	15|71	70|96	143|103|12|105|35|108|22|128|88|42|138|3|83|95|132|116|73|32|139|53	0.238737	0.666667	0.947747	0.883531	0.979337	0.96829
178	31|47|54|126	31|126	47|54	83|104|12|40|142|48|79|0|55|107|129|33|127|106|82|32|7|130|136|128	0.225043	0.615385	0.900655	0.833029	0.954752	0.950015
179	48|71|96|110	48|96	71|110	0|5|107|138|130|113|70|77|136|21|117|11|134|15|106|79|1|143|95|55	0.270131	0.727273	0.981264	0.946024	0.993011	0.992012
180	55|70|103|125	55|125	70|103	119|132|106|121|15|77|142|49|1|96|45|3|126|117|11|95|40|58|81|42	0.248983	0.875	0.985694	0.960388	0.994414	0.992038
181	31|35|48|109	31|109	35|48	104|142|138|40|121|117|119|96|95|106|113|139|136|58|126|53|28|75|47|81	0.259424	0.75	0.991539	0.976068	0.996814	0.995697
182	15|35|47|109	15|47	35|109	108|103|88|3|104|138|143|130|117|125|139|81|28|71|116|54|110|73|53|1	0.249094	0.571429	0.977502	0.936995	0.99115	0.985546
183	55|70|96|125	55|125	70|96	28|73|82|45|88|15|113|121|142|114|35|120|139|136|5|107|116|33|63|126	0.227955	0.666667	0.962391	0.909612	0.985035	0.976895
184	35|47|54|55	35|55	47|54	88|128|129|82|107|70|126|134|141|136|103|125|1|130|49|117|11|73|81|75	0.243389	0.666667	0.975395	0.934528	0.991345	0.986753
185	31|54|110|126	31|110	54|126	120|142|55|127|132|108|129|103|125|104|22|130|113|49|117|63|79|73|28|5	0.244211	0.571429	0.946532	0.875034	0.976972	0.968771
186	48|54|71|109	48|54	71|109	28|108|83|12|31|126|11|143|15|106|88|58|35|138|45|136|120|32|123|0	0.259971	0.615385	0.969174	0.928039	0.987751	0.984639
187	31|54|109|126	31|109	54|126	77|12|121|128|113|4|45|33|40|47|48|42|58|127|116|5|1|79|22|129	0.233263	0.666667	0.967115	0.928412	0.985185	0.981978
188	15|31|48|109	15|109	31|48	12|40|79|123|1|5|136|143|28|119|77|117|113|33|105|7|114|11|54|106	0.273733	0.727273	0.981341	0.948361	0.992278	0.991966
189	31|35|54|103	31|54	35|103	83|125|48|127|128|88|15|107|95|4|110|0|141|108|11|32|5|3|109|73	0.247919	0.5	0.974419	0.938958	0.988687	0.983941
190	47|55|71|109	47|109	55|71	75|28|132|45|134|119|83|104|32|88|110|42|127|117|15|123|105|139|7|96	0.248141	0.8	0.967623	0.919905	0.986939	0.982597
191	48|55|110|125	48|125	55|110	77|22|136|7|75|63|35|47|119|54|88|116|95|82|104|49|128|141|138|42	0.245633	0.875	0.983845	0.955583	0.99332	0.987969
192	48|70|110|126	48|70	110|126	28|106|83|119|22|1|15|96|4|82|31|40|117|58|11|81|116|95|63|7	0.265149	0.666667	0.977006	0.938836	0.99157	0.99054
193	35|48|125|126	35|126	48|125	121|5|73|130|21|75|42|136|55|119|103|127|110|63|141|71|70|58|47|96	0.252746	0.75	0.991331	0.974853	0.996844	0.99512
194	96|103|109|125	96|103	109|125	139|83|79|114|136|119|21|143|95|81|32|127|12|130|138|75|132|88|54|31	0.228639	0.571429	0.985506	0.961448	0.993845	0.992964
195	47|54|96|125	47|54	96|125	120|55|143|128|33|32|105|81|95|4|31|12|35|121|75|70|138|106|136|114	0.214529	0.666667	0.960325	0.909163	0.985299	0.977898
196	15|35|54|70	15|70	35|54	11|63|32|28|7|77|42|108|114|5|75|95|127|106|104|40|21|136|126|1	0.262046	0.666667	0.962336	0.911319	0.984957	0.984809
197	47|48|55|71	47|71	48|55	121|95|88|33|42|129|1|70|77|141|120|83|81|45|107|110|104|132|15|5	0.251784	0.8	0.974274	0.930633	0.990376	0.985582
198	15|48|54|109	15|48	54|109	128|121|82|125|12|45|58|127|53|28|113|1|130|81|96|116|123|110|63|126	0.279394	0.727273	0.979376	0.953266	0.992154	0.988226
199	48|55|70|96	48|96	55|70	4|53|114|125|119|33|15|139|104|1|127|35|5|79|12|136|58|63|54|49	0.254631	0.727273	0.971612	0.926948	0.9883	0.982541
200	70|96|109|110	70|109	96|110	88|120|132|63|125|15|105|4|49|123|104|0|73|53|5|55|119|114|117|103	0.255135	0.666667	0.948998	0.898678	0.978567	0.974041
201	15|35|54|55	15|54	35|55	117|81|113|105|95|138|125|73|143|121|33|75|5|107|139|106|28|70|58|130	0.262171	0.75	0.976238	0.93869	0.990373	0.986667
202	15|96|109|110	15|110	96|109	95|48|33|12|113|21|1|81|11|114|88|141|138|107|54|123|128|77|104|47	0.245242	0.666667	0.986988	0.963893	0.995251	0.993923
203	31|47|103|110	31|103	47|110	79|58|129|95|143|119|12|88|40|70|73|116|77|132|32|75|106|142|48|3	0.238404	0.727273	0.965691	0.913659	0.986068	0.980697
204	35|70|109|125	35|70	109|125	33|31|106|15|132|71|129|113|11|45|55|0|77|114|22|47|75|95|81|49	0.273102	0.875	0.98659	0.966832	0.994547	0.994477
205	15|31|47|110	15|31	47|110	73|107|106|28|42|1|134|105|130|142|0|114|70|35|108|32|71|139|75|127	0.255313	0.8	0.965499	0.912755	0.986945	0.982206
206	15|35|55|96	15|96	35|55	70|142|33|132|88|28|54|45|139|31|120|5|47|81|117|3|0|104|83|109	0.253023	0.75	0.988956	0.973936	0.995149	0.995129
207	47|55|96|103	47|103	55|96	106|22|77|134|58|108|28|42|54|132|110|33|82|120|3|70|129|45|35|53	0.23087	0.8	0.970717	0.92358	0.988167	0.987943
208	54|96|103|125	54|125	96|103	71|136|77|63|104|114|129|11|4|113|31|83|22|28|1|21|7|88|105|75	0.233007	0.666667	0.956597	0.903144	0.983343	0.98224
209	15|35|47|103	15|47	35|103	53|117|142|1|138|73|143|31|4|45|32|108|109|21|75|132|114|28|125|105	0.243316	0.666667	0.966202	0.909214	0.987165	0.979935
210	47|54|109|110	47|109	54|110	73|95|96|132|113|79|106|126|49|120|28|125|12|139|31|142|71|33|40|128	0.239541	0.666667	0.962649	0.911502	0.985208	0.984183
211	47|55|110|126	47|110	55|126	45|40|142|5|123|113|114|106|7|103|129|54|116|70|138|128|104|63|119|75	0.24346	0.615385	0.963839	0.909811	0.985712	0.984705
212	15|31|48|109	15|109	31|48	79|141|103|136|42|32|134|71|70|77|116|55|107|4|75|54|21|5|53|119	0.256985	0.727273	0.991214	0.97331	0.996854	0.996222
213	15|31|54|126	15|54	31|126	142|141|32|139|103|114|22|35|12|104|132|95|77|88|73|129|58|134|49|70	0.233316	0.666667	0.975253	0.930233	0.990435	0.98935
214	35|48|103|125	35|125	48|103	75|55|105|138|121|136|139|81|32|4|119|45|21|11|83|22|70|31|71|47	0.241642	0.75	0.994325	0.985757	0.997931	0.996813
215	47|71|96|109	47|109	71|96	77|21|40|83|138|126|129|120|103|143|79|88|113|81|142|49|12|110|105|63	0.226098	0.666667	0.945008	0.891094	0.978812	0.971641
216	15|31|35|71	15|35	31|71	7|0|81|139|40|136|88|127|125|109|4|103|63|113|95|110|58|5|75|79	0.252288	0.6	0.986295	0.964429	0.994679	0.9935
217	54|55|70|126	54|55	70|126	0|143|113|40|82|95|11|128|103|77|109|12|83|121|141|108|136|125|47|105	0.256652	0.666667	0.976003	0.935941	0.989878	0.989408
218	15|70|96|109	15|70	96|109	125|4|73|1|63|71|12|47|106|126|103|95|83|143|40|45|32|7|5|0	0.241564	0.6	0.984864	0.958705	0.994165	0.993238
219	47|48|70|103	47|48	70|103	40|128|141|132|136|53|123|121|108|32|106|55|139|117|73|31|88|79|15|35	0.244302	0.727273	0.949137	0.884534	0.980417	0.97682
220	15|54|70|71	15|54	70|71	21|120|12|77|139|113|108|3|11|107|138|127|22|143|130|119|73|114|104|136	0.261872	0.666667	0.918787	0.83578	0.964316	0.962445
221	47|48|96|103	47|48	96|103	125|22|105|3|53|11|77|108|129|121|82|113|45|119|130|83|134|141|71|1	0.244999	0.666667	0.921555	0.843975	0.96543	0.965378
222	31|110|125|126	31|126	110|125	42|7|79|121|128|49|108|95|28|11|114|138|12|77|134|73|120|75|22|55	0.233836	0.875	0.942306	0.872743	0.975403	0.96246
223	15|47|71|126	15|126	47|71	136|21|1|5|120|128|105|106|116|88|132|127|55|129|96|134|49|11|82|143	0.237523	0.615385	0.96276	0.904812	0.986154	0.984137
224	15|54|71|110	15|71	54|110	22|5|116|7|117|70|32|40|126|88|0|141|128|139|138|1|3|45|143|130	0.276399	0.666667	0.975551	0.933819	0.990496	0.986557
225	31|55|103|109	31|55	103|109	21|53|4|11|77|81|125|83|129|33|58|28|71|1|32|47|113|42|128|79	0.220639	0.666667	0.981035	0.949843	0.991659	0.991087
226	31|35|71|96	31|71	35|96	82|11|136|103|47|70|58|105|129|114|117|3|4|109|104|55|107|77|130|28	0.247479	0.666667	0.993363	0.980491	0.99761	0.997378
227	54|71|96|103	54|96	71|103	117|21|110|125|128|31|42|12|55|48|109|32|11|47|73|77|3|127|95|130	0.23468	0.666667	0.987999	0.966867	0.994779	0.992637
228	15|31|47|96	15|31	47|96	45|142|130|12|109|35|123|126|11|54|139|75|83|53|33|81|71|22|7|1	0.229106	0.6	0.975669	0.935527	0.991426	0.987322
229	35|47|48|126	35|126	47|48	82|88|129|11|71|138|15|125|134|73|104|0|117|28|113|136|77|119|123|49	0.254869	0.666667	0.942157	0.859053	0.974993	0.970412
230	35|54|71|109	35|54	71|109	79|33|82|70|123|104|121|129|12|28|88|45|119|75|103|106|58|127|32|22	0.277091	0.75	0.979716	0.951269	0.992397	0.992166
231	15|47|54|110	15|54	47|110	141|4|53|96|73|45|95|139|83|49|123|113|116|0|7|128|32|114|79|55	0.241571	0.5	0.950051	0.884935	0.980471	0.974263
232	31|35|47|125	31|125	35|47	116|105|21|104|83|33|108|141|1|82|49|55|109|130|119|121|113|11|134|7	0.24038	0.875	0.968463	0.915916	0.9885	0.984188
233	15|55|70|126	15|55	70|126	114|125|121|4|109|35|22|0|7|3|116|88|96|103|107|32|129|47|113|130	0.25125	0.545455	0.977146	0.944884	0.989262	0.988325
234	15|54|55|126	15|126	54|55	139|0|103|1|83|82|96|120|63|125|88|129|40|22|4|71|49|121|12|105	0.24897	0.615385	0.966707	0.911686	0.985539	0.983776
235	47|54|71|125	47|71	54|125	88|120|63|73|113|82|139|31|138|107|55|28|134|106|40|128|0|126|77|48	0.232546	0.615385	0.966062	0.918639	0.986878	0.982859
236	48|54|109|125	48|54	109|125	110|128|55|11|58|12|121|136|21|117|113|5|81|28|73|83|35|79|49|126	0.281549	0.875	0.963181	0.920375	0.985791	0.982458
237	31|96|103|110	31|110	96|103	32|5|12|54|81|107|33|15|116|1|136|45|7|82|63|139|126|28|125|0	0.241893	0.727273	0.983934	0.957435	0.994152	0.993577
238	48|54|109|126	48|54	109|126	31|35|3|79|121|4|136|12|42|130|113|71|129|77|132|142|119|11|45|123	0.268307	0.727273	0.951681	0.896428	0.979524	0.978003
239	15|47|103|126	15|47	103|126	71|73|117|45|128|134|116|12|70|11|96|81|83|107|63|113|75|0|54|108	0.250055	0.727273	0.974905	0.935092	0.989862	0.98912
240	31|55|110|125	31|110	55|125	12|138|126|143|123|5|33|54|21|47|58|121|128|22|82|0|15|114|106|42	0.227933	0.666667	0.983495	0.956559	0.992947	0.9929
241	35|48|55|110	35|48	55|110	120|63|22|7|47|142|40|141|132|15|4|113|128|75|130|49|82|32|3|116	0.272058	0.75	0.983876	0.953115	0.993157	0.987907
242	47|55|71|103	47|55	71|103	109|117|132|42|45|0|77|119|121|88|73|32|7|106|123|136|31|105|107|11	0.249115	0.8	0.965502	0.914225	0.986468	0.980006
243	70|109|125|126	70|109	125|126	28|33|71|96|127|103|120|81|45|79|107|58|5|110|75|55|48|22|0|117	0.259776	0.666667	0.971825	0.925905	0.988113	0.986338
244	35|47|70|109	35|47	70|109	40|81|127|48|107|53|106|136|130|134|121|32|128|95|142|139|143|117|12|114	0.24306	0.75	0.909452	0.834172	0.95954	0.953942
245	15|48|103|110	15|48	103|110	73|3|109|107|70|7|141|129|130|88|40|82|11|32|117|136|113|104|126|83	0.261188	0.666667	0.98689	0.962482	0.99519	0.994618
246	48|70|96|109	48|96	70|109	83|119|47|142|71|12|104|77|79|88|35|49|58|4|11|143|138|55|95|7	0.239188	0.727273	0.979843	0.952447	0.992419	0.9906
247	15|109|110|126	15|109	110|126	3|45|55|141|136|128|129|88|53|96|143|105|21|1|22|33|49|107|114|130	0.245294	0.5	0.964687	0.912198	0.985827	0.981305
248	15|35|54|126	15|54	35|126	45|55|130|120|107|127|110|79|136|21|47|119|28|142|32|109|113|11|88|104	0.271817	0.75	0.984123	0.955446	0.993103	0.991525
249	71|103|109|126	71|103	109|126	88|58|82|79|31|32|110|113|42|49|47|120|114|123|130|1|75|40|132|55	0.2468	0.666667	0.986326	0.962264	0.994435	0.991463
250	35|54|109|125	35|54	109|125	7|15|110|0|28|116|105|142|136|113|3|128|40|12|127|71|31|141|79|143	0.251849	0.666667	0.962171	0.917578	0.985181	0.982925
251	48|71|109|110	48|109	71|110	1|54|12|95|31|134|103|4|107|127|73|33|21|120|77|136|128|7|42|63	0.264945	0.727273	0.985068	0.956904	0.994533	0.992976
252	31|54|55|103	31|54	55|103	3|114|95|108|127|83|109|1|81|63|142|49|33|125|22|7|110|4|113|48	0.231269	0.533333	0.962721	0.914199	0.984251	0.981418
253	15|31|71|109	15|71	31|109	3|70|0|83|127|11|53|47|106|129|143|141|21|139|81|88|105|40|82|107	0.265154	0.666667	0.989496	0.969724	0.995883	0.99456
254	31|96|103|109	31|96	103|109	5|1|119|28|82|88|117|21|95|12|32|53|107|35|48|142|42|58|3|130	0.236345	0.666667	0.919098	0.86073	0.961205	0.958238
255	15|31|96|110	15|31	96|110	12|35|128|71|130|82|136|117|70|33|45|116|113|134|103|127|132|1|83|73	0.241155	0.6	0.978212	0.939162	0.991732	0.989071
256	35|48|54|96	35|96	48|54	12|123|79|126|21|81|127|15|7|138|121|88|139|104|5|42|28|11|55|132	0.258337	0.75	0.962488	0.915525	0.984544	0.982136
257	54|55|70|110	54|55	70|110	71|139|96|134|114|48|28|47|79|7|128|32|119|109|143|142|117|108|58|4	0.25034	0.5	0.976271	0.943985	0.988635	0.987959
258	70|96|109|126	70|96	109|126	132|121|3|54|32|104|108|11|116|4|49|113|40|5|106|35|117|128|73|63	0.253196	0.666667	0.972015	0.926969	0.988729	0.988575
259	54|71|96|103	54|96	71|103	32|45|35|143|47|31|105|107|134|83|70|113|109|120|142|130|81|40|77|129	0.253986	0.666667	0.990116	0.972865	0.995525	0.994519
260	31|48|109|126	31|48	109|126	79|11|83|132|1|32|117|33|40|55|129|81|103|7|141|95|139|110|22|121	0.262153	0.727273	0.956974	0.89666	0.981831	0.975276
261	35|47|48|103	35|47	48|103	31|114|55|21|4|33|82|119|71|77|117|49|109|54|95|75|42|45|32|88	0.264813	0.8	0.980096	0.94335	0.992466	0.988676
262	15|31|35|71	15|71	31|35	114|73|58|77|143|109|48|32|33|96|28|117|63|110|55|139|126|79|1|88	0.246645	0.571429	0.992904	0.980513	0.997481	0.997154
263	15|35|55|125	15|125	35|55	106|12|48|83|114|49|11|127|129|45|134|79|138|113|53|116|40|7|95|0	0.247698	0.875	0.977674	0.936483	0.989915	0.987809
264	54|70|71|103	54|103	70|71	4|48|42|31|110|58|82|104|22|120|143|125|45|5|0|15|141|81|139|47	0.250859	0.5	0.984874	0.960948	0.994013	0.993958
265	35|70|103|125	35|125	70|103	40|141|106|113|53|142|96|105|123|73|3|79|0|22|33|31|28|71|116|75	0.246042	0.727273	0.981182	0.948478	0.99198	0.987412
266	48|54|110|126	48|110	54|126	96|128|47|121|106|116|5|132|104|4|139|7|12|58|73|45|1|55|117|35	0.253329	0.666667	0.978135	0.942634	0.991323	0.988759
267	15|71|96|126	15|126	71|96	123|136|33|0|106|117|28|105|132|12|130|47|75|119|95|134|21|4|143|120	0.257577	0.666667	0.974653	0.930986	0.989665	0.986688
268	31|35|109|125	31|35	109|125	142|73|110|136|121|117|108|21|141|143|15|128|45|58|79|28|126|138|71|1	0.256143	0.75	0.977085	0.937557	0.990642	0.988239
269	48|71|103|126	48|126	71|103	143|128|15|0|121|49|113|81|54|116|79|83|22|82|55|31|96|45|104|12	0.252405	0.727273	0.984867	0.959159	0.993716	0.990593
270	35|54|70|126	35|126	54|70	73|21|107|53|116|79|4|119|106|83|113|55|31|81|42|58|123|45|47|49	0.25602	0.666667	0.978268	0.945829	0.990842	0.988647
271	31|35|103|110	31|35	103|110	77|134|136|12|40|32|121|107|58|104|123|95|105|141|22|117|83|88|120|55	0.256959	0.75	0.950867	0.885524	0.978436	0.978297
272	15|31|47|71	15|31	47|71	142|143|7|132|109|3|83|75|138|70|88|108|120|33|136|35|104|55|107|105	0.246684	0.545455	0.971679	0.923347	0.989286	0.984125
273	54|55|70|125	54|55	70|125	128|142|126|119|0|110|108|63|7|139|104|22|106|81|45|12|132|48|117|96	0.252025	0.666667	0.980906	0.953188	0.992074	0.990547
274	35|48|54|103	35|103	48|54	7|129|119|95|79|21|110|75|31|0|132|116|109|12|55|70|22|83|58|120	0.283138	0.75	0.987768	0.96411	0.995321	0.993133
275	48|70|110|125	48|70	110|125	75|31|81|95|42|121|106|11|71|96|3|33|1|126|58|12|54|4|136|142	0.251324	0.666667	0.985064	0.961397	0.994925	0.994544
276	54|55|103|125	54|125	55|103	116|110|121|132|71|45|139|129|32|42|142|138|63|83|40|3|11|123|49|35	0.245629	0.875	0.942394	0.86415	0.973043	0.970221
277	31|35|54|55	31|35	54|55	53|28|4|110|21|105|47|143|134|139|104|130|142|88|132|103|114|58|126|71	0.232015	0.666667	0.981108	0.946744	0.991636	0.986498
278	15|31|96|110	15|31	96|110	103|126|116|48|82|35|22|139|134|88|123|119|95|132|104|1|45|7|3|114	0.239223	0.6	0.966591	0.912847	0.986883	0.983822
279	15|35|96|109	15|109	35|96	129|138|83|103|136|3|128|134|107|40|21|143|141|31|73|104|132|88|77|71	0.242161	0.666667	0.963261	0.910897	0.985685	0.983246
280	31|47|48|126	31|48	47|126	106|11|88|138|54|12|128|105|70|45|129|110|127|103|117|21|134|109|28|139	0.237669	0.727273	0.971944	0.930789	0.989709	0.984185
281	48|55|96|126	48|55	96|126	142|4|88|110|114|139|70|31|128|143|108|125|47|138|109|95|40|63|79|53	0.231892	0.727273	0.984078	0.953759	0.993206	0.992676
282	35|70|109|126	35|70	109|126	106|138|77|48|49|129|4|83|123|117|103|95|125|15|55|53|139|58|21|0	0.265978	0.666667	0.953195	0.893226	0.979386	0.976626
283	31|54|103|126	31|126	54|103	120|110|123|128|15|45|48|5|33|42|96|95|22|11|117|12|125|143|77|70	0.222822	0.666667	0.978453	0.945976	0.990567	0.98922
284	55|71|109|110	55|109	71|110	79|47|129|82|28|32|136|108|142|49|75|12|127|54|45|121|21|113|42|40	0.275367	0.666667	0.978155	0.948157	0.990554	0.989723
285	70|109|110|125	70|110	109|125	129|141|0|82|42|96|58|49|130|95|3|73|22|123|33|126|107|11|71|104	0.267617	0.875	0.977693	0.940766	0.991872	0.988719
286	35|55|70|126	35|55	70|126	1|106|141|71|128|15|31|81|110|117|136|82|7|32|119|130|123|12|49|48	0.246933	0.615385	0.973988	0.932268	0.989578	0.982749
287	48|96|103|110	48|103	96|110	114|142|82|75|11|35|130|40|63|77|108|83|33|109|116|136|47|71|73|128	0.253258	0.727273	0.987564	0.964837	0.995378	0.994236
288	96|109|110|126	96|126	109|110	31|47|5|12|4|77|116|79|55|81|104|28|45|134|129|138|127|117|123|58	0.237208	0.666667	0.977121	0.942456	0.990992	0.989723
289	15|31|48|109	15|109	31|48	83|3|125|33|75|21|113|132|79|114|104|123|4|130|71|81|45|77|106|108	0.265439	0.727273	0.952446	0.885698	0.980153	0.977396
290	47|54|55|110	47|110	54|55	21|121|83|71|22|75|143|32|117|119|132|28|35|79|11|125|142|141|134|113	0.250955	0.666667	0.909129	0.812228	0.959906	0.959518
291	48|54|70|125	48|125	54|70	1|142|21|120|96|22|0|82|35|88|129|55|128|141|138|113|119|105|116|58	0.250105	0.615385	0.972637	0.935358	0.990132	0.98505
292	47|48|55|109	47|109	48|55	35|28|54|119|81|136|108|63|123|143|114|75|106|130|31|82|96|128|45|83	0.241927	0.666667	0.975918	0.934293	0.990849	0.988218
293	47|103|110|125	47|103	110|125	120|114|45|142|42|139|15|12|54|77|40|119|126|83|0|48|75|109|138|1	0.243016	0.8	0.974991	0.932422	0.990209	0.987447
294	47|54|71|96	47|54	71|96	134|132|28|138|73|5|82|58|103|108|109|22|63|35|128|49|88|4|31|130	0.243515	0.666667	0.965489	0.9115	0.987397	0.982193
295	48|70|125|126	48|126	70|125	5|96|142|119|114|77|11|1|73|0|54|15|55|88|109|105|136|12|75|33	0.229429	0.666667	0.979261	0.946499	0.992043	0.989547
296	35|103|125|126	35|126	103|125	129|40|77|141|47|28|109|63|96|0|45|114|75|49|117|33|32|127|123|15	0.240901	0.875	0.989127	0.970624	0.995309	0.993646
297	54|103|110|125	54|103	110|125	120|119|71|32|132|105|45|114|123|141|104|130|73|35|113|128|40|126|117|53	0.249127	0.533333	0.965574	0.905443	0.985648	0.979438
298	48|55|70|71	48|70	55|71	75|123|1|95|15|110|126|49|53|79|121|96|7|128|31|142|138|116|81|83	0.246947	0.727273	0.986505	0.962573	0.994711	0.993068
299	15|48|103|110	15|110	48|103	123|130|142|1|104|42|0|134|132|49|35|95|79|40|108|139|116|143|11|45	0.265839	0.727273	0.960099	0.892467	0.98331	0.982341
300	55|103|125|126	55|126	103|125	79|70|119|1|136|143|15|106|49|105|71|54|141|116|33|12|134|109|108|132	0.243674	0.875	0.981149	0.948325	0.991675	0.987778
301	71|103|110|125	71|103	110|125	88|40|130|47|35|128|138|121|49|106|134|114|82|63|11|141|79|54|15|12	0.256168	0.875	0.989687	0.969641	0.995815	0.995538
302	48|96|109|110	48|96	109|110	139|33|35|104|15|81|116|119|127|132|73|55|63|107|83|79|121|136|82|95	0.267711	0.727273	0.944519	0.878401	0.977006	0.975546
303	31|35|71|103	31|35	71|103	48|3|117|143|22|138|40|79|32|109|7|83|28|139|129|54|141|128|126|110	0.26469	0.666667	0.99092	0.972846	0.996653	0.995978
304	47|70|103|110	47|110	70|103	11|63|3|114|83|105|119|40|35|45|116|0|73|22|130|113|71|33|28|134	0.260215	0.727273	0.907383	0.825746	0.958549	0.957965
305	35|48|54|96	35|54	48|96	7|121|32|110|12|139|45|134|21|0|53|58|130|5|28|123|117|143|49|33	0.27623	0.75	0.932092	0.853025	0.97032	0.96774
306	31|55|103|110	31|110	55|103	83|116|47|75|105|28|53|143|12|79|7|58|77|121|4|109|108|120|88|134	0.238836	0.727273	0.976943	0.940693	0.989384	0.988199
307	103|109|110|126	103|126	109|110	49|70|55|127|125|141|95|81|138|117|21|63|105|128|106|142|40|104|58|139	0.251474	0.666667	0.971232	0.924661	0.98711	0.9837
308	15|54|71|109	15|54	71|109	130|21|108|119|58|49|106|77|0|125|141|42|142|63|47|35|40|95|79|70	0.263943	0.666667	0.983335	0.958692	0.993201	0.991342
309	55|70|71|109	55|70	71|109	117|31|88|110|128|114|11|73|48|119|63|81|49|33|126|77|121|106|127|103	0.247152	0.666667	0.973847	0.938041	0.989778	0.988581
310	47|54|70|71	47|70	54|71	21|126|127|139|128|49|75|79|104|33|105|5|32|82|119|77|132|121|63|106	0.246117	0.666667	0.935683	0.870428	0.974505	0.968178
311	47|70|109|126	47|70	109|126	108|128|31|110|123|130|35|104|75|132|55|81|139|0|54|121|45|22|5|113	0.259914	0.666667	0.968708	0.921538	0.98768	0.984981
312	15|48|96|109	15|109	48|96	142|141|73|132|22|114|81|138|129|58|123|126|143|40|11|32|127|63|134|79	0.249532	0.727273	0.962664	0.911959	0.985664	0.985146
313	71|96|110|125	71|96	110|125	45|22|104|81|48|107|3|32|11|47|143|134|15|82|117|103|95|139|40|83	0.232006	0.615385	0.989741	0.968976	0.996169	0.995622
314	47|48|55|110	47|110	48|55	125|104|95|42|132|106|139|120|4|7|21|143|109|108|83|119|105|134|70|79	0.243934	0.8	0.962763	0.911152	0.984724	0.980632
315	47|71|110|125	47|71	110|125	45|81|31|95|55|11|136|104|73|53|107|106|126|88|103|32|15|3|0|116	0.228254	0.5	0.966518	0.913877	0.987469	0.981785
316	70|103|125|126	70|125	103|126	73|12|31|113|108|15|121|35|81|110|75|136|142|71|88|7|47|45|77|139	0.219972	0.615385	0.98297	0.956839	0.993077	0.99154
317	15|31|96|109	15|96	31|109	134|88|47|71|28|12|81|82|11|116|110|107|127|45|63|7|123|106|35|103	0.250599	0.666667	0.984937	0.961825	0.994022	0.993571
318	15|55|103|126	15|103	55|126	73|127|70|48|31|22|113|4|105|33|95|0|49|117|96|1|42|110|120|125	0.222969	0.666667	0.979347	0.948341	0.991278	0.988053
319	35|55|71|96	35|71	55|96	63|5|45|31|142|0|54|108|143|73|77|125|12|126|11|75|7|58|32|134	0.244151	0.666667	0.986982	0.965417	0.995006	0.992283
320	31|48|70|110	31|48	70|110	40|28|103|75|21|116|77|1|73|128|5|63|22|42|114|49|108|107|138|130	0.248762	0.615385	0.959971	0.9	0.984614	0.977905
321	35|48|96|125	35|96	48|125	47|127|116|55|132|77|42|73|0|3|138|11|12|53|4|128|108|95|88|15	0.223176	0.727273	0.985665	0.964728	0.994641	0.994065
322	15|35|48|71	15|35	48|71	42|21|58|119|54|4|136|0|130|88|105|11|117|121|3|96|79|45|81|28	0.301271	0.75	0.991129	0.974738	0.997027	0.996841
323	31|35|54|96	31|35	54|96	139|45|11|70|1|48|125|22|136|108|138|58|42|114|15|128|12|123|132|120	0.246354	0.75	0.975447	0.940011	0.990244	0.985657
324	15|31|125|126	15|31	125|126	0|79|116|75|82|143|71|110|121|81|123|96|138|12|22|103|83|132|70|33	0.245782	0.666667	0.98777	0.965837	0.995266	0.994097
325	31|47|103|125	31|103	47|125	49|114|119|22|83|123|7|58|113|63|79|0|136|12|40|71|45|35|116|1	0.233554	0.875	0.917583	0.826393	0.963678	0.961415
326	35|48|55|109	35|109	48|55	129|120|125|31|3|79|110|113|117|7|32|132|4|108|107|77|53|141|11|47	0.292412	0.75	0.986541	0.960472	0.994192	0.992074
327	96|103|109|110	96|109	103|110	127|40|117|58|104|81|132|35|7|120|114|134|1|42|48|123|128|106|12|4	0.233104	0.6	0.925857	0.856245	0.965823	0.958554
328	31|55|71|110	31|71	55|110	104|1|32|116|105|139|73|49|42|70|113|114|63|54|53|4|119|7|47|136	0.245063	0.571429	0.984354	0.95956	0.993172	0.990972
329	35|48|70|126	35|70	48|126	79|11|15|141|110|58|22|114|1|129|134|73|31|120|113|12|119|49|77|33	0.277317	0.75	0.969398	0.919888	0.987532	0.986121
330	15|35|70|126	15|126	35|70	21|134|22|45|107|33|0|82|105|113|49|116|125|4|47|28|121|141|139|12	0.273346	0.75	0.974517	0.934112	0.98895	0.987279
331	31|54|55|110	31|110	54|55	0|71|4|105|126|143|114|88|136|128|81|77|141|121|5|106|40|83|120|127	0.244872	0.6	0.954838	0.8891	0.981211	0.97816
332	31|35|47|125	31|47	35|125	139|11|107|73|58|63|3|45|7|88|81|95|105|5|55|114|132|40|32|71	0.209595	0.6	0.93136	0.844663	0.971082	0.950765
333	48|71|96|110	48|96	71|110	1|22|109|4|106|5|40|105|127|79|21|32|104|28|114|117|138|33|3|136	0.261142	0.727273	0.957914	0.893196	0.982395	0.980783
334	31|54|70|109	31|109	54|70	113|0|82|143|141|7|3|33|58|32|128|55|22|53|88|95|142|12|48|106	0.253955	0.666667	0.907866	0.863231	0.958397	0.954523
335	15|47|96|103	15|103	47|96	129|63|114|70|31|53|7|42|77|45|119|120|127|0|141|113|83|71|88|33	0.237589	0.8	0.967257	0.916644	0.986791	0.980624
336	15|47|54|110	15|110	47|54	21|49|5|104|109|4|142|3|7|71|138|125|33|45|121|123|81|77|73|96	0.245431	0.5	0.958235	0.896104	0.983364	0.978248
337	15|35|70|71	15|71	35|70	110|88|4|132|143|138|83|114|123|104|12|82|129|42|126|47|48|103|136|3	0.251085	0.666667	0.989247	0.971073	0.995694	0.995189
338	70|103|125|126	70|103	125|126	33|138|96|110|127|120|47|0|63|82|45|12|53|108|71|121|11|79|55|132	0.23984	0.666667	0.983491	0.95852	0.993167	0.991556
339	15|31|55|96	15|31	55|96	129|75|81|128|11|49|119|104|110|113|1|71|79|7|70|47|117|125|108|35	0.251315	0.666667	0.988935	0.97032	0.99533	0.995117
340	15|70|109|126	15|126	70|109	107|129|45|55|134|95|48|71|136|32|138|120|143|142|123|130|28|77|49|1	0.263171	0.666667	0.92109	0.846978	0.963605	0.954469
341	55|103|109|126	55|126	103|109	53|123|107|95|130|58|81|108|96|49|79|32|119|110|71|0|11|127|28|120	0.241971	0.666667	0.97025	0.922652	0.987711	0.984359
342	15|103|109|110	15|110	103|109	73|106|77|134|123|121|3|71|35|40|138|127|129|82|96|7|139|21|95|32	0.259705	0.666667	0.971013	0.922478	0.987984	0.987188
343	15|48|55|125	15|55	48|125	71|108|82|58|123|88|3|42|81|22|11|75|120|134|143|31|33|40|138|105	0.251958	0.666667	0.986762	0.966635	0.995637	0.99475
344	54|71|96|126	54|126	71|96	33|1|45|70|129|58|117|107|143|88|106|128|136|12|4|53|114|48|5|32	0.242712	0.666667	0.964503	0.911417	0.98549	0.981795
345	48|70|103|126	48|103	70|126	4|143|136|58|31|54|95|106|40|88|32|125|7|1|73|117|45|107|21|49	0.239413	0.666667	0.977333	0.937014	0.990473	0.985106
346	71|109|110|125	71|110	109|125	40|55|116|134|107|79|127|77|3|7|35|138|139|123|88|103|0|81|142|113	0.256733	0.666667	0.965259	0.903846	0.986211	0.983731
347	15|35|48|126	15|35	48|126	53|7|11|45|121|128|40|32|58|33|77|54|104|114|88|107|81|79|130|49	0.264463	0.75	0.980354	0.946402	0.992061	0.988151
348	35|47|96|110	35|96	47|110	119|105|48|121|103|15|139|123|130|12|53|73|116|5|107|83|3|4|54|11	0.24568	0.75	0.972217	0.928153	0.99016	0.984549
349	70|96|103|109	70|96	103|109	130|3|15|129|138|63|83|12|128|141|7|120|127|139|142|104|32|121|21|49	0.239372	0.666667	0.904962	0.833615	0.957734	0.949725
350	31|35|47|71	31|35	47|71	63|136|132|55|110|12|117|123|121|81|79|28|88|139|15|113|141|130|83|109	0.251918	0.75	0.963618	0.903946	0.985308	0.979818
351	47|48|55|103	47|48	55|103	5|70|82|114|128|35|104|138|58|0|107|130|88|119|54|113|142|77|83|81	0.234806	0.615385	0.972714	0.927673	0.989963	0.987091
352	55|110|125|126	55|126	110|125	95|63|134|71|82|119|141|12|128|143|108|138|47|107|7|31|33|53|35|40	0.24583	0.666667	0.979188	0.942506	0.990939	0.98668
353	55|71|96|126	55|126	71|96	53|103|28|47|75|54|113|116|15|130|31|141|138|11|121|108|88|12|70|129	0.265524	0.666667	0.987011	0.964059	0.994624	0.992262
354	48|54|71|103	48|103	54|71	142|117|82|136|40|107|88|4|116|129|63|106|95|35|120|58|7|134|139|127	0.275158	0.727273	0.94869	0.877342	0.979059	0.972111
355	31|35|109|126	31|109	35|126	49|141|106|63|108|54|142|77|45|71|79|70|96|110|95|73|1|33|3|113	0.247277	0.666667	0.984337	0.956964	0.992986	0.990808
356	15|31|55|71	15|31	55|71	113|95|136|116|83|128|107|139|110|125|42|3|49|132|47|28|120|108|130|40	0.257926	0.666667	0.971593	0.937558	0.987633	0.985796
357	48|54|70|71	48|54	70|71	73|3|127|105|79|11|96|108|83|103|81|58|114|45|110|106|138|12|120|113	0.260117	0.727273	0.971578	0.930883	0.988312	0.988039
358	31|35|48|110	31|48	35|110	73|123|82|11|134|55|0|117|126|83|4|28|119|130|104|45|127|129|136|58	0.256988	0.727273	0.98166	0.949122	0.993338	0.991798
359	15|35|71|110	15|35	71|110	113|96|47|127|48|83|106|117|63|5|95|105|49|22|32|54|142|141|11|103	0.274279	0.666667	0.988315	0.967711	0.995525	0.993594
360	47|48|54|109	47|48	54|109	95|104|1|40|31|79|83|121|143|15|119|77|142|3|81|49|21|88|82|45	0.254552	0.727273	0.940262	0.877464	0.976399	0.975675
361	31|35|48|110	31|110	35|48	75|117|42|32|103|104|139|134|21|47|128|108|58|138|143|63|53|73|109|141	0.252822	0.666667	0.989015	0.968201	0.996057	0.993882
362	96|103|125|126	96|126	103|125	110|12|119|79|83|40|55|35|82|109|4|95|28|138|105|58|107|53|142|120	0.231199	0.666667	0.969836	0.922283	0.987945	0.982211
363	15|48|54|109	15|54	48|109	1|114|47|132|82|142|108|121|120|123|141|33|81|83|0|134|11|104|116|113	0.269851	0.666667	0.979638	0.954392	0.992441	0.992296
364	55|110|125|126	55|126	110|125	63|142|123|106|82|12|15|107|4|132|95|7|109|117|28|49|105|114|136|11	0.250864	0.875	0.971476	0.92297	0.98807	0.982798
365	15|31|110|125	15|125	31|110	129|126|121|95|104|63|54|105|141|116|79|35|28|40|134|82|49|33|12|130	0.254834	0.875	0.981977	0.952129	0.993944	0.992304
366	70|71|110|125	70|110	71|125	48|21|95|32|79|54|83|142|121|113|109|55|49|28|139|73|134|132|130|128	0.271319	0.875	0.977659	0.939762	0.991246	0.984703
367	47|48|110|125	47|48	110|125	129|138|130|120|1|71|75|142|45|53|83|123|106|3|21|4|33|108|134|40	0.240092	0.666667	0.933114	0.835728	0.972422	0.960059
368	15|31|103|109	15|103	31|109	48|83|88|12|119|55|107|105|28|136|11|32|106|21|130|3|143|33|126|79	0.249279	0.571429	0.972997	0.931745	0.989492	0.984236
369	31|71|103|110	31|71	103|110	22|75|1|58|106|47|33|132|129|109|40|107|54|32|70|108|120|116|119|35	0.261494	0.727273	0.984738	0.959158	0.99326	0.992327
370	47|48|110|126	47|110	48|126	106|73|119|104|15|0|54|63|95|45|105|138|114|35|5|75|32|108|7|128	0.243548	0.666667	0.964362	0.914345	0.9865	0.98377
371	35|55|96|110	35|96	55|110	5|49|108|88|136|4|126|103|114|82|21|130|12|45|116|28|75|127|120|40	0.248569	0.75	0.96899	0.914414	0.987791	0.983929
372	15|35|103|109	15|109	35|103	143|12|28|32|139|121|33|1|42|47|95|31|58|3|88|11|128|142|77|53	0.241078	0.75	0.987234	0.9625	0.99496	0.993692
373	35|47|71|109	35|109	47|71	54|33|79|4|82|117|88|31|3|83|107|96|130|49|106|134|7|119|0|5	0.267655	0.666667	0.976023	0.931138	0.990906	0.985069
374	15|35|48|126	15|35	48|126	71|58|32|3|103|0|88|109|49|77|21|33|42|81|136|121|114|96|47|116	0.275449	0.75	0.990084	0.969203	0.996227	0.995244
375	15|70|96|126	15|96	70|126	0|121|63|109|42|136|40|95|47|28|110|7|73|142|55|128|120|11|105|143	0.243926	0.666667	0.980618	0.950191	0.991991	0.988974
376	15|48|71|103	15|48	71|103	45|104|132|138|55|58|12|141|0|21|54|5|32|127|7|110|106|81|4|119	0.254016	0.727273	0.989302	0.969447	0.996028	0.995547
377	15|35|47|126	15|126	35|47	54|40|105|77|49|48|1|141|22|119|70|71|33|88|0|139|106|143|55|73	0.23908	0.666667	0.972251	0.927609	0.989517	0.989137
378	15|55|109|110	15|55	109|110	121|4|47|48|136|21|11|5|125|105|40|54|79|129|96|45|139|138|22|106	0.246253	0.666667	0.981833	0.954689	0.992012	0.989452
379	54|70|96|110	54|70	96|110	0|73|4|127|82|32|117|103|114|81|33|55|79|63|113|126|120|104|121|134	0.246473	0.571429	0.954663	0.909214	0.981528	0.976958
380	31|35|125|126	31|35	125|126	53|55|95|104|142|15|143|109|42|139|77|127|116|83|96|75|7|141|40|79	0.241289	0.666667	0.980959	0.949805	0.992151	0.989938
381	35|70|103|126	35|126	70|103	75|109|55|63|88|73|81|129|107|116|11|21|1|113|83|96|138|123|130|108	0.259916	0.727273	0.977203	0.941193	0.990143	0.989717
382	48|96|103|126	48|96	103|126	139|105|55|109|121|117|127|28|22|63|138|7|132|15|114|130|104|58|42|95	0.261538	0.727273	0.96676	0.920761	0.986423	0.983271
383	15|47|103|109	15|47	103|109	73|130|63|138|108|32|121|83|22|119|7|105|40|12|11|114|28|142|21|49	0.240236	0.571429	0.911862	0.829679	0.960989	0.958486
384	15|31|47|48	15|31	47|48	105|11|120|63|141|5|129|77|114|40|7|53|71|121|119|116|82|138|22|35	0.244985	0.615385	0.93567	0.854488	0.972665	0.967162
385	31|35|70|126	31|35	70|126	104|21|0|4|54|73|96|15|139|108|1|47|3|82|5|106|121|105|116|55	0.25415	0.75	0.985845	0.96509	0.993899	0.991422
386	48|54|55|71	48|54	55|71	75|21|106|127|42|130|119|88|0|7|40|139|79|82|32|1|83|126|73|15	0.264074	0.727273	0.97649	0.937327	0.990676	0.986911
387	15|48|103|126	15|126	48|103	143|134|31|45|58|7|82|4|11|33|109|105|107|22|130|63|49|75|81|54	0.245384	0.666667	0.983397	0.9518	0.993432	0.990697
388	31|35|48|71	31|35	48|71	47|73|63|103|109|15|120|49|108|45|96|40|139|12|116|143|28|75|121|117	0.270287	0.75	0.993895	0.981262	0.997839	0.997807
389	103|109|110|126	103|109	110|126	21|22|4|104|15|63|130|82|48|105|108|81|55|117|138|33|139|28|83|106	0.26745	0.666667	0.93755	0.868228	0.972556	0.970625
390	35|54|71|126	35|126	54|71	120|33|4|63|143|134|129|136|28|121|119|113|142|139|81|73|42|104|15|106	0.267045	0.75	0.943983	0.865605	0.974415	0.971219
391	47|48|70|71	47|48	70|71	138|81|49|58|83|120|103|108|53|143|33|32|1|104|12|139|125|15|5|117	0.243755	0.666667	0.944449	0.873751	0.977339	0.974228
392	96|109|110|125	96|109	110|125	141|63|132|42|32|53|129|103|71|134|114|117|108|28|139|77|15|127|136|106	0.252742	0.666667	0.95939	0.904599	0.983149	0.974415
393	35|96|103|110	35|103	96|110	83|119|139|117|105|11|125|108|138|75|55|40|116|1|136|53|143|42|123|82	0.255068	0.727273	0.961818	0.908747	0.983919	0.979681
394	47|54|103|110	47|110	54|103	11|58|31|77|53|104|141|28|71|117|116|134|105|132|5|129|114|3|88|0	0.25275	0.727273	0.941172	0.870089	0.976864	0.973595
395	71|110|125|126	71|125	110|126	134|70|142|82|114|130|109|7|49|113|119|5|136|81|45|103|75|104|107|127	0.262216	0.875	0.982686	0.951134	0.99336	0.989089
396	31|55|103|125	31|103	55|125	119|28|138|15|126|1|75|12|40|123|3|110|21|129|11|47|117|142|114|70	0.231941	0.666667	0.991968	0.976051	0.996375	0.994502
397	35|54|70|110	35|54	70|110	58|96|11|104|71|55|125|129|40|113|134|107|81|114|21|31|143|22|108|127	0.262	0.666667	0.976537	0.941128	0.990708	0.9892
398	35|70|103|126	35|103	70|126	128|3|110|32|113|125|109|107|58|134|96|47|143|7|117|21|33|83|142|106	0.247924	0.666667	0.981587	0.952219	0.991795	0.986956
399	15|70|96|103	15|96	70|103	142|106|120|4|71|130|33|121|83|128|40|127|5|45|22|123|132|12|63|32	0.240742	0.666667	0.911107	0.828988	0.959043	0.951978
400	15|54|71|103	15|54	71|103	22|28|58|128|31|105|82|1|141|55|130|119|114|0|33|143|120|88|4|104	0.255835	0.666667	0.973448	0.931025	0.99063	0.986868
401	31|54|70|103	31|54	70|103	110|116|21|96|128|12|121|53|77|40|0|95|88|47|63|123|33|4|28|22	0.239791	0.727273	0.975268	0.945064	0.98871	0.988098
402	31|47|48|109	31|48	47|109	75|81|95|55|126|134|105|15|5|1|132|104|3|73|0|123|79|54|35|110	0.23454	0.727273	0.978963	0.942025	0.992878	0.989143
403	48|71|110|125	48|71	110|125	21|12|54|22|40|55|106|11|142|82|116|83|45|107|129|103|134|7|31|143	0.234449	0.5	0.983839	0.960377	0.994292	0.992675
404	55|71|96|103	55|103	71|96	105|73|130|119|134|31|110|116|5|127|106|88|141|104|114|35|40|113|12|4	0.242602	0.727273	0.966899	0.913144	0.986586	0.984632
405	15|31|35|70	15|70	31|35	49|110|114|45|125|11|113|5|83|42|63|143|21|1|47|108|75|82|120|119	0.266322	0.75	0.982824	0.956286	0.992453	0.990091
406	31|48|110|126	31|48	110|126	32|3|58|105|108|96|127|55|130|123|113|141|109|114|125|139|12|121|45|104	0.24807	0.727273	0.971081	0.929585	0.988062	0.984523
407	35|47|70|125	35|47	70|125	53|63|21|79|103|126|117|108|58|114|105|3|142|73|113|45|15|106|96|127	0.248454	0.666667	0.973821	0.931642	0.990601	0.98842
408	35|54|55|71	35|54	55|71	141|95|123|11|103|0|75|15|126|81|138|49|42|40|119|128|104|63|83|48	0.247288	0.666667	0.980825	0.944319	0.99221	0.988166
409	15|71|96|110	15|96	71|110	12|28|141|31|75|42|106|22|55|134|32|114|77|40|108|125|119|79|82|58	0.24198	0.571429	0.972993	0.927865	0.99003	0.98853
410	31|48|54|55	31|48	54|55	120|3|113|105|15|22|95|35|7|0|5|45|47|1|106|71|77|49|109|12	0.2538	0.615385	0.982146	0.949824	0.992118	0.989439
411	15|48|103|126	15|126	48|103	70|143|138|77|79|120|71|139|129|7|81|128|63|108|3|104|130|136|119|107	0.25403	0.727273	0.97387	0.930023	0.988611	0.985886
412	35|48|109|125	35|109	48|125	63|82|47|128|130|55|105|106|53|32|139|1|83|88|119|49|117|79|123|70	0.26197	0.875	0.993513	0.983312	0.997751	0.996884
413	31|48|70|96	31|70	48|96	63|4|104|53|113|28|1|0|45|49|138|54|109|82|139|15|117|7|128|3	0.244277	0.666667	0.976211	0.936424	0.990928	0.987512
414	35|47|48|54	35|47	48|54	31|142|114|95|82|121|113|117|126|75|106|134|119|104|139|96|123|45|22|21	0.257852	0.75	0.972751	0.927443	0.98988	0.986753
415	48|55|70|103	48|55	70|103	79|54|49|134|32|128|110|0|129|88|136|71|75|28|116|81|77|40|31|7	0.248497	0.727273	0.983583	0.956689	0.9933	0.992232
416	96|103|125|126	96|126	103|125	105|110|77|33|121|139|109|120|114|132|5|11|53|108|136|71|54|82|4|7	0.226692	0.666667	0.978391	0.944365	0.991348	0.987624
417	31|47|71|110	31|71	47|110	138|70|136|58|32|104|11|5|88|21|117|121|49|139|83|63|12|127|3|123	0.22617	0.571429	0.958118	0.895159	0.983794	0.977268
418	15|48|103|125	15|125	48|103	49|45|130|123|58|128|79|0|127|71|116|81|106|40|83|107|110|121|55|5	0.269295	0.875	0.975767	0.932982	0.990117	0.985056
419	35|47|103|110	35|47	103|110	22|21|134|88|45|127|55|79|136|83|142|138|11|105|53|81|109|116|28|117	0.259039	0.727273	0.956677	0.893674	0.98329	0.980193
420	35|54|71|126	35|126	54|71	21|32|139|134|47|82|75|132|77|95|3|107|49|103|11|96|79|130|136|70	0.277049	0.666667	0.988725	0.966192	0.995417	0.995176
421	47|48|125|126	47|126	48|125	129|105|32|21|75|103|4|63|82|28|45|109|130|110|54|119|81|96|77|134	0.224098	0.615385	0.968822	0.923776	0.988842	0.981758
422	15|31|35|54	15|54	31|35	53|82|40|79|81|95|96|142|127|114|104|108|47|49|7|88|120|103|71|28	0.251205	0.75	0.989205	0.969817	0.995483	0.994281
423	35|55|70|103	35|55	70|103	45|108|138|123|130|7|0|28|116|21|32|77|120|82|117|42|73|126|127|40	0.265274	0.75	0.96703	0.915713	0.986573	0.981622
424	54|71|103|126	54|103	71|126	31|106|114|113|7|129|42|40|95|5|22|63|35|107|28|45|132|125|47|142	0.251227	0.666667	0.978793	0.943407	0.991089	0.99104
425	35|71|125|126	35|125	71|126	4|7|32|83|143|22|12|123|127|33|95|42|117|53|109|5|128|107|106|55	0.25083	0.666667	0.977503	0.933313	0.990722	0.983484
426	31|48|103|110	31|110	48|103	132|127|130|55|49|54|129|96|28|113|22|83|71|119|73|136|138|116|114|63	0.259778	0.727273	0.981121	0.9496	0.992547	0.990942
427	54|96|103|109	54|96	103|109	42|3|70|32|104|49|120|45|139|79|58|1|123|28|53|110|40|55|114|138	0.243377	0.6	0.971563	0.940469	0.988557	0.986596
428	48|71|96|126	48|126	71|96	88|53|73|127|95|58|40|123|55|75|132|31|117|12|119|33|45|47|28|108	0.245153	0.727273	0.98129	0.948957	0.992792	0.991127
429	48|70|71|125	48|70	71|125	55|3|88|103|129|127|32|107|58|77|1|96|12|106|49|33|117|40|5|15	0.283162	0.875	0.983379	0.953819	0.993496	0.989788
430	48|70|110|125	48|70	110|125	32|96|12|31|3|22|106|138|75|47|134|108|1|15|95|58|54|35|5|45	0.2419	0.615385	0.987705	0.970196	0.995351	0.994668
431	48|54|70|110	48|54	70|110	75|139|143|53|138|71|120|126|134|22|63|58|114|116|79|125|7|32|42|141	0.260386	0.727273	0.952151	0.889849	0.979822	0.976945
432	15|48|71|109	15|71	48|109	49|105|0|55|40|127|81|95|28|107|108|96|79|136|119|63|75|31|33|125	0.28033	0.727273	0.986905	0.964063	0.995301	0.99395
433	47|70|103|109	47|109	70|103	31|113|54|138|32|79|120|58|81|75|139|5|141|107|7|127|132|88|82|45	0.252171	0.666667	0.968354	0.916601	0.987852	0.984185
434	35|48|54|70	35|70	48|54	63|119|126|49|5|142|123|58|32|7|1|120|71|22|95|81|42|79|28|113	0.284332	0.75	0.960187	0.905266	0.98355	0.983179
435	35|54|55|110	35|55	54|110	123|45|40|106|0|134|81|21|95|47|127|32|109|126|73|48|12|33|130|139	0.256492	0.666667	0.985979	0.960131	0.993829	0.991592
436	55|70|103|110	55|70	103|110	108|142|75|88|116|63|28|12|126|104|4|105|82|106|31|128|130|35|143|42	0.258693	0.727273	0.972734	0.931537	0.988881	0.984161
437	35|54|109|126	35|54	109|126	83|127|28|117|138|139|130|22|3|119|40|107|96|75|15|123|113|45|81|31	0.278818	0.666667	0.969244	0.924698	0.987319	0.984698
438	48|71|96|126	48|126	71|96	107|53|35|5|139|106|141|117|105|119|1|77|0|129|73|45|116|113|75|120	0.261297	0.666667	0.94297	0.866328	0.975551	0.974618
439	35|55|71|109	35|55	71|109	75|123|119|3|33|21|128|114|49|96|40|31|81|142|138|54|45|141|48|120	0.257929	0.75	0.990496	0.973436	0.995973	0.995331
440	31|55|70|96	31|70	55|96	110|83|21|128|28|125|5|4|88|129|75|95|11|106|45|82|35|143|127|22	0.234772	0.666667	0.930837	0.86778	0.970894	0.966718
441	15|31|55|70	15|31	55|70	11|35|106|132|116|58|104|121|120|127|128|125|141|143|77|119|136|45|126|109	0.246343	0.666667	0.966865	0.923207	0.985949	0.980056
442	31|96|110|125	31|125	96|110	22|32|3|42|104|11|0|139|117|95|40|121|45|73|83|75|7|49|88|5	0.225437	0.875	0.949872	0.878547	0.97896	0.974081
443	70|71|103|109	70|109	71|103	120|58|54|106|130|143|134|0|79|129|5|126|55|63|21|105|42|95|75|40	0.258683	0.666667	0.98869	0.967326	0.995473	0.993495
444	15|55|71|110	15|71	55|110	104|21|119|45|3|127|88|123|106|75|47|138|130|53|141|121|142|73|11|54	0.277455	0.666667	0.983497	0.958266	0.993646	0.991039
445	15|31|71|126	15|31	71|126	54|48|0|11|82|132|73|113|81|4|32|42|12|128|95|105|49|79|96|40	0.243153	0.666667	0.978157	0.945492	0.991101	0.989246
446	47|103|125|126	47|126	103|125	11|143|127|139|40|79|88|119|12|123|83|134|107|121|70|45|82|4|73|58	0.225554	0.615385	0.959055	0.90056	0.984106	0.975301
447	54|70|109|126	54|70	109|126	139|121|35|4|40|120|123|28|82|63|110|104|108|141|15|142|103|138|105|130	0.278371	0.666667	0.936148	0.884125	0.971446	0.968611
448	47|48|71|110	47|110	48|71	139|96|103|141|117|49|40|138|120|142|143|82|22|15|116|132|129|31|136|121	0.258549	0.666667	0.964089	0.911212	0.986048	0.978474
449	47|54|55|110	47|55	54|110	114|63|3|106|82|11|32|12|73|108|117|21|128|75|88|125|123|138|95|116	0.250863	0.666667	0.922376	0.84088	0.968644	0.965207
450	35|48|109|110	35|110	48|109	53|125|0|103|12|4|77|33|3|7|79|106|108|127|63|129|15|58|121|70	0.302904	0.75	0.986601	0.960743	0.99474	0.994542
451	35|54|55|109	35|55	54|109	12|31|121|128|116|11|105|126|143|40|104|119|107|130|32|138|22|79|3|117	0.265101	0.75	0.959449	0.904148	0.983013	0.9787
452	35|47|55|126	35|47	55|126	138|95|121|0|21|117|106|12|108|3|32|49|114|28|120|83|139|58|110|142	0.263237	0.75	0.918907	0.819146	0.962995	0.962428
453	31|48|54|55	31|48	54|55	88|139|79|11|28|22|32|104|120|95|3|58|47|138|114|109|70|113|4|73	0.244868	0.727273	0.986565	0.960673	0.994546	0.992799
454	47|55|103|126	47|103	55|126	28|15|119|127|53|45|107|116|117|12|143|125|136|123|134|114|42|1|108|113	0.242871	0.8	0.918631	0.829199	0.962544	0.955801
455	31|35|48|96	31|48	35|96	123|53|77|136|105|127|95|54|3|117|22|108|58|130|126|12|139|73|0|107	0.255818	0.727273	0.986066	0.960825	0.995117	0.994653
456	55|71|109|125	55|109	71|125	42|3|12|32|4|142|106|79|96|7|117|129|47|33|49|40|108|22|107|82	0.266425	0.875	0.984222	0.960222	0.993027	0.9896
457	35|55|109|126	35|126	55|109	121|143|108|0|47|116|48|88|58|142|4|73|28|134|129|31|141|130|128|54	0.248836	0.75	0.986622	0.9597	0.994395	0.993308
458	15|31|110|125	15|31	110|125	136|79|11|142|126|53|75|81|143|96|109|116|63|119|54|114|58|121|71|45	0.254229	0.571429	0.988048	0.966814	0.995851	0.995282
459	15|70|71|96	15|71	70|96	134|95|125|75|129|83|128|119|107|113|21|49|47|121|117|77|58|55|132|31	0.250512	0.666667	0.984741	0.959109	0.994301	0.991153
460	54|71|96|126	54|126	71|96	45|53|132|134|79|116|7|127|142|143|128|32|106|4|28|21|114|1|141|40	0.245888	0.615385	0.89874	0.809078	0.954818	0.944113
461	54|55|71|126	54|55	71|126	28|81|130|58|141|110|11|45|15|138|109|12|48|1|49|63|88|106|75|127	0.255185	0.666667	0.971474	0.924386	0.987518	0.986658
462	35|47|71|125	35|47	71|125	83|63|12|49|95|113|42|48|120|96|1|103|116|54|105|22|127|138|106|58	0.25876	0.875	0.978981	0.939873	0.991985	0.987743
463	35|47|48|103	35|47	48|103	113|95|71|142|12|106|136|139|117|28|123|127|45|4|141|21|53|121|79|83	0.261801	0.75	0.927725	0.821292	0.968328	0.956983
464	31|35|110|125	31|110	35|125	113|21|40|45|104|71|22|95|143|11|96|4|138|83|63|116|119|132|77|134	0.247746	0.666667	0.981783	0.94487	0.993055	0.987928
465	15|47|109|126	15|126	47|109	114|28|3|63|88|121|129|11|75|73|71|83|32|33|42|105|139|0|82|134	0.266254	0.8	0.926039	0.851784	0.968988	0.96028
466	15|48|55|71	15|48	55|71	134|81|1|109|0|105|108|114|79|117|82|54|106|70|88|128|63|141|96|113	0.264324	0.727273	0.987102	0.970131	0.995431	0.994936
467	54|103|110|125	54|110	103|125	81|139|116|126|141|11|132|127|142|77|33|32|129|134|104|75|107|58|55|83	0.255582	0.727273	0.970025	0.91835	0.987847	0.980695
468	31|47|110|125	31|125	47|110	95|21|134|127|40|53|1|141|88|58|108|3|96|54|128|45|79|7|119|103	0.233897	0.6	0.964606	0.911295	0.986358	0.979145
469	15|70|96|125	15|96	70|125	88|7|63|104|138|5|132|107|105|129|0|4|108|28|40|33|95|143|58|106	0.243017	0.666667	0.924782	0.844011	0.968528	0.967996
470	96|109|110|126	96|126	109|110	142|79|113|116|83|125|82|54|42|134|141|47|143|114|139|49|35|106|138|117	0.260599	0.666667	0.979894	0.941905	0.991334	0.990279
471	48|71|110|125	48|125	71|110	83|7|1|104|120|114|55|77|81|33|142|138|128|45|40|21|103|88|127|47	0.251021	0.727273	0.987978	0.969146	0.995293	0.993964
472	71|96|109|126	71|126	96|109	143|136|110|139|82|35|117|12|28|103|134|5|88|127|15|33|1|105|77|142	0.2455	0.666667	0.951532	0.889046	0.979632	0.974588
473	15|54|110|126	15|110	54|126	11|95|127|35|129|105|104|103|63|7|21|12|28|117|134|130|77|32|139|55	0.262969	0.666667	0.954223	0.884346	0.980815	0.969961
474	15|31|55|126	15|126	31|55	107|42|33|105|11|49|141|45|110|119|70|4|1|88|104|63|5|106|28|77	0.233234	0.666667	0.970543	0.932498	0.987312	0.986078
475	54|70|71|109	54|109	70|71	105|5|49|4|138|73|104|136|55|125|47|53|77|132|35|119|142|139|134|130	0.25765	0.666667	0.975728	0.944849	0.989944	0.988507
476	31|54|55|96	31|54	55|96	110|22|105|104|53|82|77|132|125|121|33|81|123|73|103|83|79|139|107|0	0.220411	0.444444	0.946293	0.88673	0.977901	0.974723
477	47|48|109|126	47|48	109|126	1|114|142|125|32|55|12|63|53|70|120|33|138|134|4|121|0|81|54|7	0.240222	0.666667	0.972904	0.9271	0.989311	0.987949
478	48|55|103|109	48|103	55|109	40|83|47|31|71|3|143|127|75|79|129|63|45|12|22|70|1|53|42|126	0.242914	0.727273	0.987008	0.962553	0.994434	0.991777
479	15|35|47|70	15|70	35|47	96|130|116|109|22|138|123|75|106|143|129|33|105|83|121|81|125|54|0|120	0.264192	0.75	0.970908	0.926649	0.989175	0.98762
480	15|48|71|103	15|71	48|103	119|42|130|117|104|7|123|81|49|77|22|113|83|45|40|126|132|127|55|21	0.27185	0.727273	0.989109	0.969753	0.996123	0.995124
481	31|71|109|126	31|109	71|126	33|83|136|3|107|82|141|32|45|114|105|132|48|108|81|77|138|123|110|40	0.258116	0.666667	0.932485	0.868862	0.969882	0.9636
482	35|55|96|103	35|96	55|103	33|22|125|11|58|141|42|142|116|105|126|75|32|63|143|49|95|83|119|113	0.237274	0.727273	0.970477	0.919369	0.987557	0.98566
483	35|54|96|125	35|54	96|125	0|5|1|58|49|28|53|127|138|142|81|4|33|73|15|128|88|117|11|83	0.25425	0.875	0.941447	0.871942	0.975294	0.972539
484	54|71|96|103	54|96	71|103	106|7|132|22|143|47|127|75|15|117|1|88|79|136|35|0|116|28|82|104	0.252101	0.727273	0.980586	0.953156	0.99265	0.990155
485	54|70|125|126	54|125	70|126	117|88|103|73|129|1|53|4|119|95|82|35|114|110|109|120|0|31|128|139	0.248767	0.666667	0.977458	0.939198	0.990701	0.988072
486	15|31|71|125	15|31	71|125	73|54|45|104|48|123|47|35|141|113|126|70|53|116|103|12|0|110|58|32	0.236231	0.615385	0.993841	0.983841	0.997885	0.997298
487	48|96|103|110	48|103	96|110	70|53|71|63|128|83|114|5|113|117|121|12|126|138|15|73|109|95|35|108	0.254518	0.666667	0.984181	0.955975	0.99419	0.992262
488	47|48|55|103	47|103	48|55	73|129|114|42|143|12|95|83|110|33|106|109|79|113|53|138|132|126|130|141	0.24499	0.8	0.968965	0.919025	0.988067	0.984448
489	35|47|54|96	35|47	54|96	138|4|63|127|45|5|28|104|119|123|83|7|108|71|15|117|12|121|0|42	0.26031	0.8	0.916366	0.845213	0.962952	0.957859
490	35|48|109|125	35|109	48|125	129|143|7|71|15|134|77|127|141|79|33|75|116|55|28|63|32|82|130|107	0.278913	0.727273	0.968221	0.914955	0.987547	0.981767
491	15|55|70|96	15|55	70|96	54|139|35|88|121|49|71|0|83|58|136|113|73|77|134|127|28|132|125|45	0.240062	0.666667	0.965981	0.923119	0.986077	0.984796
492	47|48|70|126	47|70	48|126	5|32|15|31|12|141|134|103|127|109|55|53|73|4|121|71|129|113|120|7	0.239093	0.727273	0.958492	0.899819	0.984064	0.979616
493	15|48|55|109	15|55	48|109	49|21|126|53|28|11|117|35|107|45|40|134|123|42|73|141|142|95|132|119	0.263304	0.666667	0.970182	0.918997	0.988469	0.987661
494	35|48|55|110	35|55	48|110	96|136|88|139|70|47|143|63|22|1|75|128|123|21|40|81|54|125|28|42	0.254494	0.666667	0.991841	0.975632	0.99661	0.996602
495	70|71|103|110	70|71	103|110	142|127|82|33|129|4|138|0|53|143|47|123|114|77|88|139|119|12|3|55	0.249364	0.533333	0.981709	0.952908	0.991975	0.991578
496	15|70|71|126	15|71	70|126	83|31|42|119|121|104|132|28|95|82|47|3|128|103|127|22|11|106|75|110	0.276918	0.666667	0.983033	0.955866	0.993091	0.990561
497	55|71|110|126	55|110	71|126	42|125|113|143|7|75|79|77|32|81|33|136|106|105|127|129|103|11|49|82	0.236822	0.666667	0.972577	0.926961	0.988948	0.987223
498	35|54|103|125	35|125	54|103	15|134|55|113|121|31|81|70|42|32|130|126|96|142|7|141|108|21|128|22	0.244664	0.75	0.990131	0.97137	0.996306	0.994238
499	31|54|110|126	31|54	110|126	53|114|32|81|1|88|106|108|82|129|103|12|55|28|104|116|123|5|48|45	0.245077	0.545455	0.955947	0.897039	0.981384	0.977193
500	48|55|109|125	48|55	109|125	53|108|73|28|82|75|21|129|106|45|88|104|42|127|120|121|123|105|114|3	0.247947	0.727273	0.957604	0.889675	0.982875	0.978505
501	15|47|70|126	15|126	47|70	4|53|129|95|5|75|32|3|54|88|138|21|55|48|1|132|113|79|139|22	0.252091	0.666667	0.959521	0.901864	0.984535	0.981263
502	15|48|70|110	15|110	48|70	96|32|28|142|7|21|22|109|35|73|54|125|129|45|88|138|108|132|116|75	0.278649	0.666667	0.978086	0.942684	0.99174	0.990305
503	47|71|109|125	47|71	109|125	117|130|116|70|81|53|95|113|35|54|3|136|0|58|79|4|88|77|142|7	0.259781	0.666667	0.978883	0.941463	0.992686	0.987809
504	31|35|47|96	31|47	35|96	83|110|22|143|128|126|11|104|33|109|54|79|127|81|108|107|48|12|130|116	0.229616	0.666667	0.97931	0.94367	0.992883	0.989348
505	15|55|103|126	15|55	103|126	48|114|121|125|3|7|138|70|123|22|95|132|75|128|88|45|136|142|119|73	0.241208	0.666667	0.973706	0.936508	0.988573	0.986834
506	35|47|54|109	35|47	54|109	113|117|7|40|125|32|33|139|136|4|121|83|88|15|0|95|107|21|123|48	0.269619	0.75	0.90603	0.828947	0.95908	0.955056
507	15|31|55|109	15|55	31|109	12|132|110|138|21|113|54|47|75|63|120|77|114|127|130|95|141|125|104|82	0.244896	0.666667	0.983559	0.956847	0.9928	0.989231
508	15|47|110|126	15|126	47|110	134|54|128|49|55|40|138|109|75|106|81|42|116|21|31|77|45|113|143|53	0.2483	0.8	0.968038	0.920697	0.987824	0.983422
509	31|70|96|103	31|103	70|96	126|12|123|110|116|120|139|33|134|21|106|83|121|108|53|114|107|127|0|104	0.239691	0.727273	0.956551	0.907365	0.981967	0.973758
510	15|70|71|125	15|70	71|125	104|4|31|83|105|77|73|116|32|21|12|141|113|55|114|88|128|106|121|53	0.225785	0.5	0.967867	0.918268	0.987953	0.982263
511	54|70|71|109	54|70	71|109	35|130|81|96|142|45|33|117|121|138|15|136|73|7|48|0|58|141|125|119	0.26968	0.666667	0.96883	0.929731	0.987062	0.981658
512	47|70|71|96	47|71	70|96	128|49|83|22|3|108|48|141|4|7|110|32|1|0|116|103|5|55|142|104	0.240149	0.6	0.938346	0.884008	0.974824	0.974023
513	31|48|55|109	31|109	48|55	117|125|40|103|70|1|7|120|47|123|141|79|110|95|33|108|143|129|82|96	0.264719	0.727273	0.988225	0.965362	0.994715	0.993312
514	31|35|48|126	31|35	48|126	103|15|125|95|71|40|119|3|0|106|1|54|53|88|138|28|70|139|7|83	0.254648	0.666667	0.985499	0.959845	0.994289	0.991582
515	54|55|70|126	54|70	55|126	116|33|47|113|5|103|83|32|95|79|45|105|119|96|15|81|123|132|28|12	0.26603	0.666667	0.978155	0.945392	0.99036	0.989456
516	47|70|109|125	47|109	70|125	49|82|119|77|15|121|120|116|108|53|126|75|141|21|142|139|12|88|107|83	0.243173	0.875	0.951545	0.894195	0.981154	0.975123
517	15|47|96|109	15|96	47|109	22|77|113|7|136|121|12|32|63|45|105|108|70|58|103|129|132|81|54|49	0.246348	0.666667	0.977004	0.935673	0.991573	0.98829
518	31|48|55|70	31|70	48|55	110|117|42|116|83|88|143|132|96|109|108|129|104|105|32|4|21|47|12|15	0.249437	0.666667	0.985245	0.960876	0.993267	0.992717
519	15|35|47|126	15|47	35|126	120|132|108|22|81|55|11|110|105|75|21|12|109|42|130|96|0|141|116|4	0.263036	0.8	0.972854	0.928666	0.989378	0.987494
520	55|71|96|109	55|71	96|109	1|103|32|139|105|0|113|40|132|7|42|73|108|11|138|119|114|15|81|120	0.263965	0.666667	0.966527	0.921893	0.986262	0.97766
521	31|54|70|71	31|54	70|71	105|48|32|95|129|0|7|116|127|42|103|110|75|21|63|45|106|73|4|1	0.254608	0.5	0.951778	0.898559	0.979992	0.979452
522	54|96|103|110	54|103	96|110	12|142|73|104|134|75|143|117|83|114|127|129|11|130|55|119|22|106|123|63	0.250757	0.666667	0.935551	0.876392	0.971754	0.96564
523	15|48|55|103	15|48	55|103	108|54|141|116|73|139|126|11|79|125|129|81|12|127|7|45|75|130|88|96	0.265244	0.727273	0.992096	0.977857	0.996805	0.995872
524	35|71|96|103	35|96	71|103	95|75|127|63|22|3|130|47|123|125|116|136|58|138|114|139|141|54|82|121	0.266645	0.75	0.988761	0.967906	0.995492	0.994742
525	48|55|96|110	48|55	96|110	141|81|21|53|127|63|105|82|11|113|106|73|114|138|12|109|7|116|33|1	0.258972	0.727273	0.975625	0.933518	0.991273	0.989023
526	35|54|55|70	35|55	54|70	5|32|58|15|28|47|141|42|83|21|104|53|127|116|75|126|105|82|139|81	0.244787	0.666667	0.985941	0.962371	0.994153	0.991581
527	15|47|103|126	15|103	47|126	40|54|120|106|79|42|139|107|123|125|3|96|22|33|83|75|77|11|81|128	0.23134	0.8	0.968568	0.9219	0.987538	0.981491
528	55|70|103|110	55|110	70|103	49|143|77|128|138|0|129|1|106|109|53|42|108|83|28|105|4|7|132|63	0.248855	0.666667	0.953052	0.896343	0.978653	0.977109
529	31|55|71|126	31|126	55|71	32|129|33|48|95|40|107|136|58|114|82|75|127|81|0|117|53|63|134|7	0.23853	0.666667	0.954931	0.899772	0.980622	0.970921
530	31|54|70|96	31|54	70|96	5|48|63|40|103|32|104|126|130|0|7|114|42|129|127|141|22|106|108|88	0.244283	0.666667	0.951442	0.90944	0.980079	0.978306
531	31|54|96|125	31|54	96|125	71|22|42|127|82|35|1|28|110|106|47|53|136|15|33|77|113|104|40|108	0.245441	0.666667	0.980911	0.953221	0.992548	0.989937
532	47|48|55|71	47|71	48|55	139|141|116|77|5|119|123|114|138|63|75|54|81|53|45|105|121|0|1|126	0.22712	0.615385	0.968268	0.919513	0.988752	0.986241
533	48|55|96|103	48|96	55|103	123|1|0|70|82|104|5|32|77|63|126|138|21|114|12|73|107|127|4|83	0.243249	0.727273	0.980339	0.946303	0.993082	0.992777
534	35|47|103|109	35|103	47|109	107|77|104|45|143|106|134|117|71|121|1|22|95|142|79|33|130|81|88|42	0.254357	0.8	0.920093	0.837001	0.964392	0.946728
535	71|96|109|110	71|96	109|110	11|55|113|42|127|117|83|104|47|63|58|1|21|130|3|7|105|132|103|33	0.263565	0.666667	0.985128	0.961329	0.994732	0.99411
536	15|96|110|126	15|96	110|126	31|134|3|81|132|42|12|138|28|4|45|77|109|11|70|73|49|139|123|114	0.247021	0.615385	0.976949	0.938635	0.990599	0.987879
537	47|70|96|109	47|70	96|109	4|114|55|127|58|107|48|123|75|35|130|77|0|104|31|49|121|142|54|63	0.233034	0.444444	0.972139	0.929059	0.989484	0.984898
538	47|55|103|126	47|103	55|126	125|48|129|119|114|139|49|3|58|53|28|15|83|116|96|132|82|1|4|79	0.230235	0.727273	0.952852	0.884496	0.98064	0.980002
539	47|96|109|126	47|109	96|126	134|136|79|108|83|125|42|55|116|141|129|4|119|77|104|110|73|106|117|128	0.238124	0.8	0.908683	0.848238	0.957892	0.95483
540	48|54|55|96	48|55	54|96	71|119|121|32|70|82|47|53|116|104|143|114|132|136|123|108|79|139|107|7	0.244542	0.727273	0.981472	0.950869	0.992727	0.992129
541	54|55|70|109	54|70	55|109	0|119|73|139|113|110|82|117|136|116|120|22|83|106|103|128|138|53|123|81	0.265737	0.666667	0.944134	0.899457	0.976533	0.971168
542	35|47|55|103	35|47	55|103	127|5|143|49|104|1|134|58|110|77|141|108|142|114|4|11|88|106|119|15	0.227901	0.666667	0.941719	0.862599	0.974319	0.969026
543	15|55|96|126	15|55	96|126	119|88|35|0|136|11|47|132|1|114|106|105|116|4|129|134|48|22|121|107	0.253766	0.666667	0.974244	0.932175	0.988885	0.988393
544	35|48|71|126	35|126	48|71	134|42|75|130|108|119|113|53|107|0|105|21|88|3|120|103|95|83|40|136	0.275493	0.75	0.96926	0.91712	0.98803	0.984861
545	35|54|96|103	35|96	54|103	48|63|47|5|120|53|75|109|95|49|107|121|127|3|83|7|106|104|22|58	0.258363	0.75	0.985021	0.960218	0.993552	0.991298
546	55|96|109|126	55|126	96|109	136|63|7|113|82|58|139|121|3|81|28|117|108|132|83|106|11|40|22|75	0.256715	0.666667	0.932904	0.866522	0.971761	0.967447
547	31|47|103|125	31|47	103|125	1|129|126|40|138|96|108|70|81|82|49|88|75|136|123|95|142|132|110|54	0.221086	0.875	0.983984	0.955111	0.995144	0.992238
548	70|71|110|126	70|110	71|126	82|88|143|130|128|103|106|132|33|0|142|120|117|55|119|35|42|96|73|105	0.266975	0.666667	0.969613	0.924134	0.987761	0.985432
549	47|48|55|126	47|48	55|126	4|142|104|71|109|88|105|21|77|107|121|110|3|22|75|0|11|49|103|134	0.243755	0.666667	0.957126	0.89641	0.983261	0.983196
550	48|96|109|110	48|110	96|109	88|143|132|129|28|63|106|4|104|5|40|120|21|117|113|15|108|126|7|136	0.267069	0.666667	0.961432	0.90873	0.985202	0.978472
551	31|48|55|126	31|55	48|126	142|130|32|141|81|21|11|104|121|0|82|125|3|53|33|42|105|45|71|113	0.237048	0.666667	0.949425	0.884509	0.977423	0.976141
552	15|47|71|126	15|47	71|126	77|40|83|142|32|105|35|3|114|129|127|134|109|54|125|0|132|96|53|12	0.239706	0.615385	0.961198	0.904283	0.985188	0.982422
553	35|48|54|103	35|54	48|103	141|58|96|3|32|79|88|119|53|114|134|143|123|0|128|120|125|130|75|138	0.260058	0.75	0.975265	0.93343	0.990051	0.987267
554	48|71|109|110	48|110	71|109	42|107|21|141|116|121|106|108|143|53|47|3|75|104|7|63|114|70|73|49	0.271159	0.615385	0.988967	0.968045	0.995866	0.99567
555	47|55|71|125	47|125	55|71	121|88|33|113|3|119|136|126|130|73|123|143|77|11|49|21|75|22|103|58	0.249441	0.875	0.958868	0.891345	0.985159	0.979784
556	47|71|103|110	47|103	71|110	128|123|45|114|0|54|142|81|116|3|77|32|138|73|132|83|126|28|95|107	0.260027	0.727273	0.967532	0.917182	0.988239	0.98522
557	15|31|35|109	15|35	31|109	21|79|40|70|113|73|143|53|75|28|55|7|127|71|96|134|138|95|128|1	0.259424	0.666667	0.989301	0.967742	0.995504	0.992451
558	55|70|109|110	55|70	109|110	128|132|47|96|11|4|142|129|5|33|134|83|7|81|117|125|107|40|73|79	0.252633	0.666667	0.982943	0.955762	0.99286	0.992342
559	35|55|70|71	35|70	55|71	21|54|28|77|11|136|108|113|109|129|110|1|132|107|130|88|32|58|96|83	0.285847	0.666667	0.98317	0.957579	0.992968	0.991384
560	35|54|109|110	35|109	54|110	45|138|126|53|143|81|75|28|55|5|129|58|127|139|73|1|95|120|71|7	0.257881	0.75	0.959889	0.909117	0.983519	0.978316
561	31|47|110|125	31|125	47|110	143|48|71|107|108|109|116|21|95|105|82|142|119|28|127|58|55|32|106|104	0.240991	0.615385	0.967153	0.917421	0.987821	0.98236
562	70|103|109|110	70|109	103|110	12|129|75|136|54|142|117|143|125|5|21|63|33|77|114|81|31|55|58|1	0.236752	0.571429	0.982512	0.952928	0.993018	0.992761
563	35|54|110|125	35|125	54|110	70|134|73|96|132|55|40|49|126|31|129|7|120|45|75|88|141|71|121|130	0.262076	0.875	0.986176	0.960103	0.994626	0.990943
564	47|96|103|126	47|103	96|126	48|134|73|109|7|12|125|32|83|128|117|28|88|22|95|70|21|139|49|53	0.222708	0.666667	0.960474	0.904913	0.983651	0.982754
565	15|96|109|110	15|109	96|110	141|21|106|55|139|105|136|103|117|95|28|11|53|71|7|40|4|83|75|130	0.256134	0.571429	0.962312	0.911142	0.985492	0.983802
566	15|48|70|110	15|48	70|110	116|7|107|109|134|82|142|49|123|73|83|108|127|55|141|105|0|45|77|117	0.276606	0.727273	0.974011	0.933315	0.990139	0.985144
567	54|55|125|126	54|55	125|126	103|63|47|88|114|28|142|143|33|79|138|75|32|132|71|35|3|130|127|116	0.240996	0.666667	0.971943	0.925274	0.987243	0.982207
568	47|55|109|125	47|109	55|125	83|95|119|63|35|21|0|127|53|31|113|132|4|15|105|48|12|71|73|70	0.241279	0.666667	0.968664	0.91693	0.988237	0.981703
569	31|54|70|109	31|109	54|70	47|3|15|125|5|82|73|113|55|103|114|132|35|104|45|48|11|143|130|142	0.27195	0.666667	0.982247	0.961838	0.992909	0.991678
570	15|54|70|126	15|126	54|70	42|95|12|81|109|7|136|132|28|71|103|88|104|73|134|79|125|110|0|1	0.263393	0.666667	0.969301	0.924251	0.986697	0.984713
571	54|55|103|125	54|103	55|125	120|116|117|123|106|47|130|73|79|96|139|143|136|15|11|33|107|63|35|5	0.24885	0.727273	0.984608	0.957013	0.993018	0.991891
572	31|55|70|125	31|125	55|70	58|42|114|54|5|129|136|33|110|83|35|134|121|113|138|141|119|32|106|143	0.228604	0.666667	0.970064	0.922757	0.986265	0.97941
573	15|47|103|109	15|103	47|109	71|4|83|143|21|138|73|129|134|45|75|142|70|132|54|77|126|113|42|106	0.257334	0.8	0.980414	0.943583	0.992477	0.990125
574	47|96|109|110	47|110	96|109	45|114|0|77|48|33|7|116|53|123|129|15|28|75|141|55|42|49|35|121	0.252577	0.8	0.924007	0.855294	0.967271	0.966054
575	15|35|54|71	15|35	54|71	123|33|126|134|136|5|47|83|70|125|58|139|45|73|117|53|127|143|12|88	0.243038	0.5	0.988776	0.967298	0.99562	0.9935
576	48|54|96|126	48|96	54|126	81|22|35|0|49|106|55|73|113|5|1|125|15|32|109|121|83|104|95|119	0.257932	0.666667	0.964169	0.909907	0.984257	0.976965
577	15|35|54|110	15|35	54|110	11|128|120|5|117|33|79|42|1|136|129|82|49|121|96|127|138|103|53|116	0.273975	0.75	0.975371	0.933093	0.990065	0.985394
578	15|47|103|125	15|103	47|125	114|113|55|73|106|35|109|71|12|33|28|120|48|49|107|22|1|110|3|21	0.244469	0.875	0.966336	0.913102	0.986452	0.982056
579	15|54|70|71	15|54	70|71	31|96|119|21|48|5|139|123|132|58|3|47|83|79|114|4|49|55|88|95	0.254551	0.666667	0.986887	0.965384	0.994659	0.994243
580	47|70|71|125	47|70	71|125	106|126|107|110|82|136|45|7|117|128|31|5|58|141|15|4|63|40|134|81	0.23928	0.5	0.96616	0.92037	0.987548	0.979433
581	35|70|96|109	35|70	96|109	142|108|31|7|54|119|132|105|129|53|71|21|103|12|139|128|114|113|49|123	0.262562	0.666667	0.98499	0.959819	0.994065	0.993935
582	47|48|109|126	47|109	48|126	106|55|49|42|95|35|123|22|83|71|70|129|96|73|108|113|33|28|88|139	0.261149	0.8	0.971417	0.925779	0.988182	0.986557
583	47|48|96|103	47|96	48|103	0|119|45|31|49|71|106|117|104|77|7|130|70|79|22|107|54|113|4|136	0.240166	0.727273	0.975675	0.934545	0.990522	0.984987
584	70|71|109|125	70|71	109|125	42|55|142|7|116|49|81|121|82|107|127|88|45|31|95|136|73|35|77|0	0.262711	0.875	0.965051	0.919977	0.98671	0.985506
585	70|71|96|125	70|96	71|125	53|81|48|110|12|139|105|106|31|63|113|54|45|28|33|116|22|141|95|35	0.237126	0.666667	0.983585	0.955568	0.993629	0.990004
586	15|54|96|109	15|109	54|96	45|81|103|21|22|58|136|125|4|47|95|114|110|126|119|53|71|142|134|79	0.237635	0.5	0.980714	0.954315	0.9924	0.991226
587	15|47|71|110	15|71	47|110	109|103|136|139|82|54|116|96|117|106|70|1|63|129|142|132|134|127|21|130	0.271827	0.666667	0.972515	0.932418	0.990285	0.987658
588	54|70|96|125	54|96	70|125	35|5|106|63|95|12|119|88|138|113|15|127|104|116|7|4|31|82|79|49	0.244742	0.875	0.955221	0.906498	0.982815	0.979199
589	31|47|96|109	31|96	47|109	114|130|126|132|4|81|113|142|79|77|103|3|110|104|128|88|143|129|0|70	0.233801	0.666667	0.97154	0.92783	0.989902	0.986297
590	47|54|70|125	47|70	54|125	114|113|7|71|35|109|142|119|104|143|108|4|73|95|128|82|117|28|21|130	0.239885	0.5	0.960629	0.905769	0.984787	0.977006
591	48|55|70|110	48|70	55|110	83|106|126|143|71|128|5|63|119|73|4|117|123|141|75|130|132|3|49|40	0.262897	0.666667	0.964684	0.910079	0.98574	0.985291
592	70|109|110|126	70|110	109|126	22|105|128|103|141|40|35|120|132|3|123|134|82|107|104|96|0|11|117|79	0.273971	0.666667	0.958497	0.900272	0.982732	0.982727
593	47|48|70|103	47|70	48|103	63|106|54|110|88|3|15|32|136|134|126|35|132|105|107|82|1|49|95|75	0.253618	0.666667	0.976601	0.940032	0.991547	0.986056
594	31|47|71|110	31|71	47|110	35|63|128|58|75|81|73|141|117|120|7|108|70|130|1|15|3|95|83|5	0.256074	0.666667	0.967851	0.914951	0.987672	0.981351
595	31|48|103|110	31|110	48|103	123|0|132|142|128|21|121|134|58|125|73|129|3|4|114|136|28|11|53|1	0.242963	0.615385	0.946822	0.881708	0.975926	0.970678
596	55|103|125|126	55|103	125|126	117|5|7|45|33|49|11|81|4|138|114|121|12|3|113|31|120|63|82|132	0.239867	0.875	0.976848	0.938387	0.990504	0.988962
597	35|47|71|103	35|47	71|103	4|113|136|132|70|116|3|123|22|11|55|130|7|107|82|127|108|105|48|120	0.273621	0.75	0.974868	0.932529	0.990595	0.986421
598	35|48|55|110	35|48	55|110	1|53|31|45|47|11|104|58|83|113|134|143|139|125|0|21|70|142|136|96	0.252591	0.666667	0.987567	0.964528	0.994907	0.990452
599	15|31|71|125	15|71	31|125	77|114|109|11|120|103|22|141|75|70|129|42|143|116|63|53|48|55|117|49	0.249461	0.875	0.993649	0.982012	0.997854	0.997801
600	35|54|70|126	35|126	54|70	3|11|141|125|113|103|142|130|1|7|28|21|79|108|132|95|33|120|96|73	0.27093	0.75	0.963584	0.909534	0.984637	0.981029
601	96|109|110|126	96|109	110|126	11|21|58|121|116|70|75|88|4|123|35|28|7|127|132|104|47|73|1|53	0.244522	0.6	0.981888	0.950716	0.992797	0.99099
602	54|71|96|110	54|110	71|96	132|128|28|3|136|125|109|121|47|126|139|79|53|130|31|134|73|105|63|7	0.260372	0.666667	0.984956	0.958264	0.994209	0.993359
603	15|35|54|55	15|35	54|55	22|103|45|116|123|143|117|82|1|11|88|132|136|32|47|5|75|126|31|77	0.262128	0.666667	0.984189	0.957447	0.993371	0.98951
604	48|70|96|126	48|96	70|126	71|123|107|143|54|79|138|47|108|119|3|141|128|75|4|49|142|21|139|95	0.251956	0.727273	0.978492	0.944745	0.99077	0.986919
605	55|71|96|103	55|96	71|103	77|53|119|42|40|54|3|136|113|21|106|1|125|4|83|49|139|88|73|82	0.228557	0.6	0.974802	0.936885	0.989292	0.986367
606	55|96|125|126	55|96	125|126	79|134|47|15|130|113|54|21|42|71|120|139|28|81|103|132|75|121|40|31	0.225527	0.615385	0.984832	0.959117	0.993957	0.992547
607	15|54|70|110	15|70	54|110	113|121|103|143|138|77|119|55|3|117|1|79|109|132|63|114|83|42|106|141	0.272097	0.666667	0.970403	0.927779	0.987566	0.986993
608	70|109|125|126	70|109	125|126	54|138|40|128|129|113|33|110|48|79|4|117|114|22|77|73|103|104|49|121	0.262225	0.875	0.980848	0.944706	0.991671	0.990414
609	55|70|103|109	55|70	103|109	113|15|143|132|22|75|40|3|63|125|95|53|42|134|21|110|141|88|106|33	0.2492	0.666667	0.936411	0.872552	0.971003	0.969149
610	47|70|96|126	47|70	96|126	33|88|1|32|123|11|110|107|128|136|45|58|132|48|53|3|142|54|95|121	0.239417	0.666667	0.953064	0.89294	0.980636	0.978254
611	47|48|70|96	47|70	48|96	110|45|95|33|75|28|108|120|113|40|139|53|132|83|12|73|11|130|141|1	0.24141	0.666667	0.906437	0.82881	0.960593	0.94785
612	71|96|125|126	71|96	125|126	116|53|141|83|110|142|127|136|75|134|108|32|28|4|113|5|114|70|77|31	0.231122	0.615385	0.975234	0.932517	0.990314	0.989812
613	47|48|109|110	47|48	109|110	117|40|81|3|7|128|58|15|105|127|71|12|113|83|11|5|63|120|53|95	0.26258	0.727273	0.925403	0.838204	0.970469	0.964911
614	35|96|110|125	35|96	110|125	81|40|79|21|105|114|127|121|47|142|63|55|128|120|83|33|116|107|141|53	0.263326	0.75	0.985487	0.956907	0.994405	0.993652
615	71|96|110|126	71|96	110|126	3|108|58|48|5|114|12|33|82|132|77|73|117|45|103|130|106|125|107|40	0.236879	0.666667	0.958216	0.89196	0.983054	0.982254
616	31|47|96|109	31|96	47|109	81|128|22|1|116|103|15|117|82|3|127|141|53|95|7|123|48|49|21|129	0.235044	0.666667	0.939656	0.881225	0.975598	0.969769
617	15|103|109|126	15|103	109|126	4|104|1|125|88|21|110|63|40|58|11|81|129|12|130|33|127|54|71|3	0.225184	0.333333	0.978218	0.941495	0.990302	0.987549
618	15|71|96|125	15|96	71|125	129|120|22|31|35|48|117|82|138|136|53|128|7|103|114|45|47|142|105|28	0.247399	0.666667	0.986451	0.962766	0.9945	0.991573
619	15|35|55|96	15|96	35|55	95|141|83|77|106|123|70|105|32|128|88|75|113|4|63|104|107|31|21|58	0.2343	0.666667	0.971787	0.937446	0.9887	0.988233
620	15|55|110|125	15|125	55|110	0|114|134|3|128|142|7|22|1|116|138|48|5|28|105|88|109|79|71|129	0.238177	0.615385	0.973862	0.934446	0.988146	0.98127
621	35|48|54|71	35|71	48|54	108|117|31|116|11|132|70|0|82|32|109|5|28|75|107|58|130|4|53|45	0.291652	0.666667	0.98573	0.964286	0.995545	0.994406
622	70|96|109|125	70|125	96|109	11|40|75|121|138|81|21|141|7|4|128|54|130|5|58|113|28|48|107|95	0.2421	0.666667	0.983338	0.953958	0.993883	0.993843
623	31|47|109|110	31|110	47|109	83|11|116|138|42|49|71|28|132|55|143|53|58|81|96|7|12|114|108|107	0.238998	0.8	0.955327	0.897884	0.98303	0.978551
624	15|103|110|125	15|103	110|125	47|139|4|1|83|81|142|28|121|48|116|63|45|114|108|104|71|127|77|75	0.258509	0.727273	0.987538	0.96356	0.99463	0.992884
625	55|96|103|126	55|96	103|126	119|45|107|58|0|5|63|75|47|130|82|12|95|28|113|132|117|11|3|134	0.239786	0.666667	0.969827	0.925069	0.986787	0.986578
626	35|47|54|125	35|47	54|125	126|120|141|105|88|28|81|136|130|123|31|55|40|5|128|83|143|4|82|103	0.223093	0.75	0.959908	0.905889	0.985195	0.981759
627	47|48|70|110	47|110	48|70	32|113|116|129|138|15|11|53|114|106|125|96|141|81|28|128|121|132|12|58	0.25217	0.666667	0.96004	0.908996	0.984824	0.980402
628	35|54|55|96	35|55	54|96	125|113|33|123|73|132|104|120|77|109|58|71|21|5|136|47|106|129|40|22	0.26365	0.75	0.98203	0.950856	0.991807	0.990651
629	48|55|96|126	48|55	96|126	128|15|7|141|70|95|22|107|123|1|82|73|132|129|47|139|49|58|32|109	0.245203	0.666667	0.984254	0.953488	0.993692	0.992031
630	15|31|35|54	15|54	31|35	21|48|53|142|138|55|134|81|119|114|104|95|129|45|88|7|70|3|109|130	0.249993	0.666667	0.987495	0.964175	0.9949	0.993772
631	31|47|109|125	31|125	47|109	95|106|12|120|143|83|33|0|77|11|7|45|88|35|28|22|141|75|103|79	0.226227	0.666667	0.940967	0.861671	0.976987	0.964304
632	35|96|103|109	35|103	96|109	82|88|130|5|75|127|0|33|123|83|28|108|49|126|142|79|95|54|139|1	0.256051	0.666667	0.98914	0.970937	0.995552	0.993912
633	15|35|96|126	15|126	35|96	58|139|3|123|106|109|110|128|31|83|125|7|142|120|81|105|132|12|134|1	0.250394	0.75	0.976813	0.93727	0.990667	0.98845
634	15|48|103|125	15|48	103|125	104|81|141|73|32|128|136|129|49|123|113|53|108|126|83|95|96|138|119|134	0.232147	0.875	0.984476	0.959665	0.995281	0.993592
635	54|70|109|125	54|109	70|125	143|32|117|110|113|49|88|7|95|71|123|127|33|55|45|79|114|73|4|136	0.266397	0.875	0.918189	0.861134	0.964217	0.954833
636	35|48|109|110	35|48	109|110	142|125|28|132|54|138|143|12|116|113|95|82|130|127|15|136|0|104|33|22	0.287247	0.727273	0.984997	0.955948	0.994169	0.990619
637	47|48|103|125	47|48	103|125	106|81|107|83|12|105|119|32|142|45|73|49|70|130|96|116|95|0|15|88	0.222865	0.875	0.972563	0.933771	0.989918	0.98556
638	15|70|71|110	15|70	71|110	31|40|142|121|58|108|141|3|95|55|88|119|107|120|12|117|109|143|132|47	0.279789	0.666667	0.988105	0.968874	0.995289	0.995247
639	55|70|103|110	55|70	103|110	71|113|22|32|79|134|42|109|136|82|104|125|116|129|77|114|73|75|7|49	0.240796	0.727273	0.965692	0.916965	0.985526	0.983522
640	15|96|110|125	15|125	96|110	7|132|22|73|103|105|95|31|55|58|63|79|114|83|53|33|109|47|128|11	0.230613	0.666667	0.991557	0.975214	0.996886	0.995088
641	35|47|48|71	35|71	47|48	3|127|109|88|53|49|54|142|82|7|58|73|138|104|83|125|70|4|143|1	0.251173	0.727273	0.977341	0.938584	0.991965	0.987584
642	15|31|35|48	15|31	35|48	128|32|63|1|4|82|138|104|12|45|114|95|136|110|103|132|21|7|75|126	0.226959	0.666667	0.984957	0.957609	0.994886	0.993355
643	31|48|71|110	31|71	48|110	121|130|5|125|103|139|70|116|142|126|120|108|4|1|132|12|107|113|128|7	0.259957	0.666667	0.984593	0.954923	0.994404	0.992278
644	70|103|109|110	70|110	103|109	136|134|47|104|127|77|114|33|139|48|132|40|49|126|128|141|83|1|58|21	0.239398	0.666667	0.976712	0.937237	0.990338	0.985715
645	54|55|103|126	54|55	103|126	7|104|96|139|21|75|4|105|83|31|22|35|123|5|77|0|49|128|1|110	0.233069	0.615385	0.965681	0.909847	0.985141	0.982036
646	54|55|70|125	54|55	70|125	136|123|15|1|47|139|107|128|3|113|141|77|88|132|117|81|110|75|33|5	0.255248	0.666667	0.9791	0.949153	0.991611	0.989966
647	31|47|70|126	31|70	47|126	142|110|114|116|88|12|103|40|120|55|121|134|82|143|117|3|45|58|113|77	0.236081	0.615385	0.936452	0.872751	0.972717	0.969147
648	15|48|96|125	15|96	48|125	31|82|70|12|128|5|71|22|21|42|114|139|130|54|117|28|58|132|106|103	0.240868	0.666667	0.988176	0.970701	0.99591	0.993911
649	15|54|96|110	15|96	54|110	79|132|32|120|5|126|123|127|128|142|103|42|116|28|40|77|45|73|71|75	0.255531	0.571429	0.957436	0.899533	0.98321	0.979932
650	15|31|55|71	15|31	55|71	35|83|5|127|121|109|143|73|88|116|28|128|7|138|40|48|1|114|32|130	0.250556	0.666667	0.965567	0.923101	0.98545	0.983481
651	15|47|55|103	15|47	55|103	33|70|136|40|138|0|11|120|132|123|105|54|5|125|45|83|134|79|82|142	0.235554	0.666667	0.963636	0.911483	0.985526	0.982891
652	15|47|55|96	15|47	55|96	113|75|73|127|70|63|134|45|77|4|142|108|109|121|126|138|120|117|103|123	0.230851	0.5	0.967843	0.92425	0.988562	0.986896
653	31|47|71|125	31|71	47|125	106|123|127|58|1|95|128|15|35|81|138|70|105|63|42|12|54|82|103|21	0.228307	0.8	0.981488	0.948974	0.99353	0.990759
654	55|71|110|125	55|71	110|125	45|142|132|75|96|63|138|134|77|42|11|141|129|126|28|103|0|106|119|105	0.242351	0.666667	0.976574	0.939896	0.990904	0.988221
655	31|48|54|96	31|48	54|96	117|63|11|1|33|75|128|125|0|5|130|21|4|123|139|126|129|95|55|107	0.258321	0.666667	0.963664	0.916944	0.986474	0.978524
656	15|48|71|125	15|125	48|71	28|33|96|128|136|107|31|106|134|129|142|77|113|47|88|70|143|42|82|55	0.249932	0.666667	0.994341	0.986877	0.997919	0.99754
657	31|54|110|125	31|125	54|110	55|105|114|119|126|11|22|120|21|117|15|127|79|3|77|95|106|4|103|33	0.252204	0.666667	0.967713	0.915278	0.986787	0.979805
658	48|54|70|109	48|109	54|70	73|71|128|125|83|116|126|53|95|1|136|45|141|103|42|117|142|4|107|82	0.259425	0.666667	0.95642	0.914752	0.982139	0.976298
659	47|54|96|125	47|96	54|125	120|0|71|45|1|4|109|82|119|3|103|75|11|132|7|35|70|107|22|129	0.250538	0.666667	0.972033	0.928703	0.990217	0.985052
660	48|71|96|110	48|96	71|110	120|28|127|138|79|113|143|4|117|119|3|88|103|116|81|136|129|77|73|82	0.267034	0.727273	0.961115	0.894344	0.984499	0.980863
661	48|71|103|125	48|103	71|125	21|7|123|47|120|132|22|58|107|104|108|42|11|96|113|32|28|5|134|0	0.242068	0.615385	0.991273	0.975734	0.996945	0.996225
662	47|48|109|110	47|110	48|109	77|88|136|129|117|105|103|125|73|0|53|138|107|141|5|120|7|70|15|119	0.261186	0.666667	0.966061	0.914984	0.987284	0.981281
663	47|48|110|125	47|48	110|125	126|11|142|120|132|55|106|77|123|79|31|113|63|104|75|33|35|116|139|71	0.259599	0.727273	0.968603	0.917322	0.988909	0.983167
664	35|48|54|126	35|126	48|54	82|70|108|49|134|31|136|58|116|103|104|138|33|143|71|15|4|3|142|105	0.268279	0.666667	0.983638	0.952181	0.993957	0.99333
665	31|47|103|125	31|125	47|103	95|106|58|113|35|139|96|12|0|32|1|3|63|77|108|28|117|42|49|73	0.227498	0.875	0.960783	0.903732	0.984229	0.978227
666	31|70|71|109	31|70	71|109	79|5|63|4|143|142|12|0|15|45|127|88|75|40|132|95|110|106|42|21	0.263202	0.666667	0.938972	0.875965	0.973049	0.965313
667	31|48|96|103	31|96	48|103	113|12|109|11|120|28|117|42|4|71|70|106|129|136|35|128|32|75|143|55	0.232104	0.666667	0.984836	0.961171	0.993587	0.992355
668	15|47|125|126	15|126	47|125	21|4|107|105|70|32|81|110|77|109|104|1|130|40|73|49|129|132|63|120	0.230063	0.875	0.963871	0.908469	0.986504	0.986299
669	35|48|55|70	35|70	48|55	104|79|132|45|106|116|32|136|7|143|15|40|11|33|117|28|1|103|127|125	0.27614	0.727273	0.967386	0.910489	0.986042	0.982652
670	55|71|96|126	55|126	71|96	70|15|143|40|7|103|129|77|113|58|63|104|88|49|0|95|22|83|134|3	0.24236	0.666667	0.975645	0.931158	0.990188	0.986819
671	15|35|103|109	15|35	103|109	79|130|12|113|139|71|83|132|120|53|54|106|55|110|49|11|95|123|81|128	0.264621	0.75	0.989564	0.969643	0.995368	0.993672
672	31|54|70|109	31|70	54|109	71|126|11|132|88|53|48|141|35|119|3|40|63|32|123|75|104|114|108|83	0.267284	0.666667	0.957344	0.915042	0.982626	0.980299
673	48|96|125|126	48|96	125|126	32|54|106|49|53|123|109|75|103|88|15|79|71|120|81|82|12|130|117|139	0.249033	0.875	0.983105	0.951451	0.993733	0.991175
674	35|55|125|126	35|125	55|126	96|28|75|123|139|129|83|77|107|45|117|128|63|21|1|142|48|11|53|82	0.242598	0.666667	0.974198	0.923922	0.988733	0.978468
675	35|71|109|125	35|71	109|125	107|138|143|28|105|12|108|114|75|48|70|40|58|88|81|31|49|33|126|7	0.250208	0.875	0.992563	0.975907	0.997292	0.995652
676	15|31|47|109	15|31	47|109	108|45|35|117|71|3|21|7|4|113|107|73|119|134|28|126|48|55|136|96	0.258724	0.666667	0.974099	0.932713	0.990202	0.985473
677	47|54|103|125	47|103	54|125	130|82|70|53|138|42|58|35|1|55|114|116|81|15|96|109|142|132|129|128	0.235316	0.8	0.980592	0.946219	0.992853	0.988982
678	48|71|96|125	48|96	71|125	117|42|40|35|121|116|107|7|95|83|28|136|49|82|141|119|22|132|73|81	0.253515	0.875	0.963036	0.896957	0.985307	0.976141
679	47|55|125|126	47|125	55|126	109|138|33|0|77|28|4|116|49|108|54|12|82|1|63|31|121|103|5|132	0.235897	0.875	0.963529	0.905928	0.985656	0.984376
680	15|31|47|54	15|31	47|54	113|11|73|106|42|71|134|132|70|104|121|130|81|77|55|109|129|128|3|53	0.25137	0.8	0.971139	0.925518	0.988355	0.983565
681	15|55|71|110	15|71	55|110	104|119|134|136|40|53|83|127|121|58|22|35|11|141|12|142|117|33|138|105	0.249771	0.666667	0.949902	0.889567	0.979223	0.976101
682	35|47|48|71	35|47	48|71	125|1|108|136|32|70|28|11|127|129|54|139|15|83|81|132|142|22|110|73	0.259753	0.727273	0.981982	0.948774	0.993637	0.989887
683	54|70|96|103	54|96	70|103	127|21|104|88|31|48|139|129|81|132|123|108|75|107|134|55|120|12|5|142	0.249887	0.666667	0.950427	0.905577	0.980179	0.975874
684	96|103|109|126	96|109	103|126	12|42|83|71|1|136|58|113|53|107|117|4|49|128|35|134|95|104|40|0	0.245186	0.666667	0.91174	0.841446	0.959113	0.956737
685	35|48|71|96	35|71	48|96	77|106|81|88|15|126|49|53|134|5|75|130|3|22|40|79|119|95|28|83	0.258044	0.727273	0.982378	0.946369	0.993298	0.988705
686	48|55|70|110	48|110	55|70	82|4|121|12|130|127|125|95|3|28|116|22|134|143|7|139|15|141|108|132	0.268617	0.727273	0.946391	0.864167	0.977215	0.966495
687	48|54|55|126	48|126	54|55	22|73|117|12|3|110|120|33|113|81|0|28|141|116|105|75|125|11|4|128	0.263407	0.666667	0.941396	0.866649	0.975012	0.972159
688	35|47|55|70	35|47	55|70	142|31|138|128|63|95|54|81|58|45|109|126|143|3|129|22|71|32|77|136	0.236799	0.666667	0.972434	0.929683	0.989374	0.988753
689	35|70|109|110	35|110	70|109	107|119|120|96|40|129|4|126|132|28|117|113|47|12|7|95|21|116|141|45	0.287661	0.75	0.984302	0.956387	0.99334	0.992573
690	31|70|71|110	31|110	70|71	129|3|139|75|103|5|55|42|127|63|132|73|33|53|104|47|12|45|79|136	0.248864	0.666667	0.982899	0.954687	0.993102	0.992127
691	54|71|125|126	54|71	125|126	121|40|104|79|132|21|32|96|83|109|5|35|15|31|105|49|55|48|127|119	0.26003	0.875	0.980071	0.943721	0.991257	0.990608
692	47|96|110|126	47|126	96|110	5|58|40|108|49|141|42|130|106|134|107|22|48|70|120|127|132|88|73|3	0.23382	0.8	0.956374	0.895704	0.982194	0.977551
693	15|31|55|96	15|31	55|96	83|47|45|130|117|11|79|132|141|82|129|75|70|142|21|42|127|48|53|58	0.23516	0.666667	0.982188	0.953767	0.992568	0.991031
694	15|48|70|125	15|70	48|125	55|5|53|42|73|11|143|3|49|114|4|120|108|47|129|117|132|33|119|142	0.267895	0.875	0.986193	0.965389	0.994434	0.992156
695	15|55|109|125	15|55	109|125	5|21|116|117|119|114|123|126|141|35|103|71|110|45|1|95|48|54|63|75	0.241194	0.615385	0.983383	0.959802	0.992209	0.986143
696	47|48|54|109	47|109	48|54	7|116|105|127|73|134|123|82|126|55|33|11|35|103|83|53|129|114|107|96	0.241966	0.727273	0.967771	0.928077	0.988186	0.984564
697	55|96|103|110	55|110	96|103	49|40|125|116|81|107|22|28|105|53|73|1|31|47|104|119|48|0|32|120	0.234978	0.727273	0.981293	0.949339	0.992	0.990666
698	31|35|54|125	31|54	35|125	113|49|117|58|136|123|88|141|42|104|128|0|106|130|142|110|4|126|81|5	0.243901	0.875	0.970596	0.923433	0.988613	0.980105
699	15|35|47|109	15|35	47|109	95|141|5|83|107|110|106|33|113|103|104|125|42|32|126|114|11|54|45|71	0.253418	0.8	0.981758	0.948573	0.992646	0.989247
700	47|103|125|126	47|126	103|125	45|79|142|3|129|21|54|7|114|117|42|58|4|15|49|11|143|127|108|139	0.237391	0.875	0.968315	0.920555	0.987548	0.981005
701	15|54|109|126	15|54	109|126	7|143|28|42|141|117|49|134|40|81|142|82|31|120|1|45|125|47|63|127	0.24715	0.666667	0.977556	0.944659	0.990795	0.989613
702	47|55|71|96	47|71	55|96	132|40|82|113|114|73|4|12|32|81|106|42|108|138|128|117|109|11|95|0	0.252766	0.8	0.963069	0.909067	0.985761	0.98134
703	15|47|55|70	15|55	47|70	88|4|73|132|31|35|134|63|54|104|22|143|33|139|130|108|53|28|107|109	0.252973	0.666667	0.958853	0.905582	0.98446	0.981742
704	15|55|109|125	15|55	109|125	53|73|116|117|75|114|134|129|119|48|45|63|83|103|0|77|22|4|104|120	0.234686	0.615385	0.963981	0.911739	0.985265	0.98095
705	48|55|71|110	48|55	71|110	132|21|53|136|33|113|120|130|95|128|104|88|7|123|54|79|77|139|15|138	0.268594	0.727273	0.97581	0.937349	0.990147	0.989614
706	31|70|103|109	31|70	103|109	40|53|48|110|141|113|136|28|15|106|58|47|128|119|121|125|138|22|105|116	0.253258	0.727273	0.980178	0.950933	0.991099	0.989429
707	35|47|71|109	35|47	71|109	7|33|132|21|141|103|53|119|106|126|75|40|81|121|79|54|31|108|136|70	0.26807	0.75	0.983483	0.953185	0.994296	0.991457
708	54|55|71|109	54|55	71|109	106|83|139|121|129|4|81|32|5|130|73|114|21|116|12|136|123|79|70|3	0.265317	0.666667	0.974017	0.937289	0.989248	0.986359
709	31|35|103|109	31|109	35|103	28|45|71|49|33|48|32|123|113|12|54|110|116|63|15|119|3|105|114|88	0.25667	0.727273	0.988538	0.967615	0.994672	0.993609
710	48|54|103|126	48|126	54|103	110|117|71|49|138|119|141|116|139|88|5|73|106|4|3|11|132|53|42|123	0.261885	0.727273	0.934391	0.867034	0.968435	0.96005
711	47|48|54|70	47|70	48|54	81|58|141|132|126|12|3|143|120|105|139|121|113|31|88|75|136|109|53|117	0.254226	0.666667	0.962117	0.910153	0.985846	0.981353
712	15|54|55|110	15|54	55|110	75|107|73|134|103|22|113|1|142|104|139|33|119|88|0|143|45|128|123|114	0.244648	0.5	0.948765	0.877371	0.980029	0.977
713	35|55|71|96	35|96	55|71	3|126|32|83|79|121|95|139|114|81|5|42|7|128|53|21|134|22|70|108	0.246704	0.75	0.984797	0.958442	0.994319	0.994004
714	15|70|125|126	15|125	70|126	49|73|40|75|77|88|106|42|71|128|105|28|117|53|143|95|119|109|55|114	0.241111	0.875	0.970555	0.922526	0.987749	0.979441
715	15|35|55|125	15|55	35|125	127|1|71|117|31|63|58|134|109|42|5|11|0|126|104|128|75|7|70|4	0.240286	0.666667	0.990876	0.975104	0.995788	0.99328
716	54|70|103|125	54|125	70|103	104|7|119|83|130|48|116|4|1|21|53|107|40|129|106|75|82|77|105|110	0.250338	0.727273	0.941151	0.887778	0.975108	0.970467
717	55|103|109|125	55|125	103|109	104|11|141|45|123|54|21|77|96|3|110|49|0|12|113|63|130|119|108|127	0.253537	0.875	0.98588	0.958786	0.99358	0.991977
718	15|48|55|103	15|55	48|103	58|126|88|21|63|130|47|1|77|40|104|109|132|123|53|138|117|71|108|5	0.249969	0.666667	0.98325	0.958665	0.992737	0.988357
719	15|48|70|110	15|70	48|110	79|107|106|11|12|120|55|104|134|75|71|130|132|117|7|141|1|129|32|113	0.281027	0.727273	0.958707	0.892532	0.983106	0.977157
720	47|55|71|126	47|71	55|126	121|83|12|81|77|48|1|119|143|63|21|127|105|7|33|123|3|132|141|134	0.231665	0.615385	0.921267	0.822338	0.966643	0.96164
721	15|55|103|110	15|55	103|110	79|32|7|73|71|82|95|58|33|117|31|126|42|127|28|106|123|22|125|83	0.236769	0.571429	0.979133	0.946892	0.991271	0.990464
722	96|103|109|125	96|103	109|125	113|132|141|104|21|11|128|32|116|107|1|134|119|55|70|136|129|83|53|82	0.246646	0.727273	0.978837	0.945556	0.991528	0.990068
723	54|71|125|126	54|125	71|126	103|48|42|0|5|95|22|7|143|35|3|123|70|108|31|49|116|107|120|132	0.267216	0.875	0.979803	0.940394	0.992167	0.991158
724	35|55|70|109	35|70	55|109	123|142|105|114|129|48|71|106|7|11|107|15|45|113|126|138|32|132|22|81	0.273672	0.666667	0.97102	0.931926	0.987822	0.987377
725	47|54|55|110	47|110	54|55	116|103|0|4|63|138|106|21|121|126|81|12|42|108|28|40|73|117|79|31	0.257234	0.8	0.953594	0.895114	0.981285	0.978862
726	47|96|109|126	47|109	96|126	127|49|121|88|70|143|105|77|107|129|139|123|104|134|138|110|130|113|40|128	0.241449	0.666667	0.954342	0.892688	0.981544	0.979854
727	15|35|54|103	15|54	35|103	127|130|45|125|109|116|73|12|5|104|58|22|113|119|47|132|0|110|40|21	0.26771	0.727273	0.98728	0.963352	0.99392	0.991731
728	35|47|48|96	35|47	48|96	121|49|103|4|109|141|81|143|54|1|75|83|70|82|7|129|110|127|55|28	0.253316	0.75	0.979142	0.943406	0.992672	0.98947
729	15|54|71|126	15|71	54|126	53|107|42|143|63|5|136|81|4|58|110|127|40|35|7|129|45|132|123|0	0.260743	0.5	0.936017	0.856552	0.972083	0.954898
730	35|55|109|110	35|110	55|109	71|31|117|42|82|4|139|103|142|114|106|1|5|70|125|134|79|130|105|32	0.249547	0.666667	0.976436	0.934384	0.990134	0.986791
731	35|54|103|109	35|103	54|109	136|4|77|123|132|5|48|81|114|75|83|49|126|58|3|141|116|119|96|127	0.261537	0.727273	0.982227	0.956889	0.992615	0.987625
732	55|96|109|126	55|126	96|109	123|129|4|121|108|58|49|104|120|70|95|139|128|11|117|105|71|75|143|21	0.244605	0.666667	0.966838	0.9121	0.986164	0.983246
733	31|35|109|126	31|35	109|126	139|70|54|4|63|108|132|110|121|28|120|129|49|123|77|88|141|22|142|53	0.255961	0.75	0.98149	0.948822	0.992008	0.988994
734	35|55|103|109	35|103	55|109	28|1|45|49|5|48|105|12|21|11|88|95|130|108|119|15|4|58|77|104	0.253283	0.666667	0.952665	0.882217	0.978692	0.972165
735	15|48|54|126	15|48	54|126	33|106|119|73|11|0|12|45|134|121|96|110|53|40|21|75|136|108|55|142	0.25108	0.666667	0.968531	0.918362	0.987178	0.98015
736	47|48|70|126	47|70	48|126	110|134|28|139|81|127|121|22|79|109|0|4|129|114|107|136|11|123|132|54	0.261388	0.727273	0.964387	0.911986	0.986445	0.983463
737	47|55|71|125	47|55	71|125	11|42|22|108|104|31|28|132|128|134|35|142|123|107|15|81|103|77|58|0	0.242562	0.8	0.967818	0.911585	0.988179	0.980225
738	31|71|103|109	31|109	71|103	54|45|95|77|142|4|73|106|127|130|110|48|128|88|55|136|132|121|82|0	0.251097	0.666667	0.986324	0.961043	0.994131	0.99288
739	47|54|71|125	47|71	54|125	32|138|113|126|31|40|81|48|45|130|96|79|95|28|63|82|77|5|12|114	0.23743	0.666667	0.971819	0.929274	0.989387	0.985619
740	54|110|125|126	54|126	110|125	117|70|15|95|77|105|142|28|71|127|82|5|132|116|114|75|96|141|12|32	0.257216	0.666667	0.976279	0.935213	0.990386	0.989028
741	55|96|103|126	55|103	96|126	11|1|107|104|73|3|48|22|45|32|141|12|28|75|128|129|109|5|71|31	0.227983	0.666667	0.97316	0.929752	0.988545	0.986193
742	15|70|71|125	15|70	71|125	113|116|5|75|11|40|134|33|108|79|119|88|142|73|3|53|7|106|129|0	0.256682	0.666667	0.956477	0.887869	0.98216	0.972679
743	15|31|54|109	15|54	31|109	40|55|129|53|113|22|142|83|58|128|32|77|47|106|103|117|107|120|45|3	0.255499	0.666667	0.980407	0.952891	0.991742	0.99141
744	31|54|70|96	31|54	70|96	104|120|138|77|58|106|63|132|88|139|79|82|55|130|109|28|0|42|15|134	0.238612	0.666667	0.967085	0.928101	0.986585	0.985924
745	15|103|125|126	15|103	125|126	110|7|139|63|123|4|88|77|75|105|22|12|71|104|11|49|53|73|130|33	0.229707	0.875	0.951043	0.889671	0.978671	0.975009
746	47|71|110|126	47|110	71|126	48|88|53|55|123|75|54|108|33|79|0|73|120|45|105|121|96|134|49|119	0.24003	0.615385	0.963394	0.911857	0.985451	0.982978
747	47|71|125|126	47|71	125|126	21|15|127|108|130|31|0|113|117|143|49|77|116|109|106|32|107|96|45|83	0.2505	0.875	0.970847	0.921626	0.98814	0.98399
748	103|109|125|126	103|109	125|126	42|35|33|117|95|106|15|132|3|71|120|63|11|141|32|121|48|82|138|70	0.257795	0.666667	0.980322	0.948071	0.991287	0.990744
749	54|70|110|125	54|70	110|125	123|0|21|48|77|120|132|134|53|33|55|109|32|83|15|141|3|45|105|116	0.270389	0.666667	0.966944	0.922428	0.985894	0.979661
750	47|54|96|103	47|54	96|103	53|4|82|21|121|109|141|123|70|35|45|108|73|104|105|32|114|40|127|15	0.235136	0.533333	0.971916	0.929102	0.989539	0.986705
751	31|70|71|109	31|71	70|109	121|81|15|3|119|55|114|113|7|110|28|128|35|123|134|22|32|73|1|21	0.26756	0.666667	0.937825	0.881109	0.972029	0.961699
752	35|54|71|125	35|125	54|71	106|143|7|110|81|132|28|32|119|117|42|22|127|82|45|49|108|88|0|96	0.276501	0.875	0.986639	0.961324	0.995364	0.991924
753	15|54|55|70	15|70	54|55	136|139|71|3|143|22|63|123|5|108|53|106|81|40|1|12|82|114|47|121	0.264571	0.615385	0.978614	0.949102	0.991278	0.990846
754	55|70|96|110	55|110	70|96	141|81|143|116|22|132|75|139|119|47|95|142|123|40|121|109|77|48|63|114	0.249308	0.666667	0.978463	0.946173	0.990799	0.990654
755	31|55|110|125	31|110	55|125	127|82|33|5|109|21|70|79|12|103|4|75|54|128|121|119|32|116|45|47	0.240485	0.666667	0.98321	0.954545	0.992943	0.992329
756	15|47|48|70	15|48	47|70	1|7|81|75|132|134|114|31|12|129|0|45|73|54|120|5|58|106|142|11	0.243943	0.666667	0.971471	0.927657	0.99044	0.986143
757	48|71|125|126	48|126	71|125	49|142|40|73|104|103|121|141|120|15|3|130|63|79|55|113|45|1|114|136	0.253249	0.875	0.978861	0.942226	0.99207	0.987054
758	35|48|70|96	35|70	48|96	113|77|0|139|42|136|82|63|15|58|130|138|129|142|47|32|49|95|79|126	0.262043	0.727273	0.986388	0.962104	0.99529	0.994476
759	15|54|70|103	15|103	54|70	35|143|0|49|110|71|28|128|119|75|117|120|11|108|55|47|73|123|4|63	0.262603	0.571429	0.980262	0.952906	0.991378	0.987924
760	47|54|96|103	47|54	96|103	33|110|139|114|12|113|49|0|108|35|45|77|120|81|105|32|119|40|83|141	0.22466	0.533333	0.895228	0.830589	0.952178	0.942464
761	35|54|70|110	35|110	54|70	113|0|126|129|138|42|109|79|142|77|31|55|15|103|47|21|106|83|40|132	0.271483	0.666667	0.988268	0.967689	0.995037	0.994361
762	15|35|47|71	15|71	35|47	120|11|55|4|1|116|0|128|79|121|21|88|132|28|119|83|77|129|108|114	0.267492	0.75	0.942143	0.851122	0.977106	0.964042
763	31|48|70|103	31|70	48|103	63|71|11|54|136|130|109|105|121|119|108|141|107|88|77|125|129|82|79|21	0.257358	0.727273	0.979968	0.949573	0.991677	0.988498
764	15|48|109|110	15|110	48|109	96|11|63|104|28|21|55|49|77|47|32|31|128|33|108|129|127|40|142|7	0.272298	0.727273	0.99164	0.976504	0.996939	0.996903
765	15|55|109|126	15|109	55|126	12|103|107|83|141|129|48|54|130|0|142|32|138|95|47|5|63|70|49|77	0.253879	0.666667	0.983081	0.952951	0.992684	0.98816
766	31|47|55|126	31|126	47|55	4|12|82|32|35|40|54|127|42|114|3|139|63|73|116|104|117|1|48|22	0.233042	0.8	0.957137	0.895495	0.982148	0.979215
767	31|48|54|126	31|54	48|126	63|129|104|123|83|95|11|22|130|105|21|132|75|7|3|142|15|73|81|53	0.239724	0.666667	0.929968	0.856046	0.970532	0.965501
768	48|55|125|126	48|125	55|126	35|108|82|28|77|121|15|33|141|81|134|63|113|45|123|88|139|3|71|105	0.248936	0.666667	0.96402	0.898825	0.985316	0.975696
769	15|35|54|70	15|70	35|54	132|129|1|88|81|114|105|117|58|12|21|33|4|28|110|55|139|96|121|141	0.269907	0.75	0.971535	0.932525	0.988614	0.988028
770	47|54|55|96	47|54	55|96	104|4|83|110|1|5|128|81|113|109|136|21|7|71|129|130|70|48|132|3	0.252073	0.666667	0.968535	0.921134	0.987832	0.98397
771	54|55|110|125	54|55	110|125	58|22|130|75|42|120|134|73|96|1|70|81|108|141|45|83|139|126|119|12	0.242001	0.615385	0.982641	0.951954	0.992947	0.991999
772	47|109|110|126	47|110	109|126	130|12|45|143|40|77|119|106|88|141|129|103|3|132|28|138|15|104|113|142	0.254699	0.666667	0.928673	0.847316	0.969678	0.9658
773	15|47|70|109	15|70	47|109	108|58|48|141|79|11|128|32|134|130|105|7|123|139|82|143|96|104|126|33	0.2381	0.666667	0.966558	0.922129	0.987824	0.985376
774	31|55|70|125	31|55	70|125	104|129|136|138|117|114|0|42|79|109|63|141|3|15|139|75|11|4|82|143	0.230821	0.666667	0.972024	0.929679	0.988478	0.986741
775	31|48|70|126	31|126	48|70	63|109|42|83|103|134|88|141|95|130|106|123|58|7|108|0|110|121|105|49	0.252643	0.666667	0.969863	0.92567	0.986994	0.985026
776	48|96|110|126	48|96	110|126	139|35|138|117|132|0|21|127|129|79|55|73|22|7|45|116|28|142|143|107	0.266645	0.727273	0.935298	0.849752	0.971491	0.96986
777	31|35|109|110	31|35	109|110	4|22|119|28|121|79|0|113|125|128|96|129|142|103|53|106|123|1|95|120	0.277603	0.75	0.976259	0.933392	0.990602	0.987836
778	35|96|103|126	35|103	96|126	75|104|12|55|110|141|5|54|83|7|47|22|31|123|45|33|128|49|58|125	0.219413	0.666667	0.989318	0.969942	0.995523	0.993309
779	47|55|70|109	47|70	55|109	134|81|79|3|88|114|113|121|4|138|127|1|120|126|104|48|11|132|117|45	0.246546	0.666667	0.940946	0.880547	0.976466	0.968023
780	35|54|71|96	35|54	71|96	53|45|139|75|88|42|11|32|31|127|49|95|3|110|55|58|129|123|104|142	0.247773	0.666667	0.964868	0.922461	0.986648	0.985307
781	15|55|70|103	15|70	55|103	42|3|107|79|139|120|77|138|114|104|126|47|129|88|141|83|134|108|113|110	0.251602	0.533333	0.977722	0.950267	0.990335	0.98989
782	54|71|103|125	54|103	71|125	81|108|105|139|33|120|31|53|12|143|130|15|70|132|47|141|129|104|110|119	0.24265	0.666667	0.98941	0.970175	0.995561	0.993369
783	47|54|70|125	47|54	70|125	105|136|129|7|1|0|106|139|114|32|81|75|15|53|71|77|120|121|110|22	0.236913	0.5	0.916847	0.85278	0.965477	0.954398
784	35|47|54|126	35|47	54|126	130|12|141|1|63|15|121|82|77|136|83|75|31|79|40|117|3|55|71|128	0.244502	0.75	0.945325	0.874902	0.978535	0.978284
785	31|103|125|126	31|126	103|125	71|21|49|12|63|79|142|4|134|82|53|139|130|129|70|108|32|107|42|75	0.223424	0.875	0.977842	0.948133	0.990347	0.985936
786	35|96|110|126	35|96	110|126	40|141|136|42|129|70|3|132|116|79|125|138|81|88|75|48|117|54|123|4	0.257534	0.666667	0.979673	0.942785	0.991174	0.986657
787	15|47|103|126	15|103	47|126	48|33|129|96|21|113|31|70|107|142|75|55|119|58|128|130|104|42|123|45	0.225228	0.8	0.97744	0.939314	0.991259	0.986107
788	15|96|103|109	15|96	103|109	142|130|125|105|47|123|22|139|127|33|31|3|138|79|21|28|143|136|42|53	0.233938	0.571429	0.978247	0.943527	0.991177	0.989393
789	15|47|96|103	15|96	47|103	1|5|127|126|79|54|123|125|109|31|70|134|116|58|32|22|105|138|95|28	0.242751	0.727273	0.976624	0.935079	0.99172	0.990181
790	48|71|109|126	48|109	71|126	110|134|35|79|130|88|32|40|77|49|95|138|104|139|53|125|22|11|116|42	0.274968	0.727273	0.940872	0.860952	0.974128	0.970622
791	15|31|55|126	15|55	31|126	73|1|21|54|123|32|40|104|110|125|58|106|103|113|88|116|0|128|71|129	0.23546	0.6	0.97838	0.949872	0.990896	0.990846
792	15|31|54|125	15|31	54|125	58|28|114|96|116|127|88|79|119|104|40|4|63|49|47|121|129|7|106|103	0.250162	0.875	0.985294	0.958065	0.993582	0.99357
793	47|48|54|55	47|54	48|55	1|121|138|32|96|132|3|0|28|4|134|106|120|83|113|117|108|126|58|75	0.249935	0.666667	0.955524	0.891003	0.981887	0.978983
794	15|35|96|103	15|103	35|96	120|33|7|128|126|83|47|71|127|82|3|114|142|45|134|88|104|53|110|123	0.246027	0.75	0.988744	0.968455	0.996069	0.995796
795	15|48|70|71	15|48	70|71	4|7|121|138|81|11|123|35|40|134|73|83|21|109|82|129|136|119|77|116	0.264124	0.615385	0.97659	0.938862	0.991455	0.989003
796	55|70|103|126	55|126	70|103	4|129|105|7|95|81|42|77|130|107|128|82|117|54|96|33|106|132|75|0	0.237643	0.666667	0.973989	0.935957	0.988429	0.985956
797	31|35|96|126	31|35	96|126	63|136|107|82|42|79|48|125|22|103|121|120|88|15|28|73|105|134|138|127	0.24877	0.75	0.961566	0.90434	0.983713	0.976562
798	15|47|54|70	15|70	47|54	108|107|127|138|42|63|142|1|96|79|48|5|55|22|35|4|7|81|21|113	0.260905	0.8	0.95221	0.901635	0.980828	0.97541
799	35|54|110|125	35|125	54|110	11|143|70|107|139|53|126|83|103|48|32|120|114|121|105|79|33|28|1|0	0.265861	0.75	0.982743	0.950128	0.993322	0.987352
800	15|31|54|70	15|31	54|70	116|63|73|121|55|49|7|106|75|128|53|126|1|113|129|28|40|138|12|120	0.247752	0.6	0.959204	0.908667	0.984026	0.974516
801	35|48|96|103	35|103	48|96	128|55|107|40|121|132|32|22|113|45|49|129|116|73|77|1|75|139|81|83	0.261505	0.75	0.949586	0.880168	0.978867	0.974166
802	48|54|103|125	48|103	54|125	106|79|42|40|0|33|3|83|128|35|138|130|12|113|71|22|1|95|11|77	0.256103	0.727273	0.942375	0.863097	0.974024	0.967301
803	48|54|109|125	48|125	54|109	114|88|107|47|33|138|120|106|105|58|0|103|126|121|55|1|104|139|95|53	0.237786	0.666667	0.987434	0.970726	0.995445	0.992921
804	47|70|96|126	47|126	70|96	95|110|134|106|7|77|73|21|88|32|123|40|11|142|83|48|139|33|0|79	0.231111	0.666667	0.884893	0.816137	0.947614	0.943829
805	15|71|110|125	15|71	110|125	42|11|79|31|136|139|106|22|3|138|5|132|73|63|4|126|49|109|33|82	0.259903	0.875	0.986162	0.961189	0.995218	0.994649
806	31|47|48|55	31|48	47|55	79|113|136|63|35|125|83|108|54|1|81|70|42|116|11|106|129|15|120|45	0.253329	0.8	0.981349	0.948451	0.992924	0.989895
807	15|35|71|96	15|71	35|96	70|143|32|142|130|1|54|105|49|141|83|22|103|139|127|47|12|88|45|117	0.251753	0.666667	0.991448	0.976668	0.996847	0.996439
808	15|48|54|96	15|54	48|96	70|5|130|114|45|58|71|77|95|83|132|125|106|7|117|138|12|120|35|105	0.255709	0.666667	0.971255	0.929795	0.988571	0.986548
809	15|35|48|54	15|35	48|54	33|63|53|11|121|113|75|109|88|32|106|134|114|79|28|5|117|107|77|110	0.293434	0.75	0.974756	0.930623	0.989443	0.985582
810	35|70|96|125	35|96	70|125	95|139|55|128|12|114|120|106|49|138|47|129|21|109|134|105|48|77|136|73	0.2417	0.875	0.988134	0.966867	0.995256	0.994351
811	15|70|109|125	15|70	109|125	47|49|75|139|88|79|120|141|58|126|132|123|45|129|127|81|63|142|136|7	0.258277	0.875	0.986083	0.95885	0.994696	0.993119
812	31|48|55|103	31|48	55|103	132|121|107|104|3|127|106|58|49|129|114|105|79|47|82|77|120|32|11|1	0.248784	0.727273	0.978521	0.941975	0.991195	0.987853
813	35|48|70|109	35|70	48|109	107|130|128|5|71|106|110|15|120|143|114|54|108|127|117|12|96|104|95|58	0.276956	0.75	0.988741	0.966561	0.995352	0.993558
814	47|55|103|110	47|103	55|110	130|4|106|141|40|32|49|3|33|28|114|5|120|132|119|139|48|113|82|77	0.229944	0.533333	0.915777	0.812974	0.962146	0.953093
815	35|54|96|110	35|54	96|110	116|63|88|106|109|142|82|77|119|53|121|32|79|104|40|5|114|123|58|139	0.260945	0.75	0.97138	0.93	0.988671	0.985875
816	47|54|70|126	47|54	70|126	141|116|142|1|132|55|7|45|31|120|113|117|77|119|49|109|88|125|48|32	0.238195	0.666667	0.95483	0.896472	0.981968	0.979414
817	15|71|125|126	15|125	71|126	88|120|55|129|4|0|117|123|21|96|119|81|121|31|79|53|103|12|3|75	0.239577	0.571429	0.980213	0.946233	0.992506	0.988537
818	48|54|103|109	48|54	103|109	104|83|70|121|55|73|53|95|1|107|22|114|120|45|113|108|77|88|71|4	0.263229	0.666667	0.970279	0.930965	0.98816	0.987211
819	70|71|125|126	70|125	71|126	142|4|106|33|114|129|21|130|141|77|0|119|127|109|95|47|22|107|15|110	0.256758	0.666667	0.983295	0.952912	0.992691	0.991764
820	31|35|70|109	31|70	35|109	143|0|40|125|88|114|53|77|142|103|47|82|32|119|107|54|3|12|108|106	0.26293	0.666667	0.991421	0.974742	0.996207	0.994049
821	48|54|71|125	48|71	54|125	141|95|12|123|110|136|55|49|119|81|138|120|107|32|142|4|22|114|15|53	0.247054	0.875	0.96102	0.889082	0.984076	0.973176
822	31|35|103|110	31|35	103|110	134|79|0|33|71|117|96|121|143|3|82|1|129|116|120|58|53|21|47|142	0.271576	0.75	0.983527	0.957299	0.993152	0.991468
823	55|103|109|110	55|110	103|109	108|75|35|107|48|47|125|116|40|28|143|120|138|58|7|4|42|123|82|11	0.253329	0.727273	0.975551	0.939317	0.989546	0.98744
824	55|70|109|126	55|70	109|126	116|0|5|105|1|123|139|128|142|108|106|42|54|114|132|75|88|119|3|28	0.260964	0.666667	0.964525	0.912892	0.98441	0.981785
825	54|71|125|126	54|125	71|126	1|53|121|119|129|141|83|21|35|40|63|105|22|33|107|132|11|5|109|104	0.248061	0.666667	0.963003	0.902689	0.984628	0.981631
826	54|70|71|96	54|96	70|71	11|77|107|134|4|1|45|32|116|103|113|22|79|104|109|138|28|88|81|12	0.246394	0.6	0.967086	0.924855	0.986822	0.98639
827	31|47|48|55	31|55	47|48	21|12|75|70|141|82|114|125|121|40|139|4|106|143|104|138|96|58|134|11	0.229775	0.666667	0.972023	0.92528	0.988909	0.988533
828	35|71|103|125	35|103	71|125	106|136|139|22|107|63|12|15|0|53|49|4|73|120|28|79|88|1|126|7	0.251881	0.875	0.990311	0.970512	0.996853	0.996505
829	15|55|70|126	15|55	70|126	31|71|7|79|136|113|0|77|114|48|81|82|130|21|63|120|3|1|105|12	0.246452	0.615385	0.967066	0.917599	0.986282	0.980275
830	15|31|103|110	15|31	103|110	96|47|21|106|63|42|7|136|73|128|71|3|28|48|55|129|81|113|54|82	0.247526	0.571429	0.989783	0.972289	0.995853	0.995228
831	31|48|54|126	31|54	48|126	0|79|40|128|7|35|82|143|119|88|141|105|4|32|21|123|22|121|33|45	0.256413	0.727273	0.914083	0.831094	0.96185	0.955889
832	35|70|109|110	35|70	109|110	21|117|31|83|120|114|47|28|48|116|77|128|96|3|81|130|55|54|139|73	0.263972	0.75	0.990133	0.972144	0.996145	0.995189
833	47|48|70|126	47|48	70|126	71|119|113|79|141|117|108|4|21|32|138|53|55|75|11|139|105|49|129|132	0.258424	0.727273	0.920213	0.84701	0.9653	0.960676
834	96|103|109|126	96|109	103|126	35|79|31|130|143|5|106|127|55|138|113|107|0|77|139|7|47|83|58|121	0.237776	0.666667	0.979067	0.947338	0.991485	0.990465
835	15|54|71|103	15|54	71|103	47|120|42|58|136|96|82|0|138|7|31|142|129|117|125|88|35|81|3|123	0.250672	0.5	0.991668	0.975959	0.996649	0.995464
836	48|54|109|125	48|54	109|125	53|12|70|132|4|75|21|47|117|116|139|114|71|82|130|88|33|136|134|83	0.252454	0.666667	0.987346	0.972775	0.995735	0.994976
837	70|96|103|109	70|103	96|109	0|83|107|134|12|11|21|3|53|40|129|95|82|15|81|1|127|54|114|45	0.263083	0.666667	0.978217	0.944162	0.991381	0.989682
838	48|70|71|96	48|96	70|71	95|88|15|58|142|77|28|136|132|108|117|121|128|143|0|75|81|42|5|105	0.259718	0.666667	0.947801	0.883973	0.979269	0.979231
839	35|47|70|96	35|47	70|96	71|12|116|128|4|82|141|114|7|88|48|126|32|138|81|107|33|121|54|40	0.230321	0.75	0.971311	0.928365	0.989554	0.989004
840	31|35|103|126	31|103	35|126	53|3|107|104|116|120|71|129|143|42|81|21|63|125|136|130|132|22|88|55	0.246492	0.75	0.944717	0.891083	0.973718	0.969047
841	71|96|103|126	71|96	103|126	128|4|7|106|21|108|15|83|141|136|117|113|114|134|11|1|73|42|143|132	0.246923	0.615385	0.937937	0.869816	0.972631	0.967728
842	31|55|96|125	31|55	96|125	1|116|130|28|47|83|117|48|33|106|108|105|45|32|119|70|7|63|0|143	0.233293	0.666667	0.984529	0.955742	0.993011	0.989644
843	15|47|54|103	15|103	47|54	127|82|119|21|32|130|109|104|142|28|49|33|96|35|121|75|4|125|63|12	0.236866	0.571429	0.965466	0.909523	0.986339	0.98117
844	54|96|103|109	54|96	103|109	7|45|5|11|4|55|125|128|15|48|88|126|108|104|77|1|79|21|138|63	0.237342	0.6	0.954484	0.91557	0.981765	0.97608
845	15|35|55|103	15|103	35|55	125|138|132|141|32|40|4|129|7|127|45|21|116|119|73|79|110|106|95|123	0.249969	0.727273	0.965001	0.912068	0.984057	0.978262
846	31|71|103|125	31|103	71|125	105|21|109|139|55|1|121|136|28|95|134|58|113|141|12|123|130|4|119|47	0.231225	0.666667	0.987663	0.965517	0.994644	0.99135
847	47|70|110|125	47|70	110|125	82|33|31|35|75|7|132|40|109|96|42|77|138|106|104|134|113|48|53|49	0.260083	0.875	0.967523	0.920805	0.986641	0.980999
848	35|71|103|110	35|103	71|110	114|96|11|33|40|22|119|113|47|121|15|127|31|104|132|106|42|95|136|125	0.262196	0.75	0.991168	0.973652	0.996199	0.994069
849	15|70|125|126	15|70	125|126	0|28|3|82|128|106|138|104|21|11|134|109|71|42|132|120|114|54|103|116	0.260268	0.666667	0.977195	0.939068	0.990794	0.989637
850	48|71|109|125	48|71	109|125	136|81|107|139|11|143|96|83|114|104|35|116|127|47|32|110|132|40|42|103	0.232799	0.727273	0.993082	0.98143	0.997401	0.996869
851	47|54|71|103	47|54	71|103	108|1|79|70|119|136|127|12|28|132|15|126|35|55|110|129|81|58|63|45	0.243419	0.5	0.970253	0.925867	0.989091	0.982349
852	54|71|103|125	54|103	71|125	108|130|116|33|0|1|7|82|127|75|3|95|22|53|113|104|55|48|45|40	0.263266	0.727273	0.956257	0.899914	0.982326	0.968845
853	31|35|96|109	31|35	96|109	42|75|21|110|116|120|128|106|32|82|55|1|130|70|125|22|48|73|3|15	0.26761	0.75	0.98347	0.957553	0.993442	0.990982
854	35|55|70|110	35|110	55|70	104|128|88|126|109|48|77|143|132|138|107|136|129|83|15|11|116|123|113|71	0.259234	0.666667	0.974089	0.937828	0.989	0.985069
855	35|55|96|126	35|96	55|126	31|139|49|45|114|21|108|123|116|109|0|70|75|121|73|11|119|53|22|130	0.260942	0.75	0.981826	0.947282	0.992575	0.989119
856	54|55|71|126	54|55	71|126	11|31|49|53|82|75|88|130|107|123|117|127|28|0|47|113|104|128|21|143	0.249795	0.666667	0.976095	0.938428	0.990041	0.989007
857	47|54|103|109	47|54	103|109	49|96|77|7|82|53|139|1|5|88|143|11|45|119|127|31|123|63|83|4	0.237679	0.666667	0.961201	0.910013	0.985182	0.978485
858	31|71|103|125	31|71	103|125	142|28|114|32|117|105|134|49|21|54|126|15|128|130|70|81|63|75|107|12	0.239343	0.875	0.994644	0.983374	0.998262	0.998102
859	31|48|96|110	31|110	48|96	103|128|0|136|106|40|109|116|79|12|3|45|117|22|49|47|104|143|33|75	0.250209	0.727273	0.984972	0.958099	0.994051	0.991915
860	15|54|55|70	15|54	55|70	42|127|143|142|105|109|53|22|47|104|139|132|73|32|136|35|0|11|40|96	0.257554	0.666667	0.981352	0.955906	0.991588	0.989792
861	31|35|103|110	31|35	103|110	120|95|136|116|108|114|4|104|15|22|33|126|121|123|70|125|127|21|0|139	0.272313	0.75	0.98705	0.962144	0.994938	0.9919
862	15|47|48|54	15|54	47|48	88|22|113|63|82|128|126|138|49|136|33|5|117|142|40|130|81|119|141|55	0.254472	0.666667	0.953521	0.893483	0.982311	0.979001
863	15|47|48|125	15|125	47|48	134|55|141|127|128|82|73|5|104|132|139|83|129|113|42|7|114|95|142|116	0.215409	0.8	0.938734	0.853333	0.974457	0.960248
864	15|31|103|109	15|31	103|109	45|32|141|96|47|42|127|49|110|139|75|55|48|128|63|12|54|129|21|83	0.228866	0.461538	0.992685	0.980288	0.99662	0.996216
865	35|55|125|126	35|126	55|125	79|129|108|70|95|11|139|71|12|134|45|63|88|22|128|113|123|32|104|49	0.255024	0.875	0.977844	0.93289	0.990497	0.987888
866	54|71|109|125	54|109	71|125	47|136|114|132|5|110|129|4|48|128|81|143|45|73|15|0|130|83|138|82	0.261831	0.666667	0.987385	0.971338	0.994961	0.991293
867	31|70|125|126	31|125	70|126	48|119|121|138|63|141|49|114|132|75|15|5|11|79|104|40|123|127|143|88	0.253352	0.875	0.943713	0.886065	0.974858	0.963342
868	48|54|70|109	48|70	54|109	136|73|143|79|81|121|4|95|21|47|141|22|35|105|11|45|116|110|55|129	0.265106	0.727273	0.976713	0.949626	0.990642	0.98851
869	15|31|70|103	15|31	70|103	123|119|0|109|125|83|104|45|58|28|126|130|32|40|11|139|79|48|116|1	0.258786	0.727273	0.975333	0.939021	0.990269	0.987663
870	54|70|96|110	54|70	96|110	105|106|3|117|128|11|28|104|12|33|129|108|95|63|55|107|21|48|22|139	0.252741	0.666667	0.911243	0.851391	0.961457	0.950501
871	35|47|71|96	35|47	71|96	125|126|4|141|45|119|48|128|139|75|110|32|88|55|28|79|117|31|120|107	0.244777	0.75	0.965781	0.917819	0.986986	0.984354
872	15|48|54|103	15|48	54|103	53|128|12|119|5|107|71|40|11|109|138|130|0|49|58|141|55|143|121|132	0.253582	0.615385	0.976169	0.937587	0.990114	0.985017
873	31|47|96|110	31|110	47|96	82|58|75|15|79|130|123|73|45|4|134|40|129|11|21|70|42|28|103|81	0.245133	0.8	0.970655	0.925546	0.989202	0.985775
874	47|54|96|103	47|54	96|103	106|55|48|22|108|79|120|119|138|95|107|121|125|116|126|88|134|4|73|53	0.234936	0.727273	0.940452	0.883165	0.974805	0.965781
875	71|96|103|110	71|103	96|110	121|81|134|125|31|79|127|40|75|107|105|58|22|3|1|130|28|117|45|35	0.242692	0.666667	0.966491	0.909329	0.987287	0.982008
876	48|70|109|125	48|70	109|125	141|0|127|63|82|116|7|47|15|55|126|53|105|121|31|110|73|32|123|54	0.251042	0.727273	0.993587	0.98328	0.997707	0.996915
877	31|35|70|71	31|71	35|70	110|125|75|130|4|142|129|119|49|107|105|3|45|1|7|22|5|0|143|126	0.271255	0.666667	0.974239	0.930765	0.989667	0.986159
878	31|55|109|125	31|125	55|109	142|88|106|21|75|116|143|53|121|127|126|47|79|129|95|40|1|63|71|70	0.232959	0.6	0.986662	0.961057	0.994307	0.990573
879	96|110|125|126	96|125	110|126	82|58|142|35|75|108|117|63|47|4|54|107|73|71|48|31|70|136|40|81	0.237328	0.615385	0.989618	0.969235	0.995759	0.993312
880	15|96|109|125	15|96	109|125	3|22|129|123|141|113|77|70|142|63|47|117|82|132|107|12|4|5|28|83	0.262272	0.666667	0.987122	0.963188	0.995466	0.994598
881	31|35|71|103	31|35	71|103	32|126|96|119|15|88|82|95|127|5|128|110|55|79|49|40|142|143|116|130	0.260451	0.727273	0.993335	0.980025	0.997724	0.997304
882	54|70|103|126	54|103	70|126	33|48|32|4|45|71|120|73|125|109|58|106|3|49|105|79|0|82|7|129	0.2322	0.5	0.955634	0.899484	0.981224	0.976081
883	31|70|96|125	31|96	70|125	142|75|83|95|108|54|15|28|11|110|1|42|58|12|143|71|47|79|105|121	0.230286	0.6	0.98831	0.968303	0.995325	0.995013
884	47|55|70|96	47|70	55|96	132|105|31|103|79|21|81|106|110|129|73|123|22|83|33|75|88|35|114|143	0.231169	0.666667	0.942347	0.880082	0.977756	0.971316
885	47|54|55|125	47|54	55|125	106|110|71|105|33|7|32|123|5|138|141|31|21|136|127|35|139|3|117|107	0.2348	0.666667	0.940959	0.866959	0.974966	0.964467
886	15|54|55|109	15|54	55|109	119|134|127|22|58|103|107|129|82|47|4|125|104|114|42|12|139|138|95|63	0.238831	0.666667	0.975377	0.94116	0.989297	0.987204
887	15|48|109|125	15|109	48|125	128|55|42|32|108|104|0|127|73|136|141|5|130|3|63|105|7|58|35|120	0.255037	0.727273	0.964269	0.90003	0.985094	0.974008
888	31|55|71|126	31|71	55|126	106|125|139|73|114|58|107|117|116|5|28|104|134|95|40|113|75|132|33|79	0.237857	0.666667	0.937972	0.864934	0.973195	0.96795
889	35|47|54|103	35|47	54|103	107|1|121|49|142|73|127|3|138|108|5|128|139|75|96|125|136|106|11|83	0.24159	0.75	0.958481	0.897319	0.983439	0.981881
890	48|55|103|125	48|125	55|103	3|132|32|120|128|110|123|138|81|70|1|82|83|53|0|4|117|107|45|5	0.223822	0.666667	0.984192	0.958723	0.993594	0.991984
891	31|47|109|126	31|47	109|126	79|63|125|130|73|40|108|123|55|119|42|35|32|82|12|96|104|106|75|58	0.236962	0.8	0.960157	0.907388	0.983603	0.980838
892	31|47|48|55	31|48	47|55	108|54|32|107|75|143|132|134|129|42|126|45|0|113|141|128|79|33|81|11	0.249122	0.8	0.975045	0.933871	0.991091	0.987109
893	35|55|70|125	35|55	70|125	32|73|0|116|132|95|141|109|88|54|138|134|103|1|110|77|142|105|136|11	0.234262	0.666667	0.97859	0.947145	0.992396	0.991967
894	35|47|71|103	35|47	71|103	70|75|15|42|142|134|119|139|45|129|130|114|31|117|108|104|5|116|120|121	0.275949	0.8	0.97632	0.933077	0.990696	0.98653
895	48|54|55|110	48|54	55|110	58|3|103|104|53|5|83|47|82|128|116|113|138|32|11|1|88|96|117|136	0.252707	0.666667	0.980161	0.948262	0.991953	0.988893
896	31|35|71|109	31|35	71|109	126|58|12|127|5|3|4|121|95|32|117|55|106|21|88|11|79|75|42|22	0.258785	0.75	0.981116	0.945718	0.992957	0.990425
897	31|54|55|110	31|54	55|110	58|81|105|48|107|123|116|136|139|12|7|120|128|47|88|45|82|73|3|33	0.238195	0.615385	0.978626	0.943059	0.991259	0.990347
898	48|54|96|110	48|96	54|110	12|126|121|116|53|7|120|123|0|28|71|77|139|58|105|138|81|47|136|15	0.250199	0.615385	0.980697	0.948753	0.992911	0.990906
899	55|96|109|126	55|126	96|109	35|113|103|106|0|70|42|105|63|73|136|123|28|48|21|47|138|130|134|11	0.253718	0.666667	0.98299	0.951438	0.99293	0.990377
900	15|35|71|109	15|71	35|109	48|123|21|119|81|126|28|106|134|40|22|49|142|75|120|108|1|33|127|31	0.279242	0.75	0.980609	0.94657	0.992954	0.992212
901	71|109|110|125	71|109	110|125	81|32|142|128|45|113|0|141|143|95|114|35|53|79|1|82|47|55|134|49	0.263613	0.875	0.984453	0.95858	0.993848	0.993613
902	15|70|110|125	15|70	110|125	96|104|47|4|128|49|81|139|106|0|107|33|54|53|32|113|95|121|79|126	0.255986	0.875	0.986209	0.963798	0.9945	0.993088
903	35|47|54|103	35|103	47|54	3|117|11|77|53|114|58|71|125|0|28|109|96|141|132|82|32|55|106|142	0.241122	0.533333	0.975696	0.935389	0.990268	0.985466
904	31|55|71|126	31|71	55|126	142|47|130|58|96|53|107|88|73|0|128|110|3|12|134|113|95|42|5|123	0.243389	0.666667	0.978802	0.946031	0.990731	0.987324
905	47|54|70|126	47|126	54|70	11|21|42|15|121|63|114|45|134|79|119|128|53|110|108|88|138|141|103|55	0.252652	0.8	0.934102	0.873809	0.972124	0.971855
906	31|47|71|125	31|71	47|125	4|83|106|22|48|120|33|12|141|110|142|103|5|108|3|134|75|73|82|55	0.222067	0.666667	0.963599	0.904428	0.98585	0.980617
907	54|55|103|110	54|55	103|110	5|126|77|96|119|130|11|1|63|143|136|127|28|139|109|32|45|71|7|121	0.25524	0.666667	0.977962	0.942896	0.990192	0.98717
908	31|35|47|109	31|109	35|47	53|21|123|40|113|114|134|121|63|138|33|1|7|82|117|15|116|73|49|96	0.252333	0.75	0.963632	0.909949	0.985859	0.983774
909	54|71|109|126	54|71	109|126	63|70|47|96|105|75|104|136|28|7|53|127|141|125|143|113|107|134|31|83	0.259537	0.666667	0.985895	0.961453	0.994381	0.993969
910	47|55|70|109	47|70	55|109	142|110|134|103|21|117|132|28|73|48|104|106|129|4|53|32|125|0|82|95	0.245709	0.666667	0.928793	0.860939	0.968877	0.961297
911	31|35|47|70	31|35	47|70	32|7|63|116|107|79|110|134|120|104|139|126|108|73|105|88|121|113|45|53	0.240855	0.75	0.946506	0.888214	0.97857	0.967409
912	15|35|54|96	15|54	35|96	48|33|109|116|0|108|12|45|47|55|5|104|103|4|120|123|127|114|142|132	0.258575	0.75	0.989341	0.970158	0.995626	0.994446
913	54|55|110|126	54|126	55|110	138|117|132|130|106|48|96|28|95|141|1|45|142|33|75|113|5|107|136|82	0.261159	0.666667	0.954223	0.882679	0.980424	0.979489
914	31|54|55|110	31|54	55|110	96|35|142|47|120|32|139|109|48|82|63|125|130|75|119|5|105|28|58|123	0.25247	0.571429	0.977553	0.940618	0.989901	0.985465
915	31|35|55|125	31|35	55|125	82|108|5|109|1|77|128|120|116|79|71|119|28|48|117|0|4|33|129|105	0.259481	0.75	0.978904	0.936527	0.990415	0.988163
916	15|48|71|103	15|71	48|103	132|125|143|88|53|105|121|107|128|63|22|120|40|75|0|119|33|106|117|5	0.261775	0.666667	0.961353	0.899481	0.983578	0.983364
917	35|70|125|126	35|126	70|125	31|109|55|28|139|142|132|96|77|107|15|0|45|5|123|63|75|113|82|53	0.239284	0.666667	0.978276	0.94121	0.991883	0.990699
918	55|96|103|126	55|126	96|103	45|139|129|141|134|71|42|54|48|35|104|114|28|31|63|70|47|33|5|121	0.231945	0.666667	0.984212	0.954545	0.992966	0.989745
919	31|54|96|125	31|96	54|125	141|75|73|104|63|136|107|21|129|105|142|82|47|70|143|81|126|28|116|117	0.226578	0.666667	0.987962	0.967507	0.995778	0.995616
920	31|47|48|54	31|48	47|54	12|40|120|83|21|58|141|82|75|88|134|73|143|106|119|136|96|70|105|107	0.239971	0.615385	0.970801	0.922006	0.989235	0.985123
921	54|70|109|110	54|70	109|110	32|3|83|119|5|123|103|79|113|47|73|75|42|77|134|121|1|105|126|11	0.263367	0.666667	0.980071	0.95136	0.991722	0.990436
922	48|71|110|125	48|71	110|125	45|96|105|134|79|47|107|132|70|75|129|141|49|113|142|12|4|143|126|42	0.251812	0.875	0.990441	0.972069	0.996435	0.995527
923	47|70|109|125	47|70	109|125	12|48|105|113|83|139|136|63|120|73|132|49|71|3|141|126|106|21|28|119	0.250582	0.875	0.945068	0.885752	0.977007	0.966281
924	31|47|103|125	31|47	103|125	35|130|128|105|123|120|121|15|63|129|139|54|4|136|53|138|71|126|11|40	0.219191	0.6	0.975327	0.934018	0.991149	0.986365
925	35|54|70|126	35|126	54|70	130|71|113|53|106|73|110|121|42|127|116|31|63|95|143|55|139|3|105|0	0.27019	0.75	0.952844	0.8987	0.979544	0.971507
926	15|70|103|125	15|70	103|125	79|21|54|83|22|114|31|141|142|104|126|4|75|109|123|95|1|77|105|55	0.238939	0.571429	0.988663	0.967943	0.995987	0.994671
927	48|55|71|110	48|55	71|110	12|3|40|42|58|104|113|96|134|142|63|33|143|127|15|35|119|7|136|114	0.262108	0.727273	0.974929	0.93523	0.990041	0.988738
928	47|48|96|103	47|48	96|103	88|5|33|105|125|55|7|1|49|45|116|129|0|113|32|54|120|28|123|117	0.250598	0.727273	0.969952	0.920652	0.98864	0.986031
929	54|110|125|126	54|125	110|126	55|15|127|48|136|106|22|12|81|73|47|143|31|129|142|103|108|42|88|77	0.233452	0.615385	0.982363	0.951206	0.992909	0.99138
930	48|54|96|110	48|54	96|110	107|105|47|132|79|77|136|21|81|108|75|53|139|106|123|40|128|109|42|95	0.254645	0.727273	0.983317	0.954234	0.993272	0.992095
931	15|55|70|109	15|55	70|109	5|54|138|42|96|49|47|12|77|1|0|143|142|33|58|107|123|95|141|4	0.23648	0.615385	0.981254	0.954279	0.99195	0.989581
932	54|70|71|103	54|71	70|103	3|120|55|117|0|58|5|132|104|7|95|53|73|42|123|141|48|81|82|119	0.26458	0.666667	0.936364	0.883124	0.972341	0.967848
933	54|96|109|125	54|96	109|125	0|1|15|130|21|73|88|143|119|116|123|12|129|70|103|28|142|82|127|4	0.25577	0.666667	0.9784	0.952857	0.99219	0.990351
934	31|103|110|125	31|103	110|125	33|21|70|81|3|22|11|130|128|126|113|138|15|142|75|95|55|121|82|139	0.238233	0.666667	0.988686	0.968206	0.995795	0.99432
935	47|54|55|71	47|71	54|55	119|141|7|132|75|21|70|105|123|31|53|121|35|107|73|63|1|136|125|15	0.250598	0.5	0.963169	0.908262	0.986141	0.984017
936	31|48|54|110	31|48	54|110	139|136|83|79|35|42|142|119|108|107|132|32|22|125|95|75|82|5|128|138	0.261211	0.727273	0.943369	0.868008	0.975926	0.969606
937	47|109|110|126	47|110	109|126	128|142|1|70|4|113|73|104|54|88|103|48|31|136|107|42|58|123|5|77	0.244082	0.8	0.973357	0.929651	0.989882	0.9866
938	47|54|109|125	47|109	54|125	35|95|3|110|33|32|82|108|136|128|55|105|139|106|22|12|83|120|121|5	0.243358	0.666667	0.908554	0.842345	0.960751	0.949042
939	31|47|54|55	31|54	47|55	82|125|4|103|110|32|132|116|3|33|12|48|0|127|42|105|143|134|5|21	0.239396	0.8	0.932465	0.858136	0.970673	0.965266
940	15|31|55|110	15|55	31|110	4|3|58|143|82|12|54|95|53|21|130|120|107|103|48|104|139|63|129|108	0.256151	0.615385	0.97322	0.933037	0.988532	0.985229
941	48|55|96|110	48|55	96|110	40|1|134|49|117|116|109|42|127|132|125|139|77|106|120|33|4|136|81|107	0.258175	0.727273	0.968727	0.915789	0.98699	0.981853
942	35|96|103|109	35|103	96|109	45|53|12|138|81|33|141|95|143|123|116|79|108|121|70|130|7|82|11|4	0.253836	0.75	0.976665	0.941281	0.990792	0.988232
943	47|70|110|126	47|70	110|126	54|143|129|109|88|132|79|128|12|107|104|121|63|108|95|0|114|119|15|96	0.254951	0.666667	0.962289	0.909114	0.98511	0.983568
944	15|31|47|55	15|47	31|55	119|4|106|22|1|63|141|125|70|130|142|96|134|88|113|53|54|71|123|49	0.231167	0.5	0.97013	0.924563	0.987878	0.986089
945	71|96|109|110	71|109	96|110	40|141|123|105|31|15|3|55|28|113|114|58|136|5|116|119|53|33|81|11	0.261629	0.666667	0.963187	0.910914	0.98568	0.983416
946	31|48|70|109	31|48	70|109	117|4|125|32|141|58|7|1|134|130|129|136|28|127|132|123|11|128|71|107	0.265519	0.727273	0.924361	0.857103	0.965847	0.954306
947	15|47|55|126	15|126	47|55	141|63|11|107|32|114|71|49|106|82|79|58|77|54|12|53|121|5|4|119	0.228703	0.666667	0.956333	0.897303	0.981399	0.976968
948	96|109|125|126	96|126	109|125	73|130|142|103|136|32|71|28|77|141|132|3|7|1|40|110|54|81|105|114	0.226355	0.6	0.980997	0.946878	0.99221	0.989168
949	54|55|96|103	54|55	96|103	106|143|48|119|3|132|142|42|71|1|116|79|22|21|77|53|128|58|28|31	0.224642	0.727273	0.943106	0.87362	0.974561	0.968272
950	54|55|96|103	54|55	96|103	5|4|21|120|70|79|143|138|129|83|104|40|121|109|75|45|63|107|125|82	0.238038	0.666667	0.972719	0.927428	0.98856	0.985096
951	31|48|70|96	31|48	70|96	63|129|83|35|73|117|15|33|77|136|134|142|105|71|121|130|40|114|79|75	0.256233	0.727273	0.933663	0.867574	0.971696	0.960599
952	15|48|54|110	15|48	54|110	47|12|129|77|32|128|75|7|143|83|132|31|71|79|120|117|96|81|1|70	0.264367	0.727273	0.986502	0.961949	0.994338	0.991594
953	54|70|71|110	54|110	70|71	130|128|126|108|142|141|117|113|134|40|123|106|33|136|125|143|45|21|109|5	0.27795	0.666667	0.962692	0.91046	0.984655	0.983666
954	15|47|96|103	15|103	47|96	88|77|22|54|104|119|63|33|3|48|42|0|106|129|127|126|125|82|141|1	0.238195	0.8	0.969958	0.922522	0.988697	0.985523
955	70|71|96|109	70|71	96|109	32|75|110|108|31|119|129|136|15|120|123|0|125|21|83|105|11|79|63|22	0.269557	0.666667	0.959222	0.915001	0.984006	0.982252
956	103|109|125|126	103|109	125|126	104|32|123|22|130|71|121|1|113|127|15|53|55|7|77|58|83|142|73|129	0.232826	0.666667	0.935358	0.860168	0.972599	0.968766
957	31|47|54|103	31|54	47|103	55|95|143|81|104|120|109|71|32|136|121|127|96|128|126|42|142|28|12|107	0.234719	0.8	0.973013	0.925651	0.989843	0.987616
958	15|55|96|109	15|96	55|109	53|103|70|71|119|126|134|117|113|141|11|130|104|123|4|107|138|142|63|129	0.26175	0.666667	0.978568	0.943385	0.991668	0.989592
959	47|103|125|126	47|103	125|126	139|42|83|82|123|134|121|75|109|4|55|63|117|22|45|108|106|0|79|141	0.238574	0.8	0.961179	0.906425	0.984374	0.980393
960	35|48|96|126	35|96	48|126	143|113|0|138|142|54|21|73|104|125|120|128|45|63|15|109|77|11|114|12	0.245285	0.75	0.982055	0.948865	0.992826	0.990122
961	15|55|70|110	15|70	55|110	5|108|40|3|96|45|123|53|126|31|139|48|63|1|143|125|32|58|141|82	0.257068	0.571429	0.966219	0.928989	0.985804	0.983621
962	35|54|71|125	35|71	54|125	126|5|132|105|109|110|136|58|138|139|48|123|42|1|63|73|108|88|49|53	0.252045	0.875	0.986169	0.958687	0.994375	0.991847
963	35|47|96|110	35|96	47|110	113|136|114|4|95|141|125|75|42|31|139|45|116|128|88|105|143|103|117|121	0.23462	0.8	0.941743	0.869079	0.977431	0.969344
964	15|35|47|109	15|109	35|47	108|55|81|136|82|70|129|73|22|125|139|126|107|127|53|119|40|33|49|7	0.255869	0.666667	0.975156	0.932687	0.991265	0.988051
965	48|55|110|126	48|126	55|110	106|108|45|21|49|120|109|1|81|3|127|54|79|105|15|42|136|142|107|31	0.259702	0.727273	0.981118	0.94881	0.992583	0.992001
966	35|48|54|110	35|54	48|110	114|125|138|75|42|21|71|88|70|22|126|136|81|113|0|116|95|32|40|77	0.265559	0.666667	0.98096	0.94512	0.992209	0.991856
967	35|96|110|125	35|125	96|110	48|28|107|128|3|12|120|45|105|54|15|142|7|55|130|5|127|129|32|117	0.2624	0.75	0.986523	0.958973	0.994706	0.989869
968	15|54|55|71	15|55	54|71	45|77|11|79|32|35|96|142|40|21|128|12|0|114|73|81|88|143|75|106	0.254348	0.666667	0.97541	0.936454	0.990526	0.987463
969	35|47|48|125	35|125	47|48	117|110|79|88|71|75|96|127|28|113|121|119|126|15|108|70|141|81|83|73	0.262388	0.75	0.982106	0.955028	0.993698	0.989793
970	15|35|47|109	15|47	35|109	54|128|73|95|116|42|129|45|77|83|96|53|70|108|28|31|141|121|5|103	0.25562	0.8	0.978892	0.941842	0.992158	0.987314
971	31|35|55|110	31|35	55|110	77|126|134|114|7|109|138|139|116|125|1|95|28|88|132|117|104|127|105|11	0.223916	0.666667	0.975762	0.936139	0.9899	0.983469
972	31|70|109|110	31|110	70|109	117|3|71|114|73|32|28|106|138|142|141|136|21|63|125|123|107|95|15|47	0.261838	0.571429	0.977457	0.942195	0.990871	0.989654
973	47|55|110|126	47|55	110|126	96|35|42|54|132|70|88|4|53|32|109|134|45|0|75|107|136|7|28|142	0.251103	0.8	0.965296	0.912877	0.985513	0.983837
974	15|54|55|103	15|103	54|55	63|53|127|49|114|126|4|12|35|7|107|123|22|96|48|106|109|136|0|95	0.247038	0.615385	0.976193	0.938793	0.989763	0.983898
975	35|96|109|126	35|96	109|126	120|4|48|104|142|21|31|22|28|105|15|58|7|134|117|53|110|106|116|32	0.258158	0.75	0.965223	0.919396	0.986027	0.983609
976	54|55|70|109	54|55	70|109	45|33|106|7|110|81|138|49|130|123|139|126|71|120|121|32|4|28|105|15	0.256898	0.5	0.951972	0.909239	0.979691	0.977578
977	15|31|55|125	15|55	31|125	75|106|28|54|33|73|108|113|127|79|49|12|47|83|53|3|77|58|138|96	0.248454	0.875	0.984685	0.959575	0.994012	0.991882
978	96|103|109|110	96|110	103|109	95|22|121|136|15|141|107|142|132|47|83|63|28|126|127|40|81|77|114|138	0.252995	0.571429	0.982691	0.955702	0.993605	0.992534
979	31|48|54|71	31|48	54|71	119|143|58|134|109|138|130|126|142|128|127|42|11|73|12|96|3|79|32|77	0.260172	0.727273	0.984633	0.957525	0.993834	0.992573
980	47|70|96|125	47|125	70|96	83|58|127|116|7|110|129|42|134|103|139|0|22|55|33|4|53|35|104|106	0.230686	0.8	0.940995	0.884142	0.975324	0.973073
981	47|48|70|103	47|70	48|103	134|106|123|104|63|58|88|110|129|128|45|109|12|11|49|143|105|120|132|4	0.235408	0.666667	0.954364	0.894529	0.981361	0.972328
982	35|47|96|103	35|103	47|96	134|3|83|141|1|32|143|42|110|75|31|58|11|70|7|55|53|120|119|15	0.240166	0.8	0.975606	0.93613	0.990514	0.985576
983	35|55|103|126	35|103	55|126	143|3|117|47|79|40|42|12|113|54|81|28|128|88|70|22|83|48|11|108	0.246504	0.666667	0.987713	0.965646	0.994316	0.991132
984	35|96|103|109	35|103	96|109	88|116|105|83|123|106|54|77|71|32|126|119|48|142|110|11|113|114|82|28	0.264834	0.727273	0.992281	0.978648	0.996839	0.995495
985	54|70|125|126	54|126	70|125	104|0|63|95|110|142|40|7|123|81|45|132|139|127|143|22|119|136|49|42	0.251226	0.875	0.919398	0.847189	0.96385	0.955612
986	47|96|109|125	47|109	96|125	119|35|4|143|48|0|123|83|42|106|77|132|139|117|79|121|7|31|53|1	0.246447	0.8	0.945784	0.882953	0.978209	0.970266
987	35|54|55|126	35|55	54|126	53|120|58|28|96|106|70|107|40|4|42|95|11|123|141|73|108|83|45|1	0.258039	0.75	0.976361	0.933942	0.989844	0.986465
988	35|55|70|126	35|55	70|126	142|128|5|54|28|113|31|40|105|114|79|129|42|7|48|12|127|22|121|138	0.24713	0.75	0.973195	0.927391	0.988452	0.986505
989	31|103|110|125	31|110	103|125	63|81|139|107|79|32|3|88|128|121|109|82|108|15|142|7|127|83|21|12	0.234065	0.571429	0.975297	0.937313	0.990432	0.987304
990	31|47|48|103	31|48	47|103	70|32|4|88|126|49|114|77|130|110|55|75|120|132|129|136|83|117|42|141	0.241196	0.8	0.980936	0.944683	0.993397	0.989451
991	47|54|70|110	47|110	54|70	127|107|121|77|129|42|143|71|142|15|88|139|123|48|104|82|103|53|136|125	0.256792	0.8	0.93477	0.87442	0.971665	0.970765
992	48|55|70|110	48|70	55|110	130|129|82|95|7|28|134|126|141|139|54|40|45|11|123|77|35|31|47|42	0.251595	0.666667	0.983609	0.960065	0.993179	0.990081
993	54|70|96|109	54|96	70|109	49|119|4|88|120|132|95|129|121|110|42|127|5|21|142|7|139|103|0|123	0.267217	0.666667	0.932274	0.887472	0.971544	0.971382
994	47|48|70|126	47|48	70|126	1|116|104|58|134|0|138|127|108|132|121|81|40|31|53|117|3|75|28|95	0.263503	0.727273	0.938787	0.865648	0.976792	0.975752
995	31|103|109|126	31|103	109|126	63|128|21|3|143|1|0|105|108|142|113|48|71|35|73|123|127|82|22|117	0.235676	0.666667	0.921085	0.856936	0.96363	0.959729
996	47|71|109|126	47|71	109|126	121|77|3|1|139|45|129|107|63|110|40|4|108|73|12|81|132|136|119|15	0.247043	0.615385	0.915081	0.831612	0.962614	0.960356
997	35|47|55|103	35|55	47|103	123|31|119|96|3|48|63|54|75|32|28|1|70|5|139|143|71|116|142|42	0.237736	0.8	0.979154	0.940849	0.991754	0.990329
998	15|48|54|110	15|48	54|110	108|5|116|126|120|81|103|141|82|119|125|4|31|58|42|109|79|7|88|104	0.270992	0.727273	0.984962	0.958117	0.99439	0.992386
999	15|35|54|96	15|54	35|96	126|73|33|128|47|0|31|4|138|116|28|45|21|79|125|75|110|104|121|108	0.25723	0.75	0.983968	0.956644	0.993796	0.991415
