source_name,mapping_strategy,evidence_filter,term_scope,comparison_scope,candidate_GO_terms,comparison_genes,label_columns,exact_matches,agreement_at_least_99_percent,agreement_at_least_95_percent,median_best_agreement,mean_best_agreement,minimum_mismatch_genes,mean_mismatch_genes
GOA human GAF v159 direct BP annotations,gp2protein_all_graphsage_links,all_except_IEA_ND_NAS,all_bp,all_resolved_genes,7095,4268,121,0,0,0,0.816776007497657,0.7588724856127088,280,1029.1322314049587
GOA human GAF v159 direct BP annotations,gp2protein_then_primary_symbol_fallback,all_except_IEA_ND_NAS,all_bp,all_resolved_genes,7099,4268,121,0,0,0,0.816776007497657,0.758870549234356,280,1029.1404958677685
GOA human GAF v159 direct BP annotations,gp2protein_then_all_names_fallback,all_except_IEA_ND_NAS,all_bp,all_resolved_genes,7126,4268,121,0,0,0,0.816776007497657,0.7588434399374162,280,1029.2561983471073
GOA human GAF v159 direct BP annotations,gp2protein_unique_graphsage_link_only,all_except_IEA_ND_NAS,all_bp,all_resolved_genes,7091,4268,121,0,0,0,0.816776007497657,0.7588318216672992,280,1029.3057851239669
GOA human GAF v159 direct BP annotations,gp2protein_all_graphsage_links,exclude_IEA,all_bp,all_resolved_genes,7181,4268,121,0,0,0,0.816776007497657,0.7587717939383612,282,1029.5619834710744
GOA human GAF v159 direct BP annotations,gp2protein_all_graphsage_links,exclude_IEA_ND,all_bp,all_resolved_genes,7180,4268,121,0,0,0,0.816776007497657,0.7587717939383612,282,1029.5619834710744
GOA human GAF v159 direct BP annotations,gp2protein_then_primary_symbol_fallback,exclude_IEA,all_bp,all_resolved_genes,7185,4268,121,0,0,0,0.816776007497657,0.7587698575600084,282,1029.5702479338843
GOA human GAF v159 direct BP annotations,gp2protein_then_primary_symbol_fallback,exclude_IEA_ND,all_bp,all_resolved_genes,7184,4268,121,0,0,0,0.816776007497657,0.7587698575600084,282,1029.5702479338843
GOA human GAF v159 direct BP annotations,gp2protein_then_all_names_fallback,exclude_IEA,all_bp,all_resolved_genes,7213,4268,121,0,0,0,0.816776007497657,0.7587446846414214,282,1029.6776859504132
GOA human GAF v159 direct BP annotations,gp2protein_then_all_names_fallback,exclude_IEA_ND,all_bp,all_resolved_genes,7212,4268,121,0,0,0,0.816776007497657,0.7587446846414214,282,1029.6776859504132
GOA human GAF v159 direct BP annotations,gp2protein_unique_graphsage_link_only,exclude_IEA,all_bp,all_resolved_genes,7177,4268,121,0,0,0,0.816776007497657,0.7587311299929516,282,1029.7355371900826
GOA human GAF v159 direct BP annotations,gp2protein_unique_graphsage_link_only,exclude_IEA_ND,all_bp,all_resolved_genes,7176,4268,121,0,0,0,0.816776007497657,0.7587311299929516,282,1029.7355371900826
GOA human GAF v159 direct BP annotations,gp2protein_all_graphsage_links,all_except_IEA_ND_NAS,msigdb_v52_c5bp_terms,all_resolved_genes,2973,4268,121,0,0,0,0.816776007497657,0.7582799538367401,280,1031.6611570247933
GOA human GAF v159 direct BP annotations,gp2protein_then_primary_symbol_fallback,all_except_IEA_ND_NAS,msigdb_v52_c5bp_terms,all_resolved_genes,2974,4268,121,0,0,0,0.816776007497657,0.7582799538367401,280,1031.6611570247933
GOA human GAF v159 direct BP annotations,gp2protein_then_all_names_fallback,all_except_IEA_ND_NAS,msigdb_v52_c5bp_terms,all_resolved_genes,2980,4268,121,0,0,0,0.816776007497657,0.7582528445398004,280,1031.7768595041323
GOA human GAF v159 direct BP annotations,gp2protein_unique_graphsage_link_only,all_except_IEA_ND_NAS,msigdb_v52_c5bp_terms,all_resolved_genes,2972,4268,121,0,0,0,0.816776007497657,0.7582257352428605,280,1031.892561983471
GOA human GAF v159 direct BP annotations,gp2protein_all_graphsage_links,exclude_IEA,msigdb_v52_c5bp_terms,all_resolved_genes,2995,4268,121,0,0,0,0.816776007497657,0.7582121805943907,282,1031.9504132231405
GOA human GAF v159 direct BP annotations,gp2protein_all_graphsage_links,exclude_IEA_ND,msigdb_v52_c5bp_terms,all_resolved_genes,2995,4268,121,0,0,0,0.816776007497657,0.7582121805943907,282,1031.9504132231405
GOA human GAF v159 direct BP annotations,gp2protein_then_primary_symbol_fallback,exclude_IEA,msigdb_v52_c5bp_terms,all_resolved_genes,2996,4268,121,0,0,0,0.816776007497657,0.7582121805943907,282,1031.9504132231405
GOA human GAF v159 direct BP annotations,gp2protein_then_primary_symbol_fallback,exclude_IEA_ND,msigdb_v52_c5bp_terms,all_resolved_genes,2996,4268,121,0,0,0,0.816776007497657,0.7582121805943907,282,1031.9504132231405
GOA human GAF v159 direct BP annotations,gp2protein_then_all_names_fallback,exclude_IEA,msigdb_v52_c5bp_terms,all_resolved_genes,3003,4268,121,0,0,0,0.816776007497657,0.7581908804325095,282,1032.0413223140497
GOA human GAF v159 direct BP annotations,gp2protein_then_all_names_fallback,exclude_IEA_ND,msigdb_v52_c5bp_terms,all_resolved_genes,3003,4268,121,0,0,0,0.816776007497657,0.7581908804325095,282,1032.0413223140497
GOA human GAF v159 direct BP annotations,gp2protein_unique_graphsage_link_only,exclude_IEA,msigdb_v52_c5bp_terms,all_resolved_genes,2994,4268,121,0,0,0,0.816776007497657,0.7581540892438056,282,1032.198347107438
GOA human GAF v159 direct BP annotations,gp2protein_unique_graphsage_link_only,exclude_IEA_ND,msigdb_v52_c5bp_terms,all_resolved_genes,2994,4268,121,0,0,0,0.816776007497657,0.7581540892438056,282,1032.198347107438
GOA human GAF v159 direct BP annotations,gp2protein_then_primary_symbol_fallback,all_except_IEA_ND_NAS,all_bp,mapping_covered_genes_only,7099,4267,121,0,0,0,0.8167330677290836,0.7588140389342,280,1029.1404958677685
GOA human GAF v159 direct BP annotations,gp2protein_then_all_names_fallback,all_except_IEA_ND_NAS,all_bp,mapping_covered_genes_only,7126,4267,121,0,0,0,0.8167330677290836,0.7587869232840151,280,1029.2561983471073
GOA human GAF v159 direct BP annotations,gp2protein_then_primary_symbol_fallback,exclude_IEA,all_bp,mapping_covered_genes_only,7185,4267,121,0,0,0,0.8167330677290836,0.7587133236620848,282,1029.5702479338843
GOA human GAF v159 direct BP annotations,gp2protein_then_primary_symbol_fallback,exclude_IEA_ND,all_bp,mapping_covered_genes_only,7184,4267,121,0,0,0,0.8167330677290836,0.7587133236620848,282,1029.5702479338843
GOA human GAF v159 direct BP annotations,gp2protein_then_all_names_fallback,exclude_IEA,all_bp,mapping_covered_genes_only,7213,4267,121,0,0,0,0.8167330677290836,0.758688144844056,282,1029.6776859504132
GOA human GAF v159 direct BP annotations,gp2protein_then_all_names_fallback,exclude_IEA_ND,all_bp,mapping_covered_genes_only,7212,4267,121,0,0,0,0.8167330677290836,0.758688144844056,282,1029.6776859504132
GOA human GAF v159 direct BP annotations,gp2protein_then_primary_symbol_fallback,all_except_IEA_ND_NAS,msigdb_v52_c5bp_terms,mapping_covered_genes_only,2974,4267,121,0,0,0,0.8167330677290836,0.7582233051266011,280,1031.6611570247933
GOA human GAF v159 direct BP annotations,gp2protein_then_all_names_fallback,all_except_IEA_ND_NAS,msigdb_v52_c5bp_terms,mapping_covered_genes_only,2980,4267,121,0,0,0,0.8167330677290836,0.7581961894764162,280,1031.7768595041323
GOA human GAF v159 direct BP annotations,gp2protein_then_primary_symbol_fallback,exclude_IEA,msigdb_v52_c5bp_terms,mapping_covered_genes_only,2996,4267,121,0,0,0,0.8167330677290836,0.7581555160011388,282,1031.9504132231405
GOA human GAF v159 direct BP annotations,gp2protein_then_primary_symbol_fallback,exclude_IEA_ND,msigdb_v52_c5bp_terms,mapping_covered_genes_only,2996,4267,121,0,0,0,0.8167330677290836,0.7581555160011388,282,1031.9504132231405
GOA human GAF v159 direct BP annotations,gp2protein_then_all_names_fallback,exclude_IEA,msigdb_v52_c5bp_terms,mapping_covered_genes_only,3003,4267,121,0,0,0,0.8167330677290836,0.7581342108474222,282,1032.0413223140497
GOA human GAF v159 direct BP annotations,gp2protein_then_all_names_fallback,exclude_IEA_ND,msigdb_v52_c5bp_terms,mapping_covered_genes_only,3003,4267,121,0,0,0,0.8167330677290836,0.7581342108474222,282,1032.0413223140497
GOA human GAF v159 direct BP annotations,gp2protein_all_graphsage_links,all_except_IEA_ND_NAS,all_bp,mapping_covered_genes_only,7095,4259,121,0,0,0,0.8166236205682085,0.7587141667911802,280,1027.6363636363637
GOA human GAF v159 direct BP annotations,gp2protein_all_graphsage_links,exclude_IEA,all_bp,mapping_covered_genes_only,7181,4259,121,0,0,0,0.8166236205682085,0.758613262337995,282,1028.0661157024792
GOA human GAF v159 direct BP annotations,gp2protein_all_graphsage_links,exclude_IEA_ND,all_bp,mapping_covered_genes_only,7180,4259,121,0,0,0,0.8166236205682085,0.758613262337995,282,1028.0661157024792
GOA human GAF v159 direct BP annotations,gp2protein_all_graphsage_links,all_except_IEA_ND_NAS,msigdb_v52_c5bp_terms,mapping_covered_genes_only,2973,4259,121,0,0,0,0.8166236205682085,0.7581203828935904,280,1030.1652892561983
GOA human GAF v159 direct BP annotations,gp2protein_all_graphsage_links,exclude_IEA,msigdb_v52_c5bp_terms,mapping_covered_genes_only,2995,4259,121,0,0,0,0.8166236205682085,0.7580524664347158,282,1030.4545454545455
GOA human GAF v159 direct BP annotations,gp2protein_all_graphsage_links,exclude_IEA_ND,msigdb_v52_c5bp_terms,mapping_covered_genes_only,2995,4259,121,0,0,0,0.8166236205682085,0.7580524664347158,282,1030.4545454545455
GOA human GAF v159 direct BP annotations,gp2protein_all_graphsage_links,experimental_plus_IBA_ISS_IC,all_bp,all_resolved_genes,6718,4268,121,0,0,0,0.8165417057169635,0.7584155003214388,273,1031.0826446280992
GOA human GAF v159 direct BP annotations,gp2protein_then_primary_symbol_fallback,experimental_plus_IBA_ISS_IC,all_bp,all_resolved_genes,6722,4268,121,0,0,0,0.8165417057169635,0.7584155003214388,273,1031.0826446280992
GOA human GAF v159 direct BP annotations,gp2protein_unique_graphsage_link_only,experimental_plus_IBA_ISS_IC,all_bp,all_resolved_genes,6714,4268,121,0,0,0,0.8165417057169635,0.7584000092946162,273,1031.1487603305786
GOA human GAF v159 direct BP annotations,gp2protein_then_all_names_fallback,experimental_plus_IBA_ISS_IC,all_bp,all_resolved_genes,6748,4268,121,0,0,0,0.8165417057169635,0.7583961365379104,273,1031.1652892561983
GOA human GAF v159 direct BP annotations,gp2protein_unique_full_GeneID_link_only,experimental_plus_IBA_ISS_IC,all_bp,all_resolved_genes,6709,4268,121,0,0,0,0.8165417057169635,0.7581327890819243,275,1032.2892561983472
GOA human GAF v159 direct BP annotations,gp2protein_all_graphsage_links,experimental_plus_IBA_ISS_IC,msigdb_v52_c5bp_terms,all_resolved_genes,2819,4268,121,0,0,0,0.8165417057169635,0.7579662605435802,273,1033
GOA human GAF v159 direct BP annotations,gp2protein_then_primary_symbol_fallback,experimental_plus_IBA_ISS_IC,msigdb_v52_c5bp_terms,all_resolved_genes,2820,4268,121,0,0,0,0.8165417057169635,0.7579662605435802,273,1033
GOA human GAF v159 direct BP annotations,gp2protein_then_all_names_fallback,experimental_plus_IBA_ISS_IC,msigdb_v52_c5bp_terms,all_resolved_genes,2826,4268,121,0,0,0,0.8165417057169635,0.7579468967600518,273,1033.0826446280992
GOA human GAF v159 direct BP annotations,gp2protein_unique_graphsage_link_only,experimental_plus_IBA_ISS_IC,msigdb_v52_c5bp_terms,all_resolved_genes,2818,4268,121,0,0,0,0.8165417057169635,0.7579333421115819,273,1033.1404958677685
GOA human GAF v159 direct BP annotations,gp2protein_unique_full_GeneID_link_only,experimental_plus_IBA_ISS_IC,msigdb_v52_c5bp_terms,all_resolved_genes,2817,4268,121,0,0,0,0.8165417057169635,0.75766612189889,275,1034.280991735537
GOA human GAF v159 direct BP annotations,gp2protein_unique_graphsage_link_only,all_except_IEA_ND_NAS,all_bp,mapping_covered_genes_only,7091,4240,121,0,0,0,0.8165094339622642,0.7593092156556993,278,1020.5289256198347
GOA human GAF v159 direct BP annotations,gp2protein_unique_graphsage_link_only,exclude_IEA,all_bp,mapping_covered_genes_only,7177,4240,121,0,0,0,0.8165094339622642,0.7592078590363325,280,1020.9586776859504
GOA human GAF v159 direct BP annotations,gp2protein_unique_graphsage_link_only,exclude_IEA_ND,all_bp,mapping_covered_genes_only,7176,4240,121,0,0,0,0.8165094339622642,0.7592078590363325,280,1020.9586776859504
GOA human GAF v159 direct BP annotations,gp2protein_then_primary_symbol_fallback,experimental_plus_IBA_ISS_IC,all_bp,mapping_covered_genes_only,6722,4267,121,0,0,0,0.8164987110382002,0.7583588833775254,273,1031.0826446280992
GOA human GAF v159 direct BP annotations,gp2protein_then_all_names_fallback,experimental_plus_IBA_ISS_IC,all_bp,mapping_covered_genes_only,6748,4267,121,0,0,0,0.8164987110382002,0.7583395150559648,273,1031.1652892561983
GOA human GAF v159 direct BP annotations,gp2protein_then_primary_symbol_fallback,experimental_plus_IBA_ISS_IC,msigdb_v52_c5bp_terms,mapping_covered_genes_only,2820,4267,121,0,0,0,0.8164987110382002,0.757909538317319,273,1033
GOA human GAF v159 direct BP annotations,gp2protein_then_all_names_fallback,experimental_plus_IBA_ISS_IC,msigdb_v52_c5bp_terms,mapping_covered_genes_only,2826,4267,121,0,0,0,0.8164987110382002,0.7578901699957583,273,1033.0826446280992
GOA human GAF v159 direct BP annotations,gp2protein_all_graphsage_links,experimental_plus_IBA_ISS_IC,all_bp,mapping_covered_genes_only,6718,4259,121,0,0,0,0.8163888236675276,0.7582562158113397,273,1029.5867768595042
GOA human GAF v159 direct BP annotations,gp2protein_all_graphsage_links,experimental_plus_IBA_ISS_IC,msigdb_v52_c5bp_terms,mapping_covered_genes_only,2819,4259,121,0,0,0,0.8163888236675276,0.7578060267125135,273,1031.504132231405
GOA human GAF v159 direct BP annotations,gp2protein_unique_full_GeneID_link_only,all_except_IEA_ND_NAS,all_bp,all_resolved_genes,7086,4268,121,0,0,0,0.8163074039362699,0.7585975198866057,282,1030.3057851239669
GOA human GAF v159 direct BP annotations,gp2protein_unique_full_GeneID_link_only,exclude_IEA,all_bp,all_resolved_genes,7171,4268,121,0,0,0,0.8163074039362699,0.7585007009689637,284,1030.719008264463
GOA human GAF v159 direct BP annotations,gp2protein_unique_full_GeneID_link_only,exclude_IEA_ND,all_bp,all_resolved_genes,7170,4268,121,0,0,0,0.8163074039362699,0.7585007009689637,284,1030.719008264463
GOA human GAF v159 direct BP annotations,gp2protein_union_all_names_sensitivity,experimental_plus_IBA_ISS_IC,all_bp,all_resolved_genes,6748,4268,121,0,0,0,0.8163074039362699,0.7580262882725182,278,1032.7438016528927
GOA human GAF v159 direct BP annotations,gp2protein_unique_full_GeneID_link_only,all_except_IEA_ND_NAS,msigdb_v52_c5bp_terms,all_resolved_genes,2971,4268,121,0,0,0,0.8163074039362699,0.7579836879487557,282,1032.9256198347107
GOA human GAF v159 direct BP annotations,gp2protein_unique_full_GeneID_link_only,exclude_IEA,msigdb_v52_c5bp_terms,all_resolved_genes,2993,4268,121,0,0,0,0.8163074039362699,0.757919787463112,284,1033.198347107438
GOA human GAF v159 direct BP annotations,gp2protein_unique_full_GeneID_link_only,exclude_IEA_ND,msigdb_v52_c5bp_terms,all_resolved_genes,2993,4268,121,0,0,0,0.8163074039362699,0.757919787463112,284,1033.198347107438
GOA human GAF v159 direct BP annotations,gp2protein_union_all_names_sensitivity,experimental_plus_IBA_ISS_IC,msigdb_v52_c5bp_terms,all_resolved_genes,2826,4268,121,0,0,0,0.8163074039362699,0.7575809212513651,278,1034.6446280991736
GOA human GAF v159 direct BP annotations,gp2protein_unique_graphsage_link_only,experimental_plus_IBA_ISS_IC,all_bp,mapping_covered_genes_only,6714,4240,121,0,0,0,0.8162735849056604,0.7588745516918759,271,1022.3719008264463
GOA human GAF v159 direct BP annotations,gp2protein_union_all_names_sensitivity,experimental_plus_IBA_ISS_IC,all_bp,mapping_covered_genes_only,6748,4267,121,0,0,0,0.8162643543473166,0.7579695801141569,278,1032.7438016528927
GOA human GAF v159 direct BP annotations,gp2protein_union_all_names_sensitivity,experimental_plus_IBA_ISS_IC,msigdb_v52_c5bp_terms,mapping_covered_genes_only,2826,4267,121,0,0,0,0.8162643543473166,0.7575241087182626,278,1034.6446280991736
GOA human GAF v159 direct BP annotations,gp2protein_unique_full_GeneID_link_only,all_except_IEA_ND_NAS,all_bp,mapping_covered_genes_only,7086,4215,121,0,0,0,0.8161328588374852,0.7590443418330833,277,1015.6280991735537
GOA human GAF v159 direct BP annotations,gp2protein_unique_full_GeneID_link_only,exclude_IEA,all_bp,mapping_covered_genes_only,7171,4215,121,0,0,0,0.8161328588374852,0.7589463055008187,279,1016.0413223140496
GOA human GAF v159 direct BP annotations,gp2protein_unique_full_GeneID_link_only,exclude_IEA_ND,all_bp,mapping_covered_genes_only,7170,4215,121,0,0,0,0.8161328588374852,0.7589463055008187,279,1016.0413223140496
GOA human GAF v159 direct BP annotations,gp2protein_union_all_names_sensitivity,all_except_IEA_ND_NAS,all_bp,all_resolved_genes,7126,4268,121,0,0,0,0.8160731021555764,0.7584019456729689,287,1031.1404958677685
GOA human GAF v159 direct BP annotations,gp2protein_union_all_names_sensitivity,exclude_IEA,all_bp,all_resolved_genes,7213,4268,121,0,0,0,0.8160731021555764,0.7582702719449759,289,1031.702479338843
GOA human GAF v159 direct BP annotations,gp2protein_union_all_names_sensitivity,exclude_IEA_ND,all_bp,all_resolved_genes,7212,4268,121,0,0,0,0.8160731021555764,0.7582702719449759,289,1031.702479338843
GOA human GAF v159 direct BP annotations,gp2protein_union_all_names_sensitivity,all_except_IEA_ND_NAS,msigdb_v52_c5bp_terms,all_resolved_genes,2980,4268,121,0,0,0,0.8160731021555764,0.7578036047619416,287,1033.6942148760331
GOA human GAF v159 direct BP annotations,gp2protein_union_all_names_sensitivity,exclude_IEA,msigdb_v52_c5bp_terms,all_resolved_genes,3003,4268,121,0,0,0,0.8160731021555764,0.7577048494659469,289,1034.1157024793388
GOA human GAF v159 direct BP annotations,gp2protein_union_all_names_sensitivity,exclude_IEA_ND,msigdb_v52_c5bp_terms,all_resolved_genes,3003,4268,121,0,0,0,0.8160731021555764,0.7577048494659469,289,1034.1157024793388
GOA human GAF v159 direct BP annotations,gp2protein_unique_graphsage_link_only,all_except_IEA_ND_NAS,msigdb_v52_c5bp_terms,mapping_covered_genes_only,2972,4240,121,0,0,0,0.8160377358490566,0.7586991267737409,278,1023.1157024793389
GOA human GAF v159 direct BP annotations,gp2protein_unique_graphsage_link_only,exclude_IEA,msigdb_v52_c5bp_terms,mapping_covered_genes_only,2994,4240,121,0,0,0,0.8160377358490566,0.7586270076407298,280,1023.4214876033058
GOA human GAF v159 direct BP annotations,gp2protein_unique_graphsage_link_only,exclude_IEA_ND,msigdb_v52_c5bp_terms,mapping_covered_genes_only,2994,4240,121,0,0,0,0.8160377358490566,0.7586270076407298,280,1023.4214876033058
GOA human GAF v159 direct BP annotations,gp2protein_union_all_names_sensitivity,all_except_IEA_ND_NAS,all_bp,mapping_covered_genes_only,7126,4267,121,0,0,0,0.8160299976564331,0.758345325552433,287,1031.1404958677685
GOA human GAF v159 direct BP annotations,gp2protein_union_all_names_sensitivity,exclude_IEA,all_bp,mapping_covered_genes_only,7213,4267,121,0,0,0,0.8160299976564331,0.7582136209658207,289,1031.702479338843
GOA human GAF v159 direct BP annotations,gp2protein_union_all_names_sensitivity,exclude_IEA_ND,all_bp,mapping_covered_genes_only,7212,4267,121,0,0,0,0.8160299976564331,0.7582136209658207,289,1031.702479338843
GOA human GAF v159 direct BP annotations,gp2protein_union_all_names_sensitivity,all_except_IEA_ND_NAS,msigdb_v52_c5bp_terms,mapping_covered_genes_only,2980,4267,121,0,0,0,0.8160299976564331,0.7577468444162098,287,1033.6942148760331
GOA human GAF v159 direct BP annotations,gp2protein_union_all_names_sensitivity,exclude_IEA,msigdb_v52_c5bp_terms,mapping_covered_genes_only,3003,4267,121,0,0,0,0.8160299976564331,0.7576480659762506,289,1034.1157024793388
GOA human GAF v159 direct BP annotations,gp2protein_union_all_names_sensitivity,exclude_IEA_ND,msigdb_v52_c5bp_terms,mapping_covered_genes_only,3003,4267,121,0,0,0,0.8160299976564331,0.7576480659762506,289,1034.1157024793388
GOA human GAF v159 direct BP annotations,gp2protein_unique_full_GeneID_link_only,all_except_IEA_ND_NAS,msigdb_v52_c5bp_terms,mapping_covered_genes_only,2971,4215,121,0,0,0,0.8156583629893238,0.7584227914865249,277,1018.2479338842975
GOA human GAF v159 direct BP annotations,gp2protein_unique_full_GeneID_link_only,exclude_IEA,msigdb_v52_c5bp_terms,mapping_covered_genes_only,2993,4215,121,0,0,0,0.8156583629893238,0.7583580875072302,279,1018.5206611570248
GOA human GAF v159 direct BP annotations,gp2protein_unique_full_GeneID_link_only,exclude_IEA_ND,msigdb_v52_c5bp_terms,mapping_covered_genes_only,2993,4215,121,0,0,0,0.8156583629893238,0.7583580875072302,279,1018.5206611570248
GOA human GAF v159 direct BP annotations,gp2protein_unique_graphsage_link_only,experimental_plus_IBA_ISS_IC,msigdb_v52_c5bp_terms,mapping_covered_genes_only,2818,4240,121,0,0,0,0.8155660377358491,0.7584048027444253,271,1024.3636363636363
GOA human GAF v159 direct BP annotations,gp2protein_unique_full_GeneID_link_only,experimental_plus_IBA_ISS_IC,all_bp,mapping_covered_genes_only,6709,4215,121,0,0,0,0.8154211150652432,0.7585737674382126,270,1017.6115702479339
GOA human GAF v159 direct BP annotations,gp2protein_unique_full_GeneID_link_only,experimental_plus_IBA_ISS_IC,msigdb_v52_c5bp_terms,mapping_covered_genes_only,2817,4215,121,0,0,0,0.8151838671411625,0.7581012323166966,270,1019.603305785124
GOA human GAF v159 direct BP annotations,gp2protein_unique_full_GeneID_link_only,all_non_NOT,all_bp,mapping_covered_genes_only,8932,4215,121,0,0,0,0.8102016607354685,0.7573483132849034,278,1022.7768595041322
GOA human GAF v159 direct BP annotations,gp2protein_unique_full_GeneID_link_only,all_non_NOT,msigdb_v52_c5bp_terms,mapping_covered_genes_only,3376,4215,121,0,0,0,0.8102016607354685,0.7566855876787938,304,1025.5702479338843
GOA human GAF v159 direct BP annotations,gp2protein_unique_graphsage_link_only,all_non_NOT,all_bp,mapping_covered_genes_only,8941,4240,121,0,0,0,0.8101415094339622,0.757625136441603,281,1027.6694214876034
GOA human GAF v159 direct BP annotations,gp2protein_unique_graphsage_link_only,all_non_NOT,msigdb_v52_c5bp_terms,mapping_covered_genes_only,3377,4240,121,0,0,0,0.8101415094339622,0.7569760642445034,307,1030.4214876033059
GOA human GAF v159 direct BP annotations,gp2protein_all_graphsage_links,all_non_NOT,all_bp,mapping_covered_genes_only,8944,4259,121,0,0,0,0.8098145104484621,0.7570414814326104,293,1034.7603305785124
GOA human GAF v159 direct BP annotations,gp2protein_all_graphsage_links,all_non_NOT,msigdb_v52_c5bp_terms,mapping_covered_genes_only,3378,4259,121,0,0,0,0.8095797135477811,0.7564069476596958,319,1037.4628099173553
GOA human GAF v159 direct BP annotations,gp2protein_all_graphsage_links,all_non_NOT,all_bp,all_resolved_genes,8944,4268,121,0,0,0,0.8095126522961574,0.7572033274725615,293,1036.2561983471073
GOA human GAF v159 direct BP annotations,gp2protein_then_primary_symbol_fallback,all_non_NOT,all_bp,all_resolved_genes,8948,4268,121,0,0,0,0.8095126522961574,0.7571994547158558,293,1036.2727272727273
GOA human GAF v159 direct BP annotations,gp2protein_then_all_names_fallback,all_non_NOT,all_bp,all_resolved_genes,8984,4268,121,0,0,0,0.8095126522961574,0.757185900067386,294,1036.3305785123966
GOA human GAF v159 direct BP annotations,gp2protein_unique_graphsage_link_only,all_non_NOT,all_bp,all_resolved_genes,8941,4268,121,0,0,0,0.8095126522961574,0.7571587907704462,293,1036.4462809917356
GOA human GAF v159 direct BP annotations,gp2protein_unique_full_GeneID_link_only,all_non_NOT,all_bp,all_resolved_genes,8932,4268,121,0,0,0,0.8095126522961574,0.7569225526113998,293,1037.4545454545455
GOA human GAF v159 direct BP annotations,gp2protein_union_all_names_sensitivity,all_non_NOT,all_bp,all_resolved_genes,8984,4268,121,0,0,0,0.8095126522961574,0.7566669506688251,294,1038.5454545454545
GOA human GAF v159 direct BP annotations,gp2protein_all_graphsage_links,all_non_NOT,msigdb_v52_c5bp_terms,all_resolved_genes,3378,4268,121,0,0,0,0.8095126522961574,0.7565701317511832,319,1038.9586776859503
GOA human GAF v159 direct BP annotations,gp2protein_then_primary_symbol_fallback,all_non_NOT,msigdb_v52_c5bp_terms,all_resolved_genes,3379,4268,121,0,0,0,0.8095126522961574,0.7565662589944775,319,1038.9752066115702
GOA human GAF v159 direct BP annotations,gp2protein_then_all_names_fallback,all_non_NOT,msigdb_v52_c5bp_terms,all_resolved_genes,3386,4268,121,0,0,0,0.8095126522961574,0.7565449588325962,321,1039.0661157024792
GOA human GAF v159 direct BP annotations,gp2protein_unique_graphsage_link_only,all_non_NOT,msigdb_v52_c5bp_terms,all_resolved_genes,3377,4268,121,0,0,0,0.8095126522961574,0.7565139767789508,319,1039.198347107438
GOA human GAF v159 direct BP annotations,gp2protein_unique_full_GeneID_link_only,all_non_NOT,msigdb_v52_c5bp_terms,all_resolved_genes,3376,4268,121,0,0,0,0.8095126522961574,0.7562680567281402,319,1040.2479338842975
GOA human GAF v159 direct BP annotations,gp2protein_unique_full_GeneID_link_only,experimental_plus_TAS_NAS_IC,all_bp,mapping_covered_genes_only,5741,4215,121,0,0,0,0.8094899169632266,0.7550856347362332,281,1032.314049586777
GOA human GAF v159 direct BP annotations,gp2protein_unique_full_GeneID_link_only,experimental_plus_TAS_NAS_IC,msigdb_v52_c5bp_terms,mapping_covered_genes_only,2581,4215,121,0,0,0,0.8094899169632266,0.7545954530749096,306,1034.3801652892562
GOA human GAF v159 direct BP annotations,gp2protein_then_primary_symbol_fallback,all_non_NOT,all_bp,mapping_covered_genes_only,8948,4267,121,0,0,0,0.8094680103116945,0.7571425527835184,293,1036.2727272727273
GOA human GAF v159 direct BP annotations,gp2protein_then_all_names_fallback,all_non_NOT,all_bp,mapping_covered_genes_only,8984,4267,121,0,0,0,0.8094680103116945,0.7571289949584259,294,1036.3305785123966
GOA human GAF v159 direct BP annotations,gp2protein_union_all_names_sensitivity,all_non_NOT,all_bp,mapping_covered_genes_only,8984,4267,121,0,0,0,0.8094680103116945,0.7566099239406012,294,1038.5454545454545
GOA human GAF v159 direct BP annotations,gp2protein_then_primary_symbol_fallback,all_non_NOT,msigdb_v52_c5bp_terms,mapping_covered_genes_only,3379,4267,121,0,0,0,0.8094680103116945,0.756509208668486,319,1038.9752066115702
GOA human GAF v159 direct BP annotations,gp2protein_then_all_names_fallback,all_non_NOT,msigdb_v52_c5bp_terms,mapping_covered_genes_only,3386,4267,121,0,0,0,0.8094680103116945,0.7564879035147694,321,1039.0661157024792
GOA human GAF v159 direct BP annotations,gp2protein_unique_graphsage_link_only,experimental_plus_TAS_NAS_IC,all_bp,mapping_covered_genes_only,5751,4240,121,0,0,0,0.8094339622641509,0.755364104163418,284,1037.2561983471073
GOA human GAF v159 direct BP annotations,gp2protein_unique_graphsage_link_only,experimental_plus_TAS_NAS_IC,msigdb_v52_c5bp_terms,mapping_covered_genes_only,2585,4240,121,0,0,0,0.8094339622641509,0.7548865585529393,308,1039.280991735537
GOA human GAF v159 direct BP annotations,gp2protein_union_all_names_sensitivity,all_non_NOT,msigdb_v52_c5bp_terms,all_resolved_genes,3386,4268,121,0,0,0,0.8092783505154639,0.7560066456505069,321,1041.3636363636363
GOA human GAF v159 direct BP annotations,gp2protein_unique_full_GeneID_link_only,experimental_plus_TAS_IC,all_bp,mapping_covered_genes_only,5618,4215,121,0,0,0,0.8092526690391459,0.7551797496152074,280,1031.9173553719008
GOA human GAF v159 direct BP annotations,gp2protein_unique_full_GeneID_link_only,experimental_plus_TAS_IC,msigdb_v52_c5bp_terms,mapping_covered_genes_only,2540,4215,121,0,0,0,0.8092526690391459,0.7546542748742684,306,1034.1322314049587
GOA human GAF v159 direct BP annotations,gp2protein_union_all_names_sensitivity,all_non_NOT,msigdb_v52_c5bp_terms,mapping_covered_genes_only,3386,4267,121,0,0,0,0.8092336536208109,0.755949464175384,321,1041.3636363636363
GOA human GAF v159 direct BP annotations,gp2protein_unique_graphsage_link_only,experimental_plus_TAS_IC,all_bp,mapping_covered_genes_only,5628,4240,121,0,0,0,0.8091981132075472,0.755465460782785,283,1036.8264462809918
GOA human GAF v159 direct BP annotations,gp2protein_unique_graphsage_link_only,experimental_plus_TAS_IC,msigdb_v52_c5bp_terms,mapping_covered_genes_only,2544,4240,121,0,0,0,0.8091981132075472,0.7549528301886792,308,1039
GOA human GAF v159 direct BP annotations,gp2protein_all_graphsage_links,experimental_plus_TAS_NAS_IC,all_bp,mapping_covered_genes_only,5755,4259,121,0,0,0,0.8091101197464193,0.7547827740574651,296,1044.3801652892562
GOA human GAF v159 direct BP annotations,gp2protein_unique_full_GeneID_link_only,experimental_plus_TAS,all_bp,mapping_covered_genes_only,5558,4215,121,0,0,0,0.8090154211150653,0.7551875925217886,284,1031.8842975206612
GOA human GAF v159 direct BP annotations,gp2protein_unique_full_GeneID_link_only,experimental_plus_TAS,msigdb_v52_c5bp_terms,mapping_covered_genes_only,2525,4215,121,0,0,0,0.8090154211150653,0.7546817250473026,306,1034.01652892562
GOA human GAF v159 direct BP annotations,gp2protein_unique_full_GeneID_link_only,experimental_only,all_bp,mapping_covered_genes_only,4999,4215,121,0,0,0,0.8090154211150653,0.754558199268649,311,1034.5371900826447
GOA human GAF v159 direct BP annotations,gp2protein_unique_full_GeneID_link_only,experimental_only,msigdb_v52_c5bp_terms,mapping_covered_genes_only,2256,4215,121,0,0,0,0.8090154211150653,0.7542052684724959,311,1036.0247933884298
GOA human GAF v159 direct BP annotations,gp2protein_all_graphsage_links,experimental_plus_TAS_IC,all_bp,mapping_covered_genes_only,5632,4259,121,0,0,0,0.8088753228457384,0.7548739761593825,295,1043.9917355371902
GOA human GAF v159 direct BP annotations,gp2protein_all_graphsage_links,experimental_plus_TAS_NAS_IC,all_bp,all_resolved_genes,5755,4268,121,0,0,0,0.8088097469540768,0.7549493830698568,296,1045.8760330578511
GOA human GAF v159 direct BP annotations,gp2protein_then_primary_symbol_fallback,experimental_plus_TAS_NAS_IC,all_bp,all_resolved_genes,5759,4268,121,0,0,0,0.8088097469540768,0.7549474466915039,296,1045.8842975206612
GOA human GAF v159 direct BP annotations,gp2protein_then_all_names_fallback,experimental_plus_TAS_NAS_IC,all_bp,all_resolved_genes,5783,4268,121,0,0,0,0.8088097469540768,0.754922273772917,297,1045.9917355371902
GOA human GAF v159 direct BP annotations,gp2protein_unique_graphsage_link_only,experimental_plus_TAS_NAS_IC,all_bp,all_resolved_genes,5751,4268,121,0,0,0,0.8088097469540768,0.7549125918811529,296,1046.0330578512396
GOA human GAF v159 direct BP annotations,gp2protein_unique_full_GeneID_link_only,experimental_plus_TAS_NAS_IC,all_bp,all_resolved_genes,5741,4268,121,0,0,0,0.8088097469540768,0.7546879719922235,296,1046.9917355371902
GOA human GAF v159 direct BP annotations,gp2protein_then_primary_symbol_fallback,experimental_plus_TAS_NAS_IC,all_bp,mapping_covered_genes_only,5759,4267,121,0,0,0,0.8087649402390438,0.754890016986018,296,1045.8842975206612
GOA human GAF v159 direct BP annotations,gp2protein_then_all_names_fallback,experimental_plus_TAS_NAS_IC,all_bp,mapping_covered_genes_only,5783,4267,121,0,0,0,0.8087649402390438,0.7548648381679892,297,1045.9917355371902
GOA human GAF v159 direct BP annotations,gp2protein_unique_graphsage_link_only,experimental_plus_TAS,all_bp,mapping_covered_genes_only,5568,4240,121,0,0,0,0.8087264150943396,0.7554732574458132,287,1036.793388429752
GOA human GAF v159 direct BP annotations,gp2protein_unique_graphsage_link_only,experimental_plus_TAS,msigdb_v52_c5bp_terms,mapping_covered_genes_only,2529,4240,121,0,0,0,0.8087264150943396,0.754980118509278,308,1038.8842975206612
GOA human GAF v159 direct BP annotations,gp2protein_unique_graphsage_link_only,experimental_only,all_bp,mapping_covered_genes_only,5008,4240,121,0,0,0,0.8087264150943396,0.7548846093871823,314,1039.2892561983472
GOA human GAF v159 direct BP annotations,gp2protein_unique_graphsage_link_only,experimental_only,msigdb_v52_c5bp_terms,mapping_covered_genes_only,2259,4240,121,0,0,0,0.8087264150943396,0.7545396070481833,314,1040.7520661157025
GOA human GAF v159 direct BP annotations,gp2protein_all_graphsage_links,experimental_plus_TAS_IC,all_bp,all_resolved_genes,5632,4268,121,0,0,0,0.8085754451733833,0.7550403928524402,295,1045.4876033057851
GOA human GAF v159 direct BP annotations,gp2protein_then_primary_symbol_fallback,experimental_plus_TAS_IC,all_bp,all_resolved_genes,5636,4268,121,0,0,0,0.8085754451733833,0.7550384564740874,295,1045.495867768595
GOA human GAF v159 direct BP annotations,gp2protein_then_all_names_fallback,experimental_plus_TAS_IC,all_bp,all_resolved_genes,5658,4268,121,0,0,0,0.8085754451733833,0.755019092690559,296,1045.5785123966941
GOA human GAF v159 direct BP annotations,gp2protein_unique_graphsage_link_only,experimental_plus_TAS_IC,all_bp,all_resolved_genes,5628,4268,121,0,0,0,0.8085754451733833,0.7550132835555005,295,1045.603305785124
GOA human GAF v159 direct BP annotations,gp2protein_unique_full_GeneID_link_only,experimental_plus_TAS_IC,all_bp,all_resolved_genes,5618,4268,121,0,0,0,0.8085754451733833,0.7547809181531597,295,1046.595041322314
GOA human GAF v159 direct BP annotations,gp2protein_union_all_names_sensitivity,experimental_plus_TAS_NAS_IC,all_bp,all_resolved_genes,5783,4268,121,0,0,0,0.8085754451733833,0.7545388708590549,297,1047.6280991735537
GOA human GAF v159 direct BP annotations,gp2protein_then_primary_symbol_fallback,experimental_plus_TAS_IC,all_bp,mapping_covered_genes_only,5636,4267,121,0,0,0,0.8085305835481603,0.7549810480973529,295,1045.495867768595
GOA human GAF v159 direct BP annotations,gp2protein_then_all_names_fallback,experimental_plus_TAS_IC,all_bp,mapping_covered_genes_only,5658,4267,121,0,0,0,0.8085305835481603,0.7549616797757923,296,1045.5785123966941
GOA human GAF v159 direct BP annotations,gp2protein_union_all_names_sensitivity,experimental_plus_TAS_NAS_IC,all_bp,mapping_covered_genes_only,5783,4267,121,0,0,0,0.8085305835481603,0.7544813454010889,297,1047.6280991735537
GOA human GAF v159 direct BP annotations,gp2protein_all_graphsage_links,experimental_plus_TAS,all_bp,mapping_covered_genes_only,5572,4259,121,0,0,0,0.8084057290443766,0.7548817380403967,299,1043.9586776859503
GOA human GAF v159 direct BP annotations,gp2protein_all_graphsage_links,experimental_plus_TAS,msigdb_v52_c5bp_terms,mapping_covered_genes_only,2530,4259,121,0,0,0,0.8084057290443766,0.7544063228282742,320,1045.98347107438
GOA human GAF v159 direct BP annotations,gp2protein_all_graphsage_links,experimental_plus_TAS_IC,msigdb_v52_c5bp_terms,mapping_covered_genes_only,2545,4259,121,0,0,0,0.8084057290443766,0.7543791562447243,320,1046.099173553719
GOA human GAF v159 direct BP annotations,gp2protein_all_graphsage_links,experimental_plus_TAS_NAS_IC,msigdb_v52_c5bp_terms,mapping_covered_genes_only,2586,4259,121,0,0,0,0.8084057290443766,0.7543170611966104,320,1046.3636363636363
GOA human GAF v159 direct BP annotations,gp2protein_all_graphsage_links,experimental_only,all_bp,mapping_covered_genes_only,5012,4259,121,0,0,0,0.8084057290443766,0.7542898946130605,316,1046.4793388429753
GOA human GAF v159 direct BP annotations,gp2protein_all_graphsage_links,experimental_only,msigdb_v52_c5bp_terms,mapping_covered_genes_only,2260,4259,121,0,0,0,0.8084057290443766,0.7539658360807158,316,1047.8595041322315
GOA human GAF v159 direct BP annotations,gp2protein_all_graphsage_links,experimental_plus_TAS,all_bp,all_resolved_genes,5572,4268,121,0,0,0,0.8083411433926898,0.7550481383658516,299,1045.4545454545455
GOA human GAF v159 direct BP annotations,gp2protein_then_primary_symbol_fallback,experimental_plus_TAS,all_bp,all_resolved_genes,5577,4268,121,0,0,0,0.8083411433926898,0.7550462019874987,299,1045.4628099173553
GOA human GAF v159 direct BP annotations,gp2protein_then_all_names_fallback,experimental_plus_TAS,all_bp,all_resolved_genes,5597,4268,121,0,0,0,0.8083411433926898,0.7550210290689119,300,1045.5702479338843
GOA human GAF v159 direct BP annotations,gp2protein_unique_graphsage_link_only,experimental_plus_TAS,all_bp,all_resolved_genes,5568,4268,121,0,0,0,0.8083411433926898,0.7550210290689119,299,1045.5702479338843
GOA human GAF v159 direct BP annotations,gp2protein_union_all_names_sensitivity,experimental_plus_TAS,all_bp,all_resolved_genes,5597,4268,121,0,0,0,0.8083411433926898,0.754670544587048,300,1047.0661157024792
GOA human GAF v159 direct BP annotations,gp2protein_union_all_names_sensitivity,experimental_plus_TAS_IC,all_bp,all_resolved_genes,5658,4268,121,0,0,0,0.8083411433926898,0.7546627990736366,296,1047.099173553719
GOA human GAF v159 direct BP annotations,gp2protein_all_graphsage_links,experimental_plus_TAS,msigdb_v52_c5bp_terms,all_resolved_genes,2530,4268,121,0,0,0,0.8083411433926898,0.754573725669406,320,1047.4793388429753
GOA human GAF v159 direct BP annotations,gp2protein_then_primary_symbol_fallback,experimental_plus_TAS,msigdb_v52_c5bp_terms,all_resolved_genes,2532,4268,121,0,0,0,0.8083411433926898,0.754573725669406,320,1047.4793388429753
GOA human GAF v159 direct BP annotations,gp2protein_all_graphsage_links,experimental_plus_TAS_IC,msigdb_v52_c5bp_terms,all_resolved_genes,2545,4268,121,0,0,0,0.8083411433926898,0.7545466163724662,320,1047.595041322314
GOA human GAF v159 direct BP annotations,gp2protein_then_primary_symbol_fallback,experimental_plus_TAS_IC,msigdb_v52_c5bp_terms,all_resolved_genes,2546,4268,121,0,0,0,0.8083411433926898,0.7545466163724662,320,1047.595041322314
GOA human GAF v159 direct BP annotations,gp2protein_unique_graphsage_link_only,experimental_plus_TAS,msigdb_v52_c5bp_terms,all_resolved_genes,2529,4268,121,0,0,0,0.8083411433926898,0.7545311253456436,320,1047.6611570247933
GOA human GAF v159 direct BP annotations,gp2protein_then_all_names_fallback,experimental_plus_TAS_IC,msigdb_v52_c5bp_terms,all_resolved_genes,2550,4268,121,0,0,0,0.8083411433926898,0.754525316210585,320,1047.685950413223
GOA human GAF v159 direct BP annotations,gp2protein_unique_graphsage_link_only,experimental_plus_TAS_IC,msigdb_v52_c5bp_terms,all_resolved_genes,2544,4268,121,0,0,0,0.8083411433926898,0.7545040160487038,320,1047.7768595041323
GOA human GAF v159 direct BP annotations,gp2protein_all_graphsage_links,experimental_plus_TAS_NAS_IC,msigdb_v52_c5bp_terms,all_resolved_genes,2586,4268,121,0,0,0,0.8083411433926898,0.7544846522651754,320,1047.8595041322315
GOA human GAF v159 direct BP annotations,gp2protein_then_primary_symbol_fallback,experimental_plus_TAS_NAS_IC,msigdb_v52_c5bp_terms,all_resolved_genes,2587,4268,121,0,0,0,0.8083411433926898,0.7544846522651754,320,1047.8595041322315
GOA human GAF v159 direct BP annotations,gp2protein_then_all_names_fallback,experimental_plus_TAS_NAS_IC,msigdb_v52_c5bp_terms,all_resolved_genes,2592,4268,121,0,0,0,0.8083411433926898,0.7544614157249413,320,1047.9586776859503
GOA human GAF v159 direct BP annotations,gp2protein_all_graphsage_links,experimental_only,all_bp,all_resolved_genes,5012,4268,121,0,0,0,0.8083411433926898,0.7544575429682356,316,1047.9752066115702
GOA human GAF v159 direct BP annotations,gp2protein_then_primary_symbol_fallback,experimental_only,all_bp,all_resolved_genes,5017,4268,121,0,0,0,0.8083411433926898,0.7544575429682356,316,1047.9752066115702
GOA human GAF v159 direct BP annotations,gp2protein_unique_graphsage_link_only,experimental_plus_TAS_NAS_IC,msigdb_v52_c5bp_terms,all_resolved_genes,2585,4268,121,0,0,0,0.8083411433926898,0.7544381791847072,320,1048.0578512396694
GOA human GAF v159 direct BP annotations,gp2protein_unique_graphsage_link_only,experimental_only,all_bp,all_resolved_genes,5008,4268,121,0,0,0,0.8083411433926898,0.7544362428063545,316,1048.0661157024792
GOA human GAF v159 direct BP annotations,gp2protein_then_all_names_fallback,experimental_only,all_bp,all_resolved_genes,5037,4268,121,0,0,0,0.8083411433926898,0.7544323700496487,316,1048.0826446280992
GOA human GAF v159 direct BP annotations,gp2protein_unique_full_GeneID_link_only,experimental_plus_TAS_IC,msigdb_v52_c5bp_terms,all_resolved_genes,2540,4268,121,0,0,0,0.8083411433926898,0.7542619687545989,321,1048.809917355372
GOA human GAF v159 direct BP annotations,gp2protein_unique_full_GeneID_link_only,experimental_plus_TAS_NAS_IC,msigdb_v52_c5bp_terms,all_resolved_genes,2581,4268,121,0,0,0,0.8083411433926898,0.7542038774040137,321,1049.0578512396694
GOA human GAF v159 direct BP annotations,gp2protein_all_graphsage_links,experimental_only,msigdb_v52_c5bp_terms,all_resolved_genes,2260,4268,121,0,0,0,0.8083411433926898,0.7541341677833115,316,1049.3553719008264
GOA human GAF v159 direct BP annotations,gp2protein_then_primary_symbol_fallback,experimental_only,msigdb_v52_c5bp_terms,all_resolved_genes,2262,4268,121,0,0,0,0.8083411433926898,0.7541341677833115,316,1049.3553719008264
GOA human GAF v159 direct BP annotations,gp2protein_unique_graphsage_link_only,experimental_only,msigdb_v52_c5bp_terms,all_resolved_genes,2259,4268,121,0,0,0,0.8083411433926898,0.7540935038379019,316,1049.5289256198348
GOA human GAF v159 direct BP annotations,gp2protein_then_primary_symbol_fallback,experimental_plus_TAS,all_bp,mapping_covered_genes_only,5577,4267,121,0,0,0,0.8082962268572768,0.7549887954259772,299,1045.4628099173553
GOA human GAF v159 direct BP annotations,gp2protein_then_all_names_fallback,experimental_plus_TAS,all_bp,mapping_covered_genes_only,5597,4267,121,0,0,0,0.8082962268572768,0.7549636166079484,300,1045.5702479338843
GOA human GAF v159 direct BP annotations,gp2protein_union_all_names_sensitivity,experimental_plus_TAS,all_bp,mapping_covered_genes_only,5597,4267,121,0,0,0,0.8082962268572768,0.7546130499877011,300,1047.0661157024792
GOA human GAF v159 direct BP annotations,gp2protein_union_all_names_sensitivity,experimental_plus_TAS_IC,all_bp,mapping_covered_genes_only,5658,4267,121,0,0,0,0.8082962268572768,0.7546053026590769,296,1047.099173553719
GOA human GAF v159 direct BP annotations,gp2protein_then_primary_symbol_fallback,experimental_plus_TAS,msigdb_v52_c5bp_terms,mapping_covered_genes_only,2532,4267,121,0,0,0,0.8082962268572768,0.754516208379898,320,1047.4793388429753
GOA human GAF v159 direct BP annotations,gp2protein_then_primary_symbol_fallback,experimental_plus_TAS_IC,msigdb_v52_c5bp_terms,mapping_covered_genes_only,2546,4267,121,0,0,0,0.8082962268572768,0.7544890927297131,320,1047.595041322314
GOA human GAF v159 direct BP annotations,gp2protein_then_all_names_fallback,experimental_plus_TAS_IC,msigdb_v52_c5bp_terms,mapping_covered_genes_only,2550,4267,121,0,0,0,0.8082962268572768,0.7544677875759964,320,1047.685950413223
GOA human GAF v159 direct BP annotations,gp2protein_then_primary_symbol_fallback,experimental_plus_TAS_NAS_IC,msigdb_v52_c5bp_terms,mapping_covered_genes_only,2587,4267,121,0,0,0,0.8082962268572768,0.7544271141007192,320,1047.8595041322315
GOA human GAF v159 direct BP annotations,gp2protein_then_all_names_fallback,experimental_plus_TAS_NAS_IC,msigdb_v52_c5bp_terms,mapping_covered_genes_only,2592,4267,121,0,0,0,0.8082962268572768,0.7544038721148464,320,1047.9586776859503
GOA human GAF v159 direct BP annotations,gp2protein_then_primary_symbol_fallback,experimental_only,all_bp,mapping_covered_genes_only,5017,4267,121,0,0,0,0.8082962268572768,0.7543999984505343,316,1047.9752066115702
GOA human GAF v159 direct BP annotations,gp2protein_then_all_names_fallback,experimental_only,all_bp,mapping_covered_genes_only,5037,4267,121,0,0,0,0.8082962268572768,0.7543748196325054,316,1048.0826446280992
GOA human GAF v159 direct BP annotations,gp2protein_then_primary_symbol_fallback,experimental_only,msigdb_v52_c5bp_terms,mapping_covered_genes_only,2262,4267,121,0,0,0,0.8082962268572768,0.7540765474804719,316,1049.3553719008264
GOA human GAF v159 direct BP annotations,gp2protein_unique_full_GeneID_link_only,experimental_plus_TAS,all_bp,all_resolved_genes,5558,4268,121,0,0,0,0.8081068416119963,0.7547886636665712,299,1046.5619834710744
GOA human GAF v159 direct BP annotations,gp2protein_then_all_names_fallback,experimental_plus_TAS,msigdb_v52_c5bp_terms,all_resolved_genes,2535,4268,121,0,0,0,0.8081068416119963,0.7545504891291719,320,1047.5785123966941
GOA human GAF v159 direct BP annotations,gp2protein_unique_full_GeneID_link_only,experimental_plus_TAS,msigdb_v52_c5bp_terms,all_resolved_genes,2525,4268,121,0,0,0,0.8081068416119963,0.7542890780515387,321,1048.6942148760331
GOA human GAF v159 direct BP annotations,gp2protein_unique_full_GeneID_link_only,experimental_only,all_bp,all_resolved_genes,4999,4268,121,0,0,0,0.8081068416119963,0.7541670862153098,318,1049.2148760330579
GOA human GAF v159 direct BP annotations,gp2protein_then_all_names_fallback,experimental_only,msigdb_v52_c5bp_terms,all_resolved_genes,2266,4268,121,0,0,0,0.8081068416119963,0.7541089948647246,316,1049.4628099173553
GOA human GAF v159 direct BP annotations,gp2protein_unique_full_GeneID_link_only,experimental_only,msigdb_v52_c5bp_terms,all_resolved_genes,2256,4268,121,0,0,0,0.8081068416119963,0.7538185381117988,318,1050.702479338843
GOA human GAF v159 direct BP annotations,gp2protein_then_all_names_fallback,experimental_plus_TAS,msigdb_v52_c5bp_terms,mapping_covered_genes_only,2535,4267,121,0,0,0,0.8080618701663933,0.7544929663940253,320,1047.5785123966941
GOA human GAF v159 direct BP annotations,gp2protein_then_all_names_fallback,experimental_only,msigdb_v52_c5bp_terms,mapping_covered_genes_only,2266,4267,121,0,0,0,0.8080618701663933,0.754051368662443,316,1049.4628099173553
GOA human GAF v159 direct BP annotations,gp2protein_union_all_names_sensitivity,experimental_plus_TAS,msigdb_v52_c5bp_terms,all_resolved_genes,2535,4268,121,0,0,0,0.8078725398313027,0.7542019410256608,320,1049.0661157024792
GOA human GAF v159 direct BP annotations,gp2protein_union_all_names_sensitivity,experimental_plus_TAS_IC,msigdb_v52_c5bp_terms,all_resolved_genes,2550,4268,121,0,0,0,0.8078725398313027,0.754176768107074,320,1049.1735537190082
GOA human GAF v159 direct BP annotations,gp2protein_union_all_names_sensitivity,experimental_only,all_bp,all_resolved_genes,5037,4268,121,0,0,0,0.8078725398313027,0.7541612770802513,320,1049.2396694214876
GOA human GAF v159 direct BP annotations,gp2protein_union_all_names_sensitivity,experimental_plus_TAS_NAS_IC,msigdb_v52_c5bp_terms,all_resolved_genes,2592,4268,121,0,0,0,0.8078725398313027,0.754079949189432,320,1049.5867768595042
GOA human GAF v159 direct BP annotations,gp2protein_union_all_names_sensitivity,experimental_only,msigdb_v52_c5bp_terms,all_resolved_genes,2266,4268,121,0,0,0,0.8078725398313027,0.7538495201654442,320,1050.5702479338843
GOA human GAF v159 direct BP annotations,gp2protein_union_all_names_sensitivity,experimental_plus_TAS,msigdb_v52_c5bp_terms,mapping_covered_genes_only,2535,4267,121,0,0,0,0.8078275134755097,0.754144336605934,320,1049.0661157024792
GOA human GAF v159 direct BP annotations,gp2protein_union_all_names_sensitivity,experimental_plus_TAS_IC,msigdb_v52_c5bp_terms,mapping_covered_genes_only,2550,4267,121,0,0,0,0.8078275134755097,0.7541191577879053,320,1049.1735537190082
GOA human GAF v159 direct BP annotations,gp2protein_union_all_names_sensitivity,experimental_only,all_bp,mapping_covered_genes_only,5037,4267,121,0,0,0,0.8078275134755097,0.7541036631306568,320,1049.2396694214876
GOA human GAF v159 direct BP annotations,gp2protein_union_all_names_sensitivity,experimental_plus_TAS_NAS_IC,msigdb_v52_c5bp_terms,mapping_covered_genes_only,2592,4267,121,0,0,0,0.8078275134755097,0.7540223161801022,320,1049.5867768595042
GOA human GAF v159 direct BP annotations,gp2protein_union_all_names_sensitivity,experimental_only,msigdb_v52_c5bp_terms,mapping_covered_genes_only,2266,4267,121,0,0,0,0.8078275134755097,0.7537918331535307,320,1050.5702479338843
GOA human GAF v159 direct BP annotations,gp2protein_unique_full_GeneID_link_only,all_except_IEA_ND_NAS,greene_table6,mapping_covered_genes_only,529,4215,121,0,0,0,0.7852906287069988,0.7294412909424233,314,1140.404958677686
GOA human GAF v159 direct BP annotations,gp2protein_unique_full_GeneID_link_only,exclude_IEA,greene_table6,mapping_covered_genes_only,533,4215,121,0,0,0,0.7850533807829181,0.7294295265825514,314,1140.4545454545455
GOA human GAF v159 direct BP annotations,gp2protein_unique_full_GeneID_link_only,exclude_IEA_ND,greene_table6,mapping_covered_genes_only,533,4215,121,0,0,0,0.7850533807829181,0.7294295265825514,314,1140.4545454545455
GOA human GAF v159 direct BP annotations,gp2protein_unique_full_GeneID_link_only,experimental_plus_TAS_NAS_IC,greene_table6,mapping_covered_genes_only,462,4215,121,0,0,0,0.7848161328588374,0.7286020999382371,312,1143.9421487603306
GOA human GAF v159 direct BP annotations,gp2protein_unique_full_GeneID_link_only,experimental_plus_TAS_IC,greene_table6,mapping_covered_genes_only,455,4215,121,0,0,0,0.7848161328588374,0.7285981784849466,312,1143.9586776859503
GOA human GAF v159 direct BP annotations,gp2protein_unique_full_GeneID_link_only,experimental_plus_TAS,greene_table6,mapping_covered_genes_only,453,4215,121,0,0,0,0.7848161328588374,0.7285805319451388,313,1144.0330578512396
GOA human GAF v159 direct BP annotations,gp2protein_unique_graphsage_link_only,all_except_IEA_ND_NAS,greene_table6,mapping_covered_genes_only,530,4240,121,0,0,0,0.7846698113207548,0.7296468111648214,316,1146.297520661157
GOA human GAF v159 direct BP annotations,gp2protein_unique_graphsage_link_only,exclude_IEA,greene_table6,mapping_covered_genes_only,534,4240,121,0,0,0,0.7846698113207548,0.7296331670045221,316,1146.3553719008264
GOA human GAF v159 direct BP annotations,gp2protein_unique_graphsage_link_only,exclude_IEA_ND,greene_table6,mapping_covered_genes_only,534,4240,121,0,0,0,0.7846698113207548,0.7296331670045221,316,1146.3553719008264
GOA human GAF v159 direct BP annotations,gp2protein_unique_graphsage_link_only,all_non_NOT,greene_table9,mapping_covered_genes_only,2652,4240,121,0,0,0,0.7846698113207548,0.7256412755340714,326,1163.280991735537
GOA human GAF v159 direct BP annotations,gp2protein_unique_graphsage_link_only,all_except_IEA_ND_NAS,greene_table9,mapping_covered_genes_only,1986,4240,121,0,0,0,0.784433962264151,0.7249707625136441,325,1166.1239669421489
GOA human GAF v159 direct BP annotations,gp2protein_unique_graphsage_link_only,all_except_IEA_ND_NAS,ohmnet_label_terms,mapping_covered_genes_only,316,4240,121,0,0,0,0.784433962264151,0.7247290659597693,326,1167.1487603305786
GOA human GAF v159 direct BP annotations,gp2protein_unique_full_GeneID_link_only,all_non_NOT,greene_table9,mapping_covered_genes_only,2649,4215,121,0,0,0,0.7843416370106762,0.7254041547797614,323,1157.4214876033059
GOA human GAF v159 direct BP annotations,gp2protein_unique_graphsage_link_only,experimental_plus_TAS_NAS_IC,greene_table6,mapping_covered_genes_only,463,4240,121,0,0,0,0.7841981132075472,0.7288125682208015,315,1149.8347107438017
GOA human GAF v159 direct BP annotations,gp2protein_unique_graphsage_link_only,experimental_plus_TAS_IC,greene_table6,mapping_covered_genes_only,456,4240,121,0,0,0,0.7841981132075472,0.7288067207235304,315,1149.8595041322315
GOA human GAF v159 direct BP annotations,gp2protein_unique_graphsage_link_only,experimental_plus_TAS,greene_table6,mapping_covered_genes_only,454,4240,121,0,0,0,0.7841981132075472,0.7287930765632309,316,1149.9173553719008
GOA human GAF v159 direct BP annotations,gp2protein_unique_graphsage_link_only,exclude_IEA,greene_table9,mapping_covered_genes_only,2006,4240,121,0,0,0,0.7841981132075472,0.7249805083424294,325,1166.0826446280992
GOA human GAF v159 direct BP annotations,gp2protein_unique_graphsage_link_only,exclude_IEA_ND,greene_table9,mapping_covered_genes_only,2006,4240,121,0,0,0,0.7841981132075472,0.7249805083424294,325,1166.0826446280992
GOA human GAF v159 direct BP annotations,gp2protein_unique_graphsage_link_only,exclude_IEA,ohmnet_label_terms,mapping_covered_genes_only,320,4240,121,0,0,0,0.7841981132075472,0.7247017776391704,326,1167.2644628099174
GOA human GAF v159 direct BP annotations,gp2protein_unique_graphsage_link_only,exclude_IEA_ND,ohmnet_label_terms,mapping_covered_genes_only,320,4240,121,0,0,0,0.7841981132075472,0.7247017776391704,326,1167.2644628099174
GOA human GAF v159 direct BP annotations,gp2protein_unique_graphsage_link_only,experimental_plus_TAS_NAS_IC,greene_table9,mapping_covered_genes_only,1334,4240,121,0,0,0,0.7841981132075472,0.7242905036644316,324,1169.0082644628098
GOA human GAF v159 direct BP annotations,gp2protein_unique_graphsage_link_only,experimental_plus_TAS_IC,greene_table9,mapping_covered_genes_only,1297,4240,121,0,0,0,0.7841981132075472,0.7242729611726181,324,1169.0826446280992
GOA human GAF v159 direct BP annotations,gp2protein_unique_graphsage_link_only,experimental_plus_TAS,greene_table9,mapping_covered_genes_only,1277,4240,121,0,0,0,0.7841981132075472,0.7242378761889912,324,1169.2314049586778
GOA human GAF v159 direct BP annotations,gp2protein_unique_graphsage_link_only,experimental_plus_TAS_NAS_IC,ohmnet_label_terms,mapping_covered_genes_only,276,4240,121,0,0,0,0.7841981132075472,0.7241404179011383,326,1169.6446280991736
GOA human GAF v159 direct BP annotations,gp2protein_unique_graphsage_link_only,experimental_plus_TAS_IC,ohmnet_label_terms,mapping_covered_genes_only,270,4240,121,0,0,0,0.7841981132075472,0.7241345704038672,326,1169.6694214876034
GOA human GAF v159 direct BP annotations,gp2protein_unique_graphsage_link_only,experimental_plus_TAS,ohmnet_label_terms,mapping_covered_genes_only,267,4240,121,0,0,0,0.7841981132075472,0.7240994854202402,326,1169.8181818181818
GOA human GAF v159 direct BP annotations,gp2protein_unique_full_GeneID_link_only,all_except_IEA_ND_NAS,greene_table9,mapping_covered_genes_only,1984,4215,121,0,0,0,0.7841043890865955,0.7247316255404253,322,1160.2561983471073
GOA human GAF v159 direct BP annotations,gp2protein_unique_full_GeneID_link_only,all_except_IEA_ND_NAS,ohmnet_label_terms,mapping_covered_genes_only,315,4215,121,0,0,0,0.7841043890865955,0.7244884954364087,323,1161.280991735537
GOA human GAF v159 direct BP annotations,gp2protein_unique_graphsage_link_only,all_non_NOT,ohmnet_label_terms,mapping_covered_genes_only,343,4240,121,0,0,0,0.7839622641509434,0.7252865273662872,326,1164.7851239669421
GOA human GAF v159 direct BP annotations,gp2protein_unique_full_GeneID_link_only,exclude_IEA,greene_table9,mapping_covered_genes_only,2004,4215,121,0,0,0,0.7838671411625149,0.7247355469937159,322,1160.2396694214876
GOA human GAF v159 direct BP annotations,gp2protein_unique_full_GeneID_link_only,exclude_IEA_ND,greene_table9,mapping_covered_genes_only,2004,4215,121,0,0,0,0.7838671411625149,0.7247355469937159,322,1160.2396694214876
GOA human GAF v159 direct BP annotations,gp2protein_unique_full_GeneID_link_only,exclude_IEA,ohmnet_label_terms,mapping_covered_genes_only,319,4215,121,0,0,0,0.7838671411625149,0.7244551630834387,323,1161.4214876033059
GOA human GAF v159 direct BP annotations,gp2protein_unique_full_GeneID_link_only,exclude_IEA_ND,ohmnet_label_terms,mapping_covered_genes_only,319,4215,121,0,0,0,0.7838671411625149,0.7244551630834387,323,1161.4214876033059
GOA human GAF v159 direct BP annotations,gp2protein_unique_full_GeneID_link_only,experimental_plus_TAS_NAS_IC,greene_table9,mapping_covered_genes_only,1332,4215,121,0,0,0,0.7838671411625149,0.7240434104879269,321,1163.1570247933885
GOA human GAF v159 direct BP annotations,gp2protein_unique_full_GeneID_link_only,experimental_plus_TAS_IC,greene_table9,mapping_covered_genes_only,1295,4215,121,0,0,0,0.7838671411625149,0.7240277246747645,321,1163.2231404958677
GOA human GAF v159 direct BP annotations,gp2protein_unique_full_GeneID_link_only,experimental_plus_TAS,greene_table9,mapping_covered_genes_only,1275,4215,121,0,0,0,0.7838671411625149,0.7239904708685039,321,1163.3801652892562
GOA human GAF v159 direct BP annotations,gp2protein_unique_full_GeneID_link_only,experimental_plus_TAS_NAS_IC,ohmnet_label_terms,mapping_covered_genes_only,275,4215,121,0,0,0,0.7838671411625149,0.7238885130829485,323,1163.809917355372
GOA human GAF v159 direct BP annotations,gp2protein_unique_full_GeneID_link_only,experimental_plus_TAS_IC,ohmnet_label_terms,mapping_covered_genes_only,269,4215,121,0,0,0,0.7838671411625149,0.7238845916296579,323,1163.8264462809918
GOA human GAF v159 direct BP annotations,gp2protein_unique_full_GeneID_link_only,experimental_plus_TAS,ohmnet_label_terms,mapping_covered_genes_only,266,4215,121,0,0,0,0.7838671411625149,0.7238473378233974,323,1163.98347107438
GOA human GAF v159 direct BP annotations,gp2protein_unique_full_GeneID_link_only,experimental_only,greene_table9,mapping_covered_genes_only,1147,4215,121,0,0,0,0.7838671411625149,0.7235473466466673,321,1165.2479338842975
GOA human GAF v159 direct BP annotations,gp2protein_unique_full_GeneID_link_only,experimental_only,ohmnet_label_terms,mapping_covered_genes_only,239,4215,121,0,0,0,0.7838671411625149,0.7233826456084625,323,1165.9421487603306
GOA human GAF v159 direct BP annotations,gp2protein_union_all_names_sensitivity,all_non_NOT,greene_table9,all_resolved_genes,2660,4268,121,0,0,0,0.7837394564198688,0.7255532232954062,327,1171.3388429752067
GOA human GAF v159 direct BP annotations,gp2protein_then_primary_symbol_fallback,all_non_NOT,greene_table9,all_resolved_genes,2654,4268,121,0,0,0,0.7837394564198688,0.7255377322685834,327,1171.404958677686
GOA human GAF v159 direct BP annotations,gp2protein_then_all_names_fallback,all_non_NOT,greene_table9,all_resolved_genes,2660,4268,121,0,0,0,0.7837394564198688,0.7255338595118778,327,1171.4214876033059
GOA human GAF v159 direct BP annotations,gp2protein_all_graphsage_links,all_non_NOT,greene_table9,all_resolved_genes,2652,4268,121,0,0,0,0.7837394564198688,0.7255261139984663,327,1171.4545454545455
GOA human GAF v159 direct BP annotations,gp2protein_union_all_names_sensitivity,all_non_NOT,ohmnet_label_terms,all_resolved_genes,343,4268,121,0,0,0,0.7837394564198688,0.7252472755156576,327,1172.6446280991736
GOA human GAF v159 direct BP annotations,gp2protein_all_graphsage_links,all_non_NOT,ohmnet_label_terms,all_resolved_genes,343,4268,121,0,0,0,0.7837394564198688,0.7252201662187178,327,1172.7603305785124
GOA human GAF v159 direct BP annotations,gp2protein_then_primary_symbol_fallback,all_non_NOT,ohmnet_label_terms,all_resolved_genes,343,4268,121,0,0,0,0.7837394564198688,0.7252201662187178,327,1172.7603305785124
GOA human GAF v159 direct BP annotations,gp2protein_then_all_names_fallback,all_non_NOT,ohmnet_label_terms,all_resolved_genes,343,4268,121,0,0,0,0.7837394564198688,0.7252027388135422,327,1172.8347107438017
GOA human GAF v159 direct BP annotations,gp2protein_union_all_names_sensitivity,all_except_IEA_ND_NAS,greene_table9,all_resolved_genes,1990,4268,121,0,0,0,0.7837394564198688,0.7249297094657919,327,1174
GOA human GAF v159 direct BP annotations,gp2protein_union_all_names_sensitivity,exclude_IEA,greene_table9,all_resolved_genes,2010,4268,121,0,0,0,0.7837394564198688,0.724927773087439,327,1174.0082644628098
GOA human GAF v159 direct BP annotations,gp2protein_union_all_names_sensitivity,exclude_IEA_ND,greene_table9,all_resolved_genes,2010,4268,121,0,0,0,0.7837394564198688,0.724927773087439,327,1174.0082644628098
GOA human GAF v159 direct BP annotations,gp2protein_then_primary_symbol_fallback,all_except_IEA_ND_NAS,greene_table9,all_resolved_genes,1988,4268,121,0,0,0,0.7837394564198688,0.7249064729255579,327,1174.099173553719
GOA human GAF v159 direct BP annotations,gp2protein_then_primary_symbol_fallback,exclude_IEA,greene_table9,all_resolved_genes,2008,4268,121,0,0,0,0.7837394564198688,0.7249064729255579,327,1174.099173553719
GOA human GAF v159 direct BP annotations,gp2protein_then_primary_symbol_fallback,exclude_IEA_ND,greene_table9,all_resolved_genes,2008,4268,121,0,0,0,0.7837394564198688,0.7249064729255579,327,1174.099173553719
GOA human GAF v159 direct BP annotations,gp2protein_then_all_names_fallback,exclude_IEA,greene_table9,all_resolved_genes,2010,4268,121,0,0,0,0.7837394564198688,0.7248987274121466,327,1174.1322314049587
GOA human GAF v159 direct BP annotations,gp2protein_then_all_names_fallback,exclude_IEA_ND,greene_table9,all_resolved_genes,2010,4268,121,0,0,0,0.7837394564198688,0.7248987274121466,327,1174.1322314049587
GOA human GAF v159 direct BP annotations,gp2protein_all_graphsage_links,all_except_IEA_ND_NAS,greene_table9,all_resolved_genes,1986,4268,121,0,0,0,0.7837394564198688,0.7248948546554408,327,1174.1487603305786
GOA human GAF v159 direct BP annotations,gp2protein_all_graphsage_links,exclude_IEA,greene_table9,all_resolved_genes,2006,4268,121,0,0,0,0.7837394564198688,0.7248948546554408,327,1174.1487603305786
GOA human GAF v159 direct BP annotations,gp2protein_all_graphsage_links,exclude_IEA_ND,greene_table9,all_resolved_genes,2006,4268,121,0,0,0,0.7837394564198688,0.7248948546554408,327,1174.1487603305786
GOA human GAF v159 direct BP annotations,gp2protein_then_all_names_fallback,all_except_IEA_ND_NAS,greene_table9,all_resolved_genes,1990,4268,121,0,0,0,0.7837394564198688,0.7248909818987351,327,1174.1652892561983
GOA human GAF v159 direct BP annotations,gp2protein_union_all_names_sensitivity,all_except_IEA_ND_NAS,ohmnet_label_terms,all_resolved_genes,316,4268,121,0,0,0,0.7837394564198688,0.7247108987119211,327,1174.9338842975208
GOA human GAF v159 direct BP annotations,gp2protein_union_all_names_sensitivity,exclude_IEA,ohmnet_label_terms,all_resolved_genes,320,4268,121,0,0,0,0.7837394564198688,0.7246934713067456,327,1175.0082644628098
GOA human GAF v159 direct BP annotations,gp2protein_union_all_names_sensitivity,exclude_IEA_ND,ohmnet_label_terms,all_resolved_genes,320,4268,121,0,0,0,0.7837394564198688,0.7246934713067456,327,1175.0082644628098
GOA human GAF v159 direct BP annotations,gp2protein_all_graphsage_links,all_except_IEA_ND_NAS,ohmnet_label_terms,all_resolved_genes,316,4268,121,0,0,0,0.7837394564198688,0.7246857257933342,327,1175.0413223140497
GOA human GAF v159 direct BP annotations,gp2protein_then_primary_symbol_fallback,all_except_IEA_ND_NAS,ohmnet_label_terms,all_resolved_genes,316,4268,121,0,0,0,0.7837394564198688,0.7246857257933342,327,1175.0413223140497
GOA human GAF v159 direct BP annotations,gp2protein_then_all_names_fallback,all_except_IEA_ND_NAS,ohmnet_label_terms,all_resolved_genes,316,4268,121,0,0,0,0.7837394564198688,0.7246547437396887,327,1175.1735537190082
GOA human GAF v159 direct BP annotations,gp2protein_all_graphsage_links,exclude_IEA,ohmnet_label_terms,all_resolved_genes,320,4268,121,0,0,0,0.7837394564198688,0.7246469982262774,327,1175.206611570248
GOA human GAF v159 direct BP annotations,gp2protein_all_graphsage_links,exclude_IEA_ND,ohmnet_label_terms,all_resolved_genes,320,4268,121,0,0,0,0.7837394564198688,0.7246469982262774,327,1175.206611570248
GOA human GAF v159 direct BP annotations,gp2protein_then_primary_symbol_fallback,exclude_IEA,ohmnet_label_terms,all_resolved_genes,320,4268,121,0,0,0,0.7837394564198688,0.7246469982262774,327,1175.206611570248
GOA human GAF v159 direct BP annotations,gp2protein_then_primary_symbol_fallback,exclude_IEA_ND,ohmnet_label_terms,all_resolved_genes,320,4268,121,0,0,0,0.7837394564198688,0.7246469982262774,327,1175.206611570248
GOA human GAF v159 direct BP annotations,gp2protein_then_all_names_fallback,exclude_IEA,ohmnet_label_terms,all_resolved_genes,320,4268,121,0,0,0,0.7837394564198688,0.7246450618479245,327,1175.2148760330579
GOA human GAF v159 direct BP annotations,gp2protein_then_all_names_fallback,exclude_IEA_ND,ohmnet_label_terms,all_resolved_genes,320,4268,121,0,0,0,0.7837394564198688,0.7246450618479245,327,1175.2148760330579
GOA human GAF v159 direct BP annotations,gp2protein_then_primary_symbol_fallback,experimental_plus_TAS_NAS_IC,greene_table9,all_resolved_genes,1336,4268,121,0,0,0,0.7837394564198688,0.7242171222319471,327,1177.0413223140497
GOA human GAF v159 direct BP annotations,gp2protein_all_graphsage_links,experimental_plus_TAS_NAS_IC,greene_table9,all_resolved_genes,1334,4268,121,0,0,0,0.7837394564198688,0.7242113130968886,327,1177.0661157024792
GOA human GAF v159 direct BP annotations,gp2protein_then_all_names_fallback,experimental_plus_TAS_NAS_IC,greene_table9,all_resolved_genes,1337,4268,121,0,0,0,0.7837394564198688,0.7242074403401829,327,1177.0826446280992
GOA human GAF v159 direct BP annotations,gp2protein_then_primary_symbol_fallback,experimental_plus_TAS_IC,greene_table9,all_resolved_genes,1299,4268,121,0,0,0,0.7837394564198688,0.7242074403401829,327,1177.0826446280992
GOA human GAF v159 direct BP annotations,gp2protein_all_graphsage_links,experimental_plus_TAS_IC,greene_table9,all_resolved_genes,1297,4268,121,0,0,0,0.7837394564198688,0.7242016312051244,327,1177.107438016529
GOA human GAF v159 direct BP annotations,gp2protein_union_all_names_sensitivity,experimental_plus_TAS_IC,greene_table9,all_resolved_genes,1300,4268,121,0,0,0,0.7837394564198688,0.7241958220700659,327,1177.1322314049587
GOA human GAF v159 direct BP annotations,gp2protein_union_all_names_sensitivity,experimental_plus_TAS_NAS_IC,greene_table9,all_resolved_genes,1337,4268,121,0,0,0,0.7837394564198688,0.7241938856917131,327,1177.1404958677685
GOA human GAF v159 direct BP annotations,gp2protein_then_all_names_fallback,experimental_plus_TAS_IC,greene_table9,all_resolved_genes,1300,4268,121,0,0,0,0.7837394564198688,0.7241861401783017,327,1177.1735537190082
GOA human GAF v159 direct BP annotations,gp2protein_all_graphsage_links,experimental_plus_TAS,greene_table9,all_resolved_genes,1277,4268,121,0,0,0,0.7837394564198688,0.7241629036380677,327,1177.2727272727273
GOA human GAF v159 direct BP annotations,gp2protein_then_primary_symbol_fallback,experimental_plus_TAS,greene_table9,all_resolved_genes,1279,4268,121,0,0,0,0.7837394564198688,0.7241629036380677,327,1177.2727272727273
GOA human GAF v159 direct BP annotations,gp2protein_union_all_names_sensitivity,experimental_plus_TAS,greene_table9,all_resolved_genes,1280,4268,121,0,0,0,0.7837394564198688,0.7241532217463035,327,1177.314049586777
GOA human GAF v159 direct BP annotations,gp2protein_then_all_names_fallback,experimental_plus_TAS,greene_table9,all_resolved_genes,1280,4268,121,0,0,0,0.7837394564198688,0.7241416034761864,327,1177.3636363636363
GOA human GAF v159 direct BP annotations,gp2protein_union_all_names_sensitivity,experimental_plus_TAS_IC,ohmnet_label_terms,all_resolved_genes,270,4268,121,0,0,0,0.7837394564198688,0.7240951303957183,327,1177.5619834710744
GOA human GAF v159 direct BP annotations,gp2protein_all_graphsage_links,experimental_plus_TAS_IC,ohmnet_label_terms,all_resolved_genes,270,4268,121,0,0,0,0.7837394564198688,0.7240931940173655,327,1177.5702479338843
GOA human GAF v159 direct BP annotations,gp2protein_then_primary_symbol_fallback,experimental_plus_TAS_IC,ohmnet_label_terms,all_resolved_genes,270,4268,121,0,0,0,0.7837394564198688,0.7240931940173655,327,1177.5702479338843
GOA human GAF v159 direct BP annotations,gp2protein_all_graphsage_links,experimental_plus_TAS_NAS_IC,ohmnet_label_terms,all_resolved_genes,276,4268,121,0,0,0,0.7837394564198688,0.7240893212606597,327,1177.5867768595042
GOA human GAF v159 direct BP annotations,gp2protein_then_primary_symbol_fallback,experimental_plus_TAS_NAS_IC,ohmnet_label_terms,all_resolved_genes,276,4268,121,0,0,0,0.7837394564198688,0.7240893212606597,327,1177.5867768595042
GOA human GAF v159 direct BP annotations,gp2protein_union_all_names_sensitivity,experimental_plus_TAS_NAS_IC,ohmnet_label_terms,all_resolved_genes,276,4268,121,0,0,0,0.7837394564198688,0.7240699574771313,327,1177.6694214876034
GOA human GAF v159 direct BP annotations,gp2protein_then_all_names_fallback,experimental_plus_TAS_IC,ohmnet_label_terms,all_resolved_genes,270,4268,121,0,0,0,0.7837394564198688,0.7240680210987785,327,1177.6776859504132
GOA human GAF v159 direct BP annotations,gp2protein_then_all_names_fallback,experimental_plus_TAS_NAS_IC,ohmnet_label_terms,all_resolved_genes,276,4268,121,0,0,0,0.7837394564198688,0.7240680210987785,327,1177.6776859504132
GOA human GAF v159 direct BP annotations,gp2protein_all_graphsage_links,experimental_plus_TAS,ohmnet_label_terms,all_resolved_genes,267,4268,121,0,0,0,0.7837394564198688,0.7240525300719558,327,1177.7438016528927
GOA human GAF v159 direct BP annotations,gp2protein_then_primary_symbol_fallback,experimental_plus_TAS,ohmnet_label_terms,all_resolved_genes,267,4268,121,0,0,0,0.7837394564198688,0.7240525300719558,327,1177.7438016528927
GOA human GAF v159 direct BP annotations,gp2protein_union_all_names_sensitivity,experimental_plus_TAS,ohmnet_label_terms,all_resolved_genes,267,4268,121,0,0,0,0.7837394564198688,0.7240428481801916,327,1177.7851239669421
GOA human GAF v159 direct BP annotations,gp2protein_then_all_names_fallback,experimental_plus_TAS,ohmnet_label_terms,all_resolved_genes,267,4268,121,0,0,0,0.7837394564198688,0.7240273571533689,327,1177.8512396694214
GOA human GAF v159 direct BP annotations,gp2protein_unique_graphsage_link_only,experimental_only,greene_table9,mapping_covered_genes_only,1149,4240,121,0,0,0,0.7837264150943396,0.7237993138936535,324,1171.090909090909
GOA human GAF v159 direct BP annotations,gp2protein_unique_graphsage_link_only,experimental_only,ohmnet_label_terms,mapping_covered_genes_only,240,4240,121,0,0,0,0.7837264150943396,0.723641431467332,326,1171.7603305785124
GOA human GAF v159 direct BP annotations,gp2protein_union_all_names_sensitivity,all_non_NOT,greene_table9,mapping_covered_genes_only,2660,4267,121,0,0,0,0.7836887743145067,0.725488904856994,327,1171.3388429752067
GOA human GAF v159 direct BP annotations,gp2protein_then_primary_symbol_fallback,all_non_NOT,greene_table9,mapping_covered_genes_only,2654,4267,121,0,0,0,0.7836887743145067,0.7254734101997455,327,1171.404958677686
GOA human GAF v159 direct BP annotations,gp2protein_then_all_names_fallback,all_non_NOT,greene_table9,mapping_covered_genes_only,2660,4267,121,0,0,0,0.7836887743145067,0.7254695365354333,327,1171.4214876033059
GOA human GAF v159 direct BP annotations,gp2protein_union_all_names_sensitivity,all_non_NOT,ohmnet_label_terms,mapping_covered_genes_only,343,4267,121,0,0,0,0.7836887743145067,0.7251828853763361,327,1172.6446280991736
GOA human GAF v159 direct BP annotations,gp2protein_then_primary_symbol_fallback,all_non_NOT,ohmnet_label_terms,mapping_covered_genes_only,343,4267,121,0,0,0,0.7836887743145067,0.7251557697261513,327,1172.7603305785124
GOA human GAF v159 direct BP annotations,gp2protein_then_all_names_fallback,all_non_NOT,ohmnet_label_terms,mapping_covered_genes_only,343,4267,121,0,0,0,0.7836887743145067,0.7251383382367468,327,1172.8347107438017
GOA human GAF v159 direct BP annotations,gp2protein_union_all_names_sensitivity,all_except_IEA_ND_NAS,greene_table9,mapping_covered_genes_only,1990,4267,121,0,0,0,0.7836887743145067,0.724865244902742,327,1174
GOA human GAF v159 direct BP annotations,gp2protein_union_all_names_sensitivity,exclude_IEA,greene_table9,mapping_covered_genes_only,2010,4267,121,0,0,0,0.7836887743145067,0.724863308070586,327,1174.0082644628098
GOA human GAF v159 direct BP annotations,gp2protein_union_all_names_sensitivity,exclude_IEA_ND,greene_table9,mapping_covered_genes_only,2010,4267,121,0,0,0,0.7836887743145067,0.724863308070586,327,1174.0082644628098
GOA human GAF v159 direct BP annotations,gp2protein_then_primary_symbol_fallback,all_except_IEA_ND_NAS,greene_table9,mapping_covered_genes_only,1988,4267,121,0,0,0,0.7836887743145067,0.7248420029168692,327,1174.099173553719
GOA human GAF v159 direct BP annotations,gp2protein_then_primary_symbol_fallback,exclude_IEA,greene_table9,mapping_covered_genes_only,2008,4267,121,0,0,0,0.7836887743145067,0.7248420029168692,327,1174.099173553719
GOA human GAF v159 direct BP annotations,gp2protein_then_primary_symbol_fallback,exclude_IEA_ND,greene_table9,mapping_covered_genes_only,2008,4267,121,0,0,0,0.7836887743145067,0.7248420029168692,327,1174.099173553719
GOA human GAF v159 direct BP annotations,gp2protein_then_all_names_fallback,exclude_IEA,greene_table9,mapping_covered_genes_only,2010,4267,121,0,0,0,0.7836887743145067,0.724834255588245,327,1174.1322314049587
GOA human GAF v159 direct BP annotations,gp2protein_then_all_names_fallback,exclude_IEA_ND,greene_table9,mapping_covered_genes_only,2010,4267,121,0,0,0,0.7836887743145067,0.724834255588245,327,1174.1322314049587
GOA human GAF v159 direct BP annotations,gp2protein_then_all_names_fallback,all_except_IEA_ND_NAS,greene_table9,mapping_covered_genes_only,1990,4267,121,0,0,0,0.7836887743145067,0.7248265082596207,327,1174.1652892561983
GOA human GAF v159 direct BP annotations,gp2protein_union_all_names_sensitivity,all_except_IEA_ND_NAS,ohmnet_label_terms,mapping_covered_genes_only,316,4267,121,0,0,0,0.7836887743145067,0.724646382869107,327,1174.9338842975208
GOA human GAF v159 direct BP annotations,gp2protein_union_all_names_sensitivity,exclude_IEA,ohmnet_label_terms,mapping_covered_genes_only,320,4267,121,0,0,0,0.7836887743145067,0.7246289513797024,327,1175.0082644628098
GOA human GAF v159 direct BP annotations,gp2protein_union_all_names_sensitivity,exclude_IEA_ND,ohmnet_label_terms,mapping_covered_genes_only,320,4267,121,0,0,0,0.7836887743145067,0.7246289513797024,327,1175.0082644628098
GOA human GAF v159 direct BP annotations,gp2protein_then_primary_symbol_fallback,all_except_IEA_ND_NAS,ohmnet_label_terms,mapping_covered_genes_only,316,4267,121,0,0,0,0.7836887743145067,0.7246212040510781,327,1175.0413223140497
GOA human GAF v159 direct BP annotations,gp2protein_then_all_names_fallback,all_except_IEA_ND_NAS,ohmnet_label_terms,mapping_covered_genes_only,316,4267,121,0,0,0,0.7836887743145067,0.7245902147365811,327,1175.1735537190082
GOA human GAF v159 direct BP annotations,gp2protein_then_primary_symbol_fallback,exclude_IEA,ohmnet_label_terms,mapping_covered_genes_only,320,4267,121,0,0,0,0.7836887743145067,0.7245824674079568,327,1175.206611570248
GOA human GAF v159 direct BP annotations,gp2protein_then_primary_symbol_fallback,exclude_IEA_ND,ohmnet_label_terms,mapping_covered_genes_only,320,4267,121,0,0,0,0.7836887743145067,0.7245824674079568,327,1175.206611570248
GOA human GAF v159 direct BP annotations,gp2protein_then_all_names_fallback,exclude_IEA,ohmnet_label_terms,mapping_covered_genes_only,320,4267,121,0,0,0,0.7836887743145067,0.7245805305758009,327,1175.2148760330579
GOA human GAF v159 direct BP annotations,gp2protein_then_all_names_fallback,exclude_IEA_ND,ohmnet_label_terms,mapping_covered_genes_only,320,4267,121,0,0,0,0.7836887743145067,0.7245805305758009,327,1175.2148760330579
GOA human GAF v159 direct BP annotations,gp2protein_then_primary_symbol_fallback,experimental_plus_TAS_NAS_IC,greene_table9,mapping_covered_genes_only,1336,4267,121,0,0,0,0.7836887743145067,0.7241524906693111,327,1177.0413223140497
GOA human GAF v159 direct BP annotations,gp2protein_then_all_names_fallback,experimental_plus_TAS_NAS_IC,greene_table9,mapping_covered_genes_only,1337,4267,121,0,0,0,0.7836887743145067,0.7241428065085308,327,1177.0826446280992
GOA human GAF v159 direct BP annotations,gp2protein_then_primary_symbol_fallback,experimental_plus_TAS_IC,greene_table9,mapping_covered_genes_only,1299,4267,121,0,0,0,0.7836887743145067,0.7241428065085308,327,1177.0826446280992
GOA human GAF v159 direct BP annotations,gp2protein_union_all_names_sensitivity,experimental_plus_TAS_IC,greene_table9,mapping_covered_genes_only,1300,4267,121,0,0,0,0.7836887743145067,0.7241311855155944,327,1177.1322314049587
GOA human GAF v159 direct BP annotations,gp2protein_union_all_names_sensitivity,experimental_plus_TAS_NAS_IC,greene_table9,mapping_covered_genes_only,1337,4267,121,0,0,0,0.7836887743145067,0.7241292486834383,327,1177.1404958677685
GOA human GAF v159 direct BP annotations,gp2protein_then_all_names_fallback,experimental_plus_TAS_IC,greene_table9,mapping_covered_genes_only,1300,4267,121,0,0,0,0.7836887743145067,0.7241215013548141,327,1177.1735537190082
GOA human GAF v159 direct BP annotations,gp2protein_then_primary_symbol_fallback,experimental_plus_TAS,greene_table9,mapping_covered_genes_only,1279,4267,121,0,0,0,0.7836887743145067,0.7240982593689413,327,1177.2727272727273
GOA human GAF v159 direct BP annotations,gp2protein_union_all_names_sensitivity,experimental_plus_TAS,greene_table9,mapping_covered_genes_only,1280,4267,121,0,0,0,0.7836887743145067,0.7240885752081611,327,1177.314049586777
GOA human GAF v159 direct BP annotations,gp2protein_then_all_names_fallback,experimental_plus_TAS,greene_table9,mapping_covered_genes_only,1280,4267,121,0,0,0,0.7836887743145067,0.7240769542152247,327,1177.3636363636363
GOA human GAF v159 direct BP annotations,gp2protein_union_all_names_sensitivity,experimental_plus_TAS_IC,ohmnet_label_terms,mapping_covered_genes_only,270,4267,121,0,0,0,0.7836887743145067,0.7240304702434792,327,1177.5619834710744
GOA human GAF v159 direct BP annotations,gp2protein_then_primary_symbol_fallback,experimental_plus_TAS_IC,ohmnet_label_terms,mapping_covered_genes_only,270,4267,121,0,0,0,0.7836887743145067,0.7240285334113231,327,1177.5702479338843
GOA human GAF v159 direct BP annotations,gp2protein_then_primary_symbol_fallback,experimental_plus_TAS_NAS_IC,ohmnet_label_terms,mapping_covered_genes_only,276,4267,121,0,0,0,0.7836887743145067,0.724024659747011,327,1177.5867768595042
GOA human GAF v159 direct BP annotations,gp2protein_union_all_names_sensitivity,experimental_plus_TAS_NAS_IC,ohmnet_label_terms,mapping_covered_genes_only,276,4267,121,0,0,0,0.7836887743145067,0.7240052914254503,327,1177.6694214876034
GOA human GAF v159 direct BP annotations,gp2protein_then_all_names_fallback,experimental_plus_TAS_IC,ohmnet_label_terms,mapping_covered_genes_only,270,4267,121,0,0,0,0.7836887743145067,0.7240033545932943,327,1177.6776859504132
GOA human GAF v159 direct BP annotations,gp2protein_then_all_names_fallback,experimental_plus_TAS_NAS_IC,ohmnet_label_terms,mapping_covered_genes_only,276,4267,121,0,0,0,0.7836887743145067,0.7240033545932943,327,1177.6776859504132
GOA human GAF v159 direct BP annotations,gp2protein_then_primary_symbol_fallback,experimental_plus_TAS,ohmnet_label_terms,mapping_covered_genes_only,267,4267,121,0,0,0,0.7836887743145067,0.7239878599360458,327,1177.7438016528927
GOA human GAF v159 direct BP annotations,gp2protein_union_all_names_sensitivity,experimental_plus_TAS,ohmnet_label_terms,mapping_covered_genes_only,267,4267,121,0,0,0,0.7836887743145067,0.7239781757752655,327,1177.7851239669421
GOA human GAF v159 direct BP annotations,gp2protein_then_all_names_fallback,experimental_plus_TAS,ohmnet_label_terms,mapping_covered_genes_only,267,4267,121,0,0,0,0.7836887743145067,0.723962681118017,327,1177.8512396694214
GOA human GAF v159 direct BP annotations,gp2protein_unique_full_GeneID_link_only,all_non_NOT,ohmnet_label_terms,mapping_covered_genes_only,343,4215,121,0,0,0,0.7836298932384341,0.7250512239836083,323,1158.909090909091
GOA human GAF v159 direct BP annotations,gp2protein_unique_full_GeneID_link_only,experimental_plus_IBA_ISS_IC,greene_table9,mapping_covered_genes_only,1921,4215,121,0,0,0,0.7836298932384341,0.7244081056439516,322,1161.6198347107438
GOA human GAF v159 direct BP annotations,gp2protein_unique_full_GeneID_link_only,experimental_plus_IBA_ISS_IC,ohmnet_label_terms,mapping_covered_genes_only,307,4215,121,0,0,0,0.7836298932384341,0.7241590933599992,323,1162.6694214876034
GOA human GAF v159 direct BP annotations,gp2protein_unique_graphsage_link_only,experimental_plus_IBA_ISS_IC,greene_table9,mapping_covered_genes_only,1923,4240,121,0,0,0,0.7834905660377358,0.724654997661001,325,1167.4628099173553
GOA human GAF v159 direct BP annotations,gp2protein_unique_graphsage_link_only,experimental_plus_IBA_ISS_IC,ohmnet_label_terms,mapping_covered_genes_only,308,4240,121,0,0,0,0.7834905660377358,0.724407453609855,326,1168.5123966942149
GOA human GAF v159 direct BP annotations,gp2protein_all_graphsage_links,experimental_plus_TAS_IC,greene_table6,mapping_covered_genes_only,456,4259,121,0,0,0,0.7832824606715192,0.7283535692039609,327,1156.9421487603306
GOA human GAF v159 direct BP annotations,gp2protein_all_graphsage_links,experimental_plus_TAS,greene_table6,mapping_covered_genes_only,454,4259,121,0,0,0,0.7832824606715192,0.728339985912186,328,1157
GOA human GAF v159 direct BP annotations,gp2protein_all_graphsage_links,all_non_NOT,greene_table9,mapping_covered_genes_only,2652,4259,121,0,0,0,0.7832824606715192,0.7252973285546019,327,1169.9586776859503
GOA human GAF v159 direct BP annotations,gp2protein_all_graphsage_links,all_non_NOT,ohmnet_label_terms,mapping_covered_genes_only,343,4259,121,0,0,0,0.7832824606715192,0.7249907342545392,327,1171.2644628099174
GOA human GAF v159 direct BP annotations,gp2protein_all_graphsage_links,all_except_IEA_ND_NAS,greene_table9,mapping_covered_genes_only,1986,4259,121,0,0,0,0.7832824606715192,0.724664735251941,327,1172.6528925619834
GOA human GAF v159 direct BP annotations,gp2protein_all_graphsage_links,exclude_IEA,greene_table9,mapping_covered_genes_only,2006,4259,121,0,0,0,0.7832824606715192,0.724664735251941,327,1172.6528925619834
GOA human GAF v159 direct BP annotations,gp2protein_all_graphsage_links,exclude_IEA_ND,greene_table9,mapping_covered_genes_only,2006,4259,121,0,0,0,0.7832824606715192,0.724664735251941,327,1172.6528925619834
GOA human GAF v159 direct BP annotations,gp2protein_all_graphsage_links,all_except_IEA_ND_NAS,ohmnet_label_terms,mapping_covered_genes_only,316,4259,121,0,0,0,0.7832824606715192,0.7244551644645564,327,1173.5454545454545
GOA human GAF v159 direct BP annotations,gp2protein_all_graphsage_links,exclude_IEA,ohmnet_label_terms,mapping_covered_genes_only,320,4259,121,0,0,0,0.7832824606715192,0.7244163550594851,327,1173.7107438016528
GOA human GAF v159 direct BP annotations,gp2protein_all_graphsage_links,exclude_IEA_ND,ohmnet_label_terms,mapping_covered_genes_only,320,4259,121,0,0,0,0.7832824606715192,0.7244163550594851,327,1173.7107438016528
GOA human GAF v159 direct BP annotations,gp2protein_all_graphsage_links,experimental_plus_TAS_NAS_IC,greene_table9,mapping_covered_genes_only,1334,4259,121,0,0,0,0.7832824606715192,0.7239797492524338,327,1175.5702479338843
GOA human GAF v159 direct BP annotations,gp2protein_all_graphsage_links,experimental_plus_TAS_IC,greene_table9,mapping_covered_genes_only,1297,4259,121,0,0,0,0.7832824606715192,0.7239700469011661,327,1175.611570247934
GOA human GAF v159 direct BP annotations,gp2protein_all_graphsage_links,experimental_plus_TAS,greene_table9,mapping_covered_genes_only,1277,4259,121,0,0,0,0.7832824606715192,0.7239312374960948,327,1175.7768595041323
GOA human GAF v159 direct BP annotations,gp2protein_all_graphsage_links,experimental_plus_TAS_IC,ohmnet_label_terms,mapping_covered_genes_only,270,4259,121,0,0,0,0.7832824606715192,0.7238613805669666,327,1176.0743801652893
GOA human GAF v159 direct BP annotations,gp2protein_all_graphsage_links,experimental_plus_TAS_NAS_IC,ohmnet_label_terms,mapping_covered_genes_only,276,4259,121,0,0,0,0.7832824606715192,0.7238574996264595,327,1176.090909090909
GOA human GAF v159 direct BP annotations,gp2protein_all_graphsage_links,experimental_plus_TAS,ohmnet_label_terms,mapping_covered_genes_only,267,4259,121,0,0,0,0.7832824606715192,0.7238206306916418,327,1176.2479338842975
GOA human GAF v159 direct BP annotations,gp2protein_all_graphsage_links,experimental_plus_TAS_IC,greene_table6,all_resolved_genes,456,4268,121,0,0,0,0.7832708528584817,0.728575909904188,327,1158.4380165289256
GOA human GAF v159 direct BP annotations,gp2protein_all_graphsage_links,experimental_plus_TAS,greene_table6,all_resolved_genes,454,4268,121,0,0,0,0.7832708528584817,0.7285623552557181,328,1158.495867768595
GOA human GAF v159 direct BP annotations,gp2protein_unique_full_GeneID_link_only,experimental_plus_TAS_IC,greene_table6,all_resolved_genes,455,4268,121,0,0,0,0.7832708528584817,0.7285294368237198,327,1158.6363636363637
GOA human GAF v159 direct BP annotations,gp2protein_unique_graphsage_link_only,experimental_plus_TAS_IC,greene_table6,all_resolved_genes,456,4268,121,0,0,0,0.7832708528584817,0.7285294368237198,327,1158.6363636363637
GOA human GAF v159 direct BP annotations,gp2protein_unique_graphsage_link_only,experimental_plus_TAS,greene_table6,all_resolved_genes,454,4268,121,0,0,0,0.7832708528584817,0.72851588217525,328,1158.6942148760331
GOA human GAF v159 direct BP annotations,gp2protein_unique_full_GeneID_link_only,experimental_plus_TAS,greene_table6,all_resolved_genes,453,4268,121,0,0,0,0.7832708528584817,0.7285120094185443,328,1158.7107438016528
GOA human GAF v159 direct BP annotations,gp2protein_unique_graphsage_link_only,exclude_IEA,greene_table9,all_resolved_genes,2006,4268,121,0,0,0,0.7832708528584817,0.7247283261170967,337,1174.8595041322315
GOA human GAF v159 direct BP annotations,gp2protein_unique_graphsage_link_only,exclude_IEA_ND,greene_table9,all_resolved_genes,2006,4268,121,0,0,0,0.7832708528584817,0.7247283261170967,337,1174.8595041322315
GOA human GAF v159 direct BP annotations,gp2protein_unique_graphsage_link_only,all_except_IEA_ND_NAS,greene_table9,all_resolved_genes,1986,4268,121,0,0,0,0.7832708528584817,0.7247186442253325,337,1174.900826446281
GOA human GAF v159 direct BP annotations,gp2protein_unique_full_GeneID_link_only,exclude_IEA,greene_table9,all_resolved_genes,2004,4268,121,0,0,0,0.7832708528584817,0.7247147714686268,337,1174.9173553719008
GOA human GAF v159 direct BP annotations,gp2protein_unique_full_GeneID_link_only,exclude_IEA_ND,greene_table9,all_resolved_genes,2004,4268,121,0,0,0,0.7832708528584817,0.7247147714686268,337,1174.9173553719008
GOA human GAF v159 direct BP annotations,gp2protein_unique_full_GeneID_link_only,all_except_IEA_ND_NAS,greene_table9,all_resolved_genes,1984,4268,121,0,0,0,0.7832708528584817,0.7247108987119211,337,1174.9338842975208
GOA human GAF v159 direct BP annotations,gp2protein_unique_graphsage_link_only,all_except_IEA_ND_NAS,ohmnet_label_terms,all_resolved_genes,316,4268,121,0,0,0,0.7832708528584817,0.7244785333095805,338,1175.9256198347107
GOA human GAF v159 direct BP annotations,gp2protein_unique_full_GeneID_link_only,all_except_IEA_ND_NAS,ohmnet_label_terms,all_resolved_genes,315,4268,121,0,0,0,0.7832708528584817,0.724470787796169,338,1175.9586776859503
GOA human GAF v159 direct BP annotations,gp2protein_unique_graphsage_link_only,exclude_IEA,ohmnet_label_terms,all_resolved_genes,320,4268,121,0,0,0,0.7832708528584817,0.7244514240126407,338,1176.0413223140497
GOA human GAF v159 direct BP annotations,gp2protein_unique_graphsage_link_only,exclude_IEA_ND,ohmnet_label_terms,all_resolved_genes,320,4268,121,0,0,0,0.7832708528584817,0.7244514240126407,338,1176.0413223140497
GOA human GAF v159 direct BP annotations,gp2protein_unique_full_GeneID_link_only,exclude_IEA,ohmnet_label_terms,all_resolved_genes,319,4268,121,0,0,0,0.7832708528584817,0.7244378693641708,338,1176.099173553719
GOA human GAF v159 direct BP annotations,gp2protein_unique_full_GeneID_link_only,exclude_IEA_ND,ohmnet_label_terms,all_resolved_genes,319,4268,121,0,0,0,0.7832708528584817,0.7244378693641708,338,1176.099173553719
GOA human GAF v159 direct BP annotations,gp2protein_then_all_names_fallback,experimental_plus_TAS_IC,greene_table6,all_resolved_genes,456,4268,121,0,0,0,0.7830365510777881,0.7286127010928919,327,1158.280991735537
GOA human GAF v159 direct BP annotations,gp2protein_then_all_names_fallback,experimental_plus_TAS,greene_table6,all_resolved_genes,454,4268,121,0,0,0,0.7830365510777881,0.728599146444422,328,1158.3388429752067
GOA human GAF v159 direct BP annotations,gp2protein_then_primary_symbol_fallback,experimental_plus_TAS_IC,greene_table6,all_resolved_genes,456,4268,121,0,0,0,0.7830365510777881,0.7285662280124238,327,1158.4793388429753
GOA human GAF v159 direct BP annotations,gp2protein_then_primary_symbol_fallback,experimental_plus_TAS,greene_table6,all_resolved_genes,454,4268,121,0,0,0,0.7830365510777881,0.7285526733639539,328,1158.5371900826447
GOA human GAF v159 direct BP annotations,gp2protein_then_all_names_fallback,experimental_plus_TAS_IC,greene_table6,mapping_covered_genes_only,456,4267,121,0,0,0,0.7829857042418561,0.7285490996635723,327,1158.280991735537
GOA human GAF v159 direct BP annotations,gp2protein_then_all_names_fallback,experimental_plus_TAS,greene_table6,mapping_covered_genes_only,454,4267,121,0,0,0,0.7829857042418561,0.7285355418384798,328,1158.3388429752067
GOA human GAF v159 direct BP annotations,gp2protein_then_primary_symbol_fallback,experimental_plus_TAS_IC,greene_table6,mapping_covered_genes_only,456,4267,121,0,0,0,0.7829857042418561,0.7285026156918267,327,1158.4793388429753
GOA human GAF v159 direct BP annotations,gp2protein_then_primary_symbol_fallback,experimental_plus_TAS,greene_table6,mapping_covered_genes_only,454,4267,121,0,0,0,0.7829857042418561,0.7284890578667343,328,1158.5371900826447
GOA human GAF v159 direct BP annotations,gp2protein_unique_full_GeneID_link_only,all_non_NOT,greene_table6,mapping_covered_genes_only,595,4215,121,0,0,0,0.7829181494661922,0.7298765722576787,314,1138.5702479338843
GOA human GAF v159 direct BP annotations,gp2protein_all_graphsage_links,all_except_IEA_ND_NAS,greene_table6,mapping_covered_genes_only,530,4259,121,0,0,0,0.7828128668701573,0.7291588643591888,328,1153.5123966942149
GOA human GAF v159 direct BP annotations,gp2protein_all_graphsage_links,all_except_IEA_ND_NAS,greene_table6,all_resolved_genes,530,4268,121,0,0,0,0.7828022492970946,0.7293795069206163,328,1155.0082644628098
GOA human GAF v159 direct BP annotations,gp2protein_unique_graphsage_link_only,all_except_IEA_ND_NAS,greene_table6,all_resolved_genes,530,4268,121,0,0,0,0.7828022492970946,0.7293640158937935,328,1155.0743801652893
GOA human GAF v159 direct BP annotations,gp2protein_unique_full_GeneID_link_only,all_except_IEA_ND_NAS,greene_table6,all_resolved_genes,529,4268,121,0,0,0,0.7828022492970946,0.7293620795154406,329,1155.0826446280992
GOA human GAF v159 direct BP annotations,gp2protein_union_all_names_sensitivity,experimental_plus_TAS_IC,greene_table6,all_resolved_genes,456,4268,121,0,0,0,0.7828022492970946,0.7285062002834858,327,1158.7355371900826
GOA human GAF v159 direct BP annotations,gp2protein_union_all_names_sensitivity,experimental_plus_TAS,greene_table6,all_resolved_genes,454,4268,121,0,0,0,0.7828022492970946,0.7284926456350159,328,1158.793388429752
GOA human GAF v159 direct BP annotations,gp2protein_unique_graphsage_link_only,all_non_NOT,greene_table9,all_resolved_genes,2652,4268,121,0,0,0,0.7828022492970946,0.7253847583787091,338,1172.0578512396694
GOA human GAF v159 direct BP annotations,gp2protein_unique_full_GeneID_link_only,all_non_NOT,greene_table9,all_resolved_genes,2649,4268,121,0,0,0,0.7828022492970946,0.725375076486945,338,1172.099173553719
GOA human GAF v159 direct BP annotations,gp2protein_unique_graphsage_link_only,all_non_NOT,greene_table6,mapping_covered_genes_only,597,4240,121,0,0,0,0.7827830188679246,0.7300736784656167,317,1144.4876033057851
GOA human GAF v159 direct BP annotations,gp2protein_union_all_names_sensitivity,experimental_plus_TAS_IC,greene_table6,mapping_covered_genes_only,456,4267,121,0,0,0,0.7827513475509726,0.7284425738949888,327,1158.7355371900826
GOA human GAF v159 direct BP annotations,gp2protein_union_all_names_sensitivity,experimental_plus_TAS,greene_table6,mapping_covered_genes_only,454,4267,121,0,0,0,0.7827513475509726,0.7284290160698964,328,1158.793388429752
GOA human GAF v159 direct BP annotations,gp2protein_then_all_names_fallback,all_except_IEA_ND_NAS,greene_table6,all_resolved_genes,530,4268,121,0,0,0,0.7825679475164011,0.7294240436227315,328,1154.8181818181818
GOA human GAF v159 direct BP annotations,gp2protein_then_primary_symbol_fallback,all_except_IEA_ND_NAS,greene_table6,all_resolved_genes,530,4268,121,0,0,0,0.7825679475164011,0.7293717614072048,328,1155.0413223140497
GOA human GAF v159 direct BP annotations,gp2protein_unique_graphsage_link_only,all_non_NOT,ohmnet_label_terms,all_resolved_genes,343,4268,121,0,0,0,0.7825679475164011,0.7250323375184924,338,1173.5619834710744
GOA human GAF v159 direct BP annotations,gp2protein_unique_full_GeneID_link_only,all_non_NOT,ohmnet_label_terms,all_resolved_genes,343,4268,121,0,0,0,0.7825679475164011,0.7250265283834338,338,1173.5867768595042
GOA human GAF v159 direct BP annotations,gp2protein_then_all_names_fallback,all_except_IEA_ND_NAS,greene_table6,mapping_covered_genes_only,530,4267,121,0,0,0,0.7825169908600891,0.7293606323369624,328,1154.8181818181818
GOA human GAF v159 direct BP annotations,gp2protein_then_primary_symbol_fallback,all_except_IEA_ND_NAS,greene_table6,mapping_covered_genes_only,530,4267,121,0,0,0,0.7825169908600891,0.7293083378687486,328,1155.0413223140497
GOA human GAF v159 direct BP annotations,gp2protein_all_graphsage_links,experimental_plus_TAS_NAS_IC,greene_table6,mapping_covered_genes_only,463,4259,121,0,0,0,0.7823432730687955,0.7283632715552287,327,1156.900826446281
GOA human GAF v159 direct BP annotations,gp2protein_union_all_names_sensitivity,all_except_IEA_ND_NAS,greene_table6,all_resolved_genes,530,4268,121,0,0,0,0.7823336457357076,0.7293310974617953,328,1155.2148760330579
GOA human GAF v159 direct BP annotations,gp2protein_all_graphsage_links,experimental_plus_TAS_NAS_IC,greene_table6,all_resolved_genes,463,4268,121,0,0,0,0.7823336457357076,0.7285855917959522,327,1158.396694214876
GOA human GAF v159 direct BP annotations,gp2protein_unique_graphsage_link_only,experimental_plus_TAS_NAS_IC,greene_table6,all_resolved_genes,463,4268,121,0,0,0,0.7823336457357076,0.7285352459587784,327,1158.611570247934
GOA human GAF v159 direct BP annotations,gp2protein_unique_full_GeneID_link_only,experimental_plus_TAS_NAS_IC,greene_table6,all_resolved_genes,462,4268,121,0,0,0,0.7823336457357076,0.7285333095804255,327,1158.6198347107438
GOA human GAF v159 direct BP annotations,gp2protein_unique_graphsage_link_only,experimental_plus_TAS_NAS_IC,greene_table9,all_resolved_genes,1334,4268,121,0,0,0,0.7823336457357076,0.7240428481801916,336,1177.7851239669421
GOA human GAF v159 direct BP annotations,gp2protein_unique_full_GeneID_link_only,experimental_plus_TAS_NAS_IC,greene_table9,all_resolved_genes,1332,4268,121,0,0,0,0.7823336457357076,0.7240312299100746,336,1177.8347107438017
GOA human GAF v159 direct BP annotations,gp2protein_unique_graphsage_link_only,experimental_plus_TAS_IC,greene_table9,all_resolved_genes,1297,4268,121,0,0,0,0.7823336457357076,0.7240254207750161,336,1177.8595041322315
GOA human GAF v159 direct BP annotations,gp2protein_unique_full_GeneID_link_only,experimental_plus_TAS_IC,greene_table9,all_resolved_genes,1295,4268,121,0,0,0,0.7823336457357076,0.7240157388832519,336,1177.900826446281
GOA human GAF v159 direct BP annotations,gp2protein_unique_graphsage_link_only,experimental_plus_TAS,greene_table9,all_resolved_genes,1277,4268,121,0,0,0,0.7823336457357076,0.7239905659646649,336,1178.0082644628098
GOA human GAF v159 direct BP annotations,gp2protein_unique_full_GeneID_link_only,experimental_plus_TAS,greene_table9,all_resolved_genes,1275,4268,121,0,0,0,0.7823336457357076,0.723978947694548,336,1178.0578512396694
GOA human GAF v159 direct BP annotations,gp2protein_unique_graphsage_link_only,experimental_plus_TAS_NAS_IC,ohmnet_label_terms,all_resolved_genes,276,4268,121,0,0,0,0.7823336457357076,0.723893747047023,338,1178.4214876033059
GOA human GAF v159 direct BP annotations,gp2protein_unique_graphsage_link_only,experimental_plus_TAS_IC,ohmnet_label_terms,all_resolved_genes,270,4268,121,0,0,0,0.7823336457357076,0.7238879379119645,338,1178.4462809917356
GOA human GAF v159 direct BP annotations,gp2protein_unique_full_GeneID_link_only,experimental_plus_TAS_NAS_IC,ohmnet_label_terms,all_resolved_genes,275,4268,121,0,0,0,0.7823336457357076,0.7238782560202003,338,1178.4876033057851
GOA human GAF v159 direct BP annotations,gp2protein_unique_full_GeneID_link_only,experimental_plus_TAS_IC,ohmnet_label_terms,all_resolved_genes,269,4268,121,0,0,0,0.7823336457357076,0.7238743832634946,338,1178.504132231405
GOA human GAF v159 direct BP annotations,gp2protein_unique_graphsage_link_only,experimental_plus_TAS,ohmnet_label_terms,all_resolved_genes,267,4268,121,0,0,0,0.7823336457357076,0.7238530831016133,338,1178.595041322314
GOA human GAF v159 direct BP annotations,gp2protein_unique_full_GeneID_link_only,experimental_plus_TAS,ohmnet_label_terms,all_resolved_genes,266,4268,121,0,0,0,0.7823336457357076,0.7238375920747907,338,1178.6611570247933
GOA human GAF v159 direct BP annotations,gp2protein_union_all_names_sensitivity,all_except_IEA_ND_NAS,greene_table6,mapping_covered_genes_only,530,4267,121,0,0,0,0.7822826341692055,0.7292676643934713,328,1155.2148760330579
GOA human GAF v159 direct BP annotations,gp2protein_then_all_names_fallback,experimental_plus_TAS_NAS_IC,greene_table6,all_resolved_genes,463,4268,121,0,0,0,0.7820993439550141,0.7286165738495977,327,1158.2644628099174
GOA human GAF v159 direct BP annotations,gp2protein_then_primary_symbol_fallback,experimental_plus_TAS_NAS_IC,greene_table6,all_resolved_genes,463,4268,121,0,0,0,0.7820993439550141,0.728575909904188,327,1158.4380165289256
GOA human GAF v159 direct BP annotations,gp2protein_then_all_names_fallback,experimental_plus_TAS_NAS_IC,greene_table6,mapping_covered_genes_only,463,4267,121,0,0,0,0.782048277478322,0.7285529733278844,327,1158.2644628099174
GOA human GAF v159 direct BP annotations,gp2protein_then_primary_symbol_fallback,experimental_plus_TAS_NAS_IC,greene_table6,mapping_covered_genes_only,463,4267,121,0,0,0,0.782048277478322,0.7285122998526071,327,1158.4380165289256
GOA human GAF v159 direct BP annotations,gp2protein_all_graphsage_links,exclude_IEA,greene_table6,mapping_covered_genes_only,534,4259,121,0,0,0,0.7818736792674337,0.7291452810674138,328,1153.5702479338843
GOA human GAF v159 direct BP annotations,gp2protein_all_graphsage_links,exclude_IEA_ND,greene_table6,mapping_covered_genes_only,534,4259,121,0,0,0,0.7818736792674337,0.7291452810674138,328,1153.5702479338843
GOA human GAF v159 direct BP annotations,gp2protein_all_graphsage_links,exclude_IEA,greene_table6,all_resolved_genes,534,4268,121,0,0,0,0.7818650421743205,0.7293659522721464,328,1155.0661157024792
GOA human GAF v159 direct BP annotations,gp2protein_all_graphsage_links,exclude_IEA_ND,greene_table6,all_resolved_genes,534,4268,121,0,0,0,0.7818650421743205,0.7293659522721464,328,1155.0661157024792
GOA human GAF v159 direct BP annotations,gp2protein_unique_full_GeneID_link_only,exclude_IEA,greene_table6,all_resolved_genes,533,4268,121,0,0,0,0.7818650421743205,0.7293504612453237,329,1155.1322314049587
GOA human GAF v159 direct BP annotations,gp2protein_unique_full_GeneID_link_only,exclude_IEA_ND,greene_table6,all_resolved_genes,533,4268,121,0,0,0,0.7818650421743205,0.7293504612453237,329,1155.1322314049587
GOA human GAF v159 direct BP annotations,gp2protein_unique_graphsage_link_only,exclude_IEA,greene_table6,all_resolved_genes,534,4268,121,0,0,0,0.7818650421743205,0.7293504612453237,328,1155.1322314049587
GOA human GAF v159 direct BP annotations,gp2protein_unique_graphsage_link_only,exclude_IEA_ND,greene_table6,all_resolved_genes,534,4268,121,0,0,0,0.7818650421743205,0.7293504612453237,328,1155.1322314049587
GOA human GAF v159 direct BP annotations,gp2protein_union_all_names_sensitivity,experimental_plus_TAS_NAS_IC,greene_table6,all_resolved_genes,463,4268,121,0,0,0,0.7818650421743205,0.7285023275267801,327,1158.7520661157025
GOA human GAF v159 direct BP annotations,gp2protein_union_all_names_sensitivity,experimental_plus_TAS_NAS_IC,greene_table6,mapping_covered_genes_only,463,4267,121,0,0,0,0.7818139207874385,0.7284387002306767,327,1158.7520661157025
GOA human GAF v159 direct BP annotations,gp2protein_unique_full_GeneID_link_only,experimental_only,greene_table6,mapping_covered_genes_only,409,4215,121,0,0,0,0.7817319098457889,0.7268825426703136,321,1151.190082644628
GOA human GAF v159 direct BP annotations,gp2protein_then_all_names_fallback,exclude_IEA,greene_table6,all_resolved_genes,534,4268,121,0,0,0,0.781630740393627,0.7294162981093202,328,1154.8512396694214
GOA human GAF v159 direct BP annotations,gp2protein_then_all_names_fallback,exclude_IEA_ND,greene_table6,all_resolved_genes,534,4268,121,0,0,0,0.781630740393627,0.7294162981093202,328,1154.8512396694214
GOA human GAF v159 direct BP annotations,gp2protein_then_primary_symbol_fallback,exclude_IEA,greene_table6,all_resolved_genes,534,4268,121,0,0,0,0.781630740393627,0.729358206758735,328,1155.099173553719
GOA human GAF v159 direct BP annotations,gp2protein_then_primary_symbol_fallback,exclude_IEA_ND,greene_table6,all_resolved_genes,534,4268,121,0,0,0,0.781630740393627,0.729358206758735,328,1155.099173553719
GOA human GAF v159 direct BP annotations,gp2protein_then_all_names_fallback,exclude_IEA,greene_table6,mapping_covered_genes_only,534,4267,121,0,0,0,0.7815795640965549,0.7293528850083381,328,1154.8512396694214
GOA human GAF v159 direct BP annotations,gp2protein_then_all_names_fallback,exclude_IEA_ND,greene_table6,mapping_covered_genes_only,534,4267,121,0,0,0,0.7815795640965549,0.7293528850083381,328,1154.8512396694214
GOA human GAF v159 direct BP annotations,gp2protein_then_primary_symbol_fallback,exclude_IEA,greene_table6,mapping_covered_genes_only,534,4267,121,0,0,0,0.7815795640965549,0.7292947800436562,328,1155.099173553719
GOA human GAF v159 direct BP annotations,gp2protein_then_primary_symbol_fallback,exclude_IEA_ND,greene_table6,mapping_covered_genes_only,534,4267,121,0,0,0,0.7815795640965549,0.7292947800436562,328,1155.099173553719
GOA human GAF v159 direct BP annotations,gp2protein_union_all_names_sensitivity,exclude_IEA,greene_table6,all_resolved_genes,534,4268,121,0,0,0,0.7813964386129335,0.7293291610834424,328,1155.2231404958677
GOA human GAF v159 direct BP annotations,gp2protein_union_all_names_sensitivity,exclude_IEA_ND,greene_table6,all_resolved_genes,534,4268,121,0,0,0,0.7813964386129335,0.7293291610834424,328,1155.2231404958677
GOA human GAF v159 direct BP annotations,gp2protein_unique_graphsage_link_only,experimental_only,greene_table6,mapping_covered_genes_only,410,4240,121,0,0,0,0.7813679245283018,0.7271499298300328,324,1156.8842975206612
GOA human GAF v159 direct BP annotations,gp2protein_union_all_names_sensitivity,exclude_IEA,greene_table6,mapping_covered_genes_only,534,4267,121,0,0,0,0.7813452074056715,0.7292657275613152,328,1155.2231404958677
GOA human GAF v159 direct BP annotations,gp2protein_union_all_names_sensitivity,exclude_IEA_ND,greene_table6,mapping_covered_genes_only,534,4267,121,0,0,0,0.7813452074056715,0.7292657275613152,328,1155.2231404958677
GOA human GAF v159 direct BP annotations,gp2protein_unique_full_GeneID_link_only,experimental_plus_IBA_ISS_IC,greene_table6,mapping_covered_genes_only,512,4215,121,0,0,0,0.7810201660735469,0.7279629030518711,320,1146.6363636363637
GOA human GAF v159 direct BP annotations,gp2protein_then_all_names_fallback,all_non_NOT,greene_table6,all_resolved_genes,597,4268,121,0,0,0,0.7809278350515464,0.7298229375634164,327,1153.1157024793388
GOA human GAF v159 direct BP annotations,gp2protein_all_graphsage_links,all_non_NOT,greene_table6,all_resolved_genes,597,4268,121,0,0,0,0.7809278350515464,0.7298055101582408,327,1153.190082644628
GOA human GAF v159 direct BP annotations,gp2protein_then_primary_symbol_fallback,all_non_NOT,greene_table6,all_resolved_genes,597,4268,121,0,0,0,0.7809278350515464,0.7297919555097709,327,1153.2479338842975
GOA human GAF v159 direct BP annotations,gp2protein_unique_full_GeneID_link_only,all_non_NOT,greene_table6,all_resolved_genes,595,4268,121,0,0,0,0.7809278350515464,0.7297919555097709,329,1153.2479338842975
GOA human GAF v159 direct BP annotations,gp2protein_unique_graphsage_link_only,all_non_NOT,greene_table6,all_resolved_genes,597,4268,121,0,0,0,0.7809278350515464,0.7297880827530653,329,1153.2644628099174
GOA human GAF v159 direct BP annotations,gp2protein_union_all_names_sensitivity,all_non_NOT,greene_table6,all_resolved_genes,597,4268,121,0,0,0,0.7809278350515464,0.7297745281045954,327,1153.3223140495868
GOA human GAF v159 direct BP annotations,gp2protein_then_all_names_fallback,all_non_NOT,greene_table6,mapping_covered_genes_only,597,4267,121,0,0,0,0.7808764940239044,0.7297596197611111,327,1153.1157024793388
GOA human GAF v159 direct BP annotations,gp2protein_then_primary_symbol_fallback,all_non_NOT,greene_table6,mapping_covered_genes_only,597,4267,121,0,0,0,0.7808764940239044,0.7297286304466142,327,1153.2479338842975
GOA human GAF v159 direct BP annotations,gp2protein_union_all_names_sensitivity,all_non_NOT,greene_table6,mapping_covered_genes_only,597,4267,121,0,0,0,0.7808764940239044,0.7297111989572096,327,1153.3223140495868
GOA human GAF v159 direct BP annotations,gp2protein_all_graphsage_links,all_non_NOT,greene_table6,mapping_covered_genes_only,597,4259,121,0,0,0,0.7806996947640291,0.7295857678149723,327,1151.6942148760331
GOA human GAF v159 direct BP annotations,gp2protein_all_graphsage_links,experimental_only,greene_table9,mapping_covered_genes_only,1149,4259,121,0,0,0,0.7806996947640291,0.7234752269865079,327,1177.719008264463
GOA human GAF v159 direct BP annotations,gp2protein_all_graphsage_links,experimental_only,ohmnet_label_terms,mapping_covered_genes_only,240,4259,121,0,0,0,0.7806996947640291,0.7233432750092658,327,1178.280991735537
GOA human GAF v159 direct BP annotations,gp2protein_union_all_names_sensitivity,experimental_plus_IBA_ISS_IC,greene_table9,all_resolved_genes,1926,4268,121,0,0,0,0.7806935332708529,0.7245811613622809,327,1175.4876033057851
GOA human GAF v159 direct BP annotations,gp2protein_then_primary_symbol_fallback,experimental_plus_IBA_ISS_IC,greene_table9,all_resolved_genes,1924,4268,121,0,0,0,0.7806935332708529,0.7245637339571054,327,1175.5619834710744
GOA human GAF v159 direct BP annotations,gp2protein_then_all_names_fallback,experimental_plus_IBA_ISS_IC,greene_table9,all_resolved_genes,1926,4268,121,0,0,0,0.7806935332708529,0.724555988443694,327,1175.595041322314
GOA human GAF v159 direct BP annotations,gp2protein_all_graphsage_links,experimental_plus_IBA_ISS_IC,greene_table9,all_resolved_genes,1923,4268,121,0,0,0,0.7806935332708529,0.7245521156869883,327,1175.611570247934
GOA human GAF v159 direct BP annotations,gp2protein_unique_graphsage_link_only,experimental_plus_IBA_ISS_IC,greene_table9,all_resolved_genes,1923,4268,121,0,0,0,0.7806935332708529,0.7244049509321725,337,1176.2396694214876
GOA human GAF v159 direct BP annotations,gp2protein_unique_full_GeneID_link_only,experimental_plus_IBA_ISS_IC,greene_table9,all_resolved_genes,1921,4268,121,0,0,0,0.7806935332708529,0.7243913962837026,337,1176.297520661157
GOA human GAF v159 direct BP annotations,gp2protein_union_all_names_sensitivity,experimental_plus_IBA_ISS_IC,ohmnet_label_terms,all_resolved_genes,308,4268,121,0,0,0,0.7806935332708529,0.7243700961218215,327,1176.388429752066
GOA human GAF v159 direct BP annotations,gp2protein_all_graphsage_links,experimental_plus_IBA_ISS_IC,ohmnet_label_terms,all_resolved_genes,308,4268,121,0,0,0,0.7806935332708529,0.7243371776898232,327,1176.5289256198348
GOA human GAF v159 direct BP annotations,gp2protein_then_primary_symbol_fallback,experimental_plus_IBA_ISS_IC,ohmnet_label_terms,all_resolved_genes,308,4268,121,0,0,0,0.7806935332708529,0.7243352413114703,327,1176.5371900826447
GOA human GAF v159 direct BP annotations,gp2protein_then_all_names_fallback,experimental_plus_IBA_ISS_IC,ohmnet_label_terms,all_resolved_genes,308,4268,121,0,0,0,0.7806935332708529,0.7243294321764118,327,1176.5619834710744
GOA human GAF v159 direct BP annotations,gp2protein_unique_graphsage_link_only,experimental_plus_IBA_ISS_IC,ohmnet_label_terms,all_resolved_genes,308,4268,121,0,0,0,0.7806935332708529,0.724159030881362,338,1177.2892561983472
GOA human GAF v159 direct BP annotations,gp2protein_unique_full_GeneID_link_only,experimental_plus_IBA_ISS_IC,ohmnet_label_terms,all_resolved_genes,307,4268,121,0,0,0,0.7806935332708529,0.724145476232892,338,1177.3471074380166
GOA human GAF v159 direct BP annotations,gp2protein_union_all_names_sensitivity,experimental_only,greene_table9,all_resolved_genes,1151,4268,121,0,0,0,0.7806935332708529,0.7237194729952675,327,1179.1652892561983
GOA human GAF v159 direct BP annotations,gp2protein_all_graphsage_links,experimental_only,greene_table9,all_resolved_genes,1149,4268,121,0,0,0,0.7806935332708529,0.7237078547251504,327,1179.2148760330579
GOA human GAF v159 direct BP annotations,gp2protein_then_all_names_fallback,experimental_only,greene_table9,all_resolved_genes,1151,4268,121,0,0,0,0.7806935332708529,0.7237059183467976,327,1179.2231404958677
GOA human GAF v159 direct BP annotations,gp2protein_then_primary_symbol_fallback,experimental_only,greene_table9,all_resolved_genes,1150,4268,121,0,0,0,0.7806935332708529,0.7237059183467976,327,1179.2231404958677
GOA human GAF v159 direct BP annotations,gp2protein_all_graphsage_links,experimental_only,ohmnet_label_terms,all_resolved_genes,240,4268,121,0,0,0,0.7806935332708529,0.7235761809971574,327,1179.7768595041323
GOA human GAF v159 direct BP annotations,gp2protein_then_primary_symbol_fallback,experimental_only,ohmnet_label_terms,all_resolved_genes,240,4268,121,0,0,0,0.7806935332708529,0.7235761809971574,327,1179.7768595041323
GOA human GAF v159 direct BP annotations,gp2protein_union_all_names_sensitivity,experimental_only,ohmnet_label_terms,all_resolved_genes,240,4268,121,0,0,0,0.7806935332708529,0.7235761809971574,327,1179.7768595041323
GOA human GAF v159 direct BP annotations,gp2protein_then_all_names_fallback,experimental_only,ohmnet_label_terms,all_resolved_genes,240,4268,121,0,0,0,0.7806935332708529,0.7235703718620988,327,1179.801652892562
GOA human GAF v159 direct BP annotations,gp2protein_unique_graphsage_link_only,experimental_only,greene_table9,all_resolved_genes,1149,4268,121,0,0,0,0.7806935332708529,0.7235548808352762,336,1179.8677685950413
GOA human GAF v159 direct BP annotations,gp2protein_unique_full_GeneID_link_only,experimental_only,greene_table9,all_resolved_genes,1147,4268,121,0,0,0,0.7806935332708529,0.7235413261868063,336,1179.9256198347107
GOA human GAF v159 direct BP annotations,gp2protein_unique_graphsage_link_only,experimental_only,ohmnet_label_terms,all_resolved_genes,240,4268,121,0,0,0,0.7806935332708529,0.7233980341886962,338,1180.5371900826447
GOA human GAF v159 direct BP annotations,gp2protein_unique_full_GeneID_link_only,experimental_only,ohmnet_label_terms,all_resolved_genes,239,4268,121,0,0,0,0.7806935332708529,0.7233786704051678,338,1180.6198347107438
GOA human GAF v159 direct BP annotations,gp2protein_unique_graphsage_link_only,experimental_plus_IBA_ISS_IC,greene_table6,mapping_covered_genes_only,513,4240,121,0,0,0,0.7806603773584906,0.7282258693279277,323,1152.3223140495868
GOA human GAF v159 direct BP annotations,gp2protein_union_all_names_sensitivity,experimental_plus_IBA_ISS_IC,greene_table9,mapping_covered_genes_only,1926,4267,121,0,0,0,0.7806421373330208,0.7245166151146508,327,1175.4876033057851
GOA human GAF v159 direct BP annotations,gp2protein_then_primary_symbol_fallback,experimental_plus_IBA_ISS_IC,greene_table9,mapping_covered_genes_only,1924,4267,121,0,0,0,0.7806421373330208,0.7244991836252462,327,1175.5619834710744
GOA human GAF v159 direct BP annotations,gp2protein_then_all_names_fallback,experimental_plus_IBA_ISS_IC,greene_table9,mapping_covered_genes_only,1926,4267,121,0,0,0,0.7806421373330208,0.7244914362966219,327,1175.595041322314
GOA human GAF v159 direct BP annotations,gp2protein_union_all_names_sensitivity,experimental_plus_IBA_ISS_IC,ohmnet_label_terms,mapping_covered_genes_only,308,4267,121,0,0,0,0.7806421373330208,0.72430550040964,327,1176.388429752066
GOA human GAF v159 direct BP annotations,gp2protein_then_primary_symbol_fallback,experimental_plus_IBA_ISS_IC,ohmnet_label_terms,mapping_covered_genes_only,308,4267,121,0,0,0,0.7806421373330208,0.7242706374308309,327,1176.5371900826447
GOA human GAF v159 direct BP annotations,gp2protein_then_all_names_fallback,experimental_plus_IBA_ISS_IC,ohmnet_label_terms,mapping_covered_genes_only,308,4267,121,0,0,0,0.7806421373330208,0.7242648269343627,327,1176.5619834710744
GOA human GAF v159 direct BP annotations,gp2protein_union_all_names_sensitivity,experimental_only,greene_table9,mapping_covered_genes_only,1151,4267,121,0,0,0,0.7806421373330208,0.7236547248052031,327,1179.1652892561983
GOA human GAF v159 direct BP annotations,gp2protein_then_all_names_fallback,experimental_only,greene_table9,mapping_covered_genes_only,1151,4267,121,0,0,0,0.7806421373330208,0.7236411669801107,327,1179.2231404958677
GOA human GAF v159 direct BP annotations,gp2protein_then_primary_symbol_fallback,experimental_only,greene_table9,mapping_covered_genes_only,1150,4267,121,0,0,0,0.7806421373330208,0.7236411669801107,327,1179.2231404958677
GOA human GAF v159 direct BP annotations,gp2protein_then_primary_symbol_fallback,experimental_only,ohmnet_label_terms,mapping_covered_genes_only,240,4267,121,0,0,0,0.7806421373330208,0.7235113992256546,327,1179.7768595041323
GOA human GAF v159 direct BP annotations,gp2protein_union_all_names_sensitivity,experimental_only,ohmnet_label_terms,mapping_covered_genes_only,240,4267,121,0,0,0,0.7806421373330208,0.7235113992256546,327,1179.7768595041323
GOA human GAF v159 direct BP annotations,gp2protein_then_all_names_fallback,experimental_only,ohmnet_label_terms,mapping_covered_genes_only,240,4267,121,0,0,0,0.7806421373330208,0.7235055887291864,327,1179.801652892562
GOA human GAF v159 direct BP annotations,gp2protein_all_graphsage_links,experimental_plus_IBA_ISS_IC,greene_table9,mapping_covered_genes_only,1923,4259,121,0,0,0,0.7804648978633482,0.7243212720170606,327,1174.1157024793388
GOA human GAF v159 direct BP annotations,gp2protein_all_graphsage_links,experimental_plus_IBA_ISS_IC,ohmnet_label_terms,mapping_covered_genes_only,308,4259,121,0,0,0,0.7804648978633482,0.7241058798189153,327,1175.0330578512396
GOA human GAF v159 direct BP annotations,gp2protein_all_graphsage_links,experimental_plus_IBA_ISS_IC,greene_table6,mapping_covered_genes_only,513,4259,121,0,0,0,0.7792909133599437,0.7277403806038355,335,1159.5537190082644
GOA human GAF v159 direct BP annotations,gp2protein_union_all_names_sensitivity,experimental_plus_IBA_ISS_IC,greene_table6,all_resolved_genes,513,4268,121,0,0,0,0.7792877225866917,0.7280317875870402,335,1160.7603305785124
GOA human GAF v159 direct BP annotations,gp2protein_then_all_names_fallback,experimental_plus_IBA_ISS_IC,greene_table6,all_resolved_genes,513,4268,121,0,0,0,0.7792877225866917,0.7280240420736288,335,1160.793388429752
GOA human GAF v159 direct BP annotations,gp2protein_then_primary_symbol_fallback,experimental_plus_IBA_ISS_IC,greene_table6,all_resolved_genes,513,4268,121,0,0,0,0.7792877225866917,0.7279659507230437,335,1161.0413223140497
GOA human GAF v159 direct BP annotations,gp2protein_all_graphsage_links,experimental_plus_IBA_ISS_IC,greene_table6,all_resolved_genes,513,4268,121,0,0,0,0.7792877225866917,0.7279640143446908,335,1161.0495867768595
GOA human GAF v159 direct BP annotations,gp2protein_unique_graphsage_link_only,experimental_plus_IBA_ISS_IC,greene_table6,all_resolved_genes,513,4268,121,0,0,0,0.7792877225866917,0.7279523960745738,335,1161.099173553719
GOA human GAF v159 direct BP annotations,gp2protein_unique_full_GeneID_link_only,experimental_plus_IBA_ISS_IC,greene_table6,all_resolved_genes,512,4268,121,0,0,0,0.7792877225866917,0.7279020502374,335,1161.314049586777
GOA human GAF v159 direct BP annotations,gp2protein_union_all_names_sensitivity,experimental_plus_IBA_ISS_IC,greene_table6,mapping_covered_genes_only,513,4267,121,0,0,0,0.7792359971877197,0.7279680500167536,335,1160.7603305785124
GOA human GAF v159 direct BP annotations,gp2protein_then_all_names_fallback,experimental_plus_IBA_ISS_IC,greene_table6,mapping_covered_genes_only,513,4267,121,0,0,0,0.7792359971877197,0.7279603026881294,335,1160.793388429752
GOA human GAF v159 direct BP annotations,gp2protein_then_primary_symbol_fallback,experimental_plus_IBA_ISS_IC,greene_table6,mapping_covered_genes_only,513,4267,121,0,0,0,0.7792359971877197,0.7279021977234474,335,1161.0413223140497
GOA human GAF v159 direct BP annotations,gp2protein_all_graphsage_links,experimental_only,greene_table6,mapping_covered_genes_only,410,4259,121,0,0,0,0.7790561164592628,0.726677002904884,336,1164.0826446280992
GOA human GAF v159 direct BP annotations,gp2protein_union_all_names_sensitivity,experimental_only,greene_table6,all_resolved_genes,410,4268,121,0,0,0,0.7790534208059982,0.7269706522496844,336,1165.2892561983472
GOA human GAF v159 direct BP annotations,gp2protein_then_all_names_fallback,experimental_only,greene_table6,all_resolved_genes,410,4268,121,0,0,0,0.7790534208059982,0.7269629067362731,336,1165.3223140495868
GOA human GAF v159 direct BP annotations,gp2protein_then_primary_symbol_fallback,experimental_only,greene_table6,all_resolved_genes,410,4268,121,0,0,0,0.7790534208059982,0.7269048153856879,336,1165.5702479338843
GOA human GAF v159 direct BP annotations,gp2protein_all_graphsage_links,experimental_only,greene_table6,all_resolved_genes,410,4268,121,0,0,0,0.7790534208059982,0.726902879007335,336,1165.5785123966941
GOA human GAF v159 direct BP annotations,gp2protein_unique_graphsage_link_only,experimental_only,greene_table6,all_resolved_genes,410,4268,121,0,0,0,0.7790534208059982,0.7268835152238066,336,1165.6611570247933
GOA human GAF v159 direct BP annotations,gp2protein_unique_full_GeneID_link_only,experimental_only,greene_table6,all_resolved_genes,409,4268,121,0,0,0,0.7790534208059982,0.7268351057649857,336,1165.8677685950413
GOA human GAF v159 direct BP annotations,gp2protein_union_all_names_sensitivity,experimental_only,greene_table6,mapping_covered_genes_only,410,4267,121,0,0,0,0.7790016404968362,0.7269066659952315,336,1165.2892561983472
GOA human GAF v159 direct BP annotations,gp2protein_then_all_names_fallback,experimental_only,greene_table6,mapping_covered_genes_only,410,4267,121,0,0,0,0.7790016404968362,0.7268989186666073,336,1165.3223140495868
GOA human GAF v159 direct BP annotations,gp2protein_then_primary_symbol_fallback,experimental_only,greene_table6,mapping_covered_genes_only,410,4267,121,0,0,0,0.7790016404968362,0.7268408137019254,336,1165.5702479338843
