record_type,artifact_name,local_path,local_status,origin_in_this_run,analysis_role,used_by,direct_or_canonical_source_url,source_page_url,url_status,retrieval_status,retrieved_at_utc,size_bytes,sha256,parent_or_derivation,notes,batch_id,user_local_relative_path,user_local_status,user_local_size_bytes,user_local_sha256,user_local_mtime_utc,inventory_file,inventory_sha256,deletion_state,event_recorded_at_utc,supersedes_prior_record_type,hash_authority,runtime_verification_status,planned_batch,retained_derivative_paths,parser_script_sha256,raw_to_derived_reconciliation,user_deletion_confirmed_at_utc
actual_input,Greene2015.pdf,/mnt/data/Greene2015.pdf,present,user_upload,Greene et al. manuscript,documentary verification,https://doi.org/10.1038/ng.3259,https://www.nature.com/articles/ng.3259,official_or_canonical_url_recorded,supplied_by_user; not downloaded by corrected run,,1729378,15c734d37bf63dc586d9bfb95673612209a2f2d298a0a1dc84fa63a1d7a17ce2,,User-supplied publisher PDF.,,,,,,,,,,,,,,,,,,
actual_input,Greene2015_Table6.xlsx,/mnt/data/Greene2015_Table6.xlsx,present,user_upload,expert-curated GO term list,run_local_label_source_screen.py,https://www.nature.com/articles/ng.3259#Sec23,https://www.nature.com/articles/ng.3259,official_or_canonical_url_recorded,supplied_by_user; not downloaded by corrected run,,37992,691b9d895ac6d0f6ed7abedb96d9b206965fe221e3ccdae940b4daa5db50533e,,Supplementary Table 6; 973 GO IDs after parsing.,,,,,,,,,,,,,,,,,,
actual_input,Greene2015_Table9.xlsx,/mnt/data/Greene2015_Table9.xlsx,present,user_upload,GO-to-tissue mapping,run_local_label_source_screen.py,https://www.nature.com/articles/ng.3259#Sec23,https://www.nature.com/articles/ng.3259,official_or_canonical_url_recorded,supplied_by_user; not downloaded by corrected run,,140272,18ae68f28d9b84f4b1cb7f7c7c1cc8eb76716414de2089a329f070a5aeca6cd5,,"Supplementary Table 9; 6,172 unique GO IDs after parsing.",,,,,,,,,,,,,,,,,,
actual_input,Greene2015_sup.pdf,/mnt/data/Greene2015_sup.pdf,present,user_upload,Greene et al. supplementary information,documentary verification,https://www.nature.com/articles/ng.3259#Sec23,https://www.nature.com/articles/ng.3259,official_or_canonical_url_recorded,supplied_by_user; not downloaded by corrected run,,6701167,89e84c545590a3d34890f24cf6543a336b59cace8926a83701f503afcd979ed9,,User-supplied supplementary PDF; source page recorded because publisher asset URLs may change.,,,,,,,,,,,,,,,,,,
actual_input,OhmNet.pdf,/mnt/data/OhmNet.pdf,present,user_upload,OhmNet manuscript,documentary verification,https://doi.org/10.1093/bioinformatics/btx252,https://academic.oup.com/bioinformatics/article/33/14/i190/3953967,official_or_canonical_url_recorded,supplied_by_user; not downloaded by corrected run,,1458562,e60daf8341d0e322ce58e7c6ad194f7e4b573df7c8aba1716ad78c98992b02fe,,User-supplied manuscript PDF.,,,,,,,,,,,,,,,,,,
actual_input,Pasted markdown(1).md,/mnt/data/Pasted markdown(1).md,present,user_upload,copied EBI GOA archive listing,historical source discovery only,https://ftp.ebi.ac.uk/pub/databases/GO/goa/old/HUMAN/,https://ftp.ebi.ac.uk/pub/databases/GO/goa/old/HUMAN/,official_or_canonical_url_recorded,supplied_by_user; not downloaded by corrected run,,237584,f856e6f29f02a17c83650724f2b8434383dc7952c03e5200d4bb9c47c1c8782e,,"Local file is a pasted listing, not an archive data file.",,,,,,,,,,,,,,,,,,
actual_input,bio-tissue-hierarchy.tar.gz,/mnt/data/bio-tissue-hierarchy.tar.gz,present,user_upload,OhmNet tissue hierarchy; retained for later work,not used in current numeric checks,https://snap.stanford.edu/ohmnet/bio-tissue-hierarchy.tar.gz,https://snap.stanford.edu/ohmnet/,official_or_canonical_url_recorded,supplied_by_user; not downloaded by corrected run,,421785,c4568a68bb83319bff854eecf73a93f698fe2c41ed6e95639af974dd024ffef7,,Official OhmNet project download.,,,,,,,,,,,,,,,,,,
actual_input,bio-tissue-labels.tar.gz,/mnt/data/bio-tissue-labels.tar.gz,present,user_upload,OhmNet tissue-specific GO labels,run_local_label_source_screen.py,https://snap.stanford.edu/ohmnet/bio-tissue-labels.tar.gz,https://snap.stanford.edu/ohmnet/,official_or_canonical_url_recorded,supplied_by_user; not downloaded by corrected run,,1793328,6abf272940d2407849bd779e5f85c0377a2fb07c2351d1ebc82e3d06a46bc11d,,Official OhmNet project download.,,,,,,,,,,,,,,,,,,
actual_input,bio-tissue-networks.tar.gz,/mnt/data/bio-tissue-networks.tar.gz,present,user_upload,OhmNet tissue PPI source candidate,run_core_verification.py,https://snap.stanford.edu/ohmnet/bio-tissue-networks.tar.gz,https://snap.stanford.edu/ohmnet/,official_or_canonical_url_recorded,supplied_by_user; not downloaded by corrected run,,15568869,2c79e17f4a7c8680a7cbf8b20cef4acf356a7523c9a75fce586494153c0603d1,,Official OhmNet project download.,,,,,,,,,,,,,,,,,,
actual_input,bio-tissue-readme.txt,/mnt/data/bio-tissue-readme.txt,present,user_upload,OhmNet data documentation,report documentation,https://snap.stanford.edu/ohmnet/bio-tissue-readme.txt,https://snap.stanford.edu/ohmnet/,official_or_canonical_url_recorded,supplied_by_user; not downloaded by corrected run,,1465,7f3372f8ae3a90852951c73b18980386ceb4ad2f5d32d81366adf22fd75e2b20,,States Entrez Gene IDs and August-September 2016 collection date.,,,,,,,,,,,,,,,,,,
actual_input,dgl_ppi.zip,/mnt/data/dgl_ppi.zip,present,user_upload,downstream DGL dataset to reproduce,run_core_verification.py,https://data.dgl.ai/dataset/ppi.zip,https://github.com/dmlc/dgl/blob/master/python/dgl/data/ppi.py,official_or_canonical_url_recorded,supplied_by_user; not downloaded by corrected run,,7088822,1f5b2b09ac0f897fa6aa1338c64ab75a5473674cbba89380120bede8cddb2a6a,,Direct URL used by the DGL dataset loader; supplied archive was hash-checked locally.,,,,,,,,,,,,,,,,,,
actual_input,graphsage_ppi.zip,/mnt/data/graphsage_ppi.zip,present,user_upload,primary dataset under investigation,run_core_verification.py,https://snap.stanford.edu/graphsage/ppi.zip,https://snap.stanford.edu/graphsage/,official_or_canonical_url_recorded,supplied_by_user; not downloaded by corrected run,,27029260,53aeb76e54fd41b645e7edb48b62929240b89839495396b048086fd212503fbd,,Official GraphSAGE project page links this preprocessed PPI archive.,,,,,,,,,,,,,,,,,,
actual_input,historical_go_mapping_inventory.md,/mnt/data/historical_go_mapping_inventory.md,present,user_upload,prior source-discovery inventory,historical source discovery only,,,derived_local_artifact,supplied_by_user; not downloaded by corrected run,,55969,ad10c6ed2919409a3dda0f2e89f4a5f7709cb739f9e3129297b1fa9f497f4b0c,,Generated in an earlier turn; individual underlying URLs are represented below.,,,,,,,,,,,,,,,,,,
actual_input,investigation_summary_2026_08_23.md,/mnt/data/investigation_summary_2026_08_23.md,present,user_upload,prior hypotheses to independently test,hypothesis list only; never used as mapping input,,,no_external_url_supplied,supplied_by_user; not downloaded by corrected run,,13819,fe23f5d35c1c3a21bba13c2241e0c8c783c31a0a31026c8e5f1c0d7a8c320d16,,No external URL was supplied.,,,,,,,,,,,,,,,,,,
actual_input,msigdb_v5.1_files_to_download_locally.zip,/mnt/data/msigdb_v5.1_files_to_download_locally.zip,present,user_upload,historical MSigDB comparison,run_local_label_source_screen.py,https://www.gsea-msigdb.org/gsea/downloads.jsp,https://www.gsea-msigdb.org/gsea/downloads.jsp,official_source_page; authenticated direct URL unavailable,supplied_by_user; not downloaded by corrected run,,69702250,5a8b3f10ea92f8e71eaaa0705ab9d3a5229d838864eec9699544b75884bc9e29,,MSigDB direct archive links require an authenticated account; the official download page is recorded instead.,,,,,,,,,,,,,,,,,,
actual_input,msigdb_v5.2_chip_files_to_download_locally.zip,/mnt/data/msigdb_v5.2_chip_files_to_download_locally.zip,present,user_upload,historical chip mappings; retained for later GO work,not used in current numeric checks,https://www.gsea-msigdb.org/gsea/downloads.jsp,https://www.gsea-msigdb.org/gsea/downloads.jsp,official_source_page; authenticated direct URL unavailable,supplied_by_user; not downloaded by corrected run,,67891640,252befc853b5e01cfe99439ec50a7ab8de747cd0abe6224a93077f2d9b0b20fc,,MSigDB authenticated download.,,,,,,,,,,,,,,,,,,
actual_input,msigdb_v5.2_files_to_download_locally.zip,/mnt/data/msigdb_v5.2_files_to_download_locally.zip,present,user_upload,feature recovery and historical label comparison,run_core_verification.py; run_local_label_source_screen.py,https://www.gsea-msigdb.org/gsea/downloads.jsp,https://www.gsea-msigdb.org/gsea/downloads.jsp,official_source_page; authenticated direct URL unavailable,supplied_by_user; not downloaded by corrected run,,92768160,a618c1c60b11570036034e6357e73e80ee43065ec7a57c1dbd238f205405fbdb,,MSigDB direct archive links require an authenticated account; archive version and hash identify the supplied bytes.,,,,,,,,,,,,,,,,,,
actual_input,msigdb_v6.0_files_to_download_locally.zip,/mnt/data/msigdb_v6.0_files_to_download_locally.zip,present,user_upload,later MSigDB comparison,run_local_label_source_screen.py,https://www.gsea-msigdb.org/gsea/downloads.jsp,https://www.gsea-msigdb.org/gsea/downloads.jsp,official_source_page; authenticated direct URL unavailable,supplied_by_user; not downloaded by corrected run,,72144318,39fa82c4cedc9183c532afb1c1431683536b5945e50fb8be4f5bcce3ac136edf,,MSigDB authenticated download.,,,,,,,,,,,,,,,,,,
web_reference,DGL PR 395,,web_reference_only,web_research,historical introduction of PPI dataset loader,documentary verification,https://github.com/dmlc/dgl/pull/395,https://github.com/dmlc/dgl/pull/395,official_page_or_repository,inspected online; no local byte copy,2026-08-24T15:57:12.528349+00:00,,,,,,,,,,,,,,,,,,,,,,
web_reference,DGL current PPI loader source,,web_reference_only,web_research,downstream loader behavior,documentary verification,https://github.com/dmlc/dgl/blob/master/python/dgl/data/ppi.py,https://github.com/dmlc/dgl/blob/master/python/dgl/data/ppi.py,official_page_or_repository,inspected online; no local byte copy,2026-08-24T15:57:12.528345+00:00,,,,,,,,,,,,,,,,,,,,,,
web_reference,EBI GOA old/HUMAN index,,web_reference_only,web_research,historical GOA archive index,documentary verification,https://ftp.ebi.ac.uk/pub/databases/GO/goa/old/HUMAN/,https://ftp.ebi.ac.uk/pub/databases/GO/goa/old/HUMAN/,official_page_or_repository,inspected online; no local byte copy,2026-08-24T15:57:12.528352+00:00,,,,,,,,,,,,,,,,,,,,,,
web_reference,GraphSAGE paper,,web_reference_only,web_research,manuscript,documentary verification,https://arxiv.org/abs/1706.02216,https://arxiv.org/abs/1706.02216,official_page_or_repository,inspected online; no local byte copy,2026-08-24T15:57:12.528330+00:00,,,,,,,,,,,,,,,,,,,,,,
web_reference,GraphSAGE project page,,web_reference_only,web_research,official dataset provenance,documentary verification,https://snap.stanford.edu/graphsage/,https://snap.stanford.edu/graphsage/,official_page_or_repository,inspected online; no local byte copy,2026-08-24T15:57:12.528195+00:00,,,,,,,,,,,,,,,,,,,,,,
web_reference,GraphSAGE repository,,web_reference_only,web_research,input format and code provenance,documentary verification,https://github.com/williamleif/GraphSAGE,https://github.com/williamleif/GraphSAGE,official_page_or_repository,inspected online; no local byte copy,2026-08-24T15:57:12.528302+00:00,,,,,,,,,,,,,,,,,,,,,,
web_reference,OhmNet project page,,web_reference_only,web_research,official data provenance,documentary verification,https://snap.stanford.edu/ohmnet/,https://snap.stanford.edu/ohmnet/,official_page_or_repository,inspected online; no local byte copy,2026-08-24T15:57:12.528336+00:00,,,,,,,,,,,,,,,,,,,,,,
web_reference,OhmNet repository,,web_reference_only,web_research,algorithm code provenance,documentary verification,https://github.com/mims-harvard/ohmnet,https://github.com/mims-harvard/ohmnet,official_page_or_repository,inspected online; no local byte copy,2026-08-24T15:57:12.528341+00:00,,,,,,,,,,,,,,,,,,,,,,
historical_candidate_not_materialized,2016-06-01-go-basic.obo,,not_materialized,web_research_or_prior_inventory,historical GO ontology restricted to safe relations,planned GO source grid; not used in current numeric results,https://release.geneontology.org/2016-06-01/ontology/go-basic.obo,https://release.geneontology.org/2016-06-01/,exact_candidate_url_recorded,not materialized in runtime,,,,,,,,,,,,,,,,,,,,,,,
historical_candidate_not_materialized,2016-06-01-go.obo,,not_materialized,web_research_or_prior_inventory,historical GO ontology,planned GO source grid; not used in current numeric results,https://release.geneontology.org/2016-06-01/ontology/go.obo,https://release.geneontology.org/2016-06-01/,exact_candidate_url_recorded,not materialized in runtime,,,,,,,,,,,,,,,,,,,,,,,
historical_candidate_not_materialized,2016-06-01-gp2protein.geneid.gz,,not_materialized,web_research_or_prior_inventory,Entrez GeneID to UniProt mapping candidate,planned GO source grid; not used in current numeric results,https://release.geneontology.org/2016-06-01/annotations/gp2protein/gp2protein.geneid.gz,https://release.geneontology.org/2016-06-01/,exact_candidate_url_recorded,not materialized in runtime,,,,,,,,,,,,,,,,,,,,,,,
historical_candidate_not_materialized,NCBI current gene2accession.gz,,not_materialized,web_research_or_prior_inventory,current rolling GeneID-to-accession mapping,planned GO source grid; not used in current numeric results,https://ftp.ncbi.nlm.nih.gov/gene/DATA/gene2accession.gz,https://ftp.ncbi.nlm.nih.gov/gene/DATA/,exact_candidate_url_recorded,not materialized in runtime,,,,,,,,,,,,,,,,,,,,,,,
historical_candidate_not_materialized,NCBI current gene2go.gz,,not_materialized,web_research_or_prior_inventory,current rolling reference; not a historical substitute,planned GO source grid; not used in current numeric results,https://ftp.ncbi.nlm.nih.gov/gene/DATA/gene2go.gz,https://ftp.ncbi.nlm.nih.gov/gene/DATA/,exact_candidate_url_recorded,not materialized in runtime,,,,,,,,,,,,,,,,,,,,,,,
historical_candidate_not_materialized,NCBI current gene2refseq.gz,,not_materialized,web_research_or_prior_inventory,current rolling GeneID-to-RefSeq mapping,planned GO source grid; not used in current numeric results,https://ftp.ncbi.nlm.nih.gov/gene/DATA/gene2refseq.gz,https://ftp.ncbi.nlm.nih.gov/gene/DATA/,exact_candidate_url_recorded,not materialized in runtime,,,,,,,,,,,,,,,,,,,,,,,
historical_candidate_not_materialized,NCBI current gene_refseq_uniprotkb_collab.gz,,not_materialized,web_research_or_prior_inventory,current RefSeq-to-UniProt collaboration map,planned GO source grid; not used in current numeric results,https://ftp.ncbi.nlm.nih.gov/gene/DATA/gene_refseq_uniprotkb_collab.gz,https://ftp.ncbi.nlm.nih.gov/gene/DATA/,exact_candidate_url_recorded,not materialized in runtime,,,,,,,,,,,,,,,,,,,,,,,
historical_candidate_not_materialized,gene_association.goa_human.155.gz,,not_materialized,web_research_or_prior_inventory,historical human GAF candidate,planned GO source grid; not used in current numeric results,https://ftp.ebi.ac.uk/pub/databases/GO/goa/old/HUMAN/gene_association.goa_human.155.gz,https://ftp.ebi.ac.uk/pub/databases/GO/goa/old/HUMAN/,exact_candidate_url_recorded,not materialized in runtime,,,,,2016-03-14,,,,,,,,,,,,,,,,,,
historical_candidate_not_materialized,gene_association.goa_human.156.gz,,not_materialized,web_research_or_prior_inventory,historical human GAF candidate,planned GO source grid; not used in current numeric results,https://ftp.ebi.ac.uk/pub/databases/GO/goa/old/HUMAN/gene_association.goa_human.156.gz,https://ftp.ebi.ac.uk/pub/databases/GO/goa/old/HUMAN/,exact_candidate_url_recorded,not materialized in runtime,,,,,2016-04-11,,,,,,,,,,,,,,,,,,
historical_candidate_not_materialized,gene_association.goa_human.157.gz,,not_materialized,web_research_or_prior_inventory,historical human GAF candidate,planned GO source grid; not used in current numeric results,https://ftp.ebi.ac.uk/pub/databases/GO/goa/old/HUMAN/gene_association.goa_human.157.gz,https://ftp.ebi.ac.uk/pub/databases/GO/goa/old/HUMAN/,exact_candidate_url_recorded,not materialized in runtime,,,,,2016-05-09,,,,,,,,,,,,,,,,,,
historical_candidate_not_materialized,goa_human.gaf.158.gz,,not_materialized,web_research_or_prior_inventory,historical human GAF candidate,planned GO source grid; not used in current numeric results,https://ftp.ebi.ac.uk/pub/databases/GO/goa/old/HUMAN/goa_human.gaf.158.gz,https://ftp.ebi.ac.uk/pub/databases/GO/goa/old/HUMAN/,exact_candidate_url_recorded,not materialized in runtime,,,,,2016-06-07,,,,,,,,,,,,,,,,,,
historical_candidate_not_materialized,goa_human.gaf.159.gz,,not_materialized,web_research_or_prior_inventory,historical human GAF candidate,planned GO source grid; not used in current numeric results,https://ftp.ebi.ac.uk/pub/databases/GO/goa/old/HUMAN/goa_human.gaf.159.gz,https://ftp.ebi.ac.uk/pub/databases/GO/goa/old/HUMAN/,exact_candidate_url_recorded,not materialized in runtime,,,,,2016-07-04,,,,,,,,,,,,,,,,,,
historical_candidate_not_materialized,goa_human.gaf.160.gz,,not_materialized,web_research_or_prior_inventory,historical human GAF candidate,planned GO source grid; not used in current numeric results,https://ftp.ebi.ac.uk/pub/databases/GO/goa/old/HUMAN/goa_human.gaf.160.gz,https://ftp.ebi.ac.uk/pub/databases/GO/goa/old/HUMAN/,exact_candidate_url_recorded,not materialized in runtime,,,,,2016-09-14,,,,,,,,,,,,,,,,,,
historical_candidate_not_materialized,goa_human.gpa.158.gz,,not_materialized,web_research_or_prior_inventory,historical human GPAD candidate,planned GO source grid; not used in current numeric results,https://ftp.ebi.ac.uk/pub/databases/GO/goa/old/HUMAN/goa_human.gpa.158.gz,https://ftp.ebi.ac.uk/pub/databases/GO/goa/old/HUMAN/,exact_candidate_url_recorded,not materialized in runtime,,,,,2016-06-07,,,,,,,,,,,,,,,,,,
historical_candidate_not_materialized,goa_human.gpa.159.gz,,not_materialized,web_research_or_prior_inventory,historical human GPAD candidate,planned GO source grid; not used in current numeric results,https://ftp.ebi.ac.uk/pub/databases/GO/goa/old/HUMAN/goa_human.gpa.159.gz,https://ftp.ebi.ac.uk/pub/databases/GO/goa/old/HUMAN/,exact_candidate_url_recorded,not materialized in runtime,,,,,2016-07-04,,,,,,,,,,,,,,,,,,
historical_candidate_not_materialized,goa_human.gpa.160.gz,,not_materialized,web_research_or_prior_inventory,historical human GPAD candidate,planned GO source grid; not used in current numeric results,https://ftp.ebi.ac.uk/pub/databases/GO/goa/old/HUMAN/goa_human.gpa.160.gz,https://ftp.ebi.ac.uk/pub/databases/GO/goa/old/HUMAN/,exact_candidate_url_recorded,not materialized in runtime,,,,,2016-09-14,,,,,,,,,,,,,,,,,,
historical_candidate_not_materialized,goa_human.gpi.158.gz,,not_materialized,web_research_or_prior_inventory,historical human GPI and ID metadata candidate,planned GO source grid; not used in current numeric results,https://ftp.ebi.ac.uk/pub/databases/GO/goa/old/HUMAN/goa_human.gpi.158.gz,https://ftp.ebi.ac.uk/pub/databases/GO/goa/old/HUMAN/,exact_candidate_url_recorded,not materialized in runtime,,,,,2016-06-07,,,,,,,,,,,,,,,,,,
historical_candidate_not_materialized,goa_human.gpi.159.gz,,not_materialized,web_research_or_prior_inventory,historical human GPI and ID metadata candidate,planned GO source grid; not used in current numeric results,https://ftp.ebi.ac.uk/pub/databases/GO/goa/old/HUMAN/goa_human.gpi.159.gz,https://ftp.ebi.ac.uk/pub/databases/GO/goa/old/HUMAN/,exact_candidate_url_recorded,not materialized in runtime,,,,,2016-07-04,,,,,,,,,,,,,,,,,,
historical_candidate_not_materialized,goa_human.gpi.160.gz,,not_materialized,web_research_or_prior_inventory,historical human GPI and ID metadata candidate,planned GO source grid; not used in current numeric results,https://ftp.ebi.ac.uk/pub/databases/GO/goa/old/HUMAN/goa_human.gpi.160.gz,https://ftp.ebi.ac.uk/pub/databases/GO/goa/old/HUMAN/,exact_candidate_url_recorded,not materialized in runtime,,,,,2016-09-14,,,,,,,,,,,,,,,,,,
historical_candidate_not_materialized,gp_association.goa_human.155.gz,,not_materialized,web_research_or_prior_inventory,historical human GPAD candidate,planned GO source grid; not used in current numeric results,https://ftp.ebi.ac.uk/pub/databases/GO/goa/old/HUMAN/gp_association.goa_human.155.gz,https://ftp.ebi.ac.uk/pub/databases/GO/goa/old/HUMAN/,exact_candidate_url_recorded,not materialized in runtime,,,,,2016-03-14,,,,,,,,,,,,,,,,,,
historical_candidate_not_materialized,gp_association.goa_human.156.gz,,not_materialized,web_research_or_prior_inventory,historical human GPAD candidate,planned GO source grid; not used in current numeric results,https://ftp.ebi.ac.uk/pub/databases/GO/goa/old/HUMAN/gp_association.goa_human.156.gz,https://ftp.ebi.ac.uk/pub/databases/GO/goa/old/HUMAN/,exact_candidate_url_recorded,not materialized in runtime,,,,,2016-04-11,,,,,,,,,,,,,,,,,,
historical_candidate_not_materialized,gp_association.goa_human.157.gz,,not_materialized,web_research_or_prior_inventory,historical human GPAD candidate,planned GO source grid; not used in current numeric results,https://ftp.ebi.ac.uk/pub/databases/GO/goa/old/HUMAN/gp_association.goa_human.157.gz,https://ftp.ebi.ac.uk/pub/databases/GO/goa/old/HUMAN/,exact_candidate_url_recorded,not materialized in runtime,,,,,2016-05-09,,,,,,,,,,,,,,,,,,
historical_candidate_not_materialized,gp_information.goa_human.155.gz,,not_materialized,web_research_or_prior_inventory,historical human GPI predecessor and ID metadata candidate,planned GO source grid; not used in current numeric results,https://ftp.ebi.ac.uk/pub/databases/GO/goa/old/HUMAN/gp_information.goa_human.155.gz,https://ftp.ebi.ac.uk/pub/databases/GO/goa/old/HUMAN/,exact_candidate_url_recorded,not materialized in runtime,,,,,2016-03-14,,,,,,,,,,,,,,,,,,
historical_candidate_not_materialized,gp_information.goa_human.156.gz,,not_materialized,web_research_or_prior_inventory,historical human GPI predecessor and ID metadata candidate,planned GO source grid; not used in current numeric results,https://ftp.ebi.ac.uk/pub/databases/GO/goa/old/HUMAN/gp_information.goa_human.156.gz,https://ftp.ebi.ac.uk/pub/databases/GO/goa/old/HUMAN/,exact_candidate_url_recorded,not materialized in runtime,,,,,2016-04-11,,,,,,,,,,,,,,,,,,
historical_candidate_not_materialized,gp_information.goa_human.157.gz,,not_materialized,web_research_or_prior_inventory,historical human GPI predecessor and ID metadata candidate,planned GO source grid; not used in current numeric results,https://ftp.ebi.ac.uk/pub/databases/GO/goa/old/HUMAN/gp_information.goa_human.157.gz,https://ftp.ebi.ac.uk/pub/databases/GO/goa/old/HUMAN/,exact_candidate_url_recorded,not materialized in runtime,,,,,2016-05-09,,,,,,,,,,,,,,,,,,
historical_candidate_not_materialized,idmapping.dat.2015_03.gz,,not_materialized,web_research_or_prior_inventory,historical UniProt long-form identifier mapping,planned GO source grid; not used in current numeric results,https://ftp.uniprot.org/pub/databases/uniprot/current_release/knowledgebase/idmapping/idmapping.dat.2015_03.gz,https://ftp.uniprot.org/pub/databases/uniprot/current_release/knowledgebase/idmapping/,exact_candidate_url_recorded,not materialized in runtime,,,,,,,,,,,,,,,,,,,,,,,
historical_candidate_not_materialized,idmapping_selected.tab.2015_03.gz,,not_materialized,web_research_or_prior_inventory,historical UniProt-wide mapping with GeneID and GO fields,planned GO source grid; not used in current numeric results,https://ftp.uniprot.org/pub/databases/uniprot/current_release/knowledgebase/idmapping/idmapping_selected.tab.2015_03.gz,https://ftp.uniprot.org/pub/databases/uniprot/current_release/knowledgebase/idmapping/,exact_candidate_url_recorded,not materialized in runtime,,,,,,,,,,,,,,,,,,,,,,,
historical_candidate_not_materialized,org.Hs.eg.db_3.1.2.tar.gz,,not_materialized,web_research_or_prior_inventory,historical Entrez-to-UniProt and Entrez-to-GO package,planned GO source grid; not used in current numeric results,https://bioconductor.statistik.tu-dortmund.de/packages/3.1/data/annotation/src/contrib/org.Hs.eg.db_3.1.2.tar.gz,https://bioconductor.org/packages/3.1/data/annotation/html/org.Hs.eg.db.html,exact_candidate_url_recorded,not materialized in runtime,,,,,Entrez 2015-03-17; GO 2015-03-14,,,,,,,,,,,,,,,,,,
historical_candidate_not_materialized,org.Hs.eg.db_3.2.3.tar.gz,,not_materialized,web_research_or_prior_inventory,historical Entrez-to-UniProt and Entrez-to-GO package,planned GO source grid; not used in current numeric results,https://bioconductor.statistik.tu-dortmund.de/packages/3.2/data/annotation/src/contrib/org.Hs.eg.db_3.2.3.tar.gz,https://bioconductor.org/packages/3.2/data/annotation/html/org.Hs.eg.db.html,exact_candidate_url_recorded,not materialized in runtime,,,,,Entrez 2015-09-27; GO 2015-09-19,,,,,,,,,,,,,,,,,,
historical_candidate_not_materialized,org.Hs.eg.db_3.3.0.tar.gz,,not_materialized,web_research_or_prior_inventory,historical Entrez-to-UniProt and Entrez-to-GO package,planned GO source grid; not used in current numeric results,https://bioconductor.statistik.tu-dortmund.de/packages/3.3/data/annotation/src/contrib/org.Hs.eg.db_3.3.0.tar.gz,https://bioconductor.org/packages/3.3/data/annotation/html/org.Hs.eg.db.html,exact_candidate_url_recorded,not materialized in runtime,,,,,Entrez 2016-03-14; GO 2016-03-05,,,,,,,,,,,,,,,,,,
historical_candidate_not_materialized,org.Hs.eg.db_3.4.0.tar.gz,,not_materialized,web_research_or_prior_inventory,historical Entrez-to-UniProt and Entrez-to-GO package,planned GO source grid; not used in current numeric results,https://bioconductor.statistik.tu-dortmund.de/packages/3.4/data/annotation/src/contrib/org.Hs.eg.db_3.4.0.tar.gz,https://bioconductor.org/packages/3.4/data/annotation/html/org.Hs.eg.db.html,exact_candidate_url_recorded,not materialized in runtime,,,,,Entrez 2016-09-26; GO 2016-09-21,,,,,,,,,,,,,,,,,,
analysis_script,build_corrected_report.py,/mnt/data/ppi_repro_corrected/scripts/build_corrected_report.py,present,generated locally,"Generate corrected reports, manifests, and status artifacts",reproduction bundle,,,not_applicable_generated_file,generated locally,2026-08-24T16:10:08.938506+00:00,38420,0e44186350ede09e57c1c327c6988dfaed69a35beea9c4b36c5bab9eb9af4171,authored for corrected run,,,,,,,,,,,,,,,,,,,
analysis_script,build_full_source_ledger.py,/mnt/data/ppi_repro_corrected/scripts/build_full_source_ledger.py,present,generated locally,"Generate comprehensive source, script, and output ledger",reproduction bundle,,,not_applicable_generated_file,generated locally,2026-08-24T16:07:46.699187+00:00,5940,a5b01e25269f8104d4fb6b2659f33c48b5769174ddae5e43efcf31118c8f921a,authored for corrected run,,,,,,,,,,,,,,,,,,,
analysis_script,build_source_manifest.py,/mnt/data/ppi_repro_corrected/scripts/build_source_manifest.py,present,generated locally,Initial input/web/historical candidate source enumeration,reproduction bundle,,,not_applicable_generated_file,generated locally,2026-08-24T15:57:08.880029+00:00,21463,eb35f9cd3be67bb1759956e914b72c1ba35d3b183794daa4572d64e0f17af33f,authored for corrected run,,,,,,,,,,,,,,,,,,,
analysis_script,download_or_verify_sources.py,/mnt/data/ppi_repro_corrected/scripts/download_or_verify_sources.py,present,generated locally,Download public direct files and verify recorded SHA-256 values,reproduction bundle,,,not_applicable_generated_file,generated locally,2026-08-24T16:08:58.652158+00:00,5896,a8711ce70760ce5a60e1dbdbd545334723473fb2ff3305d1b0fdaa358442fb6e,authored for corrected run,,,,,,,,,,,,,,,,,,,
analysis_script,refresh_run_status.py,/mnt/data/ppi_repro_corrected/scripts/refresh_run_status.py,present,generated locally,Analysis script,reproduction bundle,,,not_applicable_generated_file,generated locally,2026-08-24T16:07:46.702149+00:00,4803,2404e525d25223f4a46b0c398fa2693f6962e5f1d8c023c3723cae7df18cb636,authored for corrected run,,,,,,,,,,,,,,,,,,,
analysis_script,run_core_verification.py,/mnt/data/ppi_repro_corrected/scripts/run_core_verification.py,present,generated locally,"Core graph, mapping, feature, DGL, and leakage verification",reproduction bundle,,,not_applicable_generated_file,generated locally,2026-08-24T15:48:29.031265+00:00,34961,660e584c4f16886c4f2fb33744415c0ef4d308c965dc35de89df3e88bb15728a,authored for corrected run,,,,,,,,,,,,,,,,,,,
analysis_script,run_local_label_source_screen.py,/mnt/data/ppi_repro_corrected/scripts/run_local_label_source_screen.py,present,generated locally,"Local MSigDB, OhmNet-label, and Greene label-source screen",reproduction bundle,,,not_applicable_generated_file,generated locally,2026-08-24T15:54:08.524877+00:00,20170,352718569ca23dd0e131d137a6030e9d79bdff631ebb21773d8b3eed79792662,authored for corrected run,,,,,,,,,,,,,,,,,,,
analysis_script,validate_corrected_bundle.py,/mnt/data/ppi_repro_corrected/scripts/validate_corrected_bundle.py,present,generated locally,"Validate report references, manifests, hashes, and workbook readability",reproduction bundle,,,not_applicable_generated_file,generated locally,2026-08-24T16:04:41.073529+00:00,4021,6a25dd8046da5e5b9709d2efdf800e97c751a9f31fefb524bbbd93dae3e70a37,authored for corrected run,,,,,,,,,,,,,,,,,,,
generated_output,EXECUTION_DIAGNOSTICS.md,/mnt/data/ppi_repro_corrected/results/EXECUTION_DIAGNOSTICS.md,present,generated locally,Complete accepted and superseded execution diagnostics,report/reproduction bundle,,,not_applicable_generated_file,generated locally,2026-08-24T16:10:11.352641+00:00,4657,0b651d11e14fe6f826d51ed447a01a712210ca0bfbaa5566d9dfbc0135747b02,corrected analysis scripts,,,,,,,,,,,,,,,,,,,
generated_output,MASTER_REPRODUCTION_REPORT.md,/mnt/data/ppi_repro_corrected/results/MASTER_REPRODUCTION_REPORT.md,present,generated locally,Master scientific report,report/reproduction bundle,,,not_applicable_generated_file,generated locally,2026-08-24T16:10:11.354342+00:00,25609,0a1df00dbc4d6c5c3d3f15cfd0980632688445f69f9290d3559489b5508617b5,corrected analysis scripts,,,,,,,,,,,,,,,,,,,
generated_output,MASTER_REPRODUCTION_REPORT_v2.md,/mnt/data/ppi_repro_corrected/results/MASTER_REPRODUCTION_REPORT_v2.md,present,generated locally,Master scientific report,report/reproduction bundle,,,not_applicable_generated_file,generated locally,2026-08-24T16:10:11.354342+00:00,25609,0a1df00dbc4d6c5c3d3f15cfd0980632688445f69f9290d3559489b5508617b5,corrected analysis scripts,,,,,,,,,,,,,,,,,,,
generated_output,REQUESTED_ADDITIONAL_INPUTS.md,/mnt/data/ppi_repro_corrected/results/REQUESTED_ADDITIONAL_INPUTS.md,present,generated locally,Generated analysis output,report/reproduction bundle,,,not_applicable_generated_file,generated locally,2026-08-24T16:10:11.355316+00:00,832,9187d31017c77817bcc22337b231649a4ffdb5b9fdc53e4945431edf37b14553,corrected analysis scripts,,,,,,,,,,,,,,,,,,,
generated_output,SOURCE_ACQUISITION.md,/mnt/data/ppi_repro_corrected/results/SOURCE_ACQUISITION.md,present,generated locally,Source URLs and download/verify instructions,report/reproduction bundle,,,not_applicable_generated_file,generated locally,2026-08-24T16:10:11.352046+00:00,12529,f2a003e6391699b88f3c2ffb5cd018da29dcc16a8ebeeded3ada621be546bcd3,corrected analysis scripts,,,,,,,,,,,,,,,,,,,
generated_output,actual_input_file_manifest.csv,/mnt/data/ppi_repro_corrected/results/actual_input_file_manifest.csv,present,generated locally,Actual input manifest,report/reproduction bundle,,,not_applicable_generated_file,generated locally,2026-08-24T16:10:11.317217+00:00,8658,37d802b1283e0a8c68e626d64ac39ea0d77b3f6fad0323e4edb2b8734ec94a77,corrected analysis scripts,,,,,,,,,,,,,,,,,,,
generated_output,actual_input_file_manifest.json,/mnt/data/ppi_repro_corrected/results/actual_input_file_manifest.json,present,generated locally,Actual input manifest,report/reproduction bundle,,,not_applicable_generated_file,generated locally,2026-08-24T16:10:11.317930+00:00,15537,59b7f1c6d189e3490b76eafaf4b6a13772bc87936fbc639a0de46d7181e4ddee,corrected analysis scripts,,,,,,,,,,,,,,,,,,,
generated_output,actual_input_file_manifest.xlsx,/mnt/data/ppi_repro_corrected/results/actual_input_file_manifest.xlsx,present,generated locally,Actual input manifest,report/reproduction bundle,,,not_applicable_generated_file,generated locally,2026-08-24T16:10:11.348029+00:00,8973,642b6c6ac9ef1fdb3a54ebd83184718ef81f0d5fea8417731f7def4765c1b1b1,corrected analysis scripts,,,,,,,,,,,,,,,,,,,
generated_output,build_corrected_report.stderr,/mnt/data/ppi_repro_corrected/results/build_corrected_report.stderr,present,generated locally,Captured standard error or warning stream,report/reproduction bundle,,,not_applicable_generated_file,generated locally,2026-08-24T16:10:09.336029+00:00,0,e3b0c44298fc1c149afbf4c8996fb92427ae41e4649b934ca495991b7852b855,corrected analysis scripts,,,,,,,,,,,,,,,,,,,
generated_output,build_corrected_report.stdout,/mnt/data/ppi_repro_corrected/results/build_corrected_report.stdout,present,generated locally,Captured standard output,report/reproduction bundle,,,not_applicable_generated_file,generated locally,2026-08-24T16:10:11.379699+00:00,180,53691bcd56c7b89c6512aa369695c8ad7ec001194343ba6fc0a8dece24dd23ca,corrected analysis scripts,,,,,,,,,,,,,,,,,,,
generated_output,build_source_manifest.stderr,/mnt/data/ppi_repro_corrected/results/build_source_manifest.stderr,present,generated locally,Actual input manifest,report/reproduction bundle,,,not_applicable_generated_file,generated locally,2026-08-24T15:57:08.896029+00:00,0,e3b0c44298fc1c149afbf4c8996fb92427ae41e4649b934ca495991b7852b855,corrected analysis scripts,,,,,,,,,,,,,,,,,,,
generated_output,build_source_manifest.stdout,/mnt/data/ppi_repro_corrected/results/build_source_manifest.stdout,present,generated locally,Actual input manifest,report/reproduction bundle,,,not_applicable_generated_file,generated locally,2026-08-24T15:57:12.656029+00:00,270,a5454693ab548e0703ca0272be8d1d502bda780c6d2a4127c81bcec9b509e6fb,corrected analysis scripts,,,,,,,,,,,,,,,,,,,
generated_output,collapsed_gene_labels_topology_features.csv,/mnt/data/ppi_repro_corrected/results/collapsed_gene_labels_topology_features.csv,present,generated locally,Generated analysis output,report/reproduction bundle,,,not_applicable_generated_file,generated locally,2026-08-24T15:49:41.416029+00:00,1061035,4fd88002b2600c0b7c5dcb076390f5b74a39edcb34184f1b0768d9926dcb1907,corrected analysis scripts,,,,,,,,,,,,,,,,,,,
generated_output,core_verification.stderr,/mnt/data/ppi_repro_corrected/results/core_verification.stderr,present,generated locally,Captured standard error or warning stream,report/reproduction bundle,,,not_applicable_generated_file,generated locally,2026-08-24T15:48:29.432577+00:00,0,e3b0c44298fc1c149afbf4c8996fb92427ae41e4649b934ca495991b7852b855,corrected analysis scripts,,,,,,,,,,,,,,,,,,,
generated_output,core_verification.stdout,/mnt/data/ppi_repro_corrected/results/core_verification.stdout,present,generated locally,Captured standard output,report/reproduction bundle,,,not_applicable_generated_file,generated locally,2026-08-24T15:49:45.876617+00:00,1652,df2b49c9a05f7e960b7fd61d40607959d8de1bc77ee1b81e6a6d3a13084c08e1,corrected analysis scripts,,,,,,,,,,,,,,,,,,,
generated_output,core_verification_summary.json,/mnt/data/ppi_repro_corrected/results/core_verification_summary.json,present,generated locally,Generated analysis output,report/reproduction bundle,,,not_applicable_generated_file,generated locally,2026-08-24T15:49:45.876617+00:00,6123,3d4e3624a4d00d6c8c85dcdaab01f951c55a0b6cdf338c97a492ce3930983ec0,corrected analysis scripts,,,,,,,,,,,,,,,,,,,
generated_output,dgl_component_assignment.csv,/mnt/data/ppi_repro_corrected/results/dgl_component_assignment.csv,present,generated locally,Generated analysis output,report/reproduction bundle,,,not_applicable_generated_file,generated locally,2026-08-24T15:49:40.892596+00:00,861,b76360dbf149133385821fe981517c844b191406800e2f67d74659eb21eff249,corrected analysis scripts,,,,,,,,,,,,,,,,,,,
generated_output,dgl_split_verification.csv,/mnt/data/ppi_repro_corrected/results/dgl_split_verification.csv,present,generated locally,Generated analysis output,report/reproduction bundle,,,not_applicable_generated_file,generated locally,2026-08-24T15:49:40.892930+00:00,701,5a0823ae7eb4f6a087b79ed3e2e7232e8d13d02c82d30178594d8e30d431d551,corrected analysis scripts,,,,,,,,,,,,,,,,,,,
generated_output,dgl_transformation_verification.json,/mnt/data/ppi_repro_corrected/results/dgl_transformation_verification.json,present,generated locally,Generated analysis output,report/reproduction bundle,,,not_applicable_generated_file,generated locally,2026-08-24T15:49:40.893513+00:00,2582,b4d60f38f9ca2111ccb3b5eabe0022e5c1e067ebc4e3890864e4d07c1a707cda,corrected analysis scripts,,,,,,,,,,,,,,,,,,,
generated_output,feature_column_mapping.csv,/mnt/data/ppi_repro_corrected/results/feature_column_mapping.csv,present,generated locally,Generated analysis output,report/reproduction bundle,,,not_applicable_generated_file,generated locally,2026-08-24T15:49:25.580029+00:00,7670,be22af448afae0aebccafc16e94e3e916caf2cbf7d46e1686b7d475c29e4939a,corrected analysis scripts,,,,,,,,,,,,,,,,,,,
generated_output,graphsage_row_to_entrez_topology_features.csv,/mnt/data/ppi_repro_corrected/results/graphsage_row_to_entrez_topology_features.csv,present,generated locally,Generated analysis output,report/reproduction bundle,,,not_applicable_generated_file,generated locally,2026-08-24T15:49:25.752029+00:00,1201265,4aaada1751c958db2653e19e05ca5a8e2bdd2da86c1a4441bad26e0468ae7207,corrected analysis scripts,,,,,,,,,,,,,,,,,,,
generated_output,input_verification.stderr,/mnt/data/ppi_repro_corrected/results/input_verification.stderr,present,generated locally,Captured standard error or warning stream,report/reproduction bundle,,,not_applicable_generated_file,generated locally,2026-08-24T16:03:00.744029+00:00,0,e3b0c44298fc1c149afbf4c8996fb92427ae41e4649b934ca495991b7852b855,corrected analysis scripts,,,,,,,,,,,,,,,,,,,
generated_output,input_verification.stdout,/mnt/data/ppi_repro_corrected/results/input_verification.stdout,present,generated locally,Captured standard output,report/reproduction bundle,,,not_applicable_generated_file,generated locally,2026-08-24T16:03:04.400806+00:00,131,cd06fd1cfa0b00c7aeb62c0ad7631af16a1ded134d9f3b11f1ff454e24ee2f5b,corrected analysis scripts,,,,,,,,,,,,,,,,,,,
generated_output,input_verification_log.csv,/mnt/data/ppi_repro_corrected/results/input_verification_log.csv,present,generated locally,Generated analysis output,report/reproduction bundle,,,not_applicable_generated_file,generated locally,2026-08-24T16:03:04.400806+00:00,4107,c62c6d36b52177efea7e8ecd32ad0dc089ad5a8e7a5361a57632978893b1ce95,corrected analysis scripts,,,,,,,,,,,,,,,,,,,
generated_output,local_label_source_screen.stderr,/mnt/data/ppi_repro_corrected/results/local_label_source_screen.stderr,present,generated locally,Captured standard error or warning stream,report/reproduction bundle,,,not_applicable_generated_file,generated locally,2026-08-24T15:54:17.176029+00:00,1079,bfbaef32806945b073b4ec4009a435fe9a4565e64c3364a17e4519e35d1561f7,corrected analysis scripts,,,,,,,,,,,,,,,,,,,
generated_output,local_label_source_screen.stdout,/mnt/data/ppi_repro_corrected/results/local_label_source_screen.stdout,present,generated locally,Captured standard output,report/reproduction bundle,,,not_applicable_generated_file,generated locally,2026-08-24T15:54:16.587227+00:00,3846,3ae6d4f049e5ae3aac84826e935d3f545053cee7842c41dce16f1121fcfaa9a9,corrected analysis scripts,,,,,,,,,,,,,,,,,,,
generated_output,local_label_source_screen_summary.json,/mnt/data/ppi_repro_corrected/results/local_label_source_screen_summary.json,present,generated locally,Generated analysis output,report/reproduction bundle,,,not_applicable_generated_file,generated locally,2026-08-24T15:54:16.587227+00:00,3795,7e3cdf99fea507db9571f28847581492811645ffaaf378d7c618f223a0aca726,corrected analysis scripts,,,,,,,,,,,,,,,,,,,
generated_output,msigdb_label_source_screen.csv,/mnt/data/ppi_repro_corrected/results/msigdb_label_source_screen.csv,present,generated locally,Generated analysis output,report/reproduction bundle,,,not_applicable_generated_file,generated locally,2026-08-24T15:54:16.572029+00:00,213568,3d11550adc4a24853719b44643bff95ac34370f36106ae18d76de286befebddd,corrected analysis scripts,,,,,,,,,,,,,,,,,,,
generated_output,ohmnet_global_label_source_screen.csv,/mnt/data/ppi_repro_corrected/results/ohmnet_global_label_source_screen.csv,present,generated locally,Generated analysis output,report/reproduction bundle,,,not_applicable_generated_file,generated locally,2026-08-24T15:54:16.581978+00:00,99457,257de22d3d83a4a8b0c3de4f738afe62471964f420290815712680042225a90b,corrected analysis scripts,,,,,,,,,,,,,,,,,,,
generated_output,ohmnet_same_tissue_label_screen_best.csv,/mnt/data/ppi_repro_corrected/results/ohmnet_same_tissue_label_screen_best.csv,present,generated locally,Generated analysis output,report/reproduction bundle,,,not_applicable_generated_file,generated locally,2026-08-24T15:54:16.043319+00:00,12371,cae495550f7700b009c1b0ddf4f12f24e747b26c624e53dc4d0ff79a90031101,corrected analysis scripts,,,,,,,,,,,,,,,,,,,
generated_output,tissue_partition.csv,/mnt/data/ppi_repro_corrected/results/tissue_partition.csv,present,generated locally,Generated analysis output,report/reproduction bundle,,,not_applicable_generated_file,generated locally,2026-08-24T15:49:03.456721+00:00,1550,064c396d394b90428ae2f73768c44e470a776259c1d69bea26d028fdd50fb059,corrected analysis scripts,,,,,,,,,,,,,,,,,,,
generated_output,wl_ambiguous_topology_only.json,/mnt/data/ppi_repro_corrected/results/wl_ambiguous_topology_only.json,present,generated locally,Generated analysis output,report/reproduction bundle,,,not_applicable_generated_file,generated locally,2026-08-24T15:49:11.341073+00:00,69252,1f9c89ee87b6c5c8a5deae2340fba7237f5f5dbfec226a1907a22a9670c8d584,corrected analysis scripts,,,,,,,,,,,,,,,,,,,
generated_output,wl_residual_after_features.json,/mnt/data/ppi_repro_corrected/results/wl_residual_after_features.json,present,generated locally,Generated analysis output,report/reproduction bundle,,,not_applicable_generated_file,generated locally,2026-08-24T15:49:25.584232+00:00,36578,664ab9a55cb4087316a632be8eaa92bd5da72dff4a80fe4a94976f1a28dced93,corrected analysis scripts,,,,,,,,,,,,,,,,,,,
generated_output,wl_tissue_summary.csv,/mnt/data/ppi_repro_corrected/results/wl_tissue_summary.csv,present,generated locally,Generated analysis output,report/reproduction bundle,,,not_applicable_generated_file,generated locally,2026-08-24T15:49:11.339306+00:00,991,ca0faa1d0d7eaa8ef63a2f531dba557a3796992f45c0b68ec3acc34260326cb2,corrected analysis scripts,,,,,,,,,,,,,,,,,,,
user_local_candidate_inventory,2016-06-01-go.obo,,not_materialized_in_runtime,user_B000_inventory,candidate historical input,planned batch B105,https://release.geneontology.org/2016-06-01/ontology/go.obo,https://release.geneontology.org/2016-06-01/,official_GO_release_candidate_exact_path,user has local copy; raw bytes not uploaded,,,,declared by local_upload_inventory_20260827T145903Z.csv,,B000,2016-06-01-go.obo,present_on_user_machine_per_B000_inventory,34762536,9b4c0c28d73ba41ae4c684d78b354d2c8bea691a5d759d4cdd188eecdd307ca2,2026-08-15T19:16:39.146564+00:00,local_upload_inventory_20260827T145903Z.csv,dae73b7f54d28a089917ba8cf5b7a7f62b2ea0496cba097f3c1e1bfd94e0e9df,raw_not_uploaded,,,,,,,,,
user_local_candidate_inventory,2016-06-01-gp2protein.geneid.gz,,not_materialized_in_runtime,user_B000_inventory,candidate historical input,planned batch B106,https://release.geneontology.org/2016-06-01/annotations/gp2protein/gp2protein.geneid.gz,https://release.geneontology.org/2016-06-01/,official_GO_release_candidate_exact_path,user has local copy; raw bytes not uploaded,,,,declared by local_upload_inventory_20260827T145903Z.csv,,B000,2016-06-01-gp2protein.geneid.gz,present_on_user_machine_per_B000_inventory,38540366,f3a2d329ada32f03e4c3ec60c55ef77cfe3626c3c875832e59612e5f316504e7,2026-08-15T19:45:00.492038+00:00,local_upload_inventory_20260827T145903Z.csv,dae73b7f54d28a089917ba8cf5b7a7f62b2ea0496cba097f3c1e1bfd94e0e9df,raw_not_uploaded,,,,,,,,,
user_local_candidate_inventory,2016-12-23-gene2go.gz,,not_materialized_in_runtime,user_B000_inventory,candidate historical input,planned batch B202,,,unresolved_from_inventory_only,user has local copy; raw bytes not uploaded,,,,declared by local_upload_inventory_20260827T145903Z.csv,Exact acquisition URL not supplied in B000; equality to any public candidate remains unverified until raw bytes are uploaded/hash-checked.,B000,2016-12-23-gene2go.gz,present_on_user_machine_per_B000_inventory,19731322,33bedddfa375a99557fc8ddc8192b8441745f7c338714441ec3bafbed6228386,2026-08-16T02:58:26.135689+00:00,local_upload_inventory_20260827T145903Z.csv,dae73b7f54d28a089917ba8cf5b7a7f62b2ea0496cba097f3c1e1bfd94e0e9df,raw_not_uploaded,,,,,,,,,
user_local_candidate_inventory,2016-12-23-gene2go_human.tsv.gz,,not_materialized_in_runtime,user_B000_inventory,candidate historical input,planned batch B201,,,unresolved_from_inventory_only,user has local copy; raw bytes not uploaded,,,,declared by local_upload_inventory_20260827T145903Z.csv,Exact acquisition URL not supplied in B000; equality to any public candidate remains unverified until raw bytes are uploaded/hash-checked.,B000,2016-12-23-gene2go_human.tsv.gz,present_on_user_machine_per_B000_inventory,3280383,5d14e96beead06423b047621ac02829b576e041e607a58f70820947839641c09,2026-08-16T02:58:52.118008+00:00,local_upload_inventory_20260827T145903Z.csv,dae73b7f54d28a089917ba8cf5b7a7f62b2ea0496cba097f3c1e1bfd94e0e9df,raw_not_uploaded,,,,,,,,,
user_local_candidate_inventory,gene_association.goa_human.155.gz,,not_materialized_in_runtime,user_B000_inventory,candidate historical input,planned batch B108,https://ftp.ebi.ac.uk/pub/databases/GO/goa/old/HUMAN/gene_association.goa_human.155.gz,https://ftp.ebi.ac.uk/pub/databases/GO/goa/old/HUMAN/,official_EBI_GOA_archive_exact_filename,user has local copy; raw bytes not uploaded,,,,declared by local_upload_inventory_20260827T145903Z.csv,,B000,gene_association.goa_human.155.gz,present_on_user_machine_per_B000_inventory,6546187,46bf5f758f3c2d7c2f296ec0723a73eb7c26ee7cd050b5d2edd10c8eab27b0fa,2026-08-15T20:06:10.476954+00:00,local_upload_inventory_20260827T145903Z.csv,dae73b7f54d28a089917ba8cf5b7a7f62b2ea0496cba097f3c1e1bfd94e0e9df,raw_not_uploaded,,,,,,,,,
user_local_candidate_inventory,gene_association.goa_human.156.gz,,not_materialized_in_runtime,user_B000_inventory,candidate historical input,planned batch B107,https://ftp.ebi.ac.uk/pub/databases/GO/goa/old/HUMAN/gene_association.goa_human.156.gz,https://ftp.ebi.ac.uk/pub/databases/GO/goa/old/HUMAN/,official_EBI_GOA_archive_exact_filename,user has local copy; raw bytes not uploaded,,,,declared by local_upload_inventory_20260827T145903Z.csv,,B000,gene_association.goa_human.156.gz,present_on_user_machine_per_B000_inventory,6466998,768afdd97807bdfa0fa1f653998005b7b23262307850df36c52e335e5ef55caa,2026-08-16T02:24:33.487036+00:00,local_upload_inventory_20260827T145903Z.csv,dae73b7f54d28a089917ba8cf5b7a7f62b2ea0496cba097f3c1e1bfd94e0e9df,raw_not_uploaded,,,,,,,,,
user_local_candidate_inventory,gene_association.goa_human.157.gz,,not_materialized_in_runtime,user_B000_inventory,candidate historical input,planned batch B104,https://ftp.ebi.ac.uk/pub/databases/GO/goa/old/HUMAN/gene_association.goa_human.157.gz,https://ftp.ebi.ac.uk/pub/databases/GO/goa/old/HUMAN/,official_EBI_GOA_archive_exact_filename,user has local copy; raw bytes not uploaded,,,,declared by local_upload_inventory_20260827T145903Z.csv,,B000,gene_association.goa_human.157.gz,present_on_user_machine_per_B000_inventory,6434409,71ec07f1c7fe7acf15855ef37bb47fc41cac3b8703fe556afb08854724b9bc9e,2026-08-16T02:24:45.233447+00:00,local_upload_inventory_20260827T145903Z.csv,dae73b7f54d28a089917ba8cf5b7a7f62b2ea0496cba097f3c1e1bfd94e0e9df,raw_not_uploaded,,,,,,,,,
user_local_candidate_inventory,goa_human.gaf.158.gz,,not_materialized_in_runtime,user_B000_inventory,candidate historical input,planned batch B102,https://ftp.ebi.ac.uk/pub/databases/GO/goa/old/HUMAN/goa_human.gaf.158.gz,https://ftp.ebi.ac.uk/pub/databases/GO/goa/old/HUMAN/,official_EBI_GOA_archive_exact_filename,user has local copy; raw bytes not uploaded,,,,declared by local_upload_inventory_20260827T145903Z.csv,,B000,goa_human.gaf.158.gz,present_on_user_machine_per_B000_inventory,4854158,7d5f7aabd0bea1e1f2a9d18af70f5d4038a85a78736d07ba69fc331b34241acf,2026-08-16T02:25:09.552743+00:00,local_upload_inventory_20260827T145903Z.csv,dae73b7f54d28a089917ba8cf5b7a7f62b2ea0496cba097f3c1e1bfd94e0e9df,raw_not_uploaded,,,,,,,,,
user_local_candidate_inventory,goa_human.gaf.159.gz,,not_materialized_in_runtime,user_B000_inventory,candidate historical input,planned batch B101,https://ftp.ebi.ac.uk/pub/databases/GO/goa/old/HUMAN/goa_human.gaf.159.gz,https://ftp.ebi.ac.uk/pub/databases/GO/goa/old/HUMAN/,official_EBI_GOA_archive_exact_filename,user has local copy; raw bytes not uploaded,,,,declared by local_upload_inventory_20260827T145903Z.csv,,B000,goa_human.gaf.159.gz,present_on_user_machine_per_B000_inventory,4890788,b098509f9ce70fbe7e93e7fabb3c8a767b8201fe25662ff6a57959d6cee43838,2026-08-15T16:24:36.504724+00:00,local_upload_inventory_20260827T145903Z.csv,dae73b7f54d28a089917ba8cf5b7a7f62b2ea0496cba097f3c1e1bfd94e0e9df,raw_not_uploaded,,,,,,,,,
user_local_candidate_inventory,goa_human.gaf.160.gz,,not_materialized_in_runtime,user_B000_inventory,candidate historical input,planned batch B103,https://ftp.ebi.ac.uk/pub/databases/GO/goa/old/HUMAN/goa_human.gaf.160.gz,https://ftp.ebi.ac.uk/pub/databases/GO/goa/old/HUMAN/,official_EBI_GOA_archive_exact_filename,user has local copy; raw bytes not uploaded,,,,declared by local_upload_inventory_20260827T145903Z.csv,,B000,goa_human.gaf.160.gz,present_on_user_machine_per_B000_inventory,4574158,3d55da7ecf20d4e6c1dfd332a859be521579ba220bcf68fe93633592241ce300,2026-08-15T16:24:52.830339+00:00,local_upload_inventory_20260827T145903Z.csv,dae73b7f54d28a089917ba8cf5b7a7f62b2ea0496cba097f3c1e1bfd94e0e9df,raw_not_uploaded,,,,,,,,,
user_local_candidate_inventory,goa_human.gpa.158.gz,,not_materialized_in_runtime,user_B000_inventory,candidate historical input,planned batch B102,https://ftp.ebi.ac.uk/pub/databases/GO/goa/old/HUMAN/goa_human.gpa.158.gz,https://ftp.ebi.ac.uk/pub/databases/GO/goa/old/HUMAN/,official_EBI_GOA_archive_exact_filename,user has local copy; raw bytes not uploaded,,,,declared by local_upload_inventory_20260827T145903Z.csv,,B000,goa_human.gpa.158.gz,present_on_user_machine_per_B000_inventory,3636575,4d1b31df7490ad55c215d2e8525a098d820bf12a7d2d26cd13bc58a633d5f26a,2026-08-27T14:31:18.560148+00:00,local_upload_inventory_20260827T145903Z.csv,dae73b7f54d28a089917ba8cf5b7a7f62b2ea0496cba097f3c1e1bfd94e0e9df,raw_not_uploaded,,,,,,,,,
user_local_candidate_inventory,goa_human.gpa.159.gz,,not_materialized_in_runtime,user_B000_inventory,candidate historical input,planned batch B101,https://ftp.ebi.ac.uk/pub/databases/GO/goa/old/HUMAN/goa_human.gpa.159.gz,https://ftp.ebi.ac.uk/pub/databases/GO/goa/old/HUMAN/,official_EBI_GOA_archive_exact_filename,user has local copy; raw bytes not uploaded,,,,declared by local_upload_inventory_20260827T145903Z.csv,,B000,goa_human.gpa.159.gz,present_on_user_machine_per_B000_inventory,3665510,dbe9073e726e804f51b0fe80ecd2897798f22a558e75aeb1c8bfc229357b574a,2026-08-27T14:30:56.366237+00:00,local_upload_inventory_20260827T145903Z.csv,dae73b7f54d28a089917ba8cf5b7a7f62b2ea0496cba097f3c1e1bfd94e0e9df,raw_not_uploaded,,,,,,,,,
user_local_candidate_inventory,goa_human.gpa.160.gz,,not_materialized_in_runtime,user_B000_inventory,candidate historical input,planned batch B103,https://ftp.ebi.ac.uk/pub/databases/GO/goa/old/HUMAN/goa_human.gpa.160.gz,https://ftp.ebi.ac.uk/pub/databases/GO/goa/old/HUMAN/,official_EBI_GOA_archive_exact_filename,user has local copy; raw bytes not uploaded,,,,declared by local_upload_inventory_20260827T145903Z.csv,,B000,goa_human.gpa.160.gz,present_on_user_machine_per_B000_inventory,3370602,937d14b7edee3efcdc01306c373982d5dc7f00fc891928ac25c7a99d40dab14c,2026-08-27T14:31:02.725841+00:00,local_upload_inventory_20260827T145903Z.csv,dae73b7f54d28a089917ba8cf5b7a7f62b2ea0496cba097f3c1e1bfd94e0e9df,raw_not_uploaded,,,,,,,,,
user_local_candidate_inventory,goa_human.gpi.158.gz,,not_materialized_in_runtime,user_B000_inventory,candidate historical input,planned batch B102,https://ftp.ebi.ac.uk/pub/databases/GO/goa/old/HUMAN/goa_human.gpi.158.gz,https://ftp.ebi.ac.uk/pub/databases/GO/goa/old/HUMAN/,official_EBI_GOA_archive_exact_filename,user has local copy; raw bytes not uploaded,,,,declared by local_upload_inventory_20260827T145903Z.csv,,B000,goa_human.gpi.158.gz,present_on_user_machine_per_B000_inventory,602496,2c7a7a836d022038431a5efbfa48dbe0dd1777264e008f693b78387568dd354a,2026-08-27T14:31:57.407953+00:00,local_upload_inventory_20260827T145903Z.csv,dae73b7f54d28a089917ba8cf5b7a7f62b2ea0496cba097f3c1e1bfd94e0e9df,raw_not_uploaded,,,,,,,,,
user_local_candidate_inventory,goa_human.gpi.159.gz,,not_materialized_in_runtime,user_B000_inventory,candidate historical input,planned batch B101,https://ftp.ebi.ac.uk/pub/databases/GO/goa/old/HUMAN/goa_human.gpi.159.gz,https://ftp.ebi.ac.uk/pub/databases/GO/goa/old/HUMAN/,official_EBI_GOA_archive_exact_filename,user has local copy; raw bytes not uploaded,,,,declared by local_upload_inventory_20260827T145903Z.csv,,B000,goa_human.gpi.159.gz,present_on_user_machine_per_B000_inventory,602689,f783a8c71c464b3b98673eb4dc0ae836ad61bd6c72415ae62828d20d0e735612,2026-08-15T19:04:12.130827+00:00,local_upload_inventory_20260827T145903Z.csv,dae73b7f54d28a089917ba8cf5b7a7f62b2ea0496cba097f3c1e1bfd94e0e9df,raw_not_uploaded,,,,,,,,,
user_local_candidate_inventory,goa_human.gpi.160.gz,,not_materialized_in_runtime,user_B000_inventory,candidate historical input,planned batch B103,https://ftp.ebi.ac.uk/pub/databases/GO/goa/old/HUMAN/goa_human.gpi.160.gz,https://ftp.ebi.ac.uk/pub/databases/GO/goa/old/HUMAN/,official_EBI_GOA_archive_exact_filename,user has local copy; raw bytes not uploaded,,,,declared by local_upload_inventory_20260827T145903Z.csv,,B000,goa_human.gpi.160.gz,present_on_user_machine_per_B000_inventory,693073,2638f62e9ef2e6de8017ad5de026d403ce74782a800bab2b3539645c218ddce9,2026-08-15T19:04:20.550586+00:00,local_upload_inventory_20260827T145903Z.csv,dae73b7f54d28a089917ba8cf5b7a7f62b2ea0496cba097f3c1e1bfd94e0e9df,raw_not_uploaded,,,,,,,,,
user_local_candidate_inventory,gp_association.goa_human.157.gz,,not_materialized_in_runtime,user_B000_inventory,candidate historical input,planned batch B104,https://ftp.ebi.ac.uk/pub/databases/GO/goa/old/HUMAN/gp_association.goa_human.157.gz,https://ftp.ebi.ac.uk/pub/databases/GO/goa/old/HUMAN/,official_EBI_GOA_archive_exact_filename,user has local copy; raw bytes not uploaded,,,,declared by local_upload_inventory_20260827T145903Z.csv,,B000,gp_association.goa_human.157.gz,present_on_user_machine_per_B000_inventory,4183687,5c42f004978dbfe65a9de1f94da70e4d5e2efce04090b325b97bd8b8d829d78f,2026-08-27T14:32:41.488519+00:00,local_upload_inventory_20260827T145903Z.csv,dae73b7f54d28a089917ba8cf5b7a7f62b2ea0496cba097f3c1e1bfd94e0e9df,raw_not_uploaded,,,,,,,,,
user_local_candidate_inventory,HumanBase-blood.dat,,not_materialized_in_runtime,user_B000_inventory,candidate historical input,planned batch B401,,,unresolved_from_inventory_only,user has local copy; raw bytes not uploaded,,,,declared by local_upload_inventory_20260827T145903Z.csv,Exact acquisition URL not supplied in B000; equality to any public candidate remains unverified until raw bytes are uploaded/hash-checked.,B000,HumanBase-blood.dat,present_on_user_machine_per_B000_inventory,8401428,d3b9ab9b697fba7761e4a13fcc38a3b9d493d42dd31a06d88f45886eac63fbd5,2026-08-16T21:43:58.782107+00:00,local_upload_inventory_20260827T145903Z.csv,dae73b7f54d28a089917ba8cf5b7a7f62b2ea0496cba097f3c1e1bfd94e0e9df,raw_not_uploaded,,,,,,,,,
user_local_candidate_inventory,HumanBase-blood_top.gz,,not_materialized_in_runtime,user_B000_inventory,candidate historical input,planned batch B402,,,unresolved_from_inventory_only,user has local copy; raw bytes not uploaded,,,,declared by local_upload_inventory_20260827T145903Z.csv,Exact acquisition URL not supplied in B000; equality to any public candidate remains unverified until raw bytes are uploaded/hash-checked.,B000,HumanBase-blood_top.gz,present_on_user_machine_per_B000_inventory,182612266,49dc41f1ab89c4e25e907e00218bde38d3ecc9f80c57ebdb79fe5f9c6a850f84,2026-08-16T21:47:17.561749+00:00,local_upload_inventory_20260827T145903Z.csv,dae73b7f54d28a089917ba8cf5b7a7f62b2ea0496cba097f3c1e1bfd94e0e9df,raw_not_uploaded,,,,,,,,,
batch_input_materialized_and_analyzed,goa_human.gaf.159.gz,/mnt/data/goa_human.gaf.159.gz,present_at_analysis_time,user_upload_B101,GOA release 159 gaf input,analyze_B101_goa159.py,https://ftp.ebi.ac.uk/pub/databases/GO/goa/old/HUMAN/goa_human.gaf.159.gz,https://ftp.ebi.ac.uk/pub/databases/GO/goa/old/HUMAN/,official_EBI_GOA_archive_exact_filename,supplied_by_user; exact size and SHA-256 match B000 local inventory,2026-08-27T15:27:36.842353+00:00,4890788,b098509f9ce70fbe7e93e7fabb3c8a767b8201fe25662ff6a57959d6cee43838,local_upload_inventory_20260827T145903Z.csv,Raw conversation copy eligible for deletion after B101 clearance; local master retained by user.,B101,goa_human.gaf.159.gz,present_on_user_machine_per_B000_and_user_ls,4890788,b098509f9ce70fbe7e93e7fabb3c8a767b8201fe25662ff6a57959d6cee43838,2026-08-15T16:24:36.504724+00:00,local_upload_inventory_20260827T145903Z.csv,dae73b7f54d28a089917ba8cf5b7a7f62b2ea0496cba097f3c1e1bfd94e0e9df,deletion_clearance_issued_for_conversation_copy,,,,,,,,,
batch_input_materialized_and_analyzed,goa_human.gpa.159.gz,/mnt/data/goa_human.gpa.159.gz,present_at_analysis_time,user_upload_B101,GOA release 159 gpad input,analyze_B101_goa159.py,https://ftp.ebi.ac.uk/pub/databases/GO/goa/old/HUMAN/goa_human.gpa.159.gz,https://ftp.ebi.ac.uk/pub/databases/GO/goa/old/HUMAN/,official_EBI_GOA_archive_exact_filename,supplied_by_user; exact size and SHA-256 match B000 local inventory,2026-08-27T15:27:36.842353+00:00,3665510,dbe9073e726e804f51b0fe80ecd2897798f22a558e75aeb1c8bfc229357b574a,local_upload_inventory_20260827T145903Z.csv,Raw conversation copy eligible for deletion after B101 clearance; local master retained by user.,B101,goa_human.gpa.159.gz,present_on_user_machine_per_B000_and_user_ls,3665510,dbe9073e726e804f51b0fe80ecd2897798f22a558e75aeb1c8bfc229357b574a,2026-08-27T14:30:56.366237+00:00,local_upload_inventory_20260827T145903Z.csv,dae73b7f54d28a089917ba8cf5b7a7f62b2ea0496cba097f3c1e1bfd94e0e9df,deletion_clearance_issued_for_conversation_copy,,,,,,,,,
batch_input_materialized_and_analyzed,goa_human.gpi.159.gz,/mnt/data/goa_human.gpi.159.gz,present_at_analysis_time,user_upload_B101,GOA release 159 gpi input,analyze_B101_goa159.py,https://ftp.ebi.ac.uk/pub/databases/GO/goa/old/HUMAN/goa_human.gpi.159.gz,https://ftp.ebi.ac.uk/pub/databases/GO/goa/old/HUMAN/,official_EBI_GOA_archive_exact_filename,supplied_by_user; exact size and SHA-256 match B000 local inventory,2026-08-27T15:27:36.842353+00:00,602689,f783a8c71c464b3b98673eb4dc0ae836ad61bd6c72415ae62828d20d0e735612,local_upload_inventory_20260827T145903Z.csv,Raw conversation copy eligible for deletion after B101 clearance; local master retained by user.,B101,goa_human.gpi.159.gz,present_on_user_machine_per_B000_and_user_ls,602689,f783a8c71c464b3b98673eb4dc0ae836ad61bd6c72415ae62828d20d0e735612,2026-08-15T19:04:12.130827+00:00,local_upload_inventory_20260827T145903Z.csv,dae73b7f54d28a089917ba8cf5b7a7f62b2ea0496cba097f3c1e1bfd94e0e9df,deletion_clearance_issued_for_conversation_copy,,,,,,,,,
user_complete_local_inventory_declaration,2016-06-01-annotations-README,,not_materialized_by_this_declaration,user_message_B000A_complete_ls,candidate or supporting local artifact,batch_planning,,,pending,present_on_user_machine_per_complete_ls_declaration,2026-08-27T15:33:19.298657+00:00,,,user-pasted complete ls -l listing,Not included in the pattern-filtered B000 CSV; SHA-256 remains unverified until a full unfiltered inventory or upload is provided.,B000A,2016-06-01-annotations-README,present_on_user_machine_per_complete_ls_declaration,1999,,,B000A_complete_user_local_inventory_20260827T153319Z.csv,669d9c261d0715de321344a589b4b2ae6bc8d5d0797f26283e4c39aeba5df397,,,,,,,,,,
user_complete_local_inventory_declaration,2016-06-01-gene_ontology.obo,,not_materialized_by_this_declaration,user_message_B000A_complete_ls,candidate or supporting local artifact,batch_planning,,,pending,present_on_user_machine_per_complete_ls_declaration,2026-08-27T15:33:19.298657+00:00,,,user-pasted complete ls -l listing,Not included in the pattern-filtered B000 CSV; SHA-256 remains unverified until a full unfiltered inventory or upload is provided.,B000A,2016-06-01-gene_ontology.obo,present_on_user_machine_per_complete_ls_declaration,30449937,,,B000A_complete_user_local_inventory_20260827T153319Z.csv,669d9c261d0715de321344a589b4b2ae6bc8d5d0797f26283e4c39aeba5df397,,,,,,,,,,
user_complete_local_inventory_declaration,2016-06-01-go.obo,,not_materialized_by_this_declaration,user_message_B000A_complete_ls,candidate or supporting local artifact,batch_planning,https://release.geneontology.org/2016-06-01/ontology/go.obo,https://release.geneontology.org/2016-06-01/,resolved_exact_existing_ledger,present_on_user_machine_per_complete_ls_declaration,2026-08-27T15:33:19.298657+00:00,,,user-pasted complete ls -l listing,,B000A,2016-06-01-go.obo,present_on_user_machine_per_complete_ls_declaration,34762536,9b4c0c28d73ba41ae4c684d78b354d2c8bea691a5d759d4cdd188eecdd307ca2,,B000A_complete_user_local_inventory_20260827T153319Z.csv,669d9c261d0715de321344a589b4b2ae6bc8d5d0797f26283e4c39aeba5df397,,,,,,,,,,
user_complete_local_inventory_declaration,2016-06-01-go.owl,,not_materialized_by_this_declaration,user_message_B000A_complete_ls,candidate or supporting local artifact,batch_planning,,,pending,present_on_user_machine_per_complete_ls_declaration,2026-08-27T15:33:19.298657+00:00,,,user-pasted complete ls -l listing,Not included in the pattern-filtered B000 CSV; SHA-256 remains unverified until a full unfiltered inventory or upload is provided.,B000A,2016-06-01-go.owl,present_on_user_machine_per_complete_ls_declaration,170536280,,,B000A_complete_user_local_inventory_20260827T153319Z.csv,669d9c261d0715de321344a589b4b2ae6bc8d5d0797f26283e4c39aeba5df397,,,,,,,,,,
user_complete_local_inventory_declaration,2016-06-01-gp2protein.geneid.gz,,not_materialized_by_this_declaration,user_message_B000A_complete_ls,candidate or supporting local artifact,batch_planning,https://release.geneontology.org/2016-06-01/annotations/gp2protein/gp2protein.geneid.gz,https://release.geneontology.org/2016-06-01/,resolved_exact_existing_ledger,present_on_user_machine_per_complete_ls_declaration,2026-08-27T15:33:19.298657+00:00,,,user-pasted complete ls -l listing,,B000A,2016-06-01-gp2protein.geneid.gz,present_on_user_machine_per_complete_ls_declaration,38540366,f3a2d329ada32f03e4c3ec60c55ef77cfe3626c3c875832e59612e5f316504e7,,B000A_complete_user_local_inventory_20260827T153319Z.csv,669d9c261d0715de321344a589b4b2ae6bc8d5d0797f26283e4c39aeba5df397,,,,,,,,,,
user_complete_local_inventory_declaration,2016-06-01-gp2protein.human.gz,,not_materialized_by_this_declaration,user_message_B000A_complete_ls,candidate or supporting local artifact,batch_planning,,,pending,present_on_user_machine_per_complete_ls_declaration,2026-08-27T15:33:19.298657+00:00,,,user-pasted complete ls -l listing,Not included in the pattern-filtered B000 CSV; SHA-256 remains unverified until a full unfiltered inventory or upload is provided.,B000A,2016-06-01-gp2protein.human.gz,present_on_user_machine_per_complete_ls_declaration,378274,,,B000A_complete_user_local_inventory_20260827T153319Z.csv,669d9c261d0715de321344a589b4b2ae6bc8d5d0797f26283e4c39aeba5df397,,,,,,,,,,
user_complete_local_inventory_declaration,2016-12-23-gene2go.gz,,not_materialized_by_this_declaration,user_message_B000A_complete_ls,candidate or supporting local artifact,batch_planning,,,resolved_exact_existing_ledger,present_on_user_machine_per_complete_ls_declaration,2026-08-27T15:33:19.298657+00:00,,,user-pasted complete ls -l listing,,B000A,2016-12-23-gene2go.gz,present_on_user_machine_per_complete_ls_declaration,19731322,33bedddfa375a99557fc8ddc8192b8441745f7c338714441ec3bafbed6228386,,B000A_complete_user_local_inventory_20260827T153319Z.csv,669d9c261d0715de321344a589b4b2ae6bc8d5d0797f26283e4c39aeba5df397,,,,,,,,,,
user_complete_local_inventory_declaration,2016-12-23-gene2go_human.tsv.gz,,not_materialized_by_this_declaration,user_message_B000A_complete_ls,candidate or supporting local artifact,batch_planning,,,resolved_exact_existing_ledger,present_on_user_machine_per_complete_ls_declaration,2026-08-27T15:33:19.298657+00:00,,,user-pasted complete ls -l listing,,B000A,2016-12-23-gene2go_human.tsv.gz,present_on_user_machine_per_complete_ls_declaration,3280383,5d14e96beead06423b047621ac02829b576e041e607a58f70820947839641c09,,B000A_complete_user_local_inventory_20260827T153319Z.csv,669d9c261d0715de321344a589b4b2ae6bc8d5d0797f26283e4c39aeba5df397,,,,,,,,,,
user_complete_local_inventory_declaration,2026-08-14-gene2go.gz,,not_materialized_by_this_declaration,user_message_B000A_complete_ls,candidate or supporting local artifact,batch_planning,,,pending,present_on_user_machine_per_complete_ls_declaration,2026-08-27T15:33:19.298657+00:00,,,user-pasted complete ls -l listing,Not included in the pattern-filtered B000 CSV; SHA-256 remains unverified until a full unfiltered inventory or upload is provided.,B000A,2026-08-14-gene2go.gz,present_on_user_machine_per_complete_ls_declaration,1374437901,,,B000A_complete_user_local_inventory_20260827T153319Z.csv,669d9c261d0715de321344a589b4b2ae6bc8d5d0797f26283e4c39aeba5df397,,,,,,,,,,
user_complete_local_inventory_declaration,2026-08-14-gene2go_human.tsv.gz,,not_materialized_by_this_declaration,user_message_B000A_complete_ls,candidate or supporting local artifact,batch_planning,,,pending,present_on_user_machine_per_complete_ls_declaration,2026-08-27T15:33:19.298657+00:00,,,user-pasted complete ls -l listing,Not included in the pattern-filtered B000 CSV; SHA-256 remains unverified until a full unfiltered inventory or upload is provided.,B000A,2026-08-14-gene2go_human.tsv.gz,present_on_user_machine_per_complete_ls_declaration,5328626,,,B000A_complete_user_local_inventory_20260827T153319Z.csv,669d9c261d0715de321344a589b4b2ae6bc8d5d0797f26283e4c39aeba5df397,,,,,,,,,,
user_complete_local_inventory_declaration,Greene2015.pdf,,not_materialized_by_this_declaration,user_message_B000A_complete_ls,candidate or supporting local artifact,batch_planning,https://doi.org/10.1038/ng.3259,https://www.nature.com/articles/ng.3259,resolved_exact_existing_ledger,present_on_user_machine_per_complete_ls_declaration,2026-08-27T15:33:19.298657+00:00,,,user-pasted complete ls -l listing,Not included in the pattern-filtered B000 CSV; SHA-256 remains unverified until a full unfiltered inventory or upload is provided.,B000A,Greene2015.pdf,present_on_user_machine_per_complete_ls_declaration,1729378,,,B000A_complete_user_local_inventory_20260827T153319Z.csv,669d9c261d0715de321344a589b4b2ae6bc8d5d0797f26283e4c39aeba5df397,,,,,,,,,,
user_complete_local_inventory_declaration,Greene2015_Table6.xlsx,,not_materialized_by_this_declaration,user_message_B000A_complete_ls,candidate or supporting local artifact,batch_planning,https://www.nature.com/articles/ng.3259#Sec23,https://www.nature.com/articles/ng.3259,resolved_exact_existing_ledger,present_on_user_machine_per_complete_ls_declaration,2026-08-27T15:33:19.298657+00:00,,,user-pasted complete ls -l listing,Not included in the pattern-filtered B000 CSV; SHA-256 remains unverified until a full unfiltered inventory or upload is provided.,B000A,Greene2015_Table6.xlsx,present_on_user_machine_per_complete_ls_declaration,37992,,,B000A_complete_user_local_inventory_20260827T153319Z.csv,669d9c261d0715de321344a589b4b2ae6bc8d5d0797f26283e4c39aeba5df397,,,,,,,,,,
user_complete_local_inventory_declaration,Greene2015_Table9.xlsx,,not_materialized_by_this_declaration,user_message_B000A_complete_ls,candidate or supporting local artifact,batch_planning,https://www.nature.com/articles/ng.3259#Sec23,https://www.nature.com/articles/ng.3259,resolved_exact_existing_ledger,present_on_user_machine_per_complete_ls_declaration,2026-08-27T15:33:19.298657+00:00,,,user-pasted complete ls -l listing,Not included in the pattern-filtered B000 CSV; SHA-256 remains unverified until a full unfiltered inventory or upload is provided.,B000A,Greene2015_Table9.xlsx,present_on_user_machine_per_complete_ls_declaration,140272,,,B000A_complete_user_local_inventory_20260827T153319Z.csv,669d9c261d0715de321344a589b4b2ae6bc8d5d0797f26283e4c39aeba5df397,,,,,,,,,,
user_complete_local_inventory_declaration,Greene2015_sup.pdf,,not_materialized_by_this_declaration,user_message_B000A_complete_ls,candidate or supporting local artifact,batch_planning,https://www.nature.com/articles/ng.3259#Sec23,https://www.nature.com/articles/ng.3259,resolved_exact_existing_ledger,present_on_user_machine_per_complete_ls_declaration,2026-08-27T15:33:19.298657+00:00,,,user-pasted complete ls -l listing,Not included in the pattern-filtered B000 CSV; SHA-256 remains unverified until a full unfiltered inventory or upload is provided.,B000A,Greene2015_sup.pdf,present_on_user_machine_per_complete_ls_declaration,6701167,,,B000A_complete_user_local_inventory_20260827T153319Z.csv,669d9c261d0715de321344a589b4b2ae6bc8d5d0797f26283e4c39aeba5df397,,,,,,,,,,
user_complete_local_inventory_declaration,HuamnBase-kidney.dat,,not_materialized_by_this_declaration,user_message_B000A_complete_ls,candidate or supporting local artifact,batch_planning,,,pending,present_on_user_machine_per_complete_ls_declaration,2026-08-27T15:33:19.298657+00:00,,,user-pasted complete ls -l listing,Filename is spelled HuamnBase-kidney.dat in the user listing; content has not yet been checked against the expected HumanBase-kidney.dat artifact. Not included in the pattern-filtered B000 CSV; SHA-256 remains unverified until a full unfiltered inventory or upload is provided.,B000A,HuamnBase-kidney.dat,present_on_user_machine_per_complete_ls_declaration,8897160,,,B000A_complete_user_local_inventory_20260827T153319Z.csv,669d9c261d0715de321344a589b4b2ae6bc8d5d0797f26283e4c39aeba5df397,,,,,,,,,,
user_complete_local_inventory_declaration,HumanBase-blood.dat,,not_materialized_by_this_declaration,user_message_B000A_complete_ls,candidate or supporting local artifact,batch_planning,,,resolved_exact_existing_ledger,present_on_user_machine_per_complete_ls_declaration,2026-08-27T15:33:19.298657+00:00,,,user-pasted complete ls -l listing,,B000A,HumanBase-blood.dat,present_on_user_machine_per_complete_ls_declaration,8401428,d3b9ab9b697fba7761e4a13fcc38a3b9d493d42dd31a06d88f45886eac63fbd5,,B000A_complete_user_local_inventory_20260827T153319Z.csv,669d9c261d0715de321344a589b4b2ae6bc8d5d0797f26283e4c39aeba5df397,,,,,,,,,,
user_complete_local_inventory_declaration,HumanBase-blood_top.gz,,not_materialized_by_this_declaration,user_message_B000A_complete_ls,candidate or supporting local artifact,batch_planning,,,resolved_exact_existing_ledger,present_on_user_machine_per_complete_ls_declaration,2026-08-27T15:33:19.298657+00:00,,,user-pasted complete ls -l listing,,B000A,HumanBase-blood_top.gz,present_on_user_machine_per_complete_ls_declaration,182612266,49dc41f1ab89c4e25e907e00218bde38d3ecc9f80c57ebdb79fe5f9c6a850f84,,B000A_complete_user_local_inventory_20260827T153319Z.csv,669d9c261d0715de321344a589b4b2ae6bc8d5d0797f26283e4c39aeba5df397,,,,,,,,,,
user_complete_local_inventory_declaration,OhmNet.pdf,,not_materialized_by_this_declaration,user_message_B000A_complete_ls,candidate or supporting local artifact,batch_planning,https://doi.org/10.1093/bioinformatics/btx252,https://academic.oup.com/bioinformatics/article/33/14/i190/3953967,resolved_exact_existing_ledger,present_on_user_machine_per_complete_ls_declaration,2026-08-27T15:33:19.298657+00:00,,,user-pasted complete ls -l listing,Not included in the pattern-filtered B000 CSV; SHA-256 remains unverified until a full unfiltered inventory or upload is provided.,B000A,OhmNet.pdf,present_on_user_machine_per_complete_ls_declaration,1458562,,,B000A_complete_user_local_inventory_20260827T153319Z.csv,669d9c261d0715de321344a589b4b2ae6bc8d5d0797f26283e4c39aeba5df397,,,,,,,,,,
user_complete_local_inventory_declaration,bio-tissue-hierarchy.tar.gz,,not_materialized_by_this_declaration,user_message_B000A_complete_ls,candidate or supporting local artifact,batch_planning,https://snap.stanford.edu/ohmnet/bio-tissue-hierarchy.tar.gz,https://snap.stanford.edu/ohmnet/,resolved_exact_existing_ledger,present_on_user_machine_per_complete_ls_declaration,2026-08-27T15:33:19.298657+00:00,,,user-pasted complete ls -l listing,Not included in the pattern-filtered B000 CSV; SHA-256 remains unverified until a full unfiltered inventory or upload is provided.,B000A,bio-tissue-hierarchy.tar.gz,present_on_user_machine_per_complete_ls_declaration,421785,,,B000A_complete_user_local_inventory_20260827T153319Z.csv,669d9c261d0715de321344a589b4b2ae6bc8d5d0797f26283e4c39aeba5df397,,,,,,,,,,
user_complete_local_inventory_declaration,bio-tissue-labels.tar.gz,,not_materialized_by_this_declaration,user_message_B000A_complete_ls,candidate or supporting local artifact,batch_planning,https://snap.stanford.edu/ohmnet/bio-tissue-labels.tar.gz,https://snap.stanford.edu/ohmnet/,resolved_exact_existing_ledger,present_on_user_machine_per_complete_ls_declaration,2026-08-27T15:33:19.298657+00:00,,,user-pasted complete ls -l listing,Not included in the pattern-filtered B000 CSV; SHA-256 remains unverified until a full unfiltered inventory or upload is provided.,B000A,bio-tissue-labels.tar.gz,present_on_user_machine_per_complete_ls_declaration,1793328,,,B000A_complete_user_local_inventory_20260827T153319Z.csv,669d9c261d0715de321344a589b4b2ae6bc8d5d0797f26283e4c39aeba5df397,,,,,,,,,,
user_complete_local_inventory_declaration,bio-tissue-networks.tar.gz,,not_materialized_by_this_declaration,user_message_B000A_complete_ls,candidate or supporting local artifact,batch_planning,https://snap.stanford.edu/ohmnet/bio-tissue-networks.tar.gz,https://snap.stanford.edu/ohmnet/,resolved_exact_existing_ledger,present_on_user_machine_per_complete_ls_declaration,2026-08-27T15:33:19.298657+00:00,,,user-pasted complete ls -l listing,Not included in the pattern-filtered B000 CSV; SHA-256 remains unverified until a full unfiltered inventory or upload is provided.,B000A,bio-tissue-networks.tar.gz,present_on_user_machine_per_complete_ls_declaration,15568869,,,B000A_complete_user_local_inventory_20260827T153319Z.csv,669d9c261d0715de321344a589b4b2ae6bc8d5d0797f26283e4c39aeba5df397,,,,,,,,,,
user_complete_local_inventory_declaration,bio-tissue-readme.txt,,not_materialized_by_this_declaration,user_message_B000A_complete_ls,candidate or supporting local artifact,batch_planning,https://snap.stanford.edu/ohmnet/bio-tissue-readme.txt,https://snap.stanford.edu/ohmnet/,resolved_exact_existing_ledger,present_on_user_machine_per_complete_ls_declaration,2026-08-27T15:33:19.298657+00:00,,,user-pasted complete ls -l listing,Not included in the pattern-filtered B000 CSV; SHA-256 remains unverified until a full unfiltered inventory or upload is provided.,B000A,bio-tissue-readme.txt,present_on_user_machine_per_complete_ls_declaration,1465,,,B000A_complete_user_local_inventory_20260827T153319Z.csv,669d9c261d0715de321344a589b4b2ae6bc8d5d0797f26283e4c39aeba5df397,,,,,,,,,,
user_complete_local_inventory_declaration,bioconductor-annotation-org.Hs.eg.db_3.0.0.tar.gz,,not_materialized_by_this_declaration,user_message_B000A_complete_ls,candidate or supporting local artifact,batch_planning,,,pending,present_on_user_machine_per_complete_ls_declaration,2026-08-27T15:33:19.298657+00:00,,,user-pasted complete ls -l listing,Not included in the pattern-filtered B000 CSV; SHA-256 remains unverified until a full unfiltered inventory or upload is provided.,B000A,bioconductor-annotation-org.Hs.eg.db_3.0.0.tar.gz,present_on_user_machine_per_complete_ls_declaration,61468422,,,B000A_complete_user_local_inventory_20260827T153319Z.csv,669d9c261d0715de321344a589b4b2ae6bc8d5d0797f26283e4c39aeba5df397,,,,,,,,,,
user_complete_local_inventory_declaration,bioconductor-annotation-org.Hs.eg.db_3.1.2.tar.gz,,not_materialized_by_this_declaration,user_message_B000A_complete_ls,candidate or supporting local artifact,batch_planning,https://bioconductor.statistik.tu-dortmund.de/packages/3.1/data/annotation/src/contrib/org.Hs.eg.db_3.1.2.tar.gz,https://bioconductor.org/packages/3.1/data/annotation/html/org.Hs.eg.db.html,resolved_via_explicit_filename_variant,present_on_user_machine_per_complete_ls_declaration,2026-08-27T15:33:19.298657+00:00,,,user-pasted complete ls -l listing,Not included in the pattern-filtered B000 CSV; SHA-256 remains unverified until a full unfiltered inventory or upload is provided.,B000A,bioconductor-annotation-org.Hs.eg.db_3.1.2.tar.gz,present_on_user_machine_per_complete_ls_declaration,65439359,,,B000A_complete_user_local_inventory_20260827T153319Z.csv,669d9c261d0715de321344a589b4b2ae6bc8d5d0797f26283e4c39aeba5df397,,,,,,,,,,
user_complete_local_inventory_declaration,bioconductor-annotation-org.Hs.eg.db_3.3.0.tar.gz,,not_materialized_by_this_declaration,user_message_B000A_complete_ls,candidate or supporting local artifact,batch_planning,https://bioconductor.statistik.tu-dortmund.de/packages/3.3/data/annotation/src/contrib/org.Hs.eg.db_3.3.0.tar.gz,https://bioconductor.org/packages/3.3/data/annotation/html/org.Hs.eg.db.html,resolved_via_explicit_filename_variant,present_on_user_machine_per_complete_ls_declaration,2026-08-27T15:33:19.298657+00:00,,,user-pasted complete ls -l listing,Not included in the pattern-filtered B000 CSV; SHA-256 remains unverified until a full unfiltered inventory or upload is provided.,B000A,bioconductor-annotation-org.Hs.eg.db_3.3.0.tar.gz,present_on_user_machine_per_complete_ls_declaration,69122902,,,B000A_complete_user_local_inventory_20260827T153319Z.csv,669d9c261d0715de321344a589b4b2ae6bc8d5d0797f26283e4c39aeba5df397,,,,,,,,,,
user_complete_local_inventory_declaration,bioconductor-annotation-org.Hs.eg.db_3.4.0.tar.gz,,not_materialized_by_this_declaration,user_message_B000A_complete_ls,candidate or supporting local artifact,batch_planning,https://bioconductor.statistik.tu-dortmund.de/packages/3.4/data/annotation/src/contrib/org.Hs.eg.db_3.4.0.tar.gz,https://bioconductor.org/packages/3.4/data/annotation/html/org.Hs.eg.db.html,resolved_via_explicit_filename_variant,present_on_user_machine_per_complete_ls_declaration,2026-08-27T15:33:19.298657+00:00,,,user-pasted complete ls -l listing,Not included in the pattern-filtered B000 CSV; SHA-256 remains unverified until a full unfiltered inventory or upload is provided.,B000A,bioconductor-annotation-org.Hs.eg.db_3.4.0.tar.gz,present_on_user_machine_per_complete_ls_declaration,69557350,,,B000A_complete_user_local_inventory_20260827T153319Z.csv,669d9c261d0715de321344a589b4b2ae6bc8d5d0797f26283e4c39aeba5df397,,,,,,,,,,
user_complete_local_inventory_declaration,blood_sample.tsv.gz,,not_materialized_by_this_declaration,user_message_B000A_complete_ls,candidate or supporting local artifact,batch_planning,,,pending,present_on_user_machine_per_complete_ls_declaration,2026-08-27T15:33:19.298657+00:00,,,user-pasted complete ls -l listing,Not included in the pattern-filtered B000 CSV; SHA-256 remains unverified until a full unfiltered inventory or upload is provided.,B000A,blood_sample.tsv.gz,present_on_user_machine_per_complete_ls_declaration,6597,,,B000A_complete_user_local_inventory_20260827T153319Z.csv,669d9c261d0715de321344a589b4b2ae6bc8d5d0797f26283e4c39aeba5df397,,,,,,,,,,
user_complete_local_inventory_declaration,chat_gpt_historical_go_mapping_inventory.md,,not_materialized_by_this_declaration,user_message_B000A_complete_ls,candidate or supporting local artifact,batch_planning,,,pending,present_on_user_machine_per_complete_ls_declaration,2026-08-27T15:33:19.298657+00:00,,,user-pasted complete ls -l listing,Not included in the pattern-filtered B000 CSV; SHA-256 remains unverified until a full unfiltered inventory or upload is provided.,B000A,chat_gpt_historical_go_mapping_inventory.md,present_on_user_machine_per_complete_ls_declaration,55969,,,B000A_complete_user_local_inventory_20260827T153319Z.csv,669d9c261d0715de321344a589b4b2ae6bc8d5d0797f26283e4c39aeba5df397,,,,,,,,,,
user_complete_local_inventory_declaration,dgl_ppi.zip,,not_materialized_by_this_declaration,user_message_B000A_complete_ls,candidate or supporting local artifact,batch_planning,https://data.dgl.ai/dataset/ppi.zip,https://github.com/dmlc/dgl/blob/master/python/dgl/data/ppi.py,resolved_exact_existing_ledger,present_on_user_machine_per_complete_ls_declaration,2026-08-27T15:33:19.298657+00:00,,,user-pasted complete ls -l listing,Not included in the pattern-filtered B000 CSV; SHA-256 remains unverified until a full unfiltered inventory or upload is provided.,B000A,dgl_ppi.zip,present_on_user_machine_per_complete_ls_declaration,7088822,,,B000A_complete_user_local_inventory_20260827T153319Z.csv,669d9c261d0715de321344a589b4b2ae6bc8d5d0797f26283e4c39aeba5df397,,,,,,,,,,
user_complete_local_inventory_declaration,dhimmel-gene-ontology-962a5e1-GO_annotations-9606-direct-allev.tsv,,not_materialized_by_this_declaration,user_message_B000A_complete_ls,candidate or supporting local artifact,batch_planning,,,pending,present_on_user_machine_per_complete_ls_declaration,2026-08-27T15:33:19.298657+00:00,,,user-pasted complete ls -l listing,Not included in the pattern-filtered B000 CSV; SHA-256 remains unverified until a full unfiltered inventory or upload is provided.,B000A,dhimmel-gene-ontology-962a5e1-GO_annotations-9606-direct-allev.tsv,present_on_user_machine_per_complete_ls_declaration,147142,,,B000A_complete_user_local_inventory_20260827T153319Z.csv,669d9c261d0715de321344a589b4b2ae6bc8d5d0797f26283e4c39aeba5df397,,,,,,,,,,
user_complete_local_inventory_declaration,dhimmel-gene-ontology-962a5e1-GO_annotations-9606-direct-expev.tsv,,not_materialized_by_this_declaration,user_message_B000A_complete_ls,candidate or supporting local artifact,batch_planning,,,pending,present_on_user_machine_per_complete_ls_declaration,2026-08-27T15:33:19.298657+00:00,,,user-pasted complete ls -l listing,Not included in the pattern-filtered B000 CSV; SHA-256 remains unverified until a full unfiltered inventory or upload is provided.,B000A,dhimmel-gene-ontology-962a5e1-GO_annotations-9606-direct-expev.tsv,present_on_user_machine_per_complete_ls_declaration,150794,,,B000A_complete_user_local_inventory_20260827T153319Z.csv,669d9c261d0715de321344a589b4b2ae6bc8d5d0797f26283e4c39aeba5df397,,,,,,,,,,
user_complete_local_inventory_declaration,dhimmel-gene-ontology-962a5e1-GO_annotations-9606-inferred-allev.tsv,,not_materialized_by_this_declaration,user_message_B000A_complete_ls,candidate or supporting local artifact,batch_planning,,,pending,present_on_user_machine_per_complete_ls_declaration,2026-08-27T15:33:19.298657+00:00,,,user-pasted complete ls -l listing,Not included in the pattern-filtered B000 CSV; SHA-256 remains unverified until a full unfiltered inventory or upload is provided.,B000A,dhimmel-gene-ontology-962a5e1-GO_annotations-9606-inferred-allev.tsv,present_on_user_machine_per_complete_ls_declaration,147185,,,B000A_complete_user_local_inventory_20260827T153319Z.csv,669d9c261d0715de321344a589b4b2ae6bc8d5d0797f26283e4c39aeba5df397,,,,,,,,,,
user_complete_local_inventory_declaration,dhimmel-gene-ontology-962a5e1-GO_annotations-9606-inferred-expev.tsv,,not_materialized_by_this_declaration,user_message_B000A_complete_ls,candidate or supporting local artifact,batch_planning,,,pending,present_on_user_machine_per_complete_ls_declaration,2026-08-27T15:33:19.298657+00:00,,,user-pasted complete ls -l listing,Not included in the pattern-filtered B000 CSV; SHA-256 remains unverified until a full unfiltered inventory or upload is provided.,B000A,dhimmel-gene-ontology-962a5e1-GO_annotations-9606-inferred-expev.tsv,present_on_user_machine_per_complete_ls_declaration,147186,,,B000A_complete_user_local_inventory_20260827T153319Z.csv,669d9c261d0715de321344a589b4b2ae6bc8d5d0797f26283e4c39aeba5df397,,,,,,,,,,
user_complete_local_inventory_declaration,file_inventory_2026_08_18.pdf,,not_materialized_by_this_declaration,user_message_B000A_complete_ls,candidate or supporting local artifact,batch_planning,,,pending,present_on_user_machine_per_complete_ls_declaration,2026-08-27T15:33:19.298657+00:00,,,user-pasted complete ls -l listing,Not included in the pattern-filtered B000 CSV; SHA-256 remains unverified until a full unfiltered inventory or upload is provided.,B000A,file_inventory_2026_08_18.pdf,present_on_user_machine_per_complete_ls_declaration,194113,,,B000A_complete_user_local_inventory_20260827T153319Z.csv,669d9c261d0715de321344a589b4b2ae6bc8d5d0797f26283e4c39aeba5df397,,,,,,,,,,
user_complete_local_inventory_declaration,filter_gene2go.sh,,not_materialized_by_this_declaration,user_message_B000A_complete_ls,candidate or supporting local artifact,batch_planning,,,pending,present_on_user_machine_per_complete_ls_declaration,2026-08-27T15:33:19.298657+00:00,,,user-pasted complete ls -l listing,"Trailing * in pasted ls output was an executable marker, not part of the filename. Not included in the pattern-filtered B000 CSV; SHA-256 remains unverified until a full unfiltered inventory or upload is provided.",B000A,filter_gene2go.sh,present_on_user_machine_per_complete_ls_declaration,578,,,B000A_complete_user_local_inventory_20260827T153319Z.csv,669d9c261d0715de321344a589b4b2ae6bc8d5d0797f26283e4c39aeba5df397,,,,,,,,,,
user_complete_local_inventory_declaration,find_gene2go_2016.py,,not_materialized_by_this_declaration,user_message_B000A_complete_ls,candidate or supporting local artifact,batch_planning,,,pending,present_on_user_machine_per_complete_ls_declaration,2026-08-27T15:33:19.298657+00:00,,,user-pasted complete ls -l listing,"Trailing * in pasted ls output was an executable marker, not part of the filename. Not included in the pattern-filtered B000 CSV; SHA-256 remains unverified until a full unfiltered inventory or upload is provided.",B000A,find_gene2go_2016.py,present_on_user_machine_per_complete_ls_declaration,7907,,,B000A_complete_user_local_inventory_20260827T153319Z.csv,669d9c261d0715de321344a589b4b2ae6bc8d5d0797f26283e4c39aeba5df397,,,,,,,,,,
user_complete_local_inventory_declaration,gene2go_github_survey.tsv,,not_materialized_by_this_declaration,user_message_B000A_complete_ls,candidate or supporting local artifact,batch_planning,,,pending,present_on_user_machine_per_complete_ls_declaration,2026-08-27T15:33:19.298657+00:00,,,user-pasted complete ls -l listing,Not included in the pattern-filtered B000 CSV; SHA-256 remains unverified until a full unfiltered inventory or upload is provided.,B000A,gene2go_github_survey.tsv,present_on_user_machine_per_complete_ls_declaration,3160,,,B000A_complete_user_local_inventory_20260827T153319Z.csv,669d9c261d0715de321344a589b4b2ae6bc8d5d0797f26283e4c39aeba5df397,,,,,,,,,,
user_complete_local_inventory_declaration,gene_association.goa_human.155.gz,,not_materialized_by_this_declaration,user_message_B000A_complete_ls,candidate or supporting local artifact,batch_planning,https://ftp.ebi.ac.uk/pub/databases/GO/goa/old/HUMAN/gene_association.goa_human.155.gz,https://ftp.ebi.ac.uk/pub/databases/GO/goa/old/HUMAN/,resolved_exact_existing_ledger,present_on_user_machine_per_complete_ls_declaration,2026-08-27T15:33:19.298657+00:00,,,user-pasted complete ls -l listing,,B000A,gene_association.goa_human.155.gz,present_on_user_machine_per_complete_ls_declaration,6546187,46bf5f758f3c2d7c2f296ec0723a73eb7c26ee7cd050b5d2edd10c8eab27b0fa,,B000A_complete_user_local_inventory_20260827T153319Z.csv,669d9c261d0715de321344a589b4b2ae6bc8d5d0797f26283e4c39aeba5df397,,,,,,,,,,
user_complete_local_inventory_declaration,gene_association.goa_human.156.gz,,not_materialized_by_this_declaration,user_message_B000A_complete_ls,candidate or supporting local artifact,batch_planning,https://ftp.ebi.ac.uk/pub/databases/GO/goa/old/HUMAN/gene_association.goa_human.156.gz,https://ftp.ebi.ac.uk/pub/databases/GO/goa/old/HUMAN/,resolved_exact_existing_ledger,present_on_user_machine_per_complete_ls_declaration,2026-08-27T15:33:19.298657+00:00,,,user-pasted complete ls -l listing,,B000A,gene_association.goa_human.156.gz,present_on_user_machine_per_complete_ls_declaration,6466998,768afdd97807bdfa0fa1f653998005b7b23262307850df36c52e335e5ef55caa,,B000A_complete_user_local_inventory_20260827T153319Z.csv,669d9c261d0715de321344a589b4b2ae6bc8d5d0797f26283e4c39aeba5df397,,,,,,,,,,
user_complete_local_inventory_declaration,gene_association.goa_human.157.gz,,not_materialized_by_this_declaration,user_message_B000A_complete_ls,candidate or supporting local artifact,batch_planning,https://ftp.ebi.ac.uk/pub/databases/GO/goa/old/HUMAN/gene_association.goa_human.157.gz,https://ftp.ebi.ac.uk/pub/databases/GO/goa/old/HUMAN/,resolved_exact_existing_ledger,present_on_user_machine_per_complete_ls_declaration,2026-08-27T15:33:19.298657+00:00,,,user-pasted complete ls -l listing,,B000A,gene_association.goa_human.157.gz,present_on_user_machine_per_complete_ls_declaration,6434409,71ec07f1c7fe7acf15855ef37bb47fc41cac3b8703fe556afb08854724b9bc9e,,B000A_complete_user_local_inventory_20260827T153319Z.csv,669d9c261d0715de321344a589b4b2ae6bc8d5d0797f26283e4c39aeba5df397,,,,,,,,,,
user_complete_local_inventory_declaration,gene_association.goa_ref_human.157.gz,,not_materialized_by_this_declaration,user_message_B000A_complete_ls,candidate or supporting local artifact,batch_planning,,,pending,present_on_user_machine_per_complete_ls_declaration,2026-08-27T15:33:19.298657+00:00,,,user-pasted complete ls -l listing,Not included in the pattern-filtered B000 CSV; SHA-256 remains unverified until a full unfiltered inventory or upload is provided.,B000A,gene_association.goa_ref_human.157.gz,present_on_user_machine_per_complete_ls_declaration,4859536,,,B000A_complete_user_local_inventory_20260827T153319Z.csv,669d9c261d0715de321344a589b4b2ae6bc8d5d0797f26283e4c39aeba5df397,,,,,,,,,,
user_complete_local_inventory_declaration,goa_human.gaf.158.gz,,not_materialized_by_this_declaration,user_message_B000A_complete_ls,candidate or supporting local artifact,batch_planning,https://ftp.ebi.ac.uk/pub/databases/GO/goa/old/HUMAN/goa_human.gaf.158.gz,https://ftp.ebi.ac.uk/pub/databases/GO/goa/old/HUMAN/,resolved_exact_existing_ledger,present_on_user_machine_per_complete_ls_declaration,2026-08-27T15:33:19.298657+00:00,,,user-pasted complete ls -l listing,,B000A,goa_human.gaf.158.gz,present_on_user_machine_per_complete_ls_declaration,4854158,7d5f7aabd0bea1e1f2a9d18af70f5d4038a85a78736d07ba69fc331b34241acf,,B000A_complete_user_local_inventory_20260827T153319Z.csv,669d9c261d0715de321344a589b4b2ae6bc8d5d0797f26283e4c39aeba5df397,,,,,,,,,,
user_complete_local_inventory_declaration,goa_human.gaf.159.gz,,not_materialized_by_this_declaration,user_message_B000A_complete_ls,candidate or supporting local artifact,batch_planning,https://ftp.ebi.ac.uk/pub/databases/GO/goa/old/HUMAN/goa_human.gaf.159.gz,https://ftp.ebi.ac.uk/pub/databases/GO/goa/old/HUMAN/,resolved_exact_existing_ledger,present_on_user_machine_per_complete_ls_declaration,2026-08-27T15:33:19.298657+00:00,,,user-pasted complete ls -l listing,,B000A,goa_human.gaf.159.gz,present_on_user_machine_per_complete_ls_declaration,4890788,b098509f9ce70fbe7e93e7fabb3c8a767b8201fe25662ff6a57959d6cee43838,,B000A_complete_user_local_inventory_20260827T153319Z.csv,669d9c261d0715de321344a589b4b2ae6bc8d5d0797f26283e4c39aeba5df397,deletion_clearance_issued_for_conversation_copy,,,,,,,,,
user_complete_local_inventory_declaration,goa_human.gaf.160.gz,,not_materialized_by_this_declaration,user_message_B000A_complete_ls,candidate or supporting local artifact,batch_planning,https://ftp.ebi.ac.uk/pub/databases/GO/goa/old/HUMAN/goa_human.gaf.160.gz,https://ftp.ebi.ac.uk/pub/databases/GO/goa/old/HUMAN/,resolved_exact_existing_ledger,present_on_user_machine_per_complete_ls_declaration,2026-08-27T15:33:19.298657+00:00,,,user-pasted complete ls -l listing,,B000A,goa_human.gaf.160.gz,present_on_user_machine_per_complete_ls_declaration,4574158,3d55da7ecf20d4e6c1dfd332a859be521579ba220bcf68fe93633592241ce300,,B000A_complete_user_local_inventory_20260827T153319Z.csv,669d9c261d0715de321344a589b4b2ae6bc8d5d0797f26283e4c39aeba5df397,,,,,,,,,,
user_complete_local_inventory_declaration,goa_human.gpa.158.gz,,not_materialized_by_this_declaration,user_message_B000A_complete_ls,candidate or supporting local artifact,batch_planning,https://ftp.ebi.ac.uk/pub/databases/GO/goa/old/HUMAN/goa_human.gpa.158.gz,https://ftp.ebi.ac.uk/pub/databases/GO/goa/old/HUMAN/,resolved_exact_existing_ledger,present_on_user_machine_per_complete_ls_declaration,2026-08-27T15:33:19.298657+00:00,,,user-pasted complete ls -l listing,,B000A,goa_human.gpa.158.gz,present_on_user_machine_per_complete_ls_declaration,3636575,4d1b31df7490ad55c215d2e8525a098d820bf12a7d2d26cd13bc58a633d5f26a,,B000A_complete_user_local_inventory_20260827T153319Z.csv,669d9c261d0715de321344a589b4b2ae6bc8d5d0797f26283e4c39aeba5df397,,,,,,,,,,
user_complete_local_inventory_declaration,goa_human.gpa.159.gz,,not_materialized_by_this_declaration,user_message_B000A_complete_ls,candidate or supporting local artifact,batch_planning,https://ftp.ebi.ac.uk/pub/databases/GO/goa/old/HUMAN/goa_human.gpa.159.gz,https://ftp.ebi.ac.uk/pub/databases/GO/goa/old/HUMAN/,resolved_exact_existing_ledger,present_on_user_machine_per_complete_ls_declaration,2026-08-27T15:33:19.298657+00:00,,,user-pasted complete ls -l listing,,B000A,goa_human.gpa.159.gz,present_on_user_machine_per_complete_ls_declaration,3665510,dbe9073e726e804f51b0fe80ecd2897798f22a558e75aeb1c8bfc229357b574a,,B000A_complete_user_local_inventory_20260827T153319Z.csv,669d9c261d0715de321344a589b4b2ae6bc8d5d0797f26283e4c39aeba5df397,deletion_clearance_issued_for_conversation_copy,,,,,,,,,
user_complete_local_inventory_declaration,goa_human.gpa.160.gz,,not_materialized_by_this_declaration,user_message_B000A_complete_ls,candidate or supporting local artifact,batch_planning,https://ftp.ebi.ac.uk/pub/databases/GO/goa/old/HUMAN/goa_human.gpa.160.gz,https://ftp.ebi.ac.uk/pub/databases/GO/goa/old/HUMAN/,resolved_exact_existing_ledger,present_on_user_machine_per_complete_ls_declaration,2026-08-27T15:33:19.298657+00:00,,,user-pasted complete ls -l listing,,B000A,goa_human.gpa.160.gz,present_on_user_machine_per_complete_ls_declaration,3370602,937d14b7edee3efcdc01306c373982d5dc7f00fc891928ac25c7a99d40dab14c,,B000A_complete_user_local_inventory_20260827T153319Z.csv,669d9c261d0715de321344a589b4b2ae6bc8d5d0797f26283e4c39aeba5df397,,,,,,,,,,
user_complete_local_inventory_declaration,goa_human.gpi.158.gz,,not_materialized_by_this_declaration,user_message_B000A_complete_ls,candidate or supporting local artifact,batch_planning,https://ftp.ebi.ac.uk/pub/databases/GO/goa/old/HUMAN/goa_human.gpi.158.gz,https://ftp.ebi.ac.uk/pub/databases/GO/goa/old/HUMAN/,resolved_exact_existing_ledger,present_on_user_machine_per_complete_ls_declaration,2026-08-27T15:33:19.298657+00:00,,,user-pasted complete ls -l listing,,B000A,goa_human.gpi.158.gz,present_on_user_machine_per_complete_ls_declaration,602496,2c7a7a836d022038431a5efbfa48dbe0dd1777264e008f693b78387568dd354a,,B000A_complete_user_local_inventory_20260827T153319Z.csv,669d9c261d0715de321344a589b4b2ae6bc8d5d0797f26283e4c39aeba5df397,,,,,,,,,,
user_complete_local_inventory_declaration,goa_human.gpi.159.gz,,not_materialized_by_this_declaration,user_message_B000A_complete_ls,candidate or supporting local artifact,batch_planning,https://ftp.ebi.ac.uk/pub/databases/GO/goa/old/HUMAN/goa_human.gpi.159.gz,https://ftp.ebi.ac.uk/pub/databases/GO/goa/old/HUMAN/,resolved_exact_existing_ledger,present_on_user_machine_per_complete_ls_declaration,2026-08-27T15:33:19.298657+00:00,,,user-pasted complete ls -l listing,,B000A,goa_human.gpi.159.gz,present_on_user_machine_per_complete_ls_declaration,602689,f783a8c71c464b3b98673eb4dc0ae836ad61bd6c72415ae62828d20d0e735612,,B000A_complete_user_local_inventory_20260827T153319Z.csv,669d9c261d0715de321344a589b4b2ae6bc8d5d0797f26283e4c39aeba5df397,deletion_clearance_issued_for_conversation_copy,,,,,,,,,
user_complete_local_inventory_declaration,goa_human.gpi.160.gz,,not_materialized_by_this_declaration,user_message_B000A_complete_ls,candidate or supporting local artifact,batch_planning,https://ftp.ebi.ac.uk/pub/databases/GO/goa/old/HUMAN/goa_human.gpi.160.gz,https://ftp.ebi.ac.uk/pub/databases/GO/goa/old/HUMAN/,resolved_exact_existing_ledger,present_on_user_machine_per_complete_ls_declaration,2026-08-27T15:33:19.298657+00:00,,,user-pasted complete ls -l listing,,B000A,goa_human.gpi.160.gz,present_on_user_machine_per_complete_ls_declaration,693073,2638f62e9ef2e6de8017ad5de026d403ce74782a800bab2b3539645c218ddce9,,B000A_complete_user_local_inventory_20260827T153319Z.csv,669d9c261d0715de321344a589b4b2ae6bc8d5d0797f26283e4c39aeba5df397,,,,,,,,,,
user_complete_local_inventory_declaration,gp_association.goa_human.157.gz,,not_materialized_by_this_declaration,user_message_B000A_complete_ls,candidate or supporting local artifact,batch_planning,https://ftp.ebi.ac.uk/pub/databases/GO/goa/old/HUMAN/gp_association.goa_human.157.gz,https://ftp.ebi.ac.uk/pub/databases/GO/goa/old/HUMAN/,resolved_exact_existing_ledger,present_on_user_machine_per_complete_ls_declaration,2026-08-27T15:33:19.298657+00:00,,,user-pasted complete ls -l listing,,B000A,gp_association.goa_human.157.gz,present_on_user_machine_per_complete_ls_declaration,4183687,5c42f004978dbfe65a9de1f94da70e4d5e2efce04090b325b97bd8b8d829d78f,,B000A_complete_user_local_inventory_20260827T153319Z.csv,669d9c261d0715de321344a589b4b2ae6bc8d5d0797f26283e4c39aeba5df397,,,,,,,,,,
user_complete_local_inventory_declaration,graphsage_ppi.zip,,not_materialized_by_this_declaration,user_message_B000A_complete_ls,candidate or supporting local artifact,batch_planning,https://snap.stanford.edu/graphsage/ppi.zip,https://snap.stanford.edu/graphsage/,resolved_exact_existing_ledger,present_on_user_machine_per_complete_ls_declaration,2026-08-27T15:33:19.298657+00:00,,,user-pasted complete ls -l listing,Not included in the pattern-filtered B000 CSV; SHA-256 remains unverified until a full unfiltered inventory or upload is provided.,B000A,graphsage_ppi.zip,present_on_user_machine_per_complete_ls_declaration,27029260,,,B000A_complete_user_local_inventory_20260827T153319Z.csv,669d9c261d0715de321344a589b4b2ae6bc8d5d0797f26283e4c39aeba5df397,,,,,,,,,,
user_complete_local_inventory_declaration,investigation_summary_2026_08_23.md,,not_materialized_by_this_declaration,user_message_B000A_complete_ls,candidate or supporting local artifact,batch_planning,,,resolved_exact_existing_ledger,present_on_user_machine_per_complete_ls_declaration,2026-08-27T15:33:19.298657+00:00,,,user-pasted complete ls -l listing,Not included in the pattern-filtered B000 CSV; SHA-256 remains unverified until a full unfiltered inventory or upload is provided.,B000A,investigation_summary_2026_08_23.md,present_on_user_machine_per_complete_ls_declaration,13819,,,B000A_complete_user_local_inventory_20260827T153319Z.csv,669d9c261d0715de321344a589b4b2ae6bc8d5d0797f26283e4c39aeba5df397,,,,,,,,,,
user_complete_local_inventory_declaration,local_upload_inventory_20260827T145903Z.csv,,not_materialized_by_this_declaration,user_message_B000A_complete_ls,candidate or supporting local artifact,batch_planning,,,pending,present_on_user_machine_per_complete_ls_declaration,2026-08-27T15:33:19.298657+00:00,,,user-pasted complete ls -l listing,Not included in the pattern-filtered B000 CSV; SHA-256 remains unverified until a full unfiltered inventory or upload is provided.,B000A,local_upload_inventory_20260827T145903Z.csv,present_on_user_machine_per_complete_ls_declaration,3452,,,B000A_complete_user_local_inventory_20260827T153319Z.csv,669d9c261d0715de321344a589b4b2ae6bc8d5d0797f26283e4c39aeba5df397,,,,,,,,,,
user_complete_local_inventory_declaration,make_local_inventory.py,,not_materialized_by_this_declaration,user_message_B000A_complete_ls,candidate or supporting local artifact,batch_planning,,,pending,present_on_user_machine_per_complete_ls_declaration,2026-08-27T15:33:19.298657+00:00,,,user-pasted complete ls -l listing,"Trailing * in pasted ls output was an executable marker, not part of the filename. Not included in the pattern-filtered B000 CSV; SHA-256 remains unverified until a full unfiltered inventory or upload is provided.",B000A,make_local_inventory.py,present_on_user_machine_per_complete_ls_declaration,7070,,,B000A_complete_user_local_inventory_20260827T153319Z.csv,669d9c261d0715de321344a589b4b2ae6bc8d5d0797f26283e4c39aeba5df397,,,,,,,,,,
user_complete_local_inventory_declaration,make_local_inventory_v2.py,,not_materialized_by_this_declaration,user_message_B000A_complete_ls,candidate or supporting local artifact,batch_planning,,,pending,present_on_user_machine_per_complete_ls_declaration,2026-08-27T15:33:19.298657+00:00,,,user-pasted complete ls -l listing,"Trailing * in pasted ls output was an executable marker, not part of the filename. Not included in the pattern-filtered B000 CSV; SHA-256 remains unverified until a full unfiltered inventory or upload is provided.",B000A,make_local_inventory_v2.py,present_on_user_machine_per_complete_ls_declaration,9202,,,B000A_complete_user_local_inventory_20260827T153319Z.csv,669d9c261d0715de321344a589b4b2ae6bc8d5d0797f26283e4c39aeba5df397,,,,,,,,,,
user_complete_local_inventory_declaration,msigdb_v5.0_files_to_download_locally.zip,,not_materialized_by_this_declaration,user_message_B000A_complete_ls,candidate or supporting local artifact,batch_planning,,,pending,present_on_user_machine_per_complete_ls_declaration,2026-08-27T15:33:19.298657+00:00,,,user-pasted complete ls -l listing,Not included in the pattern-filtered B000 CSV; SHA-256 remains unverified until a full unfiltered inventory or upload is provided.,B000A,msigdb_v5.0_files_to_download_locally.zip,present_on_user_machine_per_complete_ls_declaration,115484475,,,B000A_complete_user_local_inventory_20260827T153319Z.csv,669d9c261d0715de321344a589b4b2ae6bc8d5d0797f26283e4c39aeba5df397,,,,,,,,,,
user_complete_local_inventory_declaration,msigdb_v5.1_files_to_download_locally.zip,,not_materialized_by_this_declaration,user_message_B000A_complete_ls,candidate or supporting local artifact,batch_planning,https://www.gsea-msigdb.org/gsea/downloads.jsp,https://www.gsea-msigdb.org/gsea/downloads.jsp,resolved_exact_existing_ledger,present_on_user_machine_per_complete_ls_declaration,2026-08-27T15:33:19.298657+00:00,,,user-pasted complete ls -l listing,Not included in the pattern-filtered B000 CSV; SHA-256 remains unverified until a full unfiltered inventory or upload is provided.,B000A,msigdb_v5.1_files_to_download_locally.zip,present_on_user_machine_per_complete_ls_declaration,69702250,,,B000A_complete_user_local_inventory_20260827T153319Z.csv,669d9c261d0715de321344a589b4b2ae6bc8d5d0797f26283e4c39aeba5df397,,,,,,,,,,
user_complete_local_inventory_declaration,msigdb_v5.2_chip_files_to_download_locally.zip,,not_materialized_by_this_declaration,user_message_B000A_complete_ls,candidate or supporting local artifact,batch_planning,https://www.gsea-msigdb.org/gsea/downloads.jsp,https://www.gsea-msigdb.org/gsea/downloads.jsp,resolved_exact_existing_ledger,present_on_user_machine_per_complete_ls_declaration,2026-08-27T15:33:19.298657+00:00,,,user-pasted complete ls -l listing,Not included in the pattern-filtered B000 CSV; SHA-256 remains unverified until a full unfiltered inventory or upload is provided.,B000A,msigdb_v5.2_chip_files_to_download_locally.zip,present_on_user_machine_per_complete_ls_declaration,67891640,,,B000A_complete_user_local_inventory_20260827T153319Z.csv,669d9c261d0715de321344a589b4b2ae6bc8d5d0797f26283e4c39aeba5df397,,,,,,,,,,
user_complete_local_inventory_declaration,msigdb_v5.2_files_to_download_locally.zip,,not_materialized_by_this_declaration,user_message_B000A_complete_ls,candidate or supporting local artifact,batch_planning,https://www.gsea-msigdb.org/gsea/downloads.jsp,https://www.gsea-msigdb.org/gsea/downloads.jsp,resolved_exact_existing_ledger,present_on_user_machine_per_complete_ls_declaration,2026-08-27T15:33:19.298657+00:00,,,user-pasted complete ls -l listing,Not included in the pattern-filtered B000 CSV; SHA-256 remains unverified until a full unfiltered inventory or upload is provided.,B000A,msigdb_v5.2_files_to_download_locally.zip,present_on_user_machine_per_complete_ls_declaration,92768160,,,B000A_complete_user_local_inventory_20260827T153319Z.csv,669d9c261d0715de321344a589b4b2ae6bc8d5d0797f26283e4c39aeba5df397,,,,,,,,,,
user_complete_local_inventory_declaration,msigdb_v6.0_files_to_download_locally.zip,,not_materialized_by_this_declaration,user_message_B000A_complete_ls,candidate or supporting local artifact,batch_planning,https://www.gsea-msigdb.org/gsea/downloads.jsp,https://www.gsea-msigdb.org/gsea/downloads.jsp,resolved_exact_existing_ledger,present_on_user_machine_per_complete_ls_declaration,2026-08-27T15:33:19.298657+00:00,,,user-pasted complete ls -l listing,Not included in the pattern-filtered B000 CSV; SHA-256 remains unverified until a full unfiltered inventory or upload is provided.,B000A,msigdb_v6.0_files_to_download_locally.zip,present_on_user_machine_per_complete_ls_declaration,72144318,,,B000A_complete_user_local_inventory_20260827T153319Z.csv,669d9c261d0715de321344a589b4b2ae6bc8d5d0797f26283e4c39aeba5df397,,,,,,,,,,
user_complete_local_inventory_declaration,ohmnet-master.zip,,not_materialized_by_this_declaration,user_message_B000A_complete_ls,candidate or supporting local artifact,batch_planning,,,pending,present_on_user_machine_per_complete_ls_declaration,2026-08-27T15:33:19.298657+00:00,,,user-pasted complete ls -l listing,Not included in the pattern-filtered B000 CSV; SHA-256 remains unverified until a full unfiltered inventory or upload is provided.,B000A,ohmnet-master.zip,present_on_user_machine_per_complete_ls_declaration,1092580,,,B000A_complete_user_local_inventory_20260827T153319Z.csv,669d9c261d0715de321344a589b4b2ae6bc8d5d0797f26283e4c39aeba5df397,,,,,,,,,,
user_complete_local_inventory_declaration,requested_file_patterns.txt,,not_materialized_by_this_declaration,user_message_B000A_complete_ls,candidate or supporting local artifact,batch_planning,,,pending,present_on_user_machine_per_complete_ls_declaration,2026-08-27T15:33:19.298657+00:00,,,user-pasted complete ls -l listing,Not included in the pattern-filtered B000 CSV; SHA-256 remains unverified until a full unfiltered inventory or upload is provided.,B000A,requested_file_patterns.txt,present_on_user_machine_per_complete_ls_declaration,1164,,,B000A_complete_user_local_inventory_20260827T153319Z.csv,669d9c261d0715de321344a589b4b2ae6bc8d5d0797f26283e4c39aeba5df397,,,,,,,,,,
user_complete_local_inventory_declaration,sample_giant_network.sh,,not_materialized_by_this_declaration,user_message_B000A_complete_ls,candidate or supporting local artifact,batch_planning,,,pending,present_on_user_machine_per_complete_ls_declaration,2026-08-27T15:33:19.298657+00:00,,,user-pasted complete ls -l listing,"Trailing * in pasted ls output was an executable marker, not part of the filename. Not included in the pattern-filtered B000 CSV; SHA-256 remains unverified until a full unfiltered inventory or upload is provided.",B000A,sample_giant_network.sh,present_on_user_machine_per_complete_ls_declaration,2110,,,B000A_complete_user_local_inventory_20260827T153319Z.csv,669d9c261d0715de321344a589b4b2ae6bc8d5d0797f26283e4c39aeba5df397,,,,,,,,,,
user_complete_local_inventory_declaration,train_graph_id.npy,,not_materialized_by_this_declaration,user_message_B000A_complete_ls,candidate or supporting local artifact,batch_planning,,,pending,present_on_user_machine_per_complete_ls_declaration,2026-08-27T15:33:19.298657+00:00,,,user-pasted complete ls -l listing,Not included in the pattern-filtered B000 CSV; SHA-256 remains unverified until a full unfiltered inventory or upload is provided.,B000A,train_graph_id.npy,present_on_user_machine_per_complete_ls_declaration,455680,,,B000A_complete_user_local_inventory_20260827T153319Z.csv,669d9c261d0715de321344a589b4b2ae6bc8d5d0797f26283e4c39aeba5df397,,,,,,,,,,
user_full_local_inventory_hash_declaration,2016-06-01-annotations-README,,user_local_only_unless_separately_uploaded,B000B_full_unfiltered_inventory,candidate_or_supporting_local_file; exact role depends on batch,batch_planning; source tracking,https://release.geneontology.org/2016-06-01/annotations/gp2protein/README,https://release.geneontology.org/2016-06-01/annotations/gp2protein/,official_GO_release_path_recorded; uploaded_bytes_not_remote_compared,present_on_user_machine_per_full_inventory,2026-08-27T16:31:01.375910+00:00,,,local_upload_inventory_full_20260827T160408Z.csv,Hash and size are declarations from the user-generated full inventory.,B000B,2016-06-01-annotations-README,present_on_user_machine_per_full_inventory,1999,32134f9555d6710a9bb488fe652fef04cd84facf516f669939487d137f8bcc88,2026-08-15T19:38:04.018182+00:00,local_upload_inventory_full_20260827T160408Z.csv,4210821f03fc5fc6f51e978cf2b82968f0500bc53c025cc5bf3cebb7c13015e4,retain_user_local_master,2026-08-27T16:31:01.375910+00:00,B000_pattern_filtered_or_B000A_ls_declaration_for_same_filename_where_present,user_generated_full_local_inventory; exact value not inferred,B102_uploaded_bytes_hash_matches_inventory,,,,,
user_full_local_inventory_hash_declaration,2016-06-01-gene_ontology.obo,,user_local_only_unless_separately_uploaded,B000B_full_unfiltered_inventory,candidate_or_supporting_local_file; exact role depends on batch,batch_planning; source tracking,https://release.geneontology.org/2016-06-01/ontology/gene_ontology.obo,https://release.geneontology.org/2016-06-01/,official_GO_release_candidate_path_recorded; raw_bytes_not_uploaded_in_B102,present_on_user_machine_per_full_inventory,2026-08-27T16:31:01.375910+00:00,,,local_upload_inventory_full_20260827T160408Z.csv,Hash and size are declarations from the user-generated full inventory.,B000B,2016-06-01-gene_ontology.obo,present_on_user_machine_per_full_inventory,30449937,3bc7e81ebac6f6e99b75b136ae0c97542b711697784ffb0275575afdd5a0298c,2026-08-15T19:16:55.087346+00:00,local_upload_inventory_full_20260827T160408Z.csv,4210821f03fc5fc6f51e978cf2b82968f0500bc53c025cc5bf3cebb7c13015e4,retain_user_local_master,2026-08-27T16:31:01.375910+00:00,B000_pattern_filtered_or_B000A_ls_declaration_for_same_filename_where_present,user_generated_full_local_inventory; exact value not inferred,not_mounted_or_not_checked,hold_for_ontology_format_comparison_if_needed,,,,
user_full_local_inventory_hash_declaration,2016-06-01-go.obo,,user_local_only_unless_separately_uploaded,B000B_full_unfiltered_inventory,candidate_or_supporting_local_file; exact role depends on batch,batch_planning; source tracking,https://release.geneontology.org/2016-06-01/ontology/go.obo,https://release.geneontology.org/2016-06-01/,official_GO_release_candidate_path_recorded; raw_bytes_not_uploaded_in_B102,present_on_user_machine_per_full_inventory,2026-08-27T16:31:01.375910+00:00,,,local_upload_inventory_full_20260827T160408Z.csv,Hash and size are declarations from the user-generated full inventory.,B000B,2016-06-01-go.obo,present_on_user_machine_per_full_inventory,34762536,9b4c0c28d73ba41ae4c684d78b354d2c8bea691a5d759d4cdd188eecdd307ca2,2026-08-15T19:16:39.146564+00:00,local_upload_inventory_full_20260827T160408Z.csv,4210821f03fc5fc6f51e978cf2b82968f0500bc53c025cc5bf3cebb7c13015e4,retain_user_local_master,2026-08-27T16:31:01.375910+00:00,B000_pattern_filtered_or_B000A_ls_declaration_for_same_filename_where_present,user_generated_full_local_inventory; exact value not inferred,not_mounted_or_not_checked,B103,,,,
user_full_local_inventory_hash_declaration,2016-06-01-go.owl,,user_local_only_unless_separately_uploaded,B000B_full_unfiltered_inventory,candidate_or_supporting_local_file; exact role depends on batch,batch_planning; source tracking,https://release.geneontology.org/2016-06-01/ontology/go.owl,https://release.geneontology.org/2016-06-01/,official_GO_release_candidate_path_recorded; raw_bytes_not_uploaded_in_B102,present_on_user_machine_per_full_inventory,2026-08-27T16:31:01.375910+00:00,,,local_upload_inventory_full_20260827T160408Z.csv,Hash and size are declarations from the user-generated full inventory.,B000B,2016-06-01-go.owl,present_on_user_machine_per_full_inventory,170536280,008c6fab29b367f291132eb3e23ffc3f7c939101ebfc4124e63724e789eeea77,2026-08-15T19:16:49.027499+00:00,local_upload_inventory_full_20260827T160408Z.csv,4210821f03fc5fc6f51e978cf2b82968f0500bc53c025cc5bf3cebb7c13015e4,retain_user_local_master,2026-08-27T16:31:01.375910+00:00,B000_pattern_filtered_or_B000A_ls_declaration_for_same_filename_where_present,user_generated_full_local_inventory; exact value not inferred,not_mounted_or_not_checked,hold_for_ontology_format_comparison_if_needed,,,,
user_full_local_inventory_hash_declaration,2016-06-01-gp2protein.geneid.gz,,user_local_only_unless_separately_uploaded,B000B_full_unfiltered_inventory,candidate_or_supporting_local_file; exact role depends on batch,batch_planning; source tracking,https://release.geneontology.org/2016-06-01/annotations/gp2protein/gp2protein.geneid.gz,https://release.geneontology.org/2016-06-01/annotations/gp2protein/,official_GO_release_path_recorded; uploaded_bytes_not_remote_compared,present_on_user_machine_per_full_inventory,2026-08-27T16:31:01.375910+00:00,,,local_upload_inventory_full_20260827T160408Z.csv,Hash and size are declarations from the user-generated full inventory.,B000B,2016-06-01-gp2protein.geneid.gz,present_on_user_machine_per_full_inventory,38540366,f3a2d329ada32f03e4c3ec60c55ef77cfe3626c3c875832e59612e5f316504e7,2026-08-15T19:45:00.492038+00:00,local_upload_inventory_full_20260827T160408Z.csv,4210821f03fc5fc6f51e978cf2b82968f0500bc53c025cc5bf3cebb7c13015e4,retain_user_local_master,2026-08-27T16:31:01.375910+00:00,B000_pattern_filtered_or_B000A_ls_declaration_for_same_filename_where_present,user_generated_full_local_inventory; exact value not inferred,B102_uploaded_bytes_hash_matches_inventory,,,,,
user_full_local_inventory_hash_declaration,2016-06-01-gp2protein.human.gz,,user_local_only_unless_separately_uploaded,B000B_full_unfiltered_inventory,candidate_or_supporting_local_file; exact role depends on batch,batch_planning; source tracking,https://release.geneontology.org/2016-06-01/annotations/gp2protein/gp2protein.human.gz,https://release.geneontology.org/2016-06-01/annotations/gp2protein/,official_GO_release_path_recorded; uploaded_bytes_not_remote_compared,present_on_user_machine_per_full_inventory,2026-08-27T16:31:01.375910+00:00,,,local_upload_inventory_full_20260827T160408Z.csv,Hash and size are declarations from the user-generated full inventory.,B000B,2016-06-01-gp2protein.human.gz,present_on_user_machine_per_full_inventory,378274,5a62823541d718c212b61efe741b61f67b10c9a8fb71114f9cd3e33f9cc501dd,2026-08-15T19:20:00.869696+00:00,local_upload_inventory_full_20260827T160408Z.csv,4210821f03fc5fc6f51e978cf2b82968f0500bc53c025cc5bf3cebb7c13015e4,retain_user_local_master,2026-08-27T16:31:01.375910+00:00,B000_pattern_filtered_or_B000A_ls_declaration_for_same_filename_where_present,user_generated_full_local_inventory; exact value not inferred,B102_uploaded_bytes_hash_matches_inventory,,,,,
user_full_local_inventory_hash_declaration,2016-12-23-gene2go.gz,,user_local_only_unless_separately_uploaded,B000B_full_unfiltered_inventory,candidate_or_supporting_local_file; exact role depends on batch,batch_planning; source tracking,,https://web.archive.org/,historical_snapshot; exact_Wayback_acquisition_URL_unresolved,present_on_user_machine_per_full_inventory,2026-08-27T16:31:01.375910+00:00,,,local_upload_inventory_full_20260827T160408Z.csv,Hash and size are declarations from the user-generated full inventory.,B000B,2016-12-23-gene2go.gz,present_on_user_machine_per_full_inventory,19731322,33bedddfa375a99557fc8ddc8192b8441745f7c338714441ec3bafbed6228386,2026-08-16T02:58:26.135689+00:00,local_upload_inventory_full_20260827T160408Z.csv,4210821f03fc5fc6f51e978cf2b82968f0500bc53c025cc5bf3cebb7c13015e4,retain_user_local_master,2026-08-27T16:31:01.375910+00:00,B000_pattern_filtered_or_B000A_ls_declaration_for_same_filename_where_present,user_generated_full_local_inventory; exact value not inferred,not_mounted_or_not_checked,B201,,,,
user_full_local_inventory_hash_declaration,2016-12-23-gene2go_human.tsv.gz,,user_local_only_unless_separately_uploaded,B000B_full_unfiltered_inventory,candidate_or_supporting_local_file; exact role depends on batch,batch_planning; source tracking,,https://web.archive.org/,locally_filtered_historical_snapshot; exact_parent_acquisition_URL_unresolved,present_on_user_machine_per_full_inventory,2026-08-27T16:31:01.375910+00:00,,,local_upload_inventory_full_20260827T160408Z.csv,Hash and size are declarations from the user-generated full inventory.,B000B,2016-12-23-gene2go_human.tsv.gz,present_on_user_machine_per_full_inventory,3280383,5d14e96beead06423b047621ac02829b576e041e607a58f70820947839641c09,2026-08-16T02:58:52.118008+00:00,local_upload_inventory_full_20260827T160408Z.csv,4210821f03fc5fc6f51e978cf2b82968f0500bc53c025cc5bf3cebb7c13015e4,retain_user_local_master,2026-08-27T16:31:01.375910+00:00,B000_pattern_filtered_or_B000A_ls_declaration_for_same_filename_where_present,user_generated_full_local_inventory; exact value not inferred,not_mounted_or_not_checked,B201,,,,
user_full_local_inventory_hash_declaration,2026-08-14-gene2go.gz,,user_local_only_unless_separately_uploaded,B000B_full_unfiltered_inventory,candidate_or_supporting_local_file; exact role depends on batch,batch_planning; source tracking,https://ftp.ncbi.nlm.nih.gov/gene/DATA/gene2go.gz,https://ftp.ncbi.nlm.nih.gov/gene/DATA/,rolling_NCBI_source_path; local_dated_copy_hash_recorded,present_on_user_machine_per_full_inventory,2026-08-27T16:31:01.375910+00:00,,,local_upload_inventory_full_20260827T160408Z.csv,Hash and size are declarations from the user-generated full inventory.,B000B,2026-08-14-gene2go.gz,present_on_user_machine_per_full_inventory,1374437901,89ab428f49d81a730e674d3ebec47e4d8ddf39838a464734cab64b87aacf15c7,2026-08-16T02:42:15.141355+00:00,local_upload_inventory_full_20260827T160408Z.csv,4210821f03fc5fc6f51e978cf2b82968f0500bc53c025cc5bf3cebb7c13015e4,retain_user_local_master,2026-08-27T16:31:01.375910+00:00,B000_pattern_filtered_or_B000A_ls_declaration_for_same_filename_where_present,user_generated_full_local_inventory; exact value not inferred,not_mounted_or_not_checked,,,,,
user_full_local_inventory_hash_declaration,2026-08-14-gene2go_human.tsv.gz,,user_local_only_unless_separately_uploaded,B000B_full_unfiltered_inventory,candidate_or_supporting_local_file; exact role depends on batch,batch_planning; source tracking,,https://ftp.ncbi.nlm.nih.gov/gene/DATA/,locally_filtered_derivative_of_2026-08-14-gene2go.gz,present_on_user_machine_per_full_inventory,2026-08-27T16:31:01.375910+00:00,,,local_upload_inventory_full_20260827T160408Z.csv,Hash and size are declarations from the user-generated full inventory.,B000B,2026-08-14-gene2go_human.tsv.gz,present_on_user_machine_per_full_inventory,5328626,b339ff9dea4e1baa4c26e425a5f4f646cb7eddf0def5291ae3fb615e4f553480,2026-08-16T02:50:12.553239+00:00,local_upload_inventory_full_20260827T160408Z.csv,4210821f03fc5fc6f51e978cf2b82968f0500bc53c025cc5bf3cebb7c13015e4,retain_user_local_master,2026-08-27T16:31:01.375910+00:00,B000_pattern_filtered_or_B000A_ls_declaration_for_same_filename_where_present,user_generated_full_local_inventory; exact value not inferred,not_mounted_or_not_checked,,,,,
user_full_local_inventory_hash_declaration,bio-tissue-hierarchy.tar.gz,,user_local_only_unless_separately_uploaded,B000B_full_unfiltered_inventory,candidate_or_supporting_local_file; exact role depends on batch,batch_planning; source tracking,https://snap.stanford.edu/ohmnet/bio-tissue-hierarchy.tar.gz,https://snap.stanford.edu/ohmnet/,official_OhmNet_project_download_url,present_on_user_machine_per_full_inventory,2026-08-27T16:31:01.375910+00:00,,,local_upload_inventory_full_20260827T160408Z.csv,Hash and size are declarations from the user-generated full inventory.,B000B,bio-tissue-hierarchy.tar.gz,present_on_user_machine_per_full_inventory,421785,c4568a68bb83319bff854eecf73a93f698fe2c41ed6e95639af974dd024ffef7,2026-08-14T16:14:26.911041+00:00,local_upload_inventory_full_20260827T160408Z.csv,4210821f03fc5fc6f51e978cf2b82968f0500bc53c025cc5bf3cebb7c13015e4,retain_user_local_master,2026-08-27T16:31:01.375910+00:00,B000_pattern_filtered_or_B000A_ls_declaration_for_same_filename_where_present,user_generated_full_local_inventory; exact value not inferred,runtime_hash_matches_inventory,,,,,
user_full_local_inventory_hash_declaration,bio-tissue-labels.tar.gz,,user_local_only_unless_separately_uploaded,B000B_full_unfiltered_inventory,candidate_or_supporting_local_file; exact role depends on batch,batch_planning; source tracking,https://snap.stanford.edu/ohmnet/bio-tissue-labels.tar.gz,https://snap.stanford.edu/ohmnet/,official_OhmNet_project_download_url,present_on_user_machine_per_full_inventory,2026-08-27T16:31:01.375910+00:00,,,local_upload_inventory_full_20260827T160408Z.csv,Hash and size are declarations from the user-generated full inventory.,B000B,bio-tissue-labels.tar.gz,present_on_user_machine_per_full_inventory,1793328,6abf272940d2407849bd779e5f85c0377a2fb07c2351d1ebc82e3d06a46bc11d,2026-08-14T16:14:31.166173+00:00,local_upload_inventory_full_20260827T160408Z.csv,4210821f03fc5fc6f51e978cf2b82968f0500bc53c025cc5bf3cebb7c13015e4,retain_user_local_master,2026-08-27T16:31:01.375910+00:00,B000_pattern_filtered_or_B000A_ls_declaration_for_same_filename_where_present,user_generated_full_local_inventory; exact value not inferred,runtime_hash_matches_inventory,,,,,
user_full_local_inventory_hash_declaration,bio-tissue-networks.tar.gz,,user_local_only_unless_separately_uploaded,B000B_full_unfiltered_inventory,candidate_or_supporting_local_file; exact role depends on batch,batch_planning; source tracking,https://snap.stanford.edu/ohmnet/bio-tissue-networks.tar.gz,https://snap.stanford.edu/ohmnet/,official_OhmNet_project_download_url,present_on_user_machine_per_full_inventory,2026-08-27T16:31:01.375910+00:00,,,local_upload_inventory_full_20260827T160408Z.csv,Hash and size are declarations from the user-generated full inventory.,B000B,bio-tissue-networks.tar.gz,present_on_user_machine_per_full_inventory,15568869,2c79e17f4a7c8680a7cbf8b20cef4acf356a7523c9a75fce586494153c0603d1,2026-08-14T16:12:36.715408+00:00,local_upload_inventory_full_20260827T160408Z.csv,4210821f03fc5fc6f51e978cf2b82968f0500bc53c025cc5bf3cebb7c13015e4,retain_user_local_master,2026-08-27T16:31:01.375910+00:00,B000_pattern_filtered_or_B000A_ls_declaration_for_same_filename_where_present,user_generated_full_local_inventory; exact value not inferred,runtime_hash_matches_inventory,,,,,
user_full_local_inventory_hash_declaration,bio-tissue-readme.txt,,user_local_only_unless_separately_uploaded,B000B_full_unfiltered_inventory,candidate_or_supporting_local_file; exact role depends on batch,batch_planning; source tracking,https://snap.stanford.edu/ohmnet/bio-tissue-readme.txt,https://snap.stanford.edu/ohmnet/,official_OhmNet_project_download_url,present_on_user_machine_per_full_inventory,2026-08-27T16:31:01.375910+00:00,,,local_upload_inventory_full_20260827T160408Z.csv,Hash and size are declarations from the user-generated full inventory.,B000B,bio-tissue-readme.txt,present_on_user_machine_per_full_inventory,1465,7f3372f8ae3a90852951c73b18980386ceb4ad2f5d32d81366adf22fd75e2b20,2026-08-14T16:18:05.646253+00:00,local_upload_inventory_full_20260827T160408Z.csv,4210821f03fc5fc6f51e978cf2b82968f0500bc53c025cc5bf3cebb7c13015e4,retain_user_local_master,2026-08-27T16:31:01.375910+00:00,B000_pattern_filtered_or_B000A_ls_declaration_for_same_filename_where_present,user_generated_full_local_inventory; exact value not inferred,runtime_hash_matches_inventory,,,,,
user_full_local_inventory_hash_declaration,bioconductor-annotation-org.Hs.eg.db_3.0.0.tar.gz,,user_local_only_unless_separately_uploaded,B000B_full_unfiltered_inventory,candidate_or_supporting_local_file; exact role depends on batch,batch_planning; source tracking,https://bioconductor.statistik.tu-dortmund.de/packages/3.0/data/annotation/src/contrib/org.Hs.eg.db_3.0.0.tar.gz,https://bioconductor.org/packages/3.0/data/annotation/html/org.Hs.eg.db.html,historical_Bioconductor_mirror_path; local_filename_has_added_prefix; bytes_not_compared,present_on_user_machine_per_full_inventory,2026-08-27T16:31:01.375910+00:00,,,local_upload_inventory_full_20260827T160408Z.csv,Hash and size are declarations from the user-generated full inventory.,B000B,bioconductor-annotation-org.Hs.eg.db_3.0.0.tar.gz,present_on_user_machine_per_full_inventory,61468422,8050de3394620756743770280dab2dc4a71b0f25fe2c00644590eb1472e47a9b,2026-08-17T15:45:40.181739+00:00,local_upload_inventory_full_20260827T160408Z.csv,4210821f03fc5fc6f51e978cf2b82968f0500bc53c025cc5bf3cebb7c13015e4,retain_user_local_master,2026-08-27T16:31:01.375910+00:00,B000_pattern_filtered_or_B000A_ls_declaration_for_same_filename_where_present,user_generated_full_local_inventory; exact value not inferred,not_mounted_or_not_checked,B30x_one_package_per_batch,,,,
user_full_local_inventory_hash_declaration,bioconductor-annotation-org.Hs.eg.db_3.1.2.tar.gz,,user_local_only_unless_separately_uploaded,B000B_full_unfiltered_inventory,candidate_or_supporting_local_file; exact role depends on batch,batch_planning; source tracking,https://bioconductor.statistik.tu-dortmund.de/packages/3.1/data/annotation/src/contrib/org.Hs.eg.db_3.1.2.tar.gz,https://bioconductor.org/packages/3.1/data/annotation/html/org.Hs.eg.db.html,historical_Bioconductor_mirror_path; local_filename_has_added_prefix; bytes_not_compared,present_on_user_machine_per_full_inventory,2026-08-27T16:31:01.375910+00:00,,,local_upload_inventory_full_20260827T160408Z.csv,Hash and size are declarations from the user-generated full inventory.,B000B,bioconductor-annotation-org.Hs.eg.db_3.1.2.tar.gz,present_on_user_machine_per_full_inventory,65439359,f740123867e67a255d07ed1019bac565b94c948bc70dc5c1e584ce94cad76c62,2026-08-17T15:45:58.492934+00:00,local_upload_inventory_full_20260827T160408Z.csv,4210821f03fc5fc6f51e978cf2b82968f0500bc53c025cc5bf3cebb7c13015e4,retain_user_local_master,2026-08-27T16:31:01.375910+00:00,B000_pattern_filtered_or_B000A_ls_declaration_for_same_filename_where_present,user_generated_full_local_inventory; exact value not inferred,not_mounted_or_not_checked,B30x_one_package_per_batch,,,,
user_full_local_inventory_hash_declaration,bioconductor-annotation-org.Hs.eg.db_3.3.0.tar.gz,,user_local_only_unless_separately_uploaded,B000B_full_unfiltered_inventory,candidate_or_supporting_local_file; exact role depends on batch,batch_planning; source tracking,https://bioconductor.statistik.tu-dortmund.de/packages/3.3/data/annotation/src/contrib/org.Hs.eg.db_3.3.0.tar.gz,https://bioconductor.org/packages/3.3/data/annotation/html/org.Hs.eg.db.html,historical_Bioconductor_mirror_path; local_filename_has_added_prefix; bytes_not_compared,present_on_user_machine_per_full_inventory,2026-08-27T16:31:01.375910+00:00,,,local_upload_inventory_full_20260827T160408Z.csv,Hash and size are declarations from the user-generated full inventory.,B000B,bioconductor-annotation-org.Hs.eg.db_3.3.0.tar.gz,present_on_user_machine_per_full_inventory,69122902,f7e7d37e4dd6824e5333ca2a930535859328b3e640150b82f056a026fd20eb27,2026-08-16T12:54:21.253959+00:00,local_upload_inventory_full_20260827T160408Z.csv,4210821f03fc5fc6f51e978cf2b82968f0500bc53c025cc5bf3cebb7c13015e4,retain_user_local_master,2026-08-27T16:31:01.375910+00:00,B000_pattern_filtered_or_B000A_ls_declaration_for_same_filename_where_present,user_generated_full_local_inventory; exact value not inferred,not_mounted_or_not_checked,B30x_one_package_per_batch,,,,
user_full_local_inventory_hash_declaration,bioconductor-annotation-org.Hs.eg.db_3.4.0.tar.gz,,user_local_only_unless_separately_uploaded,B000B_full_unfiltered_inventory,candidate_or_supporting_local_file; exact role depends on batch,batch_planning; source tracking,https://bioconductor.statistik.tu-dortmund.de/packages/3.4/data/annotation/src/contrib/org.Hs.eg.db_3.4.0.tar.gz,https://bioconductor.org/packages/3.4/data/annotation/html/org.Hs.eg.db.html,historical_Bioconductor_mirror_path; local_filename_has_added_prefix; bytes_not_compared,present_on_user_machine_per_full_inventory,2026-08-27T16:31:01.375910+00:00,,,local_upload_inventory_full_20260827T160408Z.csv,Hash and size are declarations from the user-generated full inventory.,B000B,bioconductor-annotation-org.Hs.eg.db_3.4.0.tar.gz,present_on_user_machine_per_full_inventory,69557350,c6133611cc991dfc17410d06a9ddcc6dcff0153bceffdf7d5a9b7dc42f31afa6,2026-08-16T12:53:57.588332+00:00,local_upload_inventory_full_20260827T160408Z.csv,4210821f03fc5fc6f51e978cf2b82968f0500bc53c025cc5bf3cebb7c13015e4,retain_user_local_master,2026-08-27T16:31:01.375910+00:00,B000_pattern_filtered_or_B000A_ls_declaration_for_same_filename_where_present,user_generated_full_local_inventory; exact value not inferred,not_mounted_or_not_checked,B30x_one_package_per_batch,,,,
user_full_local_inventory_hash_declaration,blood_sample.tsv.gz,,user_local_only_unless_separately_uploaded,B000B_full_unfiltered_inventory,candidate_or_supporting_local_file; exact role depends on batch,batch_planning; source tracking,,https://hb.flatironinstitute.org/download,locally_generated_sample_from_HumanBase-blood_top.gz,present_on_user_machine_per_full_inventory,2026-08-27T16:31:01.375910+00:00,,,local_upload_inventory_full_20260827T160408Z.csv,Hash and size are declarations from the user-generated full inventory.,B000B,blood_sample.tsv.gz,present_on_user_machine_per_full_inventory,6597,de33c01e4ec3f54729e937ec4ec7f4fb4b52a846cfeb462214411154f7c89ddf,2026-08-17T21:14:41.248592+00:00,local_upload_inventory_full_20260827T160408Z.csv,4210821f03fc5fc6f51e978cf2b82968f0500bc53c025cc5bf3cebb7c13015e4,retain_user_local_master,2026-08-27T16:31:01.375910+00:00,B000_pattern_filtered_or_B000A_ls_declaration_for_same_filename_where_present,user_generated_full_local_inventory; exact value not inferred,not_mounted_or_not_checked,B40x,,,,
user_full_local_inventory_hash_declaration,chat_gpt_historical_go_mapping_inventory.md,,user_local_only_unless_separately_uploaded,B000B_full_unfiltered_inventory,candidate_or_supporting_local_file; exact role depends on batch,batch_planning; source tracking,,,local_or_conversation_generated_artifact; no_external_source_URL,present_on_user_machine_per_full_inventory,2026-08-27T16:31:01.375910+00:00,,,local_upload_inventory_full_20260827T160408Z.csv,Hash and size are declarations from the user-generated full inventory.,B000B,chat_gpt_historical_go_mapping_inventory.md,present_on_user_machine_per_full_inventory,55969,ad10c6ed2919409a3dda0f2e89f4a5f7709cb739f9e3129297b1fa9f497f4b0c,2026-08-23T16:02:01.338586+00:00,local_upload_inventory_full_20260827T160408Z.csv,4210821f03fc5fc6f51e978cf2b82968f0500bc53c025cc5bf3cebb7c13015e4,retain_user_local_master,2026-08-27T16:31:01.375910+00:00,B000_pattern_filtered_or_B000A_ls_declaration_for_same_filename_where_present,user_generated_full_local_inventory; exact value not inferred,not_mounted_or_not_checked,,,,,
user_full_local_inventory_hash_declaration,dgl_ppi.zip,,user_local_only_unless_separately_uploaded,B000B_full_unfiltered_inventory,candidate_or_supporting_local_file; exact role depends on batch,batch_planning; source tracking,https://data.dgl.ai/dataset/ppi.zip,https://github.com/dmlc/dgl/blob/master/python/dgl/data/ppi.py,official_dataset_loader_URL,present_on_user_machine_per_full_inventory,2026-08-27T16:31:01.375910+00:00,,,local_upload_inventory_full_20260827T160408Z.csv,Hash and size are declarations from the user-generated full inventory.,B000B,dgl_ppi.zip,present_on_user_machine_per_full_inventory,7088822,1f5b2b09ac0f897fa6aa1338c64ab75a5473674cbba89380120bede8cddb2a6a,2026-08-15T02:50:07.198995+00:00,local_upload_inventory_full_20260827T160408Z.csv,4210821f03fc5fc6f51e978cf2b82968f0500bc53c025cc5bf3cebb7c13015e4,retain_user_local_master,2026-08-27T16:31:01.375910+00:00,B000_pattern_filtered_or_B000A_ls_declaration_for_same_filename_where_present,user_generated_full_local_inventory; exact value not inferred,runtime_hash_matches_inventory,,,,,
user_full_local_inventory_hash_declaration,dhimmel-gene-ontology-962a5e1-GO_annotations-9606-direct-allev.tsv,,user_local_only_unless_separately_uploaded,B000B_full_unfiltered_inventory,candidate_or_supporting_local_file; exact role depends on batch,batch_planning; source tracking,https://raw.githubusercontent.com/dhimmel/gene-ontology/962a5e1/GO_annotations-9606-direct-allev.tsv,https://github.com/dhimmel/gene-ontology/tree/962a5e1,commit_pinned_candidate_path; exact_raw_path_not_remote_compared,present_on_user_machine_per_full_inventory,2026-08-27T16:31:01.375910+00:00,,,local_upload_inventory_full_20260827T160408Z.csv,Hash and size are declarations from the user-generated full inventory.,B000B,dhimmel-gene-ontology-962a5e1-GO_annotations-9606-direct-allev.tsv,present_on_user_machine_per_full_inventory,147142,26884fcfa735b95c329280107c118ee38d1fc1a510287187873e8805991129d0,2026-08-21T20:37:18.500632+00:00,local_upload_inventory_full_20260827T160408Z.csv,4210821f03fc5fc6f51e978cf2b82968f0500bc53c025cc5bf3cebb7c13015e4,retain_user_local_master,2026-08-27T16:31:01.375910+00:00,B000_pattern_filtered_or_B000A_ls_declaration_for_same_filename_where_present,user_generated_full_local_inventory; exact value not inferred,not_mounted_or_not_checked,,,,,
user_full_local_inventory_hash_declaration,dhimmel-gene-ontology-962a5e1-GO_annotations-9606-direct-expev.tsv,,user_local_only_unless_separately_uploaded,B000B_full_unfiltered_inventory,candidate_or_supporting_local_file; exact role depends on batch,batch_planning; source tracking,https://raw.githubusercontent.com/dhimmel/gene-ontology/962a5e1/GO_annotations-9606-direct-expev.tsv,https://github.com/dhimmel/gene-ontology/tree/962a5e1,commit_pinned_candidate_path; exact_raw_path_not_remote_compared,present_on_user_machine_per_full_inventory,2026-08-27T16:31:01.375910+00:00,,,local_upload_inventory_full_20260827T160408Z.csv,Hash and size are declarations from the user-generated full inventory.,B000B,dhimmel-gene-ontology-962a5e1-GO_annotations-9606-direct-expev.tsv,present_on_user_machine_per_full_inventory,150794,36dcf23ff53284098317126dca8f4e87990071017a17ce0847d7578a18da3d7a,2026-08-21T20:37:31.076110+00:00,local_upload_inventory_full_20260827T160408Z.csv,4210821f03fc5fc6f51e978cf2b82968f0500bc53c025cc5bf3cebb7c13015e4,retain_user_local_master,2026-08-27T16:31:01.375910+00:00,B000_pattern_filtered_or_B000A_ls_declaration_for_same_filename_where_present,user_generated_full_local_inventory; exact value not inferred,not_mounted_or_not_checked,,,,,
user_full_local_inventory_hash_declaration,dhimmel-gene-ontology-962a5e1-GO_annotations-9606-inferred-allev.tsv,,user_local_only_unless_separately_uploaded,B000B_full_unfiltered_inventory,candidate_or_supporting_local_file; exact role depends on batch,batch_planning; source tracking,https://raw.githubusercontent.com/dhimmel/gene-ontology/962a5e1/GO_annotations-9606-inferred-allev.tsv,https://github.com/dhimmel/gene-ontology/tree/962a5e1,commit_pinned_candidate_path; exact_raw_path_not_remote_compared,present_on_user_machine_per_full_inventory,2026-08-27T16:31:01.375910+00:00,,,local_upload_inventory_full_20260827T160408Z.csv,Hash and size are declarations from the user-generated full inventory.,B000B,dhimmel-gene-ontology-962a5e1-GO_annotations-9606-inferred-allev.tsv,present_on_user_machine_per_full_inventory,147185,12b32f3f44014ba0d16a341ad5ace8170afa047c783074cc817556edd7cee874,2026-08-21T20:37:40.740869+00:00,local_upload_inventory_full_20260827T160408Z.csv,4210821f03fc5fc6f51e978cf2b82968f0500bc53c025cc5bf3cebb7c13015e4,retain_user_local_master,2026-08-27T16:31:01.375910+00:00,B000_pattern_filtered_or_B000A_ls_declaration_for_same_filename_where_present,user_generated_full_local_inventory; exact value not inferred,not_mounted_or_not_checked,,,,,
user_full_local_inventory_hash_declaration,dhimmel-gene-ontology-962a5e1-GO_annotations-9606-inferred-expev.tsv,,user_local_only_unless_separately_uploaded,B000B_full_unfiltered_inventory,candidate_or_supporting_local_file; exact role depends on batch,batch_planning; source tracking,https://raw.githubusercontent.com/dhimmel/gene-ontology/962a5e1/GO_annotations-9606-inferred-expev.tsv,https://github.com/dhimmel/gene-ontology/tree/962a5e1,commit_pinned_candidate_path; exact_raw_path_not_remote_compared,present_on_user_machine_per_full_inventory,2026-08-27T16:31:01.375910+00:00,,,local_upload_inventory_full_20260827T160408Z.csv,Hash and size are declarations from the user-generated full inventory.,B000B,dhimmel-gene-ontology-962a5e1-GO_annotations-9606-inferred-expev.tsv,present_on_user_machine_per_full_inventory,147186,66064652bc84250a6d2349b591381b10f7436bc48cdb4e4224be977bd7258474,2026-08-21T20:37:45.657942+00:00,local_upload_inventory_full_20260827T160408Z.csv,4210821f03fc5fc6f51e978cf2b82968f0500bc53c025cc5bf3cebb7c13015e4,retain_user_local_master,2026-08-27T16:31:01.375910+00:00,B000_pattern_filtered_or_B000A_ls_declaration_for_same_filename_where_present,user_generated_full_local_inventory; exact value not inferred,not_mounted_or_not_checked,,,,,
user_full_local_inventory_hash_declaration,file_inventory_2026_08_18.pdf,,user_local_only_unless_separately_uploaded,B000B_full_unfiltered_inventory,candidate_or_supporting_local_file; exact role depends on batch,batch_planning; source tracking,,,local_or_conversation_generated_artifact; no_external_source_URL,present_on_user_machine_per_full_inventory,2026-08-27T16:31:01.375910+00:00,,,local_upload_inventory_full_20260827T160408Z.csv,Hash and size are declarations from the user-generated full inventory.,B000B,file_inventory_2026_08_18.pdf,present_on_user_machine_per_full_inventory,194113,165099955d8731a9477ca959ef133eaee87016dbb1b7e2831b889f7025c5c0df,2026-08-18T18:16:12.944609+00:00,local_upload_inventory_full_20260827T160408Z.csv,4210821f03fc5fc6f51e978cf2b82968f0500bc53c025cc5bf3cebb7c13015e4,retain_user_local_master,2026-08-27T16:31:01.375910+00:00,B000_pattern_filtered_or_B000A_ls_declaration_for_same_filename_where_present,user_generated_full_local_inventory; exact value not inferred,not_mounted_or_not_checked,,,,,
user_full_local_inventory_hash_declaration,filter_gene2go.sh,,user_local_only_unless_separately_uploaded,B000B_full_unfiltered_inventory,candidate_or_supporting_local_file; exact role depends on batch,batch_planning; source tracking,,,local_or_conversation_generated_artifact; no_external_source_URL,present_on_user_machine_per_full_inventory,2026-08-27T16:31:01.375910+00:00,,,local_upload_inventory_full_20260827T160408Z.csv,Hash and size are declarations from the user-generated full inventory.,B000B,filter_gene2go.sh,present_on_user_machine_per_full_inventory,578,db1e0dc2efb285922628bcec4381357aa924d78418147b3b595dc9653a4b8061,2026-08-16T02:48:56.180950+00:00,local_upload_inventory_full_20260827T160408Z.csv,4210821f03fc5fc6f51e978cf2b82968f0500bc53c025cc5bf3cebb7c13015e4,retain_user_local_master,2026-08-27T16:31:01.375910+00:00,B000_pattern_filtered_or_B000A_ls_declaration_for_same_filename_where_present,user_generated_full_local_inventory; exact value not inferred,not_mounted_or_not_checked,,,,,
user_full_local_inventory_hash_declaration,find_gene2go_2016.py,,user_local_only_unless_separately_uploaded,B000B_full_unfiltered_inventory,candidate_or_supporting_local_file; exact role depends on batch,batch_planning; source tracking,,,local_or_conversation_generated_artifact; no_external_source_URL,present_on_user_machine_per_full_inventory,2026-08-27T16:31:01.375910+00:00,,,local_upload_inventory_full_20260827T160408Z.csv,Hash and size are declarations from the user-generated full inventory.,B000B,find_gene2go_2016.py,present_on_user_machine_per_full_inventory,7907,9841a51241c6f65fb3b2ce094fdbaa3d65c77cad6aff859dd9c659d0ff887c54,2026-08-23T00:22:36.679689+00:00,local_upload_inventory_full_20260827T160408Z.csv,4210821f03fc5fc6f51e978cf2b82968f0500bc53c025cc5bf3cebb7c13015e4,retain_user_local_master,2026-08-27T16:31:01.375910+00:00,B000_pattern_filtered_or_B000A_ls_declaration_for_same_filename_where_present,user_generated_full_local_inventory; exact value not inferred,not_mounted_or_not_checked,,,,,
user_full_local_inventory_hash_declaration,gene2go_github_survey.tsv,,user_local_only_unless_separately_uploaded,B000B_full_unfiltered_inventory,candidate_or_supporting_local_file; exact role depends on batch,batch_planning; source tracking,,,local_or_conversation_generated_artifact; no_external_source_URL,present_on_user_machine_per_full_inventory,2026-08-27T16:31:01.375910+00:00,,,local_upload_inventory_full_20260827T160408Z.csv,Hash and size are declarations from the user-generated full inventory.,B000B,gene2go_github_survey.tsv,present_on_user_machine_per_full_inventory,3160,470cdd5c2e5e4416d51e2052f16781dfc3ac0315713cedfddada00d3403c5c2d,2026-08-23T00:27:03.041248+00:00,local_upload_inventory_full_20260827T160408Z.csv,4210821f03fc5fc6f51e978cf2b82968f0500bc53c025cc5bf3cebb7c13015e4,retain_user_local_master,2026-08-27T16:31:01.375910+00:00,B000_pattern_filtered_or_B000A_ls_declaration_for_same_filename_where_present,user_generated_full_local_inventory; exact value not inferred,not_mounted_or_not_checked,,,,,
user_full_local_inventory_hash_declaration,gene_association.goa_human.155.gz,,user_local_only_unless_separately_uploaded,B000B_full_unfiltered_inventory,candidate_or_supporting_local_file; exact role depends on batch,batch_planning; source tracking,https://ftp.ebi.ac.uk/pub/databases/GO/goa/old/HUMAN/gene_association.goa_human.155.gz,https://ftp.ebi.ac.uk/pub/databases/GO/goa/old/HUMAN/,official_EBI_GOA_historical_archive_exact_filename,present_on_user_machine_per_full_inventory,2026-08-27T16:31:01.375910+00:00,,,local_upload_inventory_full_20260827T160408Z.csv,Hash and size are declarations from the user-generated full inventory.,B000B,gene_association.goa_human.155.gz,present_on_user_machine_per_full_inventory,6546187,46bf5f758f3c2d7c2f296ec0723a73eb7c26ee7cd050b5d2edd10c8eab27b0fa,2026-08-15T20:06:10.476954+00:00,local_upload_inventory_full_20260827T160408Z.csv,4210821f03fc5fc6f51e978cf2b82968f0500bc53c025cc5bf3cebb7c13015e4,retain_user_local_master,2026-08-27T16:31:01.375910+00:00,B000_pattern_filtered_or_B000A_ls_declaration_for_same_filename_where_present,user_generated_full_local_inventory; exact value not inferred,not_mounted_or_not_checked,,,,,
user_full_local_inventory_hash_declaration,gene_association.goa_human.156.gz,,user_local_only_unless_separately_uploaded,B000B_full_unfiltered_inventory,candidate_or_supporting_local_file; exact role depends on batch,batch_planning; source tracking,https://ftp.ebi.ac.uk/pub/databases/GO/goa/old/HUMAN/gene_association.goa_human.156.gz,https://ftp.ebi.ac.uk/pub/databases/GO/goa/old/HUMAN/,official_EBI_GOA_historical_archive_exact_filename,present_on_user_machine_per_full_inventory,2026-08-27T16:31:01.375910+00:00,,,local_upload_inventory_full_20260827T160408Z.csv,Hash and size are declarations from the user-generated full inventory.,B000B,gene_association.goa_human.156.gz,present_on_user_machine_per_full_inventory,6466998,768afdd97807bdfa0fa1f653998005b7b23262307850df36c52e335e5ef55caa,2026-08-16T02:24:33.487036+00:00,local_upload_inventory_full_20260827T160408Z.csv,4210821f03fc5fc6f51e978cf2b82968f0500bc53c025cc5bf3cebb7c13015e4,retain_user_local_master,2026-08-27T16:31:01.375910+00:00,B000_pattern_filtered_or_B000A_ls_declaration_for_same_filename_where_present,user_generated_full_local_inventory; exact value not inferred,not_mounted_or_not_checked,,,,,
user_full_local_inventory_hash_declaration,gene_association.goa_human.157.gz,,user_local_only_unless_separately_uploaded,B000B_full_unfiltered_inventory,candidate_or_supporting_local_file; exact role depends on batch,batch_planning; source tracking,https://ftp.ebi.ac.uk/pub/databases/GO/goa/old/HUMAN/gene_association.goa_human.157.gz,https://ftp.ebi.ac.uk/pub/databases/GO/goa/old/HUMAN/,official_EBI_GOA_historical_archive_exact_filename,present_on_user_machine_per_full_inventory,2026-08-27T16:31:01.375910+00:00,,,local_upload_inventory_full_20260827T160408Z.csv,Hash and size are declarations from the user-generated full inventory.,B000B,gene_association.goa_human.157.gz,present_on_user_machine_per_full_inventory,6434409,71ec07f1c7fe7acf15855ef37bb47fc41cac3b8703fe556afb08854724b9bc9e,2026-08-16T02:24:45.233447+00:00,local_upload_inventory_full_20260827T160408Z.csv,4210821f03fc5fc6f51e978cf2b82968f0500bc53c025cc5bf3cebb7c13015e4,retain_user_local_master,2026-08-27T16:31:01.375910+00:00,B000_pattern_filtered_or_B000A_ls_declaration_for_same_filename_where_present,user_generated_full_local_inventory; exact value not inferred,not_mounted_or_not_checked,B106,,,,
user_full_local_inventory_hash_declaration,gene_association.goa_ref_human.157.gz,,user_local_only_unless_separately_uploaded,B000B_full_unfiltered_inventory,candidate_or_supporting_local_file; exact role depends on batch,batch_planning; source tracking,https://ftp.ebi.ac.uk/pub/databases/GO/goa/old/HUMAN/gene_association.goa_ref_human.157.gz,https://ftp.ebi.ac.uk/pub/databases/GO/goa/old/HUMAN/,official_EBI_GOA_historical_archive_exact_filename,present_on_user_machine_per_full_inventory,2026-08-27T16:31:01.375910+00:00,,,local_upload_inventory_full_20260827T160408Z.csv,Hash and size are declarations from the user-generated full inventory.,B000B,gene_association.goa_ref_human.157.gz,present_on_user_machine_per_full_inventory,4859536,3c5ddd9775a1efecd74288bca3af99b7cf0288488deff7e728711a753fb5eb78,2026-08-27T14:32:33.555483+00:00,local_upload_inventory_full_20260827T160408Z.csv,4210821f03fc5fc6f51e978cf2b82968f0500bc53c025cc5bf3cebb7c13015e4,retain_user_local_master,2026-08-27T16:31:01.375910+00:00,B000_pattern_filtered_or_B000A_ls_declaration_for_same_filename_where_present,user_generated_full_local_inventory; exact value not inferred,not_mounted_or_not_checked,B106,,,,
user_full_local_inventory_hash_declaration,goa_human.gaf.158.gz,,user_local_only_unless_separately_uploaded,B000B_full_unfiltered_inventory,candidate_or_supporting_local_file; exact role depends on batch,batch_planning; source tracking,https://ftp.ebi.ac.uk/pub/databases/GO/goa/old/HUMAN/goa_human.gaf.158.gz,https://ftp.ebi.ac.uk/pub/databases/GO/goa/old/HUMAN/,official_EBI_GOA_historical_archive_exact_filename,present_on_user_machine_per_full_inventory,2026-08-27T16:31:01.375910+00:00,,,local_upload_inventory_full_20260827T160408Z.csv,Hash and size are declarations from the user-generated full inventory.,B000B,goa_human.gaf.158.gz,present_on_user_machine_per_full_inventory,4854158,7d5f7aabd0bea1e1f2a9d18af70f5d4038a85a78736d07ba69fc331b34241acf,2026-08-16T02:25:09.552743+00:00,local_upload_inventory_full_20260827T160408Z.csv,4210821f03fc5fc6f51e978cf2b82968f0500bc53c025cc5bf3cebb7c13015e4,retain_user_local_master,2026-08-27T16:31:01.375910+00:00,B000_pattern_filtered_or_B000A_ls_declaration_for_same_filename_where_present,user_generated_full_local_inventory; exact value not inferred,not_mounted_or_not_checked,B104,,,,
user_full_local_inventory_hash_declaration,goa_human.gaf.159.gz,,user_local_only_unless_separately_uploaded,B000B_full_unfiltered_inventory,candidate_or_supporting_local_file; exact role depends on batch,batch_planning; source tracking,https://ftp.ebi.ac.uk/pub/databases/GO/goa/old/HUMAN/goa_human.gaf.159.gz,https://ftp.ebi.ac.uk/pub/databases/GO/goa/old/HUMAN/,official_EBI_GOA_historical_archive_exact_filename,present_on_user_machine_per_full_inventory,2026-08-27T16:31:01.375910+00:00,,,local_upload_inventory_full_20260827T160408Z.csv,Hash and size are declarations from the user-generated full inventory.,B000B,goa_human.gaf.159.gz,present_on_user_machine_per_full_inventory,4890788,b098509f9ce70fbe7e93e7fabb3c8a767b8201fe25662ff6a57959d6cee43838,2026-08-15T16:24:36.504724+00:00,local_upload_inventory_full_20260827T160408Z.csv,4210821f03fc5fc6f51e978cf2b82968f0500bc53c025cc5bf3cebb7c13015e4,retain_user_local_master,2026-08-27T16:31:01.375910+00:00,B000_pattern_filtered_or_B000A_ls_declaration_for_same_filename_where_present,user_generated_full_local_inventory; exact value not inferred,B101_user_deletion_confirmed; any residual runtime mount is ignored,,,,,2026-08-27T16:21:32.620248+00:00
user_full_local_inventory_hash_declaration,goa_human.gaf.160.gz,,user_local_only_unless_separately_uploaded,B000B_full_unfiltered_inventory,candidate_or_supporting_local_file; exact role depends on batch,batch_planning; source tracking,https://ftp.ebi.ac.uk/pub/databases/GO/goa/old/HUMAN/goa_human.gaf.160.gz,https://ftp.ebi.ac.uk/pub/databases/GO/goa/old/HUMAN/,official_EBI_GOA_historical_archive_exact_filename,present_on_user_machine_per_full_inventory,2026-08-27T16:31:01.375910+00:00,,,local_upload_inventory_full_20260827T160408Z.csv,Hash and size are declarations from the user-generated full inventory.,B000B,goa_human.gaf.160.gz,present_on_user_machine_per_full_inventory,4574158,3d55da7ecf20d4e6c1dfd332a859be521579ba220bcf68fe93633592241ce300,2026-08-15T16:24:52.830339+00:00,local_upload_inventory_full_20260827T160408Z.csv,4210821f03fc5fc6f51e978cf2b82968f0500bc53c025cc5bf3cebb7c13015e4,retain_user_local_master,2026-08-27T16:31:01.375910+00:00,B000_pattern_filtered_or_B000A_ls_declaration_for_same_filename_where_present,user_generated_full_local_inventory; exact value not inferred,not_mounted_or_not_checked,B105,,,,
user_full_local_inventory_hash_declaration,goa_human.gpa.158.gz,,user_local_only_unless_separately_uploaded,B000B_full_unfiltered_inventory,candidate_or_supporting_local_file; exact role depends on batch,batch_planning; source tracking,https://ftp.ebi.ac.uk/pub/databases/GO/goa/old/HUMAN/goa_human.gpa.158.gz,https://ftp.ebi.ac.uk/pub/databases/GO/goa/old/HUMAN/,official_EBI_GOA_historical_archive_exact_filename,present_on_user_machine_per_full_inventory,2026-08-27T16:31:01.375910+00:00,,,local_upload_inventory_full_20260827T160408Z.csv,Hash and size are declarations from the user-generated full inventory.,B000B,goa_human.gpa.158.gz,present_on_user_machine_per_full_inventory,3636575,4d1b31df7490ad55c215d2e8525a098d820bf12a7d2d26cd13bc58a633d5f26a,2026-08-27T14:31:18.560148+00:00,local_upload_inventory_full_20260827T160408Z.csv,4210821f03fc5fc6f51e978cf2b82968f0500bc53c025cc5bf3cebb7c13015e4,retain_user_local_master,2026-08-27T16:31:01.375910+00:00,B000_pattern_filtered_or_B000A_ls_declaration_for_same_filename_where_present,user_generated_full_local_inventory; exact value not inferred,not_mounted_or_not_checked,B104,,,,
user_full_local_inventory_hash_declaration,goa_human.gpa.159.gz,,user_local_only_unless_separately_uploaded,B000B_full_unfiltered_inventory,candidate_or_supporting_local_file; exact role depends on batch,batch_planning; source tracking,https://ftp.ebi.ac.uk/pub/databases/GO/goa/old/HUMAN/goa_human.gpa.159.gz,https://ftp.ebi.ac.uk/pub/databases/GO/goa/old/HUMAN/,official_EBI_GOA_historical_archive_exact_filename,present_on_user_machine_per_full_inventory,2026-08-27T16:31:01.375910+00:00,,,local_upload_inventory_full_20260827T160408Z.csv,Hash and size are declarations from the user-generated full inventory.,B000B,goa_human.gpa.159.gz,present_on_user_machine_per_full_inventory,3665510,dbe9073e726e804f51b0fe80ecd2897798f22a558e75aeb1c8bfc229357b574a,2026-08-27T14:30:56.366237+00:00,local_upload_inventory_full_20260827T160408Z.csv,4210821f03fc5fc6f51e978cf2b82968f0500bc53c025cc5bf3cebb7c13015e4,retain_user_local_master,2026-08-27T16:31:01.375910+00:00,B000_pattern_filtered_or_B000A_ls_declaration_for_same_filename_where_present,user_generated_full_local_inventory; exact value not inferred,B101_user_deletion_confirmed; any residual runtime mount is ignored,,,,,2026-08-27T16:21:32.620248+00:00
user_full_local_inventory_hash_declaration,goa_human.gpa.160.gz,,user_local_only_unless_separately_uploaded,B000B_full_unfiltered_inventory,candidate_or_supporting_local_file; exact role depends on batch,batch_planning; source tracking,https://ftp.ebi.ac.uk/pub/databases/GO/goa/old/HUMAN/goa_human.gpa.160.gz,https://ftp.ebi.ac.uk/pub/databases/GO/goa/old/HUMAN/,official_EBI_GOA_historical_archive_exact_filename,present_on_user_machine_per_full_inventory,2026-08-27T16:31:01.375910+00:00,,,local_upload_inventory_full_20260827T160408Z.csv,Hash and size are declarations from the user-generated full inventory.,B000B,goa_human.gpa.160.gz,present_on_user_machine_per_full_inventory,3370602,937d14b7edee3efcdc01306c373982d5dc7f00fc891928ac25c7a99d40dab14c,2026-08-27T14:31:02.725841+00:00,local_upload_inventory_full_20260827T160408Z.csv,4210821f03fc5fc6f51e978cf2b82968f0500bc53c025cc5bf3cebb7c13015e4,retain_user_local_master,2026-08-27T16:31:01.375910+00:00,B000_pattern_filtered_or_B000A_ls_declaration_for_same_filename_where_present,user_generated_full_local_inventory; exact value not inferred,not_mounted_or_not_checked,B105,,,,
user_full_local_inventory_hash_declaration,goa_human.gpi.158.gz,,user_local_only_unless_separately_uploaded,B000B_full_unfiltered_inventory,candidate_or_supporting_local_file; exact role depends on batch,batch_planning; source tracking,https://ftp.ebi.ac.uk/pub/databases/GO/goa/old/HUMAN/goa_human.gpi.158.gz,https://ftp.ebi.ac.uk/pub/databases/GO/goa/old/HUMAN/,official_EBI_GOA_historical_archive_exact_filename,present_on_user_machine_per_full_inventory,2026-08-27T16:31:01.375910+00:00,,,local_upload_inventory_full_20260827T160408Z.csv,Hash and size are declarations from the user-generated full inventory.,B000B,goa_human.gpi.158.gz,present_on_user_machine_per_full_inventory,602496,2c7a7a836d022038431a5efbfa48dbe0dd1777264e008f693b78387568dd354a,2026-08-27T14:31:57.407953+00:00,local_upload_inventory_full_20260827T160408Z.csv,4210821f03fc5fc6f51e978cf2b82968f0500bc53c025cc5bf3cebb7c13015e4,retain_user_local_master,2026-08-27T16:31:01.375910+00:00,B000_pattern_filtered_or_B000A_ls_declaration_for_same_filename_where_present,user_generated_full_local_inventory; exact value not inferred,not_mounted_or_not_checked,B104,,,,
user_full_local_inventory_hash_declaration,goa_human.gpi.159.gz,,user_local_only_unless_separately_uploaded,B000B_full_unfiltered_inventory,candidate_or_supporting_local_file; exact role depends on batch,batch_planning; source tracking,https://ftp.ebi.ac.uk/pub/databases/GO/goa/old/HUMAN/goa_human.gpi.159.gz,https://ftp.ebi.ac.uk/pub/databases/GO/goa/old/HUMAN/,official_EBI_GOA_historical_archive_exact_filename,present_on_user_machine_per_full_inventory,2026-08-27T16:31:01.375910+00:00,,,local_upload_inventory_full_20260827T160408Z.csv,Hash and size are declarations from the user-generated full inventory.,B000B,goa_human.gpi.159.gz,present_on_user_machine_per_full_inventory,602689,f783a8c71c464b3b98673eb4dc0ae836ad61bd6c72415ae62828d20d0e735612,2026-08-15T19:04:12.130827+00:00,local_upload_inventory_full_20260827T160408Z.csv,4210821f03fc5fc6f51e978cf2b82968f0500bc53c025cc5bf3cebb7c13015e4,retain_user_local_master,2026-08-27T16:31:01.375910+00:00,B000_pattern_filtered_or_B000A_ls_declaration_for_same_filename_where_present,user_generated_full_local_inventory; exact value not inferred,B101_user_deletion_confirmed; any residual runtime mount is ignored,,,,,2026-08-27T16:21:32.620248+00:00
user_full_local_inventory_hash_declaration,goa_human.gpi.160.gz,,user_local_only_unless_separately_uploaded,B000B_full_unfiltered_inventory,candidate_or_supporting_local_file; exact role depends on batch,batch_planning; source tracking,https://ftp.ebi.ac.uk/pub/databases/GO/goa/old/HUMAN/goa_human.gpi.160.gz,https://ftp.ebi.ac.uk/pub/databases/GO/goa/old/HUMAN/,official_EBI_GOA_historical_archive_exact_filename,present_on_user_machine_per_full_inventory,2026-08-27T16:31:01.375910+00:00,,,local_upload_inventory_full_20260827T160408Z.csv,Hash and size are declarations from the user-generated full inventory.,B000B,goa_human.gpi.160.gz,present_on_user_machine_per_full_inventory,693073,2638f62e9ef2e6de8017ad5de026d403ce74782a800bab2b3539645c218ddce9,2026-08-15T19:04:20.550586+00:00,local_upload_inventory_full_20260827T160408Z.csv,4210821f03fc5fc6f51e978cf2b82968f0500bc53c025cc5bf3cebb7c13015e4,retain_user_local_master,2026-08-27T16:31:01.375910+00:00,B000_pattern_filtered_or_B000A_ls_declaration_for_same_filename_where_present,user_generated_full_local_inventory; exact value not inferred,not_mounted_or_not_checked,B105,,,,
user_full_local_inventory_hash_declaration,gp_association.goa_human.157.gz,,user_local_only_unless_separately_uploaded,B000B_full_unfiltered_inventory,candidate_or_supporting_local_file; exact role depends on batch,batch_planning; source tracking,https://ftp.ebi.ac.uk/pub/databases/GO/goa/old/HUMAN/gp_association.goa_human.157.gz,https://ftp.ebi.ac.uk/pub/databases/GO/goa/old/HUMAN/,official_EBI_GOA_historical_archive_exact_filename,present_on_user_machine_per_full_inventory,2026-08-27T16:31:01.375910+00:00,,,local_upload_inventory_full_20260827T160408Z.csv,Hash and size are declarations from the user-generated full inventory.,B000B,gp_association.goa_human.157.gz,present_on_user_machine_per_full_inventory,4183687,5c42f004978dbfe65a9de1f94da70e4d5e2efce04090b325b97bd8b8d829d78f,2026-08-27T14:32:41.488519+00:00,local_upload_inventory_full_20260827T160408Z.csv,4210821f03fc5fc6f51e978cf2b82968f0500bc53c025cc5bf3cebb7c13015e4,retain_user_local_master,2026-08-27T16:31:01.375910+00:00,B000_pattern_filtered_or_B000A_ls_declaration_for_same_filename_where_present,user_generated_full_local_inventory; exact value not inferred,not_mounted_or_not_checked,B106,,,,
user_full_local_inventory_hash_declaration,graphsage_ppi.zip,,user_local_only_unless_separately_uploaded,B000B_full_unfiltered_inventory,candidate_or_supporting_local_file; exact role depends on batch,batch_planning; source tracking,https://snap.stanford.edu/graphsage/ppi.zip,https://snap.stanford.edu/graphsage/,official_project_download_url,present_on_user_machine_per_full_inventory,2026-08-27T16:31:01.375910+00:00,,,local_upload_inventory_full_20260827T160408Z.csv,Hash and size are declarations from the user-generated full inventory.,B000B,graphsage_ppi.zip,present_on_user_machine_per_full_inventory,27029260,53aeb76e54fd41b645e7edb48b62929240b89839495396b048086fd212503fbd,2026-08-15T02:52:52.261510+00:00,local_upload_inventory_full_20260827T160408Z.csv,4210821f03fc5fc6f51e978cf2b82968f0500bc53c025cc5bf3cebb7c13015e4,retain_user_local_master,2026-08-27T16:31:01.375910+00:00,B000_pattern_filtered_or_B000A_ls_declaration_for_same_filename_where_present,user_generated_full_local_inventory; exact value not inferred,runtime_hash_matches_inventory,,,,,
user_full_local_inventory_hash_declaration,Greene2015.pdf,,user_local_only_unless_separately_uploaded,B000B_full_unfiltered_inventory,candidate_or_supporting_local_file; exact role depends on batch,batch_planning; source tracking,https://doi.org/10.1038/ng.3259,https://www.nature.com/articles/ng.3259,publisher_article_or_supplement_page,present_on_user_machine_per_full_inventory,2026-08-27T16:31:01.375910+00:00,,,local_upload_inventory_full_20260827T160408Z.csv,Hash and size are declarations from the user-generated full inventory.,B000B,Greene2015.pdf,present_on_user_machine_per_full_inventory,1729378,15c734d37bf63dc586d9bfb95673612209a2f2d298a0a1dc84fa63a1d7a17ce2,2026-08-16T13:32:47.063906+00:00,local_upload_inventory_full_20260827T160408Z.csv,4210821f03fc5fc6f51e978cf2b82968f0500bc53c025cc5bf3cebb7c13015e4,retain_user_local_master,2026-08-27T16:31:01.375910+00:00,B000_pattern_filtered_or_B000A_ls_declaration_for_same_filename_where_present,user_generated_full_local_inventory; exact value not inferred,runtime_hash_matches_inventory,,,,,
user_full_local_inventory_hash_declaration,Greene2015_sup.pdf,,user_local_only_unless_separately_uploaded,B000B_full_unfiltered_inventory,candidate_or_supporting_local_file; exact role depends on batch,batch_planning; source tracking,https://doi.org/10.1038/ng.3259,https://www.nature.com/articles/ng.3259,publisher_article_or_supplement_page,present_on_user_machine_per_full_inventory,2026-08-27T16:31:01.375910+00:00,,,local_upload_inventory_full_20260827T160408Z.csv,Hash and size are declarations from the user-generated full inventory.,B000B,Greene2015_sup.pdf,present_on_user_machine_per_full_inventory,6701167,89e84c545590a3d34890f24cf6543a336b59cace8926a83701f503afcd979ed9,2026-08-16T13:33:01.190981+00:00,local_upload_inventory_full_20260827T160408Z.csv,4210821f03fc5fc6f51e978cf2b82968f0500bc53c025cc5bf3cebb7c13015e4,retain_user_local_master,2026-08-27T16:31:01.375910+00:00,B000_pattern_filtered_or_B000A_ls_declaration_for_same_filename_where_present,user_generated_full_local_inventory; exact value not inferred,runtime_hash_matches_inventory,,,,,
user_full_local_inventory_hash_declaration,Greene2015_Table6.xlsx,,user_local_only_unless_separately_uploaded,B000B_full_unfiltered_inventory,candidate_or_supporting_local_file; exact role depends on batch,batch_planning; source tracking,https://doi.org/10.1038/ng.3259,https://www.nature.com/articles/ng.3259,publisher_article_or_supplement_page,present_on_user_machine_per_full_inventory,2026-08-27T16:31:01.375910+00:00,,,local_upload_inventory_full_20260827T160408Z.csv,Hash and size are declarations from the user-generated full inventory.,B000B,Greene2015_Table6.xlsx,present_on_user_machine_per_full_inventory,37992,691b9d895ac6d0f6ed7abedb96d9b206965fe221e3ccdae940b4daa5db50533e,2026-08-16T13:34:37.025264+00:00,local_upload_inventory_full_20260827T160408Z.csv,4210821f03fc5fc6f51e978cf2b82968f0500bc53c025cc5bf3cebb7c13015e4,retain_user_local_master,2026-08-27T16:31:01.375910+00:00,B000_pattern_filtered_or_B000A_ls_declaration_for_same_filename_where_present,user_generated_full_local_inventory; exact value not inferred,runtime_hash_matches_inventory,,,,,
user_full_local_inventory_hash_declaration,Greene2015_Table9.xlsx,,user_local_only_unless_separately_uploaded,B000B_full_unfiltered_inventory,candidate_or_supporting_local_file; exact role depends on batch,batch_planning; source tracking,https://doi.org/10.1038/ng.3259,https://www.nature.com/articles/ng.3259,publisher_article_or_supplement_page,present_on_user_machine_per_full_inventory,2026-08-27T16:31:01.375910+00:00,,,local_upload_inventory_full_20260827T160408Z.csv,Hash and size are declarations from the user-generated full inventory.,B000B,Greene2015_Table9.xlsx,present_on_user_machine_per_full_inventory,140272,18ae68f28d9b84f4b1cb7f7c7c1cc8eb76716414de2089a329f070a5aeca6cd5,2026-08-16T13:34:47.760134+00:00,local_upload_inventory_full_20260827T160408Z.csv,4210821f03fc5fc6f51e978cf2b82968f0500bc53c025cc5bf3cebb7c13015e4,retain_user_local_master,2026-08-27T16:31:01.375910+00:00,B000_pattern_filtered_or_B000A_ls_declaration_for_same_filename_where_present,user_generated_full_local_inventory; exact value not inferred,runtime_hash_matches_inventory,,,,,
user_full_local_inventory_hash_declaration,HuamnBase-kidney.dat,,user_local_only_unless_separately_uploaded,B000B_full_unfiltered_inventory,candidate_or_supporting_local_file; exact role depends on batch,batch_planning; source tracking,,https://hb.flatironinstitute.org/download,HumanBase_source_page_recorded; exact_object_URL_unresolved,present_on_user_machine_per_full_inventory,2026-08-27T16:31:01.375910+00:00,,,local_upload_inventory_full_20260827T160408Z.csv,Hash and size are declarations from the user-generated full inventory. Exact local spelling is preserved; it may be a local typo but is not silently corrected.,B000B,HuamnBase-kidney.dat,present_on_user_machine_per_full_inventory,8897160,0f3325ba6e87344bd119a16c677d224fa2d98d7142be86f34ef7f2aa5f8f3b4d,2026-08-16T21:44:25.892627+00:00,local_upload_inventory_full_20260827T160408Z.csv,4210821f03fc5fc6f51e978cf2b82968f0500bc53c025cc5bf3cebb7c13015e4,retain_user_local_master,2026-08-27T16:31:01.375910+00:00,B000_pattern_filtered_or_B000A_ls_declaration_for_same_filename_where_present,user_generated_full_local_inventory; exact value not inferred,not_mounted_or_not_checked,B40x,,,,
user_full_local_inventory_hash_declaration,HumanBase-blood.dat,,user_local_only_unless_separately_uploaded,B000B_full_unfiltered_inventory,candidate_or_supporting_local_file; exact role depends on batch,batch_planning; source tracking,,https://hb.flatironinstitute.org/download,HumanBase_source_page_recorded; exact_object_URL_unresolved,present_on_user_machine_per_full_inventory,2026-08-27T16:31:01.375910+00:00,,,local_upload_inventory_full_20260827T160408Z.csv,Hash and size are declarations from the user-generated full inventory.,B000B,HumanBase-blood.dat,present_on_user_machine_per_full_inventory,8401428,d3b9ab9b697fba7761e4a13fcc38a3b9d493d42dd31a06d88f45886eac63fbd5,2026-08-16T21:43:58.782107+00:00,local_upload_inventory_full_20260827T160408Z.csv,4210821f03fc5fc6f51e978cf2b82968f0500bc53c025cc5bf3cebb7c13015e4,retain_user_local_master,2026-08-27T16:31:01.375910+00:00,B000_pattern_filtered_or_B000A_ls_declaration_for_same_filename_where_present,user_generated_full_local_inventory; exact value not inferred,not_mounted_or_not_checked,B40x,,,,
user_full_local_inventory_hash_declaration,HumanBase-blood_top.gz,,user_local_only_unless_separately_uploaded,B000B_full_unfiltered_inventory,candidate_or_supporting_local_file; exact role depends on batch,batch_planning; source tracking,,https://hb.flatironinstitute.org/download,HumanBase_source_page_recorded; exact_object_URL_unresolved,present_on_user_machine_per_full_inventory,2026-08-27T16:31:01.375910+00:00,,,local_upload_inventory_full_20260827T160408Z.csv,Hash and size are declarations from the user-generated full inventory.,B000B,HumanBase-blood_top.gz,present_on_user_machine_per_full_inventory,182612266,49dc41f1ab89c4e25e907e00218bde38d3ecc9f80c57ebdb79fe5f9c6a850f84,2026-08-16T21:47:17.561749+00:00,local_upload_inventory_full_20260827T160408Z.csv,4210821f03fc5fc6f51e978cf2b82968f0500bc53c025cc5bf3cebb7c13015e4,retain_user_local_master,2026-08-27T16:31:01.375910+00:00,B000_pattern_filtered_or_B000A_ls_declaration_for_same_filename_where_present,user_generated_full_local_inventory; exact value not inferred,not_mounted_or_not_checked,B40x,,,,
user_full_local_inventory_hash_declaration,investigation_summary_2026_08_23.md,,user_local_only_unless_separately_uploaded,B000B_full_unfiltered_inventory,candidate_or_supporting_local_file; exact role depends on batch,batch_planning; source tracking,,,local_or_conversation_generated_artifact; no_external_source_URL,present_on_user_machine_per_full_inventory,2026-08-27T16:31:01.375910+00:00,,,local_upload_inventory_full_20260827T160408Z.csv,Hash and size are declarations from the user-generated full inventory.,B000B,investigation_summary_2026_08_23.md,present_on_user_machine_per_full_inventory,13819,fe23f5d35c1c3a21bba13c2241e0c8c783c31a0a31026c8e5f1c0d7a8c320d16,2026-08-24T02:59:16.421054+00:00,local_upload_inventory_full_20260827T160408Z.csv,4210821f03fc5fc6f51e978cf2b82968f0500bc53c025cc5bf3cebb7c13015e4,retain_user_local_master,2026-08-27T16:31:01.375910+00:00,B000_pattern_filtered_or_B000A_ls_declaration_for_same_filename_where_present,user_generated_full_local_inventory; exact value not inferred,runtime_hash_matches_inventory,,,,,
user_full_local_inventory_hash_declaration,local_upload_inventory_20260827T145903Z.csv,,user_local_only_unless_separately_uploaded,B000B_full_unfiltered_inventory,candidate_or_supporting_local_file; exact role depends on batch,batch_planning; source tracking,,,local_or_conversation_generated_artifact; no_external_source_URL,present_on_user_machine_per_full_inventory,2026-08-27T16:31:01.375910+00:00,,,local_upload_inventory_full_20260827T160408Z.csv,Hash and size are declarations from the user-generated full inventory.,B000B,local_upload_inventory_20260827T145903Z.csv,present_on_user_machine_per_full_inventory,3452,dae73b7f54d28a089917ba8cf5b7a7f62b2ea0496cba097f3c1e1bfd94e0e9df,2026-08-27T14:59:03.759279+00:00,local_upload_inventory_full_20260827T160408Z.csv,4210821f03fc5fc6f51e978cf2b82968f0500bc53c025cc5bf3cebb7c13015e4,retain_user_local_master,2026-08-27T16:31:01.375910+00:00,B000_pattern_filtered_or_B000A_ls_declaration_for_same_filename_where_present,user_generated_full_local_inventory; exact value not inferred,runtime_hash_matches_inventory,,,,,
user_full_local_inventory_hash_declaration,make_local_inventory.py,,user_local_only_unless_separately_uploaded,B000B_full_unfiltered_inventory,candidate_or_supporting_local_file; exact role depends on batch,batch_planning; source tracking,,,local_or_conversation_generated_artifact; no_external_source_URL,present_on_user_machine_per_full_inventory,2026-08-27T16:31:01.375910+00:00,,,local_upload_inventory_full_20260827T160408Z.csv,Hash and size are declarations from the user-generated full inventory.,B000B,make_local_inventory.py,present_on_user_machine_per_full_inventory,7070,77a77f3fd6cc3e1e22cf5731002cab3a8a66a540f33fc58fdb2922c624b2599b,2026-08-27T14:54:56.728436+00:00,local_upload_inventory_full_20260827T160408Z.csv,4210821f03fc5fc6f51e978cf2b82968f0500bc53c025cc5bf3cebb7c13015e4,retain_user_local_master,2026-08-27T16:31:01.375910+00:00,B000_pattern_filtered_or_B000A_ls_declaration_for_same_filename_where_present,user_generated_full_local_inventory; exact value not inferred,not_mounted_or_not_checked,,,,,
user_full_local_inventory_hash_declaration,make_local_inventory_v2.py,,user_local_only_unless_separately_uploaded,B000B_full_unfiltered_inventory,candidate_or_supporting_local_file; exact role depends on batch,batch_planning; source tracking,,,local_or_conversation_generated_artifact; no_external_source_URL,present_on_user_machine_per_full_inventory,2026-08-27T16:31:01.375910+00:00,,,local_upload_inventory_full_20260827T160408Z.csv,Hash and size are declarations from the user-generated full inventory.,B000B,make_local_inventory_v2.py,present_on_user_machine_per_full_inventory,9202,a5fd20e62d0a9ad765436683b1d6bb294f07fc62a10f74b2187d40600c75cc88,2026-08-27T14:58:53.905311+00:00,local_upload_inventory_full_20260827T160408Z.csv,4210821f03fc5fc6f51e978cf2b82968f0500bc53c025cc5bf3cebb7c13015e4,retain_user_local_master,2026-08-27T16:31:01.375910+00:00,B000_pattern_filtered_or_B000A_ls_declaration_for_same_filename_where_present,user_generated_full_local_inventory; exact value not inferred,not_mounted_or_not_checked,,,,,
user_full_local_inventory_hash_declaration,msigdb_v5.0_files_to_download_locally.zip,,user_local_only_unless_separately_uploaded,B000B_full_unfiltered_inventory,candidate_or_supporting_local_file; exact role depends on batch,batch_planning; source tracking,,https://www.gsea-msigdb.org/gsea/downloads.jsp,official_authenticated_download_page; direct_archive_URL_not_recorded,present_on_user_machine_per_full_inventory,2026-08-27T16:31:01.375910+00:00,,,local_upload_inventory_full_20260827T160408Z.csv,Hash and size are declarations from the user-generated full inventory.,B000B,msigdb_v5.0_files_to_download_locally.zip,present_on_user_machine_per_full_inventory,115484475,d372fc23f229cbb79656d824e0519587db6110963d22d1f4c95e5154963a32d2,2026-08-15T20:04:36.298042+00:00,local_upload_inventory_full_20260827T160408Z.csv,4210821f03fc5fc6f51e978cf2b82968f0500bc53c025cc5bf3cebb7c13015e4,retain_user_local_master,2026-08-27T16:31:01.375910+00:00,B000_pattern_filtered_or_B000A_ls_declaration_for_same_filename_where_present,user_generated_full_local_inventory; exact value not inferred,not_mounted_or_not_checked,,,,,
user_full_local_inventory_hash_declaration,msigdb_v5.1_files_to_download_locally.zip,,user_local_only_unless_separately_uploaded,B000B_full_unfiltered_inventory,candidate_or_supporting_local_file; exact role depends on batch,batch_planning; source tracking,,https://www.gsea-msigdb.org/gsea/downloads.jsp,official_authenticated_download_page; direct_archive_URL_not_recorded,present_on_user_machine_per_full_inventory,2026-08-27T16:31:01.375910+00:00,,,local_upload_inventory_full_20260827T160408Z.csv,Hash and size are declarations from the user-generated full inventory.,B000B,msigdb_v5.1_files_to_download_locally.zip,present_on_user_machine_per_full_inventory,69702250,5a8b3f10ea92f8e71eaaa0705ab9d3a5229d838864eec9699544b75884bc9e29,2026-08-15T14:17:37.200647+00:00,local_upload_inventory_full_20260827T160408Z.csv,4210821f03fc5fc6f51e978cf2b82968f0500bc53c025cc5bf3cebb7c13015e4,retain_user_local_master,2026-08-27T16:31:01.375910+00:00,B000_pattern_filtered_or_B000A_ls_declaration_for_same_filename_where_present,user_generated_full_local_inventory; exact value not inferred,runtime_hash_matches_inventory,,,,,
user_full_local_inventory_hash_declaration,msigdb_v5.2_chip_files_to_download_locally.zip,,user_local_only_unless_separately_uploaded,B000B_full_unfiltered_inventory,candidate_or_supporting_local_file; exact role depends on batch,batch_planning; source tracking,,https://www.gsea-msigdb.org/gsea/downloads.jsp,official_authenticated_download_page; direct_archive_URL_not_recorded,present_on_user_machine_per_full_inventory,2026-08-27T16:31:01.375910+00:00,,,local_upload_inventory_full_20260827T160408Z.csv,Hash and size are declarations from the user-generated full inventory.,B000B,msigdb_v5.2_chip_files_to_download_locally.zip,present_on_user_machine_per_full_inventory,67891640,252befc853b5e01cfe99439ec50a7ab8de747cd0abe6224a93077f2d9b0b20fc,2026-08-15T13:53:23.008385+00:00,local_upload_inventory_full_20260827T160408Z.csv,4210821f03fc5fc6f51e978cf2b82968f0500bc53c025cc5bf3cebb7c13015e4,retain_user_local_master,2026-08-27T16:31:01.375910+00:00,B000_pattern_filtered_or_B000A_ls_declaration_for_same_filename_where_present,user_generated_full_local_inventory; exact value not inferred,runtime_hash_matches_inventory,,,,,
user_full_local_inventory_hash_declaration,msigdb_v5.2_files_to_download_locally.zip,,user_local_only_unless_separately_uploaded,B000B_full_unfiltered_inventory,candidate_or_supporting_local_file; exact role depends on batch,batch_planning; source tracking,,https://www.gsea-msigdb.org/gsea/downloads.jsp,official_authenticated_download_page; direct_archive_URL_not_recorded,present_on_user_machine_per_full_inventory,2026-08-27T16:31:01.375910+00:00,,,local_upload_inventory_full_20260827T160408Z.csv,Hash and size are declarations from the user-generated full inventory.,B000B,msigdb_v5.2_files_to_download_locally.zip,present_on_user_machine_per_full_inventory,92768160,a618c1c60b11570036034e6357e73e80ee43065ec7a57c1dbd238f205405fbdb,2026-08-15T13:53:10.950440+00:00,local_upload_inventory_full_20260827T160408Z.csv,4210821f03fc5fc6f51e978cf2b82968f0500bc53c025cc5bf3cebb7c13015e4,retain_user_local_master,2026-08-27T16:31:01.375910+00:00,B000_pattern_filtered_or_B000A_ls_declaration_for_same_filename_where_present,user_generated_full_local_inventory; exact value not inferred,runtime_hash_matches_inventory,,,,,
user_full_local_inventory_hash_declaration,msigdb_v6.0_files_to_download_locally.zip,,user_local_only_unless_separately_uploaded,B000B_full_unfiltered_inventory,candidate_or_supporting_local_file; exact role depends on batch,batch_planning; source tracking,,https://www.gsea-msigdb.org/gsea/downloads.jsp,official_authenticated_download_page; direct_archive_URL_not_recorded,present_on_user_machine_per_full_inventory,2026-08-27T16:31:01.375910+00:00,,,local_upload_inventory_full_20260827T160408Z.csv,Hash and size are declarations from the user-generated full inventory.,B000B,msigdb_v6.0_files_to_download_locally.zip,present_on_user_machine_per_full_inventory,72144318,39fa82c4cedc9183c532afb1c1431683536b5945e50fb8be4f5bcce3ac136edf,2026-08-15T14:17:44.412135+00:00,local_upload_inventory_full_20260827T160408Z.csv,4210821f03fc5fc6f51e978cf2b82968f0500bc53c025cc5bf3cebb7c13015e4,retain_user_local_master,2026-08-27T16:31:01.375910+00:00,B000_pattern_filtered_or_B000A_ls_declaration_for_same_filename_where_present,user_generated_full_local_inventory; exact value not inferred,runtime_hash_matches_inventory,,,,,
user_full_local_inventory_hash_declaration,ohmnet-master.zip,,user_local_only_unless_separately_uploaded,B000B_full_unfiltered_inventory,candidate_or_supporting_local_file; exact role depends on batch,batch_planning; source tracking,https://github.com/mims-harvard/ohmnet/archive/refs/heads/master.zip,https://github.com/mims-harvard/ohmnet,repository_branch_archive_candidate; mutable_branch; bytes_not_compared,present_on_user_machine_per_full_inventory,2026-08-27T16:31:01.375910+00:00,,,local_upload_inventory_full_20260827T160408Z.csv,Hash and size are declarations from the user-generated full inventory.,B000B,ohmnet-master.zip,present_on_user_machine_per_full_inventory,1092580,4cfcbb9dc07f915dbd6ca9a78ff8f96da811922f2b01606e4610fa0d3d784e2d,2026-08-15T14:35:24.482894+00:00,local_upload_inventory_full_20260827T160408Z.csv,4210821f03fc5fc6f51e978cf2b82968f0500bc53c025cc5bf3cebb7c13015e4,retain_user_local_master,2026-08-27T16:31:01.375910+00:00,B000_pattern_filtered_or_B000A_ls_declaration_for_same_filename_where_present,user_generated_full_local_inventory; exact value not inferred,not_mounted_or_not_checked,,,,,
user_full_local_inventory_hash_declaration,OhmNet.pdf,,user_local_only_unless_separately_uploaded,B000B_full_unfiltered_inventory,candidate_or_supporting_local_file; exact role depends on batch,batch_planning; source tracking,https://doi.org/10.1093/bioinformatics/btx252,https://academic.oup.com/bioinformatics/article/33/14/i190/3953967,publisher_article_page,present_on_user_machine_per_full_inventory,2026-08-27T16:31:01.375910+00:00,,,local_upload_inventory_full_20260827T160408Z.csv,Hash and size are declarations from the user-generated full inventory.,B000B,OhmNet.pdf,present_on_user_machine_per_full_inventory,1458562,e60daf8341d0e322ce58e7c6ad194f7e4b573df7c8aba1716ad78c98992b02fe,2026-08-16T13:31:22.603472+00:00,local_upload_inventory_full_20260827T160408Z.csv,4210821f03fc5fc6f51e978cf2b82968f0500bc53c025cc5bf3cebb7c13015e4,retain_user_local_master,2026-08-27T16:31:01.375910+00:00,B000_pattern_filtered_or_B000A_ls_declaration_for_same_filename_where_present,user_generated_full_local_inventory; exact value not inferred,runtime_hash_matches_inventory,,,,,
user_full_local_inventory_hash_declaration,requested_file_patterns.txt,,user_local_only_unless_separately_uploaded,B000B_full_unfiltered_inventory,candidate_or_supporting_local_file; exact role depends on batch,batch_planning; source tracking,,,local_or_conversation_generated_artifact; no_external_source_URL,present_on_user_machine_per_full_inventory,2026-08-27T16:31:01.375910+00:00,,,local_upload_inventory_full_20260827T160408Z.csv,Hash and size are declarations from the user-generated full inventory.,B000B,requested_file_patterns.txt,present_on_user_machine_per_full_inventory,1164,a6adad481b98e095cc34fd4afab974d5f94484a42072c971b7d2beeffa009e00,2026-08-27T14:55:18.458721+00:00,local_upload_inventory_full_20260827T160408Z.csv,4210821f03fc5fc6f51e978cf2b82968f0500bc53c025cc5bf3cebb7c13015e4,retain_user_local_master,2026-08-27T16:31:01.375910+00:00,B000_pattern_filtered_or_B000A_ls_declaration_for_same_filename_where_present,user_generated_full_local_inventory; exact value not inferred,not_mounted_or_not_checked,,,,,
user_full_local_inventory_hash_declaration,sample_giant_network.sh,,user_local_only_unless_separately_uploaded,B000B_full_unfiltered_inventory,candidate_or_supporting_local_file; exact role depends on batch,batch_planning; source tracking,,,local_or_conversation_generated_artifact; no_external_source_URL,present_on_user_machine_per_full_inventory,2026-08-27T16:31:01.375910+00:00,,,local_upload_inventory_full_20260827T160408Z.csv,Hash and size are declarations from the user-generated full inventory.,B000B,sample_giant_network.sh,present_on_user_machine_per_full_inventory,2110,45a304a3746cda1a0d70bd0826b29e000b61e08dddb71cc53c000c8dabbd3013,2026-08-17T21:09:35.302330+00:00,local_upload_inventory_full_20260827T160408Z.csv,4210821f03fc5fc6f51e978cf2b82968f0500bc53c025cc5bf3cebb7c13015e4,retain_user_local_master,2026-08-27T16:31:01.375910+00:00,B000_pattern_filtered_or_B000A_ls_declaration_for_same_filename_where_present,user_generated_full_local_inventory; exact value not inferred,not_mounted_or_not_checked,,,,,
user_full_local_inventory_hash_declaration,train_graph_id.npy,,user_local_only_unless_separately_uploaded,B000B_full_unfiltered_inventory,candidate_or_supporting_local_file; exact role depends on batch,batch_planning; source tracking,,,local_or_conversation_generated_artifact; no_external_source_URL,present_on_user_machine_per_full_inventory,2026-08-27T16:31:01.375910+00:00,,,local_upload_inventory_full_20260827T160408Z.csv,Hash and size are declarations from the user-generated full inventory.,B000B,train_graph_id.npy,present_on_user_machine_per_full_inventory,455680,6644db266babae6e2fd955bd9912c76b7b1ca86cefee4bad7957f2ffc87cb761,2026-08-15T04:05:44.244046+00:00,local_upload_inventory_full_20260827T160408Z.csv,4210821f03fc5fc6f51e978cf2b82968f0500bc53c025cc5bf3cebb7c13015e4,retain_user_local_master,2026-08-27T16:31:01.375910+00:00,B000_pattern_filtered_or_B000A_ls_declaration_for_same_filename_where_present,user_generated_full_local_inventory; exact value not inferred,not_mounted_or_not_checked,,,,,
actual_input,goa_human.gaf.159.gz,/mnt/data/goa_human.gaf.159.gz,conversation_copy_deletion_confirmed_by_user; residual_runtime_mount_ignored,user_upload_B101,historical GOA GAF annotation input,analyze_B101_goa159.py,https://ftp.ebi.ac.uk/pub/databases/GO/goa/old/HUMAN/goa_human.gaf.159.gz,https://ftp.ebi.ac.uk/pub/databases/GO/goa/old/HUMAN/,official_EBI_GOA_archive_exact_filename,supplied_by_user; size and SHA-256 matched pre-upload B000 inventory,2026-08-27T15:27:36.842353+00:00,4890788,b098509f9ce70fbe7e93e7fabb3c8a767b8201fe25662ff6a57959d6cee43838,local_upload_inventory_20260827T145903Z.csv,"Batch B101 fully analyzed; normalized row-preserving derivative retained; deletion clearance applies only to the conversation attachment, not the user local master.",B101,goa_human.gaf.159.gz,present_on_user_machine,4890788,b098509f9ce70fbe7e93e7fabb3c8a767b8201fe25662ff6a57959d6cee43838,,,dae73b7f54d28a089917ba8cf5b7a7f62b2ea0496cba097f3c1e1bfd94e0e9df,deletion_confirmed_by_user,2026-08-27T16:31:01.375910+00:00,,runtime_recomputed,conversation_copy_deletion_confirmed_by_user; residual_runtime_mount_ignored,,/mnt/data/ppi_repro_corrected/batches/B101_extracted/B101/B101_goa_human_gaf159_normalized_20260827T152736Z.tsv.gz,analyze_B101_goa159.py; see B101 bundle,392440 rows re-read; reconstructed uncompressed raw-data SHA-256 matched B101 raw-data hash,2026-08-27T16:21:32.620248+00:00
actual_input,goa_human.gpa.159.gz,/mnt/data/goa_human.gpa.159.gz,conversation_copy_deletion_confirmed_by_user; residual_runtime_mount_ignored,user_upload_B101,historical GOA GPAD annotation input,analyze_B101_goa159.py,https://ftp.ebi.ac.uk/pub/databases/GO/goa/old/HUMAN/goa_human.gpa.159.gz,https://ftp.ebi.ac.uk/pub/databases/GO/goa/old/HUMAN/,official_EBI_GOA_archive_exact_filename,supplied_by_user; size and SHA-256 matched pre-upload B000 inventory,2026-08-27T15:27:36.842353+00:00,3665510,dbe9073e726e804f51b0fe80ecd2897798f22a558e75aeb1c8bfc229357b574a,local_upload_inventory_20260827T145903Z.csv,"Batch B101 fully analyzed; normalized row-preserving derivative retained; deletion clearance applies only to the conversation attachment, not the user local master.",B101,goa_human.gpa.159.gz,present_on_user_machine,3665510,dbe9073e726e804f51b0fe80ecd2897798f22a558e75aeb1c8bfc229357b574a,,,dae73b7f54d28a089917ba8cf5b7a7f62b2ea0496cba097f3c1e1bfd94e0e9df,deletion_confirmed_by_user,2026-08-27T16:31:01.375910+00:00,,runtime_recomputed,conversation_copy_deletion_confirmed_by_user; residual_runtime_mount_ignored,,/mnt/data/ppi_repro_corrected/batches/B101_extracted/B101/B101_goa_human_gpad159_normalized_20260827T152736Z.tsv.gz,analyze_B101_goa159.py; see B101 bundle,393458 rows re-read; reconstructed uncompressed raw-data SHA-256 matched B101 raw-data hash,2026-08-27T16:21:32.620248+00:00
actual_input,goa_human.gpi.159.gz,/mnt/data/goa_human.gpi.159.gz,conversation_copy_deletion_confirmed_by_user; residual_runtime_mount_ignored,user_upload_B101,historical GOA GPI object metadata input,analyze_B101_goa159.py,https://ftp.ebi.ac.uk/pub/databases/GO/goa/old/HUMAN/goa_human.gpi.159.gz,https://ftp.ebi.ac.uk/pub/databases/GO/goa/old/HUMAN/,official_EBI_GOA_archive_exact_filename,supplied_by_user; size and SHA-256 matched pre-upload B000 inventory,2026-08-27T15:27:36.842353+00:00,602689,f783a8c71c464b3b98673eb4dc0ae836ad61bd6c72415ae62828d20d0e735612,local_upload_inventory_20260827T145903Z.csv,"Batch B101 fully analyzed; normalized row-preserving derivative retained; deletion clearance applies only to the conversation attachment, not the user local master.",B101,goa_human.gpi.159.gz,present_on_user_machine,602689,f783a8c71c464b3b98673eb4dc0ae836ad61bd6c72415ae62828d20d0e735612,,,dae73b7f54d28a089917ba8cf5b7a7f62b2ea0496cba097f3c1e1bfd94e0e9df,deletion_confirmed_by_user,2026-08-27T16:31:01.375910+00:00,,runtime_recomputed,conversation_copy_deletion_confirmed_by_user; residual_runtime_mount_ignored,,/mnt/data/ppi_repro_corrected/batches/B101_extracted/B101/B101_goa_human_gpi159_normalized_20260827T152736Z.tsv.gz,analyze_B101_goa159.py; see B101 bundle,21002 rows re-read; reconstructed uncompressed raw-data SHA-256 matched B101 raw-data hash,2026-08-27T16:21:32.620248+00:00
actual_input,2016-06-01-annotations-README,/mnt/data/2016-06-01-annotations-README,present_as_B102_conversation_attachment; deletion_clearance_issued,user_upload_B102,historical GO gp2protein documentation or mapping input,analyze_B102_gp2protein_final.py,https://release.geneontology.org/2016-06-01/annotations/gp2protein/README,https://release.geneontology.org/2016-06-01/annotations/gp2protein/,official_GO_release_path_recorded; uploaded_bytes_not_remote_compared,supplied_by_user; bytes matched full user-local inventory; remote bytes not compared,2026-08-27T16:21:32.620248+00:00,1999,32134f9555d6710a9bb488fe652fef04cd84facf516f669939487d137f8bcc88,local_upload_inventory_full_20260827T160408Z.csv,,B102,2016-06-01-annotations-README,present_on_user_machine,1999,32134f9555d6710a9bb488fe652fef04cd84facf516f669939487d137f8bcc88,,local_upload_inventory_full_20260827T160408Z.csv,4210821f03fc5fc6f51e978cf2b82968f0500bc53c025cc5bf3cebb7c13015e4,deletion_clearance_issued,2026-08-27T16:31:01.375910+00:00,,runtime_recomputed,present_as_B102_conversation_attachment; deletion_clearance_issued,,/mnt/data/ppi_repro_corrected/batches/B102_final2/derived/B102_2016-06-01_annotations_README_exact_20260827T162132Z.txt,4c50f346cbfed513d7e0c14040a84537866706010873691c8076169f7fc3b78a,exact byte-for-byte retained copy; SHA-256 equals raw upload,
actual_input,2016-06-01-gp2protein.geneid.gz,/mnt/data/2016-06-01-gp2protein.geneid.gz,present_as_B102_conversation_attachment; deletion_clearance_issued,user_upload_B102,historical GO gp2protein documentation or mapping input,analyze_B102_gp2protein_final.py,https://release.geneontology.org/2016-06-01/annotations/gp2protein/gp2protein.geneid.gz,https://release.geneontology.org/2016-06-01/annotations/gp2protein/,official_GO_release_path_recorded; uploaded_bytes_not_remote_compared,supplied_by_user; bytes matched full user-local inventory; remote bytes not compared,2026-08-27T16:21:32.620248+00:00,38540366,f3a2d329ada32f03e4c3ec60c55ef77cfe3626c3c875832e59612e5f316504e7,local_upload_inventory_full_20260827T160408Z.csv,,B102,2016-06-01-gp2protein.geneid.gz,present_on_user_machine,38540366,f3a2d329ada32f03e4c3ec60c55ef77cfe3626c3c875832e59612e5f316504e7,,local_upload_inventory_full_20260827T160408Z.csv,4210821f03fc5fc6f51e978cf2b82968f0500bc53c025cc5bf3cebb7c13015e4,deletion_clearance_issued,2026-08-27T16:31:01.375910+00:00,,runtime_recomputed,present_as_B102_conversation_attachment; deletion_clearance_issued,,/mnt/data/ppi_repro_corrected/batches/B102_final2/derived/B102_gp2protein_geneid_relevant_subset_20260827T162132Z.tsv.gz,4c50f346cbfed513d7e0c14040a84537866706010873691c8076169f7fc3b78a,"7,296,170 raw data rows parsed with 0 malformed; retained 25,983 relevant raw rows; derivative re-read row count matched",
actual_input,2016-06-01-gp2protein.human.gz,/mnt/data/2016-06-01-gp2protein.human.gz,present_as_B102_conversation_attachment; deletion_clearance_issued,user_upload_B102,historical GO gp2protein documentation or mapping input,analyze_B102_gp2protein_final.py,https://release.geneontology.org/2016-06-01/annotations/gp2protein/gp2protein.human.gz,https://release.geneontology.org/2016-06-01/annotations/gp2protein/,official_GO_release_path_recorded; uploaded_bytes_not_remote_compared,supplied_by_user; bytes matched full user-local inventory; remote bytes not compared,2026-08-27T16:21:32.620248+00:00,378274,5a62823541d718c212b61efe741b61f67b10c9a8fb71114f9cd3e33f9cc501dd,local_upload_inventory_full_20260827T160408Z.csv,,B102,2016-06-01-gp2protein.human.gz,present_on_user_machine,378274,5a62823541d718c212b61efe741b61f67b10c9a8fb71114f9cd3e33f9cc501dd,,local_upload_inventory_full_20260827T160408Z.csv,4210821f03fc5fc6f51e978cf2b82968f0500bc53c025cc5bf3cebb7c13015e4,deletion_clearance_issued,2026-08-27T16:31:01.375910+00:00,,runtime_recomputed,present_as_B102_conversation_attachment; deletion_clearance_issued,,/mnt/data/ppi_repro_corrected/batches/B102_final2/derived/B102_gp2protein_human_normalized_20260827T162132Z.tsv.gz,4c50f346cbfed513d7e0c14040a84537866706010873691c8076169f7fc3b78a,"70,625 raw rows retained and re-read; row count matched",
actual_input,local_upload_inventory_full_20260827T160408Z.csv,/mnt/data/local_upload_inventory_full_20260827T160408Z.csv,present_as_B102_conversation_attachment; safe_to_delete_but_user_may_keep,user_upload_B102; user_generated_inventory,authoritative 65-file user-local hash inventory,analyze_B102_gp2protein_final.py; batch planning and source ledger,,,user_generated_local_inventory; no_external_URL,supplied_by_user; received-copy SHA-256 computed independently,2026-08-27T16:21:32.620248+00:00,12067,4210821f03fc5fc6f51e978cf2b82968f0500bc53c025cc5bf3cebb7c13015e4,generated locally by make_local_inventory_v2.py; cannot contain its own hash,The 65 contained hashes are user-local declarations. The inventory file itself is separately hashed on receipt.,B102,local_upload_inventory_full_20260827T160408Z.csv,present_on_user_machine,12067,,,local_upload_inventory_full_20260827T160408Z.csv,4210821f03fc5fc6f51e978cf2b82968f0500bc53c025cc5bf3cebb7c13015e4,deletion_clearance_issued,2026-08-27T16:31:01.375910+00:00,,runtime_recomputed,present_as_B102_conversation_attachment; safe_to_delete_but_user_may_keep,,/mnt/data/ppi_repro_corrected/results/user_local_inventory_full_enriched_20260827T163101Z.csv,4c50f346cbfed513d7e0c14040a84537866706010873691c8076169f7fc3b78a,"65 rows; total 2,680,734,828 bytes; all SHA-256 fields syntactically valid; exact values preserved in enriched inventory",
retained_or_derived_input,B101_goa_human_gaf159_normalized_20260827T152736Z.tsv.gz,/mnt/data/ppi_repro_corrected/batches/B101_extracted/B101/B101_goa_human_gaf159_normalized_20260827T152736Z.tsv.gz,present_and_hash_verified,retained_from_prior_analysis,row-preserving GAF v159 derivative used after B101 deletion,analyze_B102_gp2protein_final.py,,,derived_artifact; provenance_traced_to_parent_inputs,local retained derivative,,5123439,132066afa3d3ea550752d3d2eb98fcbc238570c23bf239f0ea77e720e34cc274,goa_human.gaf.159.gz,392440 rows and reconstructed raw-data hash verified in B101,B101,,,,,,,,retained,2026-08-27T16:31:01.375910+00:00,,runtime_recomputed,present_and_hash_verified,,/mnt/data/ppi_repro_corrected/batches/B101_extracted/B101/B101_goa_human_gaf159_normalized_20260827T152736Z.tsv.gz,4c50f346cbfed513d7e0c14040a84537866706010873691c8076169f7fc3b78a,392440 rows and reconstructed raw-data hash verified in B101,
retained_or_derived_input,B101_goa_human_gpi159_normalized_20260827T152736Z.tsv.gz,/mnt/data/ppi_repro_corrected/batches/B101_extracted/B101/B101_goa_human_gpi159_normalized_20260827T152736Z.tsv.gz,present_and_hash_verified,retained_from_prior_analysis,row-preserving GPI v159 derivative used after B101 deletion,analyze_B102_gp2protein_final.py,,,derived_artifact; provenance_traced_to_parent_inputs,local retained derivative,,675697,4a69bf547b951d060c1b38a4fc208b116ff0917ce74b941675d244b3315c34b1,goa_human.gpi.159.gz,21002 rows and reconstructed raw-data hash verified in B101,B101,,,,,,,,retained,2026-08-27T16:31:01.375910+00:00,,runtime_recomputed,present_and_hash_verified,,/mnt/data/ppi_repro_corrected/batches/B101_extracted/B101/B101_goa_human_gpi159_normalized_20260827T152736Z.tsv.gz,4c50f346cbfed513d7e0c14040a84537866706010873691c8076169f7fc3b78a,21002 rows and reconstructed raw-data hash verified in B101,
retained_or_derived_input,B101_provisional_UniProt_to_Entrez_via_MSigDB52_symbols_20260827T152736Z.csv.gz,/mnt/data/ppi_repro_corrected/batches/B101_extracted/B101/B101_provisional_UniProt_to_Entrez_via_MSigDB52_symbols_20260827T152736Z.csv.gz,present_and_hash_verified,retained_from_prior_analysis,provisional comparison mapping retained from B101,analyze_B102_gp2protein_final.py,,,derived_artifact; provenance_traced_to_parent_inputs,local retained derivative,,462102,694ae310816f792be7c77e77235ba8b9e546b6c08b946f91d2c3e7501e22ecc5,B101 GPI symbols plus MSigDB v5.2 aliases,"used only as a comparison/fallback mapping, not accepted as historical ground truth",B101,,,,,,,,retained,2026-08-27T16:31:01.375910+00:00,,runtime_recomputed,present_and_hash_verified,,/mnt/data/ppi_repro_corrected/batches/B101_extracted/B101/B101_provisional_UniProt_to_Entrez_via_MSigDB52_symbols_20260827T152736Z.csv.gz,4c50f346cbfed513d7e0c14040a84537866706010873691c8076169f7fc3b78a,"used only as a comparison/fallback mapping, not accepted as historical ground truth",
retained_or_derived_input,collapsed_gene_labels_topology_features.csv,/mnt/data/work/ppi_repro_corrected/results/collapsed_gene_labels_topology_features.csv,present_and_hash_verified,generated_by_core_reconstruction,independently recovered GraphSAGE gene-by-label matrix,analyze_B102_gp2protein_final.py,,,derived_artifact; provenance_traced_to_parent_inputs,local retained derivative,,1061035,4fd88002b2600c0b7c5dcb076390f5b74a39edcb34184f1b0768d9926dcb1907,topology-and-feature node identity reconstruction,4268 distinct resolved Entrez genes with 121 observed binary label columns,core_reconstruction,,,,,,,,retained,2026-08-27T16:31:01.375910+00:00,,runtime_recomputed,present_and_hash_verified,,/mnt/data/work/ppi_repro_corrected/results/collapsed_gene_labels_topology_features.csv,4c50f346cbfed513d7e0c14040a84537866706010873691c8076169f7fc3b78a,4268 distinct resolved Entrez genes with 121 observed binary label columns,
generated_output,nohup.wrapper.log,/mnt/data/ppi_repro_corrected/batches/B102_final2/nohup.wrapper.log,present_and_hash_verified,B102_accepted_execution,B102 accepted scientific or provenance output,B102 reproduction,,,generated_local_artifact,generated_in_runtime,2026-08-27T16:22:36.415383+00:00,0,e3b0c44298fc1c149afbf4c8996fb92427ae41e4649b934ca495991b7852b855,B102 accepted inputs and retained B101 derivatives,Accepted canonical run is B102_final2 with stamp 20260827T162132Z.,B102,,,,,,,,retain_generated_output,2026-08-27T16:31:01.375910+00:00,,runtime_recomputed,present_and_hashed,,,4c50f346cbfed513d7e0c14040a84537866706010873691c8076169f7fc3b78a,,
generated_output,B102_VALIDATION_20260827T162132Z.json,/mnt/data/ppi_repro_corrected/batches/B102_final2/B102_VALIDATION_20260827T162132Z.json,present_and_hash_verified,B102_accepted_execution,B102 accepted scientific or provenance output,B102 reproduction,,,generated_local_artifact,generated_in_runtime,2026-08-27T16:22:36.415383+00:00,1097,4fee0fa1d9952fd48998a147d5ca2341d541ad26f51de3b0c671955736b02c22,B102 accepted inputs and retained B101 derivatives,Accepted canonical run is B102_final2 with stamp 20260827T162132Z.,B102,,,,,,,,retain_generated_output,2026-08-27T16:31:01.375910+00:00,,runtime_recomputed,present_and_hashed,,,4c50f346cbfed513d7e0c14040a84537866706010873691c8076169f7fc3b78a,,
generated_output,B102_provenance_events_20260827T162132Z.csv,/mnt/data/ppi_repro_corrected/batches/B102_final2/B102_provenance_events_20260827T162132Z.csv,present_and_hash_verified,B102_accepted_execution,B102 accepted scientific or provenance output,B102 reproduction,,,generated_local_artifact,generated_in_runtime,2026-08-27T16:22:36.415383+00:00,1136,00deeca74e05dec8aee9b5965d1a17c6ccd35652e71e340ed3f1aca66f5a05ed,B102 accepted inputs and retained B101 derivatives,Accepted canonical run is B102_final2 with stamp 20260827T162132Z.,B102,,,,,,,,retain_generated_output,2026-08-27T16:31:01.375910+00:00,,runtime_recomputed,present_and_hashed,,,4c50f346cbfed513d7e0c14040a84537866706010873691c8076169f7fc3b78a,,
generated_output,B102_derivative_reconciliation_20260827T162132Z.csv,/mnt/data/ppi_repro_corrected/batches/B102_final2/B102_derivative_reconciliation_20260827T162132Z.csv,present_and_hash_verified,B102_accepted_execution,B102 accepted scientific or provenance output,B102 reproduction,,,generated_local_artifact,generated_in_runtime,2026-08-27T16:22:36.415383+00:00,715,a62de1f44ca14880da09f5322fb892aa3fbb625469e974a770e7ddec5d31e0f5,B102 accepted inputs and retained B101 derivatives,Accepted canonical run is B102_final2 with stamp 20260827T162132Z.,B102,,,,,,,,retain_generated_output,2026-08-27T16:31:01.375910+00:00,,runtime_recomputed,present_and_hashed,,,4c50f346cbfed513d7e0c14040a84537866706010873691c8076169f7fc3b78a,,
generated_output,B102_GraphSAGE_genes_missing_from_historical_GPI_projection_20260827T162132Z.csv,/mnt/data/ppi_repro_corrected/batches/B102_final2/B102_GraphSAGE_genes_missing_from_historical_GPI_projection_20260827T162132Z.csv,present_and_hash_verified,B102_accepted_execution,B102 accepted scientific or provenance output,B102 reproduction,,,generated_local_artifact,generated_in_runtime,2026-08-27T16:22:36.415383+00:00,1088,02fa9f04e58daec22668711d7bd850b0a1812a8c6448a13eaf8032b3a9105386,B102 accepted inputs and retained B101 derivatives,Accepted canonical run is B102_final2 with stamp 20260827T162132Z.,B102,,,,,,,,retain_generated_output,2026-08-27T16:31:01.375910+00:00,,runtime_recomputed,present_and_hashed,,,4c50f346cbfed513d7e0c14040a84537866706010873691c8076169f7fc3b78a,,
generated_output,run.stdout,/mnt/data/ppi_repro_corrected/batches/B102_final2/run.stdout,present_and_hash_verified,B102_accepted_execution,B102 accepted scientific or provenance output,B102 reproduction,,,generated_local_artifact,generated_in_runtime,2026-08-27T16:22:36.415383+00:00,2004,e910c7f5d06fe7e84814b5e43f3567dda46b03665fc84386f5e3a3c9f9f98798,B102 accepted inputs and retained B101 derivatives,Accepted canonical run is B102_final2 with stamp 20260827T162132Z.,B102,,,,,,,,retain_generated_output,2026-08-27T16:31:01.375910+00:00,,runtime_recomputed,present_and_hashed,,,4c50f346cbfed513d7e0c14040a84537866706010873691c8076169f7fc3b78a,,
generated_output,run.stderr,/mnt/data/ppi_repro_corrected/batches/B102_final2/run.stderr,present_and_hash_verified,B102_accepted_execution,B102 accepted scientific or provenance output,B102 reproduction,,,generated_local_artifact,generated_in_runtime,2026-08-27T16:22:36.415383+00:00,174,0ebf01e8ce57c6473d4dfebf4038888b6d7c274a334280a9a3aff70e479d501b,B102 accepted inputs and retained B101 derivatives,Accepted canonical run is B102_final2 with stamp 20260827T162132Z.,B102,,,,,,,,retain_generated_output,2026-08-27T16:31:01.375910+00:00,,runtime_recomputed,present_and_hashed,,,4c50f346cbfed513d7e0c14040a84537866706010873691c8076169f7fc3b78a,,
generated_output,B102_input_integrity_20260827T162132Z.csv,/mnt/data/ppi_repro_corrected/batches/B102_final2/B102_input_integrity_20260827T162132Z.csv,present_and_hash_verified,B102_accepted_execution,B102 accepted scientific or provenance output,B102 reproduction,,,generated_local_artifact,generated_in_runtime,2026-08-27T16:22:36.415383+00:00,2236,998da0db1b0d8de311e8e4282a01689d744f3da5865f188d5ee4bef89873586f,B102 accepted inputs and retained B101 derivatives,Accepted canonical run is B102_final2 with stamp 20260827T162132Z.,B102,,,,,,,,retain_generated_output,2026-08-27T16:31:01.375910+00:00,,runtime_recomputed,present_and_hashed,,,4c50f346cbfed513d7e0c14040a84537866706010873691c8076169f7fc3b78a,,
generated_output,B102_output_checksums_20260827T162132Z.csv,/mnt/data/ppi_repro_corrected/batches/B102_final2/B102_output_checksums_20260827T162132Z.csv,present_and_hash_verified,B102_accepted_execution,B102 accepted scientific or provenance output,B102 reproduction,,,generated_local_artifact,generated_in_runtime,2026-08-27T16:22:36.415383+00:00,2349,724433ab743e19d9c98532386596225a9d680d7ac835ed6bfebaf67c17eff446,B102 accepted inputs and retained B101 derivatives,Accepted canonical run is B102_final2 with stamp 20260827T162132Z.,B102,,,,,,,,retain_generated_output,2026-08-27T16:31:01.375910+00:00,,runtime_recomputed,present_and_hashed,,,4c50f346cbfed513d7e0c14040a84537866706010873691c8076169f7fc3b78a,,
generated_output,B102_gp2protein_mapping_summary_20260827T162132Z.json,/mnt/data/ppi_repro_corrected/batches/B102_final2/B102_gp2protein_mapping_summary_20260827T162132Z.json,present_and_hash_verified,B102_accepted_execution,B102 accepted scientific or provenance output,B102 reproduction,,,generated_local_artifact,generated_in_runtime,2026-08-27T16:22:36.415383+00:00,22558,13398c65e2b5852512b18d34a235a1d05f83dfafe3dd057bb43d818897ea985e,B102 accepted inputs and retained B101 derivatives,Accepted canonical run is B102_final2 with stamp 20260827T162132Z.,B102,,,,,,,,retain_generated_output,2026-08-27T16:31:01.375910+00:00,,runtime_recomputed,present_and_hashed,,,4c50f346cbfed513d7e0c14040a84537866706010873691c8076169f7fc3b78a,,
generated_output,run.exit,/mnt/data/ppi_repro_corrected/batches/B102_final2/run.exit,present_and_hash_verified,B102_accepted_execution,B102 accepted scientific or provenance output,B102 reproduction,,,generated_local_artifact,generated_in_runtime,2026-08-27T16:22:36.415383+00:00,2,9a271f2a916b0b6ee6cecb2426f0b3206ef074578be55d9bc94f6f3fe3ab86aa,B102 accepted inputs and retained B101 derivatives,Accepted canonical run is B102_final2 with stamp 20260827T162132Z.,B102,,,,,,,,retain_generated_output,2026-08-27T16:31:01.375910+00:00,,runtime_recomputed,present_and_hashed,,,4c50f346cbfed513d7e0c14040a84537866706010873691c8076169f7fc3b78a,,
generated_output,B102_DELETION_CLEARANCE_20260827T162132Z.md,/mnt/data/ppi_repro_corrected/batches/B102_final2/B102_DELETION_CLEARANCE_20260827T162132Z.md,present_and_hash_verified,B102_accepted_execution,B102 accepted scientific or provenance output,B102 reproduction,,,generated_local_artifact,generated_in_runtime,2026-08-27T16:22:36.415383+00:00,1293,22251e47a381bf353d2dbc6c2759509e4acfabaf2014d3e267c80950d1a54a9f,B102 accepted inputs and retained B101 derivatives,Accepted canonical run is B102_final2 with stamp 20260827T162132Z.,B102,,,,,,,,retain_generated_output,2026-08-27T16:31:01.375910+00:00,,runtime_recomputed,present_and_hashed,,,4c50f346cbfed513d7e0c14040a84537866706010873691c8076169f7fc3b78a,,
generated_output,B102_GPI159_UniProt_to_GeneID_mapping_20260827T162132Z.csv.gz,/mnt/data/ppi_repro_corrected/batches/B102_final2/B102_GPI159_UniProt_to_GeneID_mapping_20260827T162132Z.csv.gz,present_and_hash_verified,B102_accepted_execution,B102 accepted scientific or provenance output,B102 reproduction,,,generated_local_artifact,generated_in_runtime,2026-08-27T16:22:36.415383+00:00,465694,e4be219b97eb80708624985d551d142b5d70ec6306c6614e759956879a6c6f3b,B102 accepted inputs and retained B101 derivatives,Accepted canonical run is B102_final2 with stamp 20260827T162132Z.,B102,,,,,,,,retain_generated_output,2026-08-27T16:31:01.375910+00:00,,runtime_recomputed,present_and_hashed,,,4c50f346cbfed513d7e0c14040a84537866706010873691c8076169f7fc3b78a,,
generated_output,B102_direct_label_match_summary_20260827T162132Z.csv,/mnt/data/ppi_repro_corrected/batches/B102_final2/B102_direct_label_match_summary_20260827T162132Z.csv,present_and_hash_verified,B102_accepted_execution,B102 accepted scientific or provenance output,B102 reproduction,,,generated_local_artifact,generated_in_runtime,2026-08-27T16:22:36.415383+00:00,117382,fab4936ae16da08f6ee4c47b44d417537f059f7ac720ba9de5df53bf24c69e84,B102 accepted inputs and retained B101 derivatives,Accepted canonical run is B102_final2 with stamp 20260827T162132Z.,B102,,,,,,,,retain_generated_output,2026-08-27T16:31:01.375910+00:00,,runtime_recomputed,present_and_hashed,,,4c50f346cbfed513d7e0c14040a84537866706010873691c8076169f7fc3b78a,,
generated_output,B102_REPORT_20260827T162132Z.md,/mnt/data/ppi_repro_corrected/batches/B102_final2/B102_REPORT_20260827T162132Z.md,present_and_hash_verified,B102_accepted_execution,B102 accepted scientific or provenance output,B102 reproduction,,,generated_local_artifact,generated_in_runtime,2026-08-27T16:22:36.415383+00:00,6499,46e3a87210ce1366eaf678a0c2ed8e08452359de5f6da96fc0b85a1139665a3a,B102 accepted inputs and retained B101 derivatives,Accepted canonical run is B102_final2 with stamp 20260827T162132Z.,B102,,,,,,,,retain_generated_output,2026-08-27T16:31:01.375910+00:00,,runtime_recomputed,present_and_hashed,,,4c50f346cbfed513d7e0c14040a84537866706010873691c8076169f7fc3b78a,,
generated_output,B102_analysis_summary_20260827T162132Z.json,/mnt/data/ppi_repro_corrected/batches/B102_final2/B102_analysis_summary_20260827T162132Z.json,present_and_hash_verified,B102_accepted_execution,B102 accepted scientific or provenance output,B102 reproduction,,,generated_local_artifact,generated_in_runtime,2026-08-27T16:22:36.415383+00:00,39849,e4e5aa568e7fff6c354884befa1312d7e3581bc700c0247166887834d6507f6f,B102 accepted inputs and retained B101 derivatives,Accepted canonical run is B102_final2 with stamp 20260827T162132Z.,B102,,,,,,,,retain_generated_output,2026-08-27T16:31:01.375910+00:00,,runtime_recomputed,present_and_hashed,,,4c50f346cbfed513d7e0c14040a84537866706010873691c8076169f7fc3b78a,,
generated_output,B102_direct_label_match_grid_20260827T162132Z.csv.gz,/mnt/data/ppi_repro_corrected/batches/B102_final2/B102_direct_label_match_grid_20260827T162132Z.csv.gz,present_and_hash_verified,B102_accepted_execution,B102 accepted scientific or provenance output,B102 reproduction,,,generated_local_artifact,generated_in_runtime,2026-08-27T16:22:36.415383+00:00,2156077,16ec83739ccb1106e75cbfc90d049a0358fff0a25c8ab3a6ef229446919930d2,B102 accepted inputs and retained B101 derivatives,Accepted canonical run is B102_final2 with stamp 20260827T162132Z.,B102,,,,,,,,retain_generated_output,2026-08-27T16:31:01.375910+00:00,,runtime_recomputed,present_and_hashed,,,4c50f346cbfed513d7e0c14040a84537866706010873691c8076169f7fc3b78a,,
generated_output,B000B_full_inventory_hash_status_20260827T162132Z.csv,/mnt/data/ppi_repro_corrected/batches/B102_final2/B000B_full_inventory_hash_status_20260827T162132Z.csv,present_and_hash_verified,B102_accepted_execution,B102 accepted scientific or provenance output,B102 reproduction,,,generated_local_artifact,generated_in_runtime,2026-08-27T16:22:36.415383+00:00,19900,2df03eb8d6eeb8ad43f6807b169e3c0ac79d3f261ec9fded1470371331e5fc39,B102 accepted inputs and retained B101 derivatives,Accepted canonical run is B102_final2 with stamp 20260827T162132Z.,B102,,,,,,,,retain_generated_output,2026-08-27T16:31:01.375910+00:00,,runtime_recomputed,present_and_hashed,,,4c50f346cbfed513d7e0c14040a84537866706010873691c8076169f7fc3b78a,,
generated_output,B102_EXECUTION_DIAGNOSTICS_20260827T162132Z.md,/mnt/data/ppi_repro_corrected/batches/B102_final2/B102_EXECUTION_DIAGNOSTICS_20260827T162132Z.md,present_and_hash_verified,B102_accepted_execution,B102 accepted scientific or provenance output,B102 reproduction,,,generated_local_artifact,generated_in_runtime,2026-08-27T16:22:36.415383+00:00,1226,a9fdb3b186bb32522bcd057a60495e11bc816a24f0bce6262ae918a75218237d,B102 accepted inputs and retained B101 derivatives,Accepted canonical run is B102_final2 with stamp 20260827T162132Z.,B102,,,,,,,,retain_generated_output,2026-08-27T16:31:01.375910+00:00,,runtime_recomputed,present_and_hashed,,,4c50f346cbfed513d7e0c14040a84537866706010873691c8076169f7fc3b78a,,
generated_output,B102_gp2protein_geneid_relevant_subset_20260827T162132Z.tsv.gz,/mnt/data/ppi_repro_corrected/batches/B102_final2/derived/B102_gp2protein_geneid_relevant_subset_20260827T162132Z.tsv.gz,present_and_hash_verified,B102_accepted_execution,B102 accepted scientific or provenance output,B102 reproduction,,,generated_local_artifact,generated_in_runtime,2026-08-27T16:22:36.415383+00:00,164596,9187753eed649d1d72bc0d38764094877b1967d5e7fe7696b292241e1ff12039,B102 accepted inputs and retained B101 derivatives,Accepted canonical run is B102_final2 with stamp 20260827T162132Z.,B102,,,,,,,,retain_generated_output,2026-08-27T16:31:01.375910+00:00,,runtime_recomputed,present_and_hashed,,,4c50f346cbfed513d7e0c14040a84537866706010873691c8076169f7fc3b78a,,
generated_output,B102_2016-06-01_annotations_README_exact_20260827T162132Z.txt,/mnt/data/ppi_repro_corrected/batches/B102_final2/derived/B102_2016-06-01_annotations_README_exact_20260827T162132Z.txt,present_and_hash_verified,B102_accepted_execution,B102 accepted scientific or provenance output,B102 reproduction,,,generated_local_artifact,generated_in_runtime,2026-08-27T16:22:36.415383+00:00,1999,32134f9555d6710a9bb488fe652fef04cd84facf516f669939487d137f8bcc88,B102 accepted inputs and retained B101 derivatives,Accepted canonical run is B102_final2 with stamp 20260827T162132Z.,B102,,,,,,,,retain_generated_output,2026-08-27T16:31:01.375910+00:00,,runtime_recomputed,present_and_hashed,,,4c50f346cbfed513d7e0c14040a84537866706010873691c8076169f7fc3b78a,,
generated_output,B102_gp2protein_human_normalized_20260827T162132Z.tsv.gz,/mnt/data/ppi_repro_corrected/batches/B102_final2/derived/B102_gp2protein_human_normalized_20260827T162132Z.tsv.gz,present_and_hash_verified,B102_accepted_execution,B102 accepted scientific or provenance output,B102 reproduction,,,generated_local_artifact,generated_in_runtime,2026-08-27T16:22:36.415383+00:00,469792,194b925028c418a45e688d46de30ebe6a79a80db5f68634674fdfa3cc6b96395,B102 accepted inputs and retained B101 derivatives,Accepted canonical run is B102_final2 with stamp 20260827T162132Z.,B102,,,,,,,,retain_generated_output,2026-08-27T16:31:01.375910+00:00,,runtime_recomputed,present_and_hashed,,,4c50f346cbfed513d7e0c14040a84537866706010873691c8076169f7fc3b78a,,
analysis_software,analyze_B102_gp2protein_final.py,/mnt/data/ppi_repro_corrected/scripts/analyze_B102_gp2protein_final.py,present_and_hash_verified,analysis_software,B102 parser/analysis software,B102 reproduction,,,generated_local_artifact,generated_in_runtime,2026-08-27T16:31:01.375910+00:00,64777,4c50f346cbfed513d7e0c14040a84537866706010873691c8076169f7fc3b78a,,,B102,,,,,,,,retain_generated_output,2026-08-27T16:31:01.375910+00:00,,runtime_recomputed,present_and_hashed,,,4c50f346cbfed513d7e0c14040a84537866706010873691c8076169f7fc3b78a,,
analysis_software,finalize_B102_delivery.py,/mnt/data/ppi_repro_corrected/scripts/finalize_B102_delivery.py,present_and_hash_verified,analysis_software,B102 parser/analysis software,B102 reproduction,,,generated_local_artifact,generated_in_runtime,2026-08-27T16:31:01.375910+00:00,62238,c59ee73338d4465016490cd8980dc059b0ab8155c7b19d05e2d12b6ee9b3a175,,,B102,,,,,,,,retain_generated_output,2026-08-27T16:31:01.375910+00:00,,runtime_recomputed,present_and_hashed,,,c59ee73338d4465016490cd8980dc059b0ab8155c7b19d05e2d12b6ee9b3a175,,
source_URL_correction,dhimmel-gene-ontology-962a5e1-GO_annotations-9606-direct-allev.tsv,,user_local_only_unless_uploaded,B102_manifest_quality_correction,correct exact commit-pinned source path,source tracking,https://raw.githubusercontent.com/dhimmel/gene-ontology/962a5e1/annotations/taxid_9606/GO_annotations-9606-direct-allev.tsv,https://github.com/dhimmel/gene-ontology/tree/962a5e1/annotations/taxid_9606,commit_pinned_repository_path_recorded; remote_bytes_not_compared,source path corrected; bytes not remote-compared,2026-08-27T16:33:25.098909+00:00,,,local full inventory record,Supersedes earlier B000B URL row that omitted annotations/taxid_9606 in the repository path; file size and SHA-256 are unchanged.,B102,dhimmel-gene-ontology-962a5e1-GO_annotations-9606-direct-allev.tsv,present_on_user_machine_per_full_inventory,147142,26884fcfa735b95c329280107c118ee38d1fc1a510287187873e8805991129d0,2026-08-21T20:37:18.500632+00:00,local_upload_inventory_full_20260827T160408Z.csv,4210821f03fc5fc6f51e978cf2b82968f0500bc53c025cc5bf3cebb7c13015e4,retain_user_local_master,2026-08-27T16:33:25.098909+00:00,user_full_local_inventory_hash_declaration source URL fields only,user_generated_full_local_inventory; hash unchanged,not_uploaded_in_B102,,,,,
source_URL_correction,dhimmel-gene-ontology-962a5e1-GO_annotations-9606-direct-expev.tsv,,user_local_only_unless_uploaded,B102_manifest_quality_correction,correct exact commit-pinned source path,source tracking,https://raw.githubusercontent.com/dhimmel/gene-ontology/962a5e1/annotations/taxid_9606/GO_annotations-9606-direct-expev.tsv,https://github.com/dhimmel/gene-ontology/tree/962a5e1/annotations/taxid_9606,commit_pinned_repository_path_recorded; remote_bytes_not_compared,source path corrected; bytes not remote-compared,2026-08-27T16:33:25.098909+00:00,,,local full inventory record,Supersedes earlier B000B URL row that omitted annotations/taxid_9606 in the repository path; file size and SHA-256 are unchanged.,B102,dhimmel-gene-ontology-962a5e1-GO_annotations-9606-direct-expev.tsv,present_on_user_machine_per_full_inventory,150794,36dcf23ff53284098317126dca8f4e87990071017a17ce0847d7578a18da3d7a,2026-08-21T20:37:31.076110+00:00,local_upload_inventory_full_20260827T160408Z.csv,4210821f03fc5fc6f51e978cf2b82968f0500bc53c025cc5bf3cebb7c13015e4,retain_user_local_master,2026-08-27T16:33:25.098909+00:00,user_full_local_inventory_hash_declaration source URL fields only,user_generated_full_local_inventory; hash unchanged,not_uploaded_in_B102,,,,,
source_URL_correction,dhimmel-gene-ontology-962a5e1-GO_annotations-9606-inferred-allev.tsv,,user_local_only_unless_uploaded,B102_manifest_quality_correction,correct exact commit-pinned source path,source tracking,https://raw.githubusercontent.com/dhimmel/gene-ontology/962a5e1/annotations/taxid_9606/GO_annotations-9606-inferred-allev.tsv,https://github.com/dhimmel/gene-ontology/tree/962a5e1/annotations/taxid_9606,commit_pinned_repository_path_recorded; remote_bytes_not_compared,source path corrected; bytes not remote-compared,2026-08-27T16:33:25.098909+00:00,,,local full inventory record,Supersedes earlier B000B URL row that omitted annotations/taxid_9606 in the repository path; file size and SHA-256 are unchanged.,B102,dhimmel-gene-ontology-962a5e1-GO_annotations-9606-inferred-allev.tsv,present_on_user_machine_per_full_inventory,147185,12b32f3f44014ba0d16a341ad5ace8170afa047c783074cc817556edd7cee874,2026-08-21T20:37:40.740869+00:00,local_upload_inventory_full_20260827T160408Z.csv,4210821f03fc5fc6f51e978cf2b82968f0500bc53c025cc5bf3cebb7c13015e4,retain_user_local_master,2026-08-27T16:33:25.098909+00:00,user_full_local_inventory_hash_declaration source URL fields only,user_generated_full_local_inventory; hash unchanged,not_uploaded_in_B102,,,,,
source_URL_correction,dhimmel-gene-ontology-962a5e1-GO_annotations-9606-inferred-expev.tsv,,user_local_only_unless_uploaded,B102_manifest_quality_correction,correct exact commit-pinned source path,source tracking,https://raw.githubusercontent.com/dhimmel/gene-ontology/962a5e1/annotations/taxid_9606/GO_annotations-9606-inferred-expev.tsv,https://github.com/dhimmel/gene-ontology/tree/962a5e1/annotations/taxid_9606,commit_pinned_repository_path_recorded; remote_bytes_not_compared,source path corrected; bytes not remote-compared,2026-08-27T16:33:25.098909+00:00,,,local full inventory record,Supersedes earlier B000B URL row that omitted annotations/taxid_9606 in the repository path; file size and SHA-256 are unchanged.,B102,dhimmel-gene-ontology-962a5e1-GO_annotations-9606-inferred-expev.tsv,present_on_user_machine_per_full_inventory,147186,66064652bc84250a6d2349b591381b10f7436bc48cdb4e4224be977bd7258474,2026-08-21T20:37:45.657942+00:00,local_upload_inventory_full_20260827T160408Z.csv,4210821f03fc5fc6f51e978cf2b82968f0500bc53c025cc5bf3cebb7c13015e4,retain_user_local_master,2026-08-27T16:33:25.098909+00:00,user_full_local_inventory_hash_declaration source URL fields only,user_generated_full_local_inventory; hash unchanged,not_uploaded_in_B102,,,,,
generated_delivery_bundle,B102_gp2protein_analysis_bundle_20260827T163101Z.zip,/mnt/data/B102_gp2protein_analysis_bundle_20260827T163101Z.zip,present_final_frozen,B102_delivery,curated B102 analysis and provenance bundle,user download and independent reproduction,,,generated_local_artifact,generated_in_runtime,2026-08-27T16:33:25.218838+00:00,3249977,2d39c91bed5b59507610094463e68a534dc0eb660b03b17c49023bd7a2b61e71,/mnt/data/ppi_repro_corrected/batches/B102_delivery_20260827T163101Z,Raw uploaded files excluded; exact hash maintained outside bundle to avoid self-reference.,B102,,,,,,,,retain_generated_output,2026-08-27T16:33:25.218838+00:00,,runtime_recomputed_final_frozen,bundle hash computed after final modification,,,4c50f346cbfed513d7e0c14040a84537866706010873691c8076169f7fc3b78a,,
deletion_confirmation,2016-06-01-annotations-README,,conversation_attachment_deleted_by_user,user_confirmation,raw lifecycle tracking,provenance protocol,,,,,,,,,User reported Deleted B102; exact event time unavailable and approximated from next upload receipt.,B102,,,,,,,,deletion_confirmed_by_user,2026-08-28T02:52:31Z,,prior B102 verified hash,raw_mount_ignored_after_confirmation,,,,,2026-08-28T02:52:31Z
deletion_confirmation,2016-06-01-gp2protein.geneid.gz,,conversation_attachment_deleted_by_user,user_confirmation,raw lifecycle tracking,provenance protocol,,,,,,,,,User reported Deleted B102; exact event time unavailable and approximated from next upload receipt.,B102,,,,,,,,deletion_confirmed_by_user,2026-08-28T02:52:31Z,,prior B102 verified hash,raw_mount_ignored_after_confirmation,,,,,2026-08-28T02:52:31Z
deletion_confirmation,2016-06-01-gp2protein.human.gz,,conversation_attachment_deleted_by_user,user_confirmation,raw lifecycle tracking,provenance protocol,,,,,,,,,User reported Deleted B102; exact event time unavailable and approximated from next upload receipt.,B102,,,,,,,,deletion_confirmed_by_user,2026-08-28T02:52:31Z,,prior B102 verified hash,raw_mount_ignored_after_confirmation,,,,,2026-08-28T02:52:31Z
deletion_confirmation,local_upload_inventory_full_20260827T160408Z.csv,,conversation_attachment_deleted_by_user,user_confirmation,raw lifecycle tracking,provenance protocol,,,,,,,,,User reported Deleted B102; exact event time unavailable and approximated from next upload receipt.,B102,,,,,,,,deletion_confirmed_by_user,2026-08-28T02:52:31Z,,prior B102 verified hash,raw_mount_ignored_after_confirmation,,,,,2026-08-28T02:52:31Z
actual_input,2016-06-01-go.obo,/mnt/data/2016-06-01-go.obo,conversation_copy_deletion_confirmed_by_user; residual_runtime_mount_used_once_for_explicit_provenance_repair_then_ignored,user_upload_B103,historical GO ontology for term metadata and is_a propagation,analyze_B104_release158_fast.py,https://release.geneontology.org/2016-06-01/ontology/go.obo,https://release.geneontology.org/2016-06-01/,official_GO_archive_path_recorded; uploaded_bytes_not_remote_compared,supplied_by_user; SHA-256 matched full user-local inventory and prior B103 verification,,34762536,9b4c0c28d73ba41ae4c684d78b354d2c8bea691a5d759d4cdd188eecdd307ca2,local_upload_inventory_full_20260827T160408Z.csv,B103 deletion confirmation recorded. Residual mount was used once to reconstruct durable derivatives because the previously claimed B103 retained artifacts were absent; exact raw hash matched the already verified B103 hash.,B103,2016-06-01-go.obo,retained_by_user_locally,34762536,9b4c0c28d73ba41ae4c684d78b354d2c8bea691a5d759d4cdd188eecdd307ca2,,local_upload_inventory_full_20260827T160408Z.csv,4210821f03fc5fc6f51e978cf2b82968f0500bc53c025cc5bf3cebb7c13015e4,deletion_confirmed_by_user,2026-08-28T03:22:43Z,,runtime_recomputed_and_prior_B103_verified,hash_reverified_during_B104_provenance_repair,B103,/mnt/data/ppi_repro_corrected/batches/B104_20260828T030759Z/derived/B104_repaired_B103_GO_terms_20260828T030759Z.tsv.gz|/mnt/data/ppi_repro_corrected/batches/B104_20260828T030759Z/derived/B104_repaired_B103_GO_is_a_edges_20260828T030759Z.tsv.gz|/mnt/data/ppi_repro_corrected/batches/B104_20260828T030759Z/derived/B104_repaired_B103_GO_is_a_closure_for_GOA158_159_terms_20260828T030759Z.tsv.gz,6a53158c5b0e1160a4230647222dec8ca7cda3d9820ac67f605e863d31d04516,"44,797 ontology terms; 73,691 is_a edges; 238,711 closure rows for GOA158/159 direct terms; source raw SHA-256 reverified",2026-08-28T02:52:31Z
provenance_repair,2016-06-01-go.obo,,residual_mount_used_once_then_logically_ignored,B104_explicit_repair,reconstruct missing durable B103 derivative,analyze_B104_release158_fast.py,,,,,,,,,This does not reverse user deletion confirmation. Source bytes matched previously verified SHA-256. Durable normalized derivative created and all later analyses use derivative.,B104,,,,,,,,B103_deletion_still_confirmed,2026-08-28T03:07:59Z,,runtime_recomputed_equals_prior_verified,complete,,/mnt/data/ppi_repro_corrected/batches/B104_20260828T030759Z/derived/B104_repaired_B103_GO_terms_20260828T030759Z.tsv.gz|/mnt/data/ppi_repro_corrected/batches/B104_20260828T030759Z/derived/B104_repaired_B103_GO_is_a_edges_20260828T030759Z.tsv.gz|/mnt/data/ppi_repro_corrected/batches/B104_20260828T030759Z/derived/B104_repaired_B103_GO_is_a_closure_for_GOA158_159_terms_20260828T030759Z.tsv.gz,6a53158c5b0e1160a4230647222dec8ca7cda3d9820ac67f605e863d31d04516,"44,797 ontology terms; 73,691 is_a edges; 238,711 closure rows for GOA158/159 direct terms; source raw SHA-256 reverified",2026-08-28T02:52:31Z
actual_input,idmapping_2026_08_27.tsv.gz,/mnt/data/idmapping_2026_08_27.tsv.gz,conversation_copy_deletion_confirmed_by_user; residual_runtime_mount_used_once_for_explicit_provenance_repair_then_ignored,user_upload_B103; user-generated_current_UniProt_ID_mapping_output,current temporal sensitivity mapping for nine GeneIDs,analyze_B104_release158_fast.py; build_B104_identifier_watchlist.py,,https://www.uniprot.org/id-mapping,no_stable_job_result_URL_supplied; source_tool_page_recorded,generated_by_user_with_current_UniProt_ID_mapping_tool_on_2026-08-27,,1219,fd585a7de7201f61871a70fbeb244b615cfa32dd7eee1b507cc35d89bd5cd5d6,"current UniProt ID Mapping query for GeneIDs 176,337,3108,4018,7957,10159,29901,55125,84919","Used only for temporal sensitivity, never as a substitute for 2016 mapping. B103 deletion confirmation recorded; residual mount used once to reconstruct a durable normalized derivative.",B103,idmapping_2026_08_27.tsv.gz,retained_by_user_locally,1219,fd585a7de7201f61871a70fbeb244b615cfa32dd7eee1b507cc35d89bd5cd5d6,,post_inventory_B103_upload,,deletion_confirmed_by_user,2026-08-28T03:22:43Z,,runtime_recomputed_and_prior_B103_verified,hash_reverified_during_B104_provenance_repair,B103,/mnt/data/ppi_repro_corrected/batches/B104_20260828T030759Z/derived/B104_repaired_B103_current_UniProt_idmapping_2026-08-27_20260828T030759Z.tsv.gz,6a53158c5b0e1160a4230647222dec8ca7cda3d9820ac67f605e863d31d04516,15 rows retained with original columns; derivative re-read; raw SHA-256 reverified,2026-08-28T02:52:31Z
provenance_repair,idmapping_2026_08_27.tsv.gz,,residual_mount_used_once_then_logically_ignored,B104_explicit_repair,reconstruct missing durable B103 derivative,analyze_B104_release158_fast.py,,,,,,,,,This does not reverse user deletion confirmation. Source bytes matched previously verified SHA-256. Durable normalized derivative created and all later analyses use derivative.,B104,,,,,,,,B103_deletion_still_confirmed,2026-08-28T03:07:59Z,,runtime_recomputed_equals_prior_verified,complete,,/mnt/data/ppi_repro_corrected/batches/B104_20260828T030759Z/derived/B104_repaired_B103_current_UniProt_idmapping_2026-08-27_20260828T030759Z.tsv.gz,6a53158c5b0e1160a4230647222dec8ca7cda3d9820ac67f605e863d31d04516,15 rows retained with original columns; derivative re-read; raw SHA-256 reverified,2026-08-28T02:52:31Z
actual_input,goa_human.gaf.158.gz,/mnt/data/goa_human.gaf.158.gz,present_as_B104_conversation_attachment; deletion_clearance_issued,user_upload_B104,historical GOA release-158 GAF annotations,analyze_B104_release158_fast.py,https://ftp.ebi.ac.uk/pub/databases/GO/goa/old/HUMAN/goa_human.gaf.158.gz,https://ftp.ebi.ac.uk/pub/databases/GO/goa/old/HUMAN/,official_EBI_GOA_archive_exact_filename; uploaded_bytes_not_remote_compared,supplied_by_user; size and SHA-256 matched authoritative full local inventory; gzip integrity passed,,4854158,7d5f7aabd0bea1e1f2a9d18af70f5d4038a85a78736d07ba69fc331b34241acf,local_upload_inventory_full_20260827T160408Z.csv,B104 fully analyzed. Clearance applies only to conversation attachment; retain user-local master.,B104,goa_human.gaf.158.gz,present_on_user_machine_per_full_inventory,4854158,7d5f7aabd0bea1e1f2a9d18af70f5d4038a85a78736d07ba69fc331b34241acf,,local_upload_inventory_full_20260827T160408Z.csv,4210821f03fc5fc6f51e978cf2b82968f0500bc53c025cc5bf3cebb7c13015e4,deletion_clearance_issued_pending_user_confirmation,2026-08-28T03:22:43Z,,runtime_recomputed_matches_user_full_inventory,gzip_integrity_and_complete_parse_passed,B104,/mnt/data/ppi_repro_corrected/batches/B104_20260828T030759Z/derived/B104_goa_human_gaf158_normalized_20260828T030759Z.tsv.gz,6a53158c5b0e1160a4230647222dec8ca7cda3d9820ac67f605e863d31d04516,"388,218 rows retained; 17-column width check passed; GAF unique projection reconciled exactly to GPAD",
actual_input,goa_human.gpa.158.gz,/mnt/data/goa_human.gpa.158.gz,present_as_B104_conversation_attachment; deletion_clearance_issued,user_upload_B104,historical GOA release-158 GPAD annotations,analyze_B104_release158_fast.py,https://ftp.ebi.ac.uk/pub/databases/GO/goa/old/HUMAN/goa_human.gpa.158.gz,https://ftp.ebi.ac.uk/pub/databases/GO/goa/old/HUMAN/,official_EBI_GOA_archive_exact_filename; uploaded_bytes_not_remote_compared,supplied_by_user; size and SHA-256 matched authoritative full local inventory; gzip integrity passed,,3636575,4d1b31df7490ad55c215d2e8525a098d820bf12a7d2d26cd13bc58a633d5f26a,local_upload_inventory_full_20260827T160408Z.csv,B104 fully analyzed. Clearance applies only to conversation attachment; retain user-local master.,B104,goa_human.gpa.158.gz,present_on_user_machine_per_full_inventory,3636575,4d1b31df7490ad55c215d2e8525a098d820bf12a7d2d26cd13bc58a633d5f26a,,local_upload_inventory_full_20260827T160408Z.csv,4210821f03fc5fc6f51e978cf2b82968f0500bc53c025cc5bf3cebb7c13015e4,deletion_clearance_issued_pending_user_confirmation,2026-08-28T03:22:43Z,,runtime_recomputed_matches_user_full_inventory,gzip_integrity_and_complete_parse_passed,B104,/mnt/data/ppi_repro_corrected/batches/B104_20260828T030759Z/derived/B104_goa_human_gpad158_normalized_20260828T030759Z.tsv.gz,6a53158c5b0e1160a4230647222dec8ca7cda3d9820ac67f605e863d31d04516,"389,235 rows retained; 12-column width check passed; 388,218 unique GAF-projected assertions plus 1,017 ECO subtype duplicate projections",
actual_input,goa_human.gpi.158.gz,/mnt/data/goa_human.gpi.158.gz,present_as_B104_conversation_attachment; deletion_clearance_issued,user_upload_B104,historical GOA release-158 gene-product information,analyze_B104_release158_fast.py,https://ftp.ebi.ac.uk/pub/databases/GO/goa/old/HUMAN/goa_human.gpi.158.gz,https://ftp.ebi.ac.uk/pub/databases/GO/goa/old/HUMAN/,official_EBI_GOA_archive_exact_filename; uploaded_bytes_not_remote_compared,supplied_by_user; size and SHA-256 matched authoritative full local inventory; gzip integrity passed,,602496,2c7a7a836d022038431a5efbfa48dbe0dd1777264e008f693b78387568dd354a,local_upload_inventory_full_20260827T160408Z.csv,B104 fully analyzed. Clearance applies only to conversation attachment; retain user-local master.,B104,goa_human.gpi.158.gz,present_on_user_machine_per_full_inventory,602496,2c7a7a836d022038431a5efbfa48dbe0dd1777264e008f693b78387568dd354a,,local_upload_inventory_full_20260827T160408Z.csv,4210821f03fc5fc6f51e978cf2b82968f0500bc53c025cc5bf3cebb7c13015e4,deletion_clearance_issued_pending_user_confirmation,2026-08-28T03:22:43Z,,runtime_recomputed_matches_user_full_inventory,gzip_integrity_and_complete_parse_passed,B104,/mnt/data/ppi_repro_corrected/batches/B104_20260828T030759Z/derived/B104_goa_human_gpi158_normalized_20260828T030759Z.tsv.gz,6a53158c5b0e1160a4230647222dec8ca7cda3d9820ac67f605e863d31d04516,"21,005 rows retained; 10-column width check passed; all rows re-read; compared against 21,002 GPI159 objects",
generated_output,B104_REPORT_20260828T030759Z.md,/mnt/data/ppi_repro_corrected/batches/B104_20260828T030759Z/B104_REPORT_20260828T030759Z.md,retained_and_hashed,B104_analysis,accepted scientific report,B104 report and future batches,,,,,,11356,79d7882afe2d653dfa7ed977a943c8c8e3a939e424f52a08eae87ad98e65d1fa,B104 verified inputs plus retained B101/B102/B103 derivatives,Accepted output; raw B104 files excluded from final bundle.,B104,,,,,,,,retain_generated_output,2026-08-28T03:22:43Z,,runtime_recomputed,present_and_hashed,,/mnt/data/ppi_repro_corrected/batches/B104_20260828T030759Z/B104_REPORT_20260828T030759Z.md,6a53158c5b0e1160a4230647222dec8ca7cda3d9820ac67f605e863d31d04516,,
generated_output,B104_EXECUTION_DIAGNOSTICS_20260828T030759Z.md,/mnt/data/ppi_repro_corrected/batches/B104_20260828T030759Z/B104_EXECUTION_DIAGNOSTICS_20260828T030759Z.md,retained_and_hashed,B104_analysis,complete execution diagnostics,B104 report and future batches,,,,,,3489,0bbcc262fd69176551b79e5313ae0467c2e362f18690f52204dfe99818f5e7fa,B104 verified inputs plus retained B101/B102/B103 derivatives,Accepted output; raw B104 files excluded from final bundle.,B104,,,,,,,,retain_generated_output,2026-08-28T03:22:43Z,,runtime_recomputed,present_and_hashed,,/mnt/data/ppi_repro_corrected/batches/B104_20260828T030759Z/B104_EXECUTION_DIAGNOSTICS_20260828T030759Z.md,6a53158c5b0e1160a4230647222dec8ca7cda3d9820ac67f605e863d31d04516,,
generated_output,B104_analysis_summary_20260828T030759Z.json,/mnt/data/ppi_repro_corrected/batches/B104_20260828T030759Z/B104_analysis_summary_20260828T030759Z.json,retained_and_hashed,B104_analysis,machine-readable accepted summary,B104 report and future batches,,,,,,121648,e356fa57723fad63b20c4d44d30c5654c2a28ad2b3bce4a051de6cad8d9b5cd1,B104 verified inputs plus retained B101/B102/B103 derivatives,Accepted output; raw B104 files excluded from final bundle.,B104,,,,,,,,retain_generated_output,2026-08-28T03:22:43Z,,runtime_recomputed,present_and_hashed,,/mnt/data/ppi_repro_corrected/batches/B104_20260828T030759Z/B104_analysis_summary_20260828T030759Z.json,6a53158c5b0e1160a4230647222dec8ca7cda3d9820ac67f605e863d31d04516,,
generated_output,B104_label_to_GO_mapping_release158_159_20260828T030759Z.csv,/mnt/data/ppi_repro_corrected/batches/B104_20260828T030759Z/analysis/B104_label_to_GO_mapping_release158_159_20260828T030759Z.csv,retained_and_hashed,B104_analysis,121-column GO label map,B104 report and future batches,,,,,,24030,78d79985df507d63fd6b14a68be88dcf52fd643cde63e57f8854335e6144e704,B104 verified inputs plus retained B101/B102/B103 derivatives,Accepted output; raw B104 files excluded from final bundle.,B104,,,,,,,,retain_generated_output,2026-08-28T03:22:43Z,,runtime_recomputed,present_and_hashed,,/mnt/data/ppi_repro_corrected/batches/B104_20260828T030759Z/analysis/B104_label_to_GO_mapping_release158_159_20260828T030759Z.csv,6a53158c5b0e1160a4230647222dec8ca7cda3d9820ac67f605e863d31d04516,,
generated_output,B104_identifier_mapping_watchlist_20260828T030759Z.csv,/mnt/data/ppi_repro_corrected/batches/B104_20260828T030759Z/analysis/B104_identifier_mapping_watchlist_20260828T030759Z.csv,retained_and_hashed,B104_analysis,temporal identifier mapping watchlist,B104 report and future batches,,,,,,6182,7a8ab56ea344a173f181a7c73dcd2b09e297ce07cb58becde485bfc0420507b0,B104 verified inputs plus retained B101/B102/B103 derivatives,Accepted output; raw B104 files excluded from final bundle.,B104,,,,,,,,retain_generated_output,2026-08-28T03:22:43Z,,runtime_recomputed,present_and_hashed,,/mnt/data/ppi_repro_corrected/batches/B104_20260828T030759Z/analysis/B104_identifier_mapping_watchlist_20260828T030759Z.csv,6a53158c5b0e1160a4230647222dec8ca7cda3d9820ac67f605e863d31d04516,,
generated_output,B104_alternative_hypothesis_checks_20260828T030759Z.json,/mnt/data/ppi_repro_corrected/batches/B104_20260828T030759Z/analysis/B104_alternative_hypothesis_checks_20260828T030759Z.json,retained_and_hashed,B104_analysis,"mapping, NOT, and all-zero sensitivity checks",B104 report and future batches,,,,,,2561,4668d914917f31d1aa00de97b7b3d4c484f5051bac8992b3d426a462e882ac27,B104 verified inputs plus retained B101/B102/B103 derivatives,Accepted output; raw B104 files excluded from final bundle.,B104,,,,,,,,retain_generated_output,2026-08-28T03:22:43Z,,runtime_recomputed,present_and_hashed,,/mnt/data/ppi_repro_corrected/batches/B104_20260828T030759Z/analysis/B104_alternative_hypothesis_checks_20260828T030759Z.json,6a53158c5b0e1160a4230647222dec8ca7cda3d9820ac67f605e863d31d04516,,
mapping_decision,GeneID 7957 / EPM2A temporal mapping decision,,decision_record,B104_analysis_plus_official_current_sources,temporal identifier audit,future mapping reconstruction,https://www.uniprot.org/uniprotkb/B3EWF7,https://www.uniprot.org/uniprotkb/B3EWF7,official_current_UniProt_page,web_inspected_2026-08-28,,,,,B3EWF7->7957 retained as historically contextual symbol fallback; exact 17-label row; no replacement claim between B3EWF7 and O95278.,B104,,,,,,,,,2026-08-28T03:22:43Z,,not_applicable_decision_record,local historical data cross-checked with official current page,watchlist,/mnt/data/ppi_repro_corrected/batches/B104_20260828T030759Z/analysis/B104_identifier_mapping_watchlist_20260828T030759Z.csv,7857edad891b00abdd88958f22cba28044426e8172ed36b276090b4a62317584,,
mapping_decision,GeneID 29901 / SAC3D1 temporal mapping decision,,decision_record,B104_analysis_plus_official_current_sources,temporal identifier audit,future mapping reconstruction,https://www.uniprot.org/uniprotkb/A6NKF1,https://www.uniprot.org/uniprotkb/A6NKF1,official_current_UniProt_page,web_inspected_2026-08-28,,,,,"A6NKF1->29901 tracked as contextual fallback; observed row all zero; F8WC89 and A6NKF1 treated as coexisting products, not inferred replacements.",B104,,,,,,,,,2026-08-28T03:22:43Z,,not_applicable_decision_record,local historical data cross-checked with official current page,watchlist,/mnt/data/ppi_repro_corrected/batches/B104_20260828T030759Z/analysis/B104_identifier_mapping_watchlist_20260828T030759Z.csv,7857edad891b00abdd88958f22cba28044426e8172ed36b276090b4a62317584,,
mapping_decision,GeneID 10159 / ATP6AP2 temporal mapping decision,,decision_record,B104_analysis_plus_official_current_sources,temporal identifier audit,future mapping reconstruction,https://www.uniprot.org/uniprotkb/O75787,https://www.uniprot.org/uniprotkb/O75787,official_current_UniProt_page,web_inspected_2026-08-28,,,,,O75787 is current/historical anchor; secondary accessions not independent primary records; PSEC0072 synonym join prohibited due SIDT2 collision.,B104,,,,,,,,,2026-08-28T03:22:43Z,,not_applicable_decision_record,local historical data cross-checked with official current page,watchlist,/mnt/data/ppi_repro_corrected/batches/B104_20260828T030759Z/analysis/B104_identifier_mapping_watchlist_20260828T030759Z.csv,7857edad891b00abdd88958f22cba28044426e8172ed36b276090b4a62317584,,
historical_candidate,2016-06-29 GO ontology matching GOA159 header,,not_materialized_in_runtime,identified_from_GAF159_header,highest-priority ontology-version test for 878 ancestor-only residuals,planned B105 exact ontology test,http://purl.obolibrary.org/obo/go/releases/2016-06-29/go.obo,https://release.geneontology.org/2016-07-01/,exact PURL inferred from GAF header OWL version; monthly archive fallback recorded; bytes not obtained,not_materialized,,,,,Prefer exact June-29 serialization; otherwise upload July-01 archive go.obo and verify internal data-version before analysis.,B105_planned,,,,,,,,not_applicable,2026-08-28T03:22:43Z,,not_available,not_downloaded,B105,,,,
