canonical_relative_path,size_bytes,sha256,category,batch,status,description,recommended_git_tracking,canonical_source_kind,canonical_source_container,canonical_source_member_or_path,occurrence_count,duplicate_alias_count
bundle_only/ppi_reproduction_analysis_bundle/results/public_code_search.json,2190,003e95b7eb5fb43e73aae9e637d49127fbfc0a0f5b80a20f9cefdae78e2cf247,analysis_result_or_derived_data,,historical_or_supporting,analysis result or compact derived dataset: public_code_search.json.,normal_git,zip_member,ppi_reproduction_analysis_bundle.zip,results/public_code_search.json,1,0
results/provenance_events_through_B104I_20260830T114918Z.csv,46275,008e7137dae6e07824a5ecc0d00d9873e40752fde5b23a727f0cb7893f9a660d,provenance_manifest,,current_core,"Append-only provenance-event history, including receipt, validation, and deletion states.",normal_git,direct_current,provenance_events_through_B104I_20260830T114918Z.csv,results/provenance_events_through_B104I_20260830T114918Z.csv,1,0
bundle_only/B104C_MSigDB50_column_order_bundle_20260828T200948Z/B104C_delivery_20260828T200948Z/logs/uniprot_audit_dry_run.stdout,897,0106526a5cc72227c6809136135090b64b1096f46a0c0cef4b7d4a6f1bf70808,other_artifact,,supporting_analysis,assistant-generated investigation artifact: uniprot_audit_dry_run.stdout.,normal_git,zip_member,B104C_MSigDB50_column_order_bundle_20260828T200948Z.zip,B104C_delivery_20260828T200948Z/logs/uniprot_audit_dry_run.stdout,1,0
batches/B104C_20260828T194921Z/B104C_UNIPROT_AUDIT_INSTRUCTIONS_20260828T200948Z.md,2545,013f4987a877745188c99291534854021bff9038714ce7fddd557ab8f6e47730,report_or_documentation,,supporting_analysis,report or documentation artifact: B104C_UNIPROT_AUDIT_INSTRUCTIONS_20260828T200948Z.md.,normal_git,direct_current,B104C_UNIPROT_AUDIT_INSTRUCTIONS_20260828T200948Z.md,batches/B104C_20260828T194921Z/B104C_UNIPROT_AUDIT_INSTRUCTIONS_20260828T200948Z.md,2,1
bundle_only/B104G_full_row_and_label_resolution_bundle_20260829T151452Z/B104G/analysis/B104G_dhimmel_annotation_file_summary.csv,940,021a5ac97febcbb392451a94de3b7283996c6e3171c7ebad862f268f190fe38a,analysis_result_or_derived_data,B104G,current_core,B104G analysis result or compact derived dataset: B104G_dhimmel_annotation_file_summary.csv.,normal_git,zip_member,B104G_full_row_and_label_resolution_bundle_20260829T151452Z.zip,B104G/analysis/B104G_dhimmel_annotation_file_summary.csv,1,0
batches/B102_final2/B102_GraphSAGE_genes_missing_from_historical_GPI_projection_20260827T162132Z.csv,1088,02fa9f04e58daec22668711d7bd850b0a1812a8c6448a13eaf8032b3a9105386,analysis_result_or_derived_data,,historical_foundation,analysis result or compact derived dataset: B102_GraphSAGE_genes_missing_from_historical_GPI_projection_20260827T162132Z.csv.,normal_git,direct_current,B102_GraphSAGE_genes_missing_from_historical_GPI_projection_20260827T162132Z.csv,batches/B102_final2/B102_GraphSAGE_genes_missing_from_historical_GPI_projection_20260827T162132Z.csv,3,2
bundle_only/B104A_exact_GO_reconstruction_bundle_20260828T152026Z/B104A/scripts/finalize_B104A_exact_reconstruction.py,19639,033606a5fd5d9c2a61590b5a84e943b9ef770dc116602eacd68a7de07dca95af,script,B104A,supporting_analysis,"B104A analysis, download, validation, or packaging script: finalize_B104A_exact_reconstruction.py.",normal_git,zip_member,B104A_exact_GO_reconstruction_bundle_20260828T152026Z.zip,B104A/scripts/finalize_B104A_exact_reconstruction.py,1,0
bundle_only/B104D_column_order_date_range_uniprot_bundle_20260829T010311Z/B104D_delivery_20260829T010311Z/analysis/B104D_deep_column_order_top250.csv,36526,03991ec98fa9fb12af5bde1ce9052cd0016aa832d646ec87c5c264ebb200d8fd,analysis_result_or_derived_data,,supporting_analysis,analysis result or compact derived dataset: B104D_deep_column_order_top250.csv.,normal_git,zip_member,B104D_column_order_date_range_uniprot_bundle_20260829T010311Z.zip,B104D_delivery_20260829T010311Z/analysis/B104D_deep_column_order_top250.csv,1,0
bundle_only/B104C_MSigDB50_column_order_bundle_20260828T200948Z/B104C_delivery_20260828T200948Z/scripts/explore_B104C_column_order_variants.py,11146,03a38936374fbc7403a08bc210f39f71a23fccbf87427ad80dbf45899d3ed37a,script,,supporting_analysis,"analysis, download, validation, or packaging script: explore_B104C_column_order_variants.py.",normal_git,zip_member,B104C_MSigDB50_column_order_bundle_20260828T200948Z.zip,B104C_delivery_20260828T200948Z/scripts/explore_B104C_column_order_variants.py,1,0
bundle_only/B104E_GOA_date_UniProt_feature_rule_bundle_20260829T122734Z/B104E/retained_inputs/goa_date_screen_results/goa_release_162_screen.json,36211,03ee1538cb0e7c43487aff223bdc32924b8f77f39ad84e847489fe7132019611,retained_normalized_input,B104E,supporting_analysis,B104E compact normalized retained input used for later reproducibility: goa_release_162_screen.json.,normal_git,zip_member,B104E_GOA_date_UniProt_feature_rule_bundle_20260829T122734Z.zip,B104E/retained_inputs/goa_date_screen_results/goa_release_162_screen.json,1,0
bundle_only/B104A_exact_GO_reconstruction_bundle_20260828T152026Z/B104A/analysis/B104A_mapping_component_resolution_decision_20260828T145842Z.csv,726,045781dc349c3b943e5cd354674905ca10afef668109f658d6e77cccfcad0d17,analysis_result_or_derived_data,B104A,supporting_analysis,B104A analysis result or compact derived dataset: B104A_mapping_component_resolution_decision_20260828T145842Z.csv.,normal_git,zip_member,B104A_exact_GO_reconstruction_bundle_20260828T152026Z.zip,B104A/analysis/B104A_mapping_component_resolution_decision_20260828T145842Z.csv,1,0
bundle_only/B104A_exact_GO_reconstruction_bundle_20260828T152026Z/B104A/scripts/validate_B104A_delivery.py,4937,0561212678858177305bab227b52ddfd21bcf1c06a63b5c17814cb1ac1015cef,script,B104A,supporting_analysis,"B104A analysis, download, validation, or packaging script: validate_B104A_delivery.py.",normal_git,zip_member,B104A_exact_GO_reconstruction_bundle_20260828T152026Z.zip,B104A/scripts/validate_B104A_delivery.py,1,0
bundle_only/B104E_GOA_date_UniProt_feature_rule_bundle_20260829T122734Z/B104E/retained_inputs/uniprot_2016_mapping_audit/2016_06/O95073_Q9Y620_2016_06_provenance.json,2640,06072c2ad206f57eb1d252b3ab90bc19452474050d1543993c135dbd81f8c965,retained_normalized_input,B104E,supporting_analysis,B104E compact normalized retained input used for later reproducibility: O95073_Q9Y620_2016_06_provenance.json.,normal_git,zip_member,B104E_GOA_date_UniProt_feature_rule_bundle_20260829T122734Z.zip,B104E/retained_inputs/uniprot_2016_mapping_audit/2016_06/O95073_Q9Y620_2016_06_provenance.json,1,0
bundle_only/B104A_exact_GO_reconstruction_bundle_20260828T152026Z/B104A/retained_inputs/tissue_partition.csv,1550,064c396d394b90428ae2f73768c44e470a776259c1d69bea26d028fdd50fb059,retained_normalized_input,B104A,supporting_analysis,B104A compact normalized retained input used for later reproducibility: tissue_partition.csv.,normal_git,zip_member,B104A_exact_GO_reconstruction_bundle_20260828T152026Z.zip,B104A/retained_inputs/tissue_partition.csv,2,1
bundle_only/B104F_full_label_class_validation_bundle_20260829T140333Z/B104F_20260829T140333Z/provenance/provenance_events_through_B104F_PREBUNDLE_20260829T140333Z.csv,35664,065a5b5592ba06e58d97ea078466b544959c60afede72888de816bfad589d5e8,provenance_manifest,,supporting_analysis,"Append-only provenance-event history, including receipt, validation, and deletion states.",normal_git,zip_member,B104F_full_label_class_validation_bundle_20260829T140333Z.zip,B104F_20260829T140333Z/provenance/provenance_events_through_B104F_PREBUNDLE_20260829T140333Z.csv,1,0
results/source_ledger_through_B104D_FINAL_20260829T010311Z.csv,394230,071d91af798a3d82f7d0339dcb91ae814c03d67665d15bdbe299a5ea8bd9341c,provenance_manifest,,supporting_analysis,Append-only source and artifact provenance ledger.,normal_git,direct_current,source_ledger_through_B104D_FINAL_20260829T010311Z.csv,results/source_ledger_through_B104D_FINAL_20260829T010311Z.csv,1,0
batches/B000/B000_INVENTORY_RECEIPT_20260827T150123Z.md,2844,07488116b9bd3f52074017dd7586d23d1fd1b6981eaf07810a6ee97150d23eff,batch_administration,B000,historical_foundation,File inventory or enriched local-holdings inventory.,normal_git,direct_current,B000_INVENTORY_RECEIPT_20260827T150123Z.md,batches/B000/B000_INVENTORY_RECEIPT_20260827T150123Z.md,1,0
batches/B104F_20260829T140333Z/analysis/B104F_uploaded_dhimmel_file_audit.csv,2904,08f64be2297fb4de7cb52b10fd8e02070953a678f9b225a44c2d0247cb4377c6,analysis_result_or_derived_data,,supporting_analysis,analysis result or compact derived dataset: B104F_uploaded_dhimmel_file_audit.csv.,normal_git,direct_current,B104F_uploaded_dhimmel_file_audit.csv,batches/B104F_20260829T140333Z/analysis/B104F_uploaded_dhimmel_file_audit.csv,2,1
bundle_only/B104E_GOA_date_UniProt_feature_rule_bundle_20260829T122734Z/B104E/scripts/independent_validate_msigdb52_features.py,2653,093ac64918a64d038ae6a7808cb69fbaddc148ca5c0d6cd638d5c9f9c8d9b6c4,script,B104E,supporting_analysis,"B104E analysis, download, validation, or packaging script: independent_validate_msigdb52_features.py.",normal_git,zip_member,B104E_GOA_date_UniProt_feature_rule_bundle_20260829T122734Z.zip,B104E/scripts/independent_validate_msigdb52_features.py,1,0
bundle_only/B104_release158_analysis_bundle_20260828T032801Z/B104/analysis/B104_v159_new_witness_date_counts_20260828T030759Z.csv,477,0958739b680dd331a3b7d3a6115655d38a9b29c3f3bd91ee6b6f92af508ada37,analysis_result_or_derived_data,B104,historical_or_supporting,B104 analysis result or compact derived dataset: B104_v159_new_witness_date_counts_20260828T030759Z.csv.,normal_git,zip_member,B104_release158_analysis_bundle_20260828T032801Z.zip,B104/analysis/B104_v159_new_witness_date_counts_20260828T030759Z.csv,1,0
bundle_only/B104E_GOA_date_UniProt_feature_rule_bundle_20260829T122734Z/B104E/retained_inputs/uniprot_2016_mapping_audit/2016_05/O95073_Q9Y620_2016_05_provenance.json,2640,09f57af9d5105d90b04f27ccb54870aad7726811990e41415662c756c5e02656,retained_normalized_input,B104E,supporting_analysis,B104E compact normalized retained input used for later reproducibility: O95073_Q9Y620_2016_05_provenance.json.,normal_git,zip_member,B104E_GOA_date_UniProt_feature_rule_bundle_20260829T122734Z.zip,B104E/retained_inputs/uniprot_2016_mapping_audit/2016_05/O95073_Q9Y620_2016_05_provenance.json,1,0
results/MASTER_REPRODUCTION_REPORT.md,25609,0a1df00dbc4d6c5c3d3f15cfd0980632688445f69f9290d3559489b5508617b5,report_or_documentation,,historical_or_supporting,Narrative scientific and provenance report for the associated analysis batch.,normal_git,direct_current,MASTER_REPRODUCTION_REPORT.md,results/MASTER_REPRODUCTION_REPORT.md,3,2
bundle_only/B102_gp2protein_analysis_bundle_20260827T163101Z/B102/superseded_attempt_logs/20260827T161542Z/SUPERSEDED_REASON.txt,135,0b117ff554504b16c93130e5b671cf68c1bb94e2ae1efe63e2155cd82d30e009,documentation,B102,historical_foundation,B102 assistant-generated investigation artifact: SUPERSEDED_REASON.txt.,normal_git,zip_member,B102_gp2protein_analysis_bundle_20260827T163101Z.zip,B102/superseded_attempt_logs/20260827T161542Z/SUPERSEDED_REASON.txt,1,0
bundle_only/B104D_column_order_date_range_uniprot_bundle_20260829T010311Z/B104D_delivery_20260829T010311Z/analysis/B104D_uniprot_audit_ledger_review.csv,2672,0b522ba7a773ce4de3f53664a7b7e0c912393737c9a8b9f5528dea47e40dab82,analysis_result_or_derived_data,,supporting_analysis,analysis result or compact derived dataset: B104D_uniprot_audit_ledger_review.csv.,normal_git,zip_member,B104D_column_order_date_range_uniprot_bundle_20260829T010311Z.zip,B104D_delivery_20260829T010311Z/analysis/B104D_uniprot_audit_ledger_review.csv,1,0
results/EXECUTION_DIAGNOSTICS.md,4657,0b651d11e14fe6f826d51ed447a01a712210ca0bfbaa5566d9dfbc0135747b02,documentation,,historical_or_supporting,"Execution diagnostics, including accepted runs, failures, retries, and limitations.",normal_git,direct_current,EXECUTION_DIAGNOSTICS.md,results/EXECUTION_DIAGNOSTICS.md,2,1
bundle_only/ppi_reproduction_analysis_bundle/scripts/core_reproduction.py,35290,0c1daf906b810a7d2b5acfc0cdccf664fce1ec1cf74beddf5b40e2bcc7d16112,script,,historical_or_supporting,"analysis, download, validation, or packaging script: core_reproduction.py.",normal_git,zip_member,ppi_reproduction_analysis_bundle.zip,scripts/core_reproduction.py,1,0
batches/B104I_20260830T114918Z/B104I_EVIDENCE_VS_LITERATURE_REGISTER_20260830T114918Z.csv,6926,0c4726ceb550e36b2a4ed54f627549d26a4476162249e31939bef1406ccaf716,analysis_result_or_derived_data,,current_core,"Claim-by-claim register comparing file-derived evidence with OhmNet, GraphSAGE, and related literature.",normal_git,direct_current,B104I_EVIDENCE_VS_LITERATURE_REGISTER_20260830T114918Z.csv,batches/B104I_20260830T114918Z/B104I_EVIDENCE_VS_LITERATURE_REGISTER_20260830T114918Z.csv,2,1
upload_protocol/source_map_template.csv,636,0c61d24b52f626bb16f0b1c9730dcd898f329fc98f686c5e237dfd9776d03c47,analysis_result_or_derived_data,,historical_or_supporting,analysis result or compact derived dataset: source_map_template.csv.,normal_git,direct_current,source_map_template.csv,upload_protocol/source_map_template.csv,2,1
bundle_only/B104F_full_label_class_validation_bundle_20260829T140333Z/B104F_20260829T140333Z/scripts/__pycache__/audit_uploaded_dhimmel_files.cpython-313.pyc,5239,0d9a6afa26642619a07fa627e2aea05fd8542f92a9d7c8aa342a32e56a6766d3,script,,supporting_analysis,Machine-readable validation checks for the associated analysis or delivery.,normal_git,zip_member,B104F_full_label_class_validation_bundle_20260829T140333Z.zip,B104F_20260829T140333Z/scripts/__pycache__/audit_uploaded_dhimmel_files.cpython-313.pyc,1,0
batches/B000/B000_enriched_inventory_20260827T150123Z.csv,10253,0dc5055d1110bcda8939e9058fa3f78f747cf4f611574c35e9db1f1d7d1173fe,analysis_result_or_derived_data,B000,historical_foundation,File inventory or enriched local-holdings inventory.,normal_git,direct_current,B000_enriched_inventory_20260827T150123Z.csv,batches/B000/B000_enriched_inventory_20260827T150123Z.csv,1,0
bundle_only/ppi_reproduction_corrected_bundle/ppi_repro_corrected/scripts/build_corrected_report.py,38420,0e44186350ede09e57c1c327c6988dfaed69a35beea9c4b36c5bab9eb9af4171,script,,historical_or_supporting,Narrative scientific and provenance report for the associated analysis batch.,normal_git,zip_member,ppi_reproduction_corrected_bundle.zip,ppi_repro_corrected/scripts/build_corrected_report.py,1,0
bundle_only/B104C_MSigDB50_column_order_bundle_20260828T200948Z/B104C_delivery_20260828T200948Z/analysis/B104C_msigdb_direct_best_per_label_20260828T194921Z.csv,68880,0e5946325fbcf3ed47e1c4cf6715aec1b4c8b76108414a6b2fc93d1c678c57c6,analysis_result_or_derived_data,,supporting_analysis,analysis result or compact derived dataset: B104C_msigdb_direct_best_per_label_20260828T194921Z.csv.,normal_git,zip_member,B104C_MSigDB50_column_order_bundle_20260828T200948Z.zip,B104C_delivery_20260828T200948Z/analysis/B104C_msigdb_direct_best_per_label_20260828T194921Z.csv,1,0
bundle_only/B102_gp2protein_analysis_bundle_20260827T163101Z/B102/run.stderr,174,0ebf01e8ce57c6473d4dfebf4038888b6d7c274a334280a9a3aff70e479d501b,other_artifact,B102,historical_foundation,B102 assistant-generated investigation artifact: run.stderr.,normal_git,zip_member,B102_gp2protein_analysis_bundle_20260827T163101Z.zip,B102/run.stderr,1,0
results/bundle_sha256.txt,114,0ee0a69550a2b548db778d207197c3f9edac814abad4195a0a72fb2ce6a9fa68,validation_or_checksum,,historical_or_supporting,assistant-generated investigation artifact: bundle_sha256.txt.,normal_git,direct_current,bundle_sha256.txt,results/bundle_sha256.txt,1,0
bundle_only/B104F_full_label_class_validation_bundle_20260829T140333Z/B104F_20260829T140333Z/B104F_DELIVERY_VALIDATION_20260829T140333Z.json,1836,0f73ff8e1d4ff7e2a7bf8278d1fea256827606a95841da4f98629cf777c57693,validation_or_checksum,,supporting_analysis,Machine-readable validation checks for the associated analysis or delivery.,normal_git,zip_member,B104F_full_label_class_validation_bundle_20260829T140333Z.zip,B104F_20260829T140333Z/B104F_DELIVERY_VALIDATION_20260829T140333Z.json,1,0
archive/initial_incomplete/results/REQUESTED_ADDITIONAL_INPUTS.md,562,0f7bd11938ef5a5837a457c026ae12d59aa7b43063d4fad741074318ce05b64f,documentation,,superseded_initial_delivery,Prioritized list of additional historical inputs requested during the investigation.,normal_git,direct_initial,REQUESTED_ADDITIONAL_INPUTS.md,results/REQUESTED_ADDITIONAL_INPUTS.md,2,1
bundle_only/B104E_GOA_date_UniProt_feature_rule_bundle_20260829T122734Z/B104E/retained_inputs/goa_date_screen_results/goa_release_158_screen.json,35975,10c7c77191d095a22669bfc446ac454a8f07b8a5fc363a3edaad02d1b51f41e6,retained_normalized_input,B104E,supporting_analysis,B104E compact normalized retained input used for later reproducibility: goa_release_158_screen.json.,normal_git,zip_member,B104E_GOA_date_UniProt_feature_rule_bundle_20260829T122734Z.zip,B104E/retained_inputs/goa_date_screen_results/goa_release_158_screen.json,1,0
bundle_only/B104C_MSigDB50_column_order_bundle_20260828T200948Z/B104C_delivery_20260828T200948Z/analysis/B104C_msigdb_v5.0_normalization_reconciliation_20260828T194921Z.json,410,10f72ba0df275fb0a84bc3e473fc70b40b211f9cff93c48329622eace8f2fbfb,analysis_result_or_derived_data,,supporting_analysis,analysis result or compact derived dataset: B104C_msigdb_v5.0_normalization_reconciliation_20260828T194921Z.json.,normal_git,zip_member,B104C_MSigDB50_column_order_bundle_20260828T200948Z.zip,B104C_delivery_20260828T200948Z/analysis/B104C_msigdb_v5.0_normalization_reconciliation_20260828T194921Z.json,1,0
results/source_ledger_through_B102_20260827T163101Z.csv,218538,1203353c5295d4ee7abf23188bb1954a3fc46822bd867b7e1dca0c9d45f3d480,provenance_manifest,,historical_foundation,Append-only source and artifact provenance ledger.,normal_git,direct_current,source_ledger_through_B102_20260827T163101Z.csv,results/source_ledger_through_B102_20260827T163101Z.csv,1,0
results/provenance_events_through_B104F_FINAL_20260829T140333Z.csv,35941,1203f098fe94c415377fc753ddca05d37dc5a6c036efecc7ada43b1ca1f12e9c,provenance_manifest,,supporting_analysis,"Append-only provenance-event history, including receipt, validation, and deletion states.",normal_git,direct_current,provenance_events_through_B104F_FINAL_20260829T140333Z.csv,results/provenance_events_through_B104F_FINAL_20260829T140333Z.csv,1,0
bundle_only/B104C_MSigDB50_column_order_bundle_20260828T200948Z/B104C_delivery_20260828T200948Z/B104C_INPUT_RECEIPT_20260828T200948Z.md,700,127449d0c004aa9b568f6846f89fd4f8a6c1887f834ce5c5ea34f01d537d75c4,batch_administration,,supporting_analysis,assistant-generated investigation artifact: B104C_INPUT_RECEIPT_20260828T200948Z.md.,normal_git,zip_member,B104C_MSigDB50_column_order_bundle_20260828T200948Z.zip,B104C_delivery_20260828T200948Z/B104C_INPUT_RECEIPT_20260828T200948Z.md,1,0
bundle_only/B104D_column_order_date_range_uniprot_bundle_20260829T010311Z/B104D_delivery_20260829T010311Z/analysis/goa_release_158_screen.json,34588,1295c037edfbaa099ea7ff6213477df0df0e2b62de05886b03c72187b2ea799c,analysis_result_or_derived_data,,supporting_analysis,analysis result or compact derived dataset: goa_release_158_screen.json.,normal_git,zip_member,B104D_column_order_date_range_uniprot_bundle_20260829T010311Z.zip,B104D_delivery_20260829T010311Z/analysis/goa_release_158_screen.json,1,0
bundle_only/B102_gp2protein_analysis_bundle_20260827T163101Z/B102/superseded_attempt_logs/20260827T162041Z/run.stderr,61,131002f52a4adf0701caf18056f9fa1667e391784b5d192002640cc95b288947,other_artifact,B102,historical_foundation,B102 assistant-generated investigation artifact: run.stderr.,normal_git,zip_member,B102_gp2protein_analysis_bundle_20260827T163101Z.zip,B102/superseded_attempt_logs/20260827T162041Z/run.stderr,1,0
bundle_only/ppi_reproduction_analysis_bundle/scripts/extract_git_gene2go_history.py,2162,131bda1bb8bad6644c63f14c80d10091d3644c5335a5340dca22bd1036e66dff,script,,historical_or_supporting,"analysis, download, validation, or packaging script: extract_git_gene2go_history.py.",normal_git,zip_member,ppi_reproduction_analysis_bundle.zip,scripts/extract_git_gene2go_history.py,1,0
bundle_only/B104G_full_row_and_label_resolution_bundle_20260829T151452Z/B104G/retained_inputs/prior_compact_inputs/B101_goa_human_gaf159_normalized_20260827T152736Z.tsv.gz,5123439,132066afa3d3ea550752d3d2eb98fcbc238570c23bf239f0ea77e720e34cc274,retained_normalized_input,B104G,current_core,Row-preserving normalized derivative of GOA human GAF release 159.,git_lfs_recommended,zip_member,B104G_full_row_and_label_resolution_bundle_20260829T151452Z.zip,B104G/retained_inputs/prior_compact_inputs/B101_goa_human_gaf159_normalized_20260827T152736Z.tsv.gz,5,4
bundle_only/B104E_GOA_date_UniProt_feature_rule_bundle_20260829T122734Z/B104E/logs/analyze_feature_rule_identifiability.stdout,455,13290169800a630f247d92b6dedad9de0be4a777bcd61872bd450eb917eb53d9,other_artifact,B104E,supporting_analysis,B104E assistant-generated investigation artifact: analyze_feature_rule_identifiability.stdout.,normal_git,zip_member,B104E_GOA_date_UniProt_feature_rule_bundle_20260829T122734Z.zip,B104E/logs/analyze_feature_rule_identifiability.stdout,2,1
batches/B102_final2/B102_gp2protein_mapping_summary_20260827T162132Z.json,22558,13398c65e2b5852512b18d34a235a1d05f83dfafe3dd057bb43d818897ea985e,analysis_result_or_derived_data,,historical_foundation,Summary statistics and edge cases for the historical gp2protein GeneID mapping.,normal_git,direct_current,B102_gp2protein_mapping_summary_20260827T162132Z.json,batches/B102_final2/B102_gp2protein_mapping_summary_20260827T162132Z.json,2,1
bundle_only/B104C_MSigDB50_column_order_bundle_20260828T200948Z/B104C_delivery_20260828T200948Z/logs/uniprot_audit_self_test.stdout,574,136363a3cceebbcaca93d0c0e45c22fc6114865a5ca7f644ce99a383a09d2702,other_artifact,,supporting_analysis,assistant-generated investigation artifact: uniprot_audit_self_test.stdout.,normal_git,zip_member,B104C_MSigDB50_column_order_bundle_20260828T200948Z.zip,B104C_delivery_20260828T200948Z/logs/uniprot_audit_self_test.stdout,1,0
bundle_only/B104E_GOA_date_UniProt_feature_rule_bundle_20260829T122734Z/B104E/analysis/B104E_uploaded_audit_archives_validation_20260829T121535Z.json,14936,13bf3afc7a610d639f1ad81cc92897e9f0a08977afc587daa67b2a91c37efac1,validation_or_checksum,B104E,supporting_analysis,Machine-readable validation checks for the associated analysis or delivery.,normal_git,zip_member,B104E_GOA_date_UniProt_feature_rule_bundle_20260829T122734Z.zip,B104E/analysis/B104E_uploaded_audit_archives_validation_20260829T121535Z.json,1,0
bundle_only/B104_release158_analysis_bundle_20260828T032801Z/B104/derived/B104_goa_human_gpad158_normalized_20260828T030759Z.tsv.gz,3651357,13dc02a91658b02c7840bd9a774ea225c3b7f16b13bf6a05d8d09a4688a8bbc6,retained_normalized_input,B104,historical_or_supporting,Row-preserving normalized derivative of GOA human GPAD release 158.,git_lfs_recommended,zip_member,B104_release158_analysis_bundle_20260828T032801Z.zip,B104/derived/B104_goa_human_gpad158_normalized_20260828T030759Z.tsv.gz,1,0
bundle_only/B104E_GOA_date_UniProt_feature_rule_bundle_20260829T122734Z/B104E/retained_inputs/uniprot_2016_mapping_audit/2016_05/O95073_Q9Y620_2016_05.tsv,739,144b8831d8cab943157d6123b4f121ef400882997ccf6a22db95deac388f5f0e,retained_normalized_input,B104E,supporting_analysis,B104E compact normalized retained input used for later reproducibility: O95073_Q9Y620_2016_05.tsv.,normal_git,zip_member,B104E_GOA_date_UniProt_feature_rule_bundle_20260829T122734Z.zip,B104E/retained_inputs/uniprot_2016_mapping_audit/2016_05/O95073_Q9Y620_2016_05.tsv,1,0
bundle_only/B104A_exact_GO_reconstruction_bundle_20260828T152026Z/B104A/logs/render_B104A_manifests.stdout,275,14abe00e1da5ce48872a1a814b82803e65fce771e601863d31e0e42fd299cc2a,other_artifact,B104A,supporting_analysis,B104A assistant-generated investigation artifact: render_B104A_manifests.stdout.,normal_git,zip_member,B104A_exact_GO_reconstruction_bundle_20260828T152026Z.zip,B104A/logs/render_B104A_manifests.stdout,1,0
bundle_only/B102_gp2protein_analysis_bundle_20260827T163101Z/B102/B102_DELIVERY_INDEX_20260827T163101Z.md,1106,14e0542b0bed03422b549e77e8265a5f568fef9ad1c5bfaab44e7b64bf554412,documentation,B102,historical_foundation,B102 assistant-generated investigation artifact: B102_DELIVERY_INDEX_20260827T163101Z.md.,normal_git,zip_member,B102_gp2protein_analysis_bundle_20260827T163101Z.zip,B102/B102_DELIVERY_INDEX_20260827T163101Z.md,1,0
bundle_only/B104G_full_row_and_label_resolution_bundle_20260829T151452Z/manifests/source_ledger_through_B104G_PREBUNDLE_20260829T151452Z.csv,523613,1514da5444c21f7f831c1873a72c4f55e1e64eadf11cee4904d108eeeeae2895,provenance_manifest,,current_core,Append-only source and artifact provenance ledger.,normal_git,zip_member,B104G_full_row_and_label_resolution_bundle_20260829T151452Z.zip,manifests/source_ledger_through_B104G_PREBUNDLE_20260829T151452Z.csv,1,0
batches/B104C_20260828T194921Z/analysis/B104C_inferred_unique_121_GO_column_order_20260828T194921Z.csv,16916,155d61ed60b4ad20a7d2dc4ad703d9f62a1d68b0fa360ea995643e0ef17ce89c,analysis_result_or_derived_data,,supporting_analysis,Strongly supported provisional disambiguation/order for the 121 GO label columns.,normal_git,direct_current,B104C_inferred_unique_121_GO_column_order_20260828T194921Z.csv,batches/B104C_20260828T194921Z/analysis/B104C_inferred_unique_121_GO_column_order_20260828T194921Z.csv,4,3
bundle_only/B104G_full_row_and_label_resolution_bundle_20260829T151452Z/B104G/analysis/B104G_mapping_components_touching_full_graph_gene_universe.csv,2554,15a972b7a5a761e4f3e4a60025326b9247619fa3924de4ea085075444531c507,analysis_result_or_derived_data,B104G,current_core,Bipartite identifier-mapping components and ambiguity-resolution evidence.,normal_git,zip_member,B104G_full_row_and_label_resolution_bundle_20260829T151452Z.zip,B104G/analysis/B104G_mapping_components_touching_full_graph_gene_universe.csv,1,0
bundle_only/ppi_reproduction_analysis_bundle/scripts/repo_history_search.py,2411,15abf51fc89a5fa7eea5a9e3b4934d1d0936032888162cd6bde20e95ac08effc,script,,historical_or_supporting,"analysis, download, validation, or packaging script: repo_history_search.py.",normal_git,zip_member,ppi_reproduction_analysis_bundle.zip,scripts/repo_history_search.py,1,0
bundle_only/ppi_reproduction_corrected_bundle/ppi_repro_corrected/results/source_ledger.json,79389,15b8c5c589ac090ff5cb9567d7cb4ad09ea546a678a4464e5c7b16809f0664ea,provenance_manifest,,historical_or_supporting,Append-only source and artifact provenance ledger.,normal_git,zip_member,ppi_reproduction_corrected_bundle.zip,ppi_repro_corrected/results/source_ledger.json,1,0
bundle_only/B104D_column_order_date_range_uniprot_bundle_20260829T010311Z/B104D_delivery_20260829T010311Z/analysis/B104D_outer_pair_column_order_model_grid.csv.gz,2777,1656365f9b452aed211a9f58f05af565c36c3fb699f812cce172a6e7f39f4864,analysis_result_or_derived_data,,supporting_analysis,Comparison or summary of candidate legacy-Python GO column-order models.,normal_git,zip_member,B104D_column_order_date_range_uniprot_bundle_20260829T010311Z.zip,B104D_delivery_20260829T010311Z/analysis/B104D_outer_pair_column_order_model_grid.csv.gz,1,0
bundle_only/B104E_GOA_date_UniProt_feature_rule_bundle_20260829T122734Z/B104E/retained_inputs/goa_date_screen_results/goa_release_163_screen.json,36438,16b0336a4a0c35a565e99a0d33a7d6ef8a80cce41d9b2e9969a58a336a2b237a,retained_normalized_input,B104E,supporting_analysis,B104E compact normalized retained input used for later reproducibility: goa_release_163_screen.json.,normal_git,zip_member,B104E_GOA_date_UniProt_feature_rule_bundle_20260829T122734Z.zip,B104E/retained_inputs/goa_date_screen_results/goa_release_163_screen.json,1,0
batches/B102_final2/B102_direct_label_match_grid_20260827T162132Z.csv.gz,2156077,16ec83739ccb1106e75cbfc90d049a0358fff0a25c8ab3a6ef229446919930d2,analysis_result_or_derived_data,,historical_foundation,"Exhaustive grid of direct annotation-source, evidence, mapping, and label-column comparisons.",git_lfs_recommended,direct_current,B102_direct_label_match_grid_20260827T162132Z.csv.gz,batches/B102_final2/B102_direct_label_match_grid_20260827T162132Z.csv.gz,2,1
bundle_only/B104_release158_analysis_bundle_20260828T032801Z/B104/analysis/B104_v159_new_witness_direct_GO_counts_20260828T030759Z.csv,8659,189ef62611d0b33b42812af983b766216d7d6309d37597ab2b689152c6bc69df,analysis_result_or_derived_data,B104,historical_or_supporting,B104 analysis result or compact derived dataset: B104_v159_new_witness_direct_GO_counts_20260828T030759Z.csv.,normal_git,zip_member,B104_release158_analysis_bundle_20260828T032801Z.zip,B104/analysis/B104_v159_new_witness_direct_GO_counts_20260828T030759Z.csv,1,0
bundle_only/B104_release158_analysis_bundle_20260828T032801Z/B104/retained_inputs/B102_gp2protein_human_normalized_20260827T162132Z.tsv.gz,469792,194b925028c418a45e688d46de30ebe6a79a80db5f68634674fdfa3cc6b96395,retained_normalized_input,B104,historical_foundation,B104 compact normalized retained input used for later reproducibility: B102_gp2protein_human_normalized_20260827T162132Z.tsv.gz.,normal_git,zip_member,B104_release158_analysis_bundle_20260828T032801Z.zip,B104/retained_inputs/B102_gp2protein_human_normalized_20260827T162132Z.tsv.gz,2,1
bundle_only/B104I_PPI_provenance_and_literature_bundle_20260830T114918Z/B104I_VALIDATION_20260830T114918Z.json,4720,195babacd3b74a97cee5bb9d8b58439e08f07af2af790d4756bfe0114da0bdd9,validation_or_checksum,,current_core,"PPI topology provenance audit or report linking GraphSAGE, OhmNet, and BioSNAP edge sets.",normal_git,zip_member,B104I_PPI_provenance_and_literature_bundle_20260830T114918Z.zip,B104I_VALIDATION_20260830T114918Z.json,1,0
results/source_ledger_through_B104I_FINAL_20260830T114918Z.csv,541463,1a2e6a55d1dbb4a794f882195124003a3447570a3000903fa7ab158dabe8808a,provenance_manifest,,current_core,Append-only source and artifact provenance ledger.,normal_git,direct_current,source_ledger_through_B104I_FINAL_20260830T114918Z.csv,results/source_ledger_through_B104I_FINAL_20260830T114918Z.csv,1,0
bundle_only/B104D_column_order_date_range_uniprot_bundle_20260829T010311Z/B104D_delivery_20260829T010311Z/logs/package_uniprot_self_test.stdout,266,1a5849aed966eb1d57fe0904175a152e31a0053a28caaeba708758b225e12825,other_artifact,,supporting_analysis,assistant-generated investigation artifact: package_uniprot_self_test.stdout.,normal_git,zip_member,B104D_column_order_date_range_uniprot_bundle_20260829T010311Z.zip,B104D_delivery_20260829T010311Z/logs/package_uniprot_self_test.stdout,1,0
results/provenance_events_through_B104E_FINAL_20260829T122734Z.csv,32515,1ac8d9fd61d79012b907c5a9e92b12255d5229e9bfc9919f995b0edec8094ef4,provenance_manifest,,supporting_analysis,"Append-only provenance-event history, including receipt, validation, and deletion states.",normal_git,direct_current,provenance_events_through_B104E_FINAL_20260829T122734Z.csv,results/provenance_events_through_B104E_FINAL_20260829T122734Z.csv,1,0
batches/B102_delivery_20260827T163101Z/B102_REPORT_CORRECTED_20260827T163101Z.md,5464,1b0aa1b4432fd5ed96fd8efe9152b4655dc772a0f5041307f4bfe7c7bf6ead4e,report_or_documentation,,historical_foundation,Narrative scientific and provenance report for the associated analysis batch.,normal_git,direct_current,B102_REPORT_CORRECTED_20260827T163101Z.md,batches/B102_delivery_20260827T163101Z/B102_REPORT_CORRECTED_20260827T163101Z.md,2,1
bundle_only/B104G_full_row_and_label_resolution_bundle_20260829T151452Z/B104G/retained_inputs/GO_annotations-9606-direct-expev.tsv.gz,662036,1b3525d3e300a83624f5d98dd22457ba3690e74b8564080f060e4ab9d7e4e8fb,retained_normalized_input,B104G,current_core,B104G compact normalized retained input used for later reproducibility: GO_annotations-9606-direct-expev.tsv.gz.,normal_git,zip_member,B104G_full_row_and_label_resolution_bundle_20260829T151452Z.zip,B104G/retained_inputs/GO_annotations-9606-direct-expev.tsv.gz,1,0
bundle_only/B104G_full_row_and_label_resolution_bundle_20260829T151452Z/B104G/analysis/B104G_full_mapping_leakage_recalculation.csv,1112,1d040f1efc9fdc08129b46fdd084f7ebc00fbfc47f79d670bb6926390b4bf9c2,analysis_result_or_derived_data,B104G,current_core,B104G analysis result or compact derived dataset: B104G_full_mapping_leakage_recalculation.csv.,normal_git,zip_member,B104G_full_row_and_label_resolution_bundle_20260829T151452Z.zip,B104G/analysis/B104G_full_mapping_leakage_recalculation.csv,1,0
batches/B104F_20260829T140333Z/B104F_RESPONSE_TO_INDEPENDENT_AGENT_20260829T140333Z.md,4861,1d1f42c641d6d236c56847fa65b489ba94c203ed4e633dec92486673314729a9,documentation,,supporting_analysis,assistant-generated investigation artifact: B104F_RESPONSE_TO_INDEPENDENT_AGENT_20260829T140333Z.md.,normal_git,direct_current,B104F_RESPONSE_TO_INDEPENDENT_AGENT_20260829T140333Z.md,batches/B104F_20260829T140333Z/B104F_RESPONSE_TO_INDEPENDENT_AGENT_20260829T140333Z.md,2,1
bundle_only/B104C_MSigDB50_column_order_bundle_20260828T200948Z/B104C_delivery_20260828T200948Z/analysis/B104C_extended_python2_dictionary_order_top100_20260828T194921Z.csv,8937,1dc1d480da547b4ea097f93e57beb83a479ebc0b69cea77a68a8025d1e0af795,analysis_result_or_derived_data,,supporting_analysis,analysis result or compact derived dataset: B104C_extended_python2_dictionary_order_top100_20260828T194921Z.csv.,normal_git,zip_member,B104C_MSigDB50_column_order_bundle_20260828T200948Z.zip,B104C_delivery_20260828T200948Z/analysis/B104C_extended_python2_dictionary_order_top100_20260828T194921Z.csv,2,1
bundle_only/B104G_full_row_and_label_resolution_bundle_20260829T151452Z/B104G/retained_inputs/GO_annotations-9606-direct-allev.tsv.gz,1653192,1e8a2e9d82b34d1cf2511661c1b2413f3fd0c3e502fd694d9e50aad29e3ebb66,retained_normalized_input,B104G,current_core,B104G compact normalized retained input used for later reproducibility: GO_annotations-9606-direct-allev.tsv.gz.,normal_git,zip_member,B104G_full_row_and_label_resolution_bundle_20260829T151452Z.zip,B104G/retained_inputs/GO_annotations-9606-direct-allev.tsv.gz,1,0
bundle_only/B104E_GOA_date_UniProt_feature_rule_bundle_20260829T122734Z/B104E/retained_inputs/goa_date_screen_results/goa_release_168_screen.json,36820,1f3ebfaf39f61b86e0f7cac47a32db1c0d11f9bc5e97dad2075a1a8fa961f258,retained_normalized_input,B104E,supporting_analysis,B104E compact normalized retained input used for later reproducibility: goa_release_168_screen.json.,normal_git,zip_member,B104E_GOA_date_UniProt_feature_rule_bundle_20260829T122734Z.zip,B104E/retained_inputs/goa_date_screen_results/goa_release_168_screen.json,1,0
bundle_only/B104A_exact_GO_reconstruction_bundle_20260828T152026Z/B104A/analysis/B104A_default_relation_global_evidence_mask_search_top100_20260828T145842Z.csv,5531,1f3f0b2d173f3885cbb14f66e7503cf11505f066f89a84aafe5092c40b5d142b,analysis_result_or_derived_data,B104A,supporting_analysis,B104A analysis result or compact derived dataset: B104A_default_relation_global_evidence_mask_search_top100_20260828T145842Z.csv.,normal_git,zip_member,B104A_exact_GO_reconstruction_bundle_20260828T152026Z.zip,B104A/analysis/B104A_default_relation_global_evidence_mask_search_top100_20260828T145842Z.csv,1,0
bundle_only/B104_release158_analysis_bundle_20260828T032801Z/B104/scripts/build_B104_report.py,19446,1f60fdead30443ed77c159ead736d7d8c78096a6aafa897dd59ed02d174d41aa,script,B104,historical_or_supporting,Narrative scientific and provenance report for the associated analysis batch.,normal_git,zip_member,B104_release158_analysis_bundle_20260828T032801Z.zip,B104/scripts/build_B104_report.py,1,0
bundle_only/ppi_reproduction_corrected_bundle/ppi_repro_corrected/results/wl_ambiguous_topology_only.json,69252,1f9c89ee87b6c5c8a5deae2340fba7237f5f5dbfec226a1907a22a9670c8d584,analysis_result_or_derived_data,,historical_or_supporting,analysis result or compact derived dataset: wl_ambiguous_topology_only.json.,normal_git,zip_member,ppi_reproduction_corrected_bundle.zip,ppi_repro_corrected/results/wl_ambiguous_topology_only.json,1,0
bundle_only/B101_goa159_analysis_bundle_20260827T152736Z/B101/B101_direct_label_match_grid_20260827T152736Z.csv.gz,1587365,20e9999de3930554a77d8e1fe604416ac3bff43cb956340024387f6c6b007a77,analysis_result_or_derived_data,B101,historical_foundation,"Exhaustive grid of direct annotation-source, evidence, mapping, and label-column comparisons.",normal_git,zip_member,B101_goa159_analysis_bundle_20260827T152736Z.zip,B101/B101_direct_label_match_grid_20260827T152736Z.csv.gz,1,0
bundle_only/B104D_column_order_date_range_uniprot_bundle_20260829T010311Z/B104D_delivery_20260829T010311Z/logs/fast2.stderr,812,216dfeec6dc38ab6f25e88fb9667e9f43357054740fc224b19437cffd517dbda,other_artifact,,supporting_analysis,assistant-generated investigation artifact: fast2.stderr.,normal_git,zip_member,B104D_column_order_date_range_uniprot_bundle_20260829T010311Z.zip,B104D_delivery_20260829T010311Z/logs/fast2.stderr,1,0
bundle_only/B104A_exact_GO_reconstruction_bundle_20260828T152026Z/B104A/analysis/B104A_default_relation_source_leave_one_out_20260828T145842Z.csv,2680,2177bca2ea78737a9f206981b072bfa3b982025b7e6b14970903d6e68b6f7f1e,analysis_result_or_derived_data,B104A,supporting_analysis,B104A analysis result or compact derived dataset: B104A_default_relation_source_leave_one_out_20260828T145842Z.csv.,normal_git,zip_member,B104A_exact_GO_reconstruction_bundle_20260828T152026Z.zip,B104A/analysis/B104A_default_relation_source_leave_one_out_20260828T145842Z.csv,1,0
bundle_only/B104D_column_order_date_range_uniprot_bundle_20260829T010311Z/B104D_delivery_20260829T010311Z/scripts/build_B104D_provenance.py,12879,224b7a27ba76f058d94865feff5f41854e3ba01d7aa0707ca91c00cd56feb794,script,,supporting_analysis,"analysis, download, validation, or packaging script: build_B104D_provenance.py.",normal_git,zip_member,B104D_column_order_date_range_uniprot_bundle_20260829T010311Z.zip,B104D_delivery_20260829T010311Z/scripts/build_B104D_provenance.py,1,0
batches/B104D_20260829T010311Z/B104D_GOA_date_screen_reference_pack_20260829T010311Z.zip,1124051,22791f83190a4ae5b804c22d8bffec9e125fb975c981ea80fa69cfa183d591c4,reference_pack_or_nested_bundle,,supporting_analysis,assistant-generated investigation artifact: B104D_GOA_date_screen_reference_pack_20260829T010311Z.zip.,normal_git,direct_current,B104D_GOA_date_screen_reference_pack_20260829T010311Z.zip,batches/B104D_20260829T010311Z/B104D_GOA_date_screen_reference_pack_20260829T010311Z.zip,2,1
results/B104E_final_delivery_checksums_20260829T122734Z.csv,16820,237231a19fa3294b82ac67bf1ae98fdd500148cc44e88b0f006e17be7ce0b06b,validation_or_checksum,,supporting_analysis,assistant-generated investigation artifact: B104E_final_delivery_checksums_20260829T122734Z.csv.,normal_git,direct_current,B104E_final_delivery_checksums_20260829T122734Z.csv,results/B104E_final_delivery_checksums_20260829T122734Z.csv,1,0
bundle_only/B104A_exact_GO_reconstruction_bundle_20260828T152026Z/B104A/logs/build_B104A_provenance.stdout,386,2378623213914b15bb415c3fb94544e80d288dc3e686c541697b75ec4899c5d2,other_artifact,B104A,supporting_analysis,B104A assistant-generated investigation artifact: build_B104A_provenance.stdout.,normal_git,zip_member,B104A_exact_GO_reconstruction_bundle_20260828T152026Z.zip,B104A/logs/build_B104A_provenance.stdout,1,0
bundle_only/B104C_MSigDB50_column_order_bundle_20260828T200948Z/B104C_delivery_20260828T200948Z/analysis/B104C_duplicate_vector_GO_disambiguation_20260828T194921Z.csv,2182,23c893ac2d5b4a4302ad7334d5432785e98f5c098cf17378099b8cb7b83bd62e,analysis_result_or_derived_data,,supporting_analysis,analysis result or compact derived dataset: B104C_duplicate_vector_GO_disambiguation_20260828T194921Z.csv.,normal_git,zip_member,B104C_MSigDB50_column_order_bundle_20260828T200948Z.zip,B104C_delivery_20260828T200948Z/analysis/B104C_duplicate_vector_GO_disambiguation_20260828T194921Z.csv,1,0
bundle_only/ppi_reproduction_corrected_bundle/ppi_repro_corrected/scripts/refresh_run_status.py,4803,2404e525d25223f4a46b0c398fa2693f6962e5f1d8c023c3723cae7df18cb636,script,,historical_or_supporting,"analysis, download, validation, or packaging script: refresh_run_status.py.",normal_git,zip_member,ppi_reproduction_corrected_bundle.zip,ppi_repro_corrected/scripts/refresh_run_status.py,1,0
bundle_only/B104_release158_analysis_bundle_20260828T032801Z/B104/B104_output_checksums_pre_report_20260828T030759Z.csv,5329,24572f14b27c0aa983e9e7058a8e5839f1f0e8e2fe1a3b2daad6b0153e4e20ba,validation_or_checksum,B104,historical_or_supporting,Narrative scientific and provenance report for the associated analysis batch.,normal_git,zip_member,B104_release158_analysis_bundle_20260828T032801Z.zip,B104/B104_output_checksums_pre_report_20260828T030759Z.csv,1,0
bundle_only/B104D_column_order_date_range_uniprot_bundle_20260829T010311Z/B104D_delivery_20260829T010311Z/scripts/explore_graphmapped.py,20965,24d0c40d670a17f5b03bcee538eea8652266c86324870d68c2faec28c0bbc0fe,script,,supporting_analysis,"analysis, download, validation, or packaging script: explore_graphmapped.py.",normal_git,zip_member,B104D_column_order_date_range_uniprot_bundle_20260829T010311Z.zip,B104D_delivery_20260829T010311Z/scripts/explore_graphmapped.py,1,0
bundle_only/ppi_reproduction_analysis_bundle/scripts/functionlab_search.py,1381,255d15bb781991b4de95e1901b846407524bee5570aaf67c658f8e6b3d490d97,script,,historical_or_supporting,"analysis, download, validation, or packaging script: functionlab_search.py.",normal_git,zip_member,ppi_reproduction_analysis_bundle.zip,scripts/functionlab_search.py,1,0
batches/B104F_20260829T140333Z/B104F_INDEPENDENT_NUMPY_VALIDATION_20260829T140333Z.json,425,25623367a625310ea963073ed610be9d6c5e53afa1e68d18ae5ab0186d66d742,validation_or_checksum,,supporting_analysis,Machine-readable validation checks for the associated analysis or delivery.,normal_git,direct_current,B104F_INDEPENDENT_NUMPY_VALIDATION_20260829T140333Z.json,batches/B104F_20260829T140333Z/B104F_INDEPENDENT_NUMPY_VALIDATION_20260829T140333Z.json,3,2
bundle_only/ppi_reproduction_corrected_bundle/ppi_repro_corrected/results/ohmnet_global_label_source_screen.csv,99457,257de22d3d83a4a8b0c3de4f738afe62471964f420290815712680042225a90b,analysis_result_or_derived_data,,historical_or_supporting,analysis result or compact derived dataset: ohmnet_global_label_source_screen.csv.,normal_git,zip_member,ppi_reproduction_corrected_bundle.zip,ppi_repro_corrected/results/ohmnet_global_label_source_screen.csv,1,0
results/B104B_FINAL2_DELIVERY_VALIDATION_20260828T161826Z.json,1051,25c23a41bde0b1849cd25d9992e303c201d0eccccf09b6746900e3a6d4511784,validation_or_checksum,,supporting_analysis,Machine-readable validation checks for the associated analysis or delivery.,normal_git,direct_current,B104B_FINAL2_DELIVERY_VALIDATION_20260828T161826Z.json,results/B104B_FINAL2_DELIVERY_VALIDATION_20260828T161826Z.json,1,0
bundle_only/ppi_reproduction_analysis_bundle/results/humanbase_discovery.json,3595,2687bcfe180e95900f3e9c74efce80bdc15c2413edf0e05f90d11eb3075a8453,analysis_result_or_derived_data,,historical_or_supporting,analysis result or compact derived dataset: humanbase_discovery.json.,normal_git,zip_member,ppi_reproduction_analysis_bundle.zip,results/humanbase_discovery.json,1,0
bundle_only/B104A_exact_GO_reconstruction_bundle_20260828T152026Z/B104A/B104A_input_integrity_20260828T145842Z.csv,3674,27564de0e0d44ad5c82db36cb18b8256b6d94c6330fe6492a2f73fedbf98767e,validation_or_checksum,B104A,supporting_analysis,B104A assistant-generated investigation artifact: B104A_input_integrity_20260828T145842Z.csv.,normal_git,zip_member,B104A_exact_GO_reconstruction_bundle_20260828T152026Z.zip,B104A/B104A_input_integrity_20260828T145842Z.csv,1,0
results/provenance_events_through_B104B_FINAL2_20260828T161826Z.csv,21080,27a92afc567fad6637686fed1f57eeeec51ae16800e82cf3726f5fc98cc741e5,provenance_manifest,,supporting_analysis,"Append-only provenance-event history, including receipt, validation, and deletion states.",normal_git,direct_current,provenance_events_through_B104B_FINAL2_20260828T161826Z.csv,results/provenance_events_through_B104B_FINAL2_20260828T161826Z.csv,1,0
results/source_ledger_through_B104F_FINAL_20260829T140333Z.csv,504907,282955cc5d619bb4ed0c6bc63c87d9ce1ca10c5cb8d217d20939a2f6625365cc,provenance_manifest,,supporting_analysis,Append-only source and artifact provenance ledger.,normal_git,direct_current,source_ledger_through_B104F_FINAL_20260829T140333Z.csv,results/source_ledger_through_B104F_FINAL_20260829T140333Z.csv,1,0
bundle_only/B104B_MSigDB_term_selection_handoff_bundle_20260828T161826Z/B104B_20260828T161826Z/analysis/B104B_release158_term_selection_sensitivity.json,370,286c44741d58ee4788323ddf982a8637af030a82cff2a45db183309c561748a0,analysis_result_or_derived_data,,supporting_analysis,"Investigator handoff summarizing methods, findings, caveats, and next tests.",normal_git,zip_member,B104B_MSigDB_term_selection_handoff_bundle_20260828T161826Z.zip,B104B_20260828T161826Z/analysis/B104B_release158_term_selection_sensitivity.json,1,0
bundle_only/B104E_GOA_date_UniProt_feature_rule_bundle_20260829T122734Z/B104E/retained_inputs/uniprot_2016_mapping_audit/2016_04/O95073_Q9Y620_2016_04_provenance.json,2640,289558ffc69346d6ea44ca722f5d1a8775f197d7a7e05fb0125d3cda24e3648a,retained_normalized_input,B104E,supporting_analysis,B104E compact normalized retained input used for later reproducibility: O95073_Q9Y620_2016_04_provenance.json.,normal_git,zip_member,B104E_GOA_date_UniProt_feature_rule_bundle_20260829T122734Z.zip,B104E/retained_inputs/uniprot_2016_mapping_audit/2016_04/O95073_Q9Y620_2016_04_provenance.json,1,0
bundle_only/B104E_GOA_date_UniProt_feature_rule_bundle_20260829T122734Z/B104E/retained_inputs/goa_date_screen_results/goa_date_screen_events.csv,7160,28dd624a48ef83d5a77e9c0c20f6cebe3e0d6a58a1d2ae55b537b2aeae66122d,retained_normalized_input,B104E,supporting_analysis,B104E compact normalized retained input used for later reproducibility: goa_date_screen_events.csv.,normal_git,zip_member,B104E_GOA_date_UniProt_feature_rule_bundle_20260829T122734Z.zip,B104E/retained_inputs/goa_date_screen_results/goa_date_screen_events.csv,1,0
bundle_only/B104E_GOA_date_UniProt_feature_rule_bundle_20260829T122734Z/B104E/retained_inputs/goa_date_screen_results/goa_release_161_screen.json,36096,29259ebfe8b99d53ebdcb8bc0eaa728a16185abe4f6af3734329b2c8498cd116,retained_normalized_input,B104E,supporting_analysis,B104E compact normalized retained input used for later reproducibility: goa_release_161_screen.json.,normal_git,zip_member,B104E_GOA_date_UniProt_feature_rule_bundle_20260829T122734Z.zip,B104E/retained_inputs/goa_date_screen_results/goa_release_161_screen.json,1,0
bundle_only/B104_release158_analysis_bundle_20260828T032801Z/B104/analysis/B104_GPI158_to_GPI159_changes_20260828T030759Z.csv,6899,2951c76633722710ef116a05935d9884c506d4351c3e4d3875b52c264c5571d1,analysis_result_or_derived_data,B104,historical_or_supporting,B104 analysis result or compact derived dataset: B104_GPI158_to_GPI159_changes_20260828T030759Z.csv.,normal_git,zip_member,B104_release158_analysis_bundle_20260828T032801Z.zip,B104/analysis/B104_GPI158_to_GPI159_changes_20260828T030759Z.csv,1,0
bundle_only/ppi_reproduction_analysis_bundle/results/actual_input_file_manifest.json,7021,298ba3524e0073ed499da8dea7f719b059935b7473705b21a1537d12dc0dcdb2,provenance_manifest,,historical_or_supporting,Manifest of actual materialized inputs used by the analysis at that point in time.,normal_git,zip_member,ppi_reproduction_analysis_bundle.zip,results/actual_input_file_manifest.json,1,0
bundle_only/B104E_GOA_date_UniProt_feature_rule_bundle_20260829T122734Z/B104E/retained_inputs/goa_date_screen_results/goa_release_165_screen.json,36772,29f385ad6480890489e67e60435643412e80d4eb720ccb2eefda63d577d2ee97,retained_normalized_input,B104E,supporting_analysis,B104E compact normalized retained input used for later reproducibility: goa_release_165_screen.json.,normal_git,zip_member,B104E_GOA_date_UniProt_feature_rule_bundle_20260829T122734Z.zip,B104E/retained_inputs/goa_date_screen_results/goa_release_165_screen.json,1,0
bundle_only/B104E_GOA_date_UniProt_feature_rule_bundle_20260829T122734Z/B104E/retained_inputs/uniprot_2016_mapping_audit/2016_04/O95073_Q9Y620_2016_04.dat,20154,2abb3f223e2f51d634b21002d0dcad004339d5eb6f6ec3843e2edfef1aa015a5,retained_normalized_input,B104E,supporting_analysis,B104E compact normalized retained input used for later reproducibility: O95073_Q9Y620_2016_04.dat.,normal_git,zip_member,B104E_GOA_date_UniProt_feature_rule_bundle_20260829T122734Z.zip,B104E/retained_inputs/uniprot_2016_mapping_audit/2016_04/O95073_Q9Y620_2016_04.dat,1,0
bundle_only/B104A_exact_GO_reconstruction_bundle_20260828T152026Z/provenance/provenance_events_through_B104A_20260828T152026Z.csv,17476,2bc4eb5cdc16ad1cd18bc829c5cefb37f3ce06604b04fb14da331a44e0b9a247,provenance_manifest,,supporting_analysis,"Append-only provenance-event history, including receipt, validation, and deletion states.",normal_git,zip_member,B104A_exact_GO_reconstruction_bundle_20260828T152026Z.zip,provenance/provenance_events_through_B104A_20260828T152026Z.csv,1,0
bundle_only/B102_gp2protein_analysis_bundle_20260827T163101Z/B102/B102_delivery_checksums_20260827T163101Z.csv,6400,2bc95d817fba665d7ce5fab7a540094917d56df5b651379073d48769c0b73b4b,validation_or_checksum,B102,historical_foundation,B102 assistant-generated investigation artifact: B102_delivery_checksums_20260827T163101Z.csv.,normal_git,zip_member,B102_gp2protein_analysis_bundle_20260827T163101Z.zip,B102/B102_delivery_checksums_20260827T163101Z.csv,1,0
bundle_only/B104C_MSigDB50_column_order_bundle_20260828T200948Z/B104C_delivery_20260828T200948Z/B104C_OUTPUT_CHECKSUMS_20260828T200948Z.csv,7070,2bfc089eaedf7c6c8d9678d639e116b6256429f234d2185031ab6d06d1cee792,validation_or_checksum,,supporting_analysis,assistant-generated investigation artifact: B104C_OUTPUT_CHECKSUMS_20260828T200948Z.csv.,normal_git,zip_member,B104C_MSigDB50_column_order_bundle_20260828T200948Z.zip,B104C_delivery_20260828T200948Z/B104C_OUTPUT_CHECKSUMS_20260828T200948Z.csv,1,0
batches/B104E_20260829T121535Z/analysis/B104E_MSigDB_feature_version_screen_PROVENANCE_SAFE_20260829T121535Z.csv,1324,2cc089754a5176b6db70a323096e5f22776c94bea0f72dc0ec464f1d1a1580fc,analysis_result_or_derived_data,,supporting_analysis,Cross-version screen showing which MSigDB releases reproduce the 50 feature vectors.,normal_git,direct_current,B104E_MSigDB_feature_version_screen_PROVENANCE_SAFE_20260829T121535Z.csv,batches/B104E_20260829T121535Z/analysis/B104E_MSigDB_feature_version_screen_PROVENANCE_SAFE_20260829T121535Z.csv,2,1
batches/B104H_20260830T110259Z/download_and_verify_biosnap_ppi_sources.py,5370,2d70583c8737d3fe2481e317b9b30283c5efce18ec560601cbfc4e77aab79fc0,script,,current_core,Downloader and exact edge-set audit for BioSNAP OhmNet and global PPI sources.,normal_git,direct_current,download_and_verify_biosnap_ppi_sources.py,batches/B104H_20260830T110259Z/download_and_verify_biosnap_ppi_sources.py,2,1
bundle_only/B102_gp2protein_analysis_bundle_20260827T163101Z/B102/B000B_full_inventory_hash_status_20260827T162132Z.csv,19900,2df03eb8d6eeb8ad43f6807b169e3c0ac79d3f261ec9fded1470371331e5fc39,analysis_result_or_derived_data,B102,historical_foundation,File inventory or enriched local-holdings inventory.,normal_git,zip_member,B102_gp2protein_analysis_bundle_20260827T163101Z.zip,B102/B000B_full_inventory_hash_status_20260827T162132Z.csv,1,0
bundle_only/B101_goa159_analysis_bundle_20260827T152736Z/B101/B101_input_integrity_20260827T152736Z.csv,1774,2df9161033add8d6504c0cec6bbcdaa600ead660828d2adcfa4bc9b56130f7ea,validation_or_checksum,B101,historical_foundation,B101 assistant-generated investigation artifact: B101_input_integrity_20260827T152736Z.csv.,normal_git,zip_member,B101_goa159_analysis_bundle_20260827T152736Z.zip,B101/B101_input_integrity_20260827T152736Z.csv,1,0
bundle_only/B104E_GOA_date_UniProt_feature_rule_bundle_20260829T122734Z/B104E/analysis/B104E_feature_threshold_sensitivity_20260829T121535Z.csv,17162,2e0c8dba31c53d160d95ebb2b0138a733a750b243f3404c91b9278dd158b4504,analysis_result_or_derived_data,B104E,supporting_analysis,B104E analysis result or compact derived dataset: B104E_feature_threshold_sensitivity_20260829T121535Z.csv.,normal_git,zip_member,B104E_GOA_date_UniProt_feature_rule_bundle_20260829T122734Z.zip,B104E/analysis/B104E_feature_threshold_sensitivity_20260829T121535Z.csv,1,0
bundle_only/B104_release158_analysis_bundle_20260828T032801Z/B104/analysis/B104_annotation_date_cutoff_sensitivity_20260828T030759Z.csv,115597,2fa7072026a73c78b307c8c3de55c0b88efb9ea2d023b39fdeaca46d01fd5262,analysis_result_or_derived_data,B104,historical_or_supporting,B104 analysis result or compact derived dataset: B104_annotation_date_cutoff_sensitivity_20260828T030759Z.csv.,normal_git,zip_member,B104_release158_analysis_bundle_20260828T032801Z.zip,B104/analysis/B104_annotation_date_cutoff_sensitivity_20260828T030759Z.csv,1,0
bundle_only/B102_gp2protein_analysis_bundle_20260827T163101Z/B102/superseded_attempt_logs/20260827T161728Z/SUPERSEDED_REASON.txt,297,2fcad8c7ee493fff381057bae871a3e2992268ced0a49412b3afb22fc69d25da,documentation,B102,historical_foundation,B102 assistant-generated investigation artifact: SUPERSEDED_REASON.txt.,normal_git,zip_member,B102_gp2protein_analysis_bundle_20260827T163101Z.zip,B102/superseded_attempt_logs/20260827T161728Z/SUPERSEDED_REASON.txt,1,0
bundle_only/B104D_column_order_date_range_uniprot_bundle_20260829T010311Z/B104D_delivery_20260829T010311Z/analysis/B104D_graphmapped_column_order_summary.json,1071,30cfd287394cea9d3d49ea32d9ef9014d8a890def4dbd63a0a45fa50266b7739,analysis_result_or_derived_data,,supporting_analysis,analysis result or compact derived dataset: B104D_graphmapped_column_order_summary.json.,normal_git,zip_member,B104D_column_order_date_range_uniprot_bundle_20260829T010311Z.zip,B104D_delivery_20260829T010311Z/analysis/B104D_graphmapped_column_order_summary.json,1,0
results/source_ledger_through_B104H_FINAL_20260830T110259Z.csv,535128,30efc16958954d52aeed0f23079792ef34ad4e2deb590a3082592e09831830a0,provenance_manifest,,current_core,Append-only source and artifact provenance ledger.,normal_git,direct_current,source_ledger_through_B104H_FINAL_20260830T110259Z.csv,results/source_ledger_through_B104H_FINAL_20260830T110259Z.csv,1,0
bundle_only/B104C_MSigDB50_column_order_bundle_20260828T200948Z/B104C_delivery_20260828T200948Z/analysis/B104C_graphsage_class_map_python2_dict_validation_20260828T194921Z.csv,656,311fcd2bab799ca4a1f4a3d1c22b99acde516610b915db860092eab22e0256ab,validation_or_checksum,,supporting_analysis,Machine-readable validation checks for the associated analysis or delivery.,normal_git,zip_member,B104C_MSigDB50_column_order_bundle_20260828T200948Z.zip,B104C_delivery_20260828T200948Z/analysis/B104C_graphsage_class_map_python2_dict_validation_20260828T194921Z.csv,1,0
batches/B102_delivery_20260827T163101Z/B102_DELETION_CLEARANCE_FINAL_20260827T163101Z.md,1183,31a17cda061eb9ca895782a4293d0df13c9d6d34644ebcca300ba4b10ad589d2,batch_administration,,historical_foundation,Batch-specific record authorizing deletion of raw conversation attachments after retention checks.,normal_git,direct_current,B102_DELETION_CLEARANCE_FINAL_20260827T163101Z.md,batches/B102_delivery_20260827T163101Z/B102_DELETION_CLEARANCE_FINAL_20260827T163101Z.md,2,1
bundle_only/B104G_full_row_and_label_resolution_bundle_20260829T151452Z/B104G/analysis/B104G_dhimmel_per_column_comparison.csv.gz,12559,31faded10b8aaec83ada72e4907d58275b5d5db3b2b198476d3cd56b9544f662,analysis_result_or_derived_data,B104G,current_core,B104G analysis result or compact derived dataset: B104G_dhimmel_per_column_comparison.csv.gz.,normal_git,zip_member,B104G_full_row_and_label_resolution_bundle_20260829T151452Z.zip,B104G/analysis/B104G_dhimmel_per_column_comparison.csv.gz,1,0
bundle_only/B102_gp2protein_analysis_bundle_20260827T163101Z/B102/derived/B102_2016-06-01_annotations_README_exact_20260827T162132Z.txt,1999,32134f9555d6710a9bb488fe652fef04cd84facf516f669939487d137f8bcc88,report_or_documentation,B102,historical_foundation,B102 report or documentation artifact: B102_2016-06-01_annotations_README_exact_20260827T162132Z.txt.,normal_git,zip_member,B102_gp2protein_analysis_bundle_20260827T163101Z.zip,B102/derived/B102_2016-06-01_annotations_README_exact_20260827T162132Z.txt,1,0
bundle_only/B104E_GOA_date_UniProt_feature_rule_bundle_20260829T122734Z/B104E/logs/independent_date_screen_160_168.stderr,1345,323b26b556d941439c2b5b5ad026d8a8b1324e3dc602c84812d9ac709699080f,other_artifact,B104E,supporting_analysis,B104E assistant-generated investigation artifact: independent_date_screen_160_168.stderr.,normal_git,zip_member,B104E_GOA_date_UniProt_feature_rule_bundle_20260829T122734Z.zip,B104E/logs/independent_date_screen_160_168.stderr,1,0
bundle_only/B104C_MSigDB50_column_order_bundle_20260828T200948Z/B104C_delivery_20260828T200948Z/derived/B104C_python2_full_dictionary_target_sequence_20260828T194921Z.csv,6703,324bf9aaba3029114be9aa7c8ed6b6aaa27acd263778909272d2e933e3f97059,analysis_result_or_derived_data,,supporting_analysis,analysis result or compact derived dataset: B104C_python2_full_dictionary_target_sequence_20260828T194921Z.csv.,normal_git,zip_member,B104C_MSigDB50_column_order_bundle_20260828T200948Z.zip,B104C_delivery_20260828T200948Z/derived/B104C_python2_full_dictionary_target_sequence_20260828T194921Z.csv,1,0
bundle_only/B104_release158_analysis_bundle_20260828T032801Z/B104/derived/B104_goa_human_gpi158_normalized_20260828T030759Z.tsv.gz,675478,332c85cbd7279b7b63409b57dd43ac0f1cd25e68a8de4a68edfcd2b0848ed5cb,retained_normalized_input,B104,historical_or_supporting,Row-preserving normalized derivative of GOA human GPI release 158.,normal_git,zip_member,B104_release158_analysis_bundle_20260828T032801Z.zip,B104/derived/B104_goa_human_gpi158_normalized_20260828T030759Z.tsv.gz,1,0
bundle_only/ppi_reproduction_analysis_bundle/results/repository_history_search.md,32,336604f0dd98a1a163d81b023b574e9304926132f3efa3961c76addc67f72616,documentation,,historical_or_supporting,assistant-generated investigation artifact: repository_history_search.md.,normal_git,zip_member,ppi_reproduction_analysis_bundle.zip,results/repository_history_search.md,1,0
bundle_only/B104A_exact_GO_reconstruction_bundle_20260828T152026Z/B104A/scripts/analyze_B104A_residuals.py,43793,33b5ff91596131933979a42b4cbb43f0efec0b2dda81b354300716a70078d4f1,script,B104A,supporting_analysis,"B104A analysis, download, validation, or packaging script: analyze_B104A_residuals.py.",normal_git,zip_member,B104A_exact_GO_reconstruction_bundle_20260828T152026Z.zip,B104A/scripts/analyze_B104A_residuals.py,1,0
bundle_only/B104I_PPI_provenance_and_literature_bundle_20260830T114918Z/retained_inputs/README_20260830T113352Z.md,376,33fc9098ec2cb24e6d81a04df737daaf308ddc8629f245292fc125e2c1a2810e,report_or_documentation,,current_core,"PPI topology provenance audit or report linking GraphSAGE, OhmNet, and BioSNAP edge sets.",normal_git,zip_member,B104I_PPI_provenance_and_literature_bundle_20260830T114918Z.zip,retained_inputs/README_20260830T113352Z.md,1,0
results/actual_input_file_manifest_through_B102_20260827T163101Z.csv,24447,341f1fb91761f9b05fd97eb2e887bf8efdca4c191cbb73ce3c298f3970bfc3a0,provenance_manifest,,historical_foundation,Manifest of actual materialized inputs used by the analysis at that point in time.,normal_git,direct_current,actual_input_file_manifest_through_B102_20260827T163101Z.csv,results/actual_input_file_manifest_through_B102_20260827T163101Z.csv,2,1
batches/B101/B101_REPORT_20260827T152736Z.md,6455,344aef7c948c3b711f3ff73fb2e893754c71b91e933c965641eb4c43b820a9ca,report_or_documentation,B101,historical_foundation,Narrative scientific and provenance report for the associated analysis batch.,normal_git,direct_current,B101_REPORT_20260827T152736Z.md,batches/B101/B101_REPORT_20260827T152736Z.md,2,1
bundle_only/B104_release158_analysis_bundle_20260828T032801Z/B104/scripts/build_B104_provenance.py,25731,34fda045a79a1abe3a24f93553d9c49891c4890931eacebe1d33357968ca2166,script,B104,historical_or_supporting,"B104 analysis, download, validation, or packaging script: build_B104_provenance.py.",normal_git,zip_member,B104_release158_analysis_bundle_20260828T032801Z.zip,B104/scripts/build_B104_provenance.py,1,0
bundle_only/ppi_reproduction_corrected_bundle/ppi_repro_corrected/scripts/run_local_label_source_screen.py,20170,352718569ca23dd0e131d137a6030e9d79bdff631ebb21773d8b3eed79792662,script,,historical_or_supporting,"analysis, download, validation, or packaging script: run_local_label_source_screen.py.",normal_git,zip_member,ppi_reproduction_corrected_bundle.zip,ppi_repro_corrected/scripts/run_local_label_source_screen.py,1,0
bundle_only/B104G_full_row_and_label_resolution_bundle_20260829T151452Z/B104G/B104G_FILE_CHECKSUMS_20260829T151452Z.csv,8318,36dc7e634d9f66d96aa9411e3a1ba2e391eff180f8cde06d6e29a06cedefad9c,validation_or_checksum,B104G,current_core,B104G assistant-generated investigation artifact: B104G_FILE_CHECKSUMS_20260829T151452Z.csv.,normal_git,zip_member,B104G_full_row_and_label_resolution_bundle_20260829T151452Z.zip,B104G/B104G_FILE_CHECKSUMS_20260829T151452Z.csv,1,0
bundle_only/B104D_column_order_date_range_uniprot_bundle_20260829T010311Z/B104D_delivery_20260829T010311Z/provenance/provenance_events_through_B104D_PREBUNDLE_20260829T010311Z.csv,27849,37546c24d7da304e2d367e918a123a4ab7d8fe4e9ee5bd235b9791cc807d566f,provenance_manifest,,supporting_analysis,"Append-only provenance-event history, including receipt, validation, and deletion states.",normal_git,zip_member,B104D_column_order_date_range_uniprot_bundle_20260829T010311Z.zip,B104D_delivery_20260829T010311Z/provenance/provenance_events_through_B104D_PREBUNDLE_20260829T010311Z.csv,1,0
results/actual_input_file_manifest.csv,8658,37d802b1283e0a8c68e626d64ac39ea0d77b3f6fad0323e4edb2b8734ec94a77,provenance_manifest,,historical_or_supporting,Manifest of actual materialized inputs used by the analysis at that point in time.,normal_git,direct_current,actual_input_file_manifest.csv,results/actual_input_file_manifest.csv,2,1
results/RUN_STATUS.md,6699,384d9c808a93ab5e7af531558447c40fe11a552b842f11d722706936c8577084,batch_administration,,historical_or_supporting,assistant-generated investigation artifact: RUN_STATUS.md.,normal_git,direct_current,RUN_STATUS.md,results/RUN_STATUS.md,3,2
bundle_only/B104D_column_order_date_range_uniprot_bundle_20260829T010311Z/B104D_delivery_20260829T010311Z/analysis/B104D_uniprot_uploaded_package_review.json,1270,38707e1c64bf7e91d6de52e517cd394f8daab774d7b16909c8ca34a573243c72,analysis_result_or_derived_data,,supporting_analysis,analysis result or compact derived dataset: B104D_uniprot_uploaded_package_review.json.,normal_git,zip_member,B104D_column_order_date_range_uniprot_bundle_20260829T010311Z.zip,B104D_delivery_20260829T010311Z/analysis/B104D_uniprot_uploaded_package_review.json,1,0
bundle_only/B104G_full_row_and_label_resolution_bundle_20260829T151452Z/B104G/scripts/analyze_B104G_full_row_mapping_and_dhimmel.py,50306,39e1b09856d8d8fd43265093b6a292b1daa4aeda03680b70a1458f991f38bc51,script,B104G,current_core,"B104G analysis, download, validation, or packaging script: analyze_B104G_full_row_mapping_and_dhimmel.py.",normal_git,zip_member,B104G_full_row_and_label_resolution_bundle_20260829T151452Z.zip,B104G/scripts/analyze_B104G_full_row_mapping_and_dhimmel.py,1,0
batches/B104A_20260828T145842Z/analysis/B104A_relation_qualifier_policy_summary_20260828T145842Z.csv,583,39f97f263c67113a29872ddfc177bf9661edd57d045868eca549cbe01c1ff7e3,analysis_result_or_derived_data,,supporting_analysis,analysis result or compact derived dataset: B104A_relation_qualifier_policy_summary_20260828T145842Z.csv.,normal_git,direct_current,B104A_relation_qualifier_policy_summary_20260828T145842Z.csv,batches/B104A_20260828T145842Z/analysis/B104A_relation_qualifier_policy_summary_20260828T145842Z.csv,2,1
batches/B104I_20260830T114918Z/B104I_DELETION_CLEARANCE_20260830T114918Z.md,824,3ad5f1cfe861655c127e481adfb8f5cbd126aed5b3f70c93e514c0e9e48b0328,batch_administration,,current_core,Batch-specific record authorizing deletion of raw conversation attachments after retention checks.,normal_git,direct_current,B104I_DELETION_CLEARANCE_20260830T114918Z.md,batches/B104I_20260830T114918Z/B104I_DELETION_CLEARANCE_20260830T114918Z.md,2,1
bundle_only/ppi_reproduction_corrected_bundle/ppi_repro_corrected/results/local_label_source_screen.stdout,3846,3ae6d4f049e5ae3aac84826e935d3f545053cee7842c41dce16f1121fcfaa9a9,other_artifact,,historical_or_supporting,assistant-generated investigation artifact: local_label_source_screen.stdout.,normal_git,zip_member,ppi_reproduction_corrected_bundle.zip,ppi_repro_corrected/results/local_label_source_screen.stdout,1,0
results/provenance_events_through_B104_FINAL_20260828T032801Z.csv,15167,3b22e6ed821e3deccc3b514ffe1721338983b677536a9d05e8714e642a432828,provenance_manifest,,historical_or_supporting,"Append-only provenance-event history, including receipt, validation, and deletion states.",normal_git,direct_current,provenance_events_through_B104_FINAL_20260828T032801Z.csv,results/provenance_events_through_B104_FINAL_20260828T032801Z.csv,1,0
bundle_only/B104_release158_analysis_bundle_20260828T032801Z/delivery/actual_input_file_manifest_through_B104_20260828T032243Z.md,9614,3b7b57ae6715e48591ae7e2a80ad39174ff9e2aefadbefd4fb6dce03525c8486,provenance_manifest,,historical_or_supporting,Manifest of actual materialized inputs used by the analysis at that point in time.,normal_git,zip_member,B104_release158_analysis_bundle_20260828T032801Z.zip,delivery/actual_input_file_manifest_through_B104_20260828T032243Z.md,1,0
bundle_only/B104C_MSigDB50_column_order_bundle_20260828T200948Z/B104C_delivery_20260828T200948Z/scripts/build_B104C_provenance.py,20987,3b95fc839c191412eb21708f1842f029efcf03964a04a53b25d347d5ab8147fc,script,,supporting_analysis,"analysis, download, validation, or packaging script: build_B104C_provenance.py.",normal_git,zip_member,B104C_MSigDB50_column_order_bundle_20260828T200948Z.zip,B104C_delivery_20260828T200948Z/scripts/build_B104C_provenance.py,1,0
results/user_local_inventory_full_enriched_20260827T163101Z.md,24667,3bcc55466ec2aeab2aa9ede9068b0f36799335787c6ebc310b2046cea57d537f,documentation,,historical_or_supporting,File inventory or enriched local-holdings inventory.,normal_git,direct_current,user_local_inventory_full_enriched_20260827T163101Z.md,results/user_local_inventory_full_enriched_20260827T163101Z.md,2,1
upload_protocol/BATCH_UPLOAD_PROTOCOL.md,6917,3bfd7669f504ca20d1e76495d6f928f3e58b7303abbbb871a488278d32bc04d0,report_or_documentation,,historical_or_supporting,"Batch-upload, retention, provenance, and deletion-gate protocol.",normal_git,direct_current,BATCH_UPLOAD_PROTOCOL.md,upload_protocol/BATCH_UPLOAD_PROTOCOL.md,2,1
bundle_only/ppi_reproduction_corrected_bundle/ppi_repro_corrected/results/msigdb_label_source_screen.csv,213568,3d11550adc4a24853719b44643bff95ac34370f36106ae18d76de286befebddd,analysis_result_or_derived_data,,historical_or_supporting,analysis result or compact derived dataset: msigdb_label_source_screen.csv.,normal_git,zip_member,ppi_reproduction_corrected_bundle.zip,ppi_repro_corrected/results/msigdb_label_source_screen.csv,1,0
bundle_only/B104G_full_row_and_label_resolution_bundle_20260829T151452Z/B104G/retained_inputs/prior_compact_inputs/core_verification_summary.json,6123,3d4e3624a4d00d6c8c85dcdaab01f951c55a0b6cdf338c97a492ce3930983ec0,retained_normalized_input,B104G,current_core,B104G compact normalized retained input used for later reproducibility: core_verification_summary.json.,normal_git,zip_member,B104G_full_row_and_label_resolution_bundle_20260829T151452Z.zip,B104G/retained_inputs/prior_compact_inputs/core_verification_summary.json,2,1
bundle_only/B102_gp2protein_analysis_bundle_20260827T163101Z/B102/superseded_attempt_logs/20260827T161728Z/STATUS_AND_REASON.txt,140,3d644e4e3059dfb561010d7c0c13adc61262e2537b4f5f3ac9a9fbb5c1a6139c,documentation,B102,historical_foundation,B102 assistant-generated investigation artifact: STATUS_AND_REASON.txt.,normal_git,zip_member,B102_gp2protein_analysis_bundle_20260827T163101Z.zip,B102/superseded_attempt_logs/20260827T161728Z/STATUS_AND_REASON.txt,1,0
results/B104_bundle_sha256_20260828T032801Z.txt,119,3db7ce9ee801184de6103afc332fb70c47ece070d0ef24384a4cf52250087297,validation_or_checksum,,historical_or_supporting,assistant-generated investigation artifact: B104_bundle_sha256_20260828T032801Z.txt.,normal_git,direct_current,B104_bundle_sha256_20260828T032801Z.txt,results/B104_bundle_sha256_20260828T032801Z.txt,1,0
batches/B104G_20260829T150633Z/derived/B104G_full_4301_gene_universe.csv.gz,207811,3ddaa4b39cd522859906f38efcb6097bdf73575f135a1dc9fc97d81015dadf44,analysis_result_or_derived_data,,current_core,"Deduplicated 4,301-gene universe derived from the complete row mapping.",normal_git,direct_current,B104G_full_4301_gene_universe.csv.gz,batches/B104G_20260829T150633Z/derived/B104G_full_4301_gene_universe.csv.gz,2,1
bundle_only/B104A_exact_GO_reconstruction_bundle_20260828T152026Z/B104A/retained_inputs/B104_goa_human_gaf158_normalized_20260828T030759Z.tsv.gz,5084257,3e02cbbaac49da8868358f7ac66a33660a569f00c1143222a85b7e670a9e6411,retained_normalized_input,B104A,supporting_analysis,Row-preserving normalized derivative of GOA human GAF release 158.,git_lfs_recommended,zip_member,B104A_exact_GO_reconstruction_bundle_20260828T152026Z.zip,B104A/retained_inputs/B104_goa_human_gaf158_normalized_20260828T030759Z.tsv.gz,2,1
bundle_only/B104_release158_analysis_bundle_20260828T032801Z/B104/analysis/B104_v159_residual_witness_group_counts_20260828T030759Z.csv,526,3ed34fb2402cccc266ab219da74029a1579e41f1beb72f94f0dff843c6e48d27,analysis_result_or_derived_data,B104,historical_or_supporting,B104 analysis result or compact derived dataset: B104_v159_residual_witness_group_counts_20260828T030759Z.csv.,normal_git,zip_member,B104_release158_analysis_bundle_20260828T032801Z.zip,B104/analysis/B104_v159_residual_witness_group_counts_20260828T030759Z.csv,1,0
batches/B104D_20260829T010311Z/analysis/B104D_column_order_model_family_summary.csv,934,3efaa4dbe52a108fb1f4e2df238c07a982db90a03bb96e43c9919dd6d4577b51,analysis_result_or_derived_data,,supporting_analysis,Comparison or summary of candidate legacy-Python GO column-order models.,normal_git,direct_current,B104D_column_order_model_family_summary.csv,batches/B104D_20260829T010311Z/analysis/B104D_column_order_model_family_summary.csv,3,2
bundle_only/B104A_exact_GO_reconstruction_bundle_20260828T152026Z/B104A/analysis/B104A_default_relation_global_evidence_mask_search_all_20260828T145842Z.csv.gz,111391,3efb00703ca0ba4c01eef32167ed4c91f38c745f593243868a142ff31457c1f8,analysis_result_or_derived_data,B104A,supporting_analysis,B104A analysis result or compact derived dataset: B104A_default_relation_global_evidence_mask_search_all_20260828T145842Z.csv.gz.,normal_git,zip_member,B104A_exact_GO_reconstruction_bundle_20260828T152026Z.zip,B104A/analysis/B104A_default_relation_global_evidence_mask_search_all_20260828T145842Z.csv.gz,1,0
bundle_only/B104B_MSigDB_term_selection_handoff_bundle_20260828T161826Z/B104B_20260828T161826Z/B104B_OUTPUT_CHECKSUMS_20260828T161826Z.csv,3147,40ed0a6d2291837a57e3334d1d11b6660ed2de7e137636a6d4289c486ad556c3,validation_or_checksum,,supporting_analysis,"Investigator handoff summarizing methods, findings, caveats, and next tests.",normal_git,zip_member,B104B_MSigDB_term_selection_handoff_bundle_20260828T161826Z.zip,B104B_20260828T161826Z/B104B_OUTPUT_CHECKSUMS_20260828T161826Z.csv,1,0
bundle_only/ppi_reproduction_corrected_bundle/ppi_repro_corrected/results/actual_input_file_manifest_v2.json,51482,419d7c47b99131bf39c53a08e859295cfa62f30ec1fa2042caea68550484e5a7,provenance_manifest,,historical_or_supporting,Manifest of actual materialized inputs used by the analysis at that point in time.,normal_git,zip_member,ppi_reproduction_corrected_bundle.zip,ppi_repro_corrected/results/actual_input_file_manifest_v2.json,1,0
bundle_only/B104F_full_label_class_validation_bundle_20260829T140333Z/B104F_20260829T140333Z/scripts/build_B104F_provenance.py,8681,41a950c99ba1379cbac3d5f520c38119ec6540a724ded71a9904189e16927b0d,script,,supporting_analysis,Machine-readable validation checks for the associated analysis or delivery.,normal_git,zip_member,B104F_full_label_class_validation_bundle_20260829T140333Z.zip,B104F_20260829T140333Z/scripts/build_B104F_provenance.py,1,0
bundle_only/B104E_GOA_date_UniProt_feature_rule_bundle_20260829T122734Z/B104E/retained_inputs/uniprot_2016_mapping_audit/2016_06/O95073_Q9Y620_2016_06.tsv,739,422aeb8a5a146a458c0f7fc9e0f93ea1a1a75822d7249b84bc52cd19f955c91f,retained_normalized_input,B104E,supporting_analysis,B104E compact normalized retained input used for later reproducibility: O95073_Q9Y620_2016_06.tsv.,normal_git,zip_member,B104E_GOA_date_UniProt_feature_rule_bundle_20260829T122734Z.zip,B104E/retained_inputs/uniprot_2016_mapping_audit/2016_06/O95073_Q9Y620_2016_06.tsv,1,0
results/actual_input_file_manifest_through_B104C_20260828T200948Z.md,62130,423a903a8e032358e784e97d67aa2d7a8bf012075d2ccb4247c65999839c028c,provenance_manifest,,supporting_analysis,Manifest of actual materialized inputs used by the analysis at that point in time.,normal_git,direct_current,actual_input_file_manifest_through_B104C_20260828T200948Z.md,results/actual_input_file_manifest_through_B104C_20260828T200948Z.md,2,1
bundle_only/B104E_GOA_date_UniProt_feature_rule_bundle_20260829T122734Z/B104E/logs/screen_msigdb_feature_versions_provenance_safe.stdout,2698,43a418b204c56ccf8d1175348cede46346823fdf6a7c65dca2aa2c7c0922c41f,other_artifact,B104E,supporting_analysis,B104E assistant-generated investigation artifact: screen_msigdb_feature_versions_provenance_safe.stdout.,normal_git,zip_member,B104E_GOA_date_UniProt_feature_rule_bundle_20260829T122734Z.zip,B104E/logs/screen_msigdb_feature_versions_provenance_safe.stdout,1,0
bundle_only/B104G_full_row_and_label_resolution_bundle_20260829T151452Z/B104G/scripts/independent_validate_B104G_row_order.py,5844,4443a10e6cff1bd573526d92b607950b8d0320a62223959b8043208386a4adf1,script,B104G,current_core,"B104G analysis, download, validation, or packaging script: independent_validate_B104G_row_order.py.",normal_git,zip_member,B104G_full_row_and_label_resolution_bundle_20260829T151452Z.zip,B104G/scripts/independent_validate_B104G_row_order.py,1,0
batches/B104E_20260829T121535Z/analysis/B104E_exact_MSigDB52_feature_generation_validation_20260829T121535Z.json,1665,44475c0c891dcd9c4c0539e468088069b58cea049d840f9f5065fb087d50dbc1,validation_or_checksum,,supporting_analysis,Machine-readable exact feature-matrix reconstruction validation.,normal_git,direct_current,B104E_exact_MSigDB52_feature_generation_validation_20260829T121535Z.json,batches/B104E_20260829T121535Z/analysis/B104E_exact_MSigDB52_feature_generation_validation_20260829T121535Z.json,3,2
batches/B104_20260828T030759Z/analysis/B104_alternative_hypothesis_checks_20260828T030759Z.json,2561,4668d914917f31d1aa00de97b7b3d4c484f5051bac8992b3d426a462e882ac27,analysis_result_or_derived_data,,historical_foundation,analysis result or compact derived dataset: B104_alternative_hypothesis_checks_20260828T030759Z.json.,normal_git,direct_current,B104_alternative_hypothesis_checks_20260828T030759Z.json,batches/B104_20260828T030759Z/analysis/B104_alternative_hypothesis_checks_20260828T030759Z.json,2,1
bundle_only/B104B_MSigDB_term_selection_handoff_bundle_20260828T161826Z/B104B_20260828T161826Z/scripts/analyze_msigdb_term_selection.py,18698,46a9b5e5353c2f7d7ea058f0d70e4f18eddad8c5201b8f460e33969536b50279,script,,supporting_analysis,"Investigator handoff summarizing methods, findings, caveats, and next tests.",normal_git,zip_member,B104B_MSigDB_term_selection_handoff_bundle_20260828T161826Z.zip,B104B_20260828T161826Z/scripts/analyze_msigdb_term_selection.py,1,0
bundle_only/B101_goa159_analysis_bundle_20260827T152736Z/B101/B101_value_counts_20260827T152736Z.csv,164229,46df7bab369639b19bf763471c0ebfae413fdb67936b1ed68aaee1b497ae6831,analysis_result_or_derived_data,B101,historical_foundation,B101 analysis result or compact derived dataset: B101_value_counts_20260827T152736Z.csv.,normal_git,zip_member,B101_goa159_analysis_bundle_20260827T152736Z.zip,B101/B101_value_counts_20260827T152736Z.csv,1,0
bundle_only/B104F_full_label_class_validation_bundle_20260829T140333Z/B104F_20260829T140333Z/scripts/independent_validate_full_label_classes_numpy.py,5539,472abbc30bb85c0494ce7e8abc133b59606ffeaef37d4d683160af6f0cbd6092,script,,supporting_analysis,Machine-readable validation checks for the associated analysis or delivery.,normal_git,zip_member,B104F_full_label_class_validation_bundle_20260829T140333Z.zip,B104F_20260829T140333Z/scripts/independent_validate_full_label_classes_numpy.py,1,0
results/source_ledger_through_B104A_FINAL_20260828T152026Z.csv,332236,4748669b8de6ee667f96f535d068dae2d083ca0290a009b04135bcddbe85a7f0,provenance_manifest,,supporting_analysis,Append-only source and artifact provenance ledger.,normal_git,direct_current,source_ledger_through_B104A_FINAL_20260828T152026Z.csv,results/source_ledger_through_B104A_FINAL_20260828T152026Z.csv,1,0
bundle_only/B104F_full_label_class_validation_bundle_20260829T140333Z/B104F_20260829T140333Z/scripts/__pycache__/build_B104F_provenance.cpython-313.pyc,12109,4759aa89313a9d3202c8d6b1daf48be8e83e2a3857c023d9b2ac681209c48c29,script,,supporting_analysis,Machine-readable validation checks for the associated analysis or delivery.,normal_git,zip_member,B104F_full_label_class_validation_bundle_20260829T140333Z.zip,B104F_20260829T140333Z/scripts/__pycache__/build_B104F_provenance.cpython-313.pyc,1,0
archive/initial_incomplete/results/actual_input_file_manifest.md,2986,48029f5e714b9efbbafa77c09d00a38b4f9dac831b332861c2a5bfc7b02a766f,provenance_manifest,,superseded_initial_delivery,Manifest of actual materialized inputs used by the analysis at that point in time.,normal_git,direct_initial,actual_input_file_manifest.md,results/actual_input_file_manifest.md,2,1
bundle_only/B104A_exact_GO_reconstruction_bundle_20260828T152026Z/B104A/B104A_EXACT_RECONSTRUCTION_SUMMARY_20260828T145842Z.json,1604,489888a1909d86f878ddd09958b4207619cc3253d3648b23a19dacc84f912a42,analysis_result_or_derived_data,B104A,supporting_analysis,B104A analysis result or compact derived dataset: B104A_EXACT_RECONSTRUCTION_SUMMARY_20260828T145842Z.json.,normal_git,zip_member,B104A_exact_GO_reconstruction_bundle_20260828T152026Z.zip,B104A/B104A_EXACT_RECONSTRUCTION_SUMMARY_20260828T145842Z.json,1,0
batches/B104D_20260829T010311Z/B104D_GOA_DATE_SCREEN_INSTRUCTIONS_20260829T010311Z.md,2847,4943a4fab7cd6461f469d6c378e8cb981fba3478f31ff550cb7ef52a19922c14,report_or_documentation,,supporting_analysis,report or documentation artifact: B104D_GOA_DATE_SCREEN_INSTRUCTIONS_20260829T010311Z.md.,normal_git,direct_current,B104D_GOA_DATE_SCREEN_INSTRUCTIONS_20260829T010311Z.md,batches/B104D_20260829T010311Z/B104D_GOA_DATE_SCREEN_INSTRUCTIONS_20260829T010311Z.md,2,1
batches/B104I_20260830T114918Z/B104I_PPI_PROVENANCE_MENCHE_AND_SPLIT_REPORT_20260830T114918Z.md,4813,49f0bfb2a40d4e0fa6947d5f4c5de1c30800c1708889fc64f097ce1beae24361,report_or_documentation,,current_core,"PPI topology provenance audit or report linking GraphSAGE, OhmNet, and BioSNAP edge sets.",normal_git,direct_current,B104I_PPI_PROVENANCE_MENCHE_AND_SPLIT_REPORT_20260830T114918Z.md,batches/B104I_20260830T114918Z/B104I_PPI_PROVENANCE_MENCHE_AND_SPLIT_REPORT_20260830T114918Z.md,2,1
bundle_only/B104G_full_row_and_label_resolution_bundle_20260829T151452Z/B104G/retained_inputs/prior_compact_inputs/B101_goa_human_gpi159_normalized_20260827T152736Z.tsv.gz,675697,4a69bf547b951d060c1b38a4fc208b116ff0917ce74b941675d244b3315c34b1,retained_normalized_input,B104G,current_core,Row-preserving normalized derivative of GOA human GPI release 159.,normal_git,zip_member,B104G_full_row_and_label_resolution_bundle_20260829T151452Z.zip,B104G/retained_inputs/prior_compact_inputs/B101_goa_human_gpi159_normalized_20260827T152736Z.tsv.gz,5,4
bundle_only/B104A_exact_GO_reconstruction_bundle_20260828T152026Z/provenance/source_ledger_through_B104A_20260828T152026Z.csv,330138,4a9aa0f15bf2a3727771b45ade22813dfd4eefab55af3f9630379026f54d776c,provenance_manifest,,supporting_analysis,Append-only source and artifact provenance ledger.,normal_git,zip_member,B104A_exact_GO_reconstruction_bundle_20260828T152026Z.zip,provenance/source_ledger_through_B104A_20260828T152026Z.csv,1,0
bundle_only/B104G_full_row_and_label_resolution_bundle_20260829T151452Z/B104G/retained_inputs/prior_compact_inputs/graphsage_row_to_entrez_topology_features.csv,1201265,4aaada1751c958db2653e19e05ca5a8e2bdd2da86c1a4441bad26e0468ae7207,retained_normalized_input,B104G,current_core,B104G compact normalized retained input used for later reproducibility: graphsage_row_to_entrez_topology_features.csv.,normal_git,zip_member,B104G_full_row_and_label_resolution_bundle_20260829T151452Z.zip,B104G/retained_inputs/prior_compact_inputs/graphsage_row_to_entrez_topology_features.csv,5,4
batches/B101/B101_EXECUTION_DIAGNOSTICS_20260827T152736Z.md,2256,4ad914500836f6fc5aa56aa992e3147bd9fefaf0b40a2321d907e1cd5cd27c91,documentation,B101,historical_foundation,"Execution diagnostics, including accepted runs, failures, retries, and limitations.",normal_git,direct_current,B101_EXECUTION_DIAGNOSTICS_20260827T152736Z.md,batches/B101/B101_EXECUTION_DIAGNOSTICS_20260827T152736Z.md,2,1
bundle_only/B101_goa159_analysis_bundle_20260827T152736Z/B101/B101_gpi_coverage_and_metadata_20260827T152736Z.json,4225,4b8420927dbbd43ca35e0b5f383636d52e797a56277dcc8c2c73344ad58caa8c,analysis_result_or_derived_data,B101,historical_foundation,B101 analysis result or compact derived dataset: B101_gpi_coverage_and_metadata_20260827T152736Z.json.,normal_git,zip_member,B101_goa159_analysis_bundle_20260827T152736Z.zip,B101/B101_gpi_coverage_and_metadata_20260827T152736Z.json,1,0
results/B104G_FINAL_DELIVERY_VALIDATION_20260829T151452Z.json,7347,4b913a7d5b0e958d789b263a49059e0a2009bf6bf601f6e28e0606d011fe311f,validation_or_checksum,,current_core,Machine-readable validation checks for the associated analysis or delivery.,normal_git,direct_current,B104G_FINAL_DELIVERY_VALIDATION_20260829T151452Z.json,results/B104G_FINAL_DELIVERY_VALIDATION_20260829T151452Z.json,1,0
bundle_only/B102_gp2protein_analysis_bundle_20260827T163101Z/B102/scripts/analyze_B102_gp2protein_final.py,64777,4c50f346cbfed513d7e0c14040a84537866706010873691c8076169f7fc3b78a,script,B102,historical_foundation,"B102 analysis, download, validation, or packaging script: analyze_B102_gp2protein_final.py.",normal_git,zip_member,B102_gp2protein_analysis_bundle_20260827T163101Z.zip,B102/scripts/analyze_B102_gp2protein_final.py,1,0
bundle_only/B104D_column_order_date_range_uniprot_bundle_20260829T010311Z/B104D_delivery_20260829T010311Z/analysis/B104D_deep_column_order_summary.json,1076,4ce90419c61ca84ce5d3a677fd96416d22c1b96c936709db60e5a729f945fce4,analysis_result_or_derived_data,,supporting_analysis,analysis result or compact derived dataset: B104D_deep_column_order_summary.json.,normal_git,zip_member,B104D_column_order_date_range_uniprot_bundle_20260829T010311Z.zip,B104D_delivery_20260829T010311Z/analysis/B104D_deep_column_order_summary.json,1,0
bundle_only/B104H_node_mapping_provenance_bundle_20260830T110259Z/B104H/B104H_BUNDLE_README_20260830T110259Z.md,1042,4d3b41944575b2d9de95be801f901699fd1350d31bce06aa44e827117d4714d8,report_or_documentation,B104H,current_core,B104H report or documentation artifact: B104H_BUNDLE_README_20260830T110259Z.md.,normal_git,zip_member,B104H_node_mapping_provenance_bundle_20260830T110259Z.zip,B104H/B104H_BUNDLE_README_20260830T110259Z.md,1,0
bundle_only/B104A_exact_GO_reconstruction_bundle_20260828T152026Z/B104A/B104A_DELIVERY_VALIDATION_20260828T152026Z.json,3111,4e54dbf8d3a92a637f222c53832b17ab0403ea3beb59939e428b35bab76a3231,validation_or_checksum,B104A,supporting_analysis,Machine-readable validation checks for the associated analysis or delivery.,normal_git,zip_member,B104A_exact_GO_reconstruction_bundle_20260828T152026Z.zip,B104A/B104A_DELIVERY_VALIDATION_20260828T152026Z.json,1,0
bundle_only/B104E_GOA_date_UniProt_feature_rule_bundle_20260829T122734Z/B104E/retained_inputs/uniprot_2016_mapping_audit/2016_05/RELEASE_2016_05.metalink,2801,4e5673fed2d2dd752d2e7d64d9136d688e008723a0b62df720860322b5196b27,retained_normalized_input,B104E,supporting_analysis,B104E compact normalized retained input used for later reproducibility: RELEASE_2016_05.metalink.,normal_git,zip_member,B104E_GOA_date_UniProt_feature_rule_bundle_20260829T122734Z.zip,B104E/retained_inputs/uniprot_2016_mapping_audit/2016_05/RELEASE_2016_05.metalink,1,0
bundle_only/B104C_MSigDB50_column_order_bundle_20260828T200948Z/B104C_delivery_20260828T200948Z/provenance/source_ledger_through_B104C_PREBUNDLE_20260828T200948Z.md,410805,4eb84cca8b37f249bb0d0243ae0fe636b589c337d0baeb6ae5ff25588133c702,provenance_manifest,,supporting_analysis,Append-only source and artifact provenance ledger.,normal_git,zip_member,B104C_MSigDB50_column_order_bundle_20260828T200948Z.zip,B104C_delivery_20260828T200948Z/provenance/source_ledger_through_B104C_PREBUNDLE_20260828T200948Z.md,1,0
batches/B101/B101_direct_label_match_summary_20260827T152736Z.csv,74302,4ec58e36cd1e3d08a88a533c06acbb1428a640aacc5bf575f434ce3f47b45c2b,analysis_result_or_derived_data,B101,historical_foundation,Summary of direct GO-label matching configurations.,normal_git,direct_current,B101_direct_label_match_summary_20260827T152736Z.csv,batches/B101/B101_direct_label_match_summary_20260827T152736Z.csv,2,1
bundle_only/B104G_full_row_and_label_resolution_bundle_20260829T151452Z/B104G/retained_inputs/prior_compact_inputs/B104_repaired_B103_GO_terms_20260828T030759Z.tsv.gz,510862,4f4e30e4705c669e47d7938948cb8ad81689da8ac0b96bf625a5c6f278024430,retained_normalized_input,B104G,current_core,B104G compact normalized retained input used for later reproducibility: B104_repaired_B103_GO_terms_20260828T030759Z.tsv.gz.,normal_git,zip_member,B104G_full_row_and_label_resolution_bundle_20260829T151452Z.zip,B104G/retained_inputs/prior_compact_inputs/B104_repaired_B103_GO_terms_20260828T030759Z.tsv.gz,4,3
bundle_only/ppi_reproduction_analysis_bundle/results/repository_search.json,2,4f53cda18c2baa0c0354bb5f9a3ecbe5ed12ab4d8e11ba873c2f11161202b945,analysis_result_or_derived_data,,historical_or_supporting,analysis result or compact derived dataset: repository_search.json.,normal_git,zip_member,ppi_reproduction_analysis_bundle.zip,results/repository_search.json,4,3
batches/B000/B000_provenance_events_20260827T150123Z.csv,4584,4f789ccc4f7631b6608c92b873ecbe184f2b4989aa53819c37846cd0ed4fae03,provenance_manifest,B000,historical_foundation,"Append-only provenance-event history, including receipt, validation, and deletion states.",normal_git,direct_current,B000_provenance_events_20260827T150123Z.csv,batches/B000/B000_provenance_events_20260827T150123Z.csv,1,0
bundle_only/B104F_full_label_class_validation_bundle_20260829T140333Z/B104F_20260829T140333Z/retained_inputs/collapsed_gene_labels_topology_features.csv,1061035,4fd88002b2600c0b7c5dcb076390f5b74a39edcb34184f1b0768d9926dcb1907,retained_normalized_input,,supporting_analysis,Machine-readable validation checks for the associated analysis or delivery.,normal_git,zip_member,B104F_full_label_class_validation_bundle_20260829T140333Z.zip,B104F_20260829T140333Z/retained_inputs/collapsed_gene_labels_topology_features.csv,4,3
bundle_only/B102_gp2protein_analysis_bundle_20260827T163101Z/B102/B102_VALIDATION_20260827T162132Z.json,1097,4fee0fa1d9952fd48998a147d5ca2341d541ad26f51de3b0c671955736b02c22,validation_or_checksum,B102,historical_foundation,Machine-readable validation checks for the associated analysis or delivery.,normal_git,zip_member,B102_gp2protein_analysis_bundle_20260827T163101Z.zip,B102/B102_VALIDATION_20260827T162132Z.json,1,0
bundle_only/B104E_GOA_date_UniProt_feature_rule_bundle_20260829T122734Z/B104E/scripts/parse_uniprot_target_records.py,3206,5115ef5f936bd7ba2b519f269cf4bc418102c7c95b615b1444243859b276115d,script,B104E,supporting_analysis,"B104E analysis, download, validation, or packaging script: parse_uniprot_target_records.py.",normal_git,zip_member,B104E_GOA_date_UniProt_feature_rule_bundle_20260829T122734Z.zip,B104E/scripts/parse_uniprot_target_records.py,1,0
bundle_only/B104D_column_order_date_range_uniprot_bundle_20260829T010311Z/B104D_delivery_20260829T010311Z/B104D_INPUT_RECEIPT_20260829T010311Z.md,1131,511b59587a2104670e5dde13b38a8a86a103bf54954c83285e670a22ef245f2a,batch_administration,,supporting_analysis,assistant-generated investigation artifact: B104D_INPUT_RECEIPT_20260829T010311Z.md.,normal_git,zip_member,B104D_column_order_date_range_uniprot_bundle_20260829T010311Z.zip,B104D_delivery_20260829T010311Z/B104D_INPUT_RECEIPT_20260829T010311Z.md,1,0
batches/B104A_20260828T145842Z/analysis/B104A_two_factor_mapping_qualifier_reconstruction_20260828T145842Z.csv,1166,51a46d237a99cc19e518224c9baaa5bfea19c2a098276858f6ebf831d9129fb8,analysis_result_or_derived_data,,supporting_analysis,analysis result or compact derived dataset: B104A_two_factor_mapping_qualifier_reconstruction_20260828T145842Z.csv.,normal_git,direct_current,B104A_two_factor_mapping_qualifier_reconstruction_20260828T145842Z.csv,batches/B104A_20260828T145842Z/analysis/B104A_two_factor_mapping_qualifier_reconstruction_20260828T145842Z.csv,2,1
bundle_only/B104A_exact_GO_reconstruction_bundle_20260828T152026Z/B104A/analysis/B104A_remaining_gene_label_differences_by_policy_20260828T145842Z.csv,4436,51bf13a1c4cbfdece718ecdd636dc16934c785cc46e145bcf287d89b4cd9e68f,analysis_result_or_derived_data,B104A,supporting_analysis,B104A analysis result or compact derived dataset: B104A_remaining_gene_label_differences_by_policy_20260828T145842Z.csv.,normal_git,zip_member,B104A_exact_GO_reconstruction_bundle_20260828T152026Z.zip,B104A/analysis/B104A_remaining_gene_label_differences_by_policy_20260828T145842Z.csv,1,0
batches/B104G_20260829T150633Z/B104G_INDEPENDENT_ROW_ORDER_VALIDATION_20260829T150633Z.json,1190,51daba907948fe64488f686c3c048be5dcfcf11aac2849c5a5bfcbdcc6b37dab,validation_or_checksum,,current_core,Independent validation of the recovered CPython 2/NetworkX row order.,normal_git,direct_current,B104G_INDEPENDENT_ROW_ORDER_VALIDATION_20260829T150633Z.json,batches/B104G_20260829T150633Z/B104G_INDEPENDENT_ROW_ORDER_VALIDATION_20260829T150633Z.json,4,3
bundle_only/B104D_column_order_date_range_uniprot_bundle_20260829T010311Z/B104D_delivery_20260829T010311Z/analysis/B104D_outer_pair_column_order_top250.csv,6653,51ff65abfa7840ed66f7d666a88d0fb20ee258eb2b996f87a3e3540cb4a92378,analysis_result_or_derived_data,,supporting_analysis,analysis result or compact derived dataset: B104D_outer_pair_column_order_top250.csv.,normal_git,zip_member,B104D_column_order_date_range_uniprot_bundle_20260829T010311Z.zip,B104D_delivery_20260829T010311Z/analysis/B104D_outer_pair_column_order_top250.csv,1,0
bundle_only/B104A_exact_GO_reconstruction_bundle_20260828T152026Z/B104A/analysis/B104A_default_relation_annotation_date_cutoff_search_20260828T145842Z.csv,338305,522d8d0550009f329f55ade55114bf28708166401f758f9a886a0a0897685b36,analysis_result_or_derived_data,B104A,supporting_analysis,B104A analysis result or compact derived dataset: B104A_default_relation_annotation_date_cutoff_search_20260828T145842Z.csv.,normal_git,zip_member,B104A_exact_GO_reconstruction_bundle_20260828T152026Z.zip,B104A/analysis/B104A_default_relation_annotation_date_cutoff_search_20260828T145842Z.csv,1,0
bundle_only/ppi_reproduction_corrected_bundle/ppi_repro_corrected/results/build_corrected_report.stdout,180,53691bcd56c7b89c6512aa369695c8ad7ec001194343ba6fc0a8dece24dd23ca,other_artifact,,historical_or_supporting,Narrative scientific and provenance report for the associated analysis batch.,normal_git,zip_member,ppi_reproduction_corrected_bundle.zip,ppi_repro_corrected/results/build_corrected_report.stdout,1,0
bundle_only/B104D_column_order_date_range_uniprot_bundle_20260829T010311Z/B104D_delivery_20260829T010311Z/analysis/B104D_best_model_per_column_comparison.csv,10247,53c2ed75d19e871db3c19cd3a595633fcfb15df5a254967482ce856ecd68e372,analysis_result_or_derived_data,,supporting_analysis,analysis result or compact derived dataset: B104D_best_model_per_column_comparison.csv.,normal_git,zip_member,B104D_column_order_date_range_uniprot_bundle_20260829T010311Z.zip,B104D_delivery_20260829T010311Z/analysis/B104D_best_model_per_column_comparison.csv,2,1
bundle_only/B104I_PPI_provenance_and_literature_bundle_20260830T114918Z/results/provenance_events_through_B104I_20260830T114918Z.csv,46052,544ed3665923972ff1079b5e3b8dc4f9572e645edf4c0bcb17fc0d5ba295e136,provenance_manifest,,current_core,"PPI topology provenance audit or report linking GraphSAGE, OhmNet, and BioSNAP edge sets.",normal_git,zip_member,B104I_PPI_provenance_and_literature_bundle_20260830T114918Z.zip,results/provenance_events_through_B104I_20260830T114918Z.csv,1,0
batches/B104D_20260829T010311Z/scripts/screen_goa_release_date_range.py,27974,54d1d61b7ddf97c782833524497c41d716430b3e790be4404a66a42743723919,script,,supporting_analysis,Low-storage script screening GOA releases 158–169 while recording provenance.,normal_git,direct_current,screen_goa_release_date_range.py,batches/B104D_20260829T010311Z/scripts/screen_goa_release_date_range.py,2,1
batches/B104B_20260828T161826Z/B104B_AGENT_HANDOFF_20260828T161826Z.md,7685,554a6737b43f2f71f2ffe3580f4b5a168e76486304c30432b4f0d2fb85638d13,report_or_documentation,,supporting_analysis,"Investigator handoff summarizing methods, findings, caveats, and next tests.",normal_git,direct_current,B104B_AGENT_HANDOFF_20260828T161826Z.md,batches/B104B_20260828T161826Z/B104B_AGENT_HANDOFF_20260828T161826Z.md,2,1
results/B104_FINAL_DELIVERY_VALIDATION_20260828T032801Z.json,6646,555d1dd2c2fa828045c9374f65778aa2f4eafe8aafcaecb0a25e007f501ba03a,validation_or_checksum,,historical_or_supporting,Machine-readable validation checks for the associated analysis or delivery.,normal_git,direct_current,B104_FINAL_DELIVERY_VALIDATION_20260828T032801Z.json,results/B104_FINAL_DELIVERY_VALIDATION_20260828T032801Z.json,1,0
bundle_only/B104B_MSigDB_term_selection_handoff_bundle_20260828T161826Z/B104B_20260828T161826Z/scripts/independent_validate_global_term_selection.py,7789,5671ef6c466b3aa9565ddcbff190d545f5ce25629a7123793013a221a5286cdb,script,,supporting_analysis,"Investigator handoff summarizing methods, findings, caveats, and next tests.",normal_git,zip_member,B104B_MSigDB_term_selection_handoff_bundle_20260828T161826Z.zip,B104B_20260828T161826Z/scripts/independent_validate_global_term_selection.py,1,0
bundle_only/B104E_GOA_date_UniProt_feature_rule_bundle_20260829T122734Z/B104E/scripts/summarize_goa_date_screen.py,5811,56a75971c434ffecf6074297f6f5a02195f0ef53b0ed3c8132394438d53e180c,script,B104E,supporting_analysis,"B104E analysis, download, validation, or packaging script: summarize_goa_date_screen.py.",normal_git,zip_member,B104E_GOA_date_UniProt_feature_rule_bundle_20260829T122734Z.zip,B104E/scripts/summarize_goa_date_screen.py,1,0
bundle_only/B104A_exact_GO_reconstruction_bundle_20260828T152026Z/provenance/actual_input_file_manifest_through_B104A_20260828T152026Z.md,131450,56cfec2fd625403b8de3aba560604d4146d60691f62f99ef13a3bd4cf4e72cd6,provenance_manifest,,supporting_analysis,Manifest of actual materialized inputs used by the analysis at that point in time.,normal_git,zip_member,B104A_exact_GO_reconstruction_bundle_20260828T152026Z.zip,provenance/actual_input_file_manifest_through_B104A_20260828T152026Z.md,1,0
bundle_only/ppi_reproduction_analysis_bundle/results/functionlab_search.md,32,5703ab9b8a2b1a573d6e78e521d9c5d35e28843d3e41886d13a911439b021d62,documentation,,historical_or_supporting,assistant-generated investigation artifact: functionlab_search.md.,normal_git,zip_member,ppi_reproduction_analysis_bundle.zip,results/functionlab_search.md,1,0
bundle_only/B104C_MSigDB50_column_order_bundle_20260828T200948Z/B104C_delivery_20260828T200948Z/analysis/B104C_analysis_summary_20260828T194921Z.json,6164,578fab2b4ab6c519a848ca3b341d5a83d1c35963f5feaf0130ea92ef640fc605,analysis_result_or_derived_data,,supporting_analysis,analysis result or compact derived dataset: B104C_analysis_summary_20260828T194921Z.json.,normal_git,zip_member,B104C_MSigDB50_column_order_bundle_20260828T200948Z.zip,B104C_delivery_20260828T200948Z/analysis/B104C_analysis_summary_20260828T194921Z.json,1,0
results/provenance_events_through_B104H_FINAL_20260830T110259Z.csv,44149,579d9330fe18db124dd2b9360943927628ae17273ebf852eaeaa71085d3800f4,provenance_manifest,,current_core,"Append-only provenance-event history, including receipt, validation, and deletion states.",normal_git,direct_current,provenance_events_through_B104H_FINAL_20260830T110259Z.csv,results/provenance_events_through_B104H_FINAL_20260830T110259Z.csv,1,0
bundle_only/B102_gp2protein_analysis_bundle_20260827T163101Z/B102/source_ledger_through_B102_20260827T163101Z.csv,217742,58f8fc6bdc967fea3f45092eaaba9718e53680afe6221efb7584a7ef46130322,provenance_manifest,B102,historical_foundation,Append-only source and artifact provenance ledger.,normal_git,zip_member,B102_gp2protein_analysis_bundle_20260827T163101Z.zip,B102/source_ledger_through_B102_20260827T163101Z.csv,1,0
bundle_only/B104E_GOA_date_UniProt_feature_rule_bundle_20260829T122734Z/B104E/analysis/B104E_GOA_release158_169_per_column_trajectory_20260829T121535Z.csv,21542,591abfe515edf68b6300910ec6cf4db6af83355368fcc3e78e5dfb1033c629dc,analysis_result_or_derived_data,B104E,supporting_analysis,GOA release-date screen results for releases 158 through 169.,normal_git,zip_member,B104E_GOA_date_UniProt_feature_rule_bundle_20260829T122734Z.zip,B104E/analysis/B104E_GOA_release158_169_per_column_trajectory_20260829T121535Z.csv,1,0
bundle_only/B104C_MSigDB50_column_order_bundle_20260828T200948Z/B104C_delivery_20260828T200948Z/supporting/B104B_RESULT_SUMMARY_20260828T161826Z.json,5428,594794ced30754c20afcf8d113ec3d70e4dd55409fd1c6e807a4eb3e2ceabb7d,analysis_result_or_derived_data,,supporting_analysis,analysis result or compact derived dataset: B104B_RESULT_SUMMARY_20260828T161826Z.json.,normal_git,zip_member,B104C_MSigDB50_column_order_bundle_20260828T200948Z.zip,B104C_delivery_20260828T200948Z/supporting/B104B_RESULT_SUMMARY_20260828T161826Z.json,2,1
bundle_only/B104E_GOA_date_UniProt_feature_rule_bundle_20260829T122734Z/B104E/B104E_OUTPUT_CHECKSUMS_PREBUNDLE_20260829T122734Z.csv,10604,5962abdb83ec809e6c9dff9ca239c8292e8544c3a82e81c8dd10afaa99249537,validation_or_checksum,B104E,supporting_analysis,B104E assistant-generated investigation artifact: B104E_OUTPUT_CHECKSUMS_PREBUNDLE_20260829T122734Z.csv.,normal_git,zip_member,B104E_GOA_date_UniProt_feature_rule_bundle_20260829T122734Z.zip,B104E/B104E_OUTPUT_CHECKSUMS_PREBUNDLE_20260829T122734Z.csv,1,0
bundle_only/B104_release158_analysis_bundle_20260828T032801Z/B104/logs/analyze_B104_fast.stdout,645,59acb8247d07e51dcf0d73572e659dbf975a15fa0d4bd5d8e422be8e3cf3e077,other_artifact,B104,historical_or_supporting,B104 assistant-generated investigation artifact: analyze_B104_fast.stdout.,normal_git,zip_member,B104_release158_analysis_bundle_20260828T032801Z.zip,B104/logs/analyze_B104_fast.stdout,1,0
bundle_only/ppi_reproduction_corrected_bundle/ppi_repro_corrected/results/actual_input_file_manifest.json,15537,59b7f1c6d189e3490b76eafaf4b6a13772bc87936fbc639a0de46d7181e4ddee,provenance_manifest,,historical_or_supporting,Manifest of actual materialized inputs used by the analysis at that point in time.,normal_git,zip_member,ppi_reproduction_corrected_bundle.zip,ppi_repro_corrected/results/actual_input_file_manifest.json,1,0
batches/B104H_20260830T110259Z/LEAKAGE_EXPERIMENT_BACKLOG_20260830T110259Z.md,2833,5a006649b0254ea7f5a8a57424490687be308964ae5809481d615ff3e302edc3,report_or_documentation,,current_core,"Saved design for the gene-identity lookup, randomized-label, and gene-disjoint leakage experiments.",normal_git,direct_current,LEAKAGE_EXPERIMENT_BACKLOG_20260830T110259Z.md,batches/B104H_20260830T110259Z/LEAKAGE_EXPERIMENT_BACKLOG_20260830T110259Z.md,2,1
bundle_only/ppi_reproduction_corrected_bundle/ppi_repro_corrected/results/dgl_split_verification.csv,701,5a0823ae7eb4f6a087b79ed3e2e7232e8d13d02c82d30178594d8e30d431d551,analysis_result_or_derived_data,,historical_or_supporting,analysis result or compact derived dataset: dgl_split_verification.csv.,normal_git,zip_member,ppi_reproduction_corrected_bundle.zip,ppi_repro_corrected/results/dgl_split_verification.csv,1,0
bundle_only/B104D_column_order_date_range_uniprot_bundle_20260829T010311Z/B104D_delivery_20260829T010311Z/analysis/B104D_graphmapped_column_order_model_grid.csv.gz,24932,5a09be83140c9fb11a83a04343e4484517c878d4a62e2605fc8bff5396d3ee36,analysis_result_or_derived_data,,supporting_analysis,Comparison or summary of candidate legacy-Python GO column-order models.,normal_git,zip_member,B104D_column_order_date_range_uniprot_bundle_20260829T010311Z.zip,B104D_delivery_20260829T010311Z/analysis/B104D_graphmapped_column_order_model_grid.csv.gz,1,0
bundle_only/B104G_full_row_and_label_resolution_bundle_20260829T151452Z/B104G/analysis/B104G_duplicate_GO_candidate_full_universe_test.csv,420,5a997c2c6027f132aab125a761e3aafbe307c98c15d185d8d0fcf986560fabea,analysis_result_or_derived_data,B104G,current_core,B104G analysis result or compact derived dataset: B104G_duplicate_GO_candidate_full_universe_test.csv.,normal_git,zip_member,B104G_full_row_and_label_resolution_bundle_20260829T151452Z.zip,B104G/analysis/B104G_duplicate_GO_candidate_full_universe_test.csv,1,0
bundle_only/B104A_exact_GO_reconstruction_bundle_20260828T152026Z/provenance/provenance_events_through_B104A_20260828T152026Z.md,45059,5aaa178d615f4245deab3b2874217f26a4221ec66d668502b0c21b062bce51b7,provenance_manifest,,supporting_analysis,"Append-only provenance-event history, including receipt, validation, and deletion states.",normal_git,zip_member,B104A_exact_GO_reconstruction_bundle_20260828T152026Z.zip,provenance/provenance_events_through_B104A_20260828T152026Z.md,1,0
bundle_only/B104B_MSigDB_term_selection_handoff_bundle_20260828T161826Z/B104B_20260828T161826Z/analysis/B104B_target_GO_ID_presence_and_membership_by_msigdb_version_20260828T160144Z.csv,33861,5b0414052f0e1d007b6d0edde5292d253ff7fc1ffa5166e2212bbb05fad04bd4,analysis_result_or_derived_data,,supporting_analysis,"Investigator handoff summarizing methods, findings, caveats, and next tests.",normal_git,zip_member,B104B_MSigDB_term_selection_handoff_bundle_20260828T161826Z.zip,B104B_20260828T161826Z/analysis/B104B_target_GO_ID_presence_and_membership_by_msigdb_version_20260828T160144Z.csv,1,0
bundle_only/B104E_GOA_date_UniProt_feature_rule_bundle_20260829T122734Z/B104E/analysis/B104E_UniProt_2016_O95073_Q9Y620_mapping_audit_summary.csv,2115,5b31443af8884dc0c58c12ede5794bc2ff7d6c010b7456f3f84c6b642fe5b5f8,analysis_result_or_derived_data,B104E,supporting_analysis,B104E analysis result or compact derived dataset: B104E_UniProt_2016_O95073_Q9Y620_mapping_audit_summary.csv.,normal_git,zip_member,B104E_GOA_date_UniProt_feature_rule_bundle_20260829T122734Z.zip,B104E/analysis/B104E_UniProt_2016_O95073_Q9Y620_mapping_audit_summary.csv,1,0
results/B104E_provenance_workbook_FINAL_20260829T122734Z.xlsx,50394,5b514e63d58ab9ae939043f6810d7bb5a1845feb40412ff7b9c314e57a780b9a,provenance_workbook,,supporting_analysis,assistant-generated investigation artifact: B104E_provenance_workbook_FINAL_20260829T122734Z.xlsx.,normal_git,direct_current,B104E_provenance_workbook_FINAL_20260829T122734Z.xlsx,results/B104E_provenance_workbook_FINAL_20260829T122734Z.xlsx,2,1
bundle_only/B104C_MSigDB50_column_order_bundle_20260828T200948Z/B104C_delivery_20260828T200948Z/logs/explore_order_variants.stdout,938,5be67fcc80ef757b4ad79307f4f5c46fd7fa95550a1b70e0a6ed093107b94c33,other_artifact,,supporting_analysis,assistant-generated investigation artifact: explore_order_variants.stdout.,normal_git,zip_member,B104C_MSigDB50_column_order_bundle_20260828T200948Z.zip,B104C_delivery_20260828T200948Z/logs/explore_order_variants.stdout,1,0
bundle_only/B102_gp2protein_analysis_bundle_20260827T163101Z/B102/superseded_attempt_logs/20260827T161807Z/SUPERSEDED_REASON.txt,218,5c4d7b90f82e978ff0b278a442195725fd623428a53f2067bc25acefc78ce0aa,documentation,B102,historical_foundation,B102 assistant-generated investigation artifact: SUPERSEDED_REASON.txt.,normal_git,zip_member,B102_gp2protein_analysis_bundle_20260827T163101Z.zip,B102/superseded_attempt_logs/20260827T161807Z/SUPERSEDED_REASON.txt,1,0
bundle_only/B104_release158_analysis_bundle_20260828T032801Z/B104/analysis/B104_v159_new_witness_evidence_counts_20260828T030759Z.csv,53,5c5483f3237dd72ae74ebfeefaeebb00afeed6aae1342406ba295bac8b46854d,analysis_result_or_derived_data,B104,historical_or_supporting,B104 analysis result or compact derived dataset: B104_v159_new_witness_evidence_counts_20260828T030759Z.csv.,normal_git,zip_member,B104_release158_analysis_bundle_20260828T032801Z.zip,B104/analysis/B104_v159_new_witness_evidence_counts_20260828T030759Z.csv,1,0
batches/B104D_20260829T010311Z/B104D_COLUMN_ORDER_DATE_RANGE_AND_UNIPROT_REPORT_20260829T010311Z.md,11677,5cb3378f66ea5ef17570d48c52cdf8046a643ce56dae87745710bf824b8f3bc2,report_or_documentation,,supporting_analysis,Narrative scientific and provenance report for the associated analysis batch.,normal_git,direct_current,B104D_COLUMN_ORDER_DATE_RANGE_AND_UNIPROT_REPORT_20260829T010311Z.md,batches/B104D_20260829T010311Z/B104D_COLUMN_ORDER_DATE_RANGE_AND_UNIPROT_REPORT_20260829T010311Z.md,2,1
batches/B104B_20260828T161826Z/analysis/B104B_term_selection_policy_robustness.csv,2177,5cc3880c6d824bf07968623db925d1e5245ebe0346b8eecb95c15db89ec31ba8,analysis_result_or_derived_data,,supporting_analysis,"Policy grid testing evidence, qualifier, and ontology-propagation rules for term selection.",normal_git,direct_current,B104B_term_selection_policy_robustness.csv,batches/B104B_20260828T161826Z/analysis/B104B_term_selection_policy_robustness.csv,2,1
bundle_only/B104_release158_analysis_bundle_20260828T032801Z/delivery/source_ledger_through_B104_20260828T032243Z.md,22398,5ce1e31baf3ddeff45940bfb042cc6721ccec834f3ffc982acf191de9a6b63f4,provenance_manifest,,historical_or_supporting,Append-only source and artifact provenance ledger.,normal_git,zip_member,B104_release158_analysis_bundle_20260828T032801Z.zip,delivery/source_ledger_through_B104_20260828T032243Z.md,1,0
bundle_only/B104C_MSigDB50_column_order_bundle_20260828T200948Z/B104C_delivery_20260828T200948Z/provenance/source_ledger_through_B104C_PREBUNDLE_20260828T200948Z.csv,377994,5d67e77ff8f300841269f53479dcfd60c64701de913697d9705867641fccdc80,provenance_manifest,,supporting_analysis,Append-only source and artifact provenance ledger.,normal_git,zip_member,B104C_MSigDB50_column_order_bundle_20260828T200948Z.zip,B104C_delivery_20260828T200948Z/provenance/source_ledger_through_B104C_PREBUNDLE_20260828T200948Z.csv,1,0
bundle_only/B104A_exact_GO_reconstruction_bundle_20260828T152026Z/B104A/analysis/B104A_original_901_false_positive_decomposition_20260828T145842Z.csv.gz,4225,5dc0431d02163a8cf2cdfb5a1e753262298ddf0c39f55103a3d305a1a41e585e,analysis_result_or_derived_data,B104A,supporting_analysis,B104A analysis result or compact derived dataset: B104A_original_901_false_positive_decomposition_20260828T145842Z.csv.gz.,normal_git,zip_member,B104A_exact_GO_reconstruction_bundle_20260828T152026Z.zip,B104A/analysis/B104A_original_901_false_positive_decomposition_20260828T145842Z.csv.gz,1,0
bundle_only/B104F_full_label_class_validation_bundle_20260829T140333Z/B104F_20260829T140333Z/provenance/source_ledger_through_B104F_PREBUNDLE_20260829T140333Z.csv,504061,5e7dc7d65dd2731d06d7c58b56bd930b40e82392370e4df51a1cb0acedb3fe93,provenance_manifest,,supporting_analysis,Append-only source and artifact provenance ledger.,normal_git,zip_member,B104F_full_label_class_validation_bundle_20260829T140333Z.zip,B104F_20260829T140333Z/provenance/source_ledger_through_B104F_PREBUNDLE_20260829T140333Z.csv,1,0
batches/B104A_20260828T145842Z/B104A_EXACT_RECONSTRUCTION_VALIDATION_20260828T145842Z.json,3272,5e969f4c47dd7ee6cc8c33b468690a555bab94f556f6e4dc1afe053a71b7ed27,validation_or_checksum,,supporting_analysis,Machine-readable validation checks for the associated analysis or delivery.,normal_git,direct_current,B104A_EXACT_RECONSTRUCTION_VALIDATION_20260828T145842Z.json,batches/B104A_20260828T145842Z/B104A_EXACT_RECONSTRUCTION_VALIDATION_20260828T145842Z.json,2,1
bundle_only/B104C_MSigDB50_column_order_bundle_20260828T200948Z/B104C_delivery_20260828T200948Z/logs/build_B104C_provenance.stdout,680,5f8fc9e93ad59ac79faf4df4a4de54a1231d7ba7d48bef35c5474ccfdfa9396f,other_artifact,,supporting_analysis,assistant-generated investigation artifact: build_B104C_provenance.stdout.,normal_git,zip_member,B104C_MSigDB50_column_order_bundle_20260828T200948Z.zip,B104C_delivery_20260828T200948Z/logs/build_B104C_provenance.stdout,1,0
bundle_only/B104A_exact_GO_reconstruction_bundle_20260828T152026Z/B104A/scripts/render_B104A_manifests.py,1604,605103c07fce014d33e6e96882b3448d305377c1ce68f8f83577a233baff0935,script,B104A,supporting_analysis,"B104A analysis, download, validation, or packaging script: render_B104A_manifests.py.",normal_git,zip_member,B104A_exact_GO_reconstruction_bundle_20260828T152026Z.zip,B104A/scripts/render_B104A_manifests.py,1,0
batches/B102_delivery_20260827T163101Z/B102_DELIVERY_VALIDATION_20260827T163101Z.json,1407,6074b419c8ee9ccd43a9c1a54939d01333a43eb2e99b4c88e01a2aa107f63eba,validation_or_checksum,,historical_foundation,Machine-readable validation checks for the associated analysis or delivery.,normal_git,direct_current,B102_DELIVERY_VALIDATION_20260827T163101Z.json,batches/B102_delivery_20260827T163101Z/B102_DELIVERY_VALIDATION_20260827T163101Z.json,2,1
bundle_only/B104C_MSigDB50_column_order_bundle_20260828T200948Z/B104C_delivery_20260828T200948Z/logs/prebundle_validation.stdout,1428,60ba893fe7ed1339cb1202a0b06ed72c9d3d5486853fe38ffe63623364cba858,validation_or_checksum,,supporting_analysis,Machine-readable validation checks for the associated analysis or delivery.,normal_git,zip_member,B104C_MSigDB50_column_order_bundle_20260828T200948Z.zip,B104C_delivery_20260828T200948Z/logs/prebundle_validation.stdout,2,1
bundle_only/B104E_GOA_date_UniProt_feature_rule_bundle_20260829T122734Z/B104E/scripts/screen_msigdb_feature_versions_provenance_safe.py,4300,61608d52f29249672af9e015d0936d7e3f5921b765e32e0d041a578c2b2d1034,script,B104E,supporting_analysis,"B104E analysis, download, validation, or packaging script: screen_msigdb_feature_versions_provenance_safe.py.",normal_git,zip_member,B104E_GOA_date_UniProt_feature_rule_bundle_20260829T122734Z.zip,B104E/scripts/screen_msigdb_feature_versions_provenance_safe.py,1,0
batches/B104D_20260829T010311Z/B104D_UNIPROT_REPACK_INSTRUCTIONS_20260829T010311Z.md,1101,61a290af13bd444e2949ad4be477f66e1a54cb9c9ccbdf7b8bd4074969d1021f,report_or_documentation,,supporting_analysis,report or documentation artifact: B104D_UNIPROT_REPACK_INSTRUCTIONS_20260829T010311Z.md.,normal_git,direct_current,B104D_UNIPROT_REPACK_INSTRUCTIONS_20260829T010311Z.md,batches/B104D_20260829T010311Z/B104D_UNIPROT_REPACK_INSTRUCTIONS_20260829T010311Z.md,2,1
results/actual_input_file_manifest_through_B104G_20260829T151452Z.csv,83173,61baded663fe621964d5f7286c7f9b2c850e370f4812fb419e4955700f7f27ef,provenance_manifest,,current_core,Manifest of actual materialized inputs used by the analysis at that point in time.,normal_git,direct_current,actual_input_file_manifest_through_B104G_20260829T151452Z.csv,results/actual_input_file_manifest_through_B104G_20260829T151452Z.csv,4,3
batches/B104B_20260828T161826Z/analysis/B104B_msigdb_direct_membership_summary_20260828T160144Z.csv,538,61cc9f3a8af727a7475ec0b97b0dbbb1439380813ee4426b72d0f04ee4cbfaf2,analysis_result_or_derived_data,,supporting_analysis,Direct MSigDB-to-GraphSAGE label membership comparison summary.,normal_git,direct_current,B104B_msigdb_direct_membership_summary_20260828T160144Z.csv,batches/B104B_20260828T161826Z/analysis/B104B_msigdb_direct_membership_summary_20260828T160144Z.csv,2,1
bundle_only/B104E_GOA_date_UniProt_feature_rule_bundle_20260829T122734Z/B104E/retained_inputs/goa_date_screen_results/goa_release_169_screen.json,36918,61d84f84d2d3f9dfd69d108d34ac6dddfddee0335ec08fea2551df9015bddb74,retained_normalized_input,B104E,supporting_analysis,B104E compact normalized retained input used for later reproducibility: goa_release_169_screen.json.,normal_git,zip_member,B104E_GOA_date_UniProt_feature_rule_bundle_20260829T122734Z.zip,B104E/retained_inputs/goa_date_screen_results/goa_release_169_screen.json,1,0
bundle_only/B104D_column_order_date_range_uniprot_bundle_20260829T010311Z/B104D_delivery_20260829T010311Z/analysis/goa_release_159_screen.json,34519,61dbcf41452e3401d6ba046eb6e2e4870e8a3829489848fb76b41e0fc2968203,analysis_result_or_derived_data,,supporting_analysis,analysis result or compact derived dataset: goa_release_159_screen.json.,normal_git,zip_member,B104D_column_order_date_range_uniprot_bundle_20260829T010311Z.zip,B104D_delivery_20260829T010311Z/analysis/goa_release_159_screen.json,1,0
bundle_only/ppi_reproduction_corrected_bundle/ppi_repro_corrected/README.md,883,61ea811ce907954fba31a57e2b7dc31e70add80175f7156f07c3145e8a52af1d,report_or_documentation,,historical_or_supporting,report or documentation artifact: README.md.,normal_git,zip_member,ppi_reproduction_corrected_bundle.zip,ppi_repro_corrected/README.md,1,0
bundle_only/ppi_reproduction_analysis_bundle/results/gene2go_git_history.md,31,6265dbdacba68311fa66433f14acee642d9522bfd195ba8676541a5c3c1cdd79,documentation,,historical_or_supporting,assistant-generated investigation artifact: gene2go_git_history.md.,normal_git,zip_member,ppi_reproduction_analysis_bundle.zip,results/gene2go_git_history.md,1,0
bundle_only/B104A_exact_GO_reconstruction_bundle_20260828T152026Z/B104A/analysis/B104A_special_gene_topology_feature_label_properties_20260828T145842Z.csv,4067,62b92acf98b8082d01b9e5c4ee3a5d44566d7a46290af41f46d75fc8eb32bc2f,analysis_result_or_derived_data,B104A,supporting_analysis,B104A analysis result or compact derived dataset: B104A_special_gene_topology_feature_label_properties_20260828T145842Z.csv.,normal_git,zip_member,B104A_exact_GO_reconstruction_bundle_20260828T152026Z.zip,B104A/analysis/B104A_special_gene_topology_feature_label_properties_20260828T145842Z.csv,1,0
batches/B104H_20260830T110259Z/GRAPHSAGE_NODE_MAPPING_README_20260830T110259Z.md,3056,62c09c7835a2cd598813f65d1efe49f16f37945aeed08c9dfdf238d0194ebf53,report_or_documentation,,current_core,report or documentation artifact: GRAPHSAGE_NODE_MAPPING_README_20260830T110259Z.md.,normal_git,direct_current,GRAPHSAGE_NODE_MAPPING_README_20260830T110259Z.md,batches/B104H_20260830T110259Z/GRAPHSAGE_NODE_MAPPING_README_20260830T110259Z.md,2,1
bundle_only/B104E_GOA_date_UniProt_feature_rule_bundle_20260829T122734Z/B104E/analysis/B104E_MSigDB_feature_version_screen_PROVENANCE_SAFE_details_20260829T121535Z.json,53484,634cd1de253aa087a1b69c8ff71f95461e7fef8c6fadab5939cea6e3e3dfc7fb,analysis_result_or_derived_data,B104E,supporting_analysis,Cross-version screen showing which MSigDB releases reproduce the 50 feature vectors.,normal_git,zip_member,B104E_GOA_date_UniProt_feature_rule_bundle_20260829T122734Z.zip,B104E/analysis/B104E_MSigDB_feature_version_screen_PROVENANCE_SAFE_details_20260829T121535Z.json,1,0
bundle_only/B104C_MSigDB50_column_order_bundle_20260828T200948Z/B104C_delivery_20260828T200948Z/supporting/B104A_exact_GO_terms_for_each_label_column_20260828T145842Z.csv,14473,635d0c2cd9e018834b1a543362969184c520e622010b8c7bdf655bad784cd822,analysis_result_or_derived_data,,supporting_analysis,analysis result or compact derived dataset: B104A_exact_GO_terms_for_each_label_column_20260828T145842Z.csv.,normal_git,zip_member,B104C_MSigDB50_column_order_bundle_20260828T200948Z.zip,B104C_delivery_20260828T200948Z/supporting/B104A_exact_GO_terms_for_each_label_column_20260828T145842Z.csv,3,2
results/actual_input_file_manifest.xlsx,8973,642b6c6ac9ef1fdb3a54ebd83184718ef81f0d5fea8417731f7def4765c1b1b1,provenance_manifest,,historical_or_supporting,Manifest of actual materialized inputs used by the analysis at that point in time.,normal_git,direct_current,actual_input_file_manifest.xlsx,results/actual_input_file_manifest.xlsx,2,1
bundle_only/B104_release158_analysis_bundle_20260828T032801Z/B104/derived/B104_repaired_B103_current_UniProt_idmapping_2026-08-27_20260828T030759Z.tsv.gz,1225,64333a530ad3387348a93933fba14e68e61561eaa1b0f19ca0f36b80671c04f9,analysis_result_or_derived_data,B104,historical_or_supporting,B104 analysis result or compact derived dataset: B104_repaired_B103_current_UniProt_idmapping_2026-08-27_20260828T030759Z.tsv.gz.,normal_git,zip_member,B104_release158_analysis_bundle_20260828T032801Z.zip,B104/derived/B104_repaired_B103_current_UniProt_idmapping_2026-08-27_20260828T030759Z.tsv.gz,1,0
bundle_only/ppi_reproduction_analysis_bundle/results/deliverable_checksums.json,355,64733769cab1a3ff904458e76b88950bbb757344f53d33446dd811425ddea0b6,validation_or_checksum,,historical_or_supporting,assistant-generated investigation artifact: deliverable_checksums.json.,normal_git,zip_member,ppi_reproduction_analysis_bundle.zip,results/deliverable_checksums.json,1,0
bundle_only/B104C_MSigDB50_column_order_bundle_20260828T200948Z/B104C_delivery_20260828T200948Z/scripts/normalize_msigdb50.py,2998,6485dd240433a54cc2503a2eb7db6b04e3a19202c16147f69d2d27d4580e873b,script,,supporting_analysis,"analysis, download, validation, or packaging script: normalize_msigdb50.py.",normal_git,zip_member,B104C_MSigDB50_column_order_bundle_20260828T200948Z.zip,B104C_delivery_20260828T200948Z/scripts/normalize_msigdb50.py,1,0
bundle_only/B104B_MSigDB_term_selection_handoff_bundle_20260828T161826Z/B104B_20260828T161826Z/analysis/B104B_msigdb_direct_best_per_label_20260828T160144Z.csv,52245,65db179ad5ec3a08451f71436a3d3b2b03b3c8c3d15989155216668d15255d5c,analysis_result_or_derived_data,,supporting_analysis,"Investigator handoff summarizing methods, findings, caveats, and next tests.",normal_git,zip_member,B104B_MSigDB_term_selection_handoff_bundle_20260828T161826Z.zip,B104B_20260828T161826Z/analysis/B104B_msigdb_direct_best_per_label_20260828T160144Z.csv,1,0
bundle_only/ppi_reproduction_corrected_bundle/ppi_repro_corrected/scripts/run_core_verification.py,34961,660e584c4f16886c4f2fb33744415c0ef4d308c965dc35de89df3e88bb15728a,script,,historical_or_supporting,"analysis, download, validation, or packaging script: run_core_verification.py.",normal_git,zip_member,ppi_reproduction_corrected_bundle.zip,ppi_repro_corrected/scripts/run_core_verification.py,1,0
archive/initial_incomplete/results/MASTER_REPRODUCTION_REPORT.md,1895,6614c1dec2668dab6abe382105c932cb4671ff1cabb8e7ab8b42061e1d9c4626,report_or_documentation,,superseded_initial_delivery,Narrative scientific and provenance report for the associated analysis batch.,normal_git,direct_initial,MASTER_REPRODUCTION_REPORT.md,results/MASTER_REPRODUCTION_REPORT.md,2,1
bundle_only/B104G_full_row_and_label_resolution_bundle_20260829T151452Z/B104G/retained_inputs/prior_compact_inputs/wl_residual_after_features.json,36578,664ab9a55cb4087316a632be8eaa92bd5da72dff4a80fe4a94976f1a28dced93,retained_normalized_input,B104G,current_core,B104G compact normalized retained input used for later reproducibility: wl_residual_after_features.json.,normal_git,zip_member,B104G_full_row_and_label_resolution_bundle_20260829T151452Z.zip,B104G/retained_inputs/prior_compact_inputs/wl_residual_after_features.json,3,2
bundle_only/B104A_exact_GO_reconstruction_bundle_20260828T152026Z/B104A/scripts/validate_B104A_exact_reconstruction_set_based.py,5316,667f4f493431fd2206e37b8f075f726fd16ae7fe0d9d2a4457ea3c1a19aa54d4,script,B104A,supporting_analysis,"B104A analysis, download, validation, or packaging script: validate_B104A_exact_reconstruction_set_based.py.",normal_git,zip_member,B104A_exact_GO_reconstruction_bundle_20260828T152026Z.zip,B104A/scripts/validate_B104A_exact_reconstruction_set_based.py,1,0
bundle_only/B101_goa159_analysis_bundle_20260827T152736Z/B101/B101_label_column_candidate_terms_20260827T152736Z.csv,16097,668d8dcddc72c98a9320798c3193d496ef4ea021532f71065f9428e9c10cfb50,analysis_result_or_derived_data,B101,historical_foundation,B101 analysis result or compact derived dataset: B101_label_column_candidate_terms_20260827T152736Z.csv.,normal_git,zip_member,B101_goa159_analysis_bundle_20260827T152736Z.zip,B101/B101_label_column_candidate_terms_20260827T152736Z.csv,1,0
batches/B000/B000A_complete_user_local_inventory_20260827T153319Z.csv,32867,669d9c261d0715de321344a589b4b2ae6bc8d5d0797f26283e4c39aeba5df397,analysis_result_or_derived_data,B000,historical_foundation,File inventory or enriched local-holdings inventory.,normal_git,direct_current,B000A_complete_user_local_inventory_20260827T153319Z.csv,batches/B000/B000A_complete_user_local_inventory_20260827T153319Z.csv,2,1
bundle_only/B104G_full_row_and_label_resolution_bundle_20260829T151452Z/B104G/retained_inputs/prior_compact_inputs/B104C_msigdb_v5.0_normalized_entrez_gene_sets.tsv.gz,2982724,6775fb96be44080c768bd5789a0dbb0c802a1a0faa45927aa2a07d70af9f7c1f,retained_normalized_input,B104G,supporting_analysis,B104G compact normalized retained input used for later reproducibility: B104C_msigdb_v5.0_normalized_entrez_gene_sets.tsv.gz.,git_lfs_recommended,zip_member,B104G_full_row_and_label_resolution_bundle_20260829T151452Z.zip,B104G/retained_inputs/prior_compact_inputs/B104C_msigdb_v5.0_normalized_entrez_gene_sets.tsv.gz,3,2
bundle_only/B101_goa159_analysis_bundle_20260827T152736Z/B101/B101_output_checksums_20260827T152736Z.csv,6894,6782b30dc1227a716e2e882445cb2858253946a12be72dfda09f256a509d57fe,validation_or_checksum,B101,historical_foundation,B101 assistant-generated investigation artifact: B101_output_checksums_20260827T152736Z.csv.,normal_git,zip_member,B101_goa159_analysis_bundle_20260827T152736Z.zip,B101/B101_output_checksums_20260827T152736Z.csv,1,0
batches/B104A_20260828T145842Z/B104A_EXECUTION_DIAGNOSTICS_20260828T145842Z.md,3424,67ff5d68f4c82490dd4ee86a2b277ecf38a08f4baa0f5915bb2b93c4970751ca,documentation,,supporting_analysis,"Execution diagnostics, including accepted runs, failures, retries, and limitations.",normal_git,direct_current,B104A_EXECUTION_DIAGNOSTICS_20260828T145842Z.md,batches/B104A_20260828T145842Z/B104A_EXECUTION_DIAGNOSTICS_20260828T145842Z.md,2,1
batches/B104D_20260829T010311Z/B104D_EXECUTION_DIAGNOSTICS_20260829T010311Z.md,2080,6830028ab92adbde1b17c4da7f94a539ed1733396ad4c2666bd176b229fbe955,documentation,,supporting_analysis,"Execution diagnostics, including accepted runs, failures, retries, and limitations.",normal_git,direct_current,B104D_EXECUTION_DIAGNOSTICS_20260829T010311Z.md,batches/B104D_20260829T010311Z/B104D_EXECUTION_DIAGNOSTICS_20260829T010311Z.md,2,1
batches/B104H_20260830T110259Z/B104H_MAPPING_VALIDATION_20260830T110259Z.json,2058,683ee61f7f8548e3afec2eef9149c392f13ce50d962b4e64831fbcfe4533f487,validation_or_checksum,,current_core,Machine-readable validation checks for the associated analysis or delivery.,normal_git,direct_current,B104H_MAPPING_VALIDATION_20260830T110259Z.json,batches/B104H_20260830T110259Z/B104H_MAPPING_VALIDATION_20260830T110259Z.json,2,1
batches/B104_20260828T030759Z/B104_EXECUTION_DIAGNOSTICS_20260828T030759Z.md,4281,685722d8b6360290ca7f09053f1a9cc38757092efa81452a2e9939a7f7a4528a,documentation,,historical_foundation,"Execution diagnostics, including accepted runs, failures, retries, and limitations.",normal_git,direct_current,B104_EXECUTION_DIAGNOSTICS_20260828T030759Z.md,batches/B104_20260828T030759Z/B104_EXECUTION_DIAGNOSTICS_20260828T030759Z.md,3,2
batches/B000/B000A_COMPLETE_LOCAL_INVENTORY_RECEIPT_20260827T153319Z.md,977,685ff71b2c7e29bcd1be18ceba8902aaf718c9c5fd40f1022420530c162a04ed,batch_administration,B000,historical_foundation,File inventory or enriched local-holdings inventory.,normal_git,direct_current,B000A_COMPLETE_LOCAL_INVENTORY_RECEIPT_20260827T153319Z.md,batches/B000/B000A_COMPLETE_LOCAL_INVENTORY_RECEIPT_20260827T153319Z.md,2,1
bundle_only/B101_goa159_analysis_bundle_20260827T152736Z/B101/B101_provisional_UniProt_to_Entrez_via_MSigDB52_symbols_20260827T152736Z.csv.gz,462102,694ae310816f792be7c77e77235ba8b9e546b6c08b946f91d2c3e7501e22ecc5,analysis_result_or_derived_data,B101,historical_foundation,B101 analysis result or compact derived dataset: B101_provisional_UniProt_to_Entrez_via_MSigDB52_symbols_20260827T152736Z.csv.gz.,normal_git,zip_member,B101_goa159_analysis_bundle_20260827T152736Z.zip,B101/B101_provisional_UniProt_to_Entrez_via_MSigDB52_symbols_20260827T152736Z.csv.gz,1,0
bundle_only/B104E_GOA_date_UniProt_feature_rule_bundle_20260829T122734Z/B104E/retained_inputs/goa_date_screen_results/goa_release_date_screen_summary_20260829T120614Z.csv,5276,6a0bb2a164ca37e322b5faadee5a705477911f4ea29ebb6ede9635e87545478b,retained_normalized_input,B104E,supporting_analysis,B104E compact normalized retained input used for later reproducibility: goa_release_date_screen_summary_20260829T120614Z.csv.,normal_git,zip_member,B104E_GOA_date_UniProt_feature_rule_bundle_20260829T122734Z.zip,B104E/retained_inputs/goa_date_screen_results/goa_release_date_screen_summary_20260829T120614Z.csv,1,0
bundle_only/ppi_reproduction_corrected_bundle/ppi_repro_corrected/scripts/validate_corrected_bundle.py,4021,6a25dd8046da5e5b9709d2efdf800e97c751a9f31fefb524bbbd93dae3e70a37,script,,historical_or_supporting,"analysis, download, validation, or packaging script: validate_corrected_bundle.py.",normal_git,zip_member,ppi_reproduction_corrected_bundle.zip,ppi_repro_corrected/scripts/validate_corrected_bundle.py,1,0
batches/B104E_20260829T121535Z/B104E_GOA_DATE_SCREEN_UNIPROT_AND_FEATURE_RULE_REPORT_20260829T121535Z.md,19149,6a3cb9214714ea27f4e1fcfebaab32bacb7faad41905167fc55f82d7a52b6d8c,report_or_documentation,,supporting_analysis,Narrative scientific and provenance report for the associated analysis batch.,normal_git,direct_current,B104E_GOA_DATE_SCREEN_UNIPROT_AND_FEATURE_RULE_REPORT_20260829T121535Z.md,batches/B104E_20260829T121535Z/B104E_GOA_DATE_SCREEN_UNIPROT_AND_FEATURE_RULE_REPORT_20260829T121535Z.md,2,1
bundle_only/B104_release158_analysis_bundle_20260828T032801Z/B104/scripts/analyze_B104_release158_fast.py,37480,6a53158c5b0e1160a4230647222dec8ca7cda3d9820ac67f605e863d31d04516,script,B104,historical_or_supporting,"B104 analysis, download, validation, or packaging script: analyze_B104_release158_fast.py.",normal_git,zip_member,B104_release158_analysis_bundle_20260828T032801Z.zip,B104/scripts/analyze_B104_release158_fast.py,1,0
bundle_only/B104F_full_label_class_validation_bundle_20260829T140333Z/B104F_20260829T140333Z/analysis/B104F_full_unresolved_class_label_vector_multiset_validation.csv,10985,6afcd67ea43b426215d4790e9ccc23218a375f0e84e194c8eb25b56244156c20,validation_or_checksum,,supporting_analysis,Machine-readable validation checks for the associated analysis or delivery.,normal_git,zip_member,B104F_full_label_class_validation_bundle_20260829T140333Z.zip,B104F_20260829T140333Z/analysis/B104F_full_unresolved_class_label_vector_multiset_validation.csv,1,0
batches/B104H_20260830T110259Z/graphsage_ppi_node_to_entrez_20260830T110259Z.tsv.gz,582370,6ba38511638fbcf501c611beb9ad877ba4a26e4b54719c7fe0738db181b2821f,analysis_result_or_derived_data,,current_core,"Compact GraphSAGE row/node-to-Entrez mapping for all 56,944 node rows.",normal_git,direct_current,graphsage_ppi_node_to_entrez_20260830T110259Z.tsv.gz,batches/B104H_20260830T110259Z/graphsage_ppi_node_to_entrez_20260830T110259Z.tsv.gz,2,1
results/source_ledger_through_B102_20260827T163101Z.md,40101,6bbfbdab8225f0df565b7817b93b8932b9d218ddfd1a2d63643798f1cb4e7581,provenance_manifest,,historical_foundation,Append-only source and artifact provenance ledger.,normal_git,direct_current,source_ledger_through_B102_20260827T163101Z.md,results/source_ledger_through_B102_20260827T163101Z.md,1,0
results/source_ledger_with_B000_20260827T150123Z.csv,55465,6c6fc1a754c3f855aae16ad1dc108bd6ef6219ad7a30b3bc5a3de54df3920df7,provenance_manifest,,historical_or_supporting,Append-only source and artifact provenance ledger.,normal_git,direct_current,source_ledger_with_B000_20260827T150123Z.csv,results/source_ledger_with_B000_20260827T150123Z.csv,1,0
bundle_only/B104D_column_order_date_range_uniprot_bundle_20260829T010311Z/B104D_delivery_20260829T010311Z/scripts/finalize_B104D_delivery.py,11307,6ca7fe3ab3e73b07582f067e9563f7bab3309fce5e9d090cdbcb6c8c9a319eb8,script,,supporting_analysis,"analysis, download, validation, or packaging script: finalize_B104D_delivery.py.",normal_git,zip_member,B104D_column_order_date_range_uniprot_bundle_20260829T010311Z.zip,B104D_delivery_20260829T010311Z/scripts/finalize_B104D_delivery.py,1,0
bundle_only/B104A_exact_GO_reconstruction_bundle_20260828T152026Z/B104A/analysis/B104A_external_source_audit_20260828T145842Z.csv,1143,6d2896db5d11047bd8e13106a999529f55dca686a080566e6ba9b292226fd7b2,analysis_result_or_derived_data,B104A,supporting_analysis,B104A analysis result or compact derived dataset: B104A_external_source_audit_20260828T145842Z.csv.,normal_git,zip_member,B104A_exact_GO_reconstruction_bundle_20260828T152026Z.zip,B104A/analysis/B104A_external_source_audit_20260828T145842Z.csv,1,0
bundle_only/B104_release158_analysis_bundle_20260828T032801Z/delivery/provenance_events_through_B104_20260828T032243Z.csv,14830,6db1772188abce64416ae0899f9ca59c357944da475f28b21f3837809317b8c2,provenance_manifest,,historical_or_supporting,"Append-only provenance-event history, including receipt, validation, and deletion states.",normal_git,zip_member,B104_release158_analysis_bundle_20260828T032801Z.zip,delivery/provenance_events_through_B104_20260828T032243Z.csv,1,0
bundle_only/B104I_PPI_provenance_and_literature_bundle_20260830T114918Z/results/source_ledger_through_B104I_20260830T114918Z.csv,540901,6dbb3ade4e9b453f1734280518d46fa3dce157981d24da75644b1dddabc2b698,provenance_manifest,,current_core,"PPI topology provenance audit or report linking GraphSAGE, OhmNet, and BioSNAP edge sets.",normal_git,zip_member,B104I_PPI_provenance_and_literature_bundle_20260830T114918Z.zip,results/source_ledger_through_B104I_20260830T114918Z.csv,1,0
batches/B101/B101_VALIDATION_20260827T152736Z.json,1466,6de5a6dc8960161be7a8442674954b5aa419c722a64fa1b1e9aa386c24d17420,validation_or_checksum,B101,historical_foundation,Machine-readable validation checks for the associated analysis or delivery.,normal_git,direct_current,B101_VALIDATION_20260827T152736Z.json,batches/B101/B101_VALIDATION_20260827T152736Z.json,2,1
bundle_only/B104D_column_order_date_range_uniprot_bundle_20260829T010311Z/B104D_delivery_20260829T010311Z/logs/graphmapped.stdout,1191,6f4d31d1f34b50a24bfb522771d2da003d388923c5cd261fa7236d4caf5dc20d,other_artifact,,supporting_analysis,assistant-generated investigation artifact: graphmapped.stdout.,normal_git,zip_member,B104D_column_order_date_range_uniprot_bundle_20260829T010311Z.zip,B104D_delivery_20260829T010311Z/logs/graphmapped.stdout,1,0
bundle_only/B101_goa159_analysis_bundle_20260827T152736Z/B101/B101_gpad_ECO_projection_multiplicity_20260827T152736Z.csv.gz,6974,70071bac279d39c71f41ffd6e03702691382802d2be4a4d335b1c3ccee41ee51,analysis_result_or_derived_data,B101,historical_foundation,B101 analysis result or compact derived dataset: B101_gpad_ECO_projection_multiplicity_20260827T152736Z.csv.gz.,normal_git,zip_member,B101_goa159_analysis_bundle_20260827T152736Z.zip,B101/B101_gpad_ECO_projection_multiplicity_20260827T152736Z.csv.gz,1,0
bundle_only/B104A_exact_GO_reconstruction_bundle_20260828T152026Z/B104A/logs/finish_B104A_graph_summary.stdout,2933,70fdff31ec8e1a70b8b2c2f77ce986f64ec250bbd513a9410d58bc97d5155a1c,other_artifact,B104A,supporting_analysis,B104A assistant-generated investigation artifact: finish_B104A_graph_summary.stdout.,normal_git,zip_member,B104A_exact_GO_reconstruction_bundle_20260828T152026Z.zip,B104A/logs/finish_B104A_graph_summary.stdout,1,0
batches/B000/B000A_missing_high_priority_candidates_20260827T153319Z.csv,1010,71e88ea7d169fc2f6c322692dae7ad7b5f66ed970f8a0ed5326a5fa987d79834,analysis_result_or_derived_data,B000,historical_foundation,B000 analysis result or compact derived dataset: B000A_missing_high_priority_candidates_20260827T153319Z.csv.,normal_git,direct_current,B000A_missing_high_priority_candidates_20260827T153319Z.csv,batches/B000/B000A_missing_high_priority_candidates_20260827T153319Z.csv,2,1
bundle_only/B104G_full_row_and_label_resolution_bundle_20260829T151452Z/B104G/analysis/B104G_dhimmel_column_order_controls.csv,1956,7243a7a55a360a0c36ebc303b1e29cbb37e7fabb8a94560c7a3e42d7f6a5f2e0,analysis_result_or_derived_data,B104G,current_core,B104G analysis result or compact derived dataset: B104G_dhimmel_column_order_controls.csv.,normal_git,zip_member,B104G_full_row_and_label_resolution_bundle_20260829T151452Z.zip,B104G/analysis/B104G_dhimmel_column_order_controls.csv,1,0
bundle_only/B104D_column_order_date_range_uniprot_bundle_20260829T010311Z/B104D_delivery_20260829T010311Z/logs/fast2.stdout,1196,72cd88827b133003c320cbf7bf0c9144644efc22d0a0922f46abed5ba35bcf5d,other_artifact,,supporting_analysis,assistant-generated investigation artifact: fast2.stdout.,normal_git,zip_member,B104D_column_order_date_range_uniprot_bundle_20260829T010311Z.zip,B104D_delivery_20260829T010311Z/logs/fast2.stdout,1,0
results/B104A_bundle_sha256_20260828T152026Z.txt,124,732dbbecbf08bcaeb354da28008d1c91c6c7ccc5a7522800a212c9968d293378,validation_or_checksum,,supporting_analysis,assistant-generated investigation artifact: B104A_bundle_sha256_20260828T152026Z.txt.,normal_git,direct_current,B104A_bundle_sha256_20260828T152026Z.txt,results/B104A_bundle_sha256_20260828T152026Z.txt,1,0
bundle_only/B104A_exact_GO_reconstruction_bundle_20260828T152026Z/B104A/analysis/B104A_immediate_is_a_edge_subset_optimization_20260828T145842Z.csv,948,7360d9abfc46c9bbc63a25a01785ba56a0ea8b5bb44db72bb6baa83814960f77,analysis_result_or_derived_data,B104A,supporting_analysis,B104A analysis result or compact derived dataset: B104A_immediate_is_a_edge_subset_optimization_20260828T145842Z.csv.,normal_git,zip_member,B104A_exact_GO_reconstruction_bundle_20260828T152026Z.zip,B104A/analysis/B104A_immediate_is_a_edge_subset_optimization_20260828T145842Z.csv,1,0
bundle_only/B104D_column_order_date_range_uniprot_bundle_20260829T010311Z/B104D_delivery_20260829T010311Z/analysis/B104D_graphsage_zip_member_timestamps.csv,611,746b8c85095f8bc4ef065ba697d77b78a3409f7fe3c9de035dcc014214fa7711,analysis_result_or_derived_data,,supporting_analysis,analysis result or compact derived dataset: B104D_graphsage_zip_member_timestamps.csv.,normal_git,zip_member,B104D_column_order_date_range_uniprot_bundle_20260829T010311Z.zip,B104D_delivery_20260829T010311Z/analysis/B104D_graphsage_zip_member_timestamps.csv,1,0
bundle_only/B104E_GOA_date_UniProt_feature_rule_bundle_20260829T122734Z/B104E/retained_inputs/goa_date_screen_results/goa_release_159_screen.json,35904,74a0c93c9b9b7c3507056121ebfea338ccade82a4a1453b473ef89a29868cf41,retained_normalized_input,B104E,supporting_analysis,B104E compact normalized retained input used for later reproducibility: goa_release_159_screen.json.,normal_git,zip_member,B104E_GOA_date_UniProt_feature_rule_bundle_20260829T122734Z.zip,B104E/retained_inputs/goa_date_screen_results/goa_release_159_screen.json,1,0
bundle_only/B102_gp2protein_analysis_bundle_20260827T163101Z/B102/provenance_events_through_B102_20260827T163101Z.csv,9926,752e810908906edb7f89f70b818847e6d57d3a6b81ad3379c873ba6554da2877,provenance_manifest,B102,historical_foundation,"Append-only provenance-event history, including receipt, validation, and deletion states.",normal_git,zip_member,B102_gp2protein_analysis_bundle_20260827T163101Z.zip,B102/provenance_events_through_B102_20260827T163101Z.csv,1,0
results/actual_input_file_manifest_through_B102_20260827T163101Z.md,12492,762cc9f33526bc3769a914e32e46d0fd91bdb2ef2e5ad48ddc5e7ec5cf5196ed,provenance_manifest,,historical_foundation,Manifest of actual materialized inputs used by the analysis at that point in time.,normal_git,direct_current,actual_input_file_manifest_through_B102_20260827T163101Z.md,results/actual_input_file_manifest_through_B102_20260827T163101Z.md,2,1
bundle_only/ppi_reproduction_corrected_bundle/ppi_repro_corrected/results/actual_input_file_manifest_v2.csv,26882,76411d98f6b07fbf1b8483cd4e848db6b4ab429ad0b93854a654b6b76446adcc,provenance_manifest,,historical_or_supporting,Manifest of actual materialized inputs used by the analysis at that point in time.,normal_git,zip_member,ppi_reproduction_corrected_bundle.zip,ppi_repro_corrected/results/actual_input_file_manifest_v2.csv,1,0
results/B104C_FINAL_DELIVERY_VALIDATION_20260828T200948Z.json,1795,76e71ff063aba9b8d63cb0cff45a93f8e460ec559baea22e2dc922f809603ce7,validation_or_checksum,,supporting_analysis,Machine-readable validation checks for the associated analysis or delivery.,normal_git,direct_current,B104C_FINAL_DELIVERY_VALIDATION_20260828T200948Z.json,results/B104C_FINAL_DELIVERY_VALIDATION_20260828T200948Z.json,1,0
bundle_only/B104C_MSigDB50_column_order_bundle_20260828T200948Z/B104C_delivery_20260828T200948Z/analysis/B104C_per_column_python2_hash_order_diagnostics_20260828T194921Z.csv,12493,76fa14633807aa4ccdb661a8d32c98f177ca0bb66e041cd6261791b75abda861,analysis_result_or_derived_data,,supporting_analysis,analysis result or compact derived dataset: B104C_per_column_python2_hash_order_diagnostics_20260828T194921Z.csv.,normal_git,zip_member,B104C_MSigDB50_column_order_bundle_20260828T200948Z.zip,B104C_delivery_20260828T200948Z/analysis/B104C_per_column_python2_hash_order_diagnostics_20260828T194921Z.csv,1,0
batches/B104F_20260829T140333Z/B104F_CLARIFICATION_AND_FULL_CLASS_VALIDATION_REPORT_20260829T140333Z.md,10044,772322ca9b5efaeb54725dd54da7d782c4579ced6181429e52da093e56d4538c,validation_or_checksum,,supporting_analysis,Machine-readable validation checks for the associated analysis or delivery.,normal_git,direct_current,B104F_CLARIFICATION_AND_FULL_CLASS_VALIDATION_REPORT_20260829T140333Z.md,batches/B104F_20260829T140333Z/B104F_CLARIFICATION_AND_FULL_CLASS_VALIDATION_REPORT_20260829T140333Z.md,2,1
bundle_only/B104G_full_row_and_label_resolution_bundle_20260829T151452Z/B104G/analysis/B104G_dhimmel_raw_to_retained_reconciliation.json,3328,7770c8198527f67ac5cacfc12dd1b17bcee7a24e3c75def1cc0414ecb342b65a,analysis_result_or_derived_data,B104G,current_core,B104G analysis result or compact derived dataset: B104G_dhimmel_raw_to_retained_reconciliation.json.,normal_git,zip_member,B104G_full_row_and_label_resolution_bundle_20260829T151452Z.zip,B104G/analysis/B104G_dhimmel_raw_to_retained_reconciliation.json,1,0
results/source_ledger_through_B104E_FINAL_20260829T122734Z.csv,477606,779e6caec7a7ba930572f903d3817b5010ad867c3318f3fa36dc9d394dc65efd,provenance_manifest,,supporting_analysis,Append-only source and artifact provenance ledger.,normal_git,direct_current,source_ledger_through_B104E_FINAL_20260829T122734Z.csv,results/source_ledger_through_B104E_FINAL_20260829T122734Z.csv,1,0
upload_protocol/make_local_inventory.py,7070,77a77f3fd6cc3e1e22cf5731002cab3a8a66a540f33fc58fdb2922c624b2599b,script,,historical_or_supporting,File inventory or enriched local-holdings inventory.,normal_git,direct_current,make_local_inventory.py,upload_protocol/make_local_inventory.py,1,0
results/source_ledger_through_B104B_FINAL2_20260828T161826Z.csv,358052,77c2abeaaa417d2c232102faaca1c187a57197372f9b428b07aeee2a56f24957,provenance_manifest,,supporting_analysis,Append-only source and artifact provenance ledger.,normal_git,direct_current,source_ledger_through_B104B_FINAL2_20260828T161826Z.csv,results/source_ledger_through_B104B_FINAL2_20260828T161826Z.csv,1,0
batches/B104A_20260828T145842Z/analysis/B104A_O95073_Q9Y620_historical_mapping_component_20260828T145842Z.csv,569,7810f200075429ca560ff09dad28a0be560055065daed55ba66a725a71a9bd59,analysis_result_or_derived_data,,supporting_analysis,analysis result or compact derived dataset: B104A_O95073_Q9Y620_historical_mapping_component_20260828T145842Z.csv.,normal_git,direct_current,B104A_O95073_Q9Y620_historical_mapping_component_20260828T145842Z.csv,batches/B104A_20260828T145842Z/analysis/B104A_O95073_Q9Y620_historical_mapping_component_20260828T145842Z.csv,2,1
bundle_only/B104_release158_analysis_bundle_20260828T032801Z/B104/scripts/build_B104_identifier_watchlist.py,7792,7857edad891b00abdd88958f22cba28044426e8172ed36b276090b4a62317584,script,B104,historical_or_supporting,"B104 analysis, download, validation, or packaging script: build_B104_identifier_watchlist.py.",normal_git,zip_member,B104_release158_analysis_bundle_20260828T032801Z.zip,B104/scripts/build_B104_identifier_watchlist.py,1,0
batches/B104_20260828T030759Z/analysis/B104_label_to_GO_mapping_release158_159_20260828T030759Z.csv,24030,78d79985df507d63fd6b14a68be88dcf52fd643cde63e57f8854335e6144e704,analysis_result_or_derived_data,,historical_foundation,Per-column GraphSAGE label-to-Gene Ontology term mapping.,normal_git,direct_current,B104_label_to_GO_mapping_release158_159_20260828T030759Z.csv,batches/B104_20260828T030759Z/analysis/B104_label_to_GO_mapping_release158_159_20260828T030759Z.csv,4,3
results/provenance_events_through_B104A_FINAL_20260828T152026Z.csv,18130,7902c0850bd27dcfccc23211ca4543a0a1cb6466a5da2293ceef74f6f4db7ba2,provenance_manifest,,supporting_analysis,"Append-only provenance-event history, including receipt, validation, and deletion states.",normal_git,direct_current,provenance_events_through_B104A_FINAL_20260828T152026Z.csv,results/provenance_events_through_B104A_FINAL_20260828T152026Z.csv,1,0
bundle_only/B102_gp2protein_analysis_bundle_20260827T163101Z/B102/superseded_attempt_logs/20260827T161829Z/run.stderr,1004,7921566b06e8373a383abc3ea9846c2eec1d653aa79f2d765579965fc2e4e6b7,other_artifact,B102,historical_foundation,B102 assistant-generated investigation artifact: run.stderr.,normal_git,zip_member,B102_gp2protein_analysis_bundle_20260827T163101Z.zip,B102/superseded_attempt_logs/20260827T161829Z/run.stderr,1,0
bundle_only/B104E_GOA_date_UniProt_feature_rule_bundle_20260829T122734Z/B104E/retained_inputs/goa_date_screen_results/goa_release_167_screen.json,36796,795278f926f64f4f347b8726ca0f0d4665266fced19ea2e92736b88f31b228c4,retained_normalized_input,B104E,supporting_analysis,B104E compact normalized retained input used for later reproducibility: goa_release_167_screen.json.,normal_git,zip_member,B104E_GOA_date_UniProt_feature_rule_bundle_20260829T122734Z.zip,B104E/retained_inputs/goa_date_screen_results/goa_release_167_screen.json,1,0
batches/B104_20260828T030759Z/B104_REPORT_20260828T030759Z.md,11356,79d7882afe2d653dfa7ed977a943c8c8e3a939e424f52a08eae87ad98e65d1fa,report_or_documentation,,historical_foundation,Narrative scientific and provenance report for the associated analysis batch.,normal_git,direct_current,B104_REPORT_20260828T030759Z.md,batches/B104_20260828T030759Z/B104_REPORT_20260828T030759Z.md,3,2
batches/B104_20260828T030759Z/B104_DELETION_CLEARANCE_20260828T030759Z.md,959,7a75691c7c4314fa497c0979f4a6db79cfc3a302e882d0d98bdb48d6122e2529,batch_administration,,historical_foundation,Batch-specific record authorizing deletion of raw conversation attachments after retention checks.,normal_git,direct_current,B104_DELETION_CLEARANCE_20260828T030759Z.md,batches/B104_20260828T030759Z/B104_DELETION_CLEARANCE_20260828T030759Z.md,3,2
bundle_only/B104_release158_analysis_bundle_20260828T032801Z/B104/analysis/B104_identifier_mapping_watchlist_20260828T030759Z.csv,6182,7a8ab56ea344a173f181a7c73dcd2b09e297ce07cb58becde485bfc0420507b0,analysis_result_or_derived_data,B104,historical_or_supporting,Watchlist of uncertain or time-varying Entrez-UniProt mappings.,normal_git,zip_member,B104_release158_analysis_bundle_20260828T032801Z.zip,B104/analysis/B104_identifier_mapping_watchlist_20260828T030759Z.csv,1,0
bundle_only/B104G_full_row_and_label_resolution_bundle_20260829T151452Z/B104G/analysis/B104G_full_121_label_validation.csv,18033,7b6d50c6999238ec13d71bd0ec4ec0d2d27b6c03933f90dcfe9cfabd692ed792,validation_or_checksum,B104G,current_core,Machine-readable validation checks for the associated analysis or delivery.,normal_git,zip_member,B104G_full_row_and_label_resolution_bundle_20260829T151452Z.zip,B104G/analysis/B104G_full_121_label_validation.csv,1,0
batches/B104A_20260828T145842Z/analysis/B104A_final_exact_121_column_mapping_20260828T145842Z.csv,10283,7bb6f0dee7c46ecefb9607dbc4e2417d81d7efe600e4394b178d39d98c7a9e7a,analysis_result_or_derived_data,,supporting_analysis,"Exact 121-column GO candidate mapping after qualifier, evidence, propagation, and identifier-component corrections.",normal_git,direct_current,B104A_final_exact_121_column_mapping_20260828T145842Z.csv,batches/B104A_20260828T145842Z/analysis/B104A_final_exact_121_column_mapping_20260828T145842Z.csv,5,4
batches/B104G_20260829T150633Z/B104G_CLAIM_STATUS_20260829T151452Z.csv,2344,7be24f72c228c7606d7b3b333bb89ff122b40166fdffeaf3c94c3eb35db8e4e2,analysis_result_or_derived_data,,current_core,analysis result or compact derived dataset: B104G_CLAIM_STATUS_20260829T151452Z.csv.,normal_git,direct_current,B104G_CLAIM_STATUS_20260829T151452Z.csv,batches/B104G_20260829T150633Z/B104G_CLAIM_STATUS_20260829T151452Z.csv,4,3
bundle_only/B104E_GOA_date_UniProt_feature_rule_bundle_20260829T122734Z/results/provenance_events_through_B104E_PREBUNDLE_20260829T122734Z.csv,32001,7c6599538056daa09e20e04d7c63981bb94c9d5dbb1e57b6527cd244c1a0351a,provenance_manifest,,supporting_analysis,"Append-only provenance-event history, including receipt, validation, and deletion states.",normal_git,zip_member,B104E_GOA_date_UniProt_feature_rule_bundle_20260829T122734Z.zip,results/provenance_events_through_B104E_PREBUNDLE_20260829T122734Z.csv,1,0
bundle_only/ppi_reproduction_corrected_bundle/ppi_repro_corrected/results/bundle_validation.stdout,1702,7cbd4e3dd496dee4bf8560fc98b6af6e3e66c09dff8bbee55f0e493486eea5b8,validation_or_checksum,,historical_or_supporting,Machine-readable validation checks for the associated analysis or delivery.,normal_git,zip_member,ppi_reproduction_corrected_bundle.zip,ppi_repro_corrected/results/bundle_validation.stdout,1,0
results/source_ledger_through_B104C_FINAL_20260828T200948Z.csv,380391,7d19e5ac0d392a6a12566ec324d694afc69712d021a9dec0fbe6f4ff9b7a10c4,provenance_manifest,,supporting_analysis,Append-only source and artifact provenance ledger.,normal_git,direct_current,source_ledger_through_B104C_FINAL_20260828T200948Z.csv,results/source_ledger_through_B104C_FINAL_20260828T200948Z.csv,1,0
results/user_local_storage_status_update_B104C_20260828T200948Z.csv,516,7d96871d8d0f04df37f7b0c71c8cd3cb5359eb63eb36aeb7674c2a7a3643f634,analysis_result_or_derived_data,,supporting_analysis,analysis result or compact derived dataset: user_local_storage_status_update_B104C_20260828T200948Z.csv.,normal_git,direct_current,user_local_storage_status_update_B104C_20260828T200948Z.csv,results/user_local_storage_status_update_B104C_20260828T200948Z.csv,2,1
bundle_only/B104_release158_analysis_bundle_20260828T032801Z/B104/scripts/analyze_B104_alternative_hypotheses.py,7931,7e236e167bb5c480f5dbc604fc5495de0be7cc54c7d3cd24fb425403892aa4d6,script,B104,historical_or_supporting,"B104 analysis, download, validation, or packaging script: analyze_B104_alternative_hypotheses.py.",normal_git,zip_member,B104_release158_analysis_bundle_20260828T032801Z.zip,B104/scripts/analyze_B104_alternative_hypotheses.py,1,0
bundle_only/ppi_reproduction_corrected_bundle/ppi_repro_corrected/results/local_label_source_screen_summary.json,3795,7e3cdf99fea507db9571f28847581492811645ffaaf378d7c618f223a0aca726,analysis_result_or_derived_data,,historical_or_supporting,analysis result or compact derived dataset: local_label_source_screen_summary.json.,normal_git,zip_member,ppi_reproduction_corrected_bundle.zip,ppi_repro_corrected/results/local_label_source_screen_summary.json,1,0
bundle_only/B104_release158_analysis_bundle_20260828T032801Z/B104/retained_inputs/B101_goa_human_gpad159_normalized_20260827T152736Z.tsv.gz,3681452,7e3ec99110ef936ea9e9b7deaacdf7a86d7a7057cb41d5348f80e5ff56ac2793,retained_normalized_input,B104,historical_or_supporting,Row-preserving normalized derivative of GOA human GPAD release 159.,git_lfs_recommended,zip_member,B104_release158_analysis_bundle_20260828T032801Z.zip,B104/retained_inputs/B101_goa_human_gpad159_normalized_20260827T152736Z.tsv.gz,2,1
bundle_only/B104G_full_row_and_label_resolution_bundle_20260829T151452Z/B104G/retained_inputs/prior_compact_inputs/B104G_prior_compact_input_checksums.sha256,2593,7e6cede7b6824b33f06ed3c87cce267b59f7d9247aa02c12ac87a70f0a7fddc9,validation_or_checksum,B104G,current_core,B104G assistant-generated investigation artifact: B104G_prior_compact_input_checksums.sha256.,normal_git,zip_member,B104G_full_row_and_label_resolution_bundle_20260829T151452Z.zip,B104G/retained_inputs/prior_compact_inputs/B104G_prior_compact_input_checksums.sha256,1,0
bundle_only/B102_gp2protein_analysis_bundle_20260827T163101Z/B102/superseded_attempt_logs/20260827T161807Z/STATUS_AND_REASON.txt,137,7e84be3cec2166a30f4918238e27591029953ee3a71ae634bbaa0834b0cd36f6,documentation,B102,historical_foundation,B102 assistant-generated investigation artifact: STATUS_AND_REASON.txt.,normal_git,zip_member,B102_gp2protein_analysis_bundle_20260827T163101Z.zip,B102/superseded_attempt_logs/20260827T161807Z/STATUS_AND_REASON.txt,1,0
bundle_only/ppi_reproduction_analysis_bundle/scripts/humanbase_discovery.py,4168,7eda124f5edc87f9a46574740ee852ed071e5020f0c54b4a2add0815603c8258,script,,historical_or_supporting,"analysis, download, validation, or packaging script: humanbase_discovery.py.",normal_git,zip_member,ppi_reproduction_analysis_bundle.zip,scripts/humanbase_discovery.py,1,0
bundle_only/B104_release158_analysis_bundle_20260828T032801Z/B104/analysis/B104_v159_new_witness_source_counts_20260828T030759Z.csv,111,7f009669be7cf846d1ed5660436fd4de656d45374f5ba04c57d26d4631d14b62,analysis_result_or_derived_data,B104,historical_or_supporting,B104 analysis result or compact derived dataset: B104_v159_new_witness_source_counts_20260828T030759Z.csv.,normal_git,zip_member,B104_release158_analysis_bundle_20260828T032801Z.zip,B104/analysis/B104_v159_new_witness_source_counts_20260828T030759Z.csv,1,0
bundle_only/ppi_reproduction_analysis_bundle/inputs/bio-tissue-readme.txt,1465,7f3372f8ae3a90852951c73b18980386ceb4ad2f5d32d81366adf22fd75e2b20,report_or_documentation,,historical_or_supporting,report or documentation artifact: bio-tissue-readme.txt.,normal_git,zip_member,ppi_reproduction_analysis_bundle.zip,inputs/bio-tissue-readme.txt,1,0
bundle_only/B104F_full_label_class_validation_bundle_20260829T140333Z/B104F_20260829T140333Z/logs/audit_uploaded_dhimmel_files.stdout,640,7f8ed890632e26f93aa65e079c634fd06eef0066efa209f1fd76c0a622856091,other_artifact,,supporting_analysis,Machine-readable validation checks for the associated analysis or delivery.,normal_git,zip_member,B104F_full_label_class_validation_bundle_20260829T140333Z.zip,B104F_20260829T140333Z/logs/audit_uploaded_dhimmel_files.stdout,1,0
bundle_only/B104_release158_analysis_bundle_20260828T032801Z/B104/analysis/B104_source_leave_one_out_20260828T030759Z.csv,910,7f919bbc67d65ce7a6dde8376616d051c28b6eed778ee2a91c4e4f388eca6005,analysis_result_or_derived_data,B104,historical_or_supporting,B104 analysis result or compact derived dataset: B104_source_leave_one_out_20260828T030759Z.csv.,normal_git,zip_member,B104_release158_analysis_bundle_20260828T032801Z.zip,B104/analysis/B104_source_leave_one_out_20260828T030759Z.csv,1,0
bundle_only/B104C_MSigDB50_column_order_bundle_20260828T200948Z/B104C_delivery_20260828T200948Z/analysis/B104C_column_order_model_comparison_20260828T194921Z.csv,3405,7fa666581b8f843c9279c255ee3589dbd511588ae0d54e0918fb9430ff8ebf75,analysis_result_or_derived_data,,supporting_analysis,Comparison or summary of candidate legacy-Python GO column-order models.,normal_git,zip_member,B104C_MSigDB50_column_order_bundle_20260828T200948Z.zip,B104C_delivery_20260828T200948Z/analysis/B104C_column_order_model_comparison_20260828T194921Z.csv,1,0
bundle_only/B104C_MSigDB50_column_order_bundle_20260828T200948Z/B104C_delivery_20260828T200948Z/analysis/B104C_msigdb_cross_version_target_GO_order_metadata_20260828T194921Z.csv,14867,7ff74b25f6596d42dd84c6aabcb90aa3774d93644eaf1adf9d0c7764b22623e4,analysis_result_or_derived_data,,supporting_analysis,analysis result or compact derived dataset: B104C_msigdb_cross_version_target_GO_order_metadata_20260828T194921Z.csv.,normal_git,zip_member,B104C_MSigDB50_column_order_bundle_20260828T200948Z.zip,B104C_delivery_20260828T200948Z/analysis/B104C_msigdb_cross_version_target_GO_order_metadata_20260828T194921Z.csv,1,0
batches/B104B_20260828T161826Z/analysis/B104B_independent_global_term_selection_validation.json,3503,8050c3f0d1d082cffa17c28a522628d8b7e96d89d1400212e4dbfd601870f5ee,validation_or_checksum,,supporting_analysis,Machine-readable validation checks for the associated analysis or delivery.,normal_git,direct_current,B104B_independent_global_term_selection_validation.json,batches/B104B_20260828T161826Z/analysis/B104B_independent_global_term_selection_validation.json,2,1
batches/B104G_20260829T150633Z/B104G_DELETION_CLEARANCE_20260829T151452Z.md,1629,8099531aecd3f6f5b1eb0d7d3b946047e5a570645d049093bee7e4c0755c7549,batch_administration,,current_core,Batch-specific record authorizing deletion of raw conversation attachments after retention checks.,normal_git,direct_current,B104G_DELETION_CLEARANCE_20260829T151452Z.md,batches/B104G_20260829T150633Z/B104G_DELETION_CLEARANCE_20260829T151452Z.md,2,1
bundle_only/B104_release158_analysis_bundle_20260828T032801Z/B104/analysis/B104_v159_witness_rows_resolving_v158_false_negatives_20260828T030759Z.csv.gz,15192,81072f024fc422ba100668c88750aacf0be977860f2d02692ffbff35223e6d58,analysis_result_or_derived_data,B104,historical_or_supporting,B104 analysis result or compact derived dataset: B104_v159_witness_rows_resolving_v158_false_negatives_20260828T030759Z.csv.gz.,normal_git,zip_member,B104_release158_analysis_bundle_20260828T032801Z.zip,B104/analysis/B104_v159_witness_rows_resolving_v158_false_negatives_20260828T030759Z.csv.gz,1,0
bundle_only/B104D_column_order_date_range_uniprot_bundle_20260829T010311Z/B104D_delivery_20260829T010311Z/logs/date_screen_self_test.stdout,1084,8179b77a369fe8eb715d8e35fcd1dd19ff56afbbdee114e5be81d990576f759c,other_artifact,,supporting_analysis,assistant-generated investigation artifact: date_screen_self_test.stdout.,normal_git,zip_member,B104D_column_order_date_range_uniprot_bundle_20260829T010311Z.zip,B104D_delivery_20260829T010311Z/logs/date_screen_self_test.stdout,1,0
bundle_only/B102_gp2protein_analysis_bundle_20260827T163101Z/B102/superseded_attempt_logs/20260827T162041Z/STATUS_AND_REASON.txt,110,81a6d3ce491abe70a0ac86ff1177e29e8012b9aad3c8854dff67e69efcd4757d,documentation,B102,historical_foundation,B102 assistant-generated investigation artifact: STATUS_AND_REASON.txt.,normal_git,zip_member,B102_gp2protein_analysis_bundle_20260827T163101Z.zip,B102/superseded_attempt_logs/20260827T162041Z/STATUS_AND_REASON.txt,1,0
batches/B104I_20260830T114918Z/derived/graphsage_ppi_entrez_split_membership_20260830T114918Z.tsv.gz,19240,81b21cf764526fd06a8c9c35352d4040eba8d79cc92911176d203d882496ff99,analysis_result_or_derived_data,,current_core,One-row-per-Entrez summary of train/validation/test tissue-graph membership.,normal_git,direct_current,graphsage_ppi_entrez_split_membership_20260830T114918Z.tsv.gz,batches/B104I_20260830T114918Z/derived/graphsage_ppi_entrez_split_membership_20260830T114918Z.tsv.gz,2,1
bundle_only/B104F_full_label_class_validation_bundle_20260829T140333Z/B104F_20260829T140333Z/B104F_EXECUTION_DIAGNOSTICS_20260829T140333Z.md,2780,820e6c564ec7abe595969d429e8de606aa9bf3549cb57ac7391240bd95c1a907,documentation,,supporting_analysis,"Execution diagnostics, including accepted runs, failures, retries, and limitations.",normal_git,zip_member,B104F_full_label_class_validation_bundle_20260829T140333Z.zip,B104F_20260829T140333Z/B104F_EXECUTION_DIAGNOSTICS_20260829T140333Z.md,1,0
bundle_only/B104A_exact_GO_reconstruction_bundle_20260828T152026Z/B104A/analysis/B104A_immediate_is_a_edge_single_deletion_impacts_20260828T145842Z.csv,1264,827b5150cd1d16e626e01fe4f63babaaeb8bbb47db32493370e943f657febfc6,analysis_result_or_derived_data,B104A,supporting_analysis,B104A analysis result or compact derived dataset: B104A_immediate_is_a_edge_single_deletion_impacts_20260828T145842Z.csv.,normal_git,zip_member,B104A_exact_GO_reconstruction_bundle_20260828T152026Z.zip,B104A/analysis/B104A_immediate_is_a_edge_single_deletion_impacts_20260828T145842Z.csv,1,0
bundle_only/ppi_reproduction_analysis_bundle/scripts/inspect_inputs.py,4562,82e2276c81e56ae6fb1a9d2dae2396d7b8bf7d2b4d7427b919132242c023f847,script,,historical_or_supporting,"analysis, download, validation, or packaging script: inspect_inputs.py.",normal_git,zip_member,ppi_reproduction_analysis_bundle.zip,scripts/inspect_inputs.py,1,0
results/bundle_validation.json,1701,83d2e106dfdcf7a881e4079b7c77e9dbaa73948efd4820daa4c0b9a860f1335d,validation_or_checksum,,historical_or_supporting,Machine-readable validation checks for the associated analysis or delivery.,normal_git,direct_current,bundle_validation.json,results/bundle_validation.json,2,1
bundle_only/B104I_PPI_provenance_and_literature_bundle_20260830T114918Z/retained_inputs/biosnap_ppi_provenance_audit_20260830T113352Z.json,1355,83e90690a7eef16ba0baa42c73e5510931a95557017b402b60bd5c482067bded,retained_normalized_input,,current_core,"PPI topology provenance audit or report linking GraphSAGE, OhmNet, and BioSNAP edge sets.",normal_git,zip_member,B104I_PPI_provenance_and_literature_bundle_20260830T114918Z.zip,retained_inputs/biosnap_ppi_provenance_audit_20260830T113352Z.json,1,0
bundle_only/B104G_full_row_and_label_resolution_bundle_20260829T151452Z/B104G/retained_inputs/GO_annotations-9606-inferred-expev.tsv.gz,3501432,83f9a3a514042a867b5881175125e27b8246eb66bdc40afca171efdb05d5f6cd,retained_normalized_input,B104G,current_core,B104G compact normalized retained input used for later reproducibility: GO_annotations-9606-inferred-expev.tsv.gz.,git_lfs_recommended,zip_member,B104G_full_row_and_label_resolution_bundle_20260829T151452Z.zip,B104G/retained_inputs/GO_annotations-9606-inferred-expev.tsv.gz,1,0
results/B104D_FINAL_DELIVERY_VALIDATION_20260829T010311Z.json,1149,84221a78a92e3ae80921ba6fdfb421a06a0c3c8efa98d7b760a59f1f840fe9dd,validation_or_checksum,,supporting_analysis,Machine-readable validation checks for the associated analysis or delivery.,normal_git,direct_current,B104D_FINAL_DELIVERY_VALIDATION_20260829T010311Z.json,results/B104D_FINAL_DELIVERY_VALIDATION_20260829T010311Z.json,1,0
bundle_only/B104_release158_analysis_bundle_20260828T032801Z/B104/B104_headers_and_raw_stats_20260828T030759Z.json,5358,843bfb5ebadcd0f88656783c07f4d214b9d75452c4b95b32b0beabafa06793d0,analysis_result_or_derived_data,B104,historical_or_supporting,B104 analysis result or compact derived dataset: B104_headers_and_raw_stats_20260828T030759Z.json.,normal_git,zip_member,B104_release158_analysis_bundle_20260828T032801Z.zip,B104/B104_headers_and_raw_stats_20260828T030759Z.json,2,1
bundle_only/B104_release158_analysis_bundle_20260828T032801Z/B104/analysis/B104_mapping_policy_sensitivity_20260828T030759Z.csv,421,84f1f881d897d7482f271ec607feb544ec298844d19bb5c1f202c947d0c5ea2f,analysis_result_or_derived_data,B104,historical_or_supporting,B104 analysis result or compact derived dataset: B104_mapping_policy_sensitivity_20260828T030759Z.csv.,normal_git,zip_member,B104_release158_analysis_bundle_20260828T032801Z.zip,B104/analysis/B104_mapping_policy_sensitivity_20260828T030759Z.csv,1,0
batches/B104E_20260829T121535Z/analysis/B104E_GOA_release158_169_validated_summary_20260829T121535Z.csv,6603,858192cb5e37b943adb715960de370860370c08b7ffca400138c13e1c05e2a1a,analysis_result_or_derived_data,,supporting_analysis,GOA release-date screen results for releases 158 through 169.,normal_git,direct_current,B104E_GOA_release158_169_validated_summary_20260829T121535Z.csv,batches/B104E_20260829T121535Z/analysis/B104E_GOA_release158_169_validated_summary_20260829T121535Z.csv,2,1
bundle_only/B104G_full_row_and_label_resolution_bundle_20260829T151452Z/B104G/analysis/B104G_full_50_feature_validation.csv,1883,868d40e8314216fb72fc1b38fd4be4bbc2ee447d9c544aec05eab39f39531759,validation_or_checksum,B104G,current_core,Machine-readable validation checks for the associated analysis or delivery.,normal_git,zip_member,B104G_full_row_and_label_resolution_bundle_20260829T151452Z.zip,B104G/analysis/B104G_full_50_feature_validation.csv,1,0
bundle_only/B104A_exact_GO_reconstruction_bundle_20260828T152026Z/B104A/analysis/B104A_remaining_13_witness_annotation_rows_20260828T145842Z.csv.gz,577,86b99797c61828d481a8df28d4d1a5d18daf565e9abba52cb7d455bd4625b226,analysis_result_or_derived_data,B104A,supporting_analysis,B104A analysis result or compact derived dataset: B104A_remaining_13_witness_annotation_rows_20260828T145842Z.csv.gz.,normal_git,zip_member,B104A_exact_GO_reconstruction_bundle_20260828T152026Z.zip,B104A/analysis/B104A_remaining_13_witness_annotation_rows_20260828T145842Z.csv.gz,1,0
bundle_only/B104E_GOA_date_UniProt_feature_rule_bundle_20260829T122734Z/B104E/scripts/validate_uploaded_audit_archives.py,6114,86e8369dbe60594d88056c1d52ebad9a6bd7af3fa5fc96bf002871f59df7371f,script,B104E,supporting_analysis,"B104E analysis, download, validation, or packaging script: validate_uploaded_audit_archives.py.",normal_git,zip_member,B104E_GOA_date_UniProt_feature_rule_bundle_20260829T122734Z.zip,B104E/scripts/validate_uploaded_audit_archives.py,1,0
bundle_only/B104D_column_order_date_range_uniprot_bundle_20260829T010311Z/B104D_delivery_20260829T010311Z/logs/outerpair_reduced.stderr,801,8770a370470398c1fa5e63534c800eca6cf0079e6c5204f3f8d50aded4346a9b,other_artifact,,supporting_analysis,assistant-generated investigation artifact: outerpair_reduced.stderr.,normal_git,zip_member,B104D_column_order_date_range_uniprot_bundle_20260829T010311Z.zip,B104D_delivery_20260829T010311Z/logs/outerpair_reduced.stderr,1,0
bundle_only/ppi_reproduction_analysis_bundle/scripts/download_priority_sources.py,4943,87f07f401840f232736b49e577758a2664e50899fbbf06e6f2e9fc3439e8376c,script,,historical_or_supporting,"analysis, download, validation, or packaging script: download_priority_sources.py.",normal_git,zip_member,ppi_reproduction_analysis_bundle.zip,scripts/download_priority_sources.py,1,0
bundle_only/B101_goa159_analysis_bundle_20260827T152736Z/B101/B101_gaf_gpad_reconciliation_20260827T152736Z.json,673,885bb86a773bbc8ed24b921f9817f189e48adefbc072197cc580d4f0796af632,analysis_result_or_derived_data,B101,historical_foundation,B101 analysis result or compact derived dataset: B101_gaf_gpad_reconciliation_20260827T152736Z.json.,normal_git,zip_member,B101_goa159_analysis_bundle_20260827T152736Z.zip,B101/B101_gaf_gpad_reconciliation_20260827T152736Z.json,1,0
bundle_only/B104B_MSigDB_term_selection_handoff_bundle_20260828T161826Z/B104B_20260828T161826Z/analysis/B104B_selected_term_hierarchy_pairs_20260828T155633Z.csv,50052,8925dbd176d6ade7fad090896d36c601555e441a5553731c39a8a52824715ee4,analysis_result_or_derived_data,,supporting_analysis,"Investigator handoff summarizing methods, findings, caveats, and next tests.",normal_git,zip_member,B104B_MSigDB_term_selection_handoff_bundle_20260828T161826Z.zip,B104B_20260828T161826Z/analysis/B104B_selected_term_hierarchy_pairs_20260828T155633Z.csv,1,0
bundle_only/B104G_full_row_and_label_resolution_bundle_20260829T151452Z/B104G/B104G_BUNDLE_README_20260829T151452Z.md,775,892cb6317ea0d61fcdb812b1f314ad5177cc0f71496044c9c0042092023d82ca,report_or_documentation,B104G,current_core,B104G report or documentation artifact: B104G_BUNDLE_README_20260829T151452Z.md.,normal_git,zip_member,B104G_full_row_and_label_resolution_bundle_20260829T151452Z.zip,B104G/B104G_BUNDLE_README_20260829T151452Z.md,1,0
bundle_only/ppi_reproduction_corrected_bundle/ppi_repro_corrected/results/actual_input_file_manifest_v2.xlsx,17252,8930e4b9d92a6c1cdf00901efb2f66e499bb72a49b88fc60ff71c63916cd42f7,provenance_manifest,,historical_or_supporting,Manifest of actual materialized inputs used by the analysis at that point in time.,normal_git,zip_member,ppi_reproduction_corrected_bundle.zip,ppi_repro_corrected/results/actual_input_file_manifest_v2.xlsx,1,0
bundle_only/B104E_GOA_date_UniProt_feature_rule_bundle_20260829T122734Z/B104E/retained_inputs/goa_date_screen_results/goa_release_166_screen.json,36797,896bbb56c5fdd03ef6a151e8695da39b890d4a89c28cf0b0003643d4599f6686,retained_normalized_input,B104E,supporting_analysis,B104E compact normalized retained input used for later reproducibility: goa_release_166_screen.json.,normal_git,zip_member,B104E_GOA_date_UniProt_feature_rule_bundle_20260829T122734Z.zip,B104E/retained_inputs/goa_date_screen_results/goa_release_166_screen.json,1,0
bundle_only/B104G_full_row_and_label_resolution_bundle_20260829T151452Z/B104G/analysis/B104G_special_and_unmapped_gene_rows.csv,1117,8afed3e03a6f4b86d65db972d976c074446f4a952ff80e9507f53ff7edbbaf87,analysis_result_or_derived_data,B104G,current_core,B104G analysis result or compact derived dataset: B104G_special_and_unmapped_gene_rows.csv.,normal_git,zip_member,B104G_full_row_and_label_resolution_bundle_20260829T151452Z.zip,B104G/analysis/B104G_special_and_unmapped_gene_rows.csv,1,0
batches/B104C_20260828T194921Z/B104C_DELETION_CLEARANCE_20260828T200948Z.md,1209,8b45e5eeaa8ddb3e9e12a8ccf1ca0e2d1a3bc5d64d6e3e80dd7ec8ee3765b1b0,batch_administration,,supporting_analysis,Batch-specific record authorizing deletion of raw conversation attachments after retention checks.,normal_git,direct_current,B104C_DELETION_CLEARANCE_20260828T200948Z.md,batches/B104C_20260828T194921Z/B104C_DELETION_CLEARANCE_20260828T200948Z.md,2,1
results/source_ledger_with_B101_B000A_20260827T153319Z.csv,106874,8bcad6c6b3627abee4587ae8e0a158c4d8e869e6b6d80af0fc5106a7128d425b,provenance_manifest,B000A,historical_or_supporting,Append-only source and artifact provenance ledger.,normal_git,direct_current,source_ledger_with_B101_B000A_20260827T153319Z.csv,results/source_ledger_with_B101_B000A_20260827T153319Z.csv,2,1
bundle_only/ppi_reproduction_analysis_bundle/results/inspect_inputs.log,87,8c08d4eafe44486085964c97179493031bc316d46431ae465ddb3bc9f3ce5bcd,other_artifact,,historical_or_supporting,assistant-generated investigation artifact: inspect_inputs.log.,normal_git,zip_member,ppi_reproduction_analysis_bundle.zip,results/inspect_inputs.log,1,0
bundle_only/B104E_GOA_date_UniProt_feature_rule_bundle_20260829T122734Z/B104E/retained_inputs/uniprot_2016_mapping_audit/2016_04/RELEASE_2016_04.metalink,2801,8ce739216ef7548ac0d422b43ae4306ee8990c83b8a3c1b3028b32546dc8c5f6,retained_normalized_input,B104E,supporting_analysis,B104E compact normalized retained input used for later reproducibility: RELEASE_2016_04.metalink.,normal_git,zip_member,B104E_GOA_date_UniProt_feature_rule_bundle_20260829T122734Z.zip,B104E/retained_inputs/uniprot_2016_mapping_audit/2016_04/RELEASE_2016_04.metalink,1,0
bundle_only/B104_release158_analysis_bundle_20260828T032801Z/delivery/B104_output_checksums_final_20260828T032801Z.csv,17666,8e4f2048e3c2807e9523fe7a61b097efab3d6fb94345a5a44e13c8cb527115e8,validation_or_checksum,,historical_or_supporting,assistant-generated investigation artifact: B104_output_checksums_final_20260828T032801Z.csv.,normal_git,zip_member,B104_release158_analysis_bundle_20260828T032801Z.zip,delivery/B104_output_checksums_final_20260828T032801Z.csv,1,0
bundle_only/ppi_reproduction_analysis_bundle/scripts/build_master_report.py,12301,8e81a525d61aae8843c0db6680be8d95dbeb2e0a9fa2d08067ee292ec5e521b1,script,,historical_or_supporting,Narrative scientific and provenance report for the associated analysis batch.,normal_git,zip_member,ppi_reproduction_analysis_bundle.zip,scripts/build_master_report.py,1,0
bundle_only/ppi_reproduction_analysis_bundle/results/input_inventory.md,75887,8ea02d1afdaf3f9913fe1c2358d9f63d5012ff26c0ef32928d00d858a049a269,documentation,,historical_or_supporting,File inventory or enriched local-holdings inventory.,normal_git,zip_member,ppi_reproduction_analysis_bundle.zip,results/input_inventory.md,1,0
bundle_only/B104G_full_row_and_label_resolution_bundle_20260829T151452Z/B104G/retained_inputs/GO_annotations-9606-inferred-allev.tsv.gz,9379037,8fec17121978720d73ff306c5fa8080d9de1eca35cdacc2eebb06c1bf5decc8f,retained_normalized_input,B104G,current_core,B104G compact normalized retained input used for later reproducibility: GO_annotations-9606-inferred-allev.tsv.gz.,git_lfs_recommended,zip_member,B104G_full_row_and_label_resolution_bundle_20260829T151452Z.zip,B104G/retained_inputs/GO_annotations-9606-inferred-allev.tsv.gz,1,0
bundle_only/B104G_full_row_and_label_resolution_bundle_20260829T151452Z/B104G/retained_inputs/prior_compact_inputs/B102_gp2protein_geneid_relevant_subset_20260827T162132Z.tsv.gz,164596,9187753eed649d1d72bc0d38764094877b1967d5e7fe7696b292241e1ff12039,retained_normalized_input,B104G,historical_foundation,B104G compact normalized retained input used for later reproducibility: B102_gp2protein_geneid_relevant_subset_20260827T162132Z.tsv.gz.,normal_git,zip_member,B104G_full_row_and_label_resolution_bundle_20260829T151452Z.zip,B104G/retained_inputs/prior_compact_inputs/B102_gp2protein_geneid_relevant_subset_20260827T162132Z.tsv.gz,5,4
results/REQUESTED_ADDITIONAL_INPUTS.md,832,9187d31017c77817bcc22337b231649a4ffdb5b9fdc53e4945431edf37b14553,documentation,,historical_or_supporting,Prioritized list of additional historical inputs requested during the investigation.,normal_git,direct_current,REQUESTED_ADDITIONAL_INPUTS.md,results/REQUESTED_ADDITIONAL_INPUTS.md,2,1
bundle_only/ppi_reproduction_corrected_bundle/ppi_repro_corrected/results/actual_input_file_manifest_v2.md,16865,9216096fc98ec14988a0e428b75b1c5477448d46a94b849fe5a44960b74d2f2a,provenance_manifest,,historical_or_supporting,Manifest of actual materialized inputs used by the analysis at that point in time.,normal_git,zip_member,ppi_reproduction_corrected_bundle.zip,ppi_repro_corrected/results/actual_input_file_manifest_v2.md,1,0
bundle_only/B104F_full_label_class_validation_bundle_20260829T140333Z/B104F_20260829T140333Z/analysis/B104F_resolved_row_mismatches.csv,44,93bf1b9d4e8acbf93b8e0ecfcf2c2e06066bf5839bce6cb3176dc5c8e32fe033,analysis_result_or_derived_data,,supporting_analysis,Machine-readable validation checks for the associated analysis or delivery.,normal_git,zip_member,B104F_full_label_class_validation_bundle_20260829T140333Z.zip,B104F_20260829T140333Z/analysis/B104F_resolved_row_mismatches.csv,1,0
bundle_only/B104E_GOA_date_UniProt_feature_rule_bundle_20260829T122734Z/B104E/retained_inputs/uniprot_2016_mapping_audit/2016_04/O95073_Q9Y620_2016_04.tsv,739,95652bad82c4587f1ef95c5f4a8aab994999a5c05230b0fc0f9b6231d147fb48,retained_normalized_input,B104E,supporting_analysis,B104E compact normalized retained input used for later reproducibility: O95073_Q9Y620_2016_04.tsv.,normal_git,zip_member,B104E_GOA_date_UniProt_feature_rule_bundle_20260829T122734Z.zip,B104E/retained_inputs/uniprot_2016_mapping_audit/2016_04/O95073_Q9Y620_2016_04.tsv,1,0
bundle_only/B104A_exact_GO_reconstruction_bundle_20260828T152026Z/B104A/analysis/B104A_previous_largest_residual_terms_context_20260828T145842Z.csv,1558,9596a01e06553949d9cbc5027c8b1f261178cacdfddf8bffd440778aa9c1c977,analysis_result_or_derived_data,B104A,supporting_analysis,B104A analysis result or compact derived dataset: B104A_previous_largest_residual_terms_context_20260828T145842Z.csv.,normal_git,zip_member,B104A_exact_GO_reconstruction_bundle_20260828T152026Z.zip,B104A/analysis/B104A_previous_largest_residual_terms_context_20260828T145842Z.csv,1,0
bundle_only/B104A_exact_GO_reconstruction_bundle_20260828T152026Z/B104A/logs/validate_B104A_exact_reconstruction_set_based.stdout,131,95fc2331d9266507350fde00cd2c2041563347ba3c04215d1b369c47b0bd2992,other_artifact,B104A,supporting_analysis,B104A assistant-generated investigation artifact: validate_B104A_exact_reconstruction_set_based.stdout.,normal_git,zip_member,B104A_exact_GO_reconstruction_bundle_20260828T152026Z.zip,B104A/logs/validate_B104A_exact_reconstruction_set_based.stdout,1,0
bundle_only/B104E_GOA_date_UniProt_feature_rule_bundle_20260829T122734Z/B104E/retained_inputs/goa_date_screen_results/goa_date_screen_run_metadata.json,1179,9767f26e67c23a3fbfe6f2d0bf198ad5a5664a6f06038187d050622f3e3b8bb9,retained_normalized_input,B104E,supporting_analysis,B104E compact normalized retained input used for later reproducibility: goa_date_screen_run_metadata.json.,normal_git,zip_member,B104E_GOA_date_UniProt_feature_rule_bundle_20260829T122734Z.zip,B104E/retained_inputs/goa_date_screen_results/goa_date_screen_run_metadata.json,1,0
bundle_only/B104G_full_row_and_label_resolution_bundle_20260829T151452Z/B104G/logs/analyze_B104G.stdout,10327,97b9803a0e68f20ef67f36913176819f77856e3c9178328fb17885744e4edcf0,other_artifact,B104G,current_core,B104G assistant-generated investigation artifact: analyze_B104G.stdout.,normal_git,zip_member,B104G_full_row_and_label_resolution_bundle_20260829T151452Z.zip,B104G/logs/analyze_B104G.stdout,2,1
archive/initial_incomplete/results/actual_input_file_manifest.csv,3918,983c6a0aecf8b5074722c8534f5f1524e149c5a6b3007d601d51720172426b0a,provenance_manifest,,superseded_initial_delivery,Manifest of actual materialized inputs used by the analysis at that point in time.,normal_git,direct_initial,actual_input_file_manifest.csv,results/actual_input_file_manifest.csv,2,1
batches/B104F_20260829T140333Z/scripts/download_raw_dhimmel_annotations.py,2668,98d6d63f0bfec591fc2156744d3f3c0d96278b40880d513c30a50a0ee6394958,script,,supporting_analysis,Validated downloader for commit-pinned raw dhimmel Gene Ontology annotation TSVs.,normal_git,direct_current,download_raw_dhimmel_annotations.py,batches/B104F_20260829T140333Z/scripts/download_raw_dhimmel_annotations.py,2,1
bundle_only/B104A_exact_GO_reconstruction_bundle_20260828T152026Z/provenance/source_ledger_through_B104A_20260828T152026Z.md,858743,9982520db7147ac47995e869937e8b2c036510c4cc778ad138e841284690c2f8,provenance_manifest,,supporting_analysis,Append-only source and artifact provenance ledger.,normal_git,zip_member,B104A_exact_GO_reconstruction_bundle_20260828T152026Z.zip,provenance/source_ledger_through_B104A_20260828T152026Z.md,1,0
bundle_only/B102_gp2protein_analysis_bundle_20260827T163101Z/B102/B102_input_integrity_20260827T162132Z.csv,2236,998da0db1b0d8de311e8e4282a01689d744f3da5865f188d5ee4bef89873586f,validation_or_checksum,B102,historical_foundation,B102 assistant-generated investigation artifact: B102_input_integrity_20260827T162132Z.csv.,normal_git,zip_member,B102_gp2protein_analysis_bundle_20260827T163101Z.zip,B102/B102_input_integrity_20260827T162132Z.csv,1,0
results/source_ledger.csv,40525,99d2e3cf69886206c449b7b3967e88e756dd5227c97b9b31e34b7e685b13c003,provenance_manifest,,historical_or_supporting,Append-only source and artifact provenance ledger.,normal_git,direct_current,source_ledger.csv,results/source_ledger.csv,2,1
bundle_only/B102_gp2protein_analysis_bundle_20260827T163101Z/B102/run.exit,2,9a271f2a916b0b6ee6cecb2426f0b3206ef074578be55d9bc94f6f3fe3ab86aa,other_artifact,B102,historical_foundation,B102 assistant-generated investigation artifact: run.exit.,normal_git,zip_member,B102_gp2protein_analysis_bundle_20260827T163101Z.zip,B102/run.exit,1,0
bundle_only/B104C_MSigDB50_column_order_bundle_20260828T200948Z/B104C_delivery_20260828T200948Z/derived/B104C_msigdb_v5.0_gene_set_metadata_20260828T194921Z.csv,1742235,9a795ec6a8753a1fe02cd5de9f760dc52059e4c64a092441b7c982f53f20f4ae,analysis_result_or_derived_data,,supporting_analysis,analysis result or compact derived dataset: B104C_msigdb_v5.0_gene_set_metadata_20260828T194921Z.csv.,normal_git,zip_member,B104C_MSigDB50_column_order_bundle_20260828T200948Z.zip,B104C_delivery_20260828T200948Z/derived/B104C_msigdb_v5.0_gene_set_metadata_20260828T194921Z.csv,1,0
bundle_only/B104E_GOA_date_UniProt_feature_rule_bundle_20260829T122734Z/B104E/independent_date_screen/goa_date_screen_events.csv,288,9af9ca06b23c00cd9d720aa5cc1863d73516940d6f5ee03c46fa2367dee56fee,analysis_result_or_derived_data,B104E,supporting_analysis,B104E analysis result or compact derived dataset: goa_date_screen_events.csv.,normal_git,zip_member,B104E_GOA_date_UniProt_feature_rule_bundle_20260829T122734Z.zip,B104E/independent_date_screen/goa_date_screen_events.csv,1,0
batches/B104B_20260828T161826Z/analysis/B104B_global_human_GOA_term_counts.csv.gz,233339,9d48b4b157d8220b1b210978d49004818e22e525f20b82fb71c2287c2788defd,analysis_result_or_derived_data,,supporting_analysis,Full-human propagated GO term prevalence counts used to reconstruct the 121-term selection rule.,normal_git,direct_current,B104B_global_human_GOA_term_counts.csv.gz,batches/B104B_20260828T161826Z/analysis/B104B_global_human_GOA_term_counts.csv.gz,3,2
bundle_only/ppi_reproduction_analysis_bundle/results/graphsage_paper_extracts.json,31267,9df535fad8eabf8e4d47278db5539f58468fe8e35ee625975560804ade180c71,analysis_result_or_derived_data,,historical_or_supporting,analysis result or compact derived dataset: graphsage_paper_extracts.json.,normal_git,zip_member,ppi_reproduction_analysis_bundle.zip,results/graphsage_paper_extracts.json,1,0
batches/B104E_20260829T121535Z/analysis/B104E_UniProt_O95073_Q9Y620_flatfile_record_comparison_20260829T121535Z.csv,1608,9e14f60b99b402bbd3254c9fd97413c9baa2fcebb618dc9eda6b8e2db7f3a9e2,analysis_result_or_derived_data,,supporting_analysis,Date-matched UniProt flat-file audit for the O95073/FSBP and Q9Y620/RAD54B mapping component.,normal_git,direct_current,B104E_UniProt_O95073_Q9Y620_flatfile_record_comparison_20260829T121535Z.csv,batches/B104E_20260829T121535Z/analysis/B104E_UniProt_O95073_Q9Y620_flatfile_record_comparison_20260829T121535Z.csv,2,1
bundle_only/B104A_exact_GO_reconstruction_bundle_20260828T152026Z/B104A/scripts/build_B104A_delivery_bundle.py,5070,9e85fb0b71131de3f7793c59ed44eea942222dc865450ccba19d3dbb039f42b7,script,B104A,supporting_analysis,"B104A analysis, download, validation, or packaging script: build_B104A_delivery_bundle.py.",normal_git,zip_member,B104A_exact_GO_reconstruction_bundle_20260828T152026Z.zip,B104A/scripts/build_B104A_delivery_bundle.py,1,0
batches/B102_delivery_20260827T163101Z/B102_EXECUTION_DIAGNOSTICS_COMPLETE_20260827T163101Z.md,7813,9ea59715aec74fbc237796903ef8c265e689e2902fc7523d1c340557150f8e38,documentation,,historical_foundation,"Execution diagnostics, including accepted runs, failures, retries, and limitations.",normal_git,direct_current,B102_EXECUTION_DIAGNOSTICS_COMPLETE_20260827T163101Z.md,batches/B102_delivery_20260827T163101Z/B102_EXECUTION_DIAGNOSTICS_COMPLETE_20260827T163101Z.md,2,1
bundle_only/B104G_full_row_and_label_resolution_bundle_20260829T151452Z/B104G/B104G_EXECUTION_DIAGNOSTICS_20260829T151452Z.md,3384,9f5951f322c3703f4b7b4a3dc437686fe3d1706fea0d774c2222290bc47c6ea5,documentation,B104G,current_core,"Execution diagnostics, including accepted runs, failures, retries, and limitations.",normal_git,zip_member,B104G_full_row_and_label_resolution_bundle_20260829T151452Z.zip,B104G/B104G_EXECUTION_DIAGNOSTICS_20260829T151452Z.md,1,0
results/provenance_events_through_B104C_FINAL_20260828T200948Z.csv,25882,a043ab33337def21e8e3d904c82b0acc4a956dedbb62011ad295ca79e3469665,provenance_manifest,,supporting_analysis,"Append-only provenance-event history, including receipt, validation, and deletion states.",normal_git,direct_current,provenance_events_through_B104C_FINAL_20260828T200948Z.csv,results/provenance_events_through_B104C_FINAL_20260828T200948Z.csv,1,0
bundle_only/ppi_reproduction_analysis_bundle/scripts/download_sources.py,11858,a07aa5e7accb303019d1ea978c0b349bd4ab105572815a1edd4123af046ed560,script,,historical_or_supporting,"analysis, download, validation, or packaging script: download_sources.py.",normal_git,zip_member,ppi_reproduction_analysis_bundle.zip,scripts/download_sources.py,1,0
results/actual_input_file_manifest_with_B101_20260827T153319Z.csv,10976,a0835ba52d900cd597d215e8cfa14a01baacf655d0bee42278e823f1e0a1a517,provenance_manifest,,historical_or_supporting,Manifest of actual materialized inputs used by the analysis at that point in time.,normal_git,direct_current,actual_input_file_manifest_with_B101_20260827T153319Z.csv,results/actual_input_file_manifest_with_B101_20260827T153319Z.csv,2,1
batches/B104F_20260829T140333Z/B104F_FULL_LABEL_CLASS_VALIDATION_20260829T140333Z.json,3863,a1236501c870d2e4175821c5c121ef5ba5885d811a616aec4f157c3ccb724256,validation_or_checksum,,supporting_analysis,Machine-readable validation checks for the associated analysis or delivery.,normal_git,direct_current,B104F_FULL_LABEL_CLASS_VALIDATION_20260829T140333Z.json,batches/B104F_20260829T140333Z/B104F_FULL_LABEL_CLASS_VALIDATION_20260829T140333Z.json,3,2
batches/B104F_20260829T140333Z/analysis/B104F_independent_verifier_12_gene_row_matches.csv,2627,a1a9d406979dae1817298155b5f332ff307f8417eee7b9976022f2ce5b02d803,analysis_result_or_derived_data,,supporting_analysis,analysis result or compact derived dataset: B104F_independent_verifier_12_gene_row_matches.csv.,normal_git,direct_current,B104F_independent_verifier_12_gene_row_matches.csv,batches/B104F_20260829T140333Z/analysis/B104F_independent_verifier_12_gene_row_matches.csv,2,1
results/provenance_events_through_B102_20260827T163101Z.csv,11053,a1ef04ef15fd96c3ffa0337d18c0fe1034e58021929bfccf57c0ef9efbfe7027,provenance_manifest,,historical_foundation,"Append-only provenance-event history, including receipt, validation, and deletion states.",normal_git,direct_current,provenance_events_through_B102_20260827T163101Z.csv,results/provenance_events_through_B102_20260827T163101Z.csv,1,0
batches/B104G_20260829T150633Z/derived/B104G_full_graphsage_row_to_entrez_mapping.csv.gz,651211,a21a6532e287bfe82102cdc9d6642a0c9aff77f9c7449997cbafb597d1145737,analysis_result_or_derived_data,,current_core,Complete GraphSAGE row-to-Entrez mapping produced by the recovered legacy Python/NetworkX node order.,normal_git,direct_current,B104G_full_graphsage_row_to_entrez_mapping.csv.gz,batches/B104G_20260829T150633Z/derived/B104G_full_graphsage_row_to_entrez_mapping.csv.gz,2,1
bundle_only/B104G_full_row_and_label_resolution_bundle_20260829T151452Z/manifests/provenance_events_through_B104G_PREBUNDLE_20260829T151452Z.csv,41949,a2fa6a41a2f9e43d726d1cee06017e14924088e6b8f32ecd836b2ac04d7806b5,provenance_manifest,,current_core,"Append-only provenance-event history, including receipt, validation, and deletion states.",normal_git,zip_member,B104G_full_row_and_label_resolution_bundle_20260829T151452Z.zip,manifests/provenance_events_through_B104G_PREBUNDLE_20260829T151452Z.csv,1,0
batches/B104F_20260829T140333Z/B104F_DELETION_CLEARANCE_20260829T140333Z.md,1020,a339217e9c1daf42e3b92f96bd8c4b08f9c757db0408d895bcc3b5ac2b0de5ec,batch_administration,,supporting_analysis,Batch-specific record authorizing deletion of raw conversation attachments after retention checks.,normal_git,direct_current,B104F_DELETION_CLEARANCE_20260829T140333Z.md,batches/B104F_20260829T140333Z/B104F_DELETION_CLEARANCE_20260829T140333Z.md,2,1
bundle_only/ppi_reproduction_analysis_bundle/results/paper_method_extracts.json,124296,a3ee1b2825b260d534f6e98ba4b84d03d7e401359794d6ccee00ee72e820660f,analysis_result_or_derived_data,,historical_or_supporting,analysis result or compact derived dataset: paper_method_extracts.json.,normal_git,zip_member,ppi_reproduction_analysis_bundle.zip,results/paper_method_extracts.json,1,0
bundle_only/B102_gp2protein_analysis_bundle_20260827T163101Z/B102/B102_execution_attempts_20260827T163101Z.csv,6590,a4978d8eeea76ebb3ef0b098099444c2ece27a1eb4894580f3f07a5423523861,analysis_result_or_derived_data,B102,historical_foundation,B102 analysis result or compact derived dataset: B102_execution_attempts_20260827T163101Z.csv.,normal_git,zip_member,B102_gp2protein_analysis_bundle_20260827T163101Z.zip,B102/B102_execution_attempts_20260827T163101Z.csv,1,0
bundle_only/B104C_MSigDB50_column_order_bundle_20260828T200948Z/B104C_delivery_20260828T200948Z/logs/analyze_B104C.stdout,6165,a52e47273f541f1dcd20f71837b379094cf20d3b267a863460c14d0443dc96ac,other_artifact,,supporting_analysis,assistant-generated investigation artifact: analyze_B104C.stdout.,normal_git,zip_member,B104C_MSigDB50_column_order_bundle_20260828T200948Z.zip,B104C_delivery_20260828T200948Z/logs/analyze_B104C.stdout,1,0
bundle_only/ppi_reproduction_corrected_bundle/ppi_repro_corrected/results/build_source_manifest.stdout,270,a5454693ab548e0703ca0272be8d1d502bda780c6d2a4127c81bcec9b509e6fb,other_artifact,,historical_or_supporting,assistant-generated investigation artifact: build_source_manifest.stdout.,normal_git,zip_member,ppi_reproduction_corrected_bundle.zip,ppi_repro_corrected/results/build_source_manifest.stdout,1,0
bundle_only/ppi_reproduction_corrected_bundle/ppi_repro_corrected/scripts/build_full_source_ledger.py,5940,a5b01e25269f8104d4fb6b2659f33c48b5769174ddae5e43efcf31118c8f921a,script,,historical_or_supporting,Append-only source and artifact provenance ledger.,normal_git,zip_member,ppi_reproduction_corrected_bundle.zip,ppi_repro_corrected/scripts/build_full_source_ledger.py,1,0
upload_protocol/make_local_inventory_v2.py,9202,a5fd20e62d0a9ad765436683b1d6bb294f07fc62a10f74b2187d40600c75cc88,script,,historical_or_supporting,File inventory or enriched local-holdings inventory.,normal_git,direct_current,make_local_inventory_v2.py,upload_protocol/make_local_inventory_v2.py,2,1
bundle_only/B102_gp2protein_analysis_bundle_20260827T163101Z/B102/B102_derivative_reconciliation_20260827T162132Z.csv,715,a62de1f44ca14880da09f5322fb892aa3fbb625469e974a770e7ddec5d31e0f5,analysis_result_or_derived_data,B102,historical_foundation,B102 analysis result or compact derived dataset: B102_derivative_reconciliation_20260827T162132Z.csv.,normal_git,zip_member,B102_gp2protein_analysis_bundle_20260827T163101Z.zip,B102/B102_derivative_reconciliation_20260827T162132Z.csv,1,0
batches/B104E_20260829T121535Z/analysis/B104E_exact_MSigDB52_feature_generation_rule_20260829T121535Z.csv,10275,a66ea20e5face0a6f6d35ae308ea4a3bc59ba19c4f377201cbc2151a83c7a489,analysis_result_or_derived_data,,supporting_analysis,Column-level reconstruction of the 50 MSigDB feature sets and their ordering.,normal_git,direct_current,B104E_exact_MSigDB52_feature_generation_rule_20260829T121535Z.csv,batches/B104E_20260829T121535Z/analysis/B104E_exact_MSigDB52_feature_generation_rule_20260829T121535Z.csv,3,2
upload_protocol/requested_file_patterns.txt,1164,a6adad481b98e095cc34fd4afab974d5f94484a42072c971b7d2beeffa009e00,documentation,,historical_or_supporting,assistant-generated investigation artifact: requested_file_patterns.txt.,normal_git,direct_current,requested_file_patterns.txt,upload_protocol/requested_file_patterns.txt,2,1
bundle_only/B104G_full_row_and_label_resolution_bundle_20260829T151452Z/B104G/scripts/independent_validate_B104G_full_labels.py,5469,a73f491f6f759d6f85c5361cd108e487205be3c7ab010dde6fdf478512b8dda5,script,B104G,current_core,"B104G analysis, download, validation, or packaging script: independent_validate_B104G_full_labels.py.",normal_git,zip_member,B104G_full_row_and_label_resolution_bundle_20260829T151452Z.zip,B104G/scripts/independent_validate_B104G_full_labels.py,1,0
bundle_only/B104G_full_row_and_label_resolution_bundle_20260829T151452Z/B104G/scripts/independent_validate_B104G_full_features.py,1960,a7d25ffb9b15627551056fdc09f42f3fff10bc36c9b9089f2631e81c8ba63c88,script,B104G,current_core,"B104G analysis, download, validation, or packaging script: independent_validate_B104G_full_features.py.",normal_git,zip_member,B104G_full_row_and_label_resolution_bundle_20260829T151452Z.zip,B104G/scripts/independent_validate_B104G_full_features.py,1,0
results/actual_input_file_manifest_through_B104B_20260828T161826Z.csv,55295,a7f9529b7359168028386dc4d78c858ecf9397a00d1ef817ee0894b835ac6b67,provenance_manifest,,supporting_analysis,Manifest of actual materialized inputs used by the analysis at that point in time.,normal_git,direct_current,actual_input_file_manifest_through_B104B_20260828T161826Z.csv,results/actual_input_file_manifest_through_B104B_20260828T161826Z.csv,2,1
bundle_only/ppi_reproduction_corrected_bundle/ppi_repro_corrected/scripts/download_or_verify_sources.py,5896,a8711ce70760ce5a60e1dbdbd545334723473fb2ff3305d1b0fdaa358442fb6e,script,,historical_or_supporting,"analysis, download, validation, or packaging script: download_or_verify_sources.py.",normal_git,zip_member,ppi_reproduction_corrected_bundle.zip,ppi_repro_corrected/scripts/download_or_verify_sources.py,1,0
bundle_only/B104_release158_analysis_bundle_20260828T032801Z/B104/B104_input_integrity_20260828T030759Z.csv,1375,a875e65d61b5b10b71a23c898ea2d84a30563d31ac5abefcdcba03d6144c3f9e,validation_or_checksum,B104,historical_or_supporting,B104 assistant-generated investigation artifact: B104_input_integrity_20260828T030759Z.csv.,normal_git,zip_member,B104_release158_analysis_bundle_20260828T032801Z.zip,B104/B104_input_integrity_20260828T030759Z.csv,2,1
results/actual_input_file_manifest_through_B104E_20260829T122734Z.csv,68875,a8bc562bcfd2e51736174d351788bedd5e6ccbc512bc2cdb5b486dddd7145d51,provenance_manifest,,supporting_analysis,Manifest of actual materialized inputs used by the analysis at that point in time.,normal_git,direct_current,actual_input_file_manifest_through_B104E_20260829T122734Z.csv,results/actual_input_file_manifest_through_B104E_20260829T122734Z.csv,2,1
bundle_only/B101_goa159_analysis_bundle_20260827T152736Z/B101/B101_provisional_mapping_summary_20260827T152736Z.json,3855,a8d72e7431f433bb9ba5d262aeb7c29e4c52f234d6c195e0d6751ccda6af09da,analysis_result_or_derived_data,B101,historical_foundation,B101 analysis result or compact derived dataset: B101_provisional_mapping_summary_20260827T152736Z.json.,normal_git,zip_member,B101_goa159_analysis_bundle_20260827T152736Z.zip,B101/B101_provisional_mapping_summary_20260827T152736Z.json,1,0
bundle_only/B104_release158_analysis_bundle_20260828T032801Z/delivery/source_ledger_through_B104_20260828T032243Z.csv,237267,a91e87ff19c9a79d6a5bf186fc9509662f9f9a36a299203003813fb653f4910b,provenance_manifest,,historical_or_supporting,Append-only source and artifact provenance ledger.,normal_git,zip_member,B104_release158_analysis_bundle_20260828T032801Z.zip,delivery/source_ledger_through_B104_20260828T032243Z.csv,1,0
bundle_only/B104E_GOA_date_UniProt_feature_rule_bundle_20260829T122734Z/B104E/retained_inputs/uniprot_2016_mapping_audit/2016_06/RELEASE_2016_06.metalink,2801,a9aba5c34b83401dfbea58b8bd68bfe75df149ed431266ff04e673e6d1a576d0,retained_normalized_input,B104E,supporting_analysis,B104E compact normalized retained input used for later reproducibility: RELEASE_2016_06.metalink.,normal_git,zip_member,B104E_GOA_date_UniProt_feature_rule_bundle_20260829T122734Z.zip,B104E/retained_inputs/uniprot_2016_mapping_audit/2016_06/RELEASE_2016_06.metalink,1,0
batches/B104E_20260829T121535Z/analysis/B104E_UniProt_O95073_Q9Y620_interpretation_20260829T121535Z.json,3902,a9b4239d4eabc48d95e9759e11bf5319581dd92b98367fd75da240224c62b545,analysis_result_or_derived_data,,supporting_analysis,Date-matched UniProt flat-file audit for the O95073/FSBP and Q9Y620/RAD54B mapping component.,normal_git,direct_current,B104E_UniProt_O95073_Q9Y620_interpretation_20260829T121535Z.json,batches/B104E_20260829T121535Z/analysis/B104E_UniProt_O95073_Q9Y620_interpretation_20260829T121535Z.json,3,2
bundle_only/B104_release158_analysis_bundle_20260828T032801Z/B104/analysis/B104_temporal_mapping_candidate_label_effects_20260828T030759Z.csv,1094,aa613bea87989858aa0b48910742d8210337bc8ad7ce3c00666260fb25810cea,analysis_result_or_derived_data,B104,historical_or_supporting,B104 analysis result or compact derived dataset: B104_temporal_mapping_candidate_label_effects_20260828T030759Z.csv.,normal_git,zip_member,B104_release158_analysis_bundle_20260828T032801Z.zip,B104/analysis/B104_temporal_mapping_candidate_label_effects_20260828T030759Z.csv,1,0
bundle_only/ppi_reproduction_analysis_bundle/results/input_inventory.json,737852,aae65581bc49b5e15fc6d2190a5d2633f256f3eddac66233c69a2a6732da49c8,analysis_result_or_derived_data,,historical_or_supporting,File inventory or enriched local-holdings inventory.,normal_git,zip_member,ppi_reproduction_analysis_bundle.zip,results/input_inventory.json,1,0
results/actual_input_file_manifest_through_B104D_20260829T010311Z.csv,62147,ab5400d78bb3c5b2c65466c2e61f505b421a5116fccf33477b1105df05ea424b,provenance_manifest,,supporting_analysis,Manifest of actual materialized inputs used by the analysis at that point in time.,normal_git,direct_current,actual_input_file_manifest_through_B104D_20260829T010311Z.csv,results/actual_input_file_manifest_through_B104D_20260829T010311Z.csv,2,1
bundle_only/B102_gp2protein_analysis_bundle_20260827T163101Z/B102/superseded_attempt_logs/20260827T161716Z/STATUS_AND_REASON.txt,141,abd01ec73550e8ff0715be08651b855ab19ff7942029b6edfe2c5385f496625f,documentation,B102,historical_foundation,B102 assistant-generated investigation artifact: STATUS_AND_REASON.txt.,normal_git,zip_member,B102_gp2protein_analysis_bundle_20260827T163101Z.zip,B102/superseded_attempt_logs/20260827T161716Z/STATUS_AND_REASON.txt,1,0
results/actual_input_file_manifest_through_B104F_20260829T140333Z.csv,75686,accaf492a56cd2c5710459949e7ef1a889d1f71beff86eaffe41029ceb2d610a,provenance_manifest,,supporting_analysis,Manifest of actual materialized inputs used by the analysis at that point in time.,normal_git,direct_current,actual_input_file_manifest_through_B104F_20260829T140333Z.csv,results/actual_input_file_manifest_through_B104F_20260829T140333Z.csv,2,1
bundle_only/ppi_reproduction_analysis_bundle/results/tissue_matches.csv,9536,acf1363093164b9bf8d010afb9c313bfe0280c047b93ef33b0950cbea8f3e5fa,analysis_result_or_derived_data,,historical_or_supporting,analysis result or compact derived dataset: tissue_matches.csv.,normal_git,zip_member,ppi_reproduction_analysis_bundle.zip,results/tissue_matches.csv,1,0
docs/historical_go_mapping_inventory.md,55969,ad10c6ed2919409a3dda0f2e89f4a5f7709cb739f9e3129297b1fa9f497f4b0c,documentation,,historical_or_supporting,File inventory or enriched local-holdings inventory.,normal_git,standalone,historical_go_mapping_inventory.md,historical_go_mapping_inventory.md,2,1
bundle_only/B104H_node_mapping_provenance_bundle_20260830T110259Z/B104H/B104H_FILE_CHECKSUMS_20260830T110259Z.csv,3789,ad629e7c2ef9d325094f644d0eea3b286bde1953a4b92f4d4ad988ad6374923f,validation_or_checksum,B104H,current_core,B104H assistant-generated investigation artifact: B104H_FILE_CHECKSUMS_20260830T110259Z.csv.,normal_git,zip_member,B104H_node_mapping_provenance_bundle_20260830T110259Z.zip,B104H/B104H_FILE_CHECKSUMS_20260830T110259Z.csv,1,0
bundle_only/B104I_PPI_provenance_and_literature_bundle_20260830T114918Z/retained_inputs/biosnap_ppi_provenance_audit_20260830T113352Z.zip,1126,adaf28f8bcbe2490d4af9ad212fc646d3ea183b315f0c95835cc3fa36f0df0c3,retained_normalized_input,,current_core,"PPI topology provenance audit or report linking GraphSAGE, OhmNet, and BioSNAP edge sets.",normal_git,zip_member,B104I_PPI_provenance_and_literature_bundle_20260830T114918Z.zip,retained_inputs/biosnap_ppi_provenance_audit_20260830T113352Z.zip,1,0
results/B104H_FINAL_DELIVERY_VALIDATION_20260830T110259Z.json,1787,aef44d759e59daf90a84cb7707ee58820d2bd17ce3f0007a5fbeb9073cd5af17,validation_or_checksum,,current_core,Machine-readable validation checks for the associated analysis or delivery.,normal_git,direct_current,B104H_FINAL_DELIVERY_VALIDATION_20260830T110259Z.json,results/B104H_FINAL_DELIVERY_VALIDATION_20260830T110259Z.json,1,0
bundle_only/B104G_full_row_and_label_resolution_bundle_20260829T151452Z/B104G/analysis/B104G_former_equivalence_classes_resolved_by_node_order.csv,13201,af51faa422e6f670e88ffc8d36c57b47696db63ac6c73ebf0aa0088162d83e0a,analysis_result_or_derived_data,B104G,current_core,B104G analysis result or compact derived dataset: B104G_former_equivalence_classes_resolved_by_node_order.csv.,normal_git,zip_member,B104G_full_row_and_label_resolution_bundle_20260829T151452Z.zip,B104G/analysis/B104G_former_equivalence_classes_resolved_by_node_order.csv,1,0
batches/B104G_20260829T150633Z/B104G_INDEPENDENT_FULL_FEATURE_VALIDATION_20260829T150633Z.json,388,af92594dc0b509a35370173e2dd621dc4fd388a81c206cf88fdf6551e0c10ff1,validation_or_checksum,,current_core,"Independent full 56,944-row feature reconstruction validation.",normal_git,direct_current,B104G_INDEPENDENT_FULL_FEATURE_VALIDATION_20260829T150633Z.json,batches/B104G_20260829T150633Z/B104G_INDEPENDENT_FULL_FEATURE_VALIDATION_20260829T150633Z.json,4,3
batches/B104C_20260828T194921Z/B104C_MSIGDB50_COLUMN_ORDER_REPORT_20260828T200948Z.md,15815,af92a221e1d4a5ac885854e91691d2045de621207c244b36b5dcebc390b0beef,report_or_documentation,,supporting_analysis,Narrative scientific and provenance report for the associated analysis batch.,normal_git,direct_current,B104C_MSIGDB50_COLUMN_ORDER_REPORT_20260828T200948Z.md,batches/B104C_20260828T194921Z/B104C_MSIGDB50_COLUMN_ORDER_REPORT_20260828T200948Z.md,2,1
bundle_only/B104A_exact_GO_reconstruction_bundle_20260828T152026Z/B104A/logs/validate_B104A_delivery.stdout,53,afdc252215e6a666e3e2a789aa45dadf10e957802cac867cb96ab78a62a1e3f6,other_artifact,B104A,supporting_analysis,B104A assistant-generated investigation artifact: validate_B104A_delivery.stdout.,normal_git,zip_member,B104A_exact_GO_reconstruction_bundle_20260828T152026Z.zip,B104A/logs/validate_B104A_delivery.stdout,1,0
results/actual_input_file_manifest_through_B104_20260828T032243Z.csv,34069,afeea0d73ec90565a58273d576a2ea82cb2151eecc9c103d59a4670202f9d1a2,provenance_manifest,,historical_or_supporting,Manifest of actual materialized inputs used by the analysis at that point in time.,normal_git,direct_current,actual_input_file_manifest_through_B104_20260828T032243Z.csv,results/actual_input_file_manifest_through_B104_20260828T032243Z.csv,2,1
bundle_only/B104B_MSigDB_term_selection_handoff_bundle_20260828T161826Z/B104B_20260828T161826Z/analysis/B104B_label_column_order_correlations_20260828T155633Z.csv,225,b083e61471c5595a523fe383922c0051ec5320eef78b0f19439930864fec5e86,analysis_result_or_derived_data,,supporting_analysis,"Investigator handoff summarizing methods, findings, caveats, and next tests.",normal_git,zip_member,B104B_MSigDB_term_selection_handoff_bundle_20260828T161826Z.zip,B104B_20260828T161826Z/analysis/B104B_label_column_order_correlations_20260828T155633Z.csv,1,0
bundle_only/B104_release158_analysis_bundle_20260828T032801Z/B104/B104_evidence_mask_results_20260828T030759Z.json,18016,b09483c26577707f9cda72d9e10e1bf8d8ddfed6af1f87f2dae4ebc6e5657fb0,analysis_result_or_derived_data,B104,historical_or_supporting,B104 analysis result or compact derived dataset: B104_evidence_mask_results_20260828T030759Z.json.,normal_git,zip_member,B104_release158_analysis_bundle_20260828T032801Z.zip,B104/B104_evidence_mask_results_20260828T030759Z.json,1,0
batches/B104_20260828T030759Z/analysis/B104_v159_residual_false_positive_witness_rows_20260828T030759Z.csv.gz,16138,b0c8d0fab90ce6f8d6afac00c9ff7fe44173eced4a6bfadbcdfde3142201a825,analysis_result_or_derived_data,,historical_foundation,Witness rows for false positives from an intermediate GO reconstruction before qualifier/mapping corrections.,normal_git,direct_current,B104_v159_residual_false_positive_witness_rows_20260828T030759Z.csv.gz,batches/B104_20260828T030759Z/analysis/B104_v159_residual_false_positive_witness_rows_20260828T030759Z.csv.gz,2,1
bundle_only/B104A_exact_GO_reconstruction_bundle_20260828T152026Z/B104A/analysis/B104A_depth_breadth_group_comparisons_20260828T145842Z.csv,3002,b0fe2bde9f0a7dd9f4b2e5bf2ff73f477c91058c2b8bc4aed50dfbfc8a343744,analysis_result_or_derived_data,B104A,supporting_analysis,B104A analysis result or compact derived dataset: B104A_depth_breadth_group_comparisons_20260828T145842Z.csv.,normal_git,zip_member,B104A_exact_GO_reconstruction_bundle_20260828T152026Z.zip,B104A/analysis/B104A_depth_breadth_group_comparisons_20260828T145842Z.csv,1,0
bundle_only/B104B_MSigDB_term_selection_handoff_bundle_20260828T161826Z/B104B_20260828T161826Z/provenance_events_through_B104B_PREBUNDLE_20260828T161826Z.csv,19656,b156e363baf8f7233b88afa3581f7feaba475479cfbda6b1a8fba72cb467c3f7,provenance_manifest,,supporting_analysis,"Append-only provenance-event history, including receipt, validation, and deletion states.",normal_git,zip_member,B104B_MSigDB_term_selection_handoff_bundle_20260828T161826Z.zip,B104B_20260828T161826Z/provenance_events_through_B104B_PREBUNDLE_20260828T161826Z.csv,1,0
bundle_only/B104D_column_order_date_range_uniprot_bundle_20260829T010311Z/B104D_delivery_20260829T010311Z/analysis/B104D_outer_pair_column_order_summary.json,917,b215b3e0620fd67d1dcd6686e9ccdb542d3dbb1e296bfc767bd00cbf0840391b,analysis_result_or_derived_data,,supporting_analysis,analysis result or compact derived dataset: B104D_outer_pair_column_order_summary.json.,normal_git,zip_member,B104D_column_order_date_range_uniprot_bundle_20260829T010311Z.zip,B104D_delivery_20260829T010311Z/analysis/B104D_outer_pair_column_order_summary.json,1,0
bundle_only/B104E_GOA_date_UniProt_feature_rule_bundle_20260829T122734Z/B104E/retained_inputs/uniprot_2016_mapping_audit/uniprot_2016_mapping_audit_ledger.csv,3358,b2935c37f5aae16675bdd412d00257d84435406548313e61a7b2ca5eeee74378,retained_normalized_input,B104E,supporting_analysis,B104E compact normalized retained input used for later reproducibility: uniprot_2016_mapping_audit_ledger.csv.,normal_git,zip_member,B104E_GOA_date_UniProt_feature_rule_bundle_20260829T122734Z.zip,B104E/retained_inputs/uniprot_2016_mapping_audit/uniprot_2016_mapping_audit_ledger.csv,2,1
batches/B104A_20260828T145842Z/B104A_INDEPENDENT_SET_VALIDATION_20260828T145842Z.json,26925,b2b20fb221a7b2418404f30fc769c35699e382f2566d7d7f9f6dedae44b46ab9,validation_or_checksum,,supporting_analysis,Machine-readable validation checks for the associated analysis or delivery.,normal_git,direct_current,B104A_INDEPENDENT_SET_VALIDATION_20260828T145842Z.json,batches/B104A_20260828T145842Z/B104A_INDEPENDENT_SET_VALIDATION_20260828T145842Z.json,2,1
bundle_only/B104F_full_label_class_validation_bundle_20260829T140333Z/B104F_20260829T140333Z/retained_inputs/B104_accession_GeneID_mapping_edges_20260828T030759Z.csv.gz,45549,b32dc309aad418954a20eab90396d7001597a8748fa475f633f84f6b0de99856,retained_normalized_input,,supporting_analysis,Complete retained UniProt accession-to-GeneID mapping edge table.,normal_git,zip_member,B104F_full_label_class_validation_bundle_20260829T140333Z.zip,B104F_20260829T140333Z/retained_inputs/B104_accession_GeneID_mapping_edges_20260828T030759Z.csv.gz,3,2
bundle_only/ppi_reproduction_analysis_bundle/scripts/public_code_search.py,1801,b3809b22599abbb2feca6a38c60aefa54118210698f2156fb16a8f15e86265ea,script,,historical_or_supporting,"analysis, download, validation, or packaging script: public_code_search.py.",normal_git,zip_member,ppi_reproduction_analysis_bundle.zip,scripts/public_code_search.py,1,0
batches/B104D_20260829T010311Z/B104D_DELETION_CLEARANCE_20260829T010311Z.md,1004,b4291a3a6db80b8c470e2c7e46128f2c4215fd25f89e524165f6bf8155192d3c,batch_administration,,supporting_analysis,Batch-specific record authorizing deletion of raw conversation attachments after retention checks.,normal_git,direct_current,B104D_DELETION_CLEARANCE_20260829T010311Z.md,batches/B104D_20260829T010311Z/B104D_DELETION_CLEARANCE_20260829T010311Z.md,2,1
bundle_only/B104_release158_analysis_bundle_20260828T032801Z/B104/logs/analyze_B104_alternative_hypotheses.stdout,2562,b44de6f4121e0252685fef9dc964c7151618b772d71e4ca14fc2bf49ee74431b,other_artifact,B104,historical_or_supporting,B104 assistant-generated investigation artifact: analyze_B104_alternative_hypotheses.stdout.,normal_git,zip_member,B104_release158_analysis_bundle_20260828T032801Z.zip,B104/logs/analyze_B104_alternative_hypotheses.stdout,1,0
results/B104I_FINAL_DELIVERY_VALIDATION_20260830T114918Z.json,1143,b4756c033eed273286b09bcc161048d560d7e6960c64897806abf9a674fc17ba,validation_or_checksum,,current_core,Machine-readable validation checks for the associated analysis or delivery.,normal_git,direct_current,B104I_FINAL_DELIVERY_VALIDATION_20260830T114918Z.json,results/B104I_FINAL_DELIVERY_VALIDATION_20260830T114918Z.json,1,0
bundle_only/ppi_reproduction_corrected_bundle/ppi_repro_corrected/results/dgl_transformation_verification.json,2582,b4d60f38f9ca2111ccb3b5eabe0022e5c1e067ebc4e3890864e4d07c1a707cda,analysis_result_or_derived_data,,historical_or_supporting,analysis result or compact derived dataset: dgl_transformation_verification.json.,normal_git,zip_member,ppi_reproduction_corrected_bundle.zip,ppi_repro_corrected/results/dgl_transformation_verification.json,1,0
bundle_only/ppi_reproduction_analysis_bundle/results/humanbase_discovery.md,695,b4ecc2189b8b926c895a7bb79f859ffee080cdf9252aa8ae8cb31389eea32dc2,documentation,,historical_or_supporting,assistant-generated investigation artifact: humanbase_discovery.md.,normal_git,zip_member,ppi_reproduction_analysis_bundle.zip,results/humanbase_discovery.md,1,0
bundle_only/B104E_GOA_date_UniProt_feature_rule_bundle_20260829T122734Z/B104E/logs/summarize_goa_date_screen.stdout,934,b50f321b503bf2d4e7af05f80ee154ed3fe21618b31e9d34684206f81ea575f7,other_artifact,B104E,supporting_analysis,B104E assistant-generated investigation artifact: summarize_goa_date_screen.stdout.,normal_git,zip_member,B104E_GOA_date_UniProt_feature_rule_bundle_20260829T122734Z.zip,B104E/logs/summarize_goa_date_screen.stdout,2,1
bundle_only/B104_release158_analysis_bundle_20260828T032801Z/B104/analysis/B104_gpad_ECO_projection_multiplicity_20260828T030759Z.csv.gz,6985,b56959e1da3aee1300bb56169ebcc76e4fda68ef38d05987f964c6ed43f9d109,analysis_result_or_derived_data,B104,historical_or_supporting,B104 analysis result or compact derived dataset: B104_gpad_ECO_projection_multiplicity_20260828T030759Z.csv.gz.,normal_git,zip_member,B104_release158_analysis_bundle_20260828T032801Z.zip,B104/analysis/B104_gpad_ECO_projection_multiplicity_20260828T030759Z.csv.gz,1,0
batches/B104H_20260830T110259Z/build_B104H_node_mapping_artifacts.py,14167,b58455b002bb6aaa2bfdb51dcba42321f16673a06da2469f587fe305cc0a7319,script,,current_core,"analysis, download, validation, or packaging script: build_B104H_node_mapping_artifacts.py.",normal_git,direct_current,build_B104H_node_mapping_artifacts.py,batches/B104H_20260830T110259Z/build_B104H_node_mapping_artifacts.py,2,1
batches/B104A_20260828T145842Z/B104A_REPORT_20260828T145842Z.md,19436,b5c7d978db6d28d3bb47346c091a5353616353f079587b05317a20bca2dd2625,report_or_documentation,,supporting_analysis,Narrative scientific and provenance report for the associated analysis batch.,normal_git,direct_current,B104A_REPORT_20260828T145842Z.md,batches/B104A_20260828T145842Z/B104A_REPORT_20260828T145842Z.md,2,1
bundle_only/B104A_exact_GO_reconstruction_bundle_20260828T152026Z/B104A/analysis/B104A_default_relation_aspect_specific_evidence_mask_search_top50_each_20260828T145842Z.csv,10309,b60417aeeacb4a5dee88390b4c852ae07e890f40630bce054847c4880c314255,analysis_result_or_derived_data,B104A,supporting_analysis,B104A analysis result or compact derived dataset: B104A_default_relation_aspect_specific_evidence_mask_search_top50_each_20260828T145842Z.csv.,normal_git,zip_member,B104A_exact_GO_reconstruction_bundle_20260828T152026Z.zip,B104A/analysis/B104A_default_relation_aspect_specific_evidence_mask_search_top50_each_20260828T145842Z.csv,1,0
batches/B104H_20260830T110259Z/B104H_SOURCE_PROVENANCE_AND_NEXT_PRIORITIES_20260830T110259Z.md,5019,b63c2ab32bd95ba94246f232338401599301e43d288529fcaa29b52073d99d75,documentation,,current_core,assistant-generated investigation artifact: B104H_SOURCE_PROVENANCE_AND_NEXT_PRIORITIES_20260830T110259Z.md.,normal_git,direct_current,B104H_SOURCE_PROVENANCE_AND_NEXT_PRIORITIES_20260830T110259Z.md,batches/B104H_20260830T110259Z/B104H_SOURCE_PROVENANCE_AND_NEXT_PRIORITIES_20260830T110259Z.md,2,1
batches/B104E_20260829T121535Z/B104E_DELETION_CLEARANCE_20260829T122734Z.md,1261,b67cdca25eeb417a09438b12133fe1b4823af4182e1a7be6f59d6b09b8bbabbc,batch_administration,,supporting_analysis,Batch-specific record authorizing deletion of raw conversation attachments after retention checks.,normal_git,direct_current,B104E_DELETION_CLEARANCE_20260829T122734Z.md,batches/B104E_20260829T121535Z/B104E_DELETION_CLEARANCE_20260829T122734Z.md,2,1
bundle_only/ppi_reproduction_corrected_bundle/ppi_repro_corrected/results/dgl_component_assignment.csv,861,b76360dbf149133385821fe981517c844b191406800e2f67d74659eb21eff249,analysis_result_or_derived_data,,historical_or_supporting,analysis result or compact derived dataset: dgl_component_assignment.csv.,normal_git,zip_member,ppi_reproduction_corrected_bundle.zip,ppi_repro_corrected/results/dgl_component_assignment.csv,1,0
bundle_only/B104E_GOA_date_UniProt_feature_rule_bundle_20260829T122734Z/results/source_ledger_through_B104E_PREBUNDLE_20260829T122734Z.csv,476747,b767893c4075d77f9d3b7157e375a10a490f8286dcd3a58c3a118d8fd5618ead,provenance_manifest,,supporting_analysis,Append-only source and artifact provenance ledger.,normal_git,zip_member,B104E_GOA_date_UniProt_feature_rule_bundle_20260829T122734Z.zip,results/source_ledger_through_B104E_PREBUNDLE_20260829T122734Z.csv,1,0
bundle_only/B102_gp2protein_analysis_bundle_20260827T163101Z/B102/source_ledger_through_B102_20260827T163101Z.md,39736,b76a6d606b6ba1950d7fca9cfa881bda0066081648f17366c5527bbe0c9cd4f4,provenance_manifest,B102,historical_foundation,Append-only source and artifact provenance ledger.,normal_git,zip_member,B102_gp2protein_analysis_bundle_20260827T163101Z.zip,B102/source_ledger_through_B102_20260827T163101Z.md,1,0
bundle_only/B104C_MSigDB50_column_order_bundle_20260828T200948Z/B104C_delivery_20260828T200948Z/analysis/B104C_extended_order_best_model_20260828T194921Z.json,2667,b88645adf7019fcb22ddaef480c6aed94d3912efddcdd409aea76939be4af0fb,analysis_result_or_derived_data,,supporting_analysis,analysis result or compact derived dataset: B104C_extended_order_best_model_20260828T194921Z.json.,normal_git,zip_member,B104C_MSigDB50_column_order_bundle_20260828T200948Z.zip,B104C_delivery_20260828T200948Z/analysis/B104C_extended_order_best_model_20260828T194921Z.json,1,0
batches/B104G_20260829T150633Z/B104G_REPRODUCTION_INSTRUCTIONS_20260829T151452Z.md,3580,b9303ed2a4b0d530f5103b32afd102c4c16a83a7b285b8be777653e9c3633c46,report_or_documentation,,current_core,Instructions for reproducing the associated analysis from retained inputs.,normal_git,direct_current,B104G_REPRODUCTION_INSTRUCTIONS_20260829T151452Z.md,batches/B104G_20260829T150633Z/B104G_REPRODUCTION_INSTRUCTIONS_20260829T151452Z.md,2,1
bundle_only/B104G_full_row_and_label_resolution_bundle_20260829T151452Z/B104G/analysis/B104G_graph_selection_open_question_summary.json,941,b93c72e8564a53395a694c835c72aa2714c0e2c7b700e680adcaae8dbbc8f9a0,analysis_result_or_derived_data,B104G,current_core,B104G analysis result or compact derived dataset: B104G_graph_selection_open_question_summary.json.,normal_git,zip_member,B104G_full_row_and_label_resolution_bundle_20260829T151452Z.zip,B104G/analysis/B104G_graph_selection_open_question_summary.json,1,0
bundle_only/B104D_column_order_date_range_uniprot_bundle_20260829T010311Z/B104D_delivery_20260829T010311Z/logs/outerpair_reduced.stdout,1649,b972ed152eb17dd90ae4560aedaf5d15a9c34e607335b238f55304b2ce254b55,other_artifact,,supporting_analysis,assistant-generated investigation artifact: outerpair_reduced.stdout.,normal_git,zip_member,B104D_column_order_date_range_uniprot_bundle_20260829T010311Z.zip,B104D_delivery_20260829T010311Z/logs/outerpair_reduced.stdout,1,0
bundle_only/B104F_full_label_class_validation_bundle_20260829T140333Z/B104F_20260829T140333Z/scripts/audit_uploaded_dhimmel_files.py,2280,b9cc22b19d44f59d82132f1d9e4d6959e53b74157718a661e1211a253892b4ce,script,,supporting_analysis,Machine-readable validation checks for the associated analysis or delivery.,normal_git,zip_member,B104F_full_label_class_validation_bundle_20260829T140333Z.zip,B104F_20260829T140333Z/scripts/audit_uploaded_dhimmel_files.py,1,0
batches/B104A_20260828T145842Z/B104A_gene_property_summary_20260828T145842Z.json,2932,bb40df61bacb6c338d16843afe1600c7daeff6850a32d8618b57fad0a18280b4,analysis_result_or_derived_data,,supporting_analysis,analysis result or compact derived dataset: B104A_gene_property_summary_20260828T145842Z.json.,normal_git,direct_current,B104A_gene_property_summary_20260828T145842Z.json,batches/B104A_20260828T145842Z/B104A_gene_property_summary_20260828T145842Z.json,2,1
bundle_only/B104E_GOA_date_UniProt_feature_rule_bundle_20260829T122734Z/B104E/logs/validate_uploaded_audit_archives.stdout,64,bbfa34ec9e8ef88756310158218b11784ed75e82daa3dd6dfbd490e5cbad3773,other_artifact,B104E,supporting_analysis,B104E assistant-generated investigation artifact: validate_uploaded_audit_archives.stdout.,normal_git,zip_member,B104E_GOA_date_UniProt_feature_rule_bundle_20260829T122734Z.zip,B104E/logs/validate_uploaded_audit_archives.stdout,1,0
bundle_only/ppi_reproduction_analysis_bundle/results/core_reproduction.stdout,99,bbfa6cadd4d41a40a93ff677eeb3e36c6933d6963ebd3403810236de9bf55ab9,other_artifact,,historical_or_supporting,assistant-generated investigation artifact: core_reproduction.stdout.,normal_git,zip_member,ppi_reproduction_analysis_bundle.zip,results/core_reproduction.stdout,1,0
bundle_only/ppi_reproduction_analysis_bundle/results/label_source_search.stderr,435,bc48e31e3671ef9e67df6f2cd9a0cddc92d8b072fb23df4ac667220a3849e56c,other_artifact,,historical_or_supporting,assistant-generated investigation artifact: label_source_search.stderr.,normal_git,zip_member,ppi_reproduction_analysis_bundle.zip,results/label_source_search.stderr,1,0
bundle_only/ppi_reproduction_analysis_bundle/scripts/label_source_search.py,33711,bc537d12722f4ea83a2fb8bb2ece44e5f680b2f93ef94574d2bb3daf7e295244,script,,historical_or_supporting,"analysis, download, validation, or packaging script: label_source_search.py.",normal_git,zip_member,ppi_reproduction_analysis_bundle.zip,scripts/label_source_search.py,1,0
bundle_only/B104G_full_row_and_label_resolution_bundle_20260829T151452Z/B104G/analysis/B104G_node_order_model_controls.csv,341,bcb43b464199469ea8f163fa25a64ada1e78afbf55794c2f9a126141d84d78e7,analysis_result_or_derived_data,B104G,current_core,B104G analysis result or compact derived dataset: B104G_node_order_model_controls.csv.,normal_git,zip_member,B104G_full_row_and_label_resolution_bundle_20260829T151452Z.zip,B104G/analysis/B104G_node_order_model_controls.csv,1,0
bundle_only/ppi_reproduction_corrected_bundle/ppi_repro_corrected/results/feature_column_mapping.csv,7670,be22af448afae0aebccafc16e94e3e916caf2cbf7d46e1686b7d475c29e4939a,analysis_result_or_derived_data,,historical_or_supporting,analysis result or compact derived dataset: feature_column_mapping.csv.,normal_git,zip_member,ppi_reproduction_corrected_bundle.zip,ppi_repro_corrected/results/feature_column_mapping.csv,1,0
bundle_only/ppi_reproduction_corrected_bundle/ppi_repro_corrected/results/local_label_source_screen.stderr,1079,bfbaef32806945b073b4ec4009a435fe9a4565e64c3364a17e4519e35d1561f7,other_artifact,,historical_or_supporting,assistant-generated investigation artifact: local_label_source_screen.stderr.,normal_git,zip_member,ppi_reproduction_corrected_bundle.zip,ppi_repro_corrected/results/local_label_source_screen.stderr,1,0
bundle_only/B104A_exact_GO_reconstruction_bundle_20260828T152026Z/B104A/analysis/B104A_remaining_13_pair_details_20260828T145842Z.csv,3514,bfdec50b3776d5d1f28b712d4bb4db9748ab847c84969e5999047f233734b833,analysis_result_or_derived_data,B104A,supporting_analysis,B104A analysis result or compact derived dataset: B104A_remaining_13_pair_details_20260828T145842Z.csv.,normal_git,zip_member,B104A_exact_GO_reconstruction_bundle_20260828T152026Z.zip,B104A/analysis/B104A_remaining_13_pair_details_20260828T145842Z.csv,1,0
bundle_only/B104A_exact_GO_reconstruction_bundle_20260828T152026Z/B104A/analysis/B104A_default_relation_aspect_specific_evidence_mask_search_all_20260828T145842Z.csv.gz,255530,c02e82f868961a4c595d0a585cbbd1552277c4f5433e3c6754cc29e663256300,analysis_result_or_derived_data,B104A,supporting_analysis,B104A analysis result or compact derived dataset: B104A_default_relation_aspect_specific_evidence_mask_search_all_20260828T145842Z.csv.gz.,normal_git,zip_member,B104A_exact_GO_reconstruction_bundle_20260828T152026Z.zip,B104A/analysis/B104A_default_relation_aspect_specific_evidence_mask_search_all_20260828T145842Z.csv.gz,1,0
bundle_only/B104D_column_order_date_range_uniprot_bundle_20260829T010311Z/B104D_delivery_20260829T010311Z/analysis/B104D_date_screen_self_test_releases158_159.csv,1112,c1fdd7a2b669daa870a3f914a797894222d663b52b2c9cda2c9c7a73be517adf,analysis_result_or_derived_data,,supporting_analysis,analysis result or compact derived dataset: B104D_date_screen_self_test_releases158_159.csv.,normal_git,zip_member,B104D_column_order_date_range_uniprot_bundle_20260829T010311Z.zip,B104D_delivery_20260829T010311Z/analysis/B104D_date_screen_self_test_releases158_159.csv,1,0
bundle_only/B104_release158_analysis_bundle_20260828T032801Z/B104/B104_gaf_gpad_reconciliation_20260828T030759Z.json,611,c2fc125ec2742108d11cd7f97843c0cd9f6c12e3e814cfcc85a2cdda81d6c64c,analysis_result_or_derived_data,B104,historical_or_supporting,B104 analysis result or compact derived dataset: B104_gaf_gpad_reconciliation_20260828T030759Z.json.,normal_git,zip_member,B104_release158_analysis_bundle_20260828T032801Z.zip,B104/B104_gaf_gpad_reconciliation_20260828T030759Z.json,2,1
bundle_only/B104E_GOA_date_UniProt_feature_rule_bundle_20260829T122734Z/B104E/logs/screen_msigdb_feature_versions.stdout,4214,c309facbb2fcd2458dca59a0926276f47cdabc4c022cf482e3f1ed703f648bf3,other_artifact,B104E,supporting_analysis,B104E assistant-generated investigation artifact: screen_msigdb_feature_versions.stdout.,normal_git,zip_member,B104E_GOA_date_UniProt_feature_rule_bundle_20260829T122734Z.zip,B104E/logs/screen_msigdb_feature_versions.stdout,1,0
batches/B104G_20260829T150633Z/B104G_UPDATED_AGENT_HANDOFF_20260829T151452Z.md,3871,c381cbaf744127cd8a9d14c09fcb55a8ebdaf0b683aea075d13703d26ccdcb7a,report_or_documentation,,current_core,"Investigator handoff summarizing methods, findings, caveats, and next tests.",normal_git,direct_current,B104G_UPDATED_AGENT_HANDOFF_20260829T151452Z.md,batches/B104G_20260829T150633Z/B104G_UPDATED_AGENT_HANDOFF_20260829T151452Z.md,2,1
bundle_only/B104_release158_analysis_bundle_20260828T032801Z/B104/analysis/B104_release158_to_159_gene_label_changes_20260828T030759Z.csv.gz,9581,c384fb9f43bb5fe1a931537ce83bc839892d6ad43cb209c4c0c4d09d8a495b8c,analysis_result_or_derived_data,B104,historical_or_supporting,B104 analysis result or compact derived dataset: B104_release158_to_159_gene_label_changes_20260828T030759Z.csv.gz.,normal_git,zip_member,B104_release158_analysis_bundle_20260828T032801Z.zip,B104/analysis/B104_release158_to_159_gene_label_changes_20260828T030759Z.csv.gz,1,0
bundle_only/B104C_MSigDB50_column_order_bundle_20260828T200948Z/B104C_delivery_20260828T200948Z/scripts/__pycache__/validate_B104C_delivery.cpython-313.pyc,11747,c3fc639fa4ee591f1e47deef904e11c44a09d24c27b8ebced15c49389098db56,script,,supporting_analysis,"analysis, download, validation, or packaging script: validate_B104C_delivery.cpython-313.pyc.",normal_git,zip_member,B104C_MSigDB50_column_order_bundle_20260828T200948Z.zip,B104C_delivery_20260828T200948Z/scripts/__pycache__/validate_B104C_delivery.cpython-313.pyc,1,0
batches/B104I_20260830T114918Z/B104I_GRAPHSAGE_GITHUB_ISSUES_TRACKER_20260830T114918Z.csv,2414,c40e21b44e67eade3ba84036e1bfe72a83775eb25d2b31140b02bb1c866a07a5,analysis_result_or_derived_data,,current_core,"Tracker of GraphSAGE GitHub issues relevant to dataset provenance, mappings, features, and evaluation.",normal_git,direct_current,B104I_GRAPHSAGE_GITHUB_ISSUES_TRACKER_20260830T114918Z.csv,batches/B104I_20260830T114918Z/B104I_GRAPHSAGE_GITHUB_ISSUES_TRACKER_20260830T114918Z.csv,2,1
bundle_only/B104F_full_label_class_validation_bundle_20260829T140333Z/B104F_20260829T140333Z/scripts/analyze_full_label_class_multisets.py,14849,c4e88532da7207272801a201bfff7a5d9e2baff5956b67ca1807d782839f5a79,script,,supporting_analysis,Machine-readable validation checks for the associated analysis or delivery.,normal_git,zip_member,B104F_full_label_class_validation_bundle_20260829T140333Z.zip,B104F_20260829T140333Z/scripts/analyze_full_label_class_multisets.py,1,0
bundle_only/B104C_MSigDB50_column_order_bundle_20260828T200948Z/B104C_delivery_20260828T200948Z/logs/normalize_msigdb50.stdout,173,c58239669055770dafd02e4fa50dda6192b75303ade8b6640dafff2afce35412,other_artifact,,supporting_analysis,assistant-generated investigation artifact: normalize_msigdb50.stdout.,normal_git,zip_member,B104C_MSigDB50_column_order_bundle_20260828T200948Z.zip,B104C_delivery_20260828T200948Z/logs/normalize_msigdb50.stdout,1,0
bundle_only/B102_gp2protein_analysis_bundle_20260827T163101Z/B102/scripts/finalize_B102_delivery.py,62238,c59ee73338d4465016490cd8980dc059b0ab8155c7b19d05e2d12b6ee9b3a175,script,B102,historical_foundation,"B102 analysis, download, validation, or packaging script: finalize_B102_delivery.py.",normal_git,zip_member,B102_gp2protein_analysis_bundle_20260827T163101Z.zip,B102/scripts/finalize_B102_delivery.py,1,0
bundle_only/ppi_reproduction_analysis_bundle/results/public_code_search.md,1078,c5fc1fcc250ea7152361a0956c8a775b08585e074d70cb0921d53f06310eaf56,documentation,,historical_or_supporting,assistant-generated investigation artifact: public_code_search.md.,normal_git,zip_member,ppi_reproduction_analysis_bundle.zip,results/public_code_search.md,1,0
bundle_only/B104C_MSigDB50_column_order_bundle_20260828T200948Z/B104C_delivery_20260828T200948Z/analysis/B104C_python2_hash_table_size_fingerprint_20260828T194921Z.csv,1218,c60074c7d0d5980fe9e885737df9bf1a18d1ab0c6f4deb5a6c16f916717846bd,analysis_result_or_derived_data,,supporting_analysis,analysis result or compact derived dataset: B104C_python2_hash_table_size_fingerprint_20260828T194921Z.csv.,normal_git,zip_member,B104C_MSigDB50_column_order_bundle_20260828T200948Z.zip,B104C_delivery_20260828T200948Z/analysis/B104C_python2_hash_table_size_fingerprint_20260828T194921Z.csv,1,0
bundle_only/B104A_exact_GO_reconstruction_bundle_20260828T152026Z/B104A/analysis/B104A_special_gene_group_comparisons_20260828T145842Z.csv,4561,c602c02b5d0d0a0a5c8076f46905e2c565f448758238009de650c1ed8d7a5f85,analysis_result_or_derived_data,B104A,supporting_analysis,B104A analysis result or compact derived dataset: B104A_special_gene_group_comparisons_20260828T145842Z.csv.,normal_git,zip_member,B104A_exact_GO_reconstruction_bundle_20260828T152026Z.zip,B104A/analysis/B104A_special_gene_group_comparisons_20260828T145842Z.csv,1,0
results/input_verification_log.csv,4107,c62c6d36b52177efea7e8ecd32ad0dc089ad5a8e7a5361a57632978893b1ce95,analysis_result_or_derived_data,,historical_or_supporting,analysis result or compact derived dataset: input_verification_log.csv.,normal_git,direct_current,input_verification_log.csv,results/input_verification_log.csv,2,1
results/B102_bundle_sha256_20260827T163101Z.txt,119,c6a978c1ee6a9ef45894567c2604623729981904ebcdabf30623364e18a7ed65,validation_or_checksum,,historical_foundation,assistant-generated investigation artifact: B102_bundle_sha256_20260827T163101Z.txt.,normal_git,direct_current,B102_bundle_sha256_20260827T163101Z.txt,results/B102_bundle_sha256_20260827T163101Z.txt,1,0
bundle_only/B101_goa159_analysis_bundle_20260827T152736Z/B101/B101_provenance_events_20260827T152736Z.csv,5578,c77ca1cdb3d4377f2b00fbb086376037e77325ece0449845d050dc5739341be5,provenance_manifest,B101,historical_foundation,"Append-only provenance-event history, including receipt, validation, and deletion states.",normal_git,zip_member,B101_goa159_analysis_bundle_20260827T152736Z.zip,B101/B101_provenance_events_20260827T152736Z.csv,1,0
bundle_only/B104E_GOA_date_UniProt_feature_rule_bundle_20260829T122734Z/B104E/scripts/finalize_B104E_delivery.py,42618,c7f30a971bbe11931adc5ffdb4182dc15239e3ba223f25f506ff904ca4bea80d,script,B104E,supporting_analysis,"B104E analysis, download, validation, or packaging script: finalize_B104E_delivery.py.",normal_git,zip_member,B104E_GOA_date_UniProt_feature_rule_bundle_20260829T122734Z.zip,B104E/scripts/finalize_B104E_delivery.py,1,0
batches/B104I_20260830T114918Z/B104I_GRAPHSAGE_GITHUB_ISSUES_TRACKER_20260830T114918Z.md,3445,c8f32e481409187b4a132bae412504b33214454f73e711c6f320d0fdde62a3d1,documentation,,current_core,"Tracker of GraphSAGE GitHub issues relevant to dataset provenance, mappings, features, and evaluation.",normal_git,direct_current,B104I_GRAPHSAGE_GITHUB_ISSUES_TRACKER_20260830T114918Z.md,batches/B104I_20260830T114918Z/B104I_GRAPHSAGE_GITHUB_ISSUES_TRACKER_20260830T114918Z.md,2,1
batches/B104D_20260829T010311Z/scripts/package_uniprot_audit_outputs.py,9632,c9978b763ee425cee10f2cdd15c222374553e405dafd55cbf0cd88dccbf531b1,script,,supporting_analysis,"analysis, download, validation, or packaging script: package_uniprot_audit_outputs.py.",normal_git,direct_current,package_uniprot_audit_outputs.py,batches/B104D_20260829T010311Z/scripts/package_uniprot_audit_outputs.py,2,1
bundle_only/B104A_exact_GO_reconstruction_bundle_20260828T152026Z/B104A/scripts/build_B104A_provenance.py,13750,c9b64784855cff36b30dac8d34462968e411bc3ffb41ec232dc9d6cedc4ac70b,script,B104A,supporting_analysis,"B104A analysis, download, validation, or packaging script: build_B104A_provenance.py.",normal_git,zip_member,B104A_exact_GO_reconstruction_bundle_20260828T152026Z.zip,B104A/scripts/build_B104A_provenance.py,1,0
bundle_only/ppi_reproduction_corrected_bundle/ppi_repro_corrected/results/build_full_source_ledger.stdout,205,c9b9cf9b3db4117158acb163bea1178315c0a487aaeba10904153bc114fab2d3,provenance_manifest,,historical_or_supporting,Append-only source and artifact provenance ledger.,normal_git,zip_member,ppi_reproduction_corrected_bundle.zip,ppi_repro_corrected/results/build_full_source_ledger.stdout,1,0
bundle_only/B104E_GOA_date_UniProt_feature_rule_bundle_20260829T122734Z/B104E/retained_inputs/uniprot_2016_mapping_audit/2016_06/O95073_Q9Y620_2016_06.dat,19479,c9ef724cb42304f4b9271fb41d6ac92e6ec590a39605dc38527b8f85fc65385f,retained_normalized_input,B104E,supporting_analysis,B104E compact normalized retained input used for later reproducibility: O95073_Q9Y620_2016_06.dat.,normal_git,zip_member,B104E_GOA_date_UniProt_feature_rule_bundle_20260829T122734Z.zip,B104E/retained_inputs/uniprot_2016_mapping_audit/2016_06/O95073_Q9Y620_2016_06.dat,1,0
bundle_only/ppi_reproduction_corrected_bundle/ppi_repro_corrected/results/wl_tissue_summary.csv,991,ca0faa1d0d7eaa8ef63a2f531dba557a3796992f45c0b68ec3acc34260326cb2,analysis_result_or_derived_data,,historical_or_supporting,analysis result or compact derived dataset: wl_tissue_summary.csv.,normal_git,zip_member,ppi_reproduction_corrected_bundle.zip,ppi_repro_corrected/results/wl_tissue_summary.csv,1,0
bundle_only/B104A_exact_GO_reconstruction_bundle_20260828T152026Z/B104A/derived/B104A_reconstructed_exact_label_matrix_20260828T145842Z.csv.gz,83862,ca11929aeb20b01449278292f12f6489b3923aa352f307786c68e63200145c15,analysis_result_or_derived_data,B104A,supporting_analysis,B104A analysis result or compact derived dataset: B104A_reconstructed_exact_label_matrix_20260828T145842Z.csv.gz.,normal_git,zip_member,B104A_exact_GO_reconstruction_bundle_20260828T152026Z.zip,B104A/derived/B104A_reconstructed_exact_label_matrix_20260828T145842Z.csv.gz,1,0
bundle_only/B104A_exact_GO_reconstruction_bundle_20260828T152026Z/B104A/scripts/finish_B104A_graph_summary.py,5743,ca2de0aacdfc1a39602e7afa6f2ce7aeb8a4a4144e5d0ae82ac9d37b5b810bf2,script,B104A,supporting_analysis,"B104A analysis, download, validation, or packaging script: finish_B104A_graph_summary.py.",normal_git,zip_member,B104A_exact_GO_reconstruction_bundle_20260828T152026Z.zip,B104A/scripts/finish_B104A_graph_summary.py,1,0
bundle_only/ppi_reproduction_corrected_bundle/ppi_repro_corrected/results/ohmnet_same_tissue_label_screen_best.csv,12371,cae495550f7700b009c1b0ddf4f12f24e747b26c624e53dc4d0ff79a90031101,analysis_result_or_derived_data,,historical_or_supporting,analysis result or compact derived dataset: ohmnet_same_tissue_label_screen_best.csv.,normal_git,zip_member,ppi_reproduction_corrected_bundle.zip,ppi_repro_corrected/results/ohmnet_same_tissue_label_screen_best.csv,1,0
bundle_only/ppi_reproduction_corrected_bundle/ppi_repro_corrected/results/input_verification.stdout,131,cd06fd1cfa0b00c7aeb62c0ad7631af16a1ded134d9f3b11f1ff454e24ee2f5b,other_artifact,,historical_or_supporting,assistant-generated investigation artifact: input_verification.stdout.,normal_git,zip_member,ppi_reproduction_corrected_bundle.zip,ppi_repro_corrected/results/input_verification.stdout,1,0
bundle_only/B102_gp2protein_analysis_bundle_20260827T163101Z/B102/superseded_attempt_logs/20260827T161829Z/STATUS_AND_REASON.txt,198,ce380d6d7e61130b9db99df26dce7c7d72ed2d1a4c6881d273686d628e6704f5,documentation,B102,historical_foundation,B102 assistant-generated investigation artifact: STATUS_AND_REASON.txt.,normal_git,zip_member,B102_gp2protein_analysis_bundle_20260827T163101Z.zip,B102/superseded_attempt_logs/20260827T161829Z/STATUS_AND_REASON.txt,1,0
bundle_only/B104E_GOA_date_UniProt_feature_rule_bundle_20260829T122734Z/B104E/scripts/analyze_feature_rule_identifiability.py,2125,ce9b0b2933d32d5584011642b258766a986464beb5154f8392497d4284bcd3cc,script,B104E,supporting_analysis,"B104E analysis, download, validation, or packaging script: analyze_feature_rule_identifiability.py.",normal_git,zip_member,B104E_GOA_date_UniProt_feature_rule_bundle_20260829T122734Z.zip,B104E/scripts/analyze_feature_rule_identifiability.py,1,0
bundle_only/B104B_MSigDB_term_selection_handoff_bundle_20260828T161826Z/B104B_20260828T161826Z/analysis/B104B_term_selection_hypothesis_tests_20260828T155633Z.csv,14458,cec7115ac0be2261acd005a54694685c21fd47697116e58b9c68912003543cde,analysis_result_or_derived_data,,supporting_analysis,"Investigator handoff summarizing methods, findings, caveats, and next tests.",normal_git,zip_member,B104B_MSigDB_term_selection_handoff_bundle_20260828T161826Z.zip,B104B_20260828T161826Z/analysis/B104B_term_selection_hypothesis_tests_20260828T155633Z.csv,1,0
bundle_only/B102_gp2protein_analysis_bundle_20260827T163101Z/B102/superseded_attempt_logs/20260827T161542Z/run.stderr,1237,cfe9960669b0dbe4c1eabf259aa0cabcc79d18fc61a16648ae7518e580ef3b43,other_artifact,B102,historical_foundation,B102 assistant-generated investigation artifact: run.stderr.,normal_git,zip_member,B102_gp2protein_analysis_bundle_20260827T163101Z.zip,B102/superseded_attempt_logs/20260827T161542Z/run.stderr,1,0
bundle_only/B102_gp2protein_analysis_bundle_20260827T163101Z/B102/superseded_attempt_logs/20260827T161542Z/STATUS_AND_REASON.txt,175,cfeb0ef55aff41db33570dba448db23b8416eb6cdf4b502ea4a9e43dacd2b9ec,documentation,B102,historical_foundation,B102 assistant-generated investigation artifact: STATUS_AND_REASON.txt.,normal_git,zip_member,B102_gp2protein_analysis_bundle_20260827T163101Z.zip,B102/superseded_attempt_logs/20260827T161542Z/STATUS_AND_REASON.txt,1,0
batches/B104G_20260829T150633Z/B104G_INDEPENDENT_FULL_LABEL_VALIDATION_20260829T150633Z.json,461,d10ea8ac9bcc00a713512bf3e10658d349f2ffbcc47103a6a98657e80eb05828,validation_or_checksum,,current_core,"Independent full 56,944-row GO-label reconstruction validation.",normal_git,direct_current,B104G_INDEPENDENT_FULL_LABEL_VALIDATION_20260829T150633Z.json,batches/B104G_20260829T150633Z/B104G_INDEPENDENT_FULL_LABEL_VALIDATION_20260829T150633Z.json,4,3
bundle_only/B104C_MSigDB50_column_order_bundle_20260828T200948Z/B104C_delivery_20260828T200948Z/scripts/validate_B104C_delivery.py,5379,d121ea1c843652fb84f9f391a52a1e9347e4df7bd53c1f68a2e79366b4cd279b,script,,supporting_analysis,"analysis, download, validation, or packaging script: validate_B104C_delivery.py.",normal_git,zip_member,B104C_MSigDB50_column_order_bundle_20260828T200948Z.zip,B104C_delivery_20260828T200948Z/scripts/validate_B104C_delivery.py,1,0
batches/B104_20260828T030759Z/analysis/B104_temporal_identifier_audit_7957_29901_10159_20260828T030759Z.csv,1708,d163082376b8aec413a7dd009149523e5b9e908eaba677d2466698a3718c5638,analysis_result_or_derived_data,,historical_foundation,Temporal audit of identifier mappings that changed or required contextual interpretation.,normal_git,direct_current,B104_temporal_identifier_audit_7957_29901_10159_20260828T030759Z.csv,batches/B104_20260828T030759Z/analysis/B104_temporal_identifier_audit_7957_29901_10159_20260828T030759Z.csv,2,1
bundle_only/B101_goa159_analysis_bundle_20260827T152736Z/B101/B101_analysis_summary_20260827T152736Z.json,26153,d242deaac466c50565e2dde479c477ff31c65237abeb5fe34308621ad39aa3fe,analysis_result_or_derived_data,B101,historical_foundation,B101 analysis result or compact derived dataset: B101_analysis_summary_20260827T152736Z.json.,normal_git,zip_member,B101_goa159_analysis_bundle_20260827T152736Z.zip,B101/B101_analysis_summary_20260827T152736Z.json,1,0
bundle_only/B104D_column_order_date_range_uniprot_bundle_20260829T010311Z/B104D_delivery_20260829T010311Z/provenance/source_ledger_through_B104D_PREBUNDLE_20260829T010311Z.csv,388738,d293abf17c5ec93c5e08289976d8a08fb18fa96d9c5a17d9e72b3aae5883d626,provenance_manifest,,supporting_analysis,Append-only source and artifact provenance ledger.,normal_git,zip_member,B104D_column_order_date_range_uniprot_bundle_20260829T010311Z.zip,B104D_delivery_20260829T010311Z/provenance/source_ledger_through_B104D_PREBUNDLE_20260829T010311Z.csv,1,0
batches/B104_20260828T030759Z/analysis/B104_identifier_mapping_watchlist_20260828T030759Z.md,5033,d39d02a30b17951be858b87aed559f4900ed18527f25694ecdfbf9d059b0feb8,documentation,,historical_foundation,Watchlist of uncertain or time-varying Entrez-UniProt mappings.,normal_git,direct_current,B104_identifier_mapping_watchlist_20260828T030759Z.md,batches/B104_20260828T030759Z/analysis/B104_identifier_mapping_watchlist_20260828T030759Z.md,2,1
batches/B104H_20260830T110259Z/graphsage_ppi_node_to_entrez_evidence_20260830T110259Z.tsv.gz,7054822,d3a98e3c2b8b30153ecbab74cab07c7b6476e4961243719e6725a491ef718d73,analysis_result_or_derived_data,,current_core,"Evidence-rich GraphSAGE row/node-to-Entrez mapping with topology, feature, label, and legacy-dictionary checks.",git_lfs_recommended,direct_current,graphsage_ppi_node_to_entrez_evidence_20260830T110259Z.tsv.gz,batches/B104H_20260830T110259Z/graphsage_ppi_node_to_entrez_evidence_20260830T110259Z.tsv.gz,2,1
bundle_only/B104D_column_order_date_range_uniprot_bundle_20260829T010311Z/B104D_delivery_20260829T010311Z/scripts/explore_outer_pair_reduced.py,21538,d4ba3a836f28e12cfb7a16bcc404900944053957a7adbc97b9058a9c2319e84b,script,,supporting_analysis,"analysis, download, validation, or packaging script: explore_outer_pair_reduced.py.",normal_git,zip_member,B104D_column_order_date_range_uniprot_bundle_20260829T010311Z.zip,B104D_delivery_20260829T010311Z/scripts/explore_outer_pair_reduced.py,1,0
bundle_only/ppi_reproduction_corrected_bundle/ppi_repro_corrected/results/refresh_run_status.stdout,232,d51e0521fe093d4a5d5e8bb26ea079ec94c556e57cd3d28a47ab087500cb12a2,batch_administration,,superseded_or_early_summary,assistant-generated investigation artifact: refresh_run_status.stdout.,normal_git,zip_member,ppi_reproduction_corrected_bundle.zip,ppi_repro_corrected/results/refresh_run_status.stdout,1,0
bundle_only/B104G_full_row_and_label_resolution_bundle_20260829T151452Z/B104G/analysis/B104G_dhimmel_selected_gene_audit.csv,8882,d530b24b4fa1b59f8fcdbe3b61e1c3702ade1edfd7f9948bf89f3d7f32571ba6,analysis_result_or_derived_data,B104G,current_core,B104G analysis result or compact derived dataset: B104G_dhimmel_selected_gene_audit.csv.,normal_git,zip_member,B104G_full_row_and_label_resolution_bundle_20260829T151452Z.zip,B104G/analysis/B104G_dhimmel_selected_gene_audit.csv,1,0
batches/B101/B101_DELETION_CLEARANCE_20260827T152736Z.md,1237,d538e91c94f869895ba1b0835cbfee83ef33d0e632663a32cd5bf8f3180d1183,batch_administration,B101,historical_foundation,Batch-specific record authorizing deletion of raw conversation attachments after retention checks.,normal_git,direct_current,B101_DELETION_CLEARANCE_20260827T152736Z.md,batches/B101/B101_DELETION_CLEARANCE_20260827T152736Z.md,2,1
bundle_only/B101_goa159_analysis_bundle_20260827T152736Z/B101/B101_derivative_reconciliation_20260827T152736Z.csv,1139,d5587c540174d732bbd14ca65b5aba397829de5594a103bf01ab2e483009962f,analysis_result_or_derived_data,B101,historical_foundation,B101 analysis result or compact derived dataset: B101_derivative_reconciliation_20260827T152736Z.csv.,normal_git,zip_member,B101_goa159_analysis_bundle_20260827T152736Z.zip,B101/B101_derivative_reconciliation_20260827T152736Z.csv,1,0
bundle_only/B104G_full_row_and_label_resolution_bundle_20260829T151452Z/B104G/analysis/B104G_all_OhmNet_network_sizes_and_GraphSAGE_selection.csv,11235,d567e07e20a068f7e782ad7a179b88994b463c1a259f30637545dfb12f19d341,analysis_result_or_derived_data,B104G,current_core,B104G analysis result or compact derived dataset: B104G_all_OhmNet_network_sizes_and_GraphSAGE_selection.csv.,normal_git,zip_member,B104G_full_row_and_label_resolution_bundle_20260829T151452Z.zip,B104G/analysis/B104G_all_OhmNet_network_sizes_and_GraphSAGE_selection.csv,1,0
bundle_only/B104H_node_mapping_provenance_bundle_20260830T110259Z/B104H/manifests/provenance_events_through_B104H_PREBUNDLE_20260830T110259Z.csv,43726,d5c2239daa2c9ac38cb2e8e06e827ca64cc3964fc0014cda159338d57ddea459,provenance_manifest,B104H,current_core,"Append-only provenance-event history, including receipt, validation, and deletion states.",normal_git,zip_member,B104H_node_mapping_provenance_bundle_20260830T110259Z.zip,B104H/manifests/provenance_events_through_B104H_PREBUNDLE_20260830T110259Z.csv,1,0
bundle_only/B104E_GOA_date_UniProt_feature_rule_bundle_20260829T122734Z/B104E/retained_inputs/goa_date_screen_results/goa_release_164_screen.json,36607,d60627010cd11dfab9527d58e7dc07ed46721115a210b4cd0988b54d4650b874,retained_normalized_input,B104E,supporting_analysis,B104E compact normalized retained input used for later reproducibility: goa_release_164_screen.json.,normal_git,zip_member,B104E_GOA_date_UniProt_feature_rule_bundle_20260829T122734Z.zip,B104E/retained_inputs/goa_date_screen_results/goa_release_164_screen.json,1,0
batches/B104E_20260829T121535Z/B104E_EXECUTION_DIAGNOSTICS_20260829T121535Z.md,2934,d6716940e54438bf4c2432ec32501e8b04cf2cbfa63461e917762dea8445ccf5,documentation,,supporting_analysis,"Execution diagnostics, including accepted runs, failures, retries, and limitations.",normal_git,direct_current,B104E_EXECUTION_DIAGNOSTICS_20260829T121535Z.md,batches/B104E_20260829T121535Z/B104E_EXECUTION_DIAGNOSTICS_20260829T121535Z.md,2,1
bundle_only/B101_goa159_analysis_bundle_20260827T152736Z/B101/analyze_B101_goa159.py,61465,d6c9df1be6bbcfdc83acaaa2118d9c8cc1e08e2e89698c00a5c515701db2591c,script,B101,historical_foundation,"B101 analysis, download, validation, or packaging script: analyze_B101_goa159.py.",normal_git,zip_member,B101_goa159_analysis_bundle_20260827T152736Z.zip,B101/analyze_B101_goa159.py,1,0
bundle_only/B104C_MSigDB50_column_order_bundle_20260828T200948Z/B104C_delivery_20260828T200948Z/analysis/B104C_msigdb_cross_version_C5_target_presence_20260828T194921Z.csv,253,d75f9ba0d09aa124b4948f911d79b04a7e56df34ab2f40eb9eb1ad90d66a1a9c,analysis_result_or_derived_data,,supporting_analysis,analysis result or compact derived dataset: B104C_msigdb_cross_version_C5_target_presence_20260828T194921Z.csv.,normal_git,zip_member,B104C_MSigDB50_column_order_bundle_20260828T200948Z.zip,B104C_delivery_20260828T200948Z/analysis/B104C_msigdb_cross_version_C5_target_presence_20260828T194921Z.csv,1,0
bundle_only/B104_release158_analysis_bundle_20260828T032801Z/delivery/user_local_inventory_augmented_through_B104_20260828T032243Z.csv,39947,d7970f9feea5c10a00fcb0e63b4624c35d17d4042409042fbbc3c979f3f40cfd,analysis_result_or_derived_data,,historical_or_supporting,File inventory or enriched local-holdings inventory.,normal_git,zip_member,B104_release158_analysis_bundle_20260828T032801Z.zip,delivery/user_local_inventory_augmented_through_B104_20260828T032243Z.csv,1,0
batches/B104B_20260828T161826Z/B104B_OPEN_QUESTIONS_AND_TERM_SELECTION_REPORT_20260828T161826Z.md,11762,d80b2fe7f5239a1f6e302dfb0cbf2d7fdddfa6846331dd42a9116973bc86230f,report_or_documentation,,supporting_analysis,Narrative scientific and provenance report for the associated analysis batch.,normal_git,direct_current,B104B_OPEN_QUESTIONS_AND_TERM_SELECTION_REPORT_20260828T161826Z.md,batches/B104B_20260828T161826Z/B104B_OPEN_QUESTIONS_AND_TERM_SELECTION_REPORT_20260828T161826Z.md,2,1
bundle_only/ppi_reproduction_analysis_bundle/scripts/rebuild_local_manifest.py,3366,d9064ef3fba53c5dfb6d5a72d057ac8b970de48752259c81e14d9ecc329db16b,script,,historical_or_supporting,"analysis, download, validation, or packaging script: rebuild_local_manifest.py.",normal_git,zip_member,ppi_reproduction_analysis_bundle.zip,scripts/rebuild_local_manifest.py,1,0
bundle_only/B104H_node_mapping_provenance_bundle_20260830T110259Z/B104H/manifests/source_ledger_through_B104H_PREBUNDLE_20260830T110259Z.csv,533533,da34343787875d5c429ed29ae28206343b62dd9c5bd285b64a026a08edf27904,provenance_manifest,B104H,current_core,Append-only source and artifact provenance ledger.,normal_git,zip_member,B104H_node_mapping_provenance_bundle_20260830T110259Z.zip,B104H/manifests/source_ledger_through_B104H_PREBUNDLE_20260830T110259Z.csv,1,0
bundle_only/B104F_full_label_class_validation_bundle_20260829T140333Z/B104F_20260829T140333Z/scripts/__pycache__/download_raw_dhimmel_annotations.cpython-313.pyc,6316,da4a66431fc0f25da322384249f45436b326c4d48a1e6973ff9a14ee5cd9c049,script,,supporting_analysis,Machine-readable validation checks for the associated analysis or delivery.,normal_git,zip_member,B104F_full_label_class_validation_bundle_20260829T140333Z.zip,B104F_20260829T140333Z/scripts/__pycache__/download_raw_dhimmel_annotations.cpython-313.pyc,1,0
bundle_only/B104A_exact_GO_reconstruction_bundle_20260828T152026Z/B104A/logs/continue_B104A.stderr,1173,dc1ed10b9a4cb5b14386e10746651fe38042c329621643040fb72b7eeb14fd10,other_artifact,B104A,supporting_analysis,B104A assistant-generated investigation artifact: continue_B104A.stderr.,normal_git,zip_member,B104A_exact_GO_reconstruction_bundle_20260828T152026Z.zip,B104A/logs/continue_B104A.stderr,1,0
results/provenance_events_through_B104D_FINAL_20260829T010311Z.csv,28198,dd08ab68afa50f35ac954393d62b099b7892265522b9010b61a8c52fa795c874,provenance_manifest,,supporting_analysis,"Append-only provenance-event history, including receipt, validation, and deletion states.",normal_git,direct_current,provenance_events_through_B104D_FINAL_20260829T010311Z.csv,results/provenance_events_through_B104D_FINAL_20260829T010311Z.csv,1,0
bundle_only/B104G_full_row_and_label_resolution_bundle_20260829T151452Z/B104G/scripts/prototype_test_node_order.py,3408,dd3362faa2c3e341b8d1f4977a58d2b7b0ecb4392e019d47a252c607e6a6ad33,script,B104G,current_core,"B104G analysis, download, validation, or packaging script: prototype_test_node_order.py.",normal_git,zip_member,B104G_full_row_and_label_resolution_bundle_20260829T151452Z.zip,B104G/scripts/prototype_test_node_order.py,1,0
results/source_ledger_through_B104G_FINAL_20260829T151452Z.csv,524326,dd92d422078d4e905a2d85edce563513097013b257f9971a543c44be95fdb453,provenance_manifest,,current_core,Append-only source and artifact provenance ledger.,normal_git,direct_current,source_ledger_through_B104G_FINAL_20260829T151452Z.csv,results/source_ledger_through_B104G_FINAL_20260829T151452Z.csv,1,0
bundle_only/B104A_exact_GO_reconstruction_bundle_20260828T152026Z/provenance/B104A_output_checksums_20260828T152026Z.csv,20606,ddb9ac0a9c5a6e321c279a786cb812de408462ae713f30c2920b744c404bbd96,validation_or_checksum,,supporting_analysis,assistant-generated investigation artifact: B104A_output_checksums_20260828T152026Z.csv.,normal_git,zip_member,B104A_exact_GO_reconstruction_bundle_20260828T152026Z.zip,provenance/B104A_output_checksums_20260828T152026Z.csv,1,0
archive/initial_incomplete/results/RUN_STATUS.md,1013,de8275b181e47bb7e013b9e146c18c9fb49dfc8ed051e9532e8a1b034eaa48ab,batch_administration,,superseded_initial_delivery,assistant-generated investigation artifact: RUN_STATUS.md.,normal_git,direct_initial,RUN_STATUS.md,results/RUN_STATUS.md,2,1
bundle_only/B104B_MSigDB_term_selection_handoff_bundle_20260828T161826Z/B104B_20260828T161826Z/analysis/B104B_term_selection_counting_unit_tests.json,1529,df002ef69c7114c2f90b6aeacf1ccdaa2586406974a913762e4984efdb327fec,analysis_result_or_derived_data,,supporting_analysis,"Investigator handoff summarizing methods, findings, caveats, and next tests.",normal_git,zip_member,B104B_MSigDB_term_selection_handoff_bundle_20260828T161826Z.zip,B104B_20260828T161826Z/analysis/B104B_term_selection_counting_unit_tests.json,1,0
bundle_only/ppi_reproduction_corrected_bundle/ppi_repro_corrected/results/core_verification.stdout,1652,df2b49c9a05f7e960b7fd61d40607959d8de1bc77ee1b81e6a6d3a13084c08e1,other_artifact,,historical_or_supporting,assistant-generated investigation artifact: core_verification.stdout.,normal_git,zip_member,ppi_reproduction_corrected_bundle.zip,ppi_repro_corrected/results/core_verification.stdout,1,0
bundle_only/B104D_column_order_date_range_uniprot_bundle_20260829T010311Z/B104D_delivery_20260829T010311Z/B104D_OUTPUT_CHECKSUMS_20260829T010311Z.csv,6248,df79ad9f13253d1fb9d3f8cb88ff62a274374db411318a89d7b05ea6592424aa,validation_or_checksum,,supporting_analysis,assistant-generated investigation artifact: B104D_OUTPUT_CHECKSUMS_20260829T010311Z.csv.,normal_git,zip_member,B104D_column_order_date_range_uniprot_bundle_20260829T010311Z.zip,B104D_delivery_20260829T010311Z/B104D_OUTPUT_CHECKSUMS_20260829T010311Z.csv,1,0
bundle_only/B104B_MSigDB_term_selection_handoff_bundle_20260828T161826Z/B104B_20260828T161826Z/source_ledger_through_B104B_PREBUNDLE_20260828T161826Z.csv,347043,e09adeab0dffd07495f18e73f240e6c19652ad48225ee6e977f5b96ade519a87,provenance_manifest,,supporting_analysis,Append-only source and artifact provenance ledger.,normal_git,zip_member,B104B_MSigDB_term_selection_handoff_bundle_20260828T161826Z.zip,B104B_20260828T161826Z/source_ledger_through_B104B_PREBUNDLE_20260828T161826Z.csv,1,0
bundle_only/B104A_exact_GO_reconstruction_bundle_20260828T152026Z/B104A/analysis/B104A_release158_159_final_policy_comparison_20260828T145842Z.csv,643,e231961ddc8b356352bf1d01b1296d6bb04f83d68abf7ce672fa9e5f08aa0cdd,analysis_result_or_derived_data,B104A,supporting_analysis,B104A analysis result or compact derived dataset: B104A_release158_159_final_policy_comparison_20260828T145842Z.csv.,normal_git,zip_member,B104A_exact_GO_reconstruction_bundle_20260828T152026Z.zip,B104A/analysis/B104A_release158_159_final_policy_comparison_20260828T145842Z.csv,1,0
bundle_only/B104_release158_analysis_bundle_20260828T032801Z/B104/scripts/analyze_B104_release158.py,37988,e26c43b331d42f7835d02637ead7b953d02c63dbe1a4e0e5d5722dc7170b00a7,script,B104,historical_or_supporting,"B104 analysis, download, validation, or packaging script: analyze_B104_release158.py.",normal_git,zip_member,B104_release158_analysis_bundle_20260828T032801Z.zip,B104/scripts/analyze_B104_release158.py,1,0
results/source_ledger_through_B104_FINAL_20260828T032801Z.csv,238401,e26c4cbd4ffab022f4ad67398e2a44cc7c1d0a4dd8d1fb44bf3431a6ecc76c1a,provenance_manifest,,historical_or_supporting,Append-only source and artifact provenance ledger.,normal_git,direct_current,source_ledger_through_B104_FINAL_20260828T032801Z.csv,results/source_ledger_through_B104_FINAL_20260828T032801Z.csv,1,0
bundle_only/B104B_MSigDB_term_selection_handoff_bundle_20260828T161826Z/B104B_20260828T161826Z/B104B_PREBUNDLE_VALIDATION_20260828T161826Z.json,659,e2943b70773c2bd7119d8e109c719e480df7930fdd4e1febecea357dd16ddd6c,validation_or_checksum,,supporting_analysis,Machine-readable validation checks for the associated analysis or delivery.,normal_git,zip_member,B104B_MSigDB_term_selection_handoff_bundle_20260828T161826Z.zip,B104B_20260828T161826Z/B104B_PREBUNDLE_VALIDATION_20260828T161826Z.json,1,0
bundle_only/B104_release158_analysis_bundle_20260828T032801Z/B104/B104_analysis_summary_20260828T030759Z.json,121648,e356fa57723fad63b20c4d44d30c5654c2a28ad2b3bce4a051de6cad8d9b5cd1,analysis_result_or_derived_data,B104,historical_or_supporting,B104 analysis result or compact derived dataset: B104_analysis_summary_20260828T030759Z.json.,normal_git,zip_member,B104_release158_analysis_bundle_20260828T032801Z.zip,B104/B104_analysis_summary_20260828T030759Z.json,2,1
batches/B104B_20260828T161826Z/scripts/B104B_NEXT_SOURCE_DOWNLOADS_20260828T161826Z.sh,660,e385cfe5392c8f5b827f682f505c53892e1c4c9f4c29a3e9468ddf343bd10dad,script,,supporting_analysis,"analysis, download, validation, or packaging script: B104B_NEXT_SOURCE_DOWNLOADS_20260828T161826Z.sh.",normal_git,direct_current,B104B_NEXT_SOURCE_DOWNLOADS_20260828T161826Z.sh,batches/B104B_20260828T161826Z/scripts/B104B_NEXT_SOURCE_DOWNLOADS_20260828T161826Z.sh,2,1
bundle_only/B104G_full_row_and_label_resolution_bundle_20260829T151452Z/B104G/logs/analyze_B104G.stderr,0,e3b0c44298fc1c149afbf4c8996fb92427ae41e4649b934ca495991b7852b855,other_artifact,B104G,current_core,B104G assistant-generated investigation artifact: analyze_B104G.stderr.,normal_git,zip_member,B104G_full_row_and_label_resolution_bundle_20260829T151452Z.zip,B104G/logs/analyze_B104G.stderr,77,76
results/actual_input_file_manifest_through_B104A_20260828T152026Z.csv,54749,e43be8250b3e8eef3097ec1898d8499000885cd34e24564e54a6496f5deacb0b,provenance_manifest,,supporting_analysis,Manifest of actual materialized inputs used by the analysis at that point in time.,normal_git,direct_current,actual_input_file_manifest_through_B104A_20260828T152026Z.csv,results/actual_input_file_manifest_through_B104A_20260828T152026Z.csv,2,1
bundle_only/B104F_full_label_class_validation_bundle_20260829T140333Z/B104F_20260829T140333Z/scripts/__pycache__/independent_validate_full_label_classes_numpy.cpython-313.pyc,13090,e440a963b0868637ebdf42189108589cf44260e453da0c933f1379a008805529,script,,supporting_analysis,Machine-readable validation checks for the associated analysis or delivery.,normal_git,zip_member,B104F_full_label_class_validation_bundle_20260829T140333Z.zip,B104F_20260829T140333Z/scripts/__pycache__/independent_validate_full_label_classes_numpy.cpython-313.pyc,1,0
batches/B102_final2/B102_GPI159_UniProt_to_GeneID_mapping_20260827T162132Z.csv.gz,465694,e4be219b97eb80708624985d551d142b5d70ec6306c6614e759956879a6c6f3b,analysis_result_or_derived_data,,historical_foundation,GPI159 UniProt objects projected to historical GeneIDs with ambiguity retained.,normal_git,direct_current,B102_GPI159_UniProt_to_GeneID_mapping_20260827T162132Z.csv.gz,batches/B102_final2/B102_GPI159_UniProt_to_GeneID_mapping_20260827T162132Z.csv.gz,2,1
bundle_only/B102_gp2protein_analysis_bundle_20260827T163101Z/B102/B102_analysis_summary_20260827T162132Z.json,39849,e4e5aa568e7fff6c354884befa1312d7e3581bc700c0247166887834d6507f6f,analysis_result_or_derived_data,B102,historical_foundation,B102 analysis result or compact derived dataset: B102_analysis_summary_20260827T162132Z.json.,normal_git,zip_member,B102_gp2protein_analysis_bundle_20260827T163101Z.zip,B102/B102_analysis_summary_20260827T162132Z.json,1,0
bundle_only/B104F_full_label_class_validation_bundle_20260829T140333Z/B104F_20260829T140333Z/analysis/B104F_unresolved_row_candidate_GeneIDs_by_fixed_GOA_vector.csv,20079,e59c408d56a4fbffa759daef864a65c6522476b7fc32b53d3a10294dda2a7910,analysis_result_or_derived_data,,supporting_analysis,Machine-readable validation checks for the associated analysis or delivery.,normal_git,zip_member,B104F_full_label_class_validation_bundle_20260829T140333Z.zip,B104F_20260829T140333Z/analysis/B104F_unresolved_row_candidate_GeneIDs_by_fixed_GOA_vector.csv,1,0
bundle_only/B104A_exact_GO_reconstruction_bundle_20260828T152026Z/B104A/derived/B104A_all_resolved_gene_topology_feature_label_properties_20260828T145842Z.csv,771678,e5c2a0a891c4788aded152309bc23a3b8eafe9e4fa12aa2a031d49cd7599d1e3,analysis_result_or_derived_data,B104A,supporting_analysis,B104A analysis result or compact derived dataset: B104A_all_resolved_gene_topology_feature_label_properties_20260828T145842Z.csv.,normal_git,zip_member,B104A_exact_GO_reconstruction_bundle_20260828T152026Z.zip,B104A/derived/B104A_all_resolved_gene_topology_feature_label_properties_20260828T145842Z.csv,1,0
bundle_only/B104G_full_row_and_label_resolution_bundle_20260829T151452Z/B104G/retained_inputs/prior_compact_inputs/B104_repaired_B103_GO_is_a_edges_20260828T030759Z.tsv.gz,316121,e5c95105ff60d78feb5acb7441d1628083081a28ccb4d858db50334a34259708,retained_normalized_input,B104G,current_core,B104G compact normalized retained input used for later reproducibility: B104_repaired_B103_GO_is_a_edges_20260828T030759Z.tsv.gz.,normal_git,zip_member,B104G_full_row_and_label_resolution_bundle_20260829T151452Z.zip,B104G/retained_inputs/prior_compact_inputs/B104_repaired_B103_GO_is_a_edges_20260828T030759Z.tsv.gz,4,3
results/B104E_FINAL_DELIVERY_VALIDATION_20260829T122734Z.json,14204,e700bee51df790007c45f24f21a6a0bdb1713d45f3f7d091c0198ff8c2ee9fe9,validation_or_checksum,,supporting_analysis,Machine-readable validation checks for the associated analysis or delivery.,normal_git,direct_current,B104E_FINAL_DELIVERY_VALIDATION_20260829T122734Z.json,results/B104E_FINAL_DELIVERY_VALIDATION_20260829T122734Z.json,1,0
batches/B104F_20260829T140333Z/analysis/B104F_independent_verifier_12_gene_summary.csv,1609,e73a851aa17fa97ff57b93d2b8dd917f9949d7ee4ffa2bff6250d6dd1bf913cc,analysis_result_or_derived_data,,supporting_analysis,analysis result or compact derived dataset: B104F_independent_verifier_12_gene_summary.csv.,normal_git,direct_current,B104F_independent_verifier_12_gene_summary.csv,batches/B104F_20260829T140333Z/analysis/B104F_independent_verifier_12_gene_summary.csv,2,1
bundle_only/B104_release158_analysis_bundle_20260828T032801Z/B104/analysis/B104_residual_false_positives_on_all_zero_genes_20260828T030759Z.csv,248,e7f153ce8ada2f86f6cb7eed61c5934c9584da1b169a2181cf8ca1980297e328,analysis_result_or_derived_data,B104,historical_or_supporting,Witness rows for false positives from an intermediate GO reconstruction before qualifier/mapping corrections.,normal_git,zip_member,B104_release158_analysis_bundle_20260828T032801Z.zip,B104/analysis/B104_residual_false_positives_on_all_zero_genes_20260828T030759Z.csv,1,0
results/provenance_events_through_B104G_FINAL_20260829T151452Z.csv,42455,e85a9c6edae967db20be8e57b0d01dd4563a6db9ac1132e1c9a455c9a4338700,provenance_manifest,,current_core,"Append-only provenance-event history, including receipt, validation, and deletion states.",normal_git,direct_current,provenance_events_through_B104G_FINAL_20260829T151452Z.csv,results/provenance_events_through_B104G_FINAL_20260829T151452Z.csv,1,0
bundle_only/B102_gp2protein_analysis_bundle_20260827T163101Z/B102/run.stdout,2004,e910c7f5d06fe7e84814b5e43f3567dda46b03665fc84386f5e3a3c9f9f98798,other_artifact,B102,historical_foundation,B102 assistant-generated investigation artifact: run.stdout.,normal_git,zip_member,B102_gp2protein_analysis_bundle_20260827T163101Z.zip,B102/run.stdout,1,0
bundle_only/B104_release158_analysis_bundle_20260828T032801Z/B104/derived/B104_repaired_B103_GO_is_a_closure_for_GOA158_159_terms_20260828T030759Z.tsv.gz,789165,e933ca816b9e675ab482b1884a510752f78e87daef15dc9a6ecde828ffa4b993,analysis_result_or_derived_data,B104,historical_or_supporting,B104 analysis result or compact derived dataset: B104_repaired_B103_GO_is_a_closure_for_GOA158_159_terms_20260828T030759Z.tsv.gz.,normal_git,zip_member,B104_release158_analysis_bundle_20260828T032801Z.zip,B104/derived/B104_repaired_B103_GO_is_a_closure_for_GOA158_159_terms_20260828T030759Z.tsv.gz,1,0
bundle_only/B104A_exact_GO_reconstruction_bundle_20260828T152026Z/B104A/logs/finalize_B104A_exact_reconstruction.stdout,783,ea508f4edb59694740714a3dfbf191020453dcf695a60740f58d7d60bba3eba8,other_artifact,B104A,supporting_analysis,B104A assistant-generated investigation artifact: finalize_B104A_exact_reconstruction.stdout.,normal_git,zip_member,B104A_exact_GO_reconstruction_bundle_20260828T152026Z.zip,B104A/logs/finalize_B104A_exact_reconstruction.stdout,1,0
results/actual_input_file_manifest_through_B104C_20260828T200948Z.csv,58809,ea776faccdc3cfa9cf9611053838465b7965f3340aab98278b0f83794986325e,provenance_manifest,,supporting_analysis,Manifest of actual materialized inputs used by the analysis at that point in time.,normal_git,direct_current,actual_input_file_manifest_through_B104C_20260828T200948Z.csv,results/actual_input_file_manifest_through_B104C_20260828T200948Z.csv,2,1
results/bundle_checksums.csv,6461,eae076e260d2b47b6dcf74cdd50ae7356005dd49ddda781e3a9e10ff0c25ce26,validation_or_checksum,,historical_or_supporting,assistant-generated investigation artifact: bundle_checksums.csv.,normal_git,direct_current,bundle_checksums.csv,results/bundle_checksums.csv,2,1
bundle_only/B104B_MSigDB_term_selection_handoff_bundle_20260828T161826Z/B104B_20260828T161826Z/scripts/term_selection_policy_robustness.py,3675,eafb12507ca659dfb9b16c74949edba791b4ea62450f163736d48ed783088318,script,,supporting_analysis,"Policy grid testing evidence, qualifier, and ontology-propagation rules for term selection.",normal_git,zip_member,B104B_MSigDB_term_selection_handoff_bundle_20260828T161826Z.zip,B104B_20260828T161826Z/scripts/term_selection_policy_robustness.py,1,0
bundle_only/ppi_reproduction_corrected_bundle/ppi_repro_corrected/scripts/build_source_manifest.py,21463,eb35f9cd3be67bb1759956e914b72c1ba35d3b183794daa4572d64e0f17af33f,script,,historical_or_supporting,"analysis, download, validation, or packaging script: build_source_manifest.py.",normal_git,zip_member,ppi_reproduction_corrected_bundle.zip,ppi_repro_corrected/scripts/build_source_manifest.py,1,0
bundle_only/B104D_column_order_date_range_uniprot_bundle_20260829T010311Z/B104D_delivery_20260829T010311Z/scripts/explore_column_order_targeted_fast2.py,21177,ebe9f5d93eb7cc2bc0e7881f41d95360ba682770812e5dda39f07fd6118b5272,script,,supporting_analysis,"analysis, download, validation, or packaging script: explore_column_order_targeted_fast2.py.",normal_git,zip_member,B104D_column_order_date_range_uniprot_bundle_20260829T010311Z.zip,B104D_delivery_20260829T010311Z/scripts/explore_column_order_targeted_fast2.py,1,0
bundle_only/B104E_GOA_date_UniProt_feature_rule_bundle_20260829T122734Z/B104E/retained_inputs/goa_date_screen_results/goa_release_160_screen.json,36068,ec33c2bc8d35012d72b0c3c1f677ce421a0122b8d950086d8559942e5fbbf582,retained_normalized_input,B104E,supporting_analysis,B104E compact normalized retained input used for later reproducibility: goa_release_160_screen.json.,normal_git,zip_member,B104E_GOA_date_UniProt_feature_rule_bundle_20260829T122734Z.zip,B104E/retained_inputs/goa_date_screen_results/goa_release_160_screen.json,1,0
bundle_only/B104C_MSigDB50_column_order_bundle_20260828T200948Z/B104C_delivery_20260828T200948Z/provenance/provenance_events_through_B104C_PREBUNDLE_20260828T200948Z.csv,24767,ecbcb1883dfda42c2dd44ba6aa218f9bbe0a3d33b401187675589339f708d053,provenance_manifest,,supporting_analysis,"Append-only provenance-event history, including receipt, validation, and deletion states.",normal_git,zip_member,B104C_MSigDB50_column_order_bundle_20260828T200948Z.zip,B104C_delivery_20260828T200948Z/provenance/provenance_events_through_B104C_PREBUNDLE_20260828T200948Z.csv,1,0
results/user_local_inventory_full_enriched_20260827T163101Z.csv,38833,ecf980c9d653723d22ec0ad59561d81c516c59f5f76106c12452de6b56ba2479,analysis_result_or_derived_data,,historical_or_supporting,File inventory or enriched local-holdings inventory.,normal_git,direct_current,user_local_inventory_full_enriched_20260827T163101Z.csv,results/user_local_inventory_full_enriched_20260827T163101Z.csv,2,1
results/source_ledger.md,22543,ed5b5517ca04d9d46aa1a40862aacbfbe03d7a6c9637a365c97ec6bff314736d,provenance_manifest,,historical_or_supporting,Append-only source and artifact provenance ledger.,normal_git,direct_current,source_ledger.md,results/source_ledger.md,2,1
bundle_only/B104G_full_row_and_label_resolution_bundle_20260829T151452Z/B104G/retained_inputs/prior_compact_inputs/B104F_MSigDB52_symbol_to_Entrez_relevant.tsv.gz,177974,ed6b1f3f949cc91562cb8ddc59666b6e0caa760beb54170da7488aaa56141595,retained_normalized_input,B104G,supporting_analysis,B104G compact normalized retained input used for later reproducibility: B104F_MSigDB52_symbol_to_Entrez_relevant.tsv.gz.,normal_git,zip_member,B104G_full_row_and_label_resolution_bundle_20260829T151452Z.zip,B104G/retained_inputs/prior_compact_inputs/B104F_MSigDB52_symbol_to_Entrez_relevant.tsv.gz,2,1
bundle_only/B101_goa159_analysis_bundle_20260827T152736Z/B101/B101_headers_and_raw_stats_20260827T152736Z.json,5357,ee2fbeb65456d80cbb9314a85964df5211232e73b48c8475622fc8e64a5ef52e,analysis_result_or_derived_data,B101,historical_foundation,B101 analysis result or compact derived dataset: B101_headers_and_raw_stats_20260827T152736Z.json.,normal_git,zip_member,B101_goa159_analysis_bundle_20260827T152736Z.zip,B101/B101_headers_and_raw_stats_20260827T152736Z.json,1,0
bundle_only/B104F_full_label_class_validation_bundle_20260829T140333Z/B104F_20260829T140333Z/provenance/B104F_output_checksums_prebundle_20260829T140333Z.csv,5709,ee471b220abb6a07d84f3000c8df7781031047d9554359115ebc8eb30ba1fce6,validation_or_checksum,,supporting_analysis,Machine-readable validation checks for the associated analysis or delivery.,normal_git,zip_member,B104F_full_label_class_validation_bundle_20260829T140333Z.zip,B104F_20260829T140333Z/provenance/B104F_output_checksums_prebundle_20260829T140333Z.csv,1,0
bundle_only/B104D_column_order_date_range_uniprot_bundle_20260829T010311Z/B104D_delivery_20260829T010311Z/analysis/B104D_column_order_extended_model_summary.json,32640,f21df6e403e4b6403995bdb7b95818da7c9a05748d0f260f48edc68632ed0445,analysis_result_or_derived_data,,supporting_analysis,analysis result or compact derived dataset: B104D_column_order_extended_model_summary.json.,normal_git,zip_member,B104D_column_order_date_range_uniprot_bundle_20260829T010311Z.zip,B104D_delivery_20260829T010311Z/analysis/B104D_column_order_extended_model_summary.json,1,0
bundle_only/B104G_full_row_and_label_resolution_bundle_20260829T151452Z/manifests/actual_input_file_manifest_through_B104G_20260829T151452Z.md,14444,f22c4b43a4610079079e0907e6d82813e3e5ef1c38dcae151052377768d326ba,provenance_manifest,,current_core,Manifest of actual materialized inputs used by the analysis at that point in time.,normal_git,zip_member,B104G_full_row_and_label_resolution_bundle_20260829T151452Z.zip,manifests/actual_input_file_manifest_through_B104G_20260829T151452Z.md,1,0
bundle_only/B104_release158_analysis_bundle_20260828T032801Z/B104/analysis/B104_ambiguity_preserving_mapping_components_20260828T030759Z.csv,771,f27abf73d5a00e50dade5031d40d0bae22aa9a78470adcb70fa4517bbef24476,analysis_result_or_derived_data,B104,historical_or_supporting,Bipartite identifier-mapping components and ambiguity-resolution evidence.,normal_git,zip_member,B104_release158_analysis_bundle_20260828T032801Z.zip,B104/analysis/B104_ambiguity_preserving_mapping_components_20260828T030759Z.csv,1,0
results/SOURCE_ACQUISITION.md,12529,f2a003e6391699b88f3c2ffb5cd018da29dcc16a8ebeeded3ada621be546bcd3,documentation,,historical_or_supporting,Source acquisition notes and download instructions for historical inputs.,normal_git,direct_current,SOURCE_ACQUISITION.md,results/SOURCE_ACQUISITION.md,2,1
bundle_only/B104A_exact_GO_reconstruction_bundle_20260828T152026Z/B104A/analysis/B104A_default_relation_propagation_distance_search_20260828T145842Z.csv,21029,f2a565a4c663d3c67ca5a0cc71a1ab251b84e860568edb237116fe49833386e4,analysis_result_or_derived_data,B104A,supporting_analysis,B104A analysis result or compact derived dataset: B104A_default_relation_propagation_distance_search_20260828T145842Z.csv.,normal_git,zip_member,B104A_exact_GO_reconstruction_bundle_20260828T152026Z.zip,B104A/analysis/B104A_default_relation_propagation_distance_search_20260828T145842Z.csv,1,0
results/B104A_FINAL_DELIVERY_VALIDATION_20260828T152026Z.json,1414,f2addb57c8d9b5ab627bcac732d85591602da5ea3cf6e1835f4666604b3fe064,validation_or_checksum,,supporting_analysis,Machine-readable validation checks for the associated analysis or delivery.,normal_git,direct_current,B104A_FINAL_DELIVERY_VALIDATION_20260828T152026Z.json,results/B104A_FINAL_DELIVERY_VALIDATION_20260828T152026Z.json,1,0
bundle_only/B104A_exact_GO_reconstruction_bundle_20260828T152026Z/B104A/scripts/continue_B104A.py,19933,f44b4568eaadd4cb7b3485092ad5394141ccf44fd5d43bd26186043a8992ea2a,script,B104A,supporting_analysis,"B104A analysis, download, validation, or packaging script: continue_B104A.py.",normal_git,zip_member,B104A_exact_GO_reconstruction_bundle_20260828T152026Z.zip,B104A/scripts/continue_B104A.py,1,0
batches/B104C_20260828T194921Z/scripts/download_extract_uniprot_2016_mapping_audit.py,21016,f4c26105da8660492f36156f693680c1a242fcba96a9b6e4f41e9618a27d6022,script,,supporting_analysis,Sequential low-storage downloader and extractor for date-matched UniProt Swiss-Prot records.,normal_git,direct_current,download_extract_uniprot_2016_mapping_audit.py,batches/B104C_20260828T194921Z/scripts/download_extract_uniprot_2016_mapping_audit.py,2,1
bundle_only/B104G_full_row_and_label_resolution_bundle_20260829T151452Z/B104G/analysis/B104G_full_24_tissue_node_edge_verification.csv,2105,f5be3091eb4729c841f9ba8b797438614774278e2847766ed90abd7425b8f527,analysis_result_or_derived_data,B104G,current_core,B104G analysis result or compact derived dataset: B104G_full_24_tissue_node_edge_verification.csv.,normal_git,zip_member,B104G_full_row_and_label_resolution_bundle_20260829T151452Z.zip,B104G/analysis/B104G_full_24_tissue_node_edge_verification.csv,1,0
results/source_ledger.xlsx,18780,f650aece2fc07d78d8a9a4cc04f0bb4bdefa934cdca6d745c4804b89bbcef972,provenance_manifest,,historical_or_supporting,Append-only source and artifact provenance ledger.,normal_git,direct_current,source_ledger.xlsx,results/source_ledger.xlsx,2,1
bundle_only/B104D_column_order_date_range_uniprot_bundle_20260829T010311Z/B104D_delivery_20260829T010311Z/analysis/B104D_outer_pair_best_model_per_column_comparison.csv,10270,f6b1f10bf4f58f53bed6d105f0e5137211557aae00a708b5cc9300538e4f12cb,analysis_result_or_derived_data,,supporting_analysis,analysis result or compact derived dataset: B104D_outer_pair_best_model_per_column_comparison.csv.,normal_git,zip_member,B104D_column_order_date_range_uniprot_bundle_20260829T010311Z.zip,B104D_delivery_20260829T010311Z/analysis/B104D_outer_pair_best_model_per_column_comparison.csv,1,0
bundle_only/B104C_MSigDB50_column_order_bundle_20260828T200948Z/B104C_delivery_20260828T200948Z/analysis/B104C_extended_order_simulation_summary_20260828T194921Z.json,937,f74b226b466302a70e183f2037b60fd0317a21b63494a69b1ef203c4a676277b,analysis_result_or_derived_data,,supporting_analysis,analysis result or compact derived dataset: B104C_extended_order_simulation_summary_20260828T194921Z.json.,normal_git,zip_member,B104C_MSigDB50_column_order_bundle_20260828T200948Z.zip,B104C_delivery_20260828T200948Z/analysis/B104C_extended_order_simulation_summary_20260828T194921Z.json,1,0
bundle_only/B104E_GOA_date_UniProt_feature_rule_bundle_20260829T122734Z/B104E/scripts/reconstruct_msigdb52_features.py,8257,f7c9117e275cbd54d405eae86fa0edf737d2ac153d793d9e6e6b719a70f9d440,script,B104E,supporting_analysis,"B104E analysis, download, validation, or packaging script: reconstruct_msigdb52_features.py.",normal_git,zip_member,B104E_GOA_date_UniProt_feature_rule_bundle_20260829T122734Z.zip,B104E/scripts/reconstruct_msigdb52_features.py,1,0
batches/B104G_20260829T150633Z/B104G_REPORT_20260829T151452Z.md,16825,f7e3ed202bbbc8be938b60e8040fc5885824053e4e5e11d4a326241362619f13,report_or_documentation,,current_core,Narrative scientific and provenance report for the associated analysis batch.,normal_git,direct_current,B104G_REPORT_20260829T151452Z.md,batches/B104G_20260829T150633Z/B104G_REPORT_20260829T151452Z.md,2,1
results/actual_input_file_manifest_through_B104I_20260830T114918Z.csv,86807,f840324e44a8c7caf8108b72b3d86c57df95a065bdfab28ae4279efc75a77910,provenance_manifest,,current_core,Manifest of actual materialized inputs used by the analysis at that point in time.,normal_git,direct_current,actual_input_file_manifest_through_B104I_20260830T114918Z.csv,results/actual_input_file_manifest_through_B104I_20260830T114918Z.csv,2,1
bundle_only/B104E_GOA_date_UniProt_feature_rule_bundle_20260829T122734Z/B104E/retained_inputs/uniprot_2016_mapping_audit/2016_05/O95073_Q9Y620_2016_05.dat,19527,f893a80ede1b4982b618a277a3686279ca958b02c2879e64ddac42e63ae481e2,retained_normalized_input,B104E,supporting_analysis,B104E compact normalized retained input used for later reproducibility: O95073_Q9Y620_2016_05.dat.,normal_git,zip_member,B104E_GOA_date_UniProt_feature_rule_bundle_20260829T122734Z.zip,B104E/retained_inputs/uniprot_2016_mapping_audit/2016_05/O95073_Q9Y620_2016_05.dat,1,0
bundle_only/B104C_MSigDB50_column_order_bundle_20260828T200948Z/B104C_delivery_20260828T200948Z/scripts/analyze_B104C_msigdb50_column_order.py,31657,f9e22cba81824c827c07fa1988952ff944f195f5db022299e8a5654a63815c93,script,,supporting_analysis,"analysis, download, validation, or packaging script: analyze_B104C_msigdb50_column_order.py.",normal_git,zip_member,B104C_MSigDB50_column_order_bundle_20260828T200948Z.zip,B104C_delivery_20260828T200948Z/scripts/analyze_B104C_msigdb50_column_order.py,1,0
batches/B104A_20260828T145842Z/analysis/B104A_selected_term_ontology_depth_and_residual_metrics_20260828T145842Z.csv,15628,fa18f10b88d2348fddfacdf62c8174557f37906970ee82122af745f3f0c0175c,analysis_result_or_derived_data,,supporting_analysis,analysis result or compact derived dataset: B104A_selected_term_ontology_depth_and_residual_metrics_20260828T145842Z.csv.,normal_git,direct_current,B104A_selected_term_ontology_depth_and_residual_metrics_20260828T145842Z.csv,batches/B104A_20260828T145842Z/analysis/B104A_selected_term_ontology_depth_and_residual_metrics_20260828T145842Z.csv,2,1
bundle_only/ppi_reproduction_analysis_bundle/results/paper_method_extracts.md,122100,fa74c4b8deb1df4802fff9abc0f9f8ba8b755a37b4f7fa4d2560f4ee0be0b8e6,documentation,,historical_or_supporting,assistant-generated investigation artifact: paper_method_extracts.md.,normal_git,zip_member,ppi_reproduction_analysis_bundle.zip,results/paper_method_extracts.md,1,0
batches/B102_final2/B102_direct_label_match_summary_20260827T162132Z.csv,117382,fab4936ae16da08f6ee4c47b44d417537f059f7ac720ba9de5df53bf24c69e84,analysis_result_or_derived_data,,historical_foundation,Summary of direct GO-label matching configurations.,normal_git,direct_current,B102_direct_label_match_summary_20260827T162132Z.csv,batches/B102_final2/B102_direct_label_match_summary_20260827T162132Z.csv,2,1
bundle_only/B104C_MSigDB50_column_order_bundle_20260828T200948Z/B104C_delivery_20260828T200948Z/analysis/B104C_msigdb_direct_membership_summary_20260828T194921Z.csv,672,fb1eb4591a24919ea2f518e43a558d4bdd11fe82f9ef89025b5b3392a40893c3,analysis_result_or_derived_data,,supporting_analysis,Direct MSigDB-to-GraphSAGE label membership comparison summary.,normal_git,zip_member,B104C_MSigDB50_column_order_bundle_20260828T200948Z.zip,B104C_delivery_20260828T200948Z/analysis/B104C_msigdb_direct_membership_summary_20260828T194921Z.csv,1,0
bundle_only/B104D_column_order_date_range_uniprot_bundle_20260829T010311Z/B104D_delivery_20260829T010311Z/analysis/B104D_graphmapped_column_order_top250.csv,27928,fc34824a4f3468b567c7a5066ae24074f48af3b040a62e7e502d8aec5e8fdc76,analysis_result_or_derived_data,,supporting_analysis,analysis result or compact derived dataset: B104D_graphmapped_column_order_top250.csv.,normal_git,zip_member,B104D_column_order_date_range_uniprot_bundle_20260829T010311Z.zip,B104D_delivery_20260829T010311Z/analysis/B104D_graphmapped_column_order_top250.csv,1,0
batches/B104C_20260828T194921Z/B104C_EXECUTION_DIAGNOSTICS_20260828T200948Z.md,4663,fcb61e30a2250833e3d053fa51288b008dfa0dbe7c8c601b876da28e3efad7e6,documentation,,supporting_analysis,"Execution diagnostics, including accepted runs, failures, retries, and limitations.",normal_git,direct_current,B104C_EXECUTION_DIAGNOSTICS_20260828T200948Z.md,batches/B104C_20260828T194921Z/B104C_EXECUTION_DIAGNOSTICS_20260828T200948Z.md,2,1
bundle_only/B104E_GOA_date_UniProt_feature_rule_bundle_20260829T122734Z/results/actual_input_file_manifest_through_B104E_20260829T122734Z.md,20106,fcba19374b19f51ebcda2973bf00672325079b212883b3684c1474836f4ee5dc,provenance_manifest,,supporting_analysis,Manifest of actual materialized inputs used by the analysis at that point in time.,normal_git,zip_member,B104E_GOA_date_UniProt_feature_rule_bundle_20260829T122734Z.zip,results/actual_input_file_manifest_through_B104E_20260829T122734Z.md,1,0
bundle_only/B104F_full_label_class_validation_bundle_20260829T140333Z/B104F_20260829T140333Z/scripts/__pycache__/analyze_full_label_class_multisets.cpython-313.pyc,24679,fcd9dbfb555d526defa10ee2ad5c28201dfccc29c41eabc2371501af5b2d45ca,script,,supporting_analysis,Machine-readable validation checks for the associated analysis or delivery.,normal_git,zip_member,B104F_full_label_class_validation_bundle_20260829T140333Z.zip,B104F_20260829T140333Z/scripts/__pycache__/analyze_full_label_class_multisets.cpython-313.pyc,1,0
results/actual_input_file_manifest_with_B101_20260827T153319Z.md,4168,fd08cb1d8a477b499ef7a00d78dc57cd53eee83121b94af3945a5125dfc538a1,provenance_manifest,,historical_or_supporting,Manifest of actual materialized inputs used by the analysis at that point in time.,normal_git,direct_current,actual_input_file_manifest_with_B101_20260827T153319Z.md,results/actual_input_file_manifest_with_B101_20260827T153319Z.md,2,1
bundle_only/B104_release158_analysis_bundle_20260828T032801Z/B104/scripts/build_B104_final_delivery.py,11746,fd130a9018682cd41f2e73bf5295814fddd0413ccf864e387b9d78618faf970f,script,B104,historical_or_supporting,"B104 analysis, download, validation, or packaging script: build_B104_final_delivery.py.",normal_git,zip_member,B104_release158_analysis_bundle_20260828T032801Z.zip,B104/scripts/build_B104_final_delivery.py,1,0
bundle_only/B104D_column_order_date_range_uniprot_bundle_20260829T010311Z/B104D_delivery_20260829T010311Z/analysis/B104D_deep_column_order_model_grid.csv.gz,28285,fe9ba88be5a142f80d071cadd95836ca978e46ae93b50f631a304b0106a69394,analysis_result_or_derived_data,,supporting_analysis,Comparison or summary of candidate legacy-Python GO column-order models.,normal_git,zip_member,B104D_column_order_date_range_uniprot_bundle_20260829T010311Z.zip,B104D_delivery_20260829T010311Z/analysis/B104D_deep_column_order_model_grid.csv.gz,1,0
bundle_only/B104F_full_label_class_validation_bundle_20260829T140333Z/B104F_20260829T140333Z/analysis/B104F_full_mapping_components_touching_graph_genes.csv,2546,ff518afb02fc46267c80e6561348fa0cf0febbb6a8201b39f58558060844dbb7,analysis_result_or_derived_data,,supporting_analysis,Bipartite identifier-mapping components and ambiguity-resolution evidence.,normal_git,zip_member,B104F_full_label_class_validation_bundle_20260829T140333Z.zip,B104F_20260829T140333Z/analysis/B104F_full_mapping_components_touching_graph_genes.csv,1,0
batches/B104E_20260829T121535Z/analysis/B104E_independent_MSigDB52_feature_validation_20260829T121535Z.json,2628,ffc99910551846a79bfc3bc6bbb8e219309fbe54fa48fa2506380df614975615,validation_or_checksum,,supporting_analysis,Machine-readable validation checks for the associated analysis or delivery.,normal_git,direct_current,B104E_independent_MSigDB52_feature_validation_20260829T121535Z.json,batches/B104E_20260829T121535Z/analysis/B104E_independent_MSigDB52_feature_validation_20260829T121535Z.json,3,2
