GeneID,mapped_graphsage_row_count,graph_instance_count,unique_tissue_count,tissues,train_instance_count,valid_instance_count,test_instance_count,mean_instance_degree,median_instance_degree,max_instance_degree,min_instance_degree,total_instance_degree,feature_nonzero_counts,feature_nonzero_count_consistent,positive_label_count,all_zero_label_vector
2,4,4,4,blood|blood_plasma|brain|liver,4,0,0,43.5,43.5,49,38,174,1,1,28,0
14,21,21,21,adipose_tissue|adrenal_gland|aorta|artery|astrocyte|basal_ganglion|blood|blood_plasma|blood_platelet|bone|brain|colon|eye|forebrain|gastrointestinal_tract|heart|kidney|large_intestine|liver|lung|midbrain,17,2,2,9.428571428571429,10.0,12,6,198,2,1,22,0
16,23,23,23,adipose_tissue|adrenal_cortex|adrenal_gland|amygdala|aorta|artery|astrocyte|basal_ganglion|blood|blood_plasma|blood_platelet|bone|brain|colon|eye|forebrain|gastrointestinal_tract|heart|kidney|large_intestine|liver|lung|midbrain,19,2,2,14.391304347826088,15.0,22,6,331,0,1,12,0
19,5,5,5,blood|gastrointestinal_tract|kidney|liver|lung,3,1,1,25.4,25.0,27,24,127,0,1,62,0
20,20,20,20,adipose_tissue|adrenal_cortex|adrenal_gland|amygdala|artery|basal_ganglion|blood|blood_plasma|blood_platelet|brain|colon|eye|forebrain|gastrointestinal_tract|heart|kidney|large_intestine|liver|lung|midbrain,16,2,2,8.7,9.0,11,5,174,2,1,41,0
23,1,1,1,brain,1,0,0,26.0,26.0,26,26,26,1,1,12,0
27,22,22,22,adipose_tissue|adrenal_cortex|adrenal_gland|amygdala|aorta|artery|basal_ganglion|blood|blood_plasma|blood_platelet|bone|brain|colon|eye|forebrain|gastrointestinal_tract|heart|kidney|large_intestine|liver|lung|midbrain,18,2,2,28.318181818181817,28.0,33,25,623,0,1,34,0
29,24,24,24,adipose_tissue|adrenal_cortex|adrenal_gland|amygdala|aorta|artery|astrocyte|basal_ganglion|basophil|blood|blood_plasma|blood_platelet|bone|brain|colon|eye|forebrain|gastrointestinal_tract|heart|kidney|large_intestine|liver|lung|midbrain,20,2,2,5.458333333333333,5.0,11,1,131,1,1,2,0
31,21,21,21,adipose_tissue|adrenal_gland|amygdala|aorta|artery|basal_ganglion|blood|blood_plasma|blood_platelet|bone|brain|colon|eye|forebrain|gastrointestinal_tract|heart|kidney|large_intestine|liver|lung|midbrain,17,2,2,28.904761904761905,28.0,34,25,607,1,1,32,0
32,21,21,21,adipose_tissue|adrenal_gland|amygdala|aorta|artery|basal_ganglion|blood|blood_plasma|blood_platelet|bone|brain|colon|eye|forebrain|gastrointestinal_tract|heart|kidney|large_intestine|liver|lung|midbrain,17,2,2,5.190476190476191,5.0,7,4,109,1,1,19,0
34,22,22,22,adipose_tissue|adrenal_cortex|adrenal_gland|amygdala|aorta|artery|basal_ganglion|blood|blood_plasma|blood_platelet|bone|brain|colon|eye|forebrain|gastrointestinal_tract|heart|kidney|large_intestine|liver|lung|midbrain,18,2,2,26.727272727272727,28.0,34,16,588,0,1,29,0
37,7,7,7,adipose_tissue|blood|brain|gastrointestinal_tract|heart|kidney|liver,5,2,0,10.0,11.0,13,3,70,1,1,39,0
41,6,6,6,amygdala|astrocyte|basal_ganglion|brain|forebrain|midbrain,5,0,1,5.666666666666667,6.0,6,4,34,2,1,18,0
43,23,23,23,adipose_tissue|adrenal_cortex|adrenal_gland|amygdala|aorta|artery|astrocyte|basal_ganglion|blood|blood_plasma|blood_platelet|bone|brain|colon|eye|forebrain|gastrointestinal_tract|heart|kidney|large_intestine|liver|lung|midbrain,19,2,2,8.91304347826087,9.0,10,6,205,0,1,26,0
48,21,21,21,adipose_tissue|adrenal_cortex|adrenal_gland|amygdala|aorta|artery|basal_ganglion|blood|blood_plasma|blood_platelet|brain|colon|eye|forebrain|gastrointestinal_tract|heart|kidney|large_intestine|liver|lung|midbrain,17,2,2,7.619047619047619,8.0,11,3,160,0,1,32,0
50,15,15,15,adipose_tissue|amygdala|basal_ganglion|blood|blood_plasma|brain|colon|forebrain|gastrointestinal_tract|heart|kidney|large_intestine|liver|lung|midbrain,11,2,2,12.533333333333333,13.0,16,10,188,2,1,21,0
51,17,17,17,adipose_tissue|adrenal_gland|astrocyte|basal_ganglion|blood|blood_plasma|bone|brain|colon|eye|forebrain|gastrointestinal_tract|heart|kidney|large_intestine|liver|lung,14,2,1,16.176470588235293,17.0,21,8,275,0,1,30,0
54,3,3,3,blood|blood_plasma|bone,3,0,0,4.666666666666667,5.0,6,3,14,1,1,10,0
58,22,22,22,adipose_tissue|adrenal_cortex|adrenal_gland|amygdala|aorta|artery|basal_ganglion|blood|blood_plasma|blood_platelet|bone|brain|colon|eye|forebrain|gastrointestinal_tract|heart|kidney|large_intestine|liver|lung|midbrain,18,2,2,78.0,79.5,96,48,1716,1,1,34,0
59,4,4,4,aorta|artery|blood|kidney,3,1,0,35.25,35.5,40,30,141,0,1,32,0
70,2,2,2,blood|heart,1,1,0,30.5,30.5,31,30,61,1,1,41,0
71,11,11,11,blood|blood_plasma|blood_platelet|bone|brain|eye|gastrointestinal_tract|heart|kidney|liver|lung,8,2,1,84.72727272727273,90.0,98,66,932,1,1,22,0
81,19,19,19,adipose_tissue|adrenal_gland|amygdala|aorta|artery|basal_ganglion|blood|blood_plasma|blood_platelet|brain|colon|forebrain|gastrointestinal_tract|heart|kidney|large_intestine|liver|lung|midbrain,15,2,2,56.578947368421055,57.0,72,39,1075,1,1,62,0
86,18,18,18,adrenal_cortex|adrenal_gland|amygdala|basal_ganglion|blood|blood_plasma|blood_platelet|bone|brain|colon|forebrain|gastrointestinal_tract|heart|kidney|large_intestine|liver|lung|midbrain,14,2,2,55.44444444444444,57.5,62,43,998,0,1,50,0
87,22,22,22,adipose_tissue|adrenal_gland|amygdala|aorta|artery|astrocyte|basal_ganglion|blood|blood_plasma|blood_platelet|bone|brain|colon|eye|forebrain|gastrointestinal_tract|heart|kidney|large_intestine|liver|lung|midbrain,18,2,2,57.77272727272727,59.5,76,27,1271,0,1,35,0
88,1,1,1,brain,1,0,0,42.0,42.0,42,42,42,0,1,38,0
89,2,2,2,brain|lung,1,0,1,15.0,15.0,16,14,30,2,1,41,0
90,24,24,24,adipose_tissue|adrenal_cortex|adrenal_gland|amygdala|aorta|artery|astrocyte|basal_ganglion|basophil|blood|blood_plasma|blood_platelet|bone|brain|colon|eye|forebrain|gastrointestinal_tract|heart|kidney|large_intestine|liver|lung|midbrain,20,2,2,27.875,27.0,37,15,669,1,1,77,0
91,23,23,23,adipose_tissue|adrenal_cortex|adrenal_gland|amygdala|aorta|artery|astrocyte|basal_ganglion|blood|blood_plasma|blood_platelet|bone|brain|colon|eye|forebrain|gastrointestinal_tract|heart|kidney|large_intestine|liver|lung|midbrain,19,2,2,23.695652173913043,24.0,29,18,545,1,1,67,0
92,23,23,23,adipose_tissue|adrenal_cortex|adrenal_gland|amygdala|aorta|artery|astrocyte|basal_ganglion|blood|blood_plasma|blood_platelet|bone|brain|colon|eye|forebrain|gastrointestinal_tract|heart|kidney|large_intestine|liver|lung|midbrain,19,2,2,10.434782608695652,10.0,16,8,240,3,1,57,0
93,1,1,1,brain,1,0,0,17.0,17.0,17,17,17,0,1,48,0
94,3,3,3,heart|kidney|lung,0,2,1,17.0,17.0,17,17,51,0,1,80,0
100,24,24,24,adipose_tissue|adrenal_cortex|adrenal_gland|amygdala|aorta|artery|astrocyte|basal_ganglion|basophil|blood|blood_plasma|blood_platelet|bone|brain|colon|eye|forebrain|gastrointestinal_tract|heart|kidney|large_intestine|liver|lung|midbrain,20,2,2,10.458333333333334,10.5,17,2,251,1,1,38,0
102,23,23,23,adipose_tissue|adrenal_gland|amygdala|aorta|artery|astrocyte|basal_ganglion|basophil|blood|blood_plasma|blood_platelet|bone|brain|colon|eye|forebrain|gastrointestinal_tract|heart|kidney|large_intestine|liver|lung|midbrain,19,2,2,9.434782608695652,9.0,13,3,217,1,1,54,0
107,9,9,9,blood|brain|colon|gastrointestinal_tract|heart|kidney|large_intestine|liver|lung,6,2,1,4.444444444444445,4.0,5,4,40,0,1,35,0
111,8,8,8,brain|colon|gastrointestinal_tract|heart|kidney|large_intestine|liver|lung,5,2,1,9.5,9.0,11,9,76,0,1,34,0
113,11,11,11,blood|blood_plasma|blood_platelet|brain|colon|gastrointestinal_tract|heart|kidney|large_intestine|liver|lung,8,2,1,5.454545454545454,5.0,6,5,60,0,1,30,0
118,20,20,20,adipose_tissue|adrenal_gland|amygdala|aorta|artery|basal_ganglion|blood|blood_plasma|blood_platelet|brain|colon|eye|forebrain|gastrointestinal_tract|heart|kidney|large_intestine|liver|lung|midbrain,16,2,2,30.65,32.0,43,18,613,0,1,39,0
119,6,6,6,amygdala|basal_ganglion|blood|brain|forebrain|lung,5,0,1,13.666666666666666,13.5,17,11,82,0,1,31,0
123,4,4,4,adipose_tissue|adrenal_cortex|adrenal_gland|lung,3,0,1,1.75,2.0,2,1,7,0,1,9,0
127,2,2,2,gastrointestinal_tract|liver,2,0,0,5.0,5.0,5,5,10,0,1,16,0
128,20,20,20,adipose_tissue|adrenal_gland|aorta|artery|astrocyte|basophil|blood|blood_plasma|blood_platelet|bone|brain|colon|eye|forebrain|gastrointestinal_tract|heart|kidney|large_intestine|liver|lung,17,2,1,12.95,13.0,16,6,259,0,1,13,0
130,2,2,2,gastrointestinal_tract|liver,2,0,0,6.0,6.0,6,6,12,0,1,17,0
131,1,1,1,gastrointestinal_tract,1,0,0,6.0,6.0,6,6,6,0,1,15,0
133,13,13,13,adrenal_cortex|adrenal_gland|blood|blood_plasma|brain|colon|eye|forebrain|gastrointestinal_tract|heart|kidney|large_intestine|lung,10,2,1,4.076923076923077,4.0,5,3,53,2,1,49,0
134,9,9,9,adipose_tissue|amygdala|basal_ganglion|blood|brain|forebrain|heart|kidney|midbrain,6,2,1,3.4444444444444446,3.0,5,3,31,0,1,0,1
135,17,17,17,amygdala|aorta|artery|basal_ganglion|blood|blood_plasma|blood_platelet|brain|colon|forebrain|gastrointestinal_tract|heart|kidney|large_intestine|liver|lung|midbrain,13,2,2,7.647058823529412,7.0,10,7,130,1,1,26,0
136,6,6,6,blood|brain|colon|forebrain|gastrointestinal_tract|large_intestine,6,0,0,3.3333333333333335,3.5,4,2,20,0,1,0,1
142,9,9,9,blood|brain|colon|gastrointestinal_tract|heart|kidney|large_intestine|liver|lung,6,2,1,143.33333333333334,143.0,153,136,1290,0,1,72,0
146,3,3,3,brain|forebrain|heart,2,1,0,8.666666666666666,9.0,9,8,26,0,1,0,1
147,3,3,3,kidney|liver|lung,1,1,1,6.666666666666667,7.0,7,6,20,1,1,36,0
148,5,5,5,brain|forebrain|heart|kidney|liver,3,2,0,4.8,4.0,7,4,24,2,1,53,0
150,4,4,4,adrenal_gland|brain|gastrointestinal_tract|kidney,3,1,0,15.0,15.0,17,13,60,0,1,49,0
151,2,2,2,brain|kidney,1,1,0,4.5,4.5,5,4,9,0,1,28,0
152,5,5,5,gastrointestinal_tract|heart|kidney|liver|lung,2,2,1,4.6,4.0,6,4,23,0,1,34,0
153,2,2,2,adipose_tissue|heart,1,1,0,8.5,8.5,9,8,17,0,1,37,0
154,3,3,3,blood|heart|lung,1,1,1,116.66666666666667,116.0,118,116,350,4,1,47,0
155,6,6,6,adipose_tissue|brain|colon|gastrointestinal_tract|heart|large_intestine,5,1,0,5.166666666666667,5.0,6,4,31,0,1,36,0
156,19,19,19,adipose_tissue|adrenal_cortex|adrenal_gland|aorta|artery|basal_ganglion|blood|blood_plasma|brain|colon|eye|forebrain|gastrointestinal_tract|heart|kidney|large_intestine|liver|lung|midbrain,15,2,2,36.21052631578947,36.0,47,26,688,3,1,46,0
158,21,21,21,adipose_tissue|adrenal_gland|amygdala|aorta|artery|basal_ganglion|blood|blood_plasma|blood_platelet|bone|brain|colon|eye|forebrain|gastrointestinal_tract|heart|kidney|large_intestine|liver|lung|midbrain,17,2,2,16.238095238095237,16.0,23,9,341,1,1,17,0
166,20,20,20,adipose_tissue|adrenal_cortex|adrenal_gland|amygdala|artery|basal_ganglion|blood|blood_plasma|bone|brain|colon|eye|forebrain|gastrointestinal_tract|heart|kidney|large_intestine|liver|lung|midbrain,16,2,2,59.4,58.5,78,39,1188,1,1,42,0
176,1,1,1,blood,1,0,0,4.0,4.0,4,4,4,2,1,0,1
177,4,4,4,blood|brain|heart|lung,2,1,1,9.25,9.0,10,9,37,2,1,41,0
181,7,7,7,adrenal_gland|basal_ganglion|blood|blood_plasma|brain|kidney|lung,5,1,1,2.0,2.0,4,1,14,0,1,22,0
182,24,24,24,adipose_tissue|adrenal_cortex|adrenal_gland|amygdala|aorta|artery|astrocyte|basal_ganglion|basophil|blood|blood_plasma|blood_platelet|bone|brain|colon|eye|forebrain|gastrointestinal_tract|heart|kidney|large_intestine|liver|lung|midbrain,20,2,2,6.25,6.5,8,4,150,1,1,51,0
183,9,9,9,adipose_tissue|adrenal_gland|blood|blood_plasma|brain|eye|heart|kidney|liver,7,2,0,11.88888888888889,12.0,15,8,107,0,1,63,0
185,11,11,11,adrenal_gland|blood|brain|colon|eye|gastrointestinal_tract|heart|kidney|large_intestine|liver|lung,8,2,1,20.0,21.0,22,18,220,0,1,29,0
186,4,4,4,adrenal_gland|brain|kidney|lung,2,1,1,6.0,6.0,6,6,24,0,1,27,0
189,2,2,2,kidney|liver,1,1,0,6.0,6.0,6,6,12,0,1,29,0
190,5,5,5,adrenal_cortex|adrenal_gland|brain|forebrain|liver,5,0,0,8.0,8.0,9,7,40,0,1,62,0
196,24,24,24,adipose_tissue|adrenal_cortex|adrenal_gland|amygdala|aorta|artery|astrocyte|basal_ganglion|basophil|blood|blood_plasma|blood_platelet|bone|brain|colon|eye|forebrain|gastrointestinal_tract|heart|kidney|large_intestine|liver|lung|midbrain,20,2,2,30.958333333333332,32.5,36,13,743,0,1,68,0
197,7,7,7,blood|blood_plasma|bone|eye|heart|kidney|liver,5,2,0,7.142857142857143,7.0,8,7,50,0,1,22,0
199,9,9,9,blood|brain|colon|gastrointestinal_tract|heart|kidney|large_intestine|liver|lung,6,2,1,2.0,2.0,2,2,18,1,1,36,0
207,23,23,23,adipose_tissue|adrenal_cortex|adrenal_gland|amygdala|aorta|artery|astrocyte|basal_ganglion|blood|blood_plasma|blood_platelet|bone|brain|colon|eye|forebrain|gastrointestinal_tract|heart|kidney|large_intestine|liver|lung|midbrain,19,2,2,191.52173913043478,197.0,234,116,4405,1,1,95,0
208,24,24,24,adipose_tissue|adrenal_cortex|adrenal_gland|amygdala|aorta|artery|astrocyte|basal_ganglion|basophil|blood|blood_plasma|blood_platelet|bone|brain|colon|eye|forebrain|gastrointestinal_tract|heart|kidney|large_intestine|liver|lung|midbrain,20,2,2,67.125,69.0,86,28,1611,1,1,58,0
210,21,21,21,adipose_tissue|adrenal_gland|amygdala|aorta|artery|basal_ganglion|blood|blood_plasma|blood_platelet|bone|brain|colon|eye|forebrain|gastrointestinal_tract|heart|kidney|large_intestine|liver|lung|midbrain,17,2,2,6.619047619047619,7.0,7,4,139,0,1,27,0
212,1,1,1,blood,1,0,0,3.0,3.0,3,3,3,1,1,36,0
214,2,2,2,blood|brain,2,0,0,5.0,5.0,6,4,10,2,1,16,0
216,2,2,2,blood|eye,2,0,0,6.5,6.5,8,5,13,2,1,10,0
220,16,16,16,adrenal_gland|amygdala|basal_ganglion|blood|blood_plasma|brain|colon|eye|forebrain|gastrointestinal_tract|heart|kidney|large_intestine|liver|lung|midbrain,12,2,2,5.0,5.0,8,2,80,0,1,28,0
223,23,23,23,adipose_tissue|adrenal_cortex|adrenal_gland|amygdala|aorta|artery|astrocyte|basal_ganglion|blood|blood_plasma|blood_platelet|bone|brain|colon|eye|forebrain|gastrointestinal_tract|heart|kidney|large_intestine|liver|lung|midbrain,19,2,2,7.391304347826087,8.0,13,4,170,0,1,20,0
226,14,14,14,adipose_tissue|adrenal_gland|blood|blood_plasma|brain|colon|eye|forebrain|gastrointestinal_tract|heart|kidney|large_intestine|liver|lung,11,2,1,55.92857142857143,57.5,67,36,783,1,1,46,0
229,4,4,4,blood|blood_plasma|kidney|liver,3,1,0,15.0,15.5,16,13,60,0,1,34,0
238,2,2,2,brain|gastrointestinal_tract,2,0,0,58.0,58.0,60,56,116,1,1,28,0
239,20,20,20,adipose_tissue|adrenal_gland|amygdala|aorta|artery|basal_ganglion|blood|blood_plasma|blood_platelet|brain|colon|eye|forebrain|gastrointestinal_tract|heart|kidney|large_intestine|liver|lung|midbrain,16,2,2,4.75,4.5,7,4,95,2,1,39,0
240,16,16,16,adipose_tissue|basal_ganglion|basophil|blood|blood_plasma|blood_platelet|bone|brain|colon|forebrain|gastrointestinal_tract|heart|kidney|large_intestine|liver|lung,13,2,1,10.6875,11.0,14,5,171,0,1,21,0
241,7,7,7,basal_ganglion|blood|brain|forebrain|gastrointestinal_tract|large_intestine|lung,6,0,1,4.714285714285714,5.0,5,4,33,0,1,26,0
249,4,4,4,blood|bone|kidney|liver,3,1,0,5.0,5.0,5,5,20,1,1,19,0
267,21,21,21,adipose_tissue|adrenal_gland|amygdala|aorta|artery|basal_ganglion|blood|blood_plasma|blood_platelet|bone|brain|colon|eye|forebrain|gastrointestinal_tract|heart|kidney|large_intestine|liver|lung|midbrain,17,2,2,46.285714285714285,48.0,53,27,972,1,1,39,0
273,3,3,3,adrenal_gland|brain|eye,3,0,0,20.333333333333332,20.0,24,17,61,0,1,5,0
283,24,24,24,adipose_tissue|adrenal_cortex|adrenal_gland|amygdala|aorta|artery|astrocyte|basal_ganglion|basophil|blood|blood_plasma|blood_platelet|bone|brain|colon|eye|forebrain|gastrointestinal_tract|heart|kidney|large_intestine|liver|lung|midbrain,20,2,2,4.666666666666667,4.5,6,3,112,1,1,65,0
284,24,24,24,adipose_tissue|adrenal_cortex|adrenal_gland|amygdala|aorta|artery|astrocyte|basal_ganglion|basophil|blood|blood_plasma|blood_platelet|bone|brain|colon|eye|forebrain|gastrointestinal_tract|heart|kidney|large_intestine|liver|lung|midbrain,20,2,2,3.4583333333333335,3.0,6,3,83,2,1,56,0
285,2,2,2,brain|kidney,1,1,0,6.5,6.5,7,6,13,2,1,15,0
286,3,3,3,blood|heart|liver,2,1,0,9.333333333333334,8.0,12,8,28,0,1,23,0
287,1,1,1,brain,1,0,0,11.0,11.0,11,11,11,2,1,39,0
288,2,2,2,brain|forebrain,2,0,0,14.0,14.0,16,12,28,2,1,51,0
291,16,16,16,adrenal_gland|amygdala|basal_ganglion|blood|blood_plasma|brain|colon|eye|forebrain|gastrointestinal_tract|heart|kidney|large_intestine|liver|lung|midbrain,12,2,2,36.25,37.0,39,31,580,0,1,15,0
301,22,22,22,adipose_tissue|adrenal_cortex|adrenal_gland|amygdala|artery|basal_ganglion|basophil|blood|blood_plasma|blood_platelet|bone|brain|colon|eye|forebrain|gastrointestinal_tract|heart|kidney|large_intestine|liver|lung|midbrain,18,2,2,61.77272727272727,63.0,84,18,1359,0,1,72,0
302,24,24,24,adipose_tissue|adrenal_cortex|adrenal_gland|amygdala|aorta|artery|astrocyte|basal_ganglion|basophil|blood|blood_plasma|blood_platelet|bone|brain|colon|eye|forebrain|gastrointestinal_tract|heart|kidney|large_intestine|liver|lung|midbrain,20,2,2,75.33333333333333,76.5,102,26,1808,0,1,64,0
306,24,24,24,adipose_tissue|adrenal_cortex|adrenal_gland|amygdala|aorta|artery|astrocyte|basal_ganglion|basophil|blood|blood_plasma|blood_platelet|bone|brain|colon|eye|forebrain|gastrointestinal_tract|heart|kidney|large_intestine|liver|lung|midbrain,20,2,2,5.625,6.0,7,3,135,0,1,65,0
309,23,23,23,adipose_tissue|adrenal_cortex|adrenal_gland|amygdala|aorta|artery|astrocyte|basal_ganglion|blood|blood_plasma|blood_platelet|bone|brain|colon|eye|forebrain|gastrointestinal_tract|heart|kidney|large_intestine|liver|lung|midbrain,19,2,2,38.608695652173914,39.0,53,19,888,0,1,31,0
310,18,18,18,adipose_tissue|adrenal_cortex|adrenal_gland|amygdala|aorta|artery|basal_ganglion|blood|blood_plasma|brain|eye|forebrain|gastrointestinal_tract|heart|kidney|liver|lung|midbrain,14,2,2,39.77777777777778,39.0,53,26,716,1,1,39,0
311,21,21,21,adipose_tissue|adrenal_cortex|adrenal_gland|amygdala|aorta|artery|basal_ganglion|blood|blood_plasma|blood_platelet|brain|colon|eye|forebrain|gastrointestinal_tract|heart|kidney|large_intestine|liver|lung|midbrain,17,2,2,16.523809523809526,17.0,19,11,347,1,1,38,0
317,6,6,6,brain|colon|gastrointestinal_tract|kidney|large_intestine|lung,4,1,1,18.5,18.5,19,18,111,0,1,34,0
320,23,23,23,adipose_tissue|adrenal_cortex|adrenal_gland|amygdala|aorta|artery|astrocyte|basal_ganglion|blood|blood_plasma|blood_platelet|bone|brain|colon|eye|forebrain|gastrointestinal_tract|heart|kidney|large_intestine|liver|lung|midbrain,19,2,2,10.956521739130435,10.0,15,10,252,2,1,0,1
321,1,1,1,brain,1,0,0,10.0,10.0,10,10,10,0,1,0,1
322,6,6,6,basal_ganglion|blood|brain|forebrain|gastrointestinal_tract|kidney,5,1,0,49.5,50.5,52,45,297,1,1,74,0
323,24,24,24,adipose_tissue|adrenal_cortex|adrenal_gland|amygdala|aorta|artery|astrocyte|basal_ganglion|basophil|blood|blood_plasma|blood_platelet|bone|brain|colon|eye|forebrain|gastrointestinal_tract|heart|kidney|large_intestine|liver|lung|midbrain,20,2,2,10.083333333333334,10.0,14,5,242,2,1,36,0
324,24,24,24,adipose_tissue|adrenal_cortex|adrenal_gland|amygdala|aorta|artery|astrocyte|basal_ganglion|basophil|blood|blood_plasma|blood_platelet|bone|brain|colon|eye|forebrain|gastrointestinal_tract|heart|kidney|large_intestine|liver|lung|midbrain,20,2,2,97.41666666666667,102.0,123,29,2338,0,1,58,0
328,20,20,20,adipose_tissue|adrenal_gland|amygdala|aorta|artery|basal_ganglion|blood|blood_plasma|blood_platelet|brain|colon|eye|forebrain|gastrointestinal_tract|heart|kidney|large_intestine|liver|lung|midbrain,16,2,2,51.9,51.5,67,32,1038,1,1,66,0
329,22,22,22,adipose_tissue|adrenal_gland|amygdala|aorta|artery|astrocyte|basal_ganglion|blood|blood_plasma|blood_platelet|bone|brain|colon|eye|forebrain|gastrointestinal_tract|heart|kidney|large_intestine|liver|lung|midbrain,18,2,2,60.90909090909091,59.5,75,41,1340,0,1,50,0
330,5,5,5,brain|heart|kidney|liver|lung,2,2,1,56.4,57.0,58,55,282,1,1,32,0
331,20,20,20,adipose_tissue|adrenal_gland|amygdala|aorta|artery|basal_ganglion|blood|blood_plasma|blood_platelet|brain|colon|eye|forebrain|gastrointestinal_tract|heart|kidney|large_intestine|liver|lung|midbrain,16,2,2,71.15,69.5,85,46,1423,0,1,43,0
332,4,4,4,colon|gastrointestinal_tract|large_intestine|lung,3,0,1,24.5,24.0,26,24,98,1,1,54,0
333,3,3,3,blood|brain|forebrain,3,0,0,26.666666666666668,28.0,29,23,80,0,1,25,0
334,23,23,23,adipose_tissue|adrenal_cortex|adrenal_gland|amygdala|aorta|artery|astrocyte|basal_ganglion|blood|blood_plasma|blood_platelet|bone|brain|colon|eye|forebrain|gastrointestinal_tract|heart|kidney|large_intestine|liver|lung|midbrain,19,2,2,25.391304347826086,25.0,33,21,584,0,1,14,0
335,6,6,6,blood|blood_plasma|gastrointestinal_tract|heart|liver|lung,4,1,1,41.166666666666664,41.0,48,34,247,0,1,68,0
336,6,6,6,blood|blood_plasma|eye|gastrointestinal_tract|liver|lung,5,0,1,11.0,11.0,12,9,66,1,1,69,0
337,11,11,11,adrenal_gland|blood|blood_plasma|brain|eye|gastrointestinal_tract|heart|kidney|large_intestine|liver|lung,8,2,1,4.2727272727272725,4.0,5,4,47,0,1,59,0
338,3,3,3,blood|blood_plasma|liver,3,0,0,25.666666666666668,25.0,29,23,77,0,1,50,0
341,11,11,11,adrenal_gland|blood|blood_plasma|brain|forebrain|gastrointestinal_tract|heart|kidney|large_intestine|liver|lung,8,2,1,3.0,3.0,4,2,33,1,1,45,0
344,2,2,2,blood|liver,2,0,0,1.0,1.0,1,1,2,1,1,41,0
345,3,3,3,blood|blood_plasma|lung,2,0,1,6.333333333333333,6.0,7,6,19,0,1,50,0
348,24,24,24,adipose_tissue|adrenal_cortex|adrenal_gland|amygdala|aorta|artery|astrocyte|basal_ganglion|basophil|blood|blood_plasma|blood_platelet|bone|brain|colon|eye|forebrain|gastrointestinal_tract|heart|kidney|large_intestine|liver|lung|midbrain,20,2,2,22.75,23.0,35,9,546,1,1,76,0
350,8,8,8,blood|blood_plasma|colon|eye|gastrointestinal_tract|large_intestine|liver|lung,7,0,1,18.25,17.5,23,16,146,0,1,42,0
351,23,23,23,adipose_tissue|adrenal_cortex|adrenal_gland|amygdala|aorta|artery|astrocyte|basal_ganglion|blood|blood_plasma|blood_platelet|bone|brain|colon|eye|forebrain|gastrointestinal_tract|heart|kidney|large_intestine|liver|lung|midbrain,19,2,2,417.4782608695652,406.0,589,200,9602,1,1,83,0
355,1,1,1,liver,1,0,0,61.0,61.0,61,61,61,0,1,33,0
356,1,1,1,blood,1,0,0,52.0,52.0,52,52,52,0,1,63,0
357,4,4,4,brain|eye|kidney|lung,2,1,1,7.0,7.0,7,7,28,0,1,32,0
358,11,11,11,adrenal_cortex|adrenal_gland|blood|brain|eye|forebrain|gastrointestinal_tract|heart|kidney|liver|lung,8,2,1,17.09090909090909,17.0,21,9,188,1,1,69,0
359,6,6,6,blood|brain|heart|kidney|liver|lung,3,2,1,4.0,4.0,4,4,24,1,1,24,0
360,7,7,7,blood|colon|gastrointestinal_tract|kidney|large_intestine|liver|lung,5,1,1,1.5714285714285714,1.0,3,1,11,0,1,21,0
361,7,7,7,brain|eye|gastrointestinal_tract|heart|kidney|liver|lung,4,2,1,6.714285714285714,7.0,7,6,47,0,1,16,0
362,2,2,2,eye|lung,1,0,1,5.5,5.5,6,5,11,1,1,23,0
366,4,4,4,blood|gastrointestinal_tract|liver|lung,3,0,1,2.0,2.0,2,2,8,0,1,19,0
367,9,9,9,adrenal_cortex|adrenal_gland|colon|gastrointestinal_tract|heart|kidney|large_intestine|liver|lung,6,2,1,174.55555555555554,183.0,190,127,1571,0,1,77,0
369,16,16,16,adipose_tissue|adrenal_cortex|adrenal_gland|basal_ganglion|blood|blood_plasma|brain|colon|eye|forebrain|gastrointestinal_tract|heart|kidney|large_intestine|liver|lung,13,2,1,45.625,47.0,52,30,730,1,1,25,0
373,20,20,20,adrenal_gland|amygdala|aorta|artery|basal_ganglion|blood|blood_plasma|blood_platelet|bone|brain|colon|eye|forebrain|gastrointestinal_tract|heart|kidney|large_intestine|liver|lung|midbrain,16,2,2,59.8,60.5,76,41,1196,0,1,33,0
374,2,2,2,brain|lung,1,0,1,7.5,7.5,8,7,15,2,1,28,0
382,23,23,23,adipose_tissue|adrenal_cortex|adrenal_gland|amygdala|aorta|artery|astrocyte|basal_ganglion|blood|blood_plasma|blood_platelet|bone|brain|colon|eye|forebrain|gastrointestinal_tract|heart|kidney|large_intestine|liver|lung|midbrain,19,2,2,43.26086956521739,45.0,56,22,995,3,1,42,0
384,21,21,21,adipose_tissue|adrenal_cortex|adrenal_gland|amygdala|artery|astrocyte|basal_ganglion|blood|blood_plasma|bone|brain|colon|eye|forebrain|gastrointestinal_tract|heart|kidney|large_intestine|liver|lung|midbrain,17,2,2,1.0,1.0,1,1,21,0,1,2,0
387,23,23,23,adipose_tissue|adrenal_cortex|adrenal_gland|amygdala|aorta|artery|astrocyte|basal_ganglion|blood|blood_plasma|blood_platelet|bone|brain|colon|eye|forebrain|gastrointestinal_tract|heart|kidney|large_intestine|liver|lung|midbrain,19,2,2,69.73913043478261,70.0,84,40,1604,1,1,59,0
388,24,24,24,adipose_tissue|adrenal_cortex|adrenal_gland|amygdala|aorta|artery|astrocyte|basal_ganglion|basophil|blood|blood_plasma|blood_platelet|bone|brain|colon|eye|forebrain|gastrointestinal_tract|heart|kidney|large_intestine|liver|lung|midbrain,20,2,2,6.541666666666667,7.0,10,1,157,2,1,43,0
389,22,22,22,adipose_tissue|adrenal_gland|amygdala|aorta|artery|astrocyte|basal_ganglion|blood|blood_plasma|blood_platelet|bone|brain|colon|eye|forebrain|gastrointestinal_tract|heart|kidney|large_intestine|liver|lung|midbrain,18,2,2,11.636363636363637,11.0,15,8,256,0,1,27,0
391,24,24,24,adipose_tissue|adrenal_cortex|adrenal_gland|amygdala|aorta|artery|astrocyte|basal_ganglion|basophil|blood|blood_plasma|blood_platelet|bone|brain|colon|eye|forebrain|gastrointestinal_tract|heart|kidney|large_intestine|liver|lung|midbrain,20,2,2,11.125,11.0,15,6,267,3,1,52,0
392,20,20,20,adrenal_gland|amygdala|aorta|artery|basal_ganglion|blood|blood_plasma|blood_platelet|bone|brain|colon|eye|forebrain|gastrointestinal_tract|heart|kidney|large_intestine|liver|lung|midbrain,16,2,2,18.8,19.0,22,15,376,4,1,19,0
394,19,19,19,adipose_tissue|adrenal_cortex|adrenal_gland|artery|astrocyte|basal_ganglion|blood|blood_plasma|bone|brain|colon|eye|forebrain|gastrointestinal_tract|heart|kidney|large_intestine|liver|lung,16,2,1,10.0,11.0,13,5,190,1,1,9,0
395,3,3,3,brain|heart|kidney,1,2,0,1.0,1.0,1,1,3,1,1,15,0
396,21,21,21,adrenal_gland|amygdala|aorta|artery|astrocyte|basal_ganglion|blood|blood_plasma|blood_platelet|bone|brain|colon|eye|forebrain|gastrointestinal_tract|heart|kidney|large_intestine|liver|lung|midbrain,17,2,2,48.142857142857146,47.0,60,31,1011,1,1,18,0
399,1,1,1,blood,1,0,0,4.0,4.0,4,4,4,0,1,18,0
401,2,2,2,adrenal_gland|brain,2,0,0,8.0,8.0,8,8,16,1,1,43,0
402,21,21,21,adrenal_cortex|adrenal_gland|amygdala|aorta|artery|basal_ganglion|blood|blood_plasma|blood_platelet|bone|brain|colon|eye|forebrain|gastrointestinal_tract|heart|kidney|large_intestine|liver|lung|midbrain,17,2,2,9.142857142857142,9.0,11,4,192,1,1,42,0
403,20,20,20,adrenal_gland|amygdala|aorta|artery|basal_ganglion|blood|blood_plasma|blood_platelet|bone|brain|colon|eye|forebrain|gastrointestinal_tract|heart|kidney|large_intestine|liver|lung|midbrain,16,2,2,6.7,7.0,8,5,134,2,1,40,0
405,24,24,24,adipose_tissue|adrenal_cortex|adrenal_gland|amygdala|aorta|artery|astrocyte|basal_ganglion|basophil|blood|blood_plasma|blood_platelet|bone|brain|colon|eye|forebrain|gastrointestinal_tract|heart|kidney|large_intestine|liver|lung|midbrain,20,2,2,28.708333333333332,30.0,38,11,689,2,1,55,0
406,20,20,20,adipose_tissue|amygdala|artery|astrocyte|basal_ganglion|blood|blood_plasma|blood_platelet|bone|brain|colon|eye|forebrain|gastrointestinal_tract|heart|kidney|large_intestine|liver|lung|midbrain,16,2,2,17.5,18.5,20,8,350,2,1,82,0
408,24,24,24,adipose_tissue|adrenal_cortex|adrenal_gland|amygdala|aorta|artery|astrocyte|basal_ganglion|basophil|blood|blood_plasma|blood_platelet|bone|brain|colon|eye|forebrain|gastrointestinal_tract|heart|kidney|large_intestine|liver|lung|midbrain,20,2,2,114.29166666666667,118.5,152,45,2743,1,1,97,0
409,24,24,24,adipose_tissue|adrenal_cortex|adrenal_gland|amygdala|aorta|artery|astrocyte|basal_ganglion|basophil|blood|blood_plasma|blood_platelet|bone|brain|colon|eye|forebrain|gastrointestinal_tract|heart|kidney|large_intestine|liver|lung|midbrain,20,2,2,112.375,115.5,153,40,2697,3,1,80,0
429,2,2,2,brain|lung,1,0,1,11.0,11.0,12,10,22,1,1,59,0
444,12,12,12,blood|blood_plasma|blood_platelet|bone|brain|colon|gastrointestinal_tract|heart|kidney|large_intestine|liver|lung,9,2,1,11.083333333333334,11.0,14,7,133,1,1,33,0
467,8,8,8,basal_ganglion|blood|blood_plasma|brain|eye|forebrain|kidney|liver,7,1,0,38.125,38.0,42,33,305,5,1,66,0
468,8,8,8,basal_ganglion|blood|blood_plasma|brain|eye|forebrain|kidney|liver,7,1,0,36.75,37.0,39,33,294,1,1,77,0
472,24,24,24,adipose_tissue|adrenal_cortex|adrenal_gland|amygdala|aorta|artery|astrocyte|basal_ganglion|basophil|blood|blood_plasma|blood_platelet|bone|brain|colon|eye|forebrain|gastrointestinal_tract|heart|kidney|large_intestine|liver|lung|midbrain,20,2,2,97.20833333333333,104.0,120,35,2333,0,1,84,0
473,18,18,18,adrenal_cortex|adrenal_gland|amygdala|basal_ganglion|blood|blood_plasma|blood_platelet|bone|brain|colon|forebrain|gastrointestinal_tract|heart|kidney|large_intestine|liver|lung|midbrain,14,2,2,12.944444444444445,13.0,15,10,233,3,1,0,1
476,22,22,22,adipose_tissue|adrenal_cortex|adrenal_gland|amygdala|aorta|artery|astrocyte|basal_ganglion|blood|blood_plasma|blood_platelet|brain|colon|eye|forebrain|gastrointestinal_tract|heart|kidney|large_intestine|liver|lung|midbrain,18,2,2,67.86363636363636,71.5,80,44,1493,0,1,39,0
477,1,1,1,heart,0,1,0,7.0,7.0,7,7,7,2,1,47,0
480,5,5,5,brain|heart|kidney|liver|lung,2,2,1,3.0,3.0,3,3,15,1,1,6,0
488,23,23,23,adipose_tissue|adrenal_cortex|adrenal_gland|amygdala|aorta|artery|astrocyte|basal_ganglion|blood|blood_plasma|blood_platelet|bone|brain|colon|eye|forebrain|gastrointestinal_tract|heart|kidney|large_intestine|liver|lung|midbrain,19,2,2,31.652173913043477,32.0,41,23,728,0,1,30,0
491,23,23,23,adipose_tissue|adrenal_cortex|adrenal_gland|amygdala|aorta|artery|astrocyte|basal_ganglion|blood|blood_plasma|blood_platelet|bone|brain|colon|eye|forebrain|gastrointestinal_tract|heart|kidney|large_intestine|liver|lung|midbrain,19,2,2,7.913043478260869,8.0,12,5,182,1,1,24,0
498,23,23,23,adipose_tissue|adrenal_cortex|adrenal_gland|amygdala|aorta|artery|basal_ganglion|basophil|blood|blood_plasma|blood_platelet|bone|brain|colon|eye|forebrain|gastrointestinal_tract|heart|kidney|large_intestine|liver|lung|midbrain,19,2,2,78.47826086956522,84.0,105,26,1805,1,1,42,0
506,24,24,24,adipose_tissue|adrenal_cortex|adrenal_gland|amygdala|aorta|artery|astrocyte|basal_ganglion|basophil|blood|blood_plasma|blood_platelet|bone|brain|colon|eye|forebrain|gastrointestinal_tract|heart|kidney|large_intestine|liver|lung|midbrain,20,2,2,59.916666666666664,66.5,83,17,1438,1,1,48,0
509,16,16,16,amygdala|basal_ganglion|blood|blood_plasma|blood_platelet|brain|colon|eye|forebrain|gastrointestinal_tract|heart|kidney|large_intestine|liver|lung|midbrain,12,2,2,65.6875,66.5,76,49,1051,0,1,26,0
513,16,16,16,amygdala|basal_ganglion|blood|blood_plasma|blood_platelet|brain|colon|eye|forebrain|gastrointestinal_tract|heart|kidney|large_intestine|liver|lung|midbrain,12,2,2,20.75,21.0,23,19,332,1,1,10,0
514,16,16,16,amygdala|basal_ganglion|blood|blood_plasma|blood_platelet|brain|colon|eye|forebrain|gastrointestinal_tract|heart|kidney|large_intestine|liver|lung|midbrain,12,2,2,13.125,13.0,14,13,210,1,1,9,0
515,16,16,16,amygdala|basal_ganglion|blood|blood_plasma|blood_platelet|brain|colon|eye|forebrain|gastrointestinal_tract|heart|kidney|large_intestine|liver|lung|midbrain,12,2,2,42.5625,44.5,46,32,681,0,1,26,0
521,16,16,16,amygdala|basal_ganglion|blood|blood_plasma|blood_platelet|brain|colon|eye|forebrain|gastrointestinal_tract|heart|kidney|large_intestine|liver|lung|midbrain,12,2,2,23.8125,24.0,27,21,381,0,1,13,0
522,16,16,16,amygdala|basal_ganglion|blood|blood_plasma|blood_platelet|brain|colon|eye|forebrain|gastrointestinal_tract|heart|kidney|large_intestine|liver|lung|midbrain,12,2,2,26.25,27.0,28,23,420,0,1,17,0
525,1,1,1,kidney,0,1,0,29.0,29.0,29,29,29,0,1,30,0
538,24,24,24,adipose_tissue|adrenal_cortex|adrenal_gland|amygdala|aorta|artery|astrocyte|basal_ganglion|basophil|blood|blood_plasma|blood_platelet|bone|brain|colon|eye|forebrain|gastrointestinal_tract|heart|kidney|large_intestine|liver|lung|midbrain,20,2,2,5.625,6.0,8,2,135,1,1,59,0
539,18,18,18,adipose_tissue|adrenal_gland|amygdala|basal_ganglion|blood|blood_plasma|blood_platelet|brain|colon|eye|forebrain|gastrointestinal_tract|heart|kidney|large_intestine|liver|lung|midbrain,14,2,2,42.0,43.0,48,25,756,1,1,40,0
540,23,23,23,adipose_tissue|adrenal_cortex|adrenal_gland|amygdala|aorta|artery|astrocyte|basal_ganglion|blood|blood_plasma|blood_platelet|bone|brain|colon|eye|forebrain|gastrointestinal_tract|heart|kidney|large_intestine|liver|lung|midbrain,19,2,2,8.08695652173913,9.0,12,3,186,0,1,27,0
545,8,8,8,blood|brain|colon|gastrointestinal_tract|heart|large_intestine|liver|lung,6,1,1,71.625,72.0,73,69,573,0,1,76,0
546,23,23,23,adipose_tissue|adrenal_cortex|adrenal_gland|amygdala|aorta|artery|astrocyte|basal_ganglion|blood|blood_plasma|blood_platelet|bone|brain|colon|eye|forebrain|gastrointestinal_tract|heart|kidney|large_intestine|liver|lung|midbrain,19,2,2,18.869565217391305,21.0,26,5,434,0,1,80,0
549,9,9,9,blood|brain|colon|gastrointestinal_tract|heart|kidney|large_intestine|liver|lung,6,2,1,5.666666666666667,6.0,6,5,51,0,1,16,0
551,1,1,1,brain,1,0,0,7.0,7.0,7,7,7,0,1,48,0
554,1,1,1,kidney,0,1,0,13.0,13.0,13,13,13,0,1,10,0
558,1,1,1,blood,1,0,0,20.0,20.0,20,20,20,2,1,43,0
566,3,3,3,blood|brain|eye,3,0,0,1.3333333333333333,1.0,2,1,4,0,1,61,0
567,24,24,24,adipose_tissue|adrenal_cortex|adrenal_gland|amygdala|aorta|artery|astrocyte|basal_ganglion|basophil|blood|blood_plasma|blood_platelet|bone|brain|colon|eye|forebrain|gastrointestinal_tract|heart|kidney|large_intestine|liver|lung|midbrain,20,2,2,9.125,9.0,13,4,219,0,1,37,0
570,1,1,1,liver,1,0,0,2.0,2.0,2,2,2,0,1,22,0
572,24,24,24,adipose_tissue|adrenal_cortex|adrenal_gland|amygdala|aorta|artery|astrocyte|basal_ganglion|basophil|blood|blood_plasma|blood_platelet|bone|brain|colon|eye|forebrain|gastrointestinal_tract|heart|kidney|large_intestine|liver|lung|midbrain,20,2,2,35.416666666666664,37.0,46,11,850,1,1,64,0
573,21,21,21,adipose_tissue|adrenal_cortex|adrenal_gland|amygdala|aorta|artery|basal_ganglion|blood|blood_plasma|blood_platelet|brain|colon|eye|forebrain|gastrointestinal_tract|heart|kidney|large_intestine|liver|lung|midbrain,17,2,2,27.238095238095237,28.0,34,18,572,0,1,10,0
576,3,3,3,blood|blood_plasma|brain,3,0,0,2.3333333333333335,2.0,3,2,7,2,1,0,1
578,23,23,23,adipose_tissue|adrenal_cortex|adrenal_gland|amygdala|aorta|artery|astrocyte|basal_ganglion|blood|blood_plasma|blood_platelet|bone|brain|colon|eye|forebrain|gastrointestinal_tract|heart|kidney|large_intestine|liver|lung|midbrain,19,2,2,18.217391304347824,19.0,21,13,419,1,1,55,0
579,22,22,22,adipose_tissue|adrenal_cortex|adrenal_gland|amygdala|artery|astrocyte|basal_ganglion|basophil|blood|blood_plasma|bone|brain|colon|eye|forebrain|gastrointestinal_tract|heart|kidney|large_intestine|liver|lung|midbrain,18,2,2,8.545454545454545,8.5,10,4,188,0,1,8,0
580,1,1,1,lung,0,0,1,109.0,109.0,109,109,109,0,1,44,0
581,24,24,24,adipose_tissue|adrenal_cortex|adrenal_gland|amygdala|aorta|artery|astrocyte|basal_ganglion|basophil|blood|blood_plasma|blood_platelet|bone|brain|colon|eye|forebrain|gastrointestinal_tract|heart|kidney|large_intestine|liver|lung|midbrain,20,2,2,45.208333333333336,49.0,56,13,1085,1,1,74,0
582,15,15,15,adrenal_gland|amygdala|basal_ganglion|blood|brain|colon|eye|forebrain|gastrointestinal_tract|heart|kidney|large_intestine|liver|lung|midbrain,11,2,2,7.2,7.0,11,5,108,1,1,28,0
585,23,23,23,adipose_tissue|adrenal_cortex|adrenal_gland|amygdala|aorta|artery|astrocyte|basal_ganglion|blood|blood_plasma|blood_platelet|bone|brain|colon|eye|forebrain|gastrointestinal_tract|heart|kidney|large_intestine|liver|lung|midbrain,19,2,2,8.130434782608695,8.0,12,5,187,0,1,47,0
595,24,24,24,adipose_tissue|adrenal_cortex|adrenal_gland|amygdala|aorta|artery|astrocyte|basal_ganglion|basophil|blood|blood_plasma|blood_platelet|bone|brain|colon|eye|forebrain|gastrointestinal_tract|heart|kidney|large_intestine|liver|lung|midbrain,20,2,2,57.166666666666664,59.0,72,20,1372,1,1,57,0
597,4,4,4,blood|colon|gastrointestinal_tract|large_intestine,4,0,0,13.0,12.5,15,12,52,1,1,6,0
598,23,23,23,adipose_tissue|adrenal_cortex|adrenal_gland|amygdala|aorta|artery|astrocyte|basal_ganglion|blood|blood_plasma|blood_platelet|bone|brain|colon|eye|forebrain|gastrointestinal_tract|heart|kidney|large_intestine|liver|lung|midbrain,19,2,2,54.95652173913044,57.0,66,37,1264,6,1,37,0
602,3,3,3,blood|blood_plasma|blood_platelet,3,0,0,36.666666666666664,36.0,40,34,110,4,1,81,0
604,23,23,23,adipose_tissue|adrenal_gland|amygdala|aorta|artery|astrocyte|basal_ganglion|basophil|blood|blood_plasma|blood_platelet|bone|brain|colon|eye|forebrain|gastrointestinal_tract|heart|kidney|large_intestine|liver|lung|midbrain,19,2,2,62.869565217391305,64.0,81,25,1446,2,1,50,0
613,24,24,24,adipose_tissue|adrenal_cortex|adrenal_gland|amygdala|aorta|artery|astrocyte|basal_ganglion|basophil|blood|blood_plasma|blood_platelet|bone|brain|colon|eye|forebrain|gastrointestinal_tract|heart|kidney|large_intestine|liver|lung|midbrain,20,2,2,46.875,49.0,62,22,1125,1,1,16,0
617,16,16,16,adrenal_gland|amygdala|basal_ganglion|blood|blood_plasma|brain|colon|eye|forebrain|gastrointestinal_tract|heart|kidney|large_intestine|liver|lung|midbrain,12,2,2,4.25,4.0,5,3,68,1,1,14,0
623,15,15,15,adrenal_gland|aorta|artery|blood|blood_plasma|blood_platelet|brain|colon|forebrain|gastrointestinal_tract|heart|kidney|large_intestine|liver|lung,12,2,1,1.0,1.0,1,1,15,1,1,0,1
624,2,2,2,adipose_tissue|lung,1,0,1,12.5,12.5,15,10,25,2,1,18,0
632,11,11,11,artery|blood|bone|brain|colon|eye|gastrointestinal_tract|heart|kidney|large_intestine|liver,9,2,0,2.4545454545454546,3.0,3,1,27,0,1,12,0
633,1,1,1,lung,0,0,1,6.0,6.0,6,6,6,0,1,13,0
635,2,2,2,kidney|liver,1,1,0,7.0,7.0,7,7,14,0,1,26,0
636,2,2,2,brain|heart,1,1,0,10.0,10.0,10,10,20,0,1,43,0
637,23,23,23,adipose_tissue|adrenal_cortex|adrenal_gland|amygdala|aorta|artery|astrocyte|basal_ganglion|blood|blood_plasma|blood_platelet|bone|brain|colon|eye|forebrain|gastrointestinal_tract|heart|kidney|large_intestine|liver|lung|midbrain,19,2,2,28.26086956521739,28.0,39,14,650,1,1,26,0
638,21,21,21,adipose_tissue|adrenal_gland|amygdala|aorta|artery|basal_ganglion|blood|blood_plasma|blood_platelet|bone|brain|colon|eye|forebrain|gastrointestinal_tract|heart|kidney|large_intestine|liver|lung|midbrain,17,2,2,19.476190476190474,20.0,24,11,409,1,1,12,0
639,1,1,1,blood,1,0,0,20.0,20.0,20,20,20,4,1,35,0
640,2,2,2,blood|liver,2,0,0,40.0,40.0,44,36,80,1,1,16,0
641,23,23,23,adipose_tissue|adrenal_cortex|adrenal_gland|amygdala|aorta|artery|basal_ganglion|basophil|blood|blood_plasma|blood_platelet|bone|brain|colon|eye|forebrain|gastrointestinal_tract|heart|kidney|large_intestine|liver|lung|midbrain,19,2,2,36.04347826086956,37.0,52,14,829,0,1,80,0
645,7,7,7,artery|blood|brain|forebrain|kidney|liver|lung,5,1,1,3.0,3.0,4,2,21,1,1,31,0
648,23,23,23,adipose_tissue|adrenal_cortex|adrenal_gland|amygdala|aorta|artery|basal_ganglion|basophil|blood|blood_plasma|blood_platelet|bone|brain|colon|eye|forebrain|gastrointestinal_tract|heart|kidney|large_intestine|liver|lung|midbrain,19,2,2,104.8695652173913,109.0,141,23,2412,1,1,51,0
649,19,19,19,adrenal_cortex|adrenal_gland|amygdala|artery|basal_ganglion|basophil|blood|blood_plasma|bone|brain|colon|eye|forebrain|gastrointestinal_tract|heart|kidney|large_intestine|liver|lung,16,2,1,7.0,7.0,11,3,133,1,1,13,0
650,3,3,3,brain|heart|kidney,1,2,0,12.666666666666666,12.0,14,12,38,0,1,83,0
652,24,24,24,adipose_tissue|adrenal_cortex|adrenal_gland|amygdala|aorta|artery|astrocyte|basal_ganglion|basophil|blood|blood_plasma|blood_platelet|bone|brain|colon|eye|forebrain|gastrointestinal_tract|heart|kidney|large_intestine|liver|lung|midbrain,20,2,2,8.583333333333334,9.0,11,5,206,0,1,77,0
653,1,1,1,eye,1,0,0,3.0,3.0,3,3,3,1,1,60,0
655,3,3,3,gastrointestinal_tract|heart|kidney,1,2,0,15.0,15.0,15,15,45,1,1,64,0
657,24,24,24,adipose_tissue|adrenal_cortex|adrenal_gland|amygdala|aorta|artery|astrocyte|basal_ganglion|basophil|blood|blood_plasma|blood_platelet|bone|brain|colon|eye|forebrain|gastrointestinal_tract|heart|kidney|large_intestine|liver|lung|midbrain,20,2,2,19.916666666666668,19.0,26,14,478,0,1,75,0
658,7,7,7,brain|colon|eye|gastrointestinal_tract|heart|kidney|large_intestine,5,2,0,28.714285714285715,28.0,31,26,201,1,1,66,0
659,24,24,24,adipose_tissue|adrenal_cortex|adrenal_gland|amygdala|aorta|artery|astrocyte|basal_ganglion|basophil|blood|blood_plasma|blood_platelet|bone|brain|colon|eye|forebrain|gastrointestinal_tract|heart|kidney|large_intestine|liver|lung|midbrain,20,2,2,21.833333333333332,22.0,31,10,524,1,1,78,0
661,23,23,23,adipose_tissue|adrenal_gland|amygdala|aorta|artery|astrocyte|basal_ganglion|basophil|blood|blood_plasma|blood_platelet|bone|brain|colon|eye|forebrain|gastrointestinal_tract|heart|kidney|large_intestine|liver|lung|midbrain,19,2,2,10.478260869565217,11.0,14,6,241,0,1,15,0
662,22,22,22,adipose_tissue|adrenal_cortex|adrenal_gland|amygdala|aorta|artery|astrocyte|basal_ganglion|blood|blood_plasma|blood_platelet|brain|colon|eye|forebrain|gastrointestinal_tract|heart|kidney|large_intestine|liver|lung|midbrain,18,2,2,10.954545454545455,11.0,13,7,241,0,1,26,0
664,23,23,23,adipose_tissue|adrenal_cortex|adrenal_gland|amygdala|aorta|artery|astrocyte|basal_ganglion|blood|blood_plasma|blood_platelet|bone|brain|colon|eye|forebrain|gastrointestinal_tract|heart|kidney|large_intestine|liver|lung|midbrain,19,2,2,12.434782608695652,13.0,15,8,286,2,1,59,0
665,22,22,22,adipose_tissue|adrenal_cortex|adrenal_gland|amygdala|aorta|artery|astrocyte|basal_ganglion|blood|blood_plasma|blood_platelet|brain|colon|eye|forebrain|gastrointestinal_tract|heart|kidney|large_intestine|liver|lung|midbrain,18,2,2,14.590909090909092,15.0,19,9,321,3,1,43,0
667,22,22,22,adipose_tissue|adrenal_cortex|adrenal_gland|amygdala|artery|astrocyte|basal_ganglion|blood|blood_plasma|blood_platelet|bone|brain|colon|eye|forebrain|gastrointestinal_tract|heart|kidney|large_intestine|liver|lung|midbrain,18,2,2,24.272727272727273,24.0,33,10,534,1,1,32,0
668,1,1,1,eye,1,0,0,10.0,10.0,10,10,10,0,1,65,0
672,23,23,23,adipose_tissue|adrenal_cortex|adrenal_gland|amygdala|aorta|artery|astrocyte|basal_ganglion|blood|blood_plasma|blood_platelet|bone|brain|colon|eye|forebrain|gastrointestinal_tract|heart|kidney|large_intestine|liver|lung|midbrain,19,2,2,224.8695652173913,232.0,286,106,5172,1,1,96,0
673,16,16,16,adipose_tissue|adrenal_cortex|adrenal_gland|basal_ganglion|blood|blood_plasma|brain|colon|eye|forebrain|gastrointestinal_tract|heart|kidney|large_intestine|liver|lung,13,2,1,38.75,41.0,43,29,620,2,1,58,0
675,24,24,24,adipose_tissue|adrenal_cortex|adrenal_gland|amygdala|aorta|artery|astrocyte|basal_ganglion|basophil|blood|blood_plasma|blood_platelet|bone|brain|colon|eye|forebrain|gastrointestinal_tract|heart|kidney|large_intestine|liver|lung|midbrain,20,2,2,36.666666666666664,43.0,53,12,880,0,1,89,0
676,18,18,18,adrenal_cortex|adrenal_gland|amygdala|basal_ganglion|blood|blood_plasma|blood_platelet|bone|brain|colon|forebrain|gastrointestinal_tract|heart|kidney|large_intestine|liver|lung|midbrain,14,2,2,2.7222222222222223,3.0,3,2,49,0,1,50,0
677,20,20,20,adipose_tissue|amygdala|artery|basal_ganglion|basophil|blood|blood_plasma|blood_platelet|bone|brain|colon|eye|forebrain|gastrointestinal_tract|heart|kidney|large_intestine|liver|lung|midbrain,16,2,2,9.15,9.5,12,3,183,1,1,84,0
678,20,20,20,adipose_tissue|amygdala|artery|basal_ganglion|basophil|blood|blood_plasma|blood_platelet|bone|brain|colon|eye|forebrain|gastrointestinal_tract|heart|kidney|large_intestine|liver|lung|midbrain,16,2,2,4.3,5.0,5,1,86,1,1,74,0
687,16,16,16,adrenal_cortex|adrenal_gland|basal_ganglion|blood|blood_plasma|brain|colon|eye|forebrain|gastrointestinal_tract|heart|kidney|large_intestine|liver|lung|midbrain,12,2,2,2.3125,2.0,3,1,37,1,1,25,0
688,8,8,8,aorta|artery|colon|gastrointestinal_tract|heart|kidney|large_intestine|lung,5,2,1,36.375,37.5,43,27,291,2,1,51,0
694,24,24,24,adipose_tissue|adrenal_cortex|adrenal_gland|amygdala|aorta|artery|astrocyte|basal_ganglion|basophil|blood|blood_plasma|blood_platelet|bone|brain|colon|eye|forebrain|gastrointestinal_tract|heart|kidney|large_intestine|liver|lung|midbrain,20,2,2,13.916666666666666,15.0,17,7,334,1,1,19,0
695,3,3,3,blood|blood_plasma|blood_platelet,3,0,0,55.333333333333336,51.0,73,42,166,1,1,28,0
696,3,3,3,colon|gastrointestinal_tract|large_intestine,3,0,0,1.0,1.0,1,1,3,0,1,2,0
699,3,3,3,colon|gastrointestinal_tract|large_intestine,3,0,0,25.333333333333332,25.0,26,25,76,0,1,23,0
701,4,4,4,colon|gastrointestinal_tract|large_intestine|lung,3,0,1,42.5,43.0,44,40,170,0,1,13,0
710,5,5,5,blood|blood_plasma|eye|heart|liver,4,1,0,7.8,8.0,9,7,39,2,1,26,0
712,3,3,3,blood|blood_plasma|heart,2,1,0,12.333333333333334,13.0,14,10,37,1,1,8,0
714,2,2,2,blood|blood_plasma,2,0,0,3.0,3.0,3,3,6,3,1,16,0
718,9,9,9,aorta|artery|blood|blood_plasma|brain|forebrain|heart|kidney|liver,7,2,0,11.88888888888889,11.0,19,9,107,1,1,46,0
719,3,3,3,blood|brain|lung,2,0,1,1.6666666666666667,2.0,2,1,5,1,1,7,0
722,3,3,3,blood|blood_plasma|liver,3,0,0,7.0,7.0,7,7,21,0,1,29,0
727,3,3,3,blood|blood_plasma|liver,3,0,0,4.333333333333333,4.0,5,4,13,0,1,28,0
728,2,2,2,blood|lung,1,0,1,9.0,9.0,10,8,18,1,1,36,0
729,3,3,3,blood|blood_plasma|liver,3,0,0,6.0,6.0,6,6,18,0,1,8,0
731,4,4,4,blood|blood_plasma|heart|liver,3,1,0,1.0,1.0,1,1,4,1,1,26,0
752,11,11,11,blood|bone|brain|colon|eye|gastrointestinal_tract|heart|kidney|large_intestine|liver|lung,8,2,1,28.363636363636363,29.0,33,19,312,2,1,32,0
754,20,20,20,adipose_tissue|amygdala|artery|astrocyte|basal_ganglion|blood|blood_plasma|blood_platelet|bone|brain|colon|eye|forebrain|gastrointestinal_tract|heart|kidney|large_intestine|liver|lung|midbrain,16,2,2,4.35,4.0,6,3,87,1,1,43,0
773,1,1,1,brain,1,0,0,39.0,39.0,39,39,39,1,1,20,0
774,3,3,3,brain|forebrain|kidney,2,1,0,10.333333333333334,10.0,11,10,31,1,1,0,1
775,1,1,1,heart,0,1,0,19.0,19.0,19,19,19,1,1,33,0
776,2,2,2,brain|heart,1,1,0,2.5,2.5,4,1,5,1,1,31,0
777,3,3,3,brain|forebrain|kidney,2,1,0,2.6666666666666665,3.0,3,2,8,1,1,1,0
778,6,6,6,brain|eye|heart|kidney|liver|lung,3,2,1,1.1666666666666667,1.0,2,1,7,2,1,8,0
780,23,23,23,adipose_tissue|adrenal_cortex|adrenal_gland|amygdala|aorta|artery|astrocyte|basal_ganglion|blood|blood_plasma|blood_platelet|bone|brain|colon|eye|forebrain|gastrointestinal_tract|heart|kidney|large_intestine|liver|lung|midbrain,19,2,2,11.869565217391305,11.0,15,9,273,2,1,35,0
781,3,3,3,brain|heart|lung,1,1,1,9.666666666666666,10.0,10,9,29,0,1,31,0
782,2,2,2,brain|heart,1,1,0,4.0,4.0,4,4,8,2,1,0,1
783,4,4,4,aorta|artery|brain|forebrain,4,0,0,3.0,3.0,3,3,12,5,1,24,0
784,1,1,1,brain,1,0,0,2.0,2.0,2,2,2,3,1,22,0
785,3,3,3,blood|brain|forebrain,3,0,0,1.6666666666666667,1.0,3,1,5,0,1,11,0
793,3,3,3,bone|brain|kidney,2,1,0,4.0,5.0,6,1,12,3,1,17,0
796,4,4,4,basal_ganglion|brain|forebrain|midbrain,3,0,1,6.0,6.0,6,6,24,1,1,44,0
799,3,3,3,bone|kidney|lung,1,1,1,5.0,6.0,6,3,15,0,1,41,0
801,21,21,21,adipose_tissue|adrenal_cortex|adrenal_gland|amygdala|aorta|artery|basal_ganglion|blood|blood_plasma|blood_platelet|brain|colon|eye|forebrain|gastrointestinal_tract|heart|kidney|large_intestine|liver|lung|midbrain,17,2,2,129.23809523809524,131.0,172,88,2714,2,1,56,0
805,21,21,21,adipose_tissue|adrenal_cortex|adrenal_gland|amygdala|aorta|artery|basal_ganglion|blood|blood_plasma|blood_platelet|brain|colon|eye|forebrain|gastrointestinal_tract|heart|kidney|large_intestine|liver|lung|midbrain,17,2,2,65.33333333333333,66.0,89,41,1372,2,1,56,0
808,21,21,21,adipose_tissue|adrenal_cortex|adrenal_gland|amygdala|aorta|artery|basal_ganglion|blood|blood_plasma|blood_platelet|brain|colon|eye|forebrain|gastrointestinal_tract|heart|kidney|large_intestine|liver|lung|midbrain,17,2,2,44.095238095238095,44.0,64,26,926,4,1,56,0
811,21,21,21,adipose_tissue|adrenal_cortex|adrenal_gland|aorta|artery|basal_ganglion|basophil|blood|blood_plasma|blood_platelet|bone|brain|colon|eye|forebrain|gastrointestinal_tract|heart|kidney|large_intestine|liver|lung,18,2,1,52.04761904761905,52.0,67,20,1093,1,1,91,0
814,1,1,1,brain,1,0,0,16.0,16.0,16,16,16,0,1,56,0
815,1,1,1,brain,1,0,0,68.0,68.0,68,68,68,3,1,76,0
816,6,6,6,adrenal_cortex|adrenal_gland|blood|brain|forebrain|liver,6,0,0,29.0,30.5,38,19,174,0,1,21,0
817,3,3,3,brain|forebrain|heart,2,1,0,39.0,38.0,44,35,117,4,1,46,0
818,23,23,23,adipose_tissue|adrenal_cortex|adrenal_gland|amygdala|aorta|artery|astrocyte|basal_ganglion|blood|blood_plasma|blood_platelet|bone|brain|colon|eye|forebrain|gastrointestinal_tract|heart|kidney|large_intestine|liver|lung|midbrain,19,2,2,37.26086956521739,37.0,51,23,857,1,1,7,0
824,15,15,15,adrenal_gland|amygdala|basal_ganglion|blood|brain|colon|eye|forebrain|gastrointestinal_tract|heart|kidney|large_intestine|liver|lung|midbrain,11,2,2,22.066666666666666,22.0,27,16,331,0,1,31,0
825,11,11,11,blood|blood_plasma|blood_platelet|bone|brain|eye|gastrointestinal_tract|heart|kidney|liver|lung,8,2,1,4.363636363636363,4.0,7,3,48,1,1,92,0
834,1,1,1,blood,1,0,0,34.0,34.0,34,34,34,0,1,28,0
835,22,22,22,adipose_tissue|adrenal_cortex|adrenal_gland|amygdala|aorta|artery|astrocyte|basal_ganglion|blood|blood_plasma|blood_platelet|brain|colon|eye|forebrain|gastrointestinal_tract|heart|kidney|large_intestine|liver|lung|midbrain,18,2,2,22.727272727272727,23.0,29,13,500,0,1,24,0
836,24,24,24,adipose_tissue|adrenal_cortex|adrenal_gland|amygdala|aorta|artery|astrocyte|basal_ganglion|basophil|blood|blood_plasma|blood_platelet|bone|brain|colon|eye|forebrain|gastrointestinal_tract|heart|kidney|large_intestine|liver|lung|midbrain,20,2,2,86.08333333333333,85.0,111,35,2066,0,1,28,0
840,8,8,8,blood|colon|gastrointestinal_tract|heart|kidney|large_intestine|liver|lung,5,2,1,50.625,50.0,53,49,405,0,1,15,0
841,9,9,9,blood|brain|colon|gastrointestinal_tract|heart|kidney|large_intestine|liver|lung,6,2,1,114.0,113.0,119,109,1026,0,1,55,0
842,22,22,22,adipose_tissue|adrenal_cortex|adrenal_gland|amygdala|artery|astrocyte|basal_ganglion|blood|blood_plasma|blood_platelet|bone|brain|colon|eye|forebrain|gastrointestinal_tract|heart|kidney|large_intestine|liver|lung|midbrain,18,2,2,37.0,36.5,45,22,814,1,1,20,0
846,5,5,5,brain|eye|gastrointestinal_tract|kidney|liver,4,1,0,10.6,11.0,12,9,53,0,1,7,0
847,23,23,23,adipose_tissue|adrenal_cortex|adrenal_gland|amygdala|aorta|artery|astrocyte|basal_ganglion|blood|blood_plasma|blood_platelet|bone|brain|colon|eye|forebrain|gastrointestinal_tract|heart|kidney|large_intestine|liver|lung|midbrain,19,2,2,25.73913043478261,26.0,31,19,592,0,1,42,0
857,1,1,1,adipose_tissue,1,0,0,74.0,74.0,74,74,74,0,1,86,0
859,1,1,1,heart,0,1,0,13.0,13.0,13,13,13,2,1,63,0
860,2,2,2,artery|bone,2,0,0,43.0,43.0,47,39,86,1,1,53,0
861,24,24,24,adipose_tissue|adrenal_cortex|adrenal_gland|amygdala|aorta|artery|astrocyte|basal_ganglion|basophil|blood|blood_plasma|blood_platelet|bone|brain|colon|eye|forebrain|gastrointestinal_tract|heart|kidney|large_intestine|liver|lung|midbrain,20,2,2,52.458333333333336,54.5,66,24,1259,3,1,54,0
863,7,7,7,blood|brain|colon|gastrointestinal_tract|heart|large_intestine|lung,5,1,1,14.571428571428571,14.0,16,14,102,2,1,46,0
864,24,24,24,adipose_tissue|adrenal_cortex|adrenal_gland|amygdala|aorta|artery|astrocyte|basal_ganglion|basophil|blood|blood_plasma|blood_platelet|bone|brain|colon|eye|forebrain|gastrointestinal_tract|heart|kidney|large_intestine|liver|lung|midbrain,20,2,2,22.583333333333332,23.0,26,14,542,1,1,68,0
868,17,17,17,adipose_tissue|adrenal_cortex|adrenal_gland|basophil|blood|blood_plasma|blood_platelet|bone|brain|colon|eye|gastrointestinal_tract|heart|kidney|large_intestine|liver|lung,14,2,1,37.470588235294116,38.0,53,20,637,2,1,11,0
871,21,21,21,adipose_tissue|adrenal_gland|amygdala|aorta|artery|basal_ganglion|blood|blood_plasma|blood_platelet|bone|brain|colon|eye|forebrain|gastrointestinal_tract|heart|kidney|large_intestine|liver|lung|midbrain,17,2,2,30.904761904761905,31.0,37,22,649,2,1,22,0
886,3,3,3,blood|brain|gastrointestinal_tract,3,0,0,3.6666666666666665,4.0,4,3,11,0,1,0,1
887,5,5,5,brain|gastrointestinal_tract|kidney|liver|lung,3,1,1,7.8,8.0,9,7,39,1,1,13,0
889,24,24,24,adipose_tissue|adrenal_cortex|adrenal_gland|amygdala|aorta|artery|astrocyte|basal_ganglion|basophil|blood|blood_plasma|blood_platelet|bone|brain|colon|eye|forebrain|gastrointestinal_tract|heart|kidney|large_intestine|liver|lung|midbrain,20,2,2,7.583333333333333,8.0,11,1,182,2,1,24,0
890,1,1,1,blood,1,0,0,66.0,66.0,66,66,66,3,1,19,0
891,20,20,20,adrenal_cortex|adrenal_gland|amygdala|aorta|artery|basal_ganglion|blood|blood_plasma|bone|brain|colon|eye|forebrain|gastrointestinal_tract|heart|kidney|large_intestine|liver|lung|midbrain,16,2,2,69.45,71.5,83,43,1389,0,1,41,0
896,17,17,17,adipose_tissue|adrenal_cortex|adrenal_gland|basophil|blood|blood_plasma|blood_platelet|bone|brain|colon|eye|gastrointestinal_tract|heart|kidney|large_intestine|liver|lung,14,2,1,29.41176470588235,34.0,37,9,500,1,1,25,0
898,4,4,4,colon|gastrointestinal_tract|large_intestine|lung,3,0,1,47.75,47.5,49,47,191,1,1,25,0
899,20,20,20,adrenal_gland|amygdala|aorta|artery|basal_ganglion|blood|blood_plasma|blood_platelet|bone|brain|colon|eye|forebrain|gastrointestinal_tract|heart|kidney|large_intestine|liver|lung|midbrain,16,2,2,5.95,6.0,6,5,119,1,1,34,0
902,16,16,16,amygdala|basal_ganglion|blood|blood_plasma|blood_platelet|brain|colon|eye|forebrain|gastrointestinal_tract|heart|kidney|large_intestine|liver|lung|midbrain,12,2,2,26.0625,26.0,30,21,417,0,1,50,0
912,1,1,1,gastrointestinal_tract,1,0,0,6.0,6.0,6,6,6,0,1,12,0
915,1,1,1,blood,1,0,0,9.0,9.0,9,9,9,0,1,42,0
916,1,1,1,blood,1,0,0,22.0,22.0,22,22,22,1,1,22,0
919,1,1,1,blood,1,0,0,32.0,32.0,32,32,32,0,1,9,0
920,1,1,1,blood,1,0,0,62.0,62.0,62,62,62,0,1,33,0
921,1,1,1,blood,1,0,0,16.0,16.0,16,16,16,1,1,4,0
925,1,1,1,blood,1,0,0,25.0,25.0,25,25,25,0,1,3,0
928,19,19,19,adrenal_gland|amygdala|artery|basal_ganglion|blood|blood_plasma|blood_platelet|bone|brain|colon|eye|forebrain|gastrointestinal_tract|heart|kidney|large_intestine|liver|lung|midbrain,15,2,2,11.473684210526315,11.0,19,9,218,1,1,31,0
929,4,4,4,blood|blood_plasma|eye|liver,4,0,0,9.25,8.5,14,6,37,0,1,32,0
930,1,1,1,blood,1,0,0,18.0,18.0,18,18,18,1,1,12,0
939,24,24,24,adipose_tissue|adrenal_cortex|adrenal_gland|amygdala|aorta|artery|astrocyte|basal_ganglion|basophil|blood|blood_plasma|blood_platelet|bone|brain|colon|eye|forebrain|gastrointestinal_tract|heart|kidney|large_intestine|liver|lung|midbrain,20,2,2,11.166666666666666,12.0,14,5,268,1,1,33,0
940,1,1,1,blood,1,0,0,17.0,17.0,17,17,17,0,1,42,0
941,3,3,3,blood|kidney|liver,2,1,0,4.666666666666667,5.0,6,3,14,0,1,20,0
942,7,7,7,blood|blood_plasma|colon|gastrointestinal_tract|heart|kidney|large_intestine,5,2,0,4.428571428571429,4.0,7,3,31,1,1,9,0
943,2,2,2,blood|lung,1,0,1,6.5,6.5,7,6,13,1,1,32,0
947,7,7,7,basal_ganglion|blood|brain|forebrain|heart|kidney|lung,4,2,1,4.0,4.0,4,4,28,1,1,52,0
948,5,5,5,adipose_tissue|blood|blood_plasma|blood_platelet|heart,4,1,0,13.0,13.0,15,10,65,1,1,62,0
949,24,24,24,adipose_tissue|adrenal_cortex|adrenal_gland|amygdala|aorta|artery|astrocyte|basal_ganglion|basophil|blood|blood_plasma|blood_platelet|bone|brain|colon|eye|forebrain|gastrointestinal_tract|heart|kidney|large_intestine|liver|lung|midbrain,20,2,2,7.208333333333333,7.0,10,3,173,1,1,51,0
950,13,13,13,adrenal_gland|amygdala|basal_ganglion|blood|brain|eye|forebrain|gastrointestinal_tract|heart|kidney|liver|lung|midbrain,9,2,2,5.769230769230769,6.0,7,4,75,0,1,21,0
952,6,6,6,blood|bone|brain|gastrointestinal_tract|heart|lung,4,1,1,2.6666666666666665,2.0,7,1,16,0,1,49,0
953,2,2,2,liver|lung,1,0,1,1.0,1.0,1,1,2,0,1,9,0
954,4,4,4,heart|kidney|liver|lung,1,2,1,1.0,1.0,1,1,4,1,1,8,0
958,5,5,5,blood|blood_plasma|blood_platelet|kidney|lung,3,1,1,33.6,34.0,37,29,168,1,1,60,0
959,6,6,6,blood|blood_plasma|blood_platelet|eye|gastrointestinal_tract|liver,6,0,0,6.5,6.5,7,6,39,1,1,60,0
960,24,24,24,adipose_tissue|adrenal_cortex|adrenal_gland|amygdala|aorta|artery|astrocyte|basal_ganglion|basophil|blood|blood_plasma|blood_platelet|bone|brain|colon|eye|forebrain|gastrointestinal_tract|heart|kidney|large_intestine|liver|lung|midbrain,20,2,2,38.166666666666664,37.0,53,23,916,0,1,58,0
961,23,23,23,adipose_tissue|adrenal_gland|amygdala|aorta|artery|astrocyte|basal_ganglion|basophil|blood|blood_plasma|blood_platelet|bone|brain|colon|eye|forebrain|gastrointestinal_tract|heart|kidney|large_intestine|liver|lung|midbrain,19,2,2,12.26086956521739,13.0,18,7,282,1,1,14,0
966,24,24,24,adipose_tissue|adrenal_cortex|adrenal_gland|amygdala|aorta|artery|astrocyte|basal_ganglion|basophil|blood|blood_plasma|blood_platelet|bone|brain|colon|eye|forebrain|gastrointestinal_tract|heart|kidney|large_intestine|liver|lung|midbrain,20,2,2,11.708333333333334,12.0,15,7,281,0,1,10,0
970,2,2,2,blood|heart,1,1,0,1.0,1.0,1,1,2,2,1,16,0
972,24,24,24,adipose_tissue|adrenal_cortex|adrenal_gland|amygdala|aorta|artery|astrocyte|basal_ganglion|basophil|blood|blood_plasma|blood_platelet|bone|brain|colon|eye|forebrain|gastrointestinal_tract|heart|kidney|large_intestine|liver|lung|midbrain,20,2,2,11.5,12.0,17,6,276,1,1,61,0
973,1,1,1,blood,1,0,0,15.0,15.0,15,15,15,1,1,25,0
974,1,1,1,blood,1,0,0,15.0,15.0,15,15,15,0,1,20,0
975,23,23,23,adipose_tissue|adrenal_cortex|adrenal_gland|amygdala|aorta|artery|basal_ganglion|basophil|blood|blood_plasma|blood_platelet|bone|brain|colon|eye|forebrain|gastrointestinal_tract|heart|kidney|large_intestine|liver|lung|midbrain,19,2,2,43.08695652173913,42.0,65,13,991,1,1,72,0
978,3,3,3,blood|heart|liver,2,1,0,12.333333333333334,12.0,13,12,37,1,1,34,0
983,23,23,23,adipose_tissue|adrenal_cortex|adrenal_gland|amygdala|aorta|artery|astrocyte|basal_ganglion|blood|blood_plasma|blood_platelet|bone|brain|colon|eye|forebrain|gastrointestinal_tract|heart|kidney|large_intestine|liver|lung|midbrain,19,2,2,155.91304347826087,156.0,201,79,3586,1,1,55,0
984,3,3,3,brain|kidney|liver,2,1,0,27.333333333333332,27.0,28,27,82,1,1,42,0
989,21,21,21,adipose_tissue|adrenal_gland|amygdala|aorta|artery|basal_ganglion|blood|blood_plasma|blood_platelet|bone|brain|colon|eye|forebrain|gastrointestinal_tract|heart|kidney|large_intestine|liver|lung|midbrain,17,2,2,23.238095238095237,24.0,29,13,488,1,1,45,0
993,1,1,1,brain,1,0,0,32.0,32.0,32,32,32,2,1,4,0
994,9,9,9,adipose_tissue|adrenal_gland|blood|blood_plasma|blood_platelet|brain|heart|kidney|liver,7,2,0,21.333333333333332,23.0,25,14,192,0,1,30,0
996,20,20,20,adrenal_cortex|adrenal_gland|amygdala|aorta|artery|basal_ganglion|blood|blood_plasma|bone|brain|colon|eye|forebrain|gastrointestinal_tract|heart|kidney|large_intestine|liver|lung|midbrain,16,2,2,61.6,60.5,70,43,1232,1,1,36,0
997,22,22,22,adipose_tissue|adrenal_gland|amygdala|aorta|artery|basal_ganglion|basophil|blood|blood_plasma|blood_platelet|bone|brain|colon|eye|forebrain|gastrointestinal_tract|heart|kidney|large_intestine|liver|lung|midbrain,18,2,2,35.18181818181818,38.0,40,12,774,1,1,36,0
998,24,24,24,adipose_tissue|adrenal_cortex|adrenal_gland|amygdala|aorta|artery|astrocyte|basal_ganglion|basophil|blood|blood_plasma|blood_platelet|bone|brain|colon|eye|forebrain|gastrointestinal_tract|heart|kidney|large_intestine|liver|lung|midbrain,20,2,2,100.79166666666667,104.5,129,39,2419,4,1,50,0
999,9,9,9,blood|brain|colon|gastrointestinal_tract|heart|kidney|large_intestine|liver|lung,6,2,1,91.77777777777777,92.0,96,88,826,1,1,70,0
1001,22,22,22,adipose_tissue|adrenal_gland|amygdala|aorta|artery|basal_ganglion|basophil|blood|blood_plasma|blood_platelet|bone|brain|colon|eye|forebrain|gastrointestinal_tract|heart|kidney|large_intestine|liver|lung|midbrain,18,2,2,6.2727272727272725,6.0,8,5,138,0,1,37,0
1002,2,2,2,blood|brain,2,0,0,1.0,1.0,1,1,2,1,1,4,0
1012,11,11,11,amygdala|aorta|artery|basal_ganglion|blood|blood_plasma|brain|forebrain|heart|kidney|midbrain,8,2,1,4.818181818181818,4.0,8,3,53,2,1,66,0
1017,22,22,22,adrenal_cortex|adrenal_gland|amygdala|aorta|artery|astrocyte|basal_ganglion|blood|blood_plasma|blood_platelet|bone|brain|colon|eye|forebrain|gastrointestinal_tract|heart|kidney|large_intestine|liver|lung|midbrain,18,2,2,284.54545454545456,286.5,361,140,6260,2,1,48,0
1019,22,22,22,adipose_tissue|adrenal_cortex|adrenal_gland|amygdala|artery|astrocyte|basal_ganglion|blood|blood_plasma|blood_platelet|bone|brain|colon|eye|forebrain|gastrointestinal_tract|heart|kidney|large_intestine|liver|lung|midbrain,18,2,2,75.45454545454545,76.0,98,40,1660,1,1,47,0
1020,24,24,24,adipose_tissue|adrenal_cortex|adrenal_gland|amygdala|aorta|artery|astrocyte|basal_ganglion|basophil|blood|blood_plasma|blood_platelet|bone|brain|colon|eye|forebrain|gastrointestinal_tract|heart|kidney|large_intestine|liver|lung|midbrain,20,2,2,69.0,70.5,95,26,1656,2,1,70,0
1021,2,2,2,blood|lung,1,0,1,86.0,86.0,86,86,172,3,1,58,0
1022,16,16,16,amygdala|basal_ganglion|blood|blood_plasma|blood_platelet|brain|colon|eye|forebrain|gastrointestinal_tract|heart|kidney|large_intestine|liver|lung|midbrain,12,2,2,71.125,74.0,84,55,1138,0,1,59,0
1026,7,7,7,blood|bone|brain|heart|kidney|liver|lung,4,2,1,126.0,129.0,135,97,882,2,1,40,0
1027,24,24,24,adipose_tissue|adrenal_cortex|adrenal_gland|amygdala|aorta|artery|astrocyte|basal_ganglion|basophil|blood|blood_plasma|blood_platelet|bone|brain|colon|eye|forebrain|gastrointestinal_tract|heart|kidney|large_intestine|liver|lung|midbrain,20,2,2,53.25,55.5,66,17,1278,1,1,55,0
1028,24,24,24,adipose_tissue|adrenal_cortex|adrenal_gland|amygdala|aorta|artery|astrocyte|basal_ganglion|basophil|blood|blood_plasma|blood_platelet|bone|brain|colon|eye|forebrain|gastrointestinal_tract|heart|kidney|large_intestine|liver|lung|midbrain,20,2,2,11.25,12.0,15,3,270,1,1,51,0
1029,23,23,23,adipose_tissue|adrenal_cortex|adrenal_gland|amygdala|aorta|artery|astrocyte|basal_ganglion|blood|blood_plasma|blood_platelet|bone|brain|colon|eye|forebrain|gastrointestinal_tract|heart|kidney|large_intestine|liver|lung|midbrain,19,2,2,67.26086956521739,68.0,87,36,1547,0,1,66,0
1030,23,23,23,adipose_tissue|adrenal_cortex|adrenal_gland|amygdala|aorta|artery|astrocyte|basal_ganglion|blood|blood_plasma|blood_platelet|bone|brain|colon|eye|forebrain|gastrointestinal_tract|heart|kidney|large_intestine|liver|lung|midbrain,19,2,2,5.913043478260869,6.0,10,2,136,0,1,45,0
1031,23,23,23,adipose_tissue|adrenal_cortex|adrenal_gland|amygdala|aorta|artery|astrocyte|basal_ganglion|blood|blood_plasma|blood_platelet|bone|brain|colon|eye|forebrain|gastrointestinal_tract|heart|kidney|large_intestine|liver|lung|midbrain,19,2,2,12.26086956521739,12.0,20,7,282,0,1,30,0
1032,23,23,23,adipose_tissue|adrenal_cortex|adrenal_gland|amygdala|aorta|artery|astrocyte|basal_ganglion|blood|blood_plasma|blood_platelet|bone|brain|colon|eye|forebrain|gastrointestinal_tract|heart|kidney|large_intestine|liver|lung|midbrain,19,2,2,8.478260869565217,9.0,12,6,195,1,1,50,0
1041,2,2,2,blood|blood_plasma,2,0,0,4.0,4.0,4,4,8,1,1,18,0
1043,1,1,1,blood,1,0,0,1.0,1.0,1,1,1,1,1,6,0
1044,3,3,3,colon|gastrointestinal_tract|large_intestine,3,0,0,2.0,2.0,2,2,6,1,1,38,0
1045,3,3,3,colon|gastrointestinal_tract|large_intestine,3,0,0,15.0,15.0,15,15,45,0,1,43,0
1046,5,5,5,amygdala|basal_ganglion|brain|forebrain|midbrain,4,0,1,2.0,2.0,2,2,10,3,1,36,0
1051,24,24,24,adipose_tissue|adrenal_cortex|adrenal_gland|amygdala|aorta|artery|astrocyte|basal_ganglion|basophil|blood|blood_plasma|blood_platelet|bone|brain|colon|eye|forebrain|gastrointestinal_tract|heart|kidney|large_intestine|liver|lung|midbrain,20,2,2,63.166666666666664,62.5,85,32,1516,1,1,60,0
1054,24,24,24,adipose_tissue|adrenal_cortex|adrenal_gland|amygdala|aorta|artery|astrocyte|basal_ganglion|basophil|blood|blood_plasma|blood_platelet|bone|brain|colon|eye|forebrain|gastrointestinal_tract|heart|kidney|large_intestine|liver|lung|midbrain,20,2,2,11.625,12.0,15,6,279,1,1,66,0
1062,20,20,20,adrenal_cortex|adrenal_gland|amygdala|aorta|artery|basal_ganglion|blood|blood_plasma|bone|brain|colon|eye|forebrain|gastrointestinal_tract|heart|kidney|large_intestine|liver|lung|midbrain,16,2,2,13.65,14.0,17,10,273,2,1,44,0
1063,1,1,1,blood,1,0,0,18.0,18.0,18,18,18,0,1,54,0
1069,13,13,13,amygdala|basal_ganglion|blood|brain|colon|forebrain|gastrointestinal_tract|heart|kidney|large_intestine|liver|lung|midbrain,9,2,2,14.692307692307692,15.0,16,13,191,0,1,37,0
1071,7,7,7,adipose_tissue|adrenal_gland|blood|blood_plasma|gastrointestinal_tract|heart|liver,6,1,0,4.0,4.0,5,3,28,0,1,36,0
1072,22,22,22,adipose_tissue|adrenal_gland|amygdala|aorta|artery|astrocyte|basal_ganglion|blood|blood_plasma|blood_platelet|bone|brain|colon|eye|forebrain|gastrointestinal_tract|heart|kidney|large_intestine|liver|lung|midbrain,18,2,2,56.45454545454545,57.5,70,34,1242,3,1,33,0
1080,4,4,4,colon|gastrointestinal_tract|large_intestine|lung,3,0,1,112.5,111.5,118,109,450,0,1,49,0
1081,3,3,3,blood|blood_plasma|brain,3,0,0,3.6666666666666665,3.0,5,3,11,0,1,3,0
1104,23,23,23,adipose_tissue|adrenal_cortex|adrenal_gland|amygdala|aorta|artery|astrocyte|basal_ganglion|blood|blood_plasma|blood_platelet|bone|brain|colon|eye|forebrain|gastrointestinal_tract|heart|kidney|large_intestine|liver|lung|midbrain,19,2,2,32.82608695652174,34.0,43,17,755,1,1,36,0
1105,18,18,18,adrenal_cortex|adrenal_gland|amygdala|basal_ganglion|blood|blood_plasma|blood_platelet|bone|brain|colon|forebrain|gastrointestinal_tract|heart|kidney|large_intestine|liver|lung|midbrain,14,2,2,9.444444444444445,9.0,12,6,170,0,1,41,0
1111,3,3,3,colon|gastrointestinal_tract|large_intestine,3,0,0,48.666666666666664,48.0,50,48,146,0,1,81,0
1119,21,21,21,adipose_tissue|adrenal_cortex|adrenal_gland|amygdala|aorta|artery|basal_ganglion|blood|blood_plasma|blood_platelet|brain|colon|eye|forebrain|gastrointestinal_tract|heart|kidney|large_intestine|liver|lung|midbrain,17,2,2,5.619047619047619,6.0,6,5,118,1,1,15,0
1120,21,21,21,adipose_tissue|adrenal_cortex|adrenal_gland|amygdala|aorta|artery|basal_ganglion|blood|blood_plasma|blood_platelet|brain|colon|eye|forebrain|gastrointestinal_tract|heart|kidney|large_intestine|liver|lung|midbrain,17,2,2,1.0,1.0,1,1,21,1,1,12,0
1129,23,23,23,adipose_tissue|adrenal_cortex|adrenal_gland|amygdala|aorta|artery|astrocyte|basal_ganglion|blood|blood_plasma|blood_platelet|bone|brain|colon|eye|forebrain|gastrointestinal_tract|heart|kidney|large_intestine|liver|lung|midbrain,19,2,2,4.913043478260869,5.0,8,3,113,0,1,12,0
1130,24,24,24,adipose_tissue|adrenal_cortex|adrenal_gland|amygdala|aorta|artery|astrocyte|basal_ganglion|basophil|blood|blood_plasma|blood_platelet|bone|brain|colon|eye|forebrain|gastrointestinal_tract|heart|kidney|large_intestine|liver|lung|midbrain,20,2,2,10.75,11.5,17,2,258,0,1,21,0
1135,5,5,5,basal_ganglion|blood|brain|forebrain|midbrain,4,0,1,1.0,1.0,1,1,5,1,1,11,0
1136,5,5,5,basal_ganglion|blood|brain|forebrain|midbrain,4,0,1,2.0,2.0,2,2,10,0,1,43,0
1138,5,5,5,basal_ganglion|blood|brain|forebrain|midbrain,4,0,1,1.0,1.0,1,1,5,0,1,3,0
1139,5,5,5,basal_ganglion|blood|brain|forebrain|midbrain,4,0,1,5.0,5.0,5,5,25,0,1,48,0
1140,1,1,1,brain,1,0,0,1.0,1.0,1,1,1,0,1,25,0
1143,5,5,5,basal_ganglion|blood|brain|forebrain|midbrain,4,0,1,4.0,4.0,4,4,20,0,1,14,0
1147,24,24,24,adipose_tissue|adrenal_cortex|adrenal_gland|amygdala|aorta|artery|astrocyte|basal_ganglion|basophil|blood|blood_plasma|blood_platelet|bone|brain|colon|eye|forebrain|gastrointestinal_tract|heart|kidney|large_intestine|liver|lung|midbrain,20,2,2,104.79166666666667,107.5,132,51,2515,0,1,66,0
1149,6,6,6,brain|gastrointestinal_tract|heart|kidney|large_intestine|lung,3,2,1,2.3333333333333335,2.5,3,1,14,0,1,45,0
1153,20,20,20,adrenal_cortex|adrenal_gland|amygdala|astrocyte|basal_ganglion|blood|blood_plasma|blood_platelet|bone|brain|colon|eye|forebrain|gastrointestinal_tract|heart|kidney|large_intestine|liver|lung|midbrain,16,2,2,56.6,60.5,79,16,1132,1,1,56,0
1154,3,3,3,blood|kidney|lung,1,1,1,15.666666666666666,15.0,19,13,47,2,1,0,1
1174,20,20,20,adipose_tissue|amygdala|aorta|artery|astrocyte|basal_ganglion|blood|blood_plasma|blood_platelet|brain|colon|eye|forebrain|gastrointestinal_tract|heart|kidney|large_intestine|liver|lung|midbrain,16,2,2,6.1,6.0,8,3,122,1,1,16,0
1183,4,4,4,brain|heart|liver|lung,2,1,1,1.0,1.0,1,1,4,0,1,8,0
1191,22,22,22,adipose_tissue|adrenal_gland|amygdala|aorta|artery|astrocyte|basal_ganglion|blood|blood_plasma|blood_platelet|bone|brain|colon|eye|forebrain|gastrointestinal_tract|heart|kidney|large_intestine|liver|lung|midbrain,18,2,2,50.36363636363637,51.0,60,32,1108,0,1,82,0
1192,16,16,16,adipose_tissue|amygdala|basal_ganglion|blood|bone|brain|colon|eye|forebrain|gastrointestinal_tract|heart|kidney|large_intestine|liver|lung|midbrain,12,2,2,18.375,18.5,23,11,294,2,1,29,0
1195,18,18,18,adipose_tissue|adrenal_cortex|adrenal_gland|basal_ganglion|blood|blood_plasma|blood_platelet|bone|brain|colon|eye|forebrain|gastrointestinal_tract|heart|kidney|large_intestine|liver|lung,15,2,1,47.22222222222222,53.0,62,28,850,0,1,15,0
1196,18,18,18,adipose_tissue|adrenal_cortex|adrenal_gland|basal_ganglion|blood|blood_plasma|blood_platelet|bone|brain|colon|eye|forebrain|gastrointestinal_tract|heart|kidney|large_intestine|liver|lung,15,2,1,31.27777777777778,34.0,41,17,563,1,1,46,0
1198,18,18,18,adipose_tissue|adrenal_cortex|adrenal_gland|basal_ganglion|blood|blood_plasma|blood_platelet|bone|brain|colon|eye|forebrain|gastrointestinal_tract|heart|kidney|large_intestine|liver|lung,15,2,1,30.61111111111111,33.0,40,16,551,0,1,48,0
1200,19,19,19,adipose_tissue|adrenal_gland|amygdala|basal_ganglion|blood|blood_plasma|blood_platelet|bone|brain|colon|eye|forebrain|gastrointestinal_tract|heart|kidney|large_intestine|liver|lung|midbrain,15,2,2,8.052631578947368,7.0,12,3,153,1,1,35,0
1201,18,18,18,adrenal_cortex|adrenal_gland|amygdala|astrocyte|basal_ganglion|blood|blood_plasma|brain|colon|eye|forebrain|gastrointestinal_tract|heart|kidney|large_intestine|liver|lung|midbrain,14,2,2,25.555555555555557,27.0,31,12,460,0,1,57,0
1203,13,13,13,adrenal_gland|amygdala|basal_ganglion|blood|brain|eye|forebrain|gastrointestinal_tract|heart|kidney|liver|lung|midbrain,9,2,2,10.846153846153847,11.0,12,9,141,1,1,38,0
1213,21,21,21,adipose_tissue|adrenal_cortex|adrenal_gland|amygdala|aorta|artery|basal_ganglion|blood|blood_plasma|bone|brain|colon|eye|forebrain|gastrointestinal_tract|heart|kidney|large_intestine|liver|lung|midbrain,17,2,2,123.95238095238095,128.0,150,74,2603,1,1,65,0
1215,2,2,2,blood|heart,1,1,0,5.0,5.0,6,4,10,1,1,8,0
1230,3,3,3,blood|blood_plasma|blood_platelet,3,0,0,13.0,13.0,16,10,39,2,1,46,0
1232,6,6,6,basophil|blood|bone|brain|heart|lung,4,1,1,6.0,6.0,12,2,36,1,1,6,0
1233,3,3,3,blood|blood_plasma|blood_platelet,3,0,0,3.3333333333333335,4.0,5,1,10,0,1,0,1
1236,2,2,2,blood|kidney,1,1,0,2.0,2.0,3,1,4,0,1,44,0
1261,1,1,1,eye,1,0,0,1.0,1.0,1,1,1,0,1,15,0
1268,11,11,11,adipose_tissue|blood|brain|colon|eye|gastrointestinal_tract|heart|kidney|large_intestine|liver|lung,8,2,1,2.0,2.0,3,1,22,0,1,6,0
1270,21,21,21,adipose_tissue|adrenal_cortex|adrenal_gland|amygdala|astrocyte|basal_ganglion|basophil|blood|blood_plasma|blood_platelet|brain|colon|eye|forebrain|gastrointestinal_tract|heart|kidney|large_intestine|liver|lung|midbrain,17,2,2,8.285714285714286,8.0,10,5,174,3,1,29,0
1272,3,3,3,brain|kidney|lung,1,1,1,12.0,11.0,14,11,36,3,1,8,0
1277,2,2,2,blood|blood_plasma,2,0,0,25.0,25.0,27,23,50,1,1,60,0
1278,23,23,23,adipose_tissue|adrenal_gland|amygdala|aorta|artery|astrocyte|basal_ganglion|basophil|blood|blood_plasma|blood_platelet|bone|brain|colon|eye|forebrain|gastrointestinal_tract|heart|kidney|large_intestine|liver|lung|midbrain,19,2,2,11.391304347826088,12.0,18,4,262,2,1,27,0
1282,4,4,4,brain|eye|kidney|liver,3,1,0,17.75,17.5,21,15,71,0,1,15,0
1284,3,3,3,brain|eye|liver,3,0,0,14.333333333333334,14.0,15,14,43,0,1,23,0
1285,7,7,7,adrenal_gland|artery|brain|eye|kidney|liver|lung,5,1,1,9.714285714285714,10.0,13,5,68,1,1,45,0
1286,3,3,3,brain|eye|liver,3,0,0,4.666666666666667,5.0,5,4,14,1,1,13,0
1287,5,5,5,blood|brain|eye|kidney|liver,4,1,0,11.6,12.0,14,9,58,3,1,0,1
1288,5,5,5,brain|eye|heart|kidney|liver,3,2,0,5.8,6.0,8,4,29,3,1,0,1
1289,22,22,22,adipose_tissue|adrenal_cortex|adrenal_gland|amygdala|aorta|artery|basal_ganglion|blood|blood_plasma|blood_platelet|bone|brain|colon|eye|forebrain|gastrointestinal_tract|heart|kidney|large_intestine|liver|lung|midbrain,18,2,2,7.181818181818182,7.0,9,4,158,1,1,33,0
1290,2,2,2,bone|kidney,1,1,0,5.5,5.5,6,5,11,0,1,20,0
1291,22,22,22,adipose_tissue|adrenal_gland|amygdala|aorta|artery|astrocyte|basal_ganglion|blood|blood_plasma|blood_platelet|bone|brain|colon|eye|forebrain|gastrointestinal_tract|heart|kidney|large_intestine|liver|lung|midbrain,18,2,2,6.2727272727272725,6.0,8,5,138,1,1,23,0
1292,21,21,21,adipose_tissue|adrenal_gland|amygdala|aorta|artery|basal_ganglion|blood|blood_plasma|blood_platelet|bone|brain|colon|eye|forebrain|gastrointestinal_tract|heart|kidney|large_intestine|liver|lung|midbrain,17,2,2,4.666666666666667,4.0,7,4,98,1,1,8,0
1295,3,3,3,blood|eye|kidney,2,1,0,11.333333333333334,11.0,13,10,34,1,1,18,0
1296,3,3,3,aorta|artery|eye,3,0,0,3.6666666666666665,3.0,5,3,11,0,1,0,1
1301,1,1,1,eye,1,0,0,1.0,1.0,1,1,1,1,1,11,0
1305,1,1,1,eye,1,0,0,5.0,5.0,5,5,5,2,1,6,0
1307,5,5,5,brain|eye|forebrain|kidney|liver,4,1,0,1.2,1.0,2,1,6,1,1,14,0
1308,5,5,5,colon|eye|gastrointestinal_tract|large_intestine|lung,4,0,1,14.0,14.0,14,14,70,0,1,7,0
1311,2,2,2,blood|blood_plasma,2,0,0,1.5,1.5,2,1,3,1,1,20,0
1312,17,17,17,adrenal_cortex|adrenal_gland|amygdala|basal_ganglion|blood|blood_plasma|brain|colon|eye|forebrain|gastrointestinal_tract|heart|kidney|large_intestine|liver|lung|midbrain,13,2,2,12.0,13.0,15,5,204,1,1,9,0
1355,14,14,14,adipose_tissue|adrenal_gland|artery|basal_ganglion|blood|brain|colon|forebrain|gastrointestinal_tract|heart|kidney|large_intestine|liver|lung,11,2,1,4.714285714285714,5.0,5,3,66,0,1,29,0
1363,4,4,4,adipose_tissue|adrenal_gland|brain|heart,3,1,0,3.75,3.5,6,2,15,0,1,27,0
1365,24,24,24,adipose_tissue|adrenal_cortex|adrenal_gland|amygdala|aorta|artery|astrocyte|basal_ganglion|basophil|blood|blood_plasma|blood_platelet|bone|brain|colon|eye|forebrain|gastrointestinal_tract|heart|kidney|large_intestine|liver|lung|midbrain,20,2,2,4.583333333333333,5.0,6,2,110,2,1,19,0
1373,2,2,2,gastrointestinal_tract|liver,2,0,0,16.0,16.0,16,16,32,0,1,33,0
1380,1,1,1,blood,1,0,0,10.0,10.0,10,10,10,0,1,22,0
1385,23,23,23,adipose_tissue|adrenal_cortex|adrenal_gland|amygdala|aorta|artery|astrocyte|basal_ganglion|blood|blood_plasma|blood_platelet|bone|brain|colon|eye|forebrain|gastrointestinal_tract|heart|kidney|large_intestine|liver|lung|midbrain,19,2,2,75.65217391304348,75.0,93,45,1740,2,1,71,0
1386,24,24,24,adipose_tissue|adrenal_cortex|adrenal_gland|amygdala|aorta|artery|astrocyte|basal_ganglion|basophil|blood|blood_plasma|blood_platelet|bone|brain|colon|eye|forebrain|gastrointestinal_tract|heart|kidney|large_intestine|liver|lung|midbrain,20,2,2,103.33333333333333,111.0,129,41,2480,0,1,68,0
1387,20,20,20,adrenal_cortex|adrenal_gland|amygdala|artery|basal_ganglion|blood|blood_plasma|blood_platelet|bone|brain|colon|eye|forebrain|gastrointestinal_tract|heart|kidney|large_intestine|liver|lung|midbrain,16,2,2,178.1,175.0,220,124,3562,2,1,80,0
1390,14,14,14,amygdala|basal_ganglion|blood|blood_plasma|brain|colon|forebrain|gastrointestinal_tract|heart|kidney|large_intestine|liver|lung|midbrain,10,2,2,22.642857142857142,22.5,27,19,317,3,1,19,0
1392,5,5,5,adrenal_gland|blood|blood_plasma|brain|forebrain,5,0,0,4.6,5.0,5,4,23,4,1,21,0
1395,5,5,5,adrenal_gland|brain|forebrain|heart|lung,3,1,1,4.4,4.0,5,4,22,0,1,0,1
1399,17,17,17,adrenal_cortex|adrenal_gland|amygdala|basal_ganglion|blood|bone|brain|colon|eye|forebrain|gastrointestinal_tract|heart|kidney|large_intestine|liver|lung|midbrain,13,2,2,49.294117647058826,50.0,66,34,838,2,1,24,0
1401,4,4,4,blood|blood_plasma|kidney|liver,3,1,0,11.5,11.0,14,10,46,1,1,31,0
1406,3,3,3,brain|eye|forebrain,3,0,0,27.333333333333332,24.0,34,24,82,1,1,45,0
1409,1,1,1,eye,1,0,0,9.0,9.0,9,9,9,1,1,28,0
1410,5,5,5,brain|eye|heart|kidney|lung,2,2,1,42.8,43.0,45,40,214,1,1,27,0
1421,1,1,1,eye,1,0,0,4.0,4.0,4,4,4,1,1,19,0
1427,1,1,1,eye,1,0,0,2.0,2.0,2,2,2,1,1,0,1
1428,5,5,5,brain|eye|heart|kidney|liver,3,2,0,2.0,2.0,2,2,10,0,1,47,0
1429,21,21,21,adipose_tissue|adrenal_gland|amygdala|aorta|artery|basal_ganglion|blood|blood_plasma|blood_platelet|bone|brain|colon|eye|forebrain|gastrointestinal_tract|heart|kidney|large_intestine|liver|lung|midbrain,17,2,2,8.714285714285714,8.0,11,6,183,0,1,24,0
1432,24,24,24,adipose_tissue|adrenal_cortex|adrenal_gland|amygdala|aorta|artery|astrocyte|basal_ganglion|basophil|blood|blood_plasma|blood_platelet|bone|brain|colon|eye|forebrain|gastrointestinal_tract|heart|kidney|large_intestine|liver|lung|midbrain,20,2,2,130.54166666666666,131.5,165,69,3133,3,1,77,0
1435,6,6,6,astrocyte|blood|bone|brain|kidney|liver,5,1,0,4.166666666666667,4.0,7,3,25,0,1,49,0
1437,4,4,4,blood|blood_plasma|blood_platelet|lung,3,0,1,4.75,4.0,8,3,19,0,1,44,0
1441,3,3,3,blood|blood_plasma|blood_platelet,3,0,0,16.0,14.0,20,14,48,0,1,0,1
1453,22,22,22,adipose_tissue|adrenal_cortex|adrenal_gland|amygdala|aorta|artery|basal_ganglion|blood|blood_plasma|blood_platelet|bone|brain|colon|eye|forebrain|gastrointestinal_tract|heart|kidney|large_intestine|liver|lung|midbrain,18,2,2,33.68181818181818,34.0,41,26,741,1,1,64,0
1454,22,22,22,adipose_tissue|adrenal_cortex|adrenal_gland|amygdala|aorta|artery|basal_ganglion|blood|blood_plasma|blood_platelet|bone|brain|colon|eye|forebrain|gastrointestinal_tract|heart|kidney|large_intestine|liver|lung|midbrain,18,2,2,57.18181818181818,59.0,66,39,1258,1,1,49,0
1457,18,18,18,adipose_tissue|adrenal_cortex|adrenal_gland|basal_ganglion|blood|blood_plasma|blood_platelet|bone|brain|colon|eye|forebrain|gastrointestinal_tract|heart|kidney|large_intestine|liver|lung,15,2,1,204.22222222222223,213.5,256,137,3676,1,1,56,0
1462,3,3,3,artery|brain|liver,3,0,0,9.0,9.0,11,7,27,2,1,15,0
1463,1,1,1,brain,1,0,0,5.0,5.0,5,5,5,1,1,0,1
1464,23,23,23,adipose_tissue|adrenal_cortex|adrenal_gland|amygdala|aorta|artery|basal_ganglion|basophil|blood|blood_plasma|blood_platelet|bone|brain|colon|eye|forebrain|gastrointestinal_tract|heart|kidney|large_intestine|liver|lung|midbrain,19,2,2,7.043478260869565,7.0,10,3,162,0,1,26,0
1471,21,21,21,adipose_tissue|adrenal_gland|amygdala|aorta|artery|basal_ganglion|blood|blood_plasma|blood_platelet|bone|brain|colon|eye|forebrain|gastrointestinal_tract|heart|kidney|large_intestine|liver|lung|midbrain,17,2,2,3.4285714285714284,4.0,4,1,72,0,1,35,0
1475,3,3,3,blood|blood_plasma|liver,3,0,0,12.0,13.0,13,10,36,0,1,51,0
1476,20,20,20,adrenal_cortex|adrenal_gland|amygdala|aorta|artery|basal_ganglion|blood|blood_plasma|blood_platelet|brain|colon|eye|forebrain|gastrointestinal_tract|heart|kidney|large_intestine|liver|lung|midbrain,16,2,2,10.05,10.0,13,6,201,1,1,40,0
1482,1,1,1,heart,0,1,0,17.0,17.0,17,17,17,0,1,68,0
1487,18,18,18,adrenal_cortex|adrenal_gland|amygdala|basal_ganglion|blood|blood_plasma|blood_platelet|bone|brain|colon|forebrain|gastrointestinal_tract|heart|kidney|large_intestine|liver|lung|midbrain,14,2,2,69.33333333333333,69.0,81,57,1248,0,1,74,0
1490,24,24,24,adipose_tissue|adrenal_cortex|adrenal_gland|amygdala|aorta|artery|astrocyte|basal_ganglion|basophil|blood|blood_plasma|blood_platelet|bone|brain|colon|eye|forebrain|gastrointestinal_tract|heart|kidney|large_intestine|liver|lung|midbrain,20,2,2,8.791666666666666,9.0,11,5,211,0,1,31,0
1491,1,1,1,liver,1,0,0,11.0,11.0,11,11,11,0,1,43,0
1493,1,1,1,blood,1,0,0,15.0,15.0,15,15,15,0,1,29,0
1495,19,19,19,adrenal_cortex|adrenal_gland|amygdala|artery|basal_ganglion|blood|blood_plasma|bone|brain|colon|eye|forebrain|gastrointestinal_tract|heart|kidney|large_intestine|liver|lung|midbrain,15,2,2,45.526315789473685,45.0,53,25,865,1,1,26,0
1499,24,24,24,adipose_tissue|adrenal_cortex|adrenal_gland|amygdala|aorta|artery|astrocyte|basal_ganglion|basophil|blood|blood_plasma|blood_platelet|bone|brain|colon|eye|forebrain|gastrointestinal_tract|heart|kidney|large_intestine|liver|lung|midbrain,20,2,2,180.125,185.0,228,80,4323,3,1,87,0
1500,23,23,23,adipose_tissue|adrenal_cortex|adrenal_gland|amygdala|aorta|artery|basal_ganglion|basophil|blood|blood_plasma|blood_platelet|bone|brain|colon|eye|forebrain|gastrointestinal_tract|heart|kidney|large_intestine|liver|lung|midbrain,19,2,2,31.17391304347826,31.0,41,14,717,2,1,30,0
1501,1,1,1,brain,1,0,0,15.0,15.0,15,15,15,2,1,17,0
1509,13,13,13,adrenal_gland|amygdala|basal_ganglion|blood|brain|eye|forebrain|gastrointestinal_tract|heart|kidney|liver|lung|midbrain,9,2,2,23.76923076923077,25.0,28,20,309,1,1,15,0
1510,15,15,15,adrenal_gland|aorta|artery|blood|blood_plasma|blood_platelet|brain|colon|eye|gastrointestinal_tract|heart|kidney|large_intestine|liver|lung,12,2,1,3.2666666666666666,3.0,4,3,49,0,1,16,0
1511,5,5,5,aorta|artery|blood|brain|eye,5,0,0,8.6,8.0,18,2,43,0,1,32,0
1512,20,20,20,adrenal_cortex|adrenal_gland|amygdala|artery|basal_ganglion|blood|blood_plasma|blood_platelet|bone|brain|colon|eye|forebrain|gastrointestinal_tract|heart|kidney|large_intestine|liver|lung|midbrain,16,2,2,2.1,2.0,4,1,42,0,1,64,0
1522,20,20,20,adrenal_cortex|adrenal_gland|amygdala|artery|basal_ganglion|blood|blood_plasma|blood_platelet|bone|brain|colon|eye|forebrain|gastrointestinal_tract|heart|kidney|large_intestine|liver|lung|midbrain,16,2,2,3.9,4.0,4,2,78,1,1,13,0
1523,21,21,21,adrenal_cortex|adrenal_gland|amygdala|aorta|artery|basal_ganglion|blood|blood_plasma|blood_platelet|bone|brain|colon|eye|forebrain|gastrointestinal_tract|heart|kidney|large_intestine|liver|lung|midbrain,17,2,2,17.333333333333332,17.0,23,11,364,2,1,27,0
1524,8,8,8,blood|brain|colon|gastrointestinal_tract|kidney|large_intestine|liver|lung,6,1,1,1.0,1.0,1,1,8,1,1,3,0
1535,1,1,1,blood,1,0,0,11.0,11.0,11,11,11,0,1,37,0
1536,5,5,5,blood|colon|eye|gastrointestinal_tract|large_intestine,5,0,0,3.0,3.0,5,2,15,0,1,17,0
1540,22,22,22,adipose_tissue|adrenal_cortex|adrenal_gland|amygdala|artery|astrocyte|basal_ganglion|blood|blood_plasma|blood_platelet|bone|brain|colon|eye|forebrain|gastrointestinal_tract|heart|kidney|large_intestine|liver|lung|midbrain,18,2,2,25.90909090909091,26.0,35,13,570,6,1,61,0
1544,2,2,2,gastrointestinal_tract|lung,1,0,1,8.0,8.0,8,8,16,0,1,23,0
1545,17,17,17,adrenal_cortex|adrenal_gland|amygdala|basal_ganglion|blood|blood_plasma|bone|brain|colon|eye|forebrain|gastrointestinal_tract|heart|kidney|large_intestine|lung|midbrain,13,2,2,4.0,3.0,9,1,68,0,1,70,0
1579,2,2,2,kidney|liver,1,1,0,1.0,1.0,1,1,2,0,1,31,0
1583,4,4,4,adipose_tissue|blood|brain|heart,3,1,0,2.75,2.5,4,2,11,0,1,25,0
1584,1,1,1,adrenal_gland,1,0,0,4.0,4.0,4,4,4,0,1,25,0
1585,2,2,2,adrenal_gland|heart,1,1,0,6.5,6.5,7,6,13,0,1,28,0
1586,1,1,1,adrenal_gland,1,0,0,11.0,11.0,11,11,11,0,1,17,0
1600,1,1,1,brain,1,0,0,35.0,35.0,35,35,35,1,1,12,0
1601,22,22,22,adipose_tissue|adrenal_cortex|adrenal_gland|amygdala|aorta|artery|basal_ganglion|blood|blood_plasma|blood_platelet|bone|brain|colon|eye|forebrain|gastrointestinal_tract|heart|kidney|large_intestine|liver|lung|midbrain,18,2,2,43.77272727272727,45.0,52,35,963,0,1,78,0
1602,11,11,11,blood|brain|colon|eye|forebrain|gastrointestinal_tract|heart|kidney|large_intestine|liver|lung,8,2,1,16.454545454545453,16.0,19,15,181,2,1,26,0
1603,20,20,20,adipose_tissue|adrenal_gland|amygdala|aorta|artery|basal_ganglion|blood|blood_plasma|blood_platelet|brain|colon|eye|forebrain|gastrointestinal_tract|heart|kidney|large_intestine|liver|lung|midbrain,16,2,2,6.95,7.0,11,2,139,1,1,33,0
1604,21,21,21,adipose_tissue|adrenal_gland|amygdala|aorta|artery|basal_ganglion|blood|blood_plasma|blood_platelet|bone|brain|colon|eye|forebrain|gastrointestinal_tract|heart|kidney|large_intestine|liver|lung|midbrain,17,2,2,8.857142857142858,9.0,13,5,186,0,1,41,0
1605,23,23,23,adipose_tissue|adrenal_cortex|adrenal_gland|amygdala|aorta|artery|basal_ganglion|basophil|blood|blood_plasma|blood_platelet|bone|brain|colon|eye|forebrain|gastrointestinal_tract|heart|kidney|large_intestine|liver|lung|midbrain,19,2,2,24.47826086956522,24.0,30,12,563,1,1,67,0
1609,1,1,1,eye,1,0,0,8.0,8.0,8,8,8,0,1,42,0
1611,15,15,15,adrenal_gland|amygdala|basal_ganglion|blood|brain|colon|eye|forebrain|gastrointestinal_tract|heart|kidney|large_intestine|liver|lung|midbrain,11,2,2,2.4,2.0,3,2,36,0,1,44,0
1613,22,22,22,adipose_tissue|adrenal_cortex|adrenal_gland|amygdala|aorta|artery|astrocyte|basal_ganglion|blood|blood_plasma|blood_platelet|brain|colon|eye|forebrain|gastrointestinal_tract|heart|kidney|large_intestine|liver|lung|midbrain,18,2,2,22.772727272727273,24.0,27,13,501,1,1,62,0
1616,23,23,23,adipose_tissue|adrenal_cortex|adrenal_gland|amygdala|aorta|artery|astrocyte|basal_ganglion|blood|blood_plasma|blood_platelet|bone|brain|colon|eye|forebrain|gastrointestinal_tract|heart|kidney|large_intestine|liver|lung|midbrain,19,2,2,91.08695652173913,95.0,111,56,2095,1,1,56,0
1622,21,21,21,adipose_tissue|adrenal_cortex|adrenal_gland|amygdala|aorta|artery|basal_ganglion|blood|blood_plasma|bone|brain|colon|eye|forebrain|gastrointestinal_tract|heart|kidney|large_intestine|liver|lung|midbrain,17,2,2,6.571428571428571,7.0,7,2,138,0,1,22,0
1627,19,19,19,adrenal_cortex|adrenal_gland|amygdala|artery|basal_ganglion|blood|blood_plasma|bone|brain|colon|eye|forebrain|gastrointestinal_tract|heart|kidney|large_intestine|liver|lung|midbrain,15,2,2,80.0,79.0,94,47,1520,0,1,17,0
1630,3,3,3,colon|gastrointestinal_tract|large_intestine,3,0,0,24.0,24.0,24,24,72,0,1,4,0
1634,5,5,5,aorta|artery|brain|kidney|lung,3,1,1,15.4,17.0,19,11,77,1,1,52,0
1636,19,19,19,adipose_tissue|adrenal_cortex|adrenal_gland|basal_ganglion|blood|blood_plasma|blood_platelet|bone|brain|colon|eye|forebrain|gastrointestinal_tract|heart|kidney|large_intestine|liver|lung|midbrain,15,2,2,5.578947368421052,6.0,7,4,106,0,1,57,0
1641,5,5,5,amygdala|basal_ganglion|brain|forebrain|midbrain,4,0,1,24.2,23.0,28,23,121,0,1,11,0
1642,22,22,22,adipose_tissue|adrenal_cortex|adrenal_gland|amygdala|aorta|artery|basal_ganglion|blood|blood_plasma|blood_platelet|bone|brain|colon|eye|forebrain|gastrointestinal_tract|heart|kidney|large_intestine|liver|lung|midbrain,18,2,2,120.4090909090909,128.5,149,69,2649,1,1,53,0
1643,22,22,22,adrenal_cortex|adrenal_gland|amygdala|aorta|artery|astrocyte|basal_ganglion|blood|blood_plasma|blood_platelet|bone|brain|colon|eye|forebrain|gastrointestinal_tract|heart|kidney|large_intestine|liver|lung|midbrain,18,2,2,21.727272727272727,22.0,27,13,478,0,1,36,0
1645,5,5,5,adrenal_gland|brain|eye|kidney|liver,4,1,0,5.8,6.0,7,5,29,0,1,36,0
1646,11,11,11,adipose_tissue|adrenal_gland|astrocyte|blood|brain|eye|gastrointestinal_tract|heart|kidney|liver|lung,8,2,1,5.090909090909091,5.0,6,4,56,0,1,32,0
1647,17,17,17,amygdala|basal_ganglion|blood|blood_plasma|blood_platelet|bone|brain|colon|eye|forebrain|gastrointestinal_tract|heart|kidney|large_intestine|liver|lung|midbrain,13,2,2,34.23529411764706,35.0,40,27,582,1,1,44,0
1649,20,20,20,adipose_tissue|adrenal_cortex|adrenal_gland|amygdala|artery|basal_ganglion|blood|blood_plasma|bone|brain|colon|eye|forebrain|gastrointestinal_tract|heart|kidney|large_intestine|liver|lung|midbrain,16,2,2,30.75,31.0,37,25,615,3,1,81,0
1650,16,16,16,adrenal_gland|amygdala|basal_ganglion|blood|blood_plasma|brain|colon|eye|forebrain|gastrointestinal_tract|heart|kidney|large_intestine|liver|lung|midbrain,12,2,2,65.125,67.0,74,53,1042,3,1,32,0
1653,16,16,16,amygdala|basal_ganglion|blood|blood_plasma|blood_platelet|brain|colon|eye|forebrain|gastrointestinal_tract|heart|kidney|large_intestine|liver|lung|midbrain,12,2,2,62.125,64.0,73,40,994,1,1,50,0
1655,15,15,15,adrenal_gland|amygdala|aorta|artery|basal_ganglion|blood|brain|colon|forebrain|gastrointestinal_tract|heart|kidney|large_intestine|liver|lung,12,2,1,165.8,176.0,197,106,2487,3,1,84,0
1660,11,11,11,amygdala|basal_ganglion|blood|brain|forebrain|gastrointestinal_tract|heart|kidney|liver|lung|midbrain,7,2,2,163.45454545454547,170.0,186,114,1798,0,1,38,0
1663,8,8,8,blood|colon|gastrointestinal_tract|heart|kidney|large_intestine|liver|lung,5,2,1,5.625,6.0,6,5,45,0,1,34,0
1666,21,21,21,adipose_tissue|adrenal_gland|amygdala|aorta|artery|basal_ganglion|blood|blood_plasma|blood_platelet|bone|brain|colon|eye|forebrain|gastrointestinal_tract|heart|kidney|large_intestine|liver|lung|midbrain,17,2,2,9.619047619047619,10.0,15,7,202,0,1,36,0
1672,4,4,4,blood|blood_plasma|kidney|lung,2,1,1,3.75,4.0,4,3,15,1,1,23,0
1673,4,4,4,colon|gastrointestinal_tract|large_intestine|lung,3,0,1,2.0,2.0,2,2,8,1,1,8,0
1676,22,22,22,adipose_tissue|adrenal_cortex|adrenal_gland|amygdala|aorta|artery|astrocyte|basal_ganglion|blood|blood_plasma|blood_platelet|brain|colon|eye|forebrain|gastrointestinal_tract|heart|kidney|large_intestine|liver|lung|midbrain,18,2,2,14.227272727272727,13.0,23,8,313,1,1,30,0
1677,6,6,6,blood|colon|gastrointestinal_tract|heart|kidney|large_intestine,4,2,0,10.166666666666666,10.0,11,10,61,1,1,32,0
1717,20,20,20,adrenal_cortex|adrenal_gland|amygdala|artery|basal_ganglion|blood|blood_plasma|blood_platelet|bone|brain|colon|eye|forebrain|gastrointestinal_tract|heart|kidney|large_intestine|liver|lung|midbrain,16,2,2,26.45,28.0,34,16,529,1,1,25,0
1718,23,23,23,adipose_tissue|adrenal_cortex|adrenal_gland|amygdala|aorta|artery|astrocyte|basal_ganglion|blood|blood_plasma|blood_platelet|bone|brain|colon|eye|forebrain|gastrointestinal_tract|heart|kidney|large_intestine|liver|lung|midbrain,19,2,2,6.6521739130434785,6.0,9,4,153,0,1,37,0
1728,19,19,19,adipose_tissue|adrenal_cortex|adrenal_gland|artery|astrocyte|basal_ganglion|blood|blood_plasma|blood_platelet|brain|colon|eye|forebrain|gastrointestinal_tract|heart|kidney|large_intestine|liver|lung,16,2,1,15.526315789473685,17.0,21,8,295,0,1,18,0
1729,20,20,20,adipose_tissue|adrenal_gland|amygdala|aorta|artery|basal_ganglion|blood|blood_plasma|blood_platelet|brain|colon|eye|forebrain|gastrointestinal_tract|heart|kidney|large_intestine|liver|lung|midbrain,16,2,2,19.95,20.0,27,12,399,3,1,32,0
1730,20,20,20,adipose_tissue|adrenal_gland|amygdala|aorta|artery|basal_ganglion|blood|blood_plasma|blood_platelet|brain|colon|eye|forebrain|gastrointestinal_tract|heart|kidney|large_intestine|liver|lung|midbrain,16,2,2,1.75,2.0,3,1,35,0,1,13,0
1734,8,8,8,amygdala|basal_ganglion|brain|forebrain|heart|kidney|lung|midbrain,4,2,2,9.0,9.0,10,8,72,2,1,11,0
1738,17,17,17,adipose_tissue|adrenal_gland|amygdala|basal_ganglion|blood|blood_plasma|blood_platelet|brain|colon|forebrain|gastrointestinal_tract|heart|kidney|large_intestine|liver|lung|midbrain,13,2,2,20.176470588235293,20.0,23,17,343,0,1,14,0
1739,24,24,24,adipose_tissue|adrenal_cortex|adrenal_gland|amygdala|aorta|artery|astrocyte|basal_ganglion|basophil|blood|blood_plasma|blood_platelet|bone|brain|colon|eye|forebrain|gastrointestinal_tract|heart|kidney|large_intestine|liver|lung|midbrain,20,2,2,30.125,30.0,46,10,723,0,1,72,0
1740,3,3,3,brain|forebrain|heart,2,1,0,18.0,16.0,23,15,54,5,1,23,0
1742,9,9,9,blood|brain|colon|gastrointestinal_tract|heart|kidney|large_intestine|liver|lung,6,2,1,41.333333333333336,39.0,62,35,372,1,1,55,0
1755,5,5,5,adrenal_gland|blood|gastrointestinal_tract|kidney|lung,3,1,1,1.2,1.0,2,1,6,0,1,19,0
1756,5,5,5,brain|heart|kidney|liver|lung,2,2,1,24.4,24.0,26,23,122,7,1,55,0
1759,8,8,8,brain|colon|gastrointestinal_tract|heart|kidney|large_intestine|liver|lung,5,2,1,46.5,46.5,52,43,372,1,1,24,0
1760,23,23,23,adipose_tissue|adrenal_cortex|adrenal_gland|amygdala|aorta|artery|astrocyte|basal_ganglion|blood|blood_plasma|blood_platelet|bone|brain|colon|eye|forebrain|gastrointestinal_tract|heart|kidney|large_intestine|liver|lung|midbrain,19,2,2,8.608695652173912,9.0,11,5,198,1,1,39,0
1778,9,9,9,blood|brain|colon|gastrointestinal_tract|heart|kidney|large_intestine|liver|lung,6,2,1,82.55555555555556,82.0,88,77,743,2,1,37,0
1785,15,15,15,adipose_tissue|aorta|artery|basal_ganglion|blood|blood_plasma|bone|brain|eye|forebrain|heart|kidney|liver|lung|midbrain,11,2,2,42.8,43.0,53,27,642,0,1,48,0
1786,20,20,20,adrenal_cortex|adrenal_gland|amygdala|astrocyte|basal_ganglion|blood|blood_plasma|blood_platelet|bone|brain|colon|eye|forebrain|gastrointestinal_tract|heart|kidney|large_intestine|liver|lung|midbrain,16,2,2,53.25,53.5,61,24,1065,3,1,60,0
1788,20,20,20,adrenal_cortex|adrenal_gland|amygdala|astrocyte|basal_ganglion|blood|blood_plasma|blood_platelet|bone|brain|colon|eye|forebrain|gastrointestinal_tract|heart|kidney|large_intestine|liver|lung|midbrain,16,2,2,29.9,30.0,37,8,598,2,1,33,0
1789,9,9,9,blood|brain|colon|gastrointestinal_tract|heart|kidney|large_intestine|liver|lung,6,2,1,43.77777777777778,44.0,46,42,394,0,1,49,0
1794,8,8,8,blood|blood_plasma|blood_platelet|colon|gastrointestinal_tract|large_intestine|liver|lung,7,0,1,10.25,9.5,16,6,82,0,1,26,0
1796,2,2,2,blood|heart,1,1,0,31.5,31.5,38,25,63,1,1,9,0
1798,16,16,16,adrenal_gland|amygdala|basal_ganglion|blood|blood_plasma|brain|colon|eye|forebrain|gastrointestinal_tract|heart|kidney|large_intestine|liver|lung|midbrain,12,2,2,4.0,4.0,4,4,64,1,1,34,0
1803,11,11,11,blood|blood_plasma|brain|colon|eye|gastrointestinal_tract|heart|kidney|large_intestine|liver|lung,8,2,1,9.181818181818182,9.0,15,5,101,0,1,34,0
1806,2,2,2,blood|liver,2,0,0,4.0,4.0,4,4,8,0,1,23,0
1807,2,2,2,blood|liver,2,0,0,1.5,1.5,2,1,3,0,1,28,0
1810,18,18,18,adrenal_cortex|adrenal_gland|amygdala|basal_ganglion|blood|blood_plasma|blood_platelet|bone|brain|colon|forebrain|gastrointestinal_tract|heart|kidney|large_intestine|liver|lung|midbrain,14,2,2,19.88888888888889,21.0,22,12,358,1,1,37,0
1812,2,2,2,brain|kidney,1,1,0,4.5,4.5,5,4,9,0,1,45,0
1813,3,3,3,brain|eye|kidney,2,1,0,12.0,12.0,15,9,36,0,1,52,0
1814,6,6,6,basal_ganglion|blood|brain|forebrain|kidney|midbrain,4,1,1,5.166666666666667,5.0,6,5,31,1,1,54,0
1815,2,2,2,blood|brain,2,0,0,6.5,6.5,7,6,13,2,1,51,0
1816,1,1,1,brain,1,0,0,2.0,2.0,2,2,2,0,1,39,0
1825,2,2,2,blood|blood_plasma,2,0,0,5.0,5.0,6,4,10,0,1,0,1
1826,9,9,9,amygdala|basal_ganglion|brain|forebrain|heart|kidney|liver|lung|midbrain,5,2,2,2.0,2.0,2,2,18,3,1,29,0
1827,21,21,21,adipose_tissue|adrenal_cortex|adrenal_gland|amygdala|aorta|artery|basal_ganglion|blood|blood_plasma|bone|brain|colon|eye|forebrain|gastrointestinal_tract|heart|kidney|large_intestine|liver|lung|midbrain,17,2,2,21.238095238095237,22.0,24,18,446,4,1,0,1
1828,2,2,2,blood|blood_plasma,2,0,0,10.0,10.0,13,7,20,0,1,13,0
1831,22,22,22,adipose_tissue|adrenal_cortex|adrenal_gland|amygdala|aorta|artery|basal_ganglion|blood|blood_plasma|blood_platelet|bone|brain|colon|eye|forebrain|gastrointestinal_tract|heart|kidney|large_intestine|liver|lung|midbrain,18,2,2,18.454545454545453,18.5,22,15,406,4,1,0,1
1832,22,22,22,adipose_tissue|adrenal_gland|amygdala|aorta|artery|basal_ganglion|basophil|blood|blood_plasma|blood_platelet|bone|brain|colon|eye|forebrain|gastrointestinal_tract|heart|kidney|large_intestine|liver|lung|midbrain,18,2,2,39.04545454545455,40.0,53,10,859,0,1,52,0
1839,1,1,1,blood,1,0,0,10.0,10.0,10,10,10,2,1,23,0
1840,22,22,22,adipose_tissue|adrenal_gland|amygdala|aorta|artery|basal_ganglion|basophil|blood|blood_plasma|blood_platelet|bone|brain|colon|eye|forebrain|gastrointestinal_tract|heart|kidney|large_intestine|liver|lung|midbrain,18,2,2,16.954545454545453,18.0,20,8,373,2,1,15,0
1844,1,1,1,blood,1,0,0,3.0,3.0,3,3,3,0,1,0,1
1845,23,23,23,adipose_tissue|adrenal_cortex|adrenal_gland|amygdala|aorta|artery|basal_ganglion|basophil|blood|blood_plasma|blood_platelet|bone|brain|colon|eye|forebrain|gastrointestinal_tract|heart|kidney|large_intestine|liver|lung|midbrain,19,2,2,10.217391304347826,10.0,12,7,235,1,1,59,0
1848,23,23,23,adipose_tissue|adrenal_cortex|adrenal_gland|amygdala|aorta|artery|basal_ganglion|basophil|blood|blood_plasma|blood_platelet|bone|brain|colon|eye|forebrain|gastrointestinal_tract|heart|kidney|large_intestine|liver|lung|midbrain,19,2,2,4.304347826086956,4.0,5,3,99,1,1,43,0
1849,14,14,14,amygdala|basal_ganglion|blood|blood_plasma|brain|colon|forebrain|gastrointestinal_tract|heart|kidney|large_intestine|liver|lung|midbrain,10,2,2,4.642857142857143,4.5,6,4,65,2,1,39,0
1855,23,23,23,adipose_tissue|adrenal_cortex|adrenal_gland|amygdala|aorta|artery|astrocyte|basal_ganglion|blood|blood_plasma|blood_platelet|bone|brain|colon|eye|forebrain|gastrointestinal_tract|heart|kidney|large_intestine|liver|lung|midbrain,19,2,2,35.34782608695652,36.0,41,19,813,1,1,80,0
1856,23,23,23,adipose_tissue|adrenal_cortex|adrenal_gland|amygdala|aorta|artery|basal_ganglion|basophil|blood|blood_plasma|blood_platelet|bone|brain|colon|eye|forebrain|gastrointestinal_tract|heart|kidney|large_intestine|liver|lung|midbrain,19,2,2,49.17391304347826,49.0,61,20,1131,2,1,67,0
1857,23,23,23,adipose_tissue|adrenal_cortex|adrenal_gland|amygdala|aorta|artery|basal_ganglion|basophil|blood|blood_plasma|blood_platelet|bone|brain|colon|eye|forebrain|gastrointestinal_tract|heart|kidney|large_intestine|liver|lung|midbrain,19,2,2,41.17391304347826,43.0,51,13,947,0,1,56,0
1874,21,21,21,adipose_tissue|adrenal_cortex|adrenal_gland|amygdala|artery|astrocyte|basal_ganglion|blood|blood_plasma|bone|brain|colon|eye|forebrain|gastrointestinal_tract|heart|kidney|large_intestine|liver|lung|midbrain,17,2,2,27.142857142857142,27.0,33,19,570,0,1,53,0
1876,20,20,20,adipose_tissue|adrenal_cortex|adrenal_gland|amygdala|artery|astrocyte|basal_ganglion|blood|bone|brain|colon|eye|forebrain|gastrointestinal_tract|heart|kidney|large_intestine|liver|lung|midbrain,16,2,2,20.85,23.0,25,6,417,0,1,13,0
1880,18,18,18,amygdala|astrocyte|basal_ganglion|blood|blood_plasma|blood_platelet|bone|brain|colon|eye|forebrain|gastrointestinal_tract|heart|kidney|large_intestine|liver|lung|midbrain,14,2,2,9.555555555555555,10.0,13,3,172,1,1,39,0
1889,20,20,20,adrenal_cortex|adrenal_gland|amygdala|artery|astrocyte|basal_ganglion|blood|blood_plasma|bone|brain|colon|eye|forebrain|gastrointestinal_tract|heart|kidney|large_intestine|liver|lung|midbrain,16,2,2,8.75,9.0,11,2,175,2,1,45,0
1893,23,23,23,adipose_tissue|adrenal_cortex|adrenal_gland|amygdala|aorta|artery|astrocyte|basal_ganglion|blood|blood_plasma|blood_platelet|bone|brain|colon|eye|forebrain|gastrointestinal_tract|heart|kidney|large_intestine|liver|lung|midbrain,19,2,2,7.130434782608695,7.0,14,1,164,1,1,34,0
1896,7,7,7,bone|brain|forebrain|heart|kidney|liver|lung,4,2,1,15.571428571428571,17.0,17,10,109,3,1,45,0
1901,5,5,5,aorta|artery|blood|brain|heart,4,1,0,6.0,6.0,6,6,30,1,1,21,0
1902,9,9,9,blood|brain|colon|gastrointestinal_tract|heart|kidney|large_intestine|liver|lung,6,2,1,23.0,23.0,26,21,207,0,1,45,0
1903,8,8,8,aorta|artery|brain|eye|heart|kidney|liver|lung,5,2,1,2.0,2.0,2,2,16,0,1,12,0
1906,24,24,24,adipose_tissue|adrenal_cortex|adrenal_gland|amygdala|aorta|artery|astrocyte|basal_ganglion|basophil|blood|blood_plasma|blood_platelet|bone|brain|colon|eye|forebrain|gastrointestinal_tract|heart|kidney|large_intestine|liver|lung|midbrain,20,2,2,10.0,10.0,13,7,240,0,1,74,0
1907,2,2,2,blood|heart,1,1,0,1.0,1.0,1,1,2,0,1,28,0
1909,24,24,24,adipose_tissue|adrenal_cortex|adrenal_gland|amygdala|aorta|artery|astrocyte|basal_ganglion|basophil|blood|blood_plasma|blood_platelet|bone|brain|colon|eye|forebrain|gastrointestinal_tract|heart|kidney|large_intestine|liver|lung|midbrain,20,2,2,9.083333333333334,9.0,11,6,218,0,1,9,0
1910,9,9,9,blood|brain|colon|gastrointestinal_tract|heart|kidney|large_intestine|liver|lung,6,2,1,5.555555555555555,6.0,6,5,50,0,1,36,0
1917,2,2,2,brain|heart,1,1,0,62.5,62.5,63,62,125,3,1,16,0
1936,22,22,22,adipose_tissue|adrenal_gland|amygdala|aorta|artery|astrocyte|basal_ganglion|blood|blood_plasma|blood_platelet|bone|brain|colon|eye|forebrain|gastrointestinal_tract|heart|kidney|large_intestine|liver|lung|midbrain,18,2,2,60.90909090909091,60.0,76,33,1340,1,1,31,0
1937,20,20,20,adipose_tissue|amygdala|aorta|artery|astrocyte|basal_ganglion|blood|blood_plasma|blood_platelet|brain|colon|eye|forebrain|gastrointestinal_tract|heart|kidney|large_intestine|liver|lung|midbrain,16,2,2,60.45,63.0,74,32,1209,1,1,20,0
1942,22,22,22,adipose_tissue|adrenal_gland|amygdala|aorta|artery|astrocyte|basal_ganglion|blood|blood_plasma|blood_platelet|bone|brain|colon|eye|forebrain|gastrointestinal_tract|heart|kidney|large_intestine|liver|lung|midbrain,18,2,2,6.7272727272727275,7.0,10,4,148,4,1,51,0
1948,18,18,18,adipose_tissue|adrenal_gland|amygdala|aorta|artery|basal_ganglion|blood|brain|colon|eye|forebrain|gastrointestinal_tract|heart|kidney|large_intestine|liver|lung|midbrain,14,2,2,23.61111111111111,24.0,29,17,425,1,1,14,0
1949,8,8,8,amygdala|basal_ganglion|brain|forebrain|heart|kidney|lung|midbrain,4,2,2,5.0,5.0,6,4,40,3,1,8,0
1950,5,5,5,blood|blood_plasma|colon|gastrointestinal_tract|large_intestine,5,0,0,16.0,16.0,17,15,80,1,1,85,0
1951,1,1,1,brain,1,0,0,10.0,10.0,10,10,10,1,1,0,1
1952,1,1,1,brain,1,0,0,4.0,4.0,4,4,4,0,1,33,0
1956,24,24,24,adipose_tissue|adrenal_cortex|adrenal_gland|amygdala|aorta|artery|astrocyte|basal_ganglion|basophil|blood|blood_plasma|blood_platelet|bone|brain|colon|eye|forebrain|gastrointestinal_tract|heart|kidney|large_intestine|liver|lung|midbrain,20,2,2,304.5416666666667,320.5,413,99,7309,0,1,85,0
1958,23,23,23,adipose_tissue|adrenal_cortex|adrenal_gland|amygdala|artery|astrocyte|basal_ganglion|basophil|blood|blood_plasma|blood_platelet|bone|brain|colon|eye|forebrain|gastrointestinal_tract|heart|kidney|large_intestine|liver|lung|midbrain,19,2,2,29.304347826086957,31.0,38,12,674,2,1,71,0
1959,2,2,2,bone|brain,2,0,0,9.0,9.0,11,7,18,2,1,65,0
1960,3,3,3,artery|blood|heart,2,1,0,1.6666666666666667,1.0,3,1,5,5,1,14,0
1965,18,18,18,adipose_tissue|adrenal_cortex|adrenal_gland|basal_ganglion|blood|blood_plasma|blood_platelet|bone|brain|colon|eye|forebrain|gastrointestinal_tract|heart|kidney|large_intestine|liver|lung,15,2,1,34.833333333333336,37.0,42,21,627,0,1,59,0
1967,21,21,21,adipose_tissue|adrenal_gland|amygdala|aorta|artery|basal_ganglion|blood|blood_plasma|blood_platelet|bone|brain|colon|eye|forebrain|gastrointestinal_tract|heart|kidney|large_intestine|liver|lung|midbrain,17,2,2,20.80952380952381,21.0,27,14,437,1,1,21,0
1968,1,1,1,brain,1,0,0,17.0,17.0,17,17,17,0,1,22,0
1969,24,24,24,adipose_tissue|adrenal_cortex|adrenal_gland|amygdala|aorta|artery|astrocyte|basal_ganglion|basophil|blood|blood_plasma|blood_platelet|bone|brain|colon|eye|forebrain|gastrointestinal_tract|heart|kidney|large_intestine|liver|lung|midbrain,20,2,2,23.833333333333332,25.0,28,14,572,8,1,46,0
1977,20,20,20,adipose_tissue|adrenal_cortex|adrenal_gland|amygdala|artery|astrocyte|basal_ganglion|blood|bone|brain|colon|eye|forebrain|gastrointestinal_tract|heart|kidney|large_intestine|liver|lung|midbrain,16,2,2,26.7,25.0,38,14,534,2,1,46,0
1978,21,21,21,adipose_tissue|adrenal_cortex|adrenal_gland|amygdala|artery|astrocyte|basal_ganglion|blood|blood_plasma|bone|brain|colon|eye|forebrain|gastrointestinal_tract|heart|kidney|large_intestine|liver|lung|midbrain,17,2,2,29.047619047619047,31.0,37,17,610,0,1,39,0
1979,22,22,22,adipose_tissue|adrenal_cortex|adrenal_gland|amygdala|aorta|artery|basal_ganglion|blood|blood_plasma|blood_platelet|bone|brain|colon|eye|forebrain|gastrointestinal_tract|heart|kidney|large_intestine|liver|lung|midbrain,18,2,2,3.4545454545454546,3.0,6,1,76,2,1,29,0
1981,1,1,1,brain,1,0,0,52.0,52.0,52,52,52,5,1,29,0
1982,1,1,1,brain,1,0,0,23.0,23.0,23,23,23,1,1,31,0
1984,23,23,23,adipose_tissue|adrenal_cortex|adrenal_gland|amygdala|aorta|artery|astrocyte|basal_ganglion|blood|blood_plasma|blood_platelet|bone|brain|colon|eye|forebrain|gastrointestinal_tract|heart|kidney|large_intestine|liver|lung|midbrain,19,2,2,20.304347826086957,22.0,26,10,467,5,1,60,0
1991,2,2,2,blood|eye,2,0,0,15.5,15.5,19,12,31,1,1,60,0
1994,4,4,4,brain|forebrain|kidney|lung,2,1,1,552.0,570.0,575,493,2208,5,1,53,0
1997,23,23,23,adipose_tissue|adrenal_gland|amygdala|aorta|artery|astrocyte|basal_ganglion|basophil|blood|blood_plasma|blood_platelet|bone|brain|colon|eye|forebrain|gastrointestinal_tract|heart|kidney|large_intestine|liver|lung|midbrain,19,2,2,8.434782608695652,8.0,13,6,194,0,1,48,0
1999,5,5,5,colon|gastrointestinal_tract|kidney|large_intestine|liver,4,1,0,24.2,23.0,26,23,121,0,1,44,0
2000,4,4,4,blood|colon|gastrointestinal_tract|large_intestine,4,0,0,9.0,9.0,9,9,36,2,1,52,0
2001,3,3,3,gastrointestinal_tract|kidney|lung,1,1,1,5.666666666666667,6.0,6,5,17,0,1,0,1
2004,24,24,24,adipose_tissue|adrenal_cortex|adrenal_gland|amygdala|aorta|artery|astrocyte|basal_ganglion|basophil|blood|blood_plasma|blood_platelet|bone|brain|colon|eye|forebrain|gastrointestinal_tract|heart|kidney|large_intestine|liver|lung|midbrain,20,2,2,12.416666666666666,13.0,14,8,298,2,1,53,0
2006,3,3,3,aorta|artery|lung,2,0,1,6.0,4.0,10,4,18,1,1,1,0
2010,22,22,22,adipose_tissue|adrenal_cortex|adrenal_gland|amygdala|artery|astrocyte|basal_ganglion|blood|blood_plasma|blood_platelet|bone|brain|colon|eye|forebrain|gastrointestinal_tract|heart|kidney|large_intestine|liver|lung|midbrain,18,2,2,70.5,72.0,91,34,1551,0,1,32,0
2011,22,22,22,adipose_tissue|adrenal_cortex|adrenal_gland|amygdala|artery|astrocyte|basal_ganglion|blood|blood_plasma|blood_platelet|bone|brain|colon|eye|forebrain|gastrointestinal_tract|heart|kidney|large_intestine|liver|lung|midbrain,18,2,2,42.95454545454545,44.5,53,29,945,1,1,42,0
2018,2,2,2,brain|kidney,1,1,0,3.0,3.0,3,3,6,2,1,0,1
2019,21,21,21,adipose_tissue|adrenal_cortex|adrenal_gland|amygdala|artery|astrocyte|basal_ganglion|blood|blood_plasma|bone|brain|colon|eye|forebrain|gastrointestinal_tract|heart|kidney|large_intestine|liver|lung|midbrain,17,2,2,1.0476190476190477,1.0,2,1,22,4,1,37,0
2020,1,1,1,brain,1,0,0,1.0,1.0,1,1,1,1,1,8,0
2022,24,24,24,adipose_tissue|adrenal_cortex|adrenal_gland|amygdala|aorta|artery|astrocyte|basal_ganglion|basophil|blood|blood_plasma|blood_platelet|bone|brain|colon|eye|forebrain|gastrointestinal_tract|heart|kidney|large_intestine|liver|lung|midbrain,20,2,2,11.208333333333334,11.0,16,7,269,0,1,66,0
2023,20,20,20,adipose_tissue|amygdala|aorta|artery|astrocyte|basal_ganglion|blood|blood_plasma|blood_platelet|brain|colon|eye|forebrain|gastrointestinal_tract|heart|kidney|large_intestine|liver|lung|midbrain,16,2,2,121.15,125.0,152,51,2423,2,1,49,0
2028,4,4,4,brain|heart|kidney|liver,2,2,0,3.0,3.0,3,3,12,0,1,25,0
2033,23,23,23,adipose_tissue|adrenal_cortex|adrenal_gland|amygdala|aorta|artery|astrocyte|basal_ganglion|blood|blood_plasma|blood_platelet|bone|brain|colon|eye|forebrain|gastrointestinal_tract|heart|kidney|large_intestine|liver|lung|midbrain,19,2,2,225.52173913043478,225.0,279,131,5187,2,1,93,0
2034,24,24,24,adipose_tissue|adrenal_cortex|adrenal_gland|amygdala|aorta|artery|astrocyte|basal_ganglion|basophil|blood|blood_plasma|blood_platelet|bone|brain|colon|eye|forebrain|gastrointestinal_tract|heart|kidney|large_intestine|liver|lung|midbrain,20,2,2,46.458333333333336,48.5,62,13,1115,0,1,50,0
2040,21,21,21,adipose_tissue|adrenal_gland|amygdala|aorta|artery|basal_ganglion|blood|blood_plasma|blood_platelet|bone|brain|colon|eye|forebrain|gastrointestinal_tract|heart|kidney|large_intestine|liver|lung|midbrain,17,2,2,31.333333333333332,33.0,37,20,658,1,1,32,0
2042,10,10,10,adrenal_gland|brain|colon|eye|gastrointestinal_tract|heart|kidney|large_intestine|liver|lung,7,2,1,11.9,12.0,12,11,119,0,1,29,0
2043,7,7,7,blood|blood_plasma|blood_platelet|brain|heart|kidney|lung,4,2,1,15.857142857142858,18.0,20,10,111,0,1,44,0
2045,22,22,22,adipose_tissue|adrenal_cortex|adrenal_gland|amygdala|artery|astrocyte|basal_ganglion|blood|blood_plasma|blood_platelet|bone|brain|colon|eye|forebrain|gastrointestinal_tract|heart|kidney|large_intestine|liver|lung|midbrain,18,2,2,6.7272727272727275,7.0,8,4,148,3,1,28,0
2047,4,4,4,blood|blood_plasma|blood_platelet|kidney,3,1,0,11.0,11.0,12,10,44,4,1,58,0
2048,1,1,1,brain,1,0,0,25.0,25.0,25,25,25,3,1,35,0
2049,22,22,22,adipose_tissue|adrenal_cortex|adrenal_gland|amygdala|artery|astrocyte|basal_ganglion|blood|blood_plasma|blood_platelet|bone|brain|colon|eye|forebrain|gastrointestinal_tract|heart|kidney|large_intestine|liver|lung|midbrain,18,2,2,6.363636363636363,6.0,9,5,140,1,1,35,0
2054,21,21,21,adipose_tissue|adrenal_gland|amygdala|aorta|artery|basal_ganglion|basophil|blood|blood_plasma|blood_platelet|brain|colon|eye|forebrain|gastrointestinal_tract|heart|kidney|large_intestine|liver|lung|midbrain,17,2,2,17.714285714285715,18.0,26,8,372,1,1,30,0
2056,2,2,2,kidney|liver,1,1,0,5.5,5.5,6,5,11,0,1,58,0
2057,4,4,4,blood|brain|forebrain|kidney,3,1,0,31.0,29.5,40,25,124,2,1,1,0
2059,21,21,21,adipose_tissue|adrenal_cortex|adrenal_gland|amygdala|aorta|artery|basal_ganglion|blood|blood_plasma|blood_platelet|brain|colon|eye|forebrain|gastrointestinal_tract|heart|kidney|large_intestine|liver|lung|midbrain,17,2,2,21.952380952380953,22.0,28,15,461,0,1,34,0
2060,18,18,18,adipose_tissue|adrenal_gland|amygdala|basal_ganglion|blood|blood_plasma|blood_platelet|brain|colon|eye|forebrain|gastrointestinal_tract|heart|kidney|large_intestine|liver|lung|midbrain,14,2,2,52.333333333333336,55.0,62,29,942,1,1,25,0
2063,11,11,11,basal_ganglion|blood|brain|colon|eye|forebrain|gastrointestinal_tract|heart|kidney|large_intestine|lung,8,2,1,14.454545454545455,14.0,16,12,159,2,1,37,0
2064,24,24,24,adipose_tissue|adrenal_cortex|adrenal_gland|amygdala|aorta|artery|astrocyte|basal_ganglion|basophil|blood|blood_plasma|blood_platelet|bone|brain|colon|eye|forebrain|gastrointestinal_tract|heart|kidney|large_intestine|liver|lung|midbrain,20,2,2,72.08333333333333,75.0,99,33,1730,1,1,81,0
2065,23,23,23,adipose_tissue|adrenal_cortex|adrenal_gland|amygdala|aorta|artery|astrocyte|basal_ganglion|blood|blood_plasma|blood_platelet|bone|brain|colon|eye|forebrain|gastrointestinal_tract|heart|kidney|large_intestine|liver|lung|midbrain,19,2,2,39.130434782608695,40.0,48,23,900,2,1,40,0
2067,21,21,21,adipose_tissue|adrenal_cortex|adrenal_gland|amygdala|artery|astrocyte|basal_ganglion|blood|blood_plasma|blood_platelet|brain|colon|eye|forebrain|gastrointestinal_tract|heart|kidney|large_intestine|liver|lung|midbrain,17,2,2,10.380952380952381,12.0,13,4,218,1,1,59,0
2068,23,23,23,adipose_tissue|adrenal_cortex|adrenal_gland|amygdala|aorta|artery|astrocyte|basal_ganglion|blood|blood_plasma|blood_platelet|bone|brain|colon|eye|forebrain|gastrointestinal_tract|heart|kidney|large_intestine|liver|lung|midbrain,19,2,2,16.82608695652174,18.0,22,9,387,1,1,67,0
2069,1,1,1,blood,1,0,0,3.0,3.0,3,3,3,0,1,70,0
2071,23,23,23,adipose_tissue|adrenal_cortex|adrenal_gland|amygdala|aorta|artery|astrocyte|basal_ganglion|blood|blood_plasma|blood_platelet|bone|brain|colon|eye|forebrain|gastrointestinal_tract|heart|kidney|large_intestine|liver|lung|midbrain,19,2,2,33.869565217391305,36.0,44,15,779,0,1,66,0
2072,20,20,20,adrenal_cortex|adrenal_gland|amygdala|astrocyte|basal_ganglion|blood|blood_plasma|blood_platelet|bone|brain|colon|eye|forebrain|gastrointestinal_tract|heart|kidney|large_intestine|liver|lung|midbrain,16,2,2,28.75,31.5,37,14,575,1,1,56,0
2073,20,20,20,adrenal_cortex|adrenal_gland|amygdala|astrocyte|basal_ganglion|blood|blood_plasma|blood_platelet|bone|brain|colon|eye|forebrain|gastrointestinal_tract|heart|kidney|large_intestine|liver|lung|midbrain,16,2,2,10.5,11.0,13,5,210,0,1,36,0
2074,22,22,22,adipose_tissue|adrenal_cortex|adrenal_gland|amygdala|artery|astrocyte|basal_ganglion|blood|blood_plasma|blood_platelet|bone|brain|colon|eye|forebrain|gastrointestinal_tract|heart|kidney|large_intestine|liver|lung|midbrain,18,2,2,22.636363636363637,23.0,29,14,498,1,1,70,0
2081,23,23,23,adipose_tissue|adrenal_cortex|adrenal_gland|amygdala|aorta|artery|astrocyte|basal_ganglion|blood|blood_plasma|blood_platelet|bone|brain|colon|eye|forebrain|gastrointestinal_tract|heart|kidney|large_intestine|liver|lung|midbrain,19,2,2,20.26086956521739,20.0,23,14,466,2,1,76,0
2107,11,11,11,blood|blood_plasma|blood_platelet|brain|colon|gastrointestinal_tract|heart|kidney|large_intestine|liver|lung,8,2,1,17.09090909090909,17.0,19,14,188,3,1,24,0
2110,7,7,7,adipose_tissue|blood|brain|gastrointestinal_tract|heart|kidney|liver,5,2,0,13.285714285714286,14.0,14,10,93,0,1,24,0
2113,3,3,3,blood|heart|kidney,1,2,0,60.0,58.0,65,57,180,0,1,69,0
2115,9,9,9,adrenal_gland|brain|colon|gastrointestinal_tract|heart|kidney|large_intestine|liver|lung,6,2,1,14.222222222222221,14.0,15,12,128,2,1,36,0
2118,24,24,24,adipose_tissue|adrenal_cortex|adrenal_gland|amygdala|aorta|artery|astrocyte|basal_ganglion|basophil|blood|blood_plasma|blood_platelet|bone|brain|colon|eye|forebrain|gastrointestinal_tract|heart|kidney|large_intestine|liver|lung|midbrain,20,2,2,11.791666666666666,11.0,15,6,283,4,1,46,0
2119,19,19,19,adipose_tissue|adrenal_cortex|adrenal_gland|artery|astrocyte|basal_ganglion|blood|blood_plasma|blood_platelet|brain|colon|eye|forebrain|gastrointestinal_tract|heart|kidney|large_intestine|liver|lung,16,2,1,7.842105263157895,8.0,11,4,149,2,1,53,0
2122,3,3,3,heart|kidney|lung,0,2,1,25.666666666666668,26.0,26,25,77,2,1,63,0
2125,5,5,5,colon|gastrointestinal_tract|kidney|large_intestine|lung,3,1,1,6.4,6.0,7,6,32,1,1,36,0
2131,23,23,23,adipose_tissue|adrenal_cortex|adrenal_gland|amygdala|aorta|artery|astrocyte|basal_ganglion|blood|blood_plasma|blood_platelet|bone|brain|colon|eye|forebrain|gastrointestinal_tract|heart|kidney|large_intestine|liver|lung|midbrain,19,2,2,5.304347826086956,5.0,7,3,122,2,1,29,0
2132,17,17,17,adrenal_gland|amygdala|aorta|artery|basal_ganglion|blood|bone|brain|colon|forebrain|gastrointestinal_tract|heart|kidney|large_intestine|liver|lung|midbrain,13,2,2,7.235294117647059,7.0,9,5,123,0,1,35,0
2139,18,18,18,adrenal_cortex|adrenal_gland|amygdala|basal_ganglion|blood|blood_plasma|blood_platelet|bone|brain|colon|forebrain|gastrointestinal_tract|heart|kidney|large_intestine|liver|lung|midbrain,14,2,2,9.88888888888889,11.0,12,5,178,1,1,24,0
2140,19,19,19,adrenal_cortex|adrenal_gland|amygdala|basal_ganglion|blood|blood_plasma|blood_platelet|bone|brain|colon|eye|forebrain|gastrointestinal_tract|heart|kidney|large_intestine|liver|lung|midbrain,15,2,2,5.315789473684211,6.0,7,3,101,2,1,61,0
2145,18,18,18,adrenal_cortex|adrenal_gland|amygdala|basal_ganglion|blood|blood_plasma|blood_platelet|bone|brain|colon|forebrain|gastrointestinal_tract|heart|kidney|large_intestine|liver|lung|midbrain,14,2,2,7.222222222222222,7.0,8,6,130,1,1,9,0
2146,6,6,6,blood|brain|heart|kidney|liver|lung,3,2,1,119.5,119.5,122,117,717,1,1,83,0
2147,3,3,3,blood|blood_plasma|liver,3,0,0,22.0,23.0,25,18,66,0,1,50,0
2149,6,6,6,blood|blood_plasma|blood_platelet|brain|heart|kidney,4,2,0,13.666666666666666,13.5,17,12,82,0,1,84,0
2150,10,10,10,blood|brain|colon|eye|gastrointestinal_tract|heart|kidney|large_intestine|liver|lung,7,2,1,6.3,6.0,9,5,63,1,1,76,0
2152,8,8,8,artery|blood|brain|eye|forebrain|heart|kidney|lung,5,2,1,13.5,13.5,16,10,108,0,1,41,0
2153,4,4,4,blood|blood_plasma|eye|liver,4,0,0,9.5,9.0,12,8,38,0,1,8,0
2155,2,2,2,blood|blood_plasma,2,0,0,9.5,9.5,11,8,19,0,1,19,0
2158,2,2,2,blood|blood_plasma,2,0,0,3.0,3.0,3,3,6,0,1,20,0
2159,3,3,3,blood|blood_plasma|liver,3,0,0,6.0,6.0,7,5,18,0,1,14,0
2160,5,5,5,blood|blood_plasma|blood_platelet|kidney|liver,4,1,0,5.4,6.0,6,4,27,0,1,21,0
2161,3,3,3,blood|blood_plasma|liver,3,0,0,14.0,14.0,15,13,42,0,1,42,0
2162,4,4,4,blood|blood_plasma|blood_platelet|liver,4,0,0,10.25,10.5,12,8,41,0,1,2,0
2166,1,1,1,blood,1,0,0,1.0,1.0,1,1,1,0,1,14,0
2171,10,10,10,adipose_tissue|brain|colon|eye|gastrointestinal_tract|heart|kidney|large_intestine|liver|lung,7,2,1,22.1,23.0,26,13,221,0,1,8,0
2177,6,6,6,brain|gastrointestinal_tract|heart|kidney|liver|lung,3,2,1,37.833333333333336,37.5,40,36,227,2,1,16,0
2185,19,19,19,adipose_tissue|adrenal_cortex|adrenal_gland|basal_ganglion|blood|blood_plasma|blood_platelet|bone|brain|colon|eye|forebrain|gastrointestinal_tract|heart|kidney|large_intestine|liver|lung|midbrain,15,2,2,42.63157894736842,43.0,54,32,810,2,1,76,0
2186,19,19,19,adrenal_cortex|adrenal_gland|amygdala|basal_ganglion|blood|blood_plasma|blood_platelet|bone|brain|colon|eye|forebrain|gastrointestinal_tract|heart|kidney|large_intestine|liver|lung|midbrain,15,2,2,13.68421052631579,14.0,16,10,260,2,1,77,0
2189,16,16,16,adrenal_gland|amygdala|basal_ganglion|blood|blood_plasma|brain|colon|eye|forebrain|gastrointestinal_tract|heart|kidney|large_intestine|liver|lung|midbrain,12,2,2,17.875,18.0,21,14,286,1,1,23,0
2192,21,21,21,adipose_tissue|adrenal_gland|amygdala|aorta|artery|basal_ganglion|blood|blood_plasma|blood_platelet|bone|brain|colon|eye|forebrain|gastrointestinal_tract|heart|kidney|large_intestine|liver|lung|midbrain,17,2,2,19.19047619047619,18.0,26,15,403,1,1,42,0
2199,9,9,9,blood|brain|colon|gastrointestinal_tract|heart|kidney|large_intestine|liver|lung,6,2,1,12.0,11.0,16,9,108,0,1,8,0
2200,2,2,2,kidney|lung,0,1,1,13.5,13.5,14,13,27,0,1,40,0
2202,22,22,22,adipose_tissue|adrenal_cortex|adrenal_gland|amygdala|aorta|artery|basal_ganglion|basophil|blood|blood_plasma|bone|brain|colon|eye|forebrain|gastrointestinal_tract|heart|kidney|large_intestine|liver|lung|midbrain,18,2,2,9.545454545454545,10.0,14,3,210,0,1,52,0
2205,2,2,2,basophil|blood,2,0,0,4.5,4.5,5,4,9,1,1,2,0
2207,4,4,4,basophil|blood|blood_plasma|blood_platelet,4,0,0,4.5,4.5,7,2,18,0,1,20,0
2208,3,3,3,blood|blood_plasma|blood_platelet,3,0,0,6.666666666666667,6.0,8,6,20,1,1,22,0
2209,1,1,1,blood,1,0,0,12.0,12.0,12,12,12,1,1,4,0
2212,1,1,1,blood,1,0,0,23.0,23.0,23,23,23,0,1,8,0
2213,1,1,1,blood,1,0,0,17.0,17.0,17,17,17,0,1,0,1
2237,13,13,13,amygdala|basal_ganglion|blood|brain|colon|forebrain|gastrointestinal_tract|heart|kidney|large_intestine|liver|lung|midbrain,9,2,2,31.153846153846153,32.0,37,26,405,1,1,35,0
2241,18,18,18,adipose_tissue|adrenal_cortex|adrenal_gland|basal_ganglion|blood|blood_plasma|blood_platelet|bone|brain|colon|eye|forebrain|gastrointestinal_tract|heart|kidney|large_intestine|liver|lung,15,2,1,20.22222222222222,20.5,24,13,364,0,1,84,0
2243,6,6,6,blood|blood_plasma|blood_platelet|brain|eye|liver,6,0,0,19.0,18.5,23,15,114,0,1,57,0
2244,6,6,6,blood|blood_plasma|blood_platelet|eye|liver|lung,5,0,1,8.5,8.0,12,6,51,0,1,57,0
2245,2,2,2,bone|brain,2,0,0,5.5,5.5,7,4,11,1,1,27,0
2246,4,4,4,brain|forebrain|heart|kidney,2,2,0,11.5,12.5,13,8,46,2,1,63,0
2247,9,9,9,blood|brain|colon|gastrointestinal_tract|heart|kidney|large_intestine|liver|lung,6,2,1,21.0,22.0,22,18,189,0,1,71,0
2249,2,2,2,bone|gastrointestinal_tract,2,0,0,3.0,3.0,5,1,6,1,1,29,0
2250,2,2,2,brain|eye,2,0,0,4.5,4.5,5,4,9,0,1,10,0
2252,3,3,3,eye|gastrointestinal_tract|lung,2,0,1,8.0,8.0,9,7,24,0,1,34,0
2253,3,3,3,colon|gastrointestinal_tract|large_intestine,3,0,0,2.0,1.0,4,1,6,0,1,15,0
2254,5,5,5,basal_ganglion|brain|eye|forebrain|midbrain,4,0,1,3.4,2.0,6,2,17,6,1,18,0
2255,5,5,5,brain|heart|kidney|liver|lung,2,2,1,4.0,4.0,4,4,20,2,1,88,0
2257,2,2,2,eye|lung,1,0,1,9.0,9.0,9,9,18,7,1,21,0
2258,4,4,4,brain|eye|forebrain|kidney,3,1,0,6.25,6.0,7,6,25,1,1,50,0
2260,10,10,10,adrenal_cortex|adrenal_gland|artery|brain|eye|gastrointestinal_tract|heart|kidney|liver|lung,7,2,1,30.8,32.5,37,21,308,3,1,49,0
2261,9,9,9,artery|brain|colon|eye|gastrointestinal_tract|heart|kidney|large_intestine|liver,7,2,0,22.77777777777778,23.0,26,13,205,0,1,57,0
2263,8,8,8,adrenal_cortex|adrenal_gland|brain|gastrointestinal_tract|heart|kidney|liver|lung,5,2,1,20.5,22.5,24,13,164,2,1,86,0
2264,9,9,9,adrenal_cortex|adrenal_gland|brain|eye|gastrointestinal_tract|heart|kidney|liver|lung,6,2,1,12.11111111111111,12.0,16,7,109,1,1,74,0
2266,7,7,7,blood|blood_plasma|blood_platelet|brain|eye|liver|lung,6,0,1,7.571428571428571,7.0,10,6,53,0,1,62,0
2268,5,5,5,blood|brain|kidney|liver|lung,3,1,1,25.2,24.0,30,23,126,1,1,57,0
2274,18,18,18,adrenal_gland|amygdala|basal_ganglion|blood|blood_plasma|blood_platelet|bone|brain|colon|eye|forebrain|gastrointestinal_tract|heart|kidney|large_intestine|liver|lung|midbrain,14,2,2,64.22222222222223,63.0,76,50,1156,0,1,36,0
2277,23,23,23,adipose_tissue|adrenal_gland|amygdala|aorta|artery|astrocyte|basal_ganglion|basophil|blood|blood_plasma|blood_platelet|bone|brain|colon|eye|forebrain|gastrointestinal_tract|heart|kidney|large_intestine|liver|lung|midbrain,19,2,2,6.217391304347826,6.0,8,4,143,2,1,10,0
2280,24,24,24,adipose_tissue|adrenal_cortex|adrenal_gland|amygdala|aorta|artery|astrocyte|basal_ganglion|basophil|blood|blood_plasma|blood_platelet|bone|brain|colon|eye|forebrain|gastrointestinal_tract|heart|kidney|large_intestine|liver|lung|midbrain,20,2,2,24.5,25.0,34,11,588,0,1,70,0
2281,24,24,24,adipose_tissue|adrenal_cortex|adrenal_gland|amygdala|aorta|artery|astrocyte|basal_ganglion|basophil|blood|blood_plasma|blood_platelet|bone|brain|colon|eye|forebrain|gastrointestinal_tract|heart|kidney|large_intestine|liver|lung|midbrain,20,2,2,6.458333333333333,6.5,9,4,155,0,1,58,0
2288,17,17,17,adrenal_cortex|adrenal_gland|basal_ganglion|blood|blood_plasma|bone|brain|colon|eye|forebrain|gastrointestinal_tract|heart|kidney|large_intestine|liver|lung|midbrain,13,2,2,33.8235294117647,35.0,42,18,575,2,1,34,0
2294,1,1,1,lung,0,0,1,4.0,4.0,4,4,4,0,1,39,0
2295,1,1,1,lung,0,0,1,2.0,2.0,2,2,2,0,1,49,0
2296,5,5,5,eye|heart|kidney|liver|lung,2,2,1,19.8,20.0,24,14,99,0,1,61,0
2302,9,9,9,blood|brain|colon|gastrointestinal_tract|heart|kidney|large_intestine|liver|lung,6,2,1,5.0,5.0,5,5,45,0,1,64,0
2303,2,2,2,adipose_tissue|kidney,1,1,0,12.5,12.5,18,7,25,0,1,60,0
2304,9,9,9,blood|brain|colon|gastrointestinal_tract|heart|kidney|large_intestine|liver|lung,6,2,1,30.22222222222222,29.0,34,29,272,0,1,60,0
2305,24,24,24,adipose_tissue|adrenal_cortex|adrenal_gland|amygdala|aorta|artery|astrocyte|basal_ganglion|basophil|blood|blood_plasma|blood_platelet|bone|brain|colon|eye|forebrain|gastrointestinal_tract|heart|kidney|large_intestine|liver|lung|midbrain,20,2,2,23.75,25.5,32,5,570,1,1,60,0
2308,23,23,23,adipose_tissue|adrenal_cortex|adrenal_gland|amygdala|aorta|artery|basal_ganglion|basophil|blood|blood_plasma|blood_platelet|bone|brain|colon|eye|forebrain|gastrointestinal_tract|heart|kidney|large_intestine|liver|lung|midbrain,19,2,2,38.82608695652174,40.0,48,17,893,1,1,83,0
2309,23,23,23,adipose_tissue|adrenal_cortex|adrenal_gland|amygdala|aorta|artery|astrocyte|basal_ganglion|blood|blood_plasma|blood_platelet|bone|brain|colon|eye|forebrain|gastrointestinal_tract|heart|kidney|large_intestine|liver|lung|midbrain,19,2,2,47.65217391304348,49.0,57,35,1096,2,1,66,0
2316,24,24,24,adipose_tissue|adrenal_cortex|adrenal_gland|amygdala|aorta|artery|astrocyte|basal_ganglion|basophil|blood|blood_plasma|blood_platelet|bone|brain|colon|eye|forebrain|gastrointestinal_tract|heart|kidney|large_intestine|liver|lung|midbrain,20,2,2,114.29166666666667,117.5,148,47,2743,0,1,82,0
2317,21,21,21,adipose_tissue|adrenal_cortex|adrenal_gland|amygdala|aorta|artery|basal_ganglion|blood|blood_plasma|bone|brain|colon|eye|forebrain|gastrointestinal_tract|heart|kidney|large_intestine|liver|lung|midbrain,17,2,2,46.61904761904762,47.0,54,31,979,0,1,21,0
2318,1,1,1,heart,0,1,0,52.0,52.0,52,52,52,2,1,6,0
2321,24,24,24,adipose_tissue|adrenal_cortex|adrenal_gland|amygdala|aorta|artery|astrocyte|basal_ganglion|basophil|blood|blood_plasma|blood_platelet|bone|brain|colon|eye|forebrain|gastrointestinal_tract|heart|kidney|large_intestine|liver|lung|midbrain,20,2,2,19.458333333333332,19.0,24,15,467,2,1,53,0
2322,3,3,3,blood|brain|liver,3,0,0,13.0,13.0,13,13,39,1,1,15,0
2324,8,8,8,brain|colon|gastrointestinal_tract|heart|kidney|large_intestine|liver|lung,5,2,1,17.125,17.0,18,16,137,0,1,54,0
2326,1,1,1,kidney,0,1,0,2.0,2.0,2,2,2,0,1,14,0
2332,1,1,1,brain,1,0,0,53.0,53.0,53,53,53,3,1,81,0
2334,15,15,15,adrenal_gland|amygdala|aorta|artery|basal_ganglion|blood|brain|colon|forebrain|gastrointestinal_tract|heart|kidney|large_intestine|liver|lung,12,2,1,3.0,3.0,3,3,45,0,1,24,0
2335,22,22,22,adipose_tissue|adrenal_gland|amygdala|aorta|artery|astrocyte|basal_ganglion|blood|blood_plasma|blood_platelet|bone|brain|colon|eye|forebrain|gastrointestinal_tract|heart|kidney|large_intestine|liver|lung|midbrain,18,2,2,246.8181818181818,254.0,328,110,5430,0,1,62,0
2353,24,24,24,adipose_tissue|adrenal_cortex|adrenal_gland|amygdala|aorta|artery|astrocyte|basal_ganglion|basophil|blood|blood_plasma|blood_platelet|bone|brain|colon|eye|forebrain|gastrointestinal_tract|heart|kidney|large_intestine|liver|lung|midbrain,20,2,2,95.16666666666667,99.5,119,37,2284,3,1,54,0
2355,16,16,16,adrenal_cortex|adrenal_gland|blood|blood_plasma|blood_platelet|bone|brain|colon|eye|forebrain|gastrointestinal_tract|heart|kidney|large_intestine|liver|lung,13,2,1,22.625,23.5,26,17,362,1,1,7,0
2395,21,21,21,adipose_tissue|adrenal_gland|amygdala|aorta|artery|astrocyte|basal_ganglion|blood|blood_plasma|blood_platelet|brain|colon|eye|forebrain|gastrointestinal_tract|heart|kidney|large_intestine|liver|lung|midbrain,17,2,2,1.7619047619047619,2.0,2,1,37,0,1,50,0
2475,6,6,6,blood|brain|heart|kidney|liver|lung,3,2,1,77.5,77.0,80,75,465,2,1,82,0
2487,5,5,5,brain|heart|kidney|liver|lung,2,2,1,4.4,4.0,5,4,22,0,1,19,0
2488,1,1,1,brain,1,0,0,3.0,3.0,3,3,3,1,1,19,0
2494,15,15,15,adipose_tissue|adrenal_cortex|adrenal_gland|artery|blood|blood_plasma|brain|colon|eye|gastrointestinal_tract|heart|kidney|large_intestine|liver|lung,12,2,1,10.666666666666666,11.0,14,5,160,1,1,50,0
2516,3,3,3,adrenal_cortex|adrenal_gland|brain,3,0,0,21.666666666666668,21.0,28,16,65,1,1,51,0
2530,23,23,23,adipose_tissue|adrenal_gland|amygdala|aorta|artery|astrocyte|basal_ganglion|basophil|blood|blood_plasma|blood_platelet|bone|brain|colon|eye|forebrain|gastrointestinal_tract|heart|kidney|large_intestine|liver|lung|midbrain,19,2,2,2.739130434782609,3.0,4,2,63,1,1,34,0
2531,13,13,13,amygdala|basal_ganglion|blood|brain|colon|forebrain|gastrointestinal_tract|heart|kidney|large_intestine|liver|lung|midbrain,9,2,2,3.3076923076923075,3.0,4,3,43,0,1,21,0
2534,24,24,24,adipose_tissue|adrenal_cortex|adrenal_gland|amygdala|aorta|artery|astrocyte|basal_ganglion|basophil|blood|blood_plasma|blood_platelet|bone|brain|colon|eye|forebrain|gastrointestinal_tract|heart|kidney|large_intestine|liver|lung|midbrain,20,2,2,114.625,113.5,177,46,2751,1,1,33,0
2535,5,5,5,colon|gastrointestinal_tract|heart|large_intestine|lung,3,1,1,3.6,3.0,5,3,18,1,1,44,0
2537,4,4,4,brain|forebrain|kidney|lung,2,1,1,2.0,2.0,2,2,8,0,1,33,0
2538,3,3,3,brain|kidney|liver,2,1,0,2.0,2.0,2,2,6,1,1,13,0
2539,24,24,24,adipose_tissue|adrenal_cortex|adrenal_gland|amygdala|aorta|artery|astrocyte|basal_ganglion|basophil|blood|blood_plasma|blood_platelet|bone|brain|colon|eye|forebrain|gastrointestinal_tract|heart|kidney|large_intestine|liver|lung|midbrain,20,2,2,26.25,26.5,38,8,630,0,1,58,0
2542,19,19,19,adipose_tissue|adrenal_gland|amygdala|aorta|artery|basal_ganglion|blood|blood_plasma|blood_platelet|brain|colon|forebrain|gastrointestinal_tract|heart|kidney|large_intestine|liver|lung|midbrain,15,2,2,1.0,1.0,1,1,19,0,1,27,0
2547,19,19,19,adrenal_gland|amygdala|basal_ganglion|basophil|blood|blood_plasma|blood_platelet|bone|brain|colon|eye|forebrain|gastrointestinal_tract|heart|kidney|large_intestine|liver|lung|midbrain,15,2,2,110.89473684210526,110.0,142,37,2107,1,1,73,0
2548,21,21,21,adipose_tissue|adrenal_cortex|adrenal_gland|amygdala|aorta|artery|basal_ganglion|blood|blood_plasma|bone|brain|colon|eye|forebrain|gastrointestinal_tract|heart|kidney|large_intestine|liver|lung|midbrain,17,2,2,6.857142857142857,7.0,9,4,144,2,1,36,0
2549,24,24,24,adipose_tissue|adrenal_cortex|adrenal_gland|amygdala|aorta|artery|astrocyte|basal_ganglion|basophil|blood|blood_plasma|blood_platelet|bone|brain|colon|eye|forebrain|gastrointestinal_tract|heart|kidney|large_intestine|liver|lung|midbrain,20,2,2,23.875,25.0,35,14,573,0,1,0,1
2562,3,3,3,brain|forebrain|liver,3,0,0,7.333333333333333,7.0,8,7,22,1,1,19,0
2571,4,4,4,adrenal_cortex|adrenal_gland|brain|forebrain,4,0,0,13.75,14.0,15,12,55,1,1,4,0
2584,3,3,3,blood|brain|heart,2,1,0,7.0,7.0,7,7,21,0,1,24,0
2589,16,16,16,adrenal_gland|amygdala|basal_ganglion|blood|blood_plasma|brain|colon|eye|forebrain|gastrointestinal_tract|heart|kidney|large_intestine|liver|lung|midbrain,12,2,2,2.75,3.0,4,1,44,0,1,25,0
2590,16,16,16,adrenal_gland|amygdala|basal_ganglion|blood|blood_plasma|brain|colon|eye|forebrain|gastrointestinal_tract|heart|kidney|large_intestine|liver|lung|midbrain,12,2,2,3.375,3.0,5,2,54,0,1,36,0
2591,2,2,2,adrenal_gland|eye,2,0,0,1.0,1.0,1,1,2,0,1,33,0
2596,6,6,6,astrocyte|brain|colon|forebrain|gastrointestinal_tract|large_intestine,6,0,0,7.0,7.5,8,4,42,1,1,10,0
2619,4,4,4,adrenal_gland|heart|kidney|liver,2,2,0,2.25,2.0,3,2,9,0,1,34,0
2621,5,5,5,blood|brain|heart|kidney|lung,2,2,1,1.4,1.0,2,1,7,0,1,85,0
2623,1,1,1,blood,1,0,0,54.0,54.0,54,54,54,5,1,83,0
2624,24,24,24,adipose_tissue|adrenal_cortex|adrenal_gland|amygdala|aorta|artery|astrocyte|basal_ganglion|basophil|blood|blood_plasma|blood_platelet|bone|brain|colon|eye|forebrain|gastrointestinal_tract|heart|kidney|large_intestine|liver|lung|midbrain,20,2,2,26.041666666666668,26.5,35,14,625,0,1,67,0
2625,24,24,24,adipose_tissue|adrenal_cortex|adrenal_gland|amygdala|aorta|artery|astrocyte|basal_ganglion|basophil|blood|blood_plasma|blood_platelet|bone|brain|colon|eye|forebrain|gastrointestinal_tract|heart|kidney|large_intestine|liver|lung|midbrain,20,2,2,15.958333333333334,16.0,24,9,383,0,1,82,0
2626,24,24,24,adipose_tissue|adrenal_cortex|adrenal_gland|amygdala|aorta|artery|astrocyte|basal_ganglion|basophil|blood|blood_plasma|blood_platelet|bone|brain|colon|eye|forebrain|gastrointestinal_tract|heart|kidney|large_intestine|liver|lung|midbrain,20,2,2,18.208333333333332,18.0,23,7,437,2,1,68,0
2627,9,9,9,blood|brain|colon|gastrointestinal_tract|heart|kidney|large_intestine|liver|lung,6,2,1,7.111111111111111,7.0,8,6,64,0,1,59,0
2629,23,23,23,adipose_tissue|adrenal_gland|amygdala|aorta|artery|astrocyte|basal_ganglion|basophil|blood|blood_plasma|blood_platelet|bone|brain|colon|eye|forebrain|gastrointestinal_tract|heart|kidney|large_intestine|liver|lung|midbrain,19,2,2,17.0,19.0,21,4,391,0,1,58,0
2634,20,20,20,adipose_tissue|adrenal_gland|aorta|artery|astrocyte|basophil|blood|blood_plasma|blood_platelet|bone|brain|colon|eye|forebrain|gastrointestinal_tract|heart|kidney|large_intestine|liver|lung,17,2,1,11.05,11.5,15,3,221,0,1,0,1
2645,23,23,23,adipose_tissue|adrenal_cortex|adrenal_gland|amygdala|aorta|artery|astrocyte|basal_ganglion|blood|blood_plasma|blood_platelet|bone|brain|colon|eye|forebrain|gastrointestinal_tract|heart|kidney|large_intestine|liver|lung|midbrain,19,2,2,2.652173913043478,2.0,4,1,61,2,1,38,0
2646,1,1,1,liver,1,0,0,5.0,5.0,5,5,5,0,1,40,0
2648,23,23,23,adipose_tissue|adrenal_cortex|adrenal_gland|amygdala|aorta|artery|astrocyte|basal_ganglion|blood|blood_plasma|blood_platelet|bone|brain|colon|eye|forebrain|gastrointestinal_tract|heart|kidney|large_intestine|liver|lung|midbrain,19,2,2,79.0,83.0,95,39,1817,0,1,45,0
2658,1,1,1,liver,1,0,0,2.0,2.0,2,2,2,0,1,75,0
2668,4,4,4,brain|forebrain|kidney|lung,2,1,1,5.5,6.0,6,4,22,2,1,53,0
2669,2,2,2,blood|lung,1,0,1,29.0,29.0,29,29,58,4,1,25,0
2670,2,2,2,brain|forebrain,2,0,0,44.5,44.5,50,39,89,1,1,17,0
2683,24,24,24,adipose_tissue|adrenal_cortex|adrenal_gland|amygdala|aorta|artery|astrocyte|basal_ganglion|basophil|blood|blood_plasma|blood_platelet|bone|brain|colon|eye|forebrain|gastrointestinal_tract|heart|kidney|large_intestine|liver|lung|midbrain,20,2,2,8.666666666666666,9.5,12,4,208,0,1,37,0
2688,2,2,2,blood|brain,2,0,0,43.0,43.0,44,42,86,0,1,40,0
2690,7,7,7,adipose_tissue|blood|blood_plasma|bone|kidney|liver|lung,5,1,1,35.42857142857143,37.0,43,26,248,1,1,55,0
2692,1,1,1,kidney,0,1,0,1.0,1.0,1,1,1,0,1,41,0
2697,2,2,2,blood|heart,1,1,0,25.0,25.0,25,25,50,1,1,40,0
2702,23,23,23,adipose_tissue|adrenal_cortex|adrenal_gland|amygdala|aorta|artery|astrocyte|basal_ganglion|blood|blood_plasma|blood_platelet|bone|brain|colon|eye|forebrain|gastrointestinal_tract|heart|kidney|large_intestine|liver|lung|midbrain,19,2,2,1.0869565217391304,1.0,2,1,25,1,1,22,0
2729,23,23,23,adipose_tissue|adrenal_cortex|adrenal_gland|amygdala|aorta|artery|astrocyte|basal_ganglion|blood|blood_plasma|blood_platelet|bone|brain|colon|eye|forebrain|gastrointestinal_tract|heart|kidney|large_intestine|liver|lung|midbrain,19,2,2,3.0434782608695654,3.0,4,1,70,0,1,43,0
2730,21,21,21,adipose_tissue|adrenal_cortex|adrenal_gland|amygdala|artery|astrocyte|basal_ganglion|blood|blood_plasma|blood_platelet|brain|colon|eye|forebrain|gastrointestinal_tract|heart|kidney|large_intestine|liver|lung|midbrain,17,2,2,9.19047619047619,9.0,12,5,193,0,1,16,0
2734,23,23,23,adrenal_cortex|adrenal_gland|amygdala|aorta|artery|astrocyte|basal_ganglion|basophil|blood|blood_plasma|blood_platelet|bone|brain|colon|eye|forebrain|gastrointestinal_tract|heart|kidney|large_intestine|liver|lung|midbrain,19,2,2,14.26086956521739,15.0,17,7,328,1,1,14,0
2735,1,1,1,brain,1,0,0,38.0,38.0,38,38,38,4,1,63,0
2736,24,24,24,adipose_tissue|adrenal_cortex|adrenal_gland|amygdala|aorta|artery|astrocyte|basal_ganglion|basophil|blood|blood_plasma|blood_platelet|bone|brain|colon|eye|forebrain|gastrointestinal_tract|heart|kidney|large_intestine|liver|lung|midbrain,20,2,2,6.291666666666667,7.0,10,1,151,0,1,51,0
2737,4,4,4,colon|gastrointestinal_tract|large_intestine|lung,3,0,1,18.0,18.0,18,18,72,0,1,63,0
2739,20,20,20,adipose_tissue|adrenal_gland|amygdala|aorta|artery|basal_ganglion|blood|blood_plasma|blood_platelet|brain|colon|eye|forebrain|gastrointestinal_tract|heart|kidney|large_intestine|liver|lung|midbrain,16,2,2,11.5,11.0,15,8,230,1,1,22,0
2740,5,5,5,brain|gastrointestinal_tract|heart|kidney|lung,2,2,1,11.2,11.0,12,11,56,1,1,9,0
2742,1,1,1,brain,1,0,0,8.0,8.0,8,8,8,0,1,21,0
2744,23,23,23,adipose_tissue|adrenal_cortex|adrenal_gland|amygdala|aorta|artery|astrocyte|basal_ganglion|blood|blood_plasma|blood_platelet|bone|brain|colon|eye|forebrain|gastrointestinal_tract|heart|kidney|large_intestine|liver|lung|midbrain,19,2,2,6.521739130434782,7.0,9,4,150,1,1,23,0
2746,19,19,19,adipose_tissue|adrenal_gland|amygdala|astrocyte|basal_ganglion|blood|blood_plasma|bone|brain|colon|eye|forebrain|gastrointestinal_tract|heart|kidney|large_intestine|liver|lung|midbrain,15,2,2,15.473684210526315,15.0,19,12,294,0,1,35,0
2747,19,19,19,adipose_tissue|adrenal_gland|amygdala|astrocyte|basal_ganglion|blood|blood_plasma|bone|brain|colon|eye|forebrain|gastrointestinal_tract|heart|kidney|large_intestine|liver|lung|midbrain,15,2,2,7.684210526315789,8.0,9,5,146,0,1,23,0
2752,17,17,17,adipose_tissue|adrenal_gland|amygdala|basal_ganglion|blood|blood_plasma|brain|colon|eye|forebrain|gastrointestinal_tract|heart|kidney|large_intestine|liver|lung|midbrain,13,2,2,16.235294117647058,17.0,19,12,276,0,1,18,0
2760,18,18,18,adipose_tissue|adrenal_cortex|adrenal_gland|amygdala|basal_ganglion|blood|blood_plasma|blood_platelet|brain|colon|forebrain|gastrointestinal_tract|heart|kidney|large_intestine|liver|lung|midbrain,14,2,2,2.8333333333333335,3.0,4,1,51,1,1,8,0
2767,22,22,22,adipose_tissue|adrenal_cortex|adrenal_gland|amygdala|astrocyte|basal_ganglion|basophil|blood|blood_plasma|blood_platelet|bone|brain|colon|eye|forebrain|gastrointestinal_tract|heart|kidney|large_intestine|liver|lung|midbrain,18,2,2,13.636363636363637,13.5,21,9,300,2,1,20,0
2768,22,22,22,adrenal_cortex|adrenal_gland|amygdala|aorta|artery|astrocyte|basal_ganglion|blood|blood_plasma|blood_platelet|bone|brain|colon|eye|forebrain|gastrointestinal_tract|heart|kidney|large_intestine|liver|lung|midbrain,18,2,2,18.954545454545453,19.5,24,14,417,0,1,16,0
2769,1,1,1,blood,1,0,0,16.0,16.0,16,16,16,1,1,7,0
2771,23,23,23,adipose_tissue|adrenal_cortex|adrenal_gland|amygdala|aorta|artery|basal_ganglion|basophil|blood|blood_plasma|blood_platelet|bone|brain|colon|eye|forebrain|gastrointestinal_tract|heart|kidney|large_intestine|liver|lung|midbrain,19,2,2,52.17391304347826,53.0,77,18,1200,1,1,24,0
2775,2,2,2,heart|kidney,0,2,0,14.5,14.5,16,13,29,0,1,0,1
2776,24,24,24,adipose_tissue|adrenal_cortex|adrenal_gland|amygdala|aorta|artery|astrocyte|basal_ganglion|basophil|blood|blood_plasma|blood_platelet|bone|brain|colon|eye|forebrain|gastrointestinal_tract|heart|kidney|large_intestine|liver|lung|midbrain,20,2,2,20.875,21.0,31,11,501,1,1,36,0
2778,24,24,24,adipose_tissue|adrenal_cortex|adrenal_gland|amygdala|aorta|artery|astrocyte|basal_ganglion|basophil|blood|blood_plasma|blood_platelet|bone|brain|colon|eye|forebrain|gastrointestinal_tract|heart|kidney|large_intestine|liver|lung|midbrain,20,2,2,25.791666666666668,26.0,37,12,619,4,1,20,0
2780,1,1,1,lung,0,0,1,4.0,4.0,4,4,4,0,1,8,0
2782,24,24,24,adipose_tissue|adrenal_cortex|adrenal_gland|amygdala|aorta|artery|astrocyte|basal_ganglion|basophil|blood|blood_plasma|blood_platelet|bone|brain|colon|eye|forebrain|gastrointestinal_tract|heart|kidney|large_intestine|liver|lung|midbrain,20,2,2,29.041666666666668,29.0,43,11,697,2,1,30,0
2793,1,1,1,eye,1,0,0,2.0,2.0,2,2,2,2,1,8,0
2803,3,3,3,brain|heart|kidney,1,2,0,14.333333333333334,14.0,15,14,43,0,1,37,0
2805,20,20,20,adipose_tissue|adrenal_cortex|adrenal_gland|amygdala|astrocyte|basal_ganglion|blood|blood_plasma|bone|brain|colon|eye|forebrain|gastrointestinal_tract|heart|kidney|large_intestine|liver|lung|midbrain,16,2,2,19.1,20.0,23,9,382,0,1,30,0
2806,19,19,19,adipose_tissue|adrenal_cortex|adrenal_gland|basal_ganglion|blood|blood_plasma|blood_platelet|bone|brain|colon|eye|forebrain|gastrointestinal_tract|heart|kidney|large_intestine|liver|lung|midbrain,15,2,2,6.7368421052631575,7.0,9,4,128,0,1,41,0
2810,3,3,3,blood|blood_plasma|eye,3,0,0,86.0,79.0,103,76,258,1,1,44,0
2811,3,3,3,blood|blood_plasma|blood_platelet,3,0,0,16.666666666666668,18.0,20,12,50,0,1,19,0
2819,1,1,1,liver,1,0,0,1.0,1.0,1,1,1,0,1,8,0
2820,8,8,8,basal_ganglion|blood|blood_plasma|brain|eye|forebrain|kidney|liver,7,1,0,4.75,4.5,7,3,38,0,1,0,1
2822,3,3,3,blood|blood_plasma|liver,3,0,0,7.0,7.0,7,7,21,1,1,72,0
2826,8,8,8,adrenal_gland|blood|brain|colon|forebrain|gastrointestinal_tract|heart|large_intestine,7,1,0,4.875,4.0,8,3,39,1,1,2,0
2829,1,1,1,blood,1,0,0,3.0,3.0,3,3,3,1,1,0,1
2864,13,13,13,adipose_tissue|amygdala|basal_ganglion|blood|bone|brain|forebrain|gastrointestinal_tract|heart|kidney|liver|lung|midbrain,9,2,2,1.0,1.0,1,1,13,1,1,13,0
2874,23,23,23,adipose_tissue|adrenal_cortex|adrenal_gland|amygdala|aorta|artery|basal_ganglion|basophil|blood|blood_plasma|blood_platelet|bone|brain|colon|eye|forebrain|gastrointestinal_tract|heart|kidney|large_intestine|liver|lung|midbrain,19,2,2,29.217391304347824,30.0,36,10,672,1,1,35,0
2876,7,7,7,blood|colon|gastrointestinal_tract|heart|kidney|large_intestine|liver,5,2,0,11.0,11.0,12,10,77,2,1,55,0
2878,7,7,7,blood|blood_plasma|eye|heart|kidney|liver|lung,4,2,1,9.857142857142858,10.0,10,9,69,0,1,16,0
2885,23,23,23,adipose_tissue|adrenal_cortex|adrenal_gland|amygdala|aorta|artery|basal_ganglion|basophil|blood|blood_plasma|blood_platelet|bone|brain|colon|eye|forebrain|gastrointestinal_tract|heart|kidney|large_intestine|liver|lung|midbrain,19,2,2,304.5217391304348,312.0,422,99,7004,1,1,60,0
2887,23,23,23,adipose_tissue|adrenal_cortex|adrenal_gland|amygdala|aorta|artery|astrocyte|basal_ganglion|blood|blood_plasma|blood_platelet|bone|brain|colon|eye|forebrain|gastrointestinal_tract|heart|kidney|large_intestine|liver|lung|midbrain,19,2,2,30.26086956521739,30.0,41,22,696,0,1,17,0
2889,22,22,22,adipose_tissue|adrenal_gland|amygdala|aorta|artery|basal_ganglion|basophil|blood|blood_plasma|blood_platelet|bone|brain|colon|eye|forebrain|gastrointestinal_tract|heart|kidney|large_intestine|liver|lung|midbrain,18,2,2,20.818181818181817,20.5,25,12,458,1,1,28,0
2890,1,1,1,brain,1,0,0,34.0,34.0,34,34,34,0,1,17,0
2891,2,2,2,brain|forebrain,2,0,0,15.0,15.0,18,12,30,0,1,11,0
2895,1,1,1,brain,1,0,0,7.0,7.0,7,7,7,2,1,23,0
2896,23,23,23,adipose_tissue|adrenal_cortex|adrenal_gland|amygdala|aorta|artery|basal_ganglion|basophil|blood|blood_plasma|blood_platelet|bone|brain|colon|eye|forebrain|gastrointestinal_tract|heart|kidney|large_intestine|liver|lung|midbrain,19,2,2,19.217391304347824,19.0,26,6,442,1,1,19,0
2898,23,23,23,adipose_tissue|adrenal_cortex|adrenal_gland|amygdala|aorta|artery|astrocyte|basal_ganglion|blood|blood_plasma|blood_platelet|bone|brain|colon|eye|forebrain|gastrointestinal_tract|heart|kidney|large_intestine|liver|lung|midbrain,19,2,2,10.826086956521738,11.0,15,8,249,0,1,10,0
2899,1,1,1,brain,1,0,0,3.0,3.0,3,3,3,1,1,17,0
2902,3,3,3,basal_ganglion|brain|forebrain,3,0,0,34.0,32.0,45,25,102,1,1,68,0
2903,2,2,2,brain|forebrain,2,0,0,24.5,24.5,26,23,49,2,1,10,0
2904,2,2,2,brain|forebrain,2,0,0,31.0,31.0,35,27,62,2,1,10,0
2905,2,2,2,brain|forebrain,2,0,0,1.5,1.5,2,1,3,0,1,0,1
2906,4,4,4,blood|brain|forebrain|kidney,3,1,0,18.0,17.0,21,17,72,1,1,0,1
2908,23,23,23,adipose_tissue|adrenal_cortex|adrenal_gland|amygdala|aorta|artery|astrocyte|basal_ganglion|blood|blood_plasma|blood_platelet|bone|brain|colon|eye|forebrain|gastrointestinal_tract|heart|kidney|large_intestine|liver|lung|midbrain,19,2,2,104.73913043478261,107.0,128,59,2409,2,1,53,0
2909,9,9,9,amygdala|basal_ganglion|brain|forebrain|heart|kidney|liver|lung|midbrain,5,2,2,11.0,11.0,12,10,99,1,1,44,0
2912,1,1,1,brain,1,0,0,8.0,8.0,8,8,8,1,1,0,1
2914,24,24,24,adipose_tissue|adrenal_cortex|adrenal_gland|amygdala|aorta|artery|astrocyte|basal_ganglion|basophil|blood|blood_plasma|blood_platelet|bone|brain|colon|eye|forebrain|gastrointestinal_tract|heart|kidney|large_intestine|liver|lung|midbrain,20,2,2,4.916666666666667,5.0,6,4,118,1,1,32,0
2915,4,4,4,basal_ganglion|brain|forebrain|kidney,3,1,0,13.75,13.5,15,13,55,0,1,16,0
2917,4,4,4,adrenal_gland|brain|eye|forebrain,4,0,0,7.75,8.0,8,7,31,2,1,31,0
2918,1,1,1,eye,1,0,0,3.0,3.0,3,3,3,0,1,17,0
2919,5,5,5,blood|blood_plasma|eye|heart|lung,3,1,1,6.8,7.0,8,5,34,0,1,0,1
2920,8,8,8,aorta|artery|astrocyte|blood|brain|eye|heart|liver,7,1,0,7.375,8.0,9,5,59,0,1,3,0
2921,4,4,4,astrocyte|blood|brain|gastrointestinal_tract,4,0,0,1.0,1.0,1,1,4,0,1,9,0
2922,1,1,1,lung,0,0,1,2.0,2.0,2,2,2,1,1,10,0
2926,17,17,17,adrenal_cortex|adrenal_gland|amygdala|basal_ganglion|blood|bone|brain|colon|eye|forebrain|gastrointestinal_tract|heart|kidney|large_intestine|liver|lung|midbrain,13,2,2,12.647058823529411,13.0,16,5,215,0,1,20,0
2931,23,23,23,adipose_tissue|adrenal_cortex|adrenal_gland|amygdala|aorta|artery|astrocyte|basal_ganglion|blood|blood_plasma|blood_platelet|bone|brain|colon|eye|forebrain|gastrointestinal_tract|heart|kidney|large_intestine|liver|lung|midbrain,19,2,2,39.30434782608695,40.0,47,28,904,1,1,59,0
2932,23,23,23,adipose_tissue|adrenal_cortex|adrenal_gland|amygdala|aorta|artery|astrocyte|basal_ganglion|blood|blood_plasma|blood_platelet|bone|brain|colon|eye|forebrain|gastrointestinal_tract|heart|kidney|large_intestine|liver|lung|midbrain,19,2,2,139.65217391304347,140.0,175,84,3212,2,1,66,0
2934,20,20,20,adipose_tissue|adrenal_gland|amygdala|aorta|artery|basal_ganglion|blood|blood_plasma|blood_platelet|brain|colon|eye|forebrain|gastrointestinal_tract|heart|kidney|large_intestine|liver|lung|midbrain,16,2,2,34.35,34.5,40,27,687,1,1,70,0
2935,11,11,11,blood|blood_plasma|blood_platelet|brain|colon|gastrointestinal_tract|heart|kidney|large_intestine|liver|lung,8,2,1,22.90909090909091,24.0,26,17,252,3,1,20,0
2938,5,5,5,blood|blood_plasma|kidney|liver|lung,3,1,1,9.0,9.0,9,9,45,0,1,24,0
2941,13,13,13,adipose_tissue|adrenal_gland|blood|blood_plasma|blood_platelet|brain|colon|gastrointestinal_tract|heart|kidney|large_intestine|liver|lung,10,2,1,6.076923076923077,6.0,7,5,79,0,1,10,0
2946,13,13,13,adipose_tissue|adrenal_gland|blood|blood_plasma|blood_platelet|brain|colon|gastrointestinal_tract|heart|kidney|large_intestine|liver|lung,10,2,1,5.6923076923076925,6.0,6,5,74,0,1,48,0
2947,15,15,15,adipose_tissue|basal_ganglion|blood|blood_plasma|bone|brain|colon|eye|forebrain|gastrointestinal_tract|heart|kidney|large_intestine|liver|lung,12,2,1,14.933333333333334,16.0,19,10,224,0,1,32,0
2948,12,12,12,adipose_tissue|adrenal_gland|blood|blood_plasma|blood_platelet|brain|colon|gastrointestinal_tract|kidney|large_intestine|liver|lung,10,1,1,6.833333333333333,7.0,8,5,82,0,1,15,0
2950,24,24,24,adipose_tissue|adrenal_cortex|adrenal_gland|amygdala|aorta|artery|astrocyte|basal_ganglion|basophil|blood|blood_plasma|blood_platelet|bone|brain|colon|eye|forebrain|gastrointestinal_tract|heart|kidney|large_intestine|liver|lung|midbrain,20,2,2,24.166666666666668,24.5,30,15,580,2,1,63,0
2952,5,5,5,colon|gastrointestinal_tract|large_intestine|liver|lung,4,0,1,2.0,2.0,2,2,10,1,1,21,0
2954,9,9,9,blood|blood_plasma|colon|gastrointestinal_tract|heart|kidney|large_intestine|liver|lung,6,2,1,10.0,10.0,10,10,90,0,1,18,0
2956,24,24,24,adipose_tissue|adrenal_cortex|adrenal_gland|amygdala|aorta|artery|astrocyte|basal_ganglion|basophil|blood|blood_plasma|blood_platelet|bone|brain|colon|eye|forebrain|gastrointestinal_tract|heart|kidney|large_intestine|liver|lung|midbrain,20,2,2,39.291666666666664,41.0,54,13,943,0,1,56,0
2958,7,7,7,blood|brain|gastrointestinal_tract|heart|kidney|liver|lung,4,2,1,15.428571428571429,15.0,17,15,108,1,1,55,0
2962,20,20,20,adipose_tissue|amygdala|aorta|artery|astrocyte|basal_ganglion|blood|blood_plasma|blood_platelet|brain|colon|eye|forebrain|gastrointestinal_tract|heart|kidney|large_intestine|liver|lung|midbrain,16,2,2,42.2,44.0,54,20,844,2,1,17,0
2965,16,16,16,amygdala|basal_ganglion|blood|blood_plasma|blood_platelet|brain|colon|eye|forebrain|gastrointestinal_tract|heart|kidney|large_intestine|liver|lung|midbrain,12,2,2,37.5,39.0,42,29,600,1,1,50,0
2966,5,5,5,brain|heart|kidney|liver|lung,2,2,1,11.8,12.0,12,11,59,0,1,27,0
2967,16,16,16,amygdala|basal_ganglion|blood|blood_plasma|blood_platelet|brain|colon|eye|forebrain|gastrointestinal_tract|heart|kidney|large_intestine|liver|lung|midbrain,12,2,2,15.125,15.5,17,11,242,1,1,20,0
2969,24,24,24,adipose_tissue|adrenal_cortex|adrenal_gland|amygdala|aorta|artery|astrocyte|basal_ganglion|basophil|blood|blood_plasma|blood_platelet|bone|brain|colon|eye|forebrain|gastrointestinal_tract|heart|kidney|large_intestine|liver|lung|midbrain,20,2,2,63.791666666666664,67.0,80,22,1531,1,1,19,0
2978,1,1,1,eye,1,0,0,1.0,1.0,1,1,1,1,1,30,0
2979,1,1,1,eye,1,0,0,1.0,1.0,1,1,1,1,1,0,1
2984,4,4,4,colon|gastrointestinal_tract|kidney|large_intestine,3,1,0,5.5,5.5,6,5,22,1,1,0,1
2997,15,15,15,adipose_tissue|adrenal_cortex|adrenal_gland|blood|blood_plasma|bone|brain|colon|eye|gastrointestinal_tract|heart|kidney|large_intestine|liver|lung,12,2,1,15.866666666666667,16.0,21,10,238,1,1,16,0
2998,1,1,1,liver,1,0,0,2.0,2.0,2,2,2,1,1,27,0
3001,1,1,1,blood,1,0,0,16.0,16.0,16,16,16,0,1,27,0
3002,1,1,1,blood,1,0,0,22.0,22.0,22,22,22,1,1,15,0
3008,4,4,4,bone|colon|gastrointestinal_tract|large_intestine,4,0,0,27.75,32.0,33,14,111,0,1,24,0
3014,14,14,14,amygdala|basal_ganglion|blood|bone|brain|colon|forebrain|gastrointestinal_tract|heart|kidney|large_intestine|liver|lung|midbrain,10,2,2,123.42857142857143,128.5,139,80,1728,0,1,24,0
3029,9,9,9,blood|blood_plasma|colon|gastrointestinal_tract|heart|kidney|large_intestine|liver|lung,6,2,1,11.444444444444445,11.0,13,10,103,1,1,17,0
3030,7,7,7,adipose_tissue|blood|brain|gastrointestinal_tract|heart|kidney|liver,5,2,0,34.714285714285715,37.0,39,20,243,0,1,12,0
3039,23,23,23,adipose_tissue|adrenal_cortex|adrenal_gland|amygdala|aorta|artery|astrocyte|basal_ganglion|blood|blood_plasma|blood_platelet|bone|brain|colon|eye|forebrain|gastrointestinal_tract|heart|kidney|large_intestine|liver|lung|midbrain,19,2,2,11.608695652173912,12.0,17,6,267,1,1,34,0
3040,23,23,23,adipose_tissue|adrenal_cortex|adrenal_gland|amygdala|aorta|artery|astrocyte|basal_ganglion|blood|blood_plasma|blood_platelet|bone|brain|colon|eye|forebrain|gastrointestinal_tract|heart|kidney|large_intestine|liver|lung|midbrain,19,2,2,11.304347826086957,11.0,20,6,260,1,1,34,0
3043,3,3,3,blood|blood_plasma|lung,2,0,1,19.666666666666668,23.0,24,12,59,1,1,34,0
3050,1,1,1,blood,1,0,0,12.0,12.0,12,12,12,1,1,8,0
3054,11,11,11,blood|blood_plasma|bone|brain|colon|gastrointestinal_tract|heart|kidney|large_intestine|liver|lung,8,2,1,61.90909090909091,64.0,66,49,681,0,1,70,0
3055,3,3,3,blood|kidney|lung,1,1,1,60.666666666666664,58.0,67,57,182,0,1,53,0
3059,2,2,2,blood|lung,1,0,1,15.0,15.0,16,14,30,1,1,67,0
3064,23,23,23,adipose_tissue|adrenal_cortex|adrenal_gland|amygdala|aorta|artery|astrocyte|basal_ganglion|blood|blood_plasma|blood_platelet|bone|brain|colon|eye|forebrain|gastrointestinal_tract|heart|kidney|large_intestine|liver|lung|midbrain,19,2,2,75.91304347826087,78.0,91,41,1746,0,1,59,0
3065,23,23,23,adipose_tissue|adrenal_cortex|adrenal_gland|amygdala|aorta|artery|astrocyte|basal_ganglion|blood|blood_plasma|blood_platelet|bone|brain|colon|eye|forebrain|gastrointestinal_tract|heart|kidney|large_intestine|liver|lung|midbrain,19,2,2,230.08695652173913,242.0,286,120,5292,0,1,85,0
3066,23,23,23,adipose_tissue|adrenal_cortex|adrenal_gland|amygdala|aorta|artery|astrocyte|basal_ganglion|blood|blood_plasma|blood_platelet|bone|brain|colon|eye|forebrain|gastrointestinal_tract|heart|kidney|large_intestine|liver|lung|midbrain,19,2,2,150.56521739130434,158.0,188,76,3463,0,1,86,0
3070,3,3,3,colon|gastrointestinal_tract|large_intestine,3,0,0,15.0,15.0,15,15,45,1,1,49,0
3071,1,1,1,blood,1,0,0,5.0,5.0,5,5,5,2,1,58,0
3073,23,23,23,adipose_tissue|adrenal_cortex|adrenal_gland|amygdala|aorta|artery|astrocyte|basal_ganglion|blood|blood_plasma|blood_platelet|bone|brain|colon|eye|forebrain|gastrointestinal_tract|heart|kidney|large_intestine|liver|lung|midbrain,19,2,2,10.869565217391305,12.0,15,3,250,0,1,26,0
3074,21,21,21,adipose_tissue|adrenal_cortex|adrenal_gland|amygdala|artery|basal_ganglion|blood|blood_plasma|blood_platelet|bone|brain|colon|eye|forebrain|gastrointestinal_tract|heart|kidney|large_intestine|liver|lung|midbrain,17,2,2,11.666666666666666,12.0,13,7,245,0,1,19,0
3075,5,5,5,blood|blood_plasma|eye|liver|lung,4,0,1,8.6,8.0,10,8,43,0,1,11,0
3082,10,10,10,aorta|artery|blood|blood_plasma|brain|eye|forebrain|kidney|liver|lung,8,1,1,6.6,7.0,8,5,66,2,1,52,0
3084,10,10,10,amygdala|basal_ganglion|brain|forebrain|gastrointestinal_tract|heart|kidney|liver|lung|midbrain,6,2,2,21.2,22.0,23,17,212,2,1,50,0
3087,3,3,3,blood|bone|liver,3,0,0,9.333333333333334,10.0,10,8,28,1,1,76,0
3091,24,24,24,adipose_tissue|adrenal_cortex|adrenal_gland|amygdala|aorta|artery|astrocyte|basal_ganglion|basophil|blood|blood_plasma|blood_platelet|bone|brain|colon|eye|forebrain|gastrointestinal_tract|heart|kidney|large_intestine|liver|lung|midbrain,20,2,2,83.54166666666667,88.5,101,31,2005,1,1,87,0
3092,22,22,22,adipose_tissue|adrenal_cortex|adrenal_gland|amygdala|aorta|artery|astrocyte|basal_ganglion|blood|blood_plasma|blood_platelet|brain|colon|eye|forebrain|gastrointestinal_tract|heart|kidney|large_intestine|liver|lung|midbrain,18,2,2,13.545454545454545,13.5,18,7,298,1,1,44,0
3093,19,19,19,adrenal_gland|amygdala|aorta|artery|basal_ganglion|blood|blood_plasma|bone|brain|colon|eye|forebrain|gastrointestinal_tract|heart|kidney|large_intestine|liver|lung|midbrain,15,2,2,50.421052631578945,50.0,56,41,958,2,1,50,0
3099,21,21,21,adipose_tissue|adrenal_gland|amygdala|aorta|artery|astrocyte|basal_ganglion|blood|blood_plasma|blood_platelet|brain|colon|eye|forebrain|gastrointestinal_tract|heart|kidney|large_intestine|liver|lung|midbrain,17,2,2,13.523809523809524,14.0,18,6,284,0,1,31,0
3108,22,22,22,adipose_tissue|adrenal_gland|amygdala|aorta|artery|basal_ganglion|basophil|blood|blood_plasma|blood_platelet|bone|brain|colon|eye|forebrain|gastrointestinal_tract|heart|kidney|large_intestine|liver|lung|midbrain,18,2,2,2.727272727272727,3.0,4,2,60,1,1,21,0
3110,1,1,1,blood,1,0,0,1.0,1.0,1,1,1,0,1,14,0
3111,1,1,1,blood,1,0,0,2.0,2.0,2,2,2,1,1,12,0
3113,2,2,2,blood|kidney,1,1,0,25.5,25.5,26,25,51,1,1,18,0
3119,1,1,1,blood,1,0,0,1.0,1.0,1,1,1,1,1,10,0
3141,17,17,17,adrenal_gland|amygdala|basal_ganglion|blood|blood_plasma|blood_platelet|bone|brain|colon|forebrain|gastrointestinal_tract|heart|kidney|large_intestine|liver|lung|midbrain,13,2,2,3.5294117647058822,4.0,4,3,60,1,1,37,0
3142,14,14,14,adipose_tissue|aorta|artery|blood|blood_plasma|brain|colon|eye|gastrointestinal_tract|heart|kidney|large_intestine|liver|lung,11,2,1,1.5714285714285714,2.0,2,1,22,1,1,5,0
3146,17,17,17,adrenal_gland|aorta|artery|basophil|blood|blood_plasma|blood_platelet|brain|colon|eye|forebrain|gastrointestinal_tract|heart|kidney|large_intestine|liver|lung,14,2,1,45.94117647058823,49.0,60,15,781,1,1,94,0
3148,24,24,24,adipose_tissue|adrenal_cortex|adrenal_gland|amygdala|aorta|artery|astrocyte|basal_ganglion|basophil|blood|blood_plasma|blood_platelet|bone|brain|colon|eye|forebrain|gastrointestinal_tract|heart|kidney|large_intestine|liver|lung|midbrain,20,2,2,19.666666666666668,20.0,28,7,472,0,1,85,0
3156,17,17,17,adrenal_gland|amygdala|astrocyte|basal_ganglion|blood|blood_plasma|brain|colon|eye|forebrain|gastrointestinal_tract|heart|kidney|large_intestine|liver|lung|midbrain,13,2,2,14.058823529411764,15.0,16,5,239,0,1,27,0
3162,6,6,6,artery|blood|brain|forebrain|kidney|lung,4,1,1,12.0,12.5,15,8,72,0,1,62,0
3163,22,22,22,adipose_tissue|adrenal_cortex|adrenal_gland|amygdala|aorta|artery|astrocyte|basal_ganglion|blood|blood_plasma|blood_platelet|brain|colon|eye|forebrain|gastrointestinal_tract|heart|kidney|large_intestine|liver|lung|midbrain,18,2,2,16.818181818181817,17.5,22,9,370,1,1,9,0
3164,6,6,6,basal_ganglion|brain|forebrain|heart|liver|midbrain,4,1,1,63.5,63.5,68,59,381,3,1,60,0
3170,1,1,1,liver,1,0,0,8.0,8.0,8,8,8,1,1,67,0
3171,18,18,18,adipose_tissue|adrenal_gland|amygdala|basal_ganglion|blood|blood_plasma|bone|brain|colon|eye|forebrain|gastrointestinal_tract|heart|kidney|large_intestine|liver|lung|midbrain,14,2,2,20.833333333333332,22.5,26,11,375,1,1,36,0
3172,5,5,5,colon|gastrointestinal_tract|kidney|large_intestine|liver,4,1,0,55.6,56.0,63,50,278,0,1,64,0
3175,1,1,1,liver,1,0,0,5.0,5.0,5,5,5,1,1,32,0
3178,15,15,15,adrenal_gland|amygdala|aorta|artery|basal_ganglion|blood|brain|colon|forebrain|gastrointestinal_tract|heart|kidney|large_intestine|liver|lung,12,2,1,208.53333333333333,218.0,244,146,3128,1,1,61,0
3182,20,20,20,adrenal_gland|amygdala|artery|astrocyte|basal_ganglion|blood|blood_plasma|blood_platelet|bone|brain|colon|eye|forebrain|gastrointestinal_tract|heart|kidney|large_intestine|liver|lung|midbrain,16,2,2,34.9,38.0,45,14,698,0,1,60,0
3185,15,15,15,adrenal_gland|amygdala|aorta|artery|basal_ganglion|blood|brain|colon|forebrain|gastrointestinal_tract|heart|kidney|large_intestine|liver|lung,12,2,1,108.06666666666666,115.0,129,66,1621,0,1,29,0
3187,15,15,15,adrenal_gland|amygdala|aorta|artery|basal_ganglion|blood|brain|colon|forebrain|gastrointestinal_tract|heart|kidney|large_intestine|liver|lung,12,2,1,129.8,136.0,155,83,1947,0,1,29,0
3190,7,7,7,adipose_tissue|blood|blood_plasma|blood_platelet|kidney|liver|lung,5,1,1,116.85714285714286,134.0,149,67,818,0,1,60,0
3192,4,4,4,brain|forebrain|kidney|lung,2,1,1,200.25,203.0,216,179,801,0,1,52,0
3202,24,24,24,adipose_tissue|adrenal_cortex|adrenal_gland|amygdala|aorta|artery|astrocyte|basal_ganglion|basophil|blood|blood_plasma|blood_platelet|bone|brain|colon|eye|forebrain|gastrointestinal_tract|heart|kidney|large_intestine|liver|lung|midbrain,20,2,2,9.916666666666666,10.0,14,5,238,2,1,49,0
3205,1,1,1,blood,1,0,0,13.0,13.0,13,13,13,1,1,19,0
3207,1,1,1,kidney,0,1,0,6.0,6.0,6,6,6,3,1,43,0
3211,1,1,1,brain,1,0,0,10.0,10.0,10,10,10,1,1,5,0
3212,3,3,3,blood|brain|lung,2,0,1,4.333333333333333,4.0,5,4,13,2,1,9,0
3213,2,2,2,blood|lung,1,0,1,3.0,3.0,3,3,6,3,1,4,0
3214,2,2,2,blood|brain,2,0,0,8.0,8.0,8,8,16,4,1,37,0
3215,2,2,2,blood|lung,1,0,1,29.5,29.5,30,29,59,2,1,0,1
3216,5,5,5,brain|colon|gastrointestinal_tract|large_intestine|lung,4,0,1,9.4,9.0,10,9,47,2,1,7,0
3217,2,2,2,blood|kidney,1,1,0,14.0,14.0,14,14,28,4,1,8,0
3218,4,4,4,blood|colon|gastrointestinal_tract|large_intestine,4,0,0,3.0,3.0,3,3,12,4,1,8,0
3219,2,2,2,blood|brain,2,0,0,20.5,20.5,23,18,41,3,1,20,0
3221,1,1,1,blood,1,0,0,15.0,15.0,15,15,15,7,1,8,0
3225,1,1,1,kidney,0,1,0,11.0,11.0,11,11,11,0,1,0,1
3226,1,1,1,kidney,0,1,0,4.0,4.0,4,4,4,5,1,7,0
3227,1,1,1,gastrointestinal_tract,1,0,0,9.0,9.0,9,9,9,1,1,44,0
3235,3,3,3,colon|gastrointestinal_tract|large_intestine,3,0,0,7.0,7.0,7,7,21,0,1,29,0
3236,1,1,1,kidney,0,1,0,5.0,5.0,5,5,5,1,1,0,1
3237,2,2,2,bone|kidney,1,1,0,1.5,1.5,2,1,3,0,1,11,0
3238,1,1,1,blood,1,0,0,4.0,4.0,4,4,4,0,1,0,1
3240,7,7,7,adipose_tissue|blood|blood_plasma|eye|gastrointestinal_tract|liver|lung,6,0,1,12.428571428571429,13.0,16,8,87,0,1,30,0
3251,23,23,23,adipose_tissue|adrenal_cortex|adrenal_gland|amygdala|aorta|artery|astrocyte|basal_ganglion|blood|blood_plasma|blood_platelet|bone|brain|colon|eye|forebrain|gastrointestinal_tract|heart|kidney|large_intestine|liver|lung|midbrain,19,2,2,15.434782608695652,15.0,20,11,355,0,1,42,0
3257,22,22,22,adipose_tissue|adrenal_cortex|adrenal_gland|amygdala|aorta|artery|basal_ganglion|blood|blood_plasma|blood_platelet|bone|brain|colon|eye|forebrain|gastrointestinal_tract|heart|kidney|large_intestine|liver|lung|midbrain,18,2,2,2.272727272727273,2.0,4,1,50,0,1,9,0
3265,24,24,24,adipose_tissue|adrenal_cortex|adrenal_gland|amygdala|aorta|artery|astrocyte|basal_ganglion|basophil|blood|blood_plasma|blood_platelet|bone|brain|colon|eye|forebrain|gastrointestinal_tract|heart|kidney|large_intestine|liver|lung|midbrain,20,2,2,48.125,49.0,63,25,1155,2,1,70,0
3267,15,15,15,adrenal_gland|basal_ganglion|blood|blood_plasma|blood_platelet|brain|colon|eye|forebrain|gastrointestinal_tract|heart|kidney|large_intestine|liver|lung,12,2,1,13.666666666666666,14.0,17,11,205,0,1,7,0
3273,5,5,5,blood|blood_plasma|blood_platelet|liver|lung,4,0,1,8.0,8.0,10,6,40,0,1,44,0
3275,23,23,23,adipose_tissue|adrenal_cortex|adrenal_gland|amygdala|aorta|artery|astrocyte|basal_ganglion|blood|blood_plasma|blood_platelet|bone|brain|colon|eye|forebrain|gastrointestinal_tract|heart|kidney|large_intestine|liver|lung|midbrain,19,2,2,17.565217391304348,18.0,23,11,404,1,1,82,0
3276,22,22,22,adipose_tissue|adrenal_cortex|adrenal_gland|amygdala|aorta|artery|basal_ganglion|blood|blood_plasma|blood_platelet|bone|brain|colon|eye|forebrain|gastrointestinal_tract|heart|kidney|large_intestine|liver|lung|midbrain,18,2,2,58.36363636363637,55.5,78,35,1284,1,1,73,0
3280,24,24,24,adipose_tissue|adrenal_cortex|adrenal_gland|amygdala|aorta|artery|astrocyte|basal_ganglion|basophil|blood|blood_plasma|blood_platelet|bone|brain|colon|eye|forebrain|gastrointestinal_tract|heart|kidney|large_intestine|liver|lung|midbrain,20,2,2,25.25,26.5,36,10,606,1,1,81,0
3294,7,7,7,blood|bone|colon|gastrointestinal_tract|large_intestine|liver|lung,6,0,1,5.428571428571429,5.0,8,2,38,0,1,5,0
3295,20,20,20,adipose_tissue|adrenal_cortex|adrenal_gland|amygdala|basal_ganglion|blood|blood_plasma|blood_platelet|bone|brain|colon|eye|forebrain|gastrointestinal_tract|heart|kidney|large_intestine|liver|lung|midbrain,16,2,2,26.1,26.5,33,18,522,0,1,29,0
3297,24,24,24,adipose_tissue|adrenal_cortex|adrenal_gland|amygdala|aorta|artery|astrocyte|basal_ganglion|basophil|blood|blood_plasma|blood_platelet|bone|brain|colon|eye|forebrain|gastrointestinal_tract|heart|kidney|large_intestine|liver|lung|midbrain,20,2,2,53.166666666666664,58.5,65,19,1276,1,1,62,0
3299,22,22,22,adipose_tissue|adrenal_cortex|adrenal_gland|amygdala|aorta|artery|basal_ganglion|blood|blood_plasma|blood_platelet|bone|brain|colon|eye|forebrain|gastrointestinal_tract|heart|kidney|large_intestine|liver|lung|midbrain,18,2,2,15.090909090909092,15.0,18,11,332,0,1,7,0
3300,20,20,20,adrenal_gland|amygdala|aorta|artery|basal_ganglion|blood|blood_plasma|blood_platelet|bone|brain|colon|eye|forebrain|gastrointestinal_tract|heart|kidney|large_intestine|liver|lung|midbrain,16,2,2,14.3,15.0,16,11,286,1,1,20,0
3301,14,14,14,adrenal_cortex|adrenal_gland|blood|blood_plasma|brain|colon|eye|forebrain|gastrointestinal_tract|heart|kidney|large_intestine|liver|lung,11,2,1,71.0,75.5,81,40,994,1,1,40,0
3303,11,11,11,blood|blood_plasma|brain|colon|eye|gastrointestinal_tract|heart|kidney|large_intestine|liver|lung,8,2,1,158.8181818181818,162.0,176,131,1747,1,1,85,0
3304,11,11,11,blood|blood_plasma|brain|colon|eye|gastrointestinal_tract|heart|kidney|large_intestine|liver|lung,8,2,1,45.54545454545455,45.0,49,37,501,1,1,80,0
3306,22,22,22,adipose_tissue|adrenal_cortex|adrenal_gland|amygdala|artery|astrocyte|basal_ganglion|blood|blood_plasma|blood_platelet|bone|brain|colon|eye|forebrain|gastrointestinal_tract|heart|kidney|large_intestine|liver|lung|midbrain,18,2,2,33.90909090909091,34.0,46,15,746,0,1,36,0
3308,16,16,16,adrenal_gland|amygdala|basal_ganglion|blood|blood_plasma|brain|colon|eye|forebrain|gastrointestinal_tract|heart|kidney|large_intestine|liver|lung|midbrain,12,2,2,166.4375,168.0,187,145,2663,1,1,25,0
3309,24,24,24,adipose_tissue|adrenal_cortex|adrenal_gland|amygdala|aorta|artery|astrocyte|basal_ganglion|basophil|blood|blood_plasma|blood_platelet|bone|brain|colon|eye|forebrain|gastrointestinal_tract|heart|kidney|large_intestine|liver|lung|midbrain,20,2,2,172.33333333333334,177.0,229,50,4136,0,1,44,0
3312,16,16,16,amygdala|basal_ganglion|blood|blood_plasma|blood_platelet|brain|colon|eye|forebrain|gastrointestinal_tract|heart|kidney|large_intestine|liver|lung|midbrain,12,2,2,235.375,244.5,271,171,3766,0,1,68,0
3313,12,12,12,blood|blood_plasma|bone|brain|colon|eye|gastrointestinal_tract|heart|kidney|large_intestine|liver|lung,9,2,1,117.25,123.5,129,85,1407,2,1,38,0
3315,24,24,24,adipose_tissue|adrenal_cortex|adrenal_gland|amygdala|aorta|artery|astrocyte|basal_ganglion|basophil|blood|blood_plasma|blood_platelet|bone|brain|colon|eye|forebrain|gastrointestinal_tract|heart|kidney|large_intestine|liver|lung|midbrain,20,2,2,124.04166666666667,130.0,170,36,2977,1,1,67,0
3320,17,17,17,adrenal_gland|amygdala|basal_ganglion|blood|blood_plasma|blood_platelet|brain|colon|eye|forebrain|gastrointestinal_tract|heart|kidney|large_intestine|liver|lung|midbrain,13,2,2,322.47058823529414,338.0,385,242,5482,1,1,66,0
3326,21,21,21,adipose_tissue|adrenal_gland|amygdala|aorta|artery|basal_ganglion|blood|blood_plasma|blood_platelet|bone|brain|colon|eye|forebrain|gastrointestinal_tract|heart|kidney|large_intestine|liver|lung|midbrain,17,2,2,185.95238095238096,187.0,228,128,3905,2,1,60,0
3329,23,23,23,adipose_tissue|adrenal_gland|amygdala|aorta|artery|astrocyte|basal_ganglion|basophil|blood|blood_plasma|blood_platelet|bone|brain|colon|eye|forebrain|gastrointestinal_tract|heart|kidney|large_intestine|liver|lung|midbrain,19,2,2,114.65217391304348,122.0,149,29,2637,1,1,72,0
3337,6,6,6,blood|blood_plasma|eye|gastrointestinal_tract|liver|lung,5,0,1,42.833333333333336,44.0,47,38,257,2,1,27,0
3339,6,6,6,blood|blood_plasma|colon|eye|gastrointestinal_tract|large_intestine,6,0,0,19.5,20.0,21,17,117,2,1,8,0
3340,22,22,22,adipose_tissue|adrenal_cortex|adrenal_gland|amygdala|aorta|artery|basal_ganglion|blood|blood_plasma|blood_platelet|bone|brain|colon|eye|forebrain|gastrointestinal_tract|heart|kidney|large_intestine|liver|lung|midbrain,18,2,2,1.6363636363636365,2.0,2,1,36,0,1,0,1
3351,1,1,1,brain,1,0,0,5.0,5.0,5,5,5,0,1,25,0
3354,1,1,1,brain,1,0,0,3.0,3.0,3,3,3,0,1,12,0
3356,6,6,6,blood|blood_plasma|blood_platelet|brain|forebrain|kidney,5,1,0,7.833333333333333,7.5,11,6,47,1,1,49,0
3357,24,24,24,adipose_tissue|adrenal_cortex|adrenal_gland|amygdala|aorta|artery|astrocyte|basal_ganglion|basophil|blood|blood_plasma|blood_platelet|bone|brain|colon|eye|forebrain|gastrointestinal_tract|heart|kidney|large_intestine|liver|lung|midbrain,20,2,2,3.5,3.0,6,2,84,1,1,72,0
3358,1,1,1,brain,1,0,0,8.0,8.0,8,8,8,3,1,59,0
3359,7,7,7,amygdala|basal_ganglion|brain|colon|forebrain|gastrointestinal_tract|large_intestine,7,0,0,1.0,1.0,1,1,7,0,1,8,0
3360,7,7,7,adrenal_gland|basal_ganglion|brain|forebrain|gastrointestinal_tract|heart|midbrain,5,1,1,9.0,9.0,10,8,63,1,1,6,0
3364,22,22,22,adipose_tissue|adrenal_cortex|adrenal_gland|amygdala|artery|astrocyte|basal_ganglion|blood|blood_plasma|blood_platelet|bone|brain|colon|eye|forebrain|gastrointestinal_tract|heart|kidney|large_intestine|liver|lung|midbrain,18,2,2,16.59090909090909,18.0,23,6,365,0,1,15,0
3371,2,2,2,brain|heart,1,1,0,5.0,5.0,6,4,10,0,1,14,0
3383,7,7,7,blood|blood_plasma|brain|eye|gastrointestinal_tract|kidney|lung,5,1,1,34.57142857142857,37.0,47,22,242,2,1,42,0
3394,2,2,2,blood|eye,2,0,0,13.0,13.0,13,13,26,0,1,7,0
3396,16,16,16,adrenal_gland|amygdala|basal_ganglion|blood|blood_plasma|brain|colon|eye|forebrain|gastrointestinal_tract|heart|kidney|large_intestine|liver|lung|midbrain,12,2,2,49.0,50.0,56,38,784,1,1,25,0
3397,24,24,24,adipose_tissue|adrenal_cortex|adrenal_gland|amygdala|aorta|artery|astrocyte|basal_ganglion|basophil|blood|blood_plasma|blood_platelet|bone|brain|colon|eye|forebrain|gastrointestinal_tract|heart|kidney|large_intestine|liver|lung|midbrain,20,2,2,15.833333333333334,16.0,23,5,380,5,1,37,0
3398,24,24,24,adipose_tissue|adrenal_cortex|adrenal_gland|amygdala|aorta|artery|astrocyte|basal_ganglion|basophil|blood|blood_plasma|blood_platelet|bone|brain|colon|eye|forebrain|gastrointestinal_tract|heart|kidney|large_intestine|liver|lung|midbrain,20,2,2,25.541666666666668,26.0,33,13,613,2,1,66,0
3399,22,22,22,adrenal_cortex|adrenal_gland|amygdala|aorta|artery|astrocyte|basal_ganglion|blood|blood_plasma|blood_platelet|bone|brain|colon|eye|forebrain|gastrointestinal_tract|heart|kidney|large_intestine|liver|lung|midbrain,18,2,2,16.5,17.0,21,11,363,3,1,36,0
3400,5,5,5,brain|heart|kidney|liver|lung,2,2,1,8.4,8.0,9,8,42,0,1,32,0
3417,19,19,19,adipose_tissue|adrenal_cortex|adrenal_gland|artery|astrocyte|basal_ganglion|blood|blood_plasma|blood_platelet|brain|colon|eye|forebrain|gastrointestinal_tract|heart|kidney|large_intestine|liver|lung,16,2,1,17.0,19.0,22,9,323,0,1,26,0
3428,1,1,1,blood,1,0,0,107.0,107.0,107,107,107,0,1,80,0
3431,24,24,24,adipose_tissue|adrenal_cortex|adrenal_gland|amygdala|aorta|artery|astrocyte|basal_ganglion|basophil|blood|blood_plasma|blood_platelet|bone|brain|colon|eye|forebrain|gastrointestinal_tract|heart|kidney|large_intestine|liver|lung|midbrain,20,2,2,4.25,4.0,8,1,102,0,1,13,0
3434,1,1,1,blood,1,0,0,13.0,13.0,13,13,13,0,1,27,0
3439,1,1,1,blood,1,0,0,6.0,6.0,6,6,6,0,1,0,1
3440,1,1,1,blood,1,0,0,2.0,2.0,2,2,2,0,1,49,0
3458,3,3,3,blood|blood_plasma|lung,2,0,1,6.0,6.0,7,5,18,2,1,58,0
3476,23,23,23,adipose_tissue|adrenal_cortex|adrenal_gland|amygdala|aorta|artery|basal_ganglion|basophil|blood|blood_plasma|blood_platelet|bone|brain|colon|eye|forebrain|gastrointestinal_tract|heart|kidney|large_intestine|liver|lung|midbrain,19,2,2,40.47826086956522,40.0,52,11,931,0,1,36,0
3479,7,7,7,adrenal_gland|blood|brain|colon|gastrointestinal_tract|kidney|large_intestine,6,1,0,4.285714285714286,4.0,8,2,30,4,1,83,0
3480,4,4,4,blood|brain|kidney|liver,3,1,0,55.25,54.5,58,54,221,1,1,72,0
3481,9,9,9,adrenal_cortex|adrenal_gland|blood|blood_plasma|bone|brain|heart|kidney|liver,7,2,0,9.666666666666666,11.0,13,3,87,1,1,42,0
3485,9,9,9,adrenal_gland|blood|blood_plasma|bone|brain|eye|kidney|liver|lung,7,1,1,3.6666666666666665,4.0,5,2,33,0,1,21,0
3486,5,5,5,blood|blood_plasma|brain|heart|liver,4,1,0,15.4,15.0,20,12,77,0,1,48,0
3487,7,7,7,adrenal_gland|blood|blood_plasma|bone|gastrointestinal_tract|kidney|liver,6,1,0,5.142857142857143,5.0,6,4,36,1,1,0,1
3488,6,6,6,adrenal_gland|blood|blood_plasma|bone|kidney|lung,4,1,1,11.166666666666666,11.0,14,9,67,0,1,34,0
3491,24,24,24,adipose_tissue|adrenal_cortex|adrenal_gland|amygdala|aorta|artery|astrocyte|basal_ganglion|basophil|blood|blood_plasma|blood_platelet|bone|brain|colon|eye|forebrain|gastrointestinal_tract|heart|kidney|large_intestine|liver|lung|midbrain,20,2,2,5.625,6.0,7,3,135,2,1,47,0
3508,7,7,7,blood|blood_plasma|blood_platelet|brain|forebrain|kidney|lung,5,1,1,1.0,1.0,1,1,7,1,1,23,0
3516,24,24,24,adipose_tissue|adrenal_cortex|adrenal_gland|amygdala|aorta|artery|astrocyte|basal_ganglion|basophil|blood|blood_plasma|blood_platelet|bone|brain|colon|eye|forebrain|gastrointestinal_tract|heart|kidney|large_intestine|liver|lung|midbrain,20,2,2,51.958333333333336,55.5,68,12,1247,1,1,76,0
3551,11,11,11,blood|blood_plasma|blood_platelet|brain|colon|gastrointestinal_tract|heart|kidney|large_intestine|liver|lung,8,2,1,120.45454545454545,126.0,131,96,1325,4,1,79,0
3552,3,3,3,blood|brain|lung,2,0,1,5.333333333333333,5.0,7,4,16,0,1,42,0
3553,2,2,2,blood|lung,1,0,1,16.5,16.5,19,14,33,0,1,77,0
3554,1,1,1,blood,1,0,0,20.0,20.0,20,20,20,0,1,10,0
3556,8,8,8,blood|colon|gastrointestinal_tract|heart|kidney|large_intestine|liver|lung,5,2,1,13.25,13.0,15,12,106,0,1,2,0
3557,9,9,9,adipose_tissue|blood|blood_plasma|colon|eye|gastrointestinal_tract|large_intestine|liver|lung,8,0,1,3.4444444444444446,4.0,5,2,31,0,1,25,0
3558,6,6,6,blood|brain|colon|gastrointestinal_tract|kidney|large_intestine,5,1,0,11.333333333333334,10.0,17,10,68,0,1,27,0
3559,2,2,2,blood|lung,1,0,1,21.5,21.5,23,20,43,0,1,5,0
3560,1,1,1,blood,1,0,0,30.0,30.0,30,30,30,1,1,14,0
3562,2,2,2,brain|gastrointestinal_tract,2,0,0,10.0,10.0,10,10,20,0,1,37,0
3565,1,1,1,blood,1,0,0,6.0,6.0,6,6,6,1,1,52,0
3566,3,3,3,blood|eye|lung,2,0,1,13.666666666666666,14.0,18,9,41,1,1,3,0
3569,4,4,4,adipose_tissue|blood|brain|kidney,3,1,0,8.25,8.5,9,7,33,1,1,74,0
3570,7,7,7,adrenal_gland|brain|gastrointestinal_tract|heart|kidney|liver|lung,4,2,1,10.285714285714286,11.0,11,9,72,1,1,34,0
3572,24,24,24,adipose_tissue|adrenal_cortex|adrenal_gland|amygdala|aorta|artery|astrocyte|basal_ganglion|basophil|blood|blood_plasma|blood_platelet|bone|brain|colon|eye|forebrain|gastrointestinal_tract|heart|kidney|large_intestine|liver|lung|midbrain,20,2,2,16.375,15.0,25,12,393,3,1,40,0
3575,1,1,1,blood,1,0,0,38.0,38.0,38,38,38,2,1,0,1
3576,4,4,4,blood|eye|gastrointestinal_tract|kidney,3,1,0,11.25,11.0,13,10,45,0,1,42,0
3579,6,6,6,astrocyte|basophil|blood|brain|gastrointestinal_tract|heart,5,1,0,8.833333333333334,9.5,12,4,53,0,1,33,0
3586,2,2,2,blood|kidney,1,1,0,6.5,6.5,7,6,13,2,1,53,0
3589,1,1,1,blood,1,0,0,1.0,1.0,1,1,1,2,1,46,0
3592,1,1,1,blood,1,0,0,5.0,5.0,5,5,5,0,1,36,0
3593,4,4,4,blood|colon|gastrointestinal_tract|large_intestine,4,0,0,3.25,3.0,4,3,13,1,1,37,0
3595,1,1,1,blood,1,0,0,6.0,6.0,6,6,6,0,1,5,0
3600,6,6,6,blood|blood_plasma|heart|kidney|liver|lung,3,2,1,3.1666666666666665,3.0,4,3,19,0,1,25,0
3603,8,8,8,blood|blood_plasma|brain|forebrain|gastrointestinal_tract|large_intestine|liver|lung,7,0,1,30.75,30.0,36,27,246,1,1,11,0
3605,2,2,2,blood|blood_plasma,2,0,0,5.5,5.5,6,5,11,0,1,36,0
3606,5,5,5,blood|blood_plasma|kidney|liver|lung,3,1,1,2.0,2.0,3,1,10,0,1,52,0
3611,22,22,22,adipose_tissue|adrenal_cortex|adrenal_gland|amygdala|artery|astrocyte|basal_ganglion|blood|blood_plasma|blood_platelet|bone|brain|colon|eye|forebrain|gastrointestinal_tract|heart|kidney|large_intestine|liver|lung|midbrain,18,2,2,81.36363636363636,83.5,102,41,1790,2,1,67,0
3612,21,21,21,adipose_tissue|adrenal_cortex|adrenal_gland|amygdala|aorta|artery|basal_ganglion|blood|blood_plasma|blood_platelet|brain|colon|eye|forebrain|gastrointestinal_tract|heart|kidney|large_intestine|liver|lung|midbrain,17,2,2,11.047619047619047,10.0,17,6,232,0,1,28,0
3621,20,20,20,adipose_tissue|amygdala|artery|astrocyte|basal_ganglion|blood|blood_plasma|blood_platelet|bone|brain|colon|eye|forebrain|gastrointestinal_tract|heart|kidney|large_intestine|liver|lung|midbrain,16,2,2,33.0,36.0,39,19,660,1,1,11,0
3622,22,22,22,adrenal_gland|amygdala|aorta|artery|astrocyte|basal_ganglion|basophil|blood|blood_plasma|blood_platelet|bone|brain|colon|eye|forebrain|gastrointestinal_tract|heart|kidney|large_intestine|liver|lung|midbrain,18,2,2,20.272727272727273,23.0,24,5,446,2,1,73,0
3623,3,3,3,adrenal_gland|brain|kidney,2,1,0,8.0,8.0,8,8,24,2,1,18,0
3624,23,23,23,adipose_tissue|adrenal_cortex|adrenal_gland|amygdala|aorta|artery|astrocyte|basal_ganglion|blood|blood_plasma|blood_platelet|bone|brain|colon|eye|forebrain|gastrointestinal_tract|heart|kidney|large_intestine|liver|lung|midbrain,19,2,2,8.73913043478261,8.0,12,6,201,2,1,73,0
3625,5,5,5,adrenal_gland|blood|blood_plasma|brain|kidney,4,1,0,7.2,7.0,9,6,36,0,1,37,0
3627,4,4,4,aorta|artery|blood|liver,4,0,0,3.25,3.5,4,2,13,1,1,35,0
3633,10,10,10,blood|blood_plasma|brain|eye|forebrain|gastrointestinal_tract|heart|kidney|liver|lung,7,2,1,9.1,9.0,10,8,91,0,1,17,0
3635,8,8,8,blood|blood_plasma|blood_platelet|brain|heart|kidney|liver|lung,5,2,1,28.375,28.0,37,24,227,0,1,0,1
3638,21,21,21,adipose_tissue|adrenal_cortex|adrenal_gland|amygdala|aorta|artery|basal_ganglion|blood|blood_plasma|bone|brain|colon|eye|forebrain|gastrointestinal_tract|heart|kidney|large_intestine|liver|lung|midbrain,17,2,2,12.714285714285714,14.0,15,5,267,0,1,53,0
3642,1,1,1,liver,1,0,0,7.0,7.0,7,7,7,0,1,56,0
3643,24,24,24,adipose_tissue|adrenal_cortex|adrenal_gland|amygdala|aorta|artery|astrocyte|basal_ganglion|basophil|blood|blood_plasma|blood_platelet|bone|brain|colon|eye|forebrain|gastrointestinal_tract|heart|kidney|large_intestine|liver|lung|midbrain,20,2,2,53.333333333333336,53.5,77,28,1280,1,1,88,0
3646,9,9,9,blood|brain|colon|gastrointestinal_tract|heart|kidney|large_intestine|liver|lung,6,2,1,64.11111111111111,63.0,73,59,577,1,1,37,0
3651,4,4,4,basal_ganglion|brain|forebrain|gastrointestinal_tract,4,0,0,12.75,12.5,14,12,51,0,1,45,0
3654,24,24,24,adipose_tissue|adrenal_cortex|adrenal_gland|amygdala|aorta|artery|astrocyte|basal_ganglion|basophil|blood|blood_plasma|blood_platelet|bone|brain|colon|eye|forebrain|gastrointestinal_tract|heart|kidney|large_intestine|liver|lung|midbrain,20,2,2,73.54166666666667,76.0,98,32,1765,2,1,78,0
3655,24,24,24,adipose_tissue|adrenal_cortex|adrenal_gland|amygdala|aorta|artery|astrocyte|basal_ganglion|basophil|blood|blood_plasma|blood_platelet|bone|brain|colon|eye|forebrain|gastrointestinal_tract|heart|kidney|large_intestine|liver|lung|midbrain,20,2,2,18.625,19.0,22,9,447,2,1,50,0
3656,7,7,7,blood|brain|gastrointestinal_tract|heart|kidney|liver|lung,4,2,1,23.0,23.0,27,21,161,0,1,44,0
3659,23,23,23,adipose_tissue|adrenal_gland|amygdala|aorta|artery|astrocyte|basal_ganglion|basophil|blood|blood_plasma|blood_platelet|bone|brain|colon|eye|forebrain|gastrointestinal_tract|heart|kidney|large_intestine|liver|lung|midbrain,19,2,2,21.434782608695652,21.0,33,7,493,2,1,63,0
3661,23,23,23,adipose_tissue|adrenal_gland|amygdala|aorta|artery|astrocyte|basal_ganglion|basophil|blood|blood_plasma|blood_platelet|bone|brain|colon|eye|forebrain|gastrointestinal_tract|heart|kidney|large_intestine|liver|lung|midbrain,19,2,2,45.0,47.0,53,24,1035,1,1,16,0
3662,1,1,1,blood,1,0,0,16.0,16.0,16,16,16,0,1,54,0
3665,23,23,23,adipose_tissue|adrenal_gland|amygdala|aorta|artery|astrocyte|basal_ganglion|basophil|blood|blood_plasma|blood_platelet|bone|brain|colon|eye|forebrain|gastrointestinal_tract|heart|kidney|large_intestine|liver|lung|midbrain,19,2,2,30.956521739130434,32.0,37,17,712,1,1,55,0
3667,23,23,23,adipose_tissue|adrenal_cortex|adrenal_gland|amygdala|aorta|artery|astrocyte|basal_ganglion|blood|blood_plasma|blood_platelet|bone|brain|colon|eye|forebrain|gastrointestinal_tract|heart|kidney|large_intestine|liver|lung|midbrain,19,2,2,66.78260869565217,65.0,87,46,1536,1,1,51,0
3669,18,18,18,amygdala|aorta|artery|basal_ganglion|blood|blood_plasma|blood_platelet|brain|colon|eye|forebrain|gastrointestinal_tract|heart|kidney|large_intestine|liver|lung|midbrain,14,2,2,1.0,1.0,1,1,18,0,1,39,0
3670,1,1,1,kidney,0,1,0,17.0,17.0,17,17,17,3,1,66,0
3672,23,23,23,adipose_tissue|adrenal_gland|amygdala|aorta|artery|astrocyte|basal_ganglion|basophil|blood|blood_plasma|blood_platelet|bone|brain|colon|eye|forebrain|gastrointestinal_tract|heart|kidney|large_intestine|liver|lung|midbrain,19,2,2,10.347826086956522,11.0,12,3,238,2,1,39,0
3675,23,23,23,adrenal_cortex|adrenal_gland|amygdala|aorta|artery|astrocyte|basal_ganglion|basophil|blood|blood_plasma|blood_platelet|bone|brain|colon|eye|forebrain|gastrointestinal_tract|heart|kidney|large_intestine|liver|lung|midbrain,19,2,2,12.217391304347826,13.0,14,7,281,3,1,49,0
3676,1,1,1,blood,1,0,0,205.0,205.0,205,205,205,0,1,29,0
3678,7,7,7,blood|colon|gastrointestinal_tract|kidney|large_intestine|liver|lung,5,1,1,25.714285714285715,25.0,30,23,180,1,1,27,0
3681,1,1,1,blood,1,0,0,3.0,3.0,3,3,3,1,1,2,0
3683,1,1,1,blood,1,0,0,7.0,7.0,7,7,7,1,1,24,0
3684,3,3,3,blood|eye|kidney,2,1,0,9.666666666666666,8.0,14,7,29,1,1,15,0
3685,24,24,24,adipose_tissue|adrenal_cortex|adrenal_gland|amygdala|aorta|artery|astrocyte|basal_ganglion|basophil|blood|blood_plasma|blood_platelet|bone|brain|colon|eye|forebrain|gastrointestinal_tract|heart|kidney|large_intestine|liver|lung|midbrain,20,2,2,27.125,26.5,39,17,651,0,1,68,0
3687,5,5,5,blood|blood_plasma|blood_platelet|gastrointestinal_tract|liver,5,0,0,3.6,3.0,6,2,18,1,1,12,0
3688,24,24,24,adipose_tissue|adrenal_cortex|adrenal_gland|amygdala|aorta|artery|astrocyte|basal_ganglion|basophil|blood|blood_plasma|blood_platelet|bone|brain|colon|eye|forebrain|gastrointestinal_tract|heart|kidney|large_intestine|liver|lung|midbrain,20,2,2,63.041666666666664,63.5,85,33,1513,0,1,53,0
3689,1,1,1,blood,1,0,0,43.0,43.0,43,43,43,1,1,48,0
3690,3,3,3,blood|blood_plasma|blood_platelet,3,0,0,44.0,44.0,50,38,132,1,1,59,0
3691,2,2,2,eye|kidney,1,1,0,35.0,35.0,37,33,70,2,1,27,0
3692,9,9,9,blood|brain|colon|gastrointestinal_tract|heart|kidney|large_intestine|liver|lung,6,2,1,65.0,65.0,72,61,585,0,1,63,0
3696,2,2,2,kidney|lung,0,1,1,4.0,4.0,4,4,8,0,1,29,0
3702,3,3,3,blood|blood_plasma|blood_platelet,3,0,0,22.0,19.0,29,18,66,1,1,14,0
3703,16,16,16,adrenal_gland|amygdala|basal_ganglion|blood|blood_plasma|brain|colon|eye|forebrain|gastrointestinal_tract|heart|kidney|large_intestine|liver|lung|midbrain,12,2,2,11.3125,11.0,13,10,181,0,1,29,0
3707,24,24,24,adipose_tissue|adrenal_cortex|adrenal_gland|amygdala|aorta|artery|astrocyte|basal_ganglion|basophil|blood|blood_plasma|blood_platelet|bone|brain|colon|eye|forebrain|gastrointestinal_tract|heart|kidney|large_intestine|liver|lung|midbrain,20,2,2,10.583333333333334,10.5,16,6,254,2,1,14,0
3708,23,23,23,adipose_tissue|adrenal_cortex|adrenal_gland|amygdala|aorta|artery|astrocyte|basal_ganglion|blood|blood_plasma|blood_platelet|bone|brain|colon|eye|forebrain|gastrointestinal_tract|heart|kidney|large_intestine|liver|lung|midbrain,19,2,2,24.08695652173913,24.0,29,14,554,0,1,37,0
3709,4,4,4,blood|blood_plasma|blood_platelet|heart,3,1,0,7.5,7.5,10,5,30,0,1,14,0
3710,6,6,6,blood|blood_plasma|blood_platelet|gastrointestinal_tract|kidney|lung,4,1,1,13.166666666666666,13.0,15,12,79,1,1,38,0
3714,24,24,24,adipose_tissue|adrenal_cortex|adrenal_gland|amygdala|aorta|artery|astrocyte|basal_ganglion|basophil|blood|blood_plasma|blood_platelet|bone|brain|colon|eye|forebrain|gastrointestinal_tract|heart|kidney|large_intestine|liver|lung|midbrain,20,2,2,3.7916666666666665,4.0,5,2,91,1,1,22,0
3716,10,10,10,astrocyte|basal_ganglion|blood|brain|forebrain|heart|kidney|liver|lung|midbrain,6,2,2,49.1,54.0,68,26,491,0,1,24,0
3717,24,24,24,adipose_tissue|adrenal_cortex|adrenal_gland|amygdala|aorta|artery|astrocyte|basal_ganglion|basophil|blood|blood_plasma|blood_platelet|bone|brain|colon|eye|forebrain|gastrointestinal_tract|heart|kidney|large_intestine|liver|lung|midbrain,20,2,2,65.875,65.5,95,37,1581,0,1,77,0
3718,5,5,5,blood|gastrointestinal_tract|kidney|liver|lung,3,1,1,44.4,42.0,55,41,222,2,1,44,0
3720,21,21,21,adrenal_cortex|adrenal_gland|amygdala|aorta|artery|basal_ganglion|blood|blood_plasma|blood_platelet|bone|brain|colon|eye|forebrain|gastrointestinal_tract|heart|kidney|large_intestine|liver|lung|midbrain,17,2,2,9.095238095238095,10.0,12,3,191,2,1,53,0
3725,24,24,24,adipose_tissue|adrenal_cortex|adrenal_gland|amygdala|aorta|artery|astrocyte|basal_ganglion|basophil|blood|blood_plasma|blood_platelet|bone|brain|colon|eye|forebrain|gastrointestinal_tract|heart|kidney|large_intestine|liver|lung|midbrain,20,2,2,145.20833333333334,147.5,191,54,3485,1,1,70,0
3726,24,24,24,adipose_tissue|adrenal_cortex|adrenal_gland|amygdala|aorta|artery|astrocyte|basal_ganglion|basophil|blood|blood_plasma|blood_platelet|bone|brain|colon|eye|forebrain|gastrointestinal_tract|heart|kidney|large_intestine|liver|lung|midbrain,20,2,2,24.333333333333332,26.0,29,13,584,2,1,7,0
3727,22,22,22,adipose_tissue|adrenal_cortex|adrenal_gland|amygdala|aorta|artery|basal_ganglion|blood|blood_plasma|blood_platelet|bone|brain|colon|eye|forebrain|gastrointestinal_tract|heart|kidney|large_intestine|liver|lung|midbrain,18,2,2,26.727272727272727,27.0,34,20,588,6,1,13,0
3728,23,23,23,adipose_tissue|adrenal_gland|amygdala|aorta|artery|astrocyte|basal_ganglion|basophil|blood|blood_plasma|blood_platelet|bone|brain|colon|eye|forebrain|gastrointestinal_tract|heart|kidney|large_intestine|liver|lung|midbrain,19,2,2,53.17391304347826,57.0,67,28,1223,2,1,73,0
3741,2,2,2,brain|heart,1,1,0,22.0,22.0,23,21,44,3,1,29,0
3749,2,2,2,brain|forebrain,2,0,0,2.5,2.5,3,2,5,0,1,0,1
3753,4,4,4,gastrointestinal_tract|heart|kidney|lung,1,2,1,2.75,3.0,4,1,11,1,1,51,0
3760,3,3,3,brain|heart|kidney,1,2,0,4.333333333333333,4.0,5,4,13,1,1,0,1
3762,6,6,6,blood|brain|eye|heart|kidney|lung,3,2,1,3.8333333333333335,4.0,5,3,23,0,1,0,1
3772,18,18,18,adrenal_cortex|adrenal_gland|amygdala|aorta|artery|basal_ganglion|blood|brain|colon|eye|forebrain|gastrointestinal_tract|heart|kidney|large_intestine|liver|lung|midbrain,14,2,2,1.3888888888888888,1.0,2,1,25,2,1,0,1
3775,18,18,18,adrenal_cortex|adrenal_gland|amygdala|aorta|artery|basal_ganglion|blood|brain|colon|eye|forebrain|gastrointestinal_tract|heart|kidney|large_intestine|liver|lung|midbrain,14,2,2,5.722222222222222,6.0,7,4,103,0,1,17,0
3778,8,8,8,amygdala|aorta|artery|basal_ganglion|brain|forebrain|kidney|midbrain,6,1,1,8.0,8.0,9,7,64,3,1,36,0
3784,3,3,3,heart|kidney|lung,0,2,1,18.333333333333332,18.0,19,18,55,1,1,40,0
3791,3,3,3,blood|heart|kidney,1,2,0,36.0,36.0,37,35,108,0,1,66,0
3796,15,15,15,adrenal_gland|amygdala|basal_ganglion|blood|bone|brain|colon|forebrain|gastrointestinal_tract|heart|kidney|large_intestine|liver|lung|midbrain,11,2,2,22.066666666666666,22.0,27,16,331,0,1,23,0
3800,3,3,3,brain|gastrointestinal_tract|kidney,2,1,0,10.333333333333334,11.0,11,9,31,0,1,4,0
3801,22,22,22,adipose_tissue|adrenal_gland|amygdala|aorta|artery|basal_ganglion|basophil|blood|blood_plasma|blood_platelet|bone|brain|colon|eye|forebrain|gastrointestinal_tract|heart|kidney|large_intestine|liver|lung|midbrain,18,2,2,44.77272727272727,47.0,63,12,985,0,1,21,0
3815,8,8,8,blood|blood_plasma|brain|colon|forebrain|gastrointestinal_tract|large_intestine|liver,8,0,0,36.25,35.0,51,31,290,1,1,79,0
3818,9,9,9,artery|blood|blood_plasma|brain|forebrain|heart|kidney|liver|lung,6,2,1,2.7777777777777777,2.0,5,1,25,0,1,21,0
3820,1,1,1,blood,1,0,0,1.0,1.0,1,1,1,1,1,0,1
3827,6,6,6,blood|blood_plasma|blood_platelet|heart|kidney|liver,4,2,0,16.0,16.5,22,9,96,0,1,30,0
3831,6,6,6,blood|brain|eye|forebrain|heart|kidney,4,2,0,29.5,30.0,33,26,177,1,1,18,0
3832,20,20,20,adrenal_cortex|adrenal_gland|amygdala|aorta|artery|basal_ganglion|blood|blood_plasma|bone|brain|colon|eye|forebrain|gastrointestinal_tract|heart|kidney|large_intestine|liver|lung|midbrain,16,2,2,42.8,43.0,53,29,856,0,1,27,0
3837,20,20,20,adipose_tissue|amygdala|artery|astrocyte|basal_ganglion|blood|blood_plasma|blood_platelet|bone|brain|colon|eye|forebrain|gastrointestinal_tract|heart|kidney|large_intestine|liver|lung|midbrain,16,2,2,108.85,109.5,139,60,2177,3,1,42,0
3838,20,20,20,adipose_tissue|amygdala|artery|astrocyte|basal_ganglion|blood|blood_plasma|blood_platelet|bone|brain|colon|eye|forebrain|gastrointestinal_tract|heart|kidney|large_intestine|liver|lung|midbrain,16,2,2,77.3,77.5,97,43,1546,0,1,23,0
3840,20,20,20,adipose_tissue|amygdala|artery|astrocyte|basal_ganglion|blood|blood_plasma|blood_platelet|bone|brain|colon|eye|forebrain|gastrointestinal_tract|heart|kidney|large_intestine|liver|lung|midbrain,16,2,2,25.6,26.0,31,17,512,0,1,8,0
3843,20,20,20,adipose_tissue|amygdala|artery|astrocyte|basal_ganglion|blood|blood_plasma|blood_platelet|bone|brain|colon|eye|forebrain|gastrointestinal_tract|heart|kidney|large_intestine|liver|lung|midbrain,16,2,2,38.15,39.0,45,23,763,0,1,39,0
3845,23,23,23,adipose_tissue|adrenal_cortex|adrenal_gland|amygdala|aorta|artery|astrocyte|basal_ganglion|blood|blood_plasma|blood_platelet|bone|brain|colon|eye|forebrain|gastrointestinal_tract|heart|kidney|large_intestine|liver|lung|midbrain,19,2,2,25.217391304347824,26.0,30,15,580,1,1,28,0
3848,11,11,11,aorta|artery|blood|blood_plasma|brain|eye|forebrain|heart|kidney|liver|lung,8,2,1,39.09090909090909,43.0,51,24,430,0,1,17,0
3849,19,19,19,adrenal_gland|amygdala|aorta|artery|basal_ganglion|blood|blood_plasma|bone|brain|colon|eye|forebrain|gastrointestinal_tract|heart|kidney|large_intestine|liver|lung|midbrain,15,2,2,24.57894736842105,25.0,30,17,467,0,1,24,0
3850,1,1,1,eye,1,0,0,11.0,11.0,11,11,11,0,1,19,0
3857,16,16,16,adrenal_gland|aorta|artery|blood|blood_plasma|bone|brain|colon|eye|forebrain|gastrointestinal_tract|heart|kidney|large_intestine|liver|lung,13,2,1,23.6875,24.0,29,17,379,1,1,24,0
3858,21,21,21,adipose_tissue|adrenal_cortex|adrenal_gland|amygdala|aorta|artery|basal_ganglion|blood|blood_plasma|blood_platelet|brain|colon|eye|forebrain|gastrointestinal_tract|heart|kidney|large_intestine|liver|lung|midbrain,17,2,2,25.80952380952381,28.0,33,16,542,1,1,21,0
3861,5,5,5,blood|blood_plasma|brain|eye|forebrain,5,0,0,29.8,30.0,32,26,149,1,1,27,0
3868,2,2,2,blood|blood_plasma,2,0,0,33.5,33.5,37,30,67,1,1,30,0
3875,13,13,13,adipose_tissue|blood|blood_plasma|bone|brain|colon|eye|gastrointestinal_tract|heart|kidney|large_intestine|liver|lung,10,2,1,60.53846153846154,65.0,72,37,787,1,1,40,0
3880,3,3,3,brain|gastrointestinal_tract|liver,3,0,0,35.0,36.0,38,31,105,1,1,25,0
3890,2,2,2,blood|blood_plasma,2,0,0,1.0,1.0,1,1,2,1,1,12,0
3897,3,3,3,blood|brain|kidney,2,1,0,17.333333333333332,18.0,18,16,52,0,1,11,0
3908,4,4,4,adrenal_gland|brain|kidney|lung,2,1,1,2.75,3.0,3,2,11,0,1,8,0
3911,23,23,23,adipose_tissue|adrenal_cortex|adrenal_gland|amygdala|aorta|artery|astrocyte|basal_ganglion|blood|blood_plasma|blood_platelet|bone|brain|colon|eye|forebrain|gastrointestinal_tract|heart|kidney|large_intestine|liver|lung|midbrain,19,2,2,9.304347826086957,9.0,12,4,214,1,1,30,0
3912,23,23,23,adipose_tissue|adrenal_cortex|adrenal_gland|amygdala|aorta|artery|astrocyte|basal_ganglion|blood|blood_plasma|blood_platelet|bone|brain|colon|eye|forebrain|gastrointestinal_tract|heart|kidney|large_intestine|liver|lung|midbrain,19,2,2,14.565217391304348,15.0,18,9,335,0,1,28,0
3913,23,23,23,adipose_tissue|adrenal_cortex|adrenal_gland|amygdala|aorta|artery|astrocyte|basal_ganglion|blood|blood_plasma|blood_platelet|bone|brain|colon|eye|forebrain|gastrointestinal_tract|heart|kidney|large_intestine|liver|lung|midbrain,19,2,2,11.26086956521739,12.0,13,6,259,2,1,8,0
3915,22,22,22,adipose_tissue|adrenal_gland|amygdala|aorta|artery|astrocyte|basal_ganglion|blood|blood_plasma|blood_platelet|bone|brain|colon|eye|forebrain|gastrointestinal_tract|heart|kidney|large_intestine|liver|lung|midbrain,18,2,2,14.863636363636363,15.0,20,9,327,1,1,18,0
3925,23,23,23,adipose_tissue|adrenal_cortex|adrenal_gland|amygdala|aorta|artery|astrocyte|basal_ganglion|blood|blood_plasma|blood_platelet|bone|brain|colon|eye|forebrain|gastrointestinal_tract|heart|kidney|large_intestine|liver|lung|midbrain,19,2,2,41.04347826086956,43.0,52,27,944,4,1,22,0
3929,4,4,4,blood|blood_plasma|liver|lung,3,0,1,7.25,7.5,8,6,29,0,1,40,0
3931,21,21,21,adipose_tissue|adrenal_cortex|adrenal_gland|amygdala|aorta|artery|basal_ganglion|blood|blood_plasma|blood_platelet|brain|colon|eye|forebrain|gastrointestinal_tract|heart|kidney|large_intestine|liver|lung|midbrain,17,2,2,5.761904761904762,5.0,10,3,121,0,1,34,0
3932,5,5,5,blood|colon|gastrointestinal_tract|large_intestine|lung,4,0,1,110.2,104.0,139,99,551,1,1,69,0
3936,20,20,20,adipose_tissue|adrenal_gland|amygdala|aorta|artery|basal_ganglion|blood|blood_plasma|blood_platelet|brain|colon|eye|forebrain|gastrointestinal_tract|heart|kidney|large_intestine|liver|lung|midbrain,16,2,2,12.6,11.5,16,8,252,2,1,39,0
3937,2,2,2,blood|lung,1,0,1,26.5,26.5,32,21,53,0,1,28,0
3949,18,18,18,adipose_tissue|adrenal_cortex|adrenal_gland|artery|basal_ganglion|blood|blood_plasma|blood_platelet|brain|colon|eye|forebrain|gastrointestinal_tract|heart|kidney|large_intestine|liver|lung,15,2,1,13.666666666666666,14.0,17,11,246,1,1,36,0
3954,16,16,16,adrenal_gland|amygdala|basal_ganglion|blood|blood_plasma|brain|colon|eye|forebrain|gastrointestinal_tract|heart|kidney|large_intestine|liver|lung|midbrain,12,2,2,5.3125,5.0,6,5,85,0,1,19,0
3956,22,22,22,adipose_tissue|adrenal_gland|amygdala|aorta|artery|astrocyte|basal_ganglion|blood|blood_plasma|blood_platelet|bone|brain|colon|eye|forebrain|gastrointestinal_tract|heart|kidney|large_intestine|liver|lung|midbrain,18,2,2,32.40909090909091,33.0,41,19,713,1,1,27,0
3958,21,21,21,adipose_tissue|adrenal_gland|amygdala|aorta|artery|basal_ganglion|blood|blood_plasma|blood_platelet|bone|brain|colon|eye|forebrain|gastrointestinal_tract|heart|kidney|large_intestine|liver|lung|midbrain,17,2,2,60.142857142857146,61.0,71,47,1263,0,1,47,0
3965,2,2,2,blood|heart,1,1,0,26.0,26.0,26,26,52,0,1,84,0
3975,21,21,21,adipose_tissue|adrenal_cortex|adrenal_gland|amygdala|artery|basal_ganglion|blood|blood_plasma|blood_platelet|bone|brain|colon|eye|forebrain|gastrointestinal_tract|heart|kidney|large_intestine|liver|lung|midbrain,17,2,2,2.9047619047619047,3.0,5,1,61,3,1,63,0
3981,23,23,23,adipose_tissue|adrenal_cortex|adrenal_gland|amygdala|aorta|artery|basal_ganglion|basophil|blood|blood_plasma|blood_platelet|bone|brain|colon|eye|forebrain|gastrointestinal_tract|heart|kidney|large_intestine|liver|lung|midbrain,19,2,2,35.73913043478261,39.0,47,12,822,0,1,57,0
3983,22,22,22,adipose_tissue|adrenal_cortex|adrenal_gland|amygdala|artery|astrocyte|basal_ganglion|blood|blood_plasma|blood_platelet|bone|brain|colon|eye|forebrain|gastrointestinal_tract|heart|kidney|large_intestine|liver|lung|midbrain,18,2,2,20.772727272727273,22.0,28,9,457,0,1,15,0
3984,23,23,23,adipose_tissue|adrenal_cortex|adrenal_gland|amygdala|aorta|artery|astrocyte|basal_ganglion|blood|blood_plasma|blood_platelet|bone|brain|colon|eye|forebrain|gastrointestinal_tract|heart|kidney|large_intestine|liver|lung|midbrain,19,2,2,28.434782608695652,30.0,37,16,654,1,1,45,0
3987,12,12,12,basal_ganglion|blood|blood_plasma|brain|colon|forebrain|gastrointestinal_tract|heart|kidney|large_intestine|liver|lung,9,2,1,17.083333333333332,17.0,20,12,205,0,1,44,0
3990,1,1,1,liver,1,0,0,6.0,6.0,6,6,6,0,1,20,0
3992,13,13,13,basal_ganglion|blood|blood_plasma|bone|brain|colon|forebrain|gastrointestinal_tract|heart|kidney|large_intestine|liver|lung,10,2,1,4.615384615384615,4.0,7,3,60,1,1,16,0
3996,8,8,8,adipose_tissue|blood|blood_plasma|blood_platelet|brain|heart|kidney|lung,5,2,1,11.25,12.0,14,8,90,0,1,31,0
4000,23,23,23,adipose_tissue|adrenal_cortex|adrenal_gland|amygdala|aorta|artery|astrocyte|basal_ganglion|blood|blood_plasma|blood_platelet|bone|brain|colon|eye|forebrain|gastrointestinal_tract|heart|kidney|large_intestine|liver|lung|midbrain,19,2,2,89.6086956521739,91.0,122,40,2061,2,1,34,0
4005,1,1,1,blood,1,0,0,52.0,52.0,52,52,52,0,1,54,0
4009,4,4,4,adipose_tissue|adrenal_gland|brain|kidney,3,1,0,7.0,7.0,8,6,28,1,1,41,0
4010,1,1,1,gastrointestinal_tract,1,0,0,7.0,7.0,7,7,7,1,1,49,0
4015,5,5,5,blood|bone|heart|liver|lung,3,1,1,3.8,4.0,5,2,19,1,1,0,1
4018,2,2,2,blood|blood_plasma,2,0,0,4.0,4.0,5,3,8,0,1,5,0
4023,3,3,3,adipose_tissue|blood|brain,3,0,0,14.0,15.0,16,11,42,0,1,33,0
4035,21,21,21,adipose_tissue|adrenal_cortex|adrenal_gland|amygdala|artery|basal_ganglion|blood|blood_plasma|blood_platelet|bone|brain|colon|eye|forebrain|gastrointestinal_tract|heart|kidney|large_intestine|liver|lung|midbrain,17,2,2,36.0,36.0,47,25,756,5,1,46,0
4036,3,3,3,brain|kidney|lung,1,1,1,21.333333333333332,20.0,24,20,64,0,1,17,0
4038,23,23,23,adipose_tissue|adrenal_cortex|adrenal_gland|amygdala|aorta|artery|astrocyte|basal_ganglion|blood|blood_plasma|blood_platelet|bone|brain|colon|eye|forebrain|gastrointestinal_tract|heart|kidney|large_intestine|liver|lung|midbrain,19,2,2,3.1739130434782608,3.0,4,2,73,0,1,37,0
4040,24,24,24,adipose_tissue|adrenal_cortex|adrenal_gland|amygdala|aorta|artery|astrocyte|basal_ganglion|basophil|blood|blood_plasma|blood_platelet|bone|brain|colon|eye|forebrain|gastrointestinal_tract|heart|kidney|large_intestine|liver|lung|midbrain,20,2,2,14.875,14.0,21,6,357,1,1,71,0
4041,23,23,23,adipose_tissue|adrenal_cortex|adrenal_gland|amygdala|aorta|artery|astrocyte|basal_ganglion|blood|blood_plasma|blood_platelet|bone|brain|colon|eye|forebrain|gastrointestinal_tract|heart|kidney|large_intestine|liver|lung|midbrain,19,2,2,5.739130434782608,5.0,10,3,132,3,1,65,0
4047,13,13,13,basal_ganglion|blood|blood_plasma|brain|colon|eye|forebrain|gastrointestinal_tract|heart|kidney|large_intestine|liver|lung,10,2,1,4.6923076923076925,5.0,6,4,61,1,1,19,0
4048,14,14,14,basal_ganglion|basophil|blood|blood_plasma|bone|brain|colon|forebrain|gastrointestinal_tract|heart|kidney|large_intestine|liver|lung,11,2,1,8.5,9.5,11,3,119,0,1,34,0
4054,24,24,24,adipose_tissue|adrenal_cortex|adrenal_gland|amygdala|aorta|artery|astrocyte|basal_ganglion|basophil|blood|blood_plasma|blood_platelet|bone|brain|colon|eye|forebrain|gastrointestinal_tract|heart|kidney|large_intestine|liver|lung|midbrain,20,2,2,5.791666666666667,6.0,8,4,139,1,1,16,0
4055,22,22,22,adipose_tissue|adrenal_gland|amygdala|aorta|artery|astrocyte|basal_ganglion|blood|blood_plasma|blood_platelet|bone|brain|colon|eye|forebrain|gastrointestinal_tract|heart|kidney|large_intestine|liver|lung|midbrain,18,2,2,29.318181818181817,29.5,35,19,645,2,1,24,0
4058,2,2,2,blood|brain,2,0,0,9.0,9.0,9,9,18,0,1,33,0
4059,22,22,22,adipose_tissue|adrenal_gland|amygdala|aorta|artery|astrocyte|basal_ganglion|blood|blood_plasma|blood_platelet|bone|brain|colon|eye|forebrain|gastrointestinal_tract|heart|kidney|large_intestine|liver|lung|midbrain,18,2,2,4.2272727272727275,4.0,5,3,93,0,1,12,0
4061,1,1,1,blood,1,0,0,2.0,2.0,2,2,2,1,1,0,1
4066,2,2,2,blood|lung,1,0,1,6.5,6.5,7,6,13,2,1,41,0
4067,4,4,4,blood|blood_plasma|blood_platelet|lung,3,0,1,93.75,88.0,130,69,375,0,1,79,0
4068,7,7,7,blood|colon|gastrointestinal_tract|heart|kidney|large_intestine|liver,5,2,0,13.714285714285714,13.0,17,13,96,0,1,8,0
4076,23,23,23,adipose_tissue|adrenal_cortex|adrenal_gland|amygdala|aorta|artery|astrocyte|basal_ganglion|blood|blood_plasma|blood_platelet|bone|brain|colon|eye|forebrain|gastrointestinal_tract|heart|kidney|large_intestine|liver|lung|midbrain,19,2,2,28.47826086956522,33.0,37,9,655,0,1,44,0
4077,21,21,21,adipose_tissue|adrenal_gland|amygdala|aorta|artery|basal_ganglion|blood|blood_plasma|blood_platelet|bone|brain|colon|eye|forebrain|gastrointestinal_tract|heart|kidney|large_intestine|liver|lung|midbrain,17,2,2,13.80952380952381,14.0,16,11,290,1,1,40,0
4081,3,3,3,brain|eye|forebrain,3,0,0,4.0,4.0,4,4,12,1,1,0,1
4085,21,21,21,adrenal_cortex|adrenal_gland|amygdala|aorta|artery|basal_ganglion|blood|blood_plasma|blood_platelet|bone|brain|colon|eye|forebrain|gastrointestinal_tract|heart|kidney|large_intestine|liver|lung|midbrain,17,2,2,32.523809523809526,33.0,39,20,683,0,1,38,0
4086,24,24,24,adipose_tissue|adrenal_cortex|adrenal_gland|amygdala|aorta|artery|astrocyte|basal_ganglion|basophil|blood|blood_plasma|blood_platelet|bone|brain|colon|eye|forebrain|gastrointestinal_tract|heart|kidney|large_intestine|liver|lung|midbrain,20,2,2,70.04166666666667,71.5,88,34,1681,1,1,59,0
4087,24,24,24,adipose_tissue|adrenal_cortex|adrenal_gland|amygdala|aorta|artery|astrocyte|basal_ganglion|basophil|blood|blood_plasma|blood_platelet|bone|brain|colon|eye|forebrain|gastrointestinal_tract|heart|kidney|large_intestine|liver|lung|midbrain,20,2,2,148.04166666666666,152.0,184,61,3553,1,1,86,0
4088,24,24,24,adipose_tissue|adrenal_cortex|adrenal_gland|amygdala|aorta|artery|astrocyte|basal_ganglion|basophil|blood|blood_plasma|blood_platelet|bone|brain|colon|eye|forebrain|gastrointestinal_tract|heart|kidney|large_intestine|liver|lung|midbrain,20,2,2,165.75,172.0,204,66,3978,2,1,87,0
4089,24,24,24,adipose_tissue|adrenal_cortex|adrenal_gland|amygdala|aorta|artery|astrocyte|basal_ganglion|basophil|blood|blood_plasma|blood_platelet|bone|brain|colon|eye|forebrain|gastrointestinal_tract|heart|kidney|large_intestine|liver|lung|midbrain,20,2,2,107.33333333333333,109.0,131,53,2576,0,1,80,0
4090,24,24,24,adipose_tissue|adrenal_cortex|adrenal_gland|amygdala|aorta|artery|astrocyte|basal_ganglion|basophil|blood|blood_plasma|blood_platelet|bone|brain|colon|eye|forebrain|gastrointestinal_tract|heart|kidney|large_intestine|liver|lung|midbrain,20,2,2,30.875,32.0,40,15,741,2,1,50,0
4091,24,24,24,adipose_tissue|adrenal_cortex|adrenal_gland|amygdala|aorta|artery|astrocyte|basal_ganglion|basophil|blood|blood_plasma|blood_platelet|bone|brain|colon|eye|forebrain|gastrointestinal_tract|heart|kidney|large_intestine|liver|lung|midbrain,20,2,2,27.0,28.0,33,16,648,2,1,57,0
4092,24,24,24,adipose_tissue|adrenal_cortex|adrenal_gland|amygdala|aorta|artery|astrocyte|basal_ganglion|basophil|blood|blood_plasma|blood_platelet|bone|brain|colon|eye|forebrain|gastrointestinal_tract|heart|kidney|large_intestine|liver|lung|midbrain,20,2,2,55.708333333333336,57.5,66,32,1337,1,1,88,0
4093,7,7,7,brain|colon|gastrointestinal_tract|heart|kidney|large_intestine|lung,4,2,1,48.0,48.0,52,45,336,0,1,33,0
4094,24,24,24,adipose_tissue|adrenal_cortex|adrenal_gland|amygdala|aorta|artery|astrocyte|basal_ganglion|basophil|blood|blood_plasma|blood_platelet|bone|brain|colon|eye|forebrain|gastrointestinal_tract|heart|kidney|large_intestine|liver|lung|midbrain,20,2,2,13.916666666666666,14.5,19,6,334,4,1,0,1
4116,9,9,9,blood|brain|colon|gastrointestinal_tract|heart|kidney|large_intestine|liver|lung,6,2,1,85.66666666666667,88.0,93,79,771,0,1,42,0
4118,1,1,1,blood,1,0,0,6.0,6.0,6,6,6,0,1,11,0
4124,21,21,21,adrenal_cortex|adrenal_gland|amygdala|aorta|artery|basal_ganglion|blood|blood_plasma|blood_platelet|bone|brain|colon|eye|forebrain|gastrointestinal_tract|heart|kidney|large_intestine|liver|lung|midbrain,17,2,2,3.4761904761904763,4.0,4,2,73,0,1,9,0
4131,2,2,2,brain|forebrain,2,0,0,42.0,42.0,45,39,84,1,1,8,0
4133,23,23,23,adipose_tissue|adrenal_cortex|adrenal_gland|amygdala|aorta|artery|astrocyte|basal_ganglion|blood|blood_plasma|blood_platelet|bone|brain|colon|eye|forebrain|gastrointestinal_tract|heart|kidney|large_intestine|liver|lung|midbrain,19,2,2,20.217391304347824,20.0,31,14,465,2,1,19,0
4137,1,1,1,brain,1,0,0,79.0,79.0,79,79,79,2,1,36,0
4142,2,2,2,brain|eye,2,0,0,2.0,2.0,2,2,4,0,1,11,0
4153,3,3,3,blood|blood_plasma|liver,3,0,0,8.0,8.0,9,7,24,0,1,22,0
4154,22,22,22,adipose_tissue|adrenal_cortex|adrenal_gland|amygdala|aorta|artery|astrocyte|basal_ganglion|blood|blood_plasma|bone|brain|colon|eye|forebrain|gastrointestinal_tract|heart|kidney|large_intestine|liver|lung|midbrain,18,2,2,10.090909090909092,11.0,15,3,222,2,1,50,0
4155,3,3,3,blood|brain|forebrain,3,0,0,43.0,43.0,45,41,129,0,1,4,0
4157,2,2,2,adrenal_gland|brain,2,0,0,18.5,18.5,21,16,37,0,1,59,0
4158,1,1,1,adrenal_gland,1,0,0,4.0,4.0,4,4,4,0,1,19,0
4159,2,2,2,brain|gastrointestinal_tract,2,0,0,2.5,2.5,3,2,5,2,1,22,0
4160,2,2,2,adipose_tissue|brain,2,0,0,9.0,9.0,11,7,18,0,1,22,0
4161,6,6,6,adipose_tissue|adrenal_gland|blood|brain|kidney|lung,4,1,1,4.833333333333333,5.0,5,4,29,0,1,19,0
4163,23,23,23,adipose_tissue|adrenal_cortex|adrenal_gland|amygdala|aorta|artery|basal_ganglion|basophil|blood|blood_plasma|blood_platelet|bone|brain|colon|eye|forebrain|gastrointestinal_tract|heart|kidney|large_intestine|liver|lung|midbrain,19,2,2,87.34782608695652,92.0,117,24,2009,0,1,29,0
4168,7,7,7,blood|brain|gastrointestinal_tract|heart|kidney|liver|lung,4,2,1,19.142857142857142,19.0,21,18,134,1,1,8,0
4170,20,20,20,adipose_tissue|adrenal_gland|amygdala|aorta|artery|basal_ganglion|blood|blood_plasma|blood_platelet|brain|colon|eye|forebrain|gastrointestinal_tract|heart|kidney|large_intestine|liver|lung|midbrain,16,2,2,40.25,41.0,47,32,805,1,1,28,0
4171,14,14,14,amygdala|basal_ganglion|blood|bone|brain|colon|forebrain|gastrointestinal_tract|heart|kidney|large_intestine|liver|lung|midbrain,10,2,2,258.35714285714283,274.5,301,159,3617,1,1,28,0
4173,16,16,16,amygdala|basal_ganglion|blood|blood_plasma|blood_platelet|brain|colon|eye|forebrain|gastrointestinal_tract|heart|kidney|large_intestine|liver|lung|midbrain,12,2,2,52.5625,57.5,63,26,841,1,1,10,0
4175,16,16,16,amygdala|basal_ganglion|blood|blood_plasma|blood_platelet|brain|colon|eye|forebrain|gastrointestinal_tract|heart|kidney|large_intestine|liver|lung|midbrain,12,2,2,35.125,37.5,40,25,562,1,1,14,0
4176,16,16,16,amygdala|basal_ganglion|blood|blood_plasma|blood_platelet|brain|colon|eye|forebrain|gastrointestinal_tract|heart|kidney|large_intestine|liver|lung|midbrain,12,2,2,69.3125,73.0,78,52,1109,1,1,21,0
4189,20,20,20,adrenal_gland|amygdala|aorta|artery|basal_ganglion|blood|blood_plasma|blood_platelet|bone|brain|colon|eye|forebrain|gastrointestinal_tract|heart|kidney|large_intestine|liver|lung|midbrain,16,2,2,6.1,6.0,7,4,122,1,1,31,0
4192,1,1,1,kidney,0,1,0,14.0,14.0,14,14,14,0,1,8,0
4193,23,23,23,adipose_tissue|adrenal_cortex|adrenal_gland|amygdala|aorta|artery|astrocyte|basal_ganglion|blood|blood_plasma|blood_platelet|bone|brain|colon|eye|forebrain|gastrointestinal_tract|heart|kidney|large_intestine|liver|lung|midbrain,19,2,2,193.17391304347825,195.0,237,108,4443,2,1,81,0
4194,23,23,23,adipose_tissue|adrenal_cortex|adrenal_gland|amygdala|aorta|artery|astrocyte|basal_ganglion|blood|blood_plasma|blood_platelet|bone|brain|colon|eye|forebrain|gastrointestinal_tract|heart|kidney|large_intestine|liver|lung|midbrain,19,2,2,37.30434782608695,38.0,45,22,858,0,1,45,0
4199,4,4,4,adipose_tissue|brain|heart|liver,3,1,0,6.25,7.0,7,4,25,0,1,25,0
4204,23,23,23,adipose_tissue|adrenal_cortex|adrenal_gland|amygdala|aorta|artery|astrocyte|basal_ganglion|blood|blood_plasma|blood_platelet|bone|brain|colon|eye|forebrain|gastrointestinal_tract|heart|kidney|large_intestine|liver|lung|midbrain,19,2,2,23.391304347826086,22.0,32,14,538,2,1,43,0
4205,23,23,23,adipose_tissue|adrenal_cortex|adrenal_gland|amygdala|aorta|artery|basal_ganglion|basophil|blood|blood_plasma|blood_platelet|bone|brain|colon|eye|forebrain|gastrointestinal_tract|heart|kidney|large_intestine|liver|lung|midbrain,19,2,2,31.52173913043478,31.0,40,17,725,0,1,88,0
4208,4,4,4,blood|brain|heart|liver,3,1,0,45.0,45.0,47,43,180,3,1,95,0
4209,19,19,19,adrenal_cortex|adrenal_gland|amygdala|artery|basal_ganglion|basophil|blood|blood_plasma|bone|brain|colon|eye|forebrain|gastrointestinal_tract|heart|kidney|large_intestine|liver|lung,16,2,1,32.05263157894737,32.0,40,14,609,0,1,51,0
4211,24,24,24,adipose_tissue|adrenal_cortex|adrenal_gland|amygdala|aorta|artery|astrocyte|basal_ganglion|basophil|blood|blood_plasma|blood_platelet|bone|brain|colon|eye|forebrain|gastrointestinal_tract|heart|kidney|large_intestine|liver|lung|midbrain,20,2,2,8.291666666666666,8.0,15,3,199,2,1,8,0
4214,24,24,24,adipose_tissue|adrenal_cortex|adrenal_gland|amygdala|aorta|artery|astrocyte|basal_ganglion|basophil|blood|blood_plasma|blood_platelet|bone|brain|colon|eye|forebrain|gastrointestinal_tract|heart|kidney|large_intestine|liver|lung|midbrain,20,2,2,94.5,102.0,119,38,2268,0,1,7,0
4215,23,23,23,adipose_tissue|adrenal_cortex|adrenal_gland|amygdala|aorta|artery|astrocyte|basal_ganglion|blood|blood_plasma|blood_platelet|bone|brain|colon|eye|forebrain|gastrointestinal_tract|heart|kidney|large_intestine|liver|lung|midbrain,19,2,2,102.78260869565217,110.0,127,49,2364,3,1,27,0
4216,23,23,23,adipose_tissue|adrenal_cortex|adrenal_gland|amygdala|aorta|artery|basal_ganglion|basophil|blood|blood_plasma|blood_platelet|bone|brain|colon|eye|forebrain|gastrointestinal_tract|heart|kidney|large_intestine|liver|lung|midbrain,19,2,2,31.17391304347826,32.0,36,18,717,2,1,44,0
4217,24,24,24,adipose_tissue|adrenal_cortex|adrenal_gland|amygdala|aorta|artery|astrocyte|basal_ganglion|basophil|blood|blood_plasma|blood_platelet|bone|brain|colon|eye|forebrain|gastrointestinal_tract|heart|kidney|large_intestine|liver|lung|midbrain,20,2,2,55.166666666666664,58.0,66,27,1324,2,1,58,0
4218,21,21,21,adipose_tissue|adrenal_gland|amygdala|aorta|artery|basal_ganglion|basophil|blood|blood_plasma|blood_platelet|brain|colon|eye|forebrain|gastrointestinal_tract|heart|kidney|large_intestine|liver|lung|midbrain,17,2,2,19.428571428571427,20.0,26,3,408,1,1,42,0
4221,24,24,24,adipose_tissue|adrenal_cortex|adrenal_gland|amygdala|aorta|artery|astrocyte|basal_ganglion|basophil|blood|blood_plasma|blood_platelet|bone|brain|colon|eye|forebrain|gastrointestinal_tract|heart|kidney|large_intestine|liver|lung|midbrain,20,2,2,35.333333333333336,38.0,45,13,848,1,1,80,0
4223,1,1,1,heart,0,1,0,120.0,120.0,120,120,120,1,1,53,0
4233,1,1,1,liver,1,0,0,49.0,49.0,49,49,49,0,1,49,0
4240,17,17,17,amygdala|basal_ganglion|blood|blood_plasma|blood_platelet|bone|brain|colon|eye|forebrain|gastrointestinal_tract|heart|kidney|large_intestine|liver|lung|midbrain,13,2,2,1.1176470588235294,1.0,2,1,19,0,1,9,0
4247,16,16,16,adrenal_gland|amygdala|basal_ganglion|blood|blood_plasma|brain|colon|eye|forebrain|gastrointestinal_tract|heart|kidney|large_intestine|liver|lung|midbrain,12,2,2,2.25,2.0,3,2,36,0,1,9,0
4254,4,4,4,adrenal_gland|blood|bone|gastrointestinal_tract,4,0,0,5.5,5.0,9,3,22,2,1,33,0
4257,9,9,9,blood|blood_plasma|colon|gastrointestinal_tract|heart|kidney|large_intestine|liver|lung,6,2,1,4.0,4.0,4,4,36,1,1,27,0
4258,12,12,12,basal_ganglion|blood|blood_plasma|brain|colon|forebrain|gastrointestinal_tract|heart|kidney|large_intestine|liver|lung,9,2,1,1.0,1.0,1,1,12,0,1,23,0
4281,6,6,6,brain|eye|heart|kidney|liver|lung,3,2,1,34.833333333333336,35.0,36,33,209,2,1,30,0
4282,24,24,24,adipose_tissue|adrenal_cortex|adrenal_gland|amygdala|aorta|artery|astrocyte|basal_ganglion|basophil|blood|blood_plasma|blood_platelet|bone|brain|colon|eye|forebrain|gastrointestinal_tract|heart|kidney|large_intestine|liver|lung|midbrain,20,2,2,28.125,28.0,38,11,675,1,1,57,0
4283,7,7,7,blood|blood_plasma|brain|colon|gastrointestinal_tract|heart|large_intestine,6,1,0,2.857142857142857,3.0,4,1,20,0,1,25,0
4286,2,2,2,blood|bone,2,0,0,18.0,18.0,23,13,36,5,1,49,0
4291,5,5,5,colon|gastrointestinal_tract|heart|kidney|large_intestine,3,2,0,11.6,12.0,12,11,58,0,1,35,0
4292,24,24,24,adipose_tissue|adrenal_cortex|adrenal_gland|amygdala|aorta|artery|astrocyte|basal_ganglion|basophil|blood|blood_plasma|blood_platelet|bone|brain|colon|eye|forebrain|gastrointestinal_tract|heart|kidney|large_intestine|liver|lung|midbrain,20,2,2,56.708333333333336,60.0,78,19,1361,0,1,25,0
4293,4,4,4,brain|colon|gastrointestinal_tract|large_intestine,4,0,0,4.0,4.0,4,4,16,0,1,39,0
4294,23,23,23,adipose_tissue|adrenal_cortex|adrenal_gland|amygdala|aorta|artery|basal_ganglion|basophil|blood|blood_plasma|blood_platelet|bone|brain|colon|eye|forebrain|gastrointestinal_tract|heart|kidney|large_intestine|liver|lung|midbrain,19,2,2,27.26086956521739,28.0,32,17,627,1,1,60,0
4296,24,24,24,adipose_tissue|adrenal_cortex|adrenal_gland|amygdala|aorta|artery|astrocyte|basal_ganglion|basophil|blood|blood_plasma|blood_platelet|bone|brain|colon|eye|forebrain|gastrointestinal_tract|heart|kidney|large_intestine|liver|lung|midbrain,20,2,2,32.791666666666664,33.0,38,18,787,2,1,49,0
4297,19,19,19,adrenal_cortex|adrenal_gland|amygdala|basal_ganglion|blood|blood_plasma|blood_platelet|bone|brain|colon|eye|forebrain|gastrointestinal_tract|heart|kidney|large_intestine|liver|lung|midbrain,15,2,2,55.26315789473684,55.0,62,41,1050,3,1,82,0
4300,1,1,1,liver,1,0,0,21.0,21.0,21,21,21,1,1,30,0
4303,24,24,24,adipose_tissue|adrenal_cortex|adrenal_gland|amygdala|aorta|artery|astrocyte|basal_ganglion|basophil|blood|blood_plasma|blood_platelet|bone|brain|colon|eye|forebrain|gastrointestinal_tract|heart|kidney|large_intestine|liver|lung|midbrain,20,2,2,18.291666666666668,19.0,21,12,439,2,1,61,0
4313,3,3,3,blood|blood_plasma|heart,2,1,0,17.333333333333332,16.0,20,16,52,1,1,20,0
4314,3,3,3,blood|blood_plasma|lung,2,0,1,11.0,9.0,15,9,33,0,1,22,0
4316,7,7,7,colon|eye|gastrointestinal_tract|kidney|large_intestine|liver|lung,5,1,1,6.571428571428571,7.0,9,5,46,0,1,8,0
4318,8,8,8,blood|colon|eye|gastrointestinal_tract|kidney|large_intestine|liver|lung,6,1,1,16.25,17.0,20,12,130,1,1,50,0
4319,5,5,5,blood|eye|kidney|liver|lung,3,1,1,1.4,1.0,2,1,7,0,1,0,1
4321,1,1,1,blood,1,0,0,3.0,3.0,3,3,3,0,1,9,0
4331,21,21,21,adipose_tissue|adrenal_cortex|adrenal_gland|amygdala|aorta|artery|basal_ganglion|blood|blood_plasma|blood_platelet|brain|colon|eye|forebrain|gastrointestinal_tract|heart|kidney|large_intestine|liver|lung|midbrain,17,2,2,26.0,28.0,31,15,546,1,1,51,0
4332,2,2,2,blood|eye,2,0,0,7.5,7.5,9,6,15,0,1,23,0
4343,8,8,8,blood|brain|colon|gastrointestinal_tract|heart|kidney|large_intestine|lung,5,2,1,339.125,342.5,359,316,2713,0,1,50,0
4353,2,2,2,blood|eye,2,0,0,3.0,3.0,3,3,6,1,1,27,0
4354,1,1,1,blood,1,0,0,17.0,17.0,17,17,17,0,1,9,0
4358,16,16,16,adrenal_gland|amygdala|basal_ganglion|blood|blood_plasma|brain|colon|eye|forebrain|gastrointestinal_tract|heart|kidney|large_intestine|liver|lung|midbrain,12,2,2,10.25,10.5,11,8,164,0,1,30,0
4361,20,20,20,adipose_tissue|adrenal_cortex|adrenal_gland|amygdala|basal_ganglion|blood|blood_plasma|blood_platelet|bone|brain|colon|eye|forebrain|gastrointestinal_tract|heart|kidney|large_intestine|liver|lung|midbrain,16,2,2,65.25,69.5,82,38,1305,0,1,66,0
4363,4,4,4,blood|eye|gastrointestinal_tract|lung,3,0,1,14.25,14.0,15,14,57,1,1,14,0
4436,24,24,24,adipose_tissue|adrenal_cortex|adrenal_gland|amygdala|aorta|artery|astrocyte|basal_ganglion|basophil|blood|blood_plasma|blood_platelet|bone|brain|colon|eye|forebrain|gastrointestinal_tract|heart|kidney|large_intestine|liver|lung|midbrain,20,2,2,51.125,53.0,70,18,1227,1,1,53,0
4437,12,12,12,adrenal_gland|basophil|blood|blood_plasma|blood_platelet|brain|colon|gastrointestinal_tract|heart|kidney|large_intestine|lung,9,2,1,16.916666666666668,19.0,21,6,203,0,1,45,0
4478,8,8,8,blood|blood_plasma|blood_platelet|brain|heart|kidney|liver|lung,5,2,1,57.125,59.5,64,42,457,0,1,55,0
4481,4,4,4,blood|brain|liver|lung,3,0,1,4.0,4.0,4,4,16,0,1,17,0
4485,4,4,4,blood|blood_plasma|kidney|liver,3,1,0,8.0,8.0,8,8,32,1,1,29,0
4486,20,20,20,adipose_tissue|amygdala|aorta|artery|astrocyte|basal_ganglion|blood|blood_plasma|blood_platelet|brain|colon|eye|forebrain|gastrointestinal_tract|heart|kidney|large_intestine|liver|lung|midbrain,16,2,2,21.6,22.0,25,17,432,1,1,25,0
4487,1,1,1,bone,1,0,0,12.0,12.0,12,12,12,1,1,36,0
4504,2,2,2,brain|kidney,1,1,0,1.0,1.0,1,1,2,1,1,94,0
4520,22,22,22,adipose_tissue|adrenal_cortex|adrenal_gland|amygdala|aorta|artery|astrocyte|basal_ganglion|blood|blood_plasma|blood_platelet|brain|colon|eye|forebrain|gastrointestinal_tract|heart|kidney|large_intestine|liver|lung|midbrain,18,2,2,4.681818181818182,5.0,5,3,103,1,1,43,0
4534,20,20,20,adipose_tissue|adrenal_cortex|adrenal_gland|amygdala|artery|basal_ganglion|blood|blood_plasma|blood_platelet|brain|colon|eye|forebrain|gastrointestinal_tract|heart|kidney|large_intestine|liver|lung|midbrain,16,2,2,1.8,2.0,2,1,36,0,1,52,0
4542,2,2,2,blood|kidney,1,1,0,3.5,3.5,4,3,7,1,1,0,1
4544,2,2,2,brain|eye,2,0,0,5.5,5.5,6,5,11,0,1,8,0
4583,3,3,3,colon|gastrointestinal_tract|large_intestine,3,0,0,5.0,5.0,5,5,15,1,1,5,0
4597,15,15,15,adrenal_gland|amygdala|basal_ganglion|blood|brain|colon|eye|forebrain|gastrointestinal_tract|heart|kidney|large_intestine|liver|lung|midbrain,11,2,2,13.533333333333333,14.0,18,9,203,0,1,22,0
4598,15,15,15,adrenal_gland|amygdala|basal_ganglion|blood|brain|colon|eye|forebrain|gastrointestinal_tract|heart|kidney|large_intestine|liver|lung|midbrain,11,2,2,8.333333333333334,9.0,10,5,125,1,1,28,0
4602,4,4,4,blood|colon|gastrointestinal_tract|large_intestine,4,0,0,52.5,51.5,56,51,210,1,1,53,0
4607,1,1,1,heart,0,1,0,9.0,9.0,9,9,9,0,1,21,0
4609,23,23,23,adipose_tissue|adrenal_cortex|adrenal_gland|amygdala|aorta|artery|astrocyte|basal_ganglion|blood|blood_plasma|blood_platelet|bone|brain|colon|eye|forebrain|gastrointestinal_tract|heart|kidney|large_intestine|liver|lung|midbrain,19,2,2,220.8695652173913,231.0,270,127,5080,3,1,97,0
4613,2,2,2,brain|lung,1,0,1,17.5,17.5,18,17,35,0,1,39,0
4615,24,24,24,adipose_tissue|adrenal_cortex|adrenal_gland|amygdala|aorta|artery|astrocyte|basal_ganglion|basophil|blood|blood_plasma|blood_platelet|bone|brain|colon|eye|forebrain|gastrointestinal_tract|heart|kidney|large_intestine|liver|lung|midbrain,20,2,2,31.166666666666668,29.0,48,19,748,0,1,58,0
4616,23,23,23,adipose_tissue|adrenal_cortex|adrenal_gland|amygdala|aorta|artery|basal_ganglion|basophil|blood|blood_plasma|blood_platelet|bone|brain|colon|eye|forebrain|gastrointestinal_tract|heart|kidney|large_intestine|liver|lung|midbrain,19,2,2,8.565217391304348,8.0,12,5,197,2,1,31,0
4624,1,1,1,heart,0,1,0,11.0,11.0,11,11,11,1,1,33,0
4625,1,1,1,heart,0,1,0,17.0,17.0,17,17,17,1,1,27,0
4627,24,24,24,adipose_tissue|adrenal_cortex|adrenal_gland|amygdala|aorta|artery|astrocyte|basal_ganglion|basophil|blood|blood_plasma|blood_platelet|bone|brain|colon|eye|forebrain|gastrointestinal_tract|heart|kidney|large_intestine|liver|lung|midbrain,20,2,2,126.45833333333333,133.5,165,37,3035,0,1,71,0
4628,24,24,24,adipose_tissue|adrenal_cortex|adrenal_gland|amygdala|aorta|artery|astrocyte|basal_ganglion|basophil|blood|blood_plasma|blood_platelet|bone|brain|colon|eye|forebrain|gastrointestinal_tract|heart|kidney|large_intestine|liver|lung|midbrain,20,2,2,53.375,53.5,68,25,1281,4,1,35,0
4629,22,22,22,adipose_tissue|adrenal_cortex|adrenal_gland|amygdala|aorta|artery|basal_ganglion|blood|blood_plasma|blood_platelet|bone|brain|colon|eye|forebrain|gastrointestinal_tract|heart|kidney|large_intestine|liver|lung|midbrain,18,2,2,17.954545454545453,17.5,24,12,395,1,1,22,0
4633,1,1,1,heart,0,1,0,4.0,4.0,4,4,4,1,1,28,0
4634,1,1,1,heart,0,1,0,6.0,6.0,6,6,6,2,1,17,0
4635,1,1,1,heart,0,1,0,2.0,2.0,2,2,2,0,1,14,0
4638,7,7,7,brain|forebrain|gastrointestinal_tract|heart|kidney|liver|lung,4,2,1,35.57142857142857,35.0,37,35,249,1,1,39,0
4643,19,19,19,adipose_tissue|amygdala|artery|basal_ganglion|blood|blood_plasma|blood_platelet|bone|brain|colon|eye|forebrain|gastrointestinal_tract|heart|kidney|large_intestine|liver|lung|midbrain,15,2,2,21.68421052631579,23.0,25,13,412,1,1,29,0
4644,24,24,24,adipose_tissue|adrenal_cortex|adrenal_gland|amygdala|aorta|artery|astrocyte|basal_ganglion|basophil|blood|blood_plasma|blood_platelet|bone|brain|colon|eye|forebrain|gastrointestinal_tract|heart|kidney|large_intestine|liver|lung|midbrain,20,2,2,13.541666666666666,14.0,20,6,325,0,1,36,0
4646,23,23,23,adipose_tissue|adrenal_cortex|adrenal_gland|amygdala|aorta|artery|astrocyte|basal_ganglion|blood|blood_plasma|blood_platelet|bone|brain|colon|eye|forebrain|gastrointestinal_tract|heart|kidney|large_intestine|liver|lung|midbrain,19,2,2,38.869565217391305,40.0,48,19,894,0,1,70,0
4647,6,6,6,adrenal_gland|brain|eye|gastrointestinal_tract|kidney|liver,5,1,0,9.666666666666666,10.0,11,8,58,2,1,20,0
4650,20,20,20,adrenal_gland|amygdala|aorta|artery|basal_ganglion|blood|blood_plasma|blood_platelet|bone|brain|colon|eye|forebrain|gastrointestinal_tract|heart|kidney|large_intestine|liver|lung|midbrain,16,2,2,6.75,7.0,10,5,135,1,1,26,0
4651,22,22,22,adipose_tissue|adrenal_gland|amygdala|aorta|artery|basal_ganglion|basophil|blood|blood_plasma|blood_platelet|bone|brain|colon|eye|forebrain|gastrointestinal_tract|heart|kidney|large_intestine|liver|lung|midbrain,18,2,2,9.909090909090908,10.0,13,1,218,0,1,30,0
4659,14,14,14,amygdala|basal_ganglion|blood|blood_plasma|brain|colon|forebrain|gastrointestinal_tract|heart|kidney|large_intestine|liver|lung|midbrain,10,2,2,34.07142857142857,34.5,39,28,477,1,1,69,0
4664,21,21,21,adipose_tissue|adrenal_cortex|adrenal_gland|amygdala|artery|basal_ganglion|blood|blood_plasma|blood_platelet|bone|brain|colon|eye|forebrain|gastrointestinal_tract|heart|kidney|large_intestine|liver|lung|midbrain,17,2,2,3.5238095238095237,3.0,6,1,74,0,1,0,1
4665,22,22,22,adipose_tissue|adrenal_cortex|adrenal_gland|amygdala|aorta|artery|basal_ganglion|blood|blood_plasma|blood_platelet|bone|brain|colon|eye|forebrain|gastrointestinal_tract|heart|kidney|large_intestine|liver|lung|midbrain,18,2,2,20.636363636363637,21.5,27,13,454,2,1,24,0
4670,15,15,15,adrenal_gland|amygdala|aorta|artery|basal_ganglion|blood|brain|colon|forebrain|gastrointestinal_tract|heart|kidney|large_intestine|liver|lung,12,2,1,119.06666666666666,125.0,138,81,1786,1,1,34,0
4678,19,19,19,adrenal_cortex|adrenal_gland|amygdala|basal_ganglion|blood|blood_plasma|blood_platelet|bone|brain|colon|eye|forebrain|gastrointestinal_tract|heart|kidney|large_intestine|liver|lung|midbrain,15,2,2,25.789473684210527,25.0,31,17,490,3,1,35,0
4681,21,21,21,adipose_tissue|adrenal_cortex|adrenal_gland|amygdala|artery|basal_ganglion|blood|blood_plasma|blood_platelet|bone|brain|colon|eye|forebrain|gastrointestinal_tract|heart|kidney|large_intestine|liver|lung|midbrain,17,2,2,2.0952380952380953,2.0,3,2,44,2,1,42,0
4683,24,24,24,adipose_tissue|adrenal_cortex|adrenal_gland|amygdala|aorta|artery|astrocyte|basal_ganglion|basophil|blood|blood_plasma|blood_platelet|bone|brain|colon|eye|forebrain|gastrointestinal_tract|heart|kidney|large_intestine|liver|lung|midbrain,20,2,2,42.583333333333336,45.0,57,15,1022,0,1,63,0
4686,10,10,10,blood|bone|brain|colon|gastrointestinal_tract|heart|kidney|large_intestine|liver|lung,7,2,1,93.1,99.0,104,54,931,1,1,64,0
4688,3,3,3,blood|blood_plasma|blood_platelet,3,0,0,10.666666666666666,11.0,13,8,32,0,1,11,0
4690,23,23,23,adipose_tissue|adrenal_cortex|adrenal_gland|amygdala|aorta|artery|basal_ganglion|basophil|blood|blood_plasma|blood_platelet|bone|brain|colon|eye|forebrain|gastrointestinal_tract|heart|kidney|large_intestine|liver|lung|midbrain,19,2,2,72.34782608695652,70.0,101,32,1664,0,1,83,0
4691,24,24,24,adipose_tissue|adrenal_cortex|adrenal_gland|amygdala|aorta|artery|astrocyte|basal_ganglion|basophil|blood|blood_plasma|blood_platelet|bone|brain|colon|eye|forebrain|gastrointestinal_tract|heart|kidney|large_intestine|liver|lung|midbrain,20,2,2,125.5,123.5,179,38,3012,1,1,64,0
4693,2,2,2,brain|eye,2,0,0,6.0,6.0,6,6,12,4,1,35,0
4700,19,19,19,adipose_tissue|adrenal_cortex|adrenal_gland|artery|astrocyte|basal_ganglion|blood|blood_plasma|blood_platelet|brain|colon|eye|forebrain|gastrointestinal_tract|heart|kidney|large_intestine|liver|lung,16,2,1,15.157894736842104,16.0,19,8,288,1,1,13,0
4710,19,19,19,adipose_tissue|adrenal_cortex|adrenal_gland|artery|astrocyte|basal_ganglion|blood|blood_plasma|blood_platelet|brain|colon|eye|forebrain|gastrointestinal_tract|heart|kidney|large_intestine|liver|lung,16,2,1,19.210526315789473,21.0,23,10,365,0,1,24,0
4719,15,15,15,adipose_tissue|amygdala|basal_ganglion|blood|blood_plasma|brain|colon|forebrain|gastrointestinal_tract|heart|kidney|large_intestine|liver|lung|midbrain,11,2,2,36.733333333333334,38.0,41,27,551,1,1,30,0
4720,19,19,19,adipose_tissue|adrenal_cortex|adrenal_gland|artery|astrocyte|basal_ganglion|blood|blood_plasma|blood_platelet|brain|colon|eye|forebrain|gastrointestinal_tract|heart|kidney|large_intestine|liver|lung,16,2,1,22.94736842105263,24.0,30,12,436,0,1,18,0
4722,22,22,22,adipose_tissue|adrenal_cortex|adrenal_gland|amygdala|aorta|artery|astrocyte|basal_ganglion|blood|blood_plasma|blood_platelet|brain|colon|eye|forebrain|gastrointestinal_tract|heart|kidney|large_intestine|liver|lung|midbrain,18,2,2,26.136363636363637,29.0,36,11,575,0,1,34,0
4724,23,23,23,adipose_tissue|adrenal_cortex|adrenal_gland|amygdala|aorta|artery|basal_ganglion|basophil|blood|blood_plasma|blood_platelet|bone|brain|colon|eye|forebrain|gastrointestinal_tract|heart|kidney|large_intestine|liver|lung|midbrain,19,2,2,23.391304347826086,27.0,32,1,538,1,1,42,0
4725,16,16,16,adrenal_gland|amygdala|basal_ganglion|blood|blood_plasma|brain|colon|eye|forebrain|gastrointestinal_tract|heart|kidney|large_intestine|liver|lung|midbrain,12,2,2,17.6875,18.0,21,13,283,0,1,18,0
4728,21,21,21,adipose_tissue|adrenal_cortex|adrenal_gland|amygdala|artery|astrocyte|basal_ganglion|blood|blood_plasma|blood_platelet|brain|colon|eye|forebrain|gastrointestinal_tract|heart|kidney|large_intestine|liver|lung|midbrain,17,2,2,23.666666666666668,25.0,30,13,497,1,1,20,0
4729,15,15,15,adipose_tissue|amygdala|basal_ganglion|blood|blood_plasma|brain|colon|forebrain|gastrointestinal_tract|heart|kidney|large_intestine|liver|lung|midbrain,11,2,2,23.4,24.0,27,19,351,0,1,23,0
4734,23,23,23,adipose_tissue|adrenal_cortex|adrenal_gland|amygdala|aorta|artery|astrocyte|basal_ganglion|blood|blood_plasma|blood_platelet|bone|brain|colon|eye|forebrain|gastrointestinal_tract|heart|kidney|large_intestine|liver|lung|midbrain,19,2,2,110.69565217391305,110.0,140,69,2546,1,1,92,0
4747,1,1,1,brain,1,0,0,28.0,28.0,28,28,28,0,1,24,0
4750,16,16,16,adrenal_gland|amygdala|basal_ganglion|blood|bone|brain|colon|eye|forebrain|gastrointestinal_tract|heart|kidney|large_intestine|liver|lung|midbrain,12,2,2,11.3125,12.0,13,8,181,1,1,38,0
4751,1,1,1,blood,1,0,0,17.0,17.0,17,17,17,1,1,62,0
4756,1,1,1,kidney,0,1,0,3.0,3.0,3,3,3,0,1,20,0
4760,2,2,2,brain|eye,2,0,0,15.5,15.5,16,15,31,1,1,69,0
4763,24,24,24,adipose_tissue|adrenal_cortex|adrenal_gland|amygdala|aorta|artery|astrocyte|basal_ganglion|basophil|blood|blood_plasma|blood_platelet|bone|brain|colon|eye|forebrain|gastrointestinal_tract|heart|kidney|large_intestine|liver|lung|midbrain,20,2,2,11.416666666666666,11.5,17,3,274,5,1,74,0
4771,24,24,24,adipose_tissue|adrenal_cortex|adrenal_gland|amygdala|aorta|artery|astrocyte|basal_ganglion|basophil|blood|blood_plasma|blood_platelet|bone|brain|colon|eye|forebrain|gastrointestinal_tract|heart|kidney|large_intestine|liver|lung|midbrain,20,2,2,31.625,33.0,38,12,759,1,1,53,0
4772,2,2,2,artery|blood,2,0,0,41.0,41.0,49,33,82,2,1,57,0
4773,2,2,2,blood|heart,1,1,0,33.5,33.5,35,32,67,1,1,58,0
4775,24,24,24,adipose_tissue|adrenal_cortex|adrenal_gland|amygdala|aorta|artery|astrocyte|basal_ganglion|basophil|blood|blood_plasma|blood_platelet|bone|brain|colon|eye|forebrain|gastrointestinal_tract|heart|kidney|large_intestine|liver|lung|midbrain,20,2,2,9.0,9.0,13,3,216,0,1,56,0
4778,20,20,20,adrenal_cortex|adrenal_gland|aorta|artery|basal_ganglion|blood|blood_plasma|blood_platelet|bone|brain|colon|eye|forebrain|gastrointestinal_tract|heart|kidney|large_intestine|liver|lung|midbrain,16,2,2,14.7,15.0,17,10,294,2,1,14,0
4780,19,19,19,adipose_tissue|adrenal_cortex|adrenal_gland|artery|astrocyte|basal_ganglion|blood|blood_plasma|blood_platelet|brain|colon|eye|forebrain|gastrointestinal_tract|heart|kidney|large_intestine|liver|lung,16,2,1,49.94736842105263,52.0,57,32,949,1,1,76,0
4781,19,19,19,adrenal_cortex|adrenal_gland|amygdala|basal_ganglion|blood|blood_plasma|blood_platelet|bone|brain|colon|eye|forebrain|gastrointestinal_tract|heart|kidney|large_intestine|liver|lung|midbrain,15,2,2,2.1052631578947367,2.0,4,1,40,3,1,63,0
4790,24,24,24,adipose_tissue|adrenal_cortex|adrenal_gland|amygdala|aorta|artery|astrocyte|basal_ganglion|basophil|blood|blood_plasma|blood_platelet|bone|brain|colon|eye|forebrain|gastrointestinal_tract|heart|kidney|large_intestine|liver|lung|midbrain,20,2,2,116.70833333333333,120.0,149,44,2801,0,1,66,0
4791,21,21,21,adipose_tissue|adrenal_gland|amygdala|aorta|artery|basal_ganglion|blood|blood_plasma|blood_platelet|bone|brain|colon|eye|forebrain|gastrointestinal_tract|heart|kidney|large_intestine|liver|lung|midbrain,17,2,2,76.71428571428571,76.0,94,51,1611,2,1,51,0
4792,24,24,24,adipose_tissue|adrenal_cortex|adrenal_gland|amygdala|aorta|artery|astrocyte|basal_ganglion|basophil|blood|blood_plasma|blood_platelet|bone|brain|colon|eye|forebrain|gastrointestinal_tract|heart|kidney|large_intestine|liver|lung|midbrain,20,2,2,85.70833333333333,90.0,113,36,2057,4,1,65,0
4796,1,1,1,heart,0,1,0,13.0,13.0,13,13,13,2,1,27,0
4803,2,2,2,heart|kidney,0,2,0,9.5,9.5,11,8,19,0,1,26,0
4804,1,1,1,kidney,0,1,0,36.0,36.0,36,36,36,1,1,19,0
4810,3,3,3,blood|brain|eye,3,0,0,5.333333333333333,5.0,6,5,16,1,1,0,1
4811,4,4,4,blood|blood_plasma|heart|kidney,2,2,0,17.5,17.5,20,15,70,0,1,11,0
4824,24,24,24,adipose_tissue|adrenal_cortex|adrenal_gland|amygdala|aorta|artery|astrocyte|basal_ganglion|basophil|blood|blood_plasma|blood_platelet|bone|brain|colon|eye|forebrain|gastrointestinal_tract|heart|kidney|large_intestine|liver|lung|midbrain,20,2,2,17.458333333333332,19.0,22,7,419,0,1,78,0
4830,23,23,23,adipose_tissue|adrenal_cortex|adrenal_gland|amygdala|aorta|artery|basal_ganglion|basophil|blood|blood_plasma|blood_platelet|bone|brain|colon|eye|forebrain|gastrointestinal_tract|heart|kidney|large_intestine|liver|lung|midbrain,19,2,2,31.0,31.0,39,13,713,2,1,33,0
4831,23,23,23,adipose_tissue|adrenal_cortex|adrenal_gland|amygdala|aorta|artery|basal_ganglion|basophil|blood|blood_plasma|blood_platelet|bone|brain|colon|eye|forebrain|gastrointestinal_tract|heart|kidney|large_intestine|liver|lung|midbrain,19,2,2,38.30434782608695,40.0,50,13,881,1,1,68,0
4836,15,15,15,adrenal_gland|amygdala|aorta|artery|basal_ganglion|blood|brain|colon|forebrain|gastrointestinal_tract|heart|kidney|large_intestine|liver|lung,12,2,1,20.933333333333334,21.0,26,13,314,3,1,27,0
4842,3,3,3,brain|heart|kidney,1,2,0,24.0,22.0,29,21,72,2,1,83,0
4843,4,4,4,blood|brain|eye|liver,4,0,0,66.5,67.5,71,60,266,0,1,57,0
4846,8,8,8,blood|blood_plasma|blood_platelet|brain|eye|heart|liver|lung,6,1,1,35.0,36.5,41,27,280,0,1,60,0
4850,19,19,19,adrenal_gland|amygdala|aorta|artery|basal_ganglion|blood|blood_plasma|bone|brain|colon|eye|forebrain|gastrointestinal_tract|heart|kidney|large_intestine|liver|lung|midbrain,15,2,2,13.789473684210526,14.0,15,12,262,0,1,22,0
4851,24,24,24,adipose_tissue|adrenal_cortex|adrenal_gland|amygdala|aorta|artery|astrocyte|basal_ganglion|basophil|blood|blood_plasma|blood_platelet|bone|brain|colon|eye|forebrain|gastrointestinal_tract|heart|kidney|large_intestine|liver|lung|midbrain,20,2,2,93.91666666666667,98.5,122,33,2254,2,1,76,0
4852,2,2,2,adrenal_gland|brain,2,0,0,8.0,8.0,10,6,16,0,1,23,0
4853,24,24,24,adipose_tissue|adrenal_cortex|adrenal_gland|amygdala|aorta|artery|astrocyte|basal_ganglion|basophil|blood|blood_plasma|blood_platelet|bone|brain|colon|eye|forebrain|gastrointestinal_tract|heart|kidney|large_intestine|liver|lung|midbrain,20,2,2,19.625,20.0,28,10,471,0,1,36,0
4854,1,1,1,artery,1,0,0,21.0,21.0,21,21,21,1,1,17,0
4855,4,4,4,heart|kidney|liver|lung,1,2,1,15.75,16.0,16,15,63,2,1,13,0
4857,15,15,15,adrenal_gland|amygdala|aorta|artery|basal_ganglion|blood|brain|colon|forebrain|gastrointestinal_tract|heart|kidney|large_intestine|liver|lung,12,2,1,5.133333333333334,6.0,7,3,77,3,1,20,0
4860,24,24,24,adipose_tissue|adrenal_cortex|adrenal_gland|amygdala|aorta|artery|astrocyte|basal_ganglion|basophil|blood|blood_plasma|blood_platelet|bone|brain|colon|eye|forebrain|gastrointestinal_tract|heart|kidney|large_intestine|liver|lung|midbrain,20,2,2,14.75,15.5,21,6,354,1,1,43,0
4863,7,7,7,basal_ganglion|blood|brain|colon|forebrain|gastrointestinal_tract|large_intestine,7,0,0,9.285714285714286,9.0,10,9,65,0,1,48,0
4864,21,21,21,adipose_tissue|adrenal_cortex|adrenal_gland|amygdala|aorta|artery|basal_ganglion|blood|blood_plasma|blood_platelet|brain|colon|eye|forebrain|gastrointestinal_tract|heart|kidney|large_intestine|liver|lung|midbrain,17,2,2,8.523809523809524,9.0,9,6,179,0,1,49,0
4867,8,8,8,adrenal_gland|basal_ganglion|brain|forebrain|gastrointestinal_tract|kidney|liver|lung,6,1,1,27.5,29.0,31,20,220,0,1,17,0
4868,1,1,1,kidney,0,1,0,14.0,14.0,14,14,14,0,1,20,0
4869,21,21,21,adipose_tissue|adrenal_gland|amygdala|aorta|artery|basal_ganglion|blood|blood_plasma|blood_platelet|bone|brain|colon|eye|forebrain|gastrointestinal_tract|heart|kidney|large_intestine|liver|lung|midbrain,17,2,2,204.1904761904762,205.0,268,127,4288,0,1,93,0
4878,3,3,3,blood|blood_plasma|heart,2,1,0,4.333333333333333,4.0,5,4,13,1,1,25,0
4879,5,5,5,adrenal_gland|blood|blood_plasma|eye|heart,4,1,0,2.6,2.0,4,2,13,1,1,22,0
4880,5,5,5,blood|blood_plasma|brain|heart|liver,4,1,0,1.6,2.0,2,1,8,0,1,27,0
4882,5,5,5,brain|heart|kidney|liver|lung,2,2,1,7.4,7.0,10,6,37,0,1,26,0
4887,6,6,6,amygdala|basal_ganglion|brain|forebrain|gastrointestinal_tract|midbrain,5,0,1,3.1666666666666665,3.0,4,3,19,0,1,4,0
4891,23,23,23,adipose_tissue|adrenal_cortex|adrenal_gland|amygdala|aorta|artery|astrocyte|basal_ganglion|blood|blood_plasma|blood_platelet|bone|brain|colon|eye|forebrain|gastrointestinal_tract|heart|kidney|large_intestine|liver|lung|midbrain,19,2,2,4.391304347826087,4.0,5,3,101,1,1,33,0
4897,5,5,5,amygdala|basal_ganglion|brain|forebrain|midbrain,4,0,1,3.4,3.0,5,3,17,0,1,13,0
4899,16,16,16,adrenal_gland|amygdala|basal_ganglion|blood|blood_plasma|brain|colon|eye|forebrain|gastrointestinal_tract|heart|kidney|large_intestine|liver|lung|midbrain,12,2,2,13.25,14.5,16,9,212,0,1,50,0
4904,4,4,4,brain|forebrain|kidney|lung,2,1,1,146.75,150.5,159,127,587,0,1,62,0
4905,20,20,20,adrenal_cortex|adrenal_gland|amygdala|aorta|artery|basal_ganglion|blood|blood_plasma|blood_platelet|brain|colon|eye|forebrain|gastrointestinal_tract|heart|kidney|large_intestine|liver|lung|midbrain,16,2,2,33.2,35.0,43,18,664,1,1,42,0
4909,4,4,4,brain|gastrointestinal_tract|kidney|liver,3,1,0,5.5,5.5,6,5,22,0,1,12,0
4913,12,12,12,amygdala|basal_ganglion|brain|colon|forebrain|gastrointestinal_tract|heart|kidney|large_intestine|liver|lung|midbrain,8,2,2,5.75,6.0,7,5,69,1,1,35,0
4914,1,1,1,blood,1,0,0,722.0,722.0,722,722,722,0,1,85,0
4915,17,17,17,adipose_tissue|amygdala|basal_ganglion|blood|blood_plasma|bone|brain|colon|eye|forebrain|gastrointestinal_tract|heart|kidney|large_intestine|liver|lung|midbrain,13,2,2,22.58823529411765,22.0,26,18,384,2,1,56,0
4916,1,1,1,brain,1,0,0,17.0,17.0,17,17,17,1,1,39,0
4920,3,3,3,brain|heart|lung,1,1,1,12.666666666666666,12.0,14,12,38,0,1,9,0
4921,4,4,4,brain|eye|kidney|liver,3,1,0,7.25,7.5,8,6,29,1,1,72,0
4923,3,3,3,blood|brain|gastrointestinal_tract,3,0,0,3.0,3.0,3,3,9,1,1,12,0
4926,20,20,20,adrenal_cortex|adrenal_gland|amygdala|artery|basal_ganglion|blood|blood_plasma|blood_platelet|bone|brain|colon|eye|forebrain|gastrointestinal_tract|heart|kidney|large_intestine|liver|lung|midbrain,16,2,2,43.25,42.5,54,26,865,1,1,21,0
4929,6,6,6,adrenal_cortex|adrenal_gland|basal_ganglion|brain|forebrain|midbrain,5,0,1,17.333333333333332,17.5,20,13,104,5,1,72,0
4952,21,21,21,adipose_tissue|adrenal_cortex|adrenal_gland|amygdala|aorta|artery|basal_ganglion|blood|blood_plasma|blood_platelet|brain|colon|eye|forebrain|gastrointestinal_tract|heart|kidney|large_intestine|liver|lung|midbrain,17,2,2,13.952380952380953,15.0,17,8,293,0,1,33,0
4953,20,20,20,adipose_tissue|amygdala|aorta|artery|astrocyte|basal_ganglion|blood|blood_plasma|blood_platelet|brain|colon|eye|forebrain|gastrointestinal_tract|heart|kidney|large_intestine|liver|lung|midbrain,16,2,2,6.0,6.0,8,5,120,0,1,26,0
4968,22,22,22,adipose_tissue|adrenal_cortex|adrenal_gland|amygdala|artery|astrocyte|basal_ganglion|blood|blood_plasma|blood_platelet|bone|brain|colon|eye|forebrain|gastrointestinal_tract|heart|kidney|large_intestine|liver|lung|midbrain,18,2,2,5.545454545454546,6.0,6,4,122,2,1,57,0
4974,1,1,1,brain,1,0,0,1.0,1.0,1,1,1,3,1,0,1
4976,20,20,20,adipose_tissue|adrenal_gland|amygdala|aorta|artery|basal_ganglion|blood|blood_plasma|blood_platelet|brain|colon|eye|forebrain|gastrointestinal_tract|heart|kidney|large_intestine|liver|lung|midbrain,16,2,2,14.3,15.0,17,11,286,0,1,38,0
4982,1,1,1,kidney,0,1,0,5.0,5.0,5,5,5,1,1,2,0
4983,23,23,23,adipose_tissue|adrenal_cortex|adrenal_gland|amygdala|aorta|artery|astrocyte|basal_ganglion|blood|blood_plasma|blood_platelet|bone|brain|colon|eye|forebrain|gastrointestinal_tract|heart|kidney|large_intestine|liver|lung|midbrain,19,2,2,3.130434782608696,3.0,4,3,72,0,1,2,0
4985,5,5,5,amygdala|basal_ganglion|brain|forebrain|kidney,4,1,0,17.8,17.0,20,15,89,1,1,39,0
4988,8,8,8,amygdala|basal_ganglion|blood|brain|forebrain|kidney|lung|midbrain,5,1,2,19.25,19.5,24,15,154,0,1,42,0
5000,8,8,8,blood|brain|colon|gastrointestinal_tract|heart|kidney|large_intestine|lung,5,2,1,18.375,18.0,19,18,147,1,1,33,0
5002,5,5,5,brain|heart|kidney|liver|lung,2,2,1,3.2,3.0,4,3,16,2,1,17,0
5008,1,1,1,blood,1,0,0,4.0,4.0,4,4,4,0,1,47,0
5015,1,1,1,eye,1,0,0,9.0,9.0,9,9,9,2,1,56,0
5018,21,21,21,adipose_tissue|adrenal_gland|amygdala|aorta|artery|basal_ganglion|blood|blood_plasma|blood_platelet|bone|brain|colon|eye|forebrain|gastrointestinal_tract|heart|kidney|large_intestine|liver|lung|midbrain,17,2,2,19.38095238095238,19.0,24,11,407,1,1,33,0
5025,23,23,23,adipose_tissue|adrenal_cortex|adrenal_gland|amygdala|aorta|artery|astrocyte|basal_ganglion|blood|blood_plasma|blood_platelet|bone|brain|colon|eye|forebrain|gastrointestinal_tract|heart|kidney|large_intestine|liver|lung|midbrain,19,2,2,8.434782608695652,10.0,11,2,194,1,1,47,0
5027,5,5,5,blood|brain|heart|liver|lung,3,1,1,3.6,4.0,4,3,18,1,1,54,0
5033,21,21,21,adipose_tissue|adrenal_gland|amygdala|aorta|artery|basal_ganglion|blood|blood_plasma|blood_platelet|bone|brain|colon|eye|forebrain|gastrointestinal_tract|heart|kidney|large_intestine|liver|lung|midbrain,17,2,2,11.0,11.0,16,7,231,0,1,9,0
5045,24,24,24,adipose_tissue|adrenal_cortex|adrenal_gland|amygdala|aorta|artery|astrocyte|basal_ganglion|basophil|blood|blood_plasma|blood_platelet|bone|brain|colon|eye|forebrain|gastrointestinal_tract|heart|kidney|large_intestine|liver|lung|midbrain,20,2,2,12.083333333333334,12.0,16,6,290,2,1,57,0
5046,4,4,4,brain|forebrain|heart|liver,3,1,0,3.25,3.0,4,3,13,0,1,27,0
5048,24,24,24,adipose_tissue|adrenal_cortex|adrenal_gland|amygdala|aorta|artery|astrocyte|basal_ganglion|basophil|blood|blood_plasma|blood_platelet|bone|brain|colon|eye|forebrain|gastrointestinal_tract|heart|kidney|large_intestine|liver|lung|midbrain,20,2,2,22.833333333333332,24.5,31,7,548,5,1,45,0
5052,24,24,24,adipose_tissue|adrenal_cortex|adrenal_gland|amygdala|aorta|artery|astrocyte|basal_ganglion|basophil|blood|blood_plasma|blood_platelet|bone|brain|colon|eye|forebrain|gastrointestinal_tract|heart|kidney|large_intestine|liver|lung|midbrain,20,2,2,65.0,68.0,83,22,1560,1,1,32,0
5054,5,5,5,adipose_tissue|blood|blood_plasma|blood_platelet|heart,4,1,0,15.8,17.0,20,11,79,1,1,47,0
5058,23,23,23,adipose_tissue|adrenal_cortex|adrenal_gland|amygdala|aorta|artery|basal_ganglion|basophil|blood|blood_plasma|blood_platelet|bone|brain|colon|eye|forebrain|gastrointestinal_tract|heart|kidney|large_intestine|liver|lung|midbrain,19,2,2,69.6086956521739,70.0,85,35,1601,5,1,67,0
5062,18,18,18,adipose_tissue|adrenal_cortex|adrenal_gland|basal_ganglion|blood|blood_plasma|blood_platelet|bone|brain|colon|eye|forebrain|gastrointestinal_tract|heart|kidney|large_intestine|liver|lung,15,2,1,64.05555555555556,67.0,76,49,1153,1,1,52,0
5064,8,8,8,adrenal_cortex|adrenal_gland|brain|gastrointestinal_tract|heart|kidney|liver|lung,5,2,1,3.0,3.0,4,2,24,1,1,38,0
5071,11,11,11,adrenal_gland|amygdala|basal_ganglion|brain|colon|forebrain|gastrointestinal_tract|heart|kidney|large_intestine|midbrain,8,2,1,157.72727272727272,160.0,190,132,1735,1,1,93,0
5073,9,9,9,blood|brain|colon|gastrointestinal_tract|heart|kidney|large_intestine|liver|lung,6,2,1,12.777777777777779,13.0,14,12,115,1,1,18,0
5074,24,24,24,adipose_tissue|adrenal_cortex|adrenal_gland|amygdala|aorta|artery|astrocyte|basal_ganglion|basophil|blood|blood_plasma|blood_platelet|bone|brain|colon|eye|forebrain|gastrointestinal_tract|heart|kidney|large_intestine|liver|lung|midbrain,20,2,2,21.375,22.5,26,10,513,0,1,23,0
5076,2,2,2,eye|kidney,1,1,0,11.0,11.0,12,10,22,1,1,86,0
5077,5,5,5,basal_ganglion|brain|forebrain|kidney|lung,3,1,1,17.0,17.0,20,15,85,1,1,43,0
5079,1,1,1,blood,1,0,0,23.0,23.0,23,23,23,0,1,0,1
5080,1,1,1,brain,1,0,0,45.0,45.0,45,45,45,3,1,74,0
5081,4,4,4,amygdala|basal_ganglion|brain|forebrain,4,0,0,6.0,6.0,6,6,24,2,1,0,1
5087,22,22,22,adipose_tissue|adrenal_cortex|adrenal_gland|amygdala|artery|astrocyte|basal_ganglion|blood|blood_plasma|blood_platelet|bone|brain|colon|eye|forebrain|gastrointestinal_tract|heart|kidney|large_intestine|liver|lung|midbrain,18,2,2,20.318181818181817,20.5,26,13,447,2,1,14,0
5089,1,1,1,kidney,0,1,0,19.0,19.0,19,19,19,1,1,8,0
5090,20,20,20,adrenal_cortex|adrenal_gland|amygdala|aorta|artery|basal_ganglion|blood|blood_plasma|blood_platelet|brain|colon|eye|forebrain|gastrointestinal_tract|heart|kidney|large_intestine|liver|lung|midbrain,16,2,2,5.2,5.0,8,3,104,1,1,0,1
5094,22,22,22,adipose_tissue|adrenal_gland|amygdala|aorta|artery|astrocyte|basal_ganglion|blood|blood_plasma|blood_platelet|bone|brain|colon|eye|forebrain|gastrointestinal_tract|heart|kidney|large_intestine|liver|lung|midbrain,18,2,2,58.5,62.0,76,27,1287,2,1,42,0
5100,5,5,5,amygdala|basal_ganglion|brain|forebrain|midbrain,4,0,1,3.0,3.0,3,3,15,1,1,0,1
5108,23,23,23,adipose_tissue|adrenal_cortex|adrenal_gland|amygdala|aorta|artery|astrocyte|basal_ganglion|blood|blood_plasma|blood_platelet|bone|brain|colon|eye|forebrain|gastrointestinal_tract|heart|kidney|large_intestine|liver|lung|midbrain,19,2,2,42.26086956521739,46.0,56,15,972,1,1,43,0
5110,11,11,11,blood|blood_plasma|blood_platelet|brain|colon|gastrointestinal_tract|heart|kidney|large_intestine|liver|lung,8,2,1,51.72727272727273,52.0,57,40,569,0,1,14,0
5111,7,7,7,adrenal_gland|blood|brain|colon|gastrointestinal_tract|large_intestine|lung,6,0,1,162.0,168.0,172,125,1134,1,1,79,0
5116,15,15,15,adrenal_gland|amygdala|basal_ganglion|blood|brain|colon|eye|forebrain|gastrointestinal_tract|heart|kidney|large_intestine|liver|lung|midbrain,11,2,2,18.333333333333332,18.0,22,11,275,1,1,28,0
5119,22,22,22,adipose_tissue|adrenal_cortex|adrenal_gland|amygdala|aorta|artery|astrocyte|basal_ganglion|blood|blood_plasma|bone|brain|colon|eye|forebrain|gastrointestinal_tract|heart|kidney|large_intestine|liver|lung|midbrain,18,2,2,15.136363636363637,15.0,21,5,333,0,1,54,0
5125,7,7,7,adrenal_cortex|adrenal_gland|brain|gastrointestinal_tract|heart|kidney|lung,4,2,1,8.142857142857142,8.0,10,7,57,2,1,36,0
5130,21,21,21,adipose_tissue|adrenal_cortex|adrenal_gland|amygdala|aorta|artery|basal_ganglion|blood|blood_plasma|blood_platelet|brain|colon|eye|forebrain|gastrointestinal_tract|heart|kidney|large_intestine|liver|lung|midbrain,17,2,2,9.238095238095237,9.0,12,7,194,1,1,22,0
5139,6,6,6,adipose_tissue|blood|blood_plasma|blood_platelet|heart|liver,5,1,0,12.166666666666666,12.0,16,7,73,1,1,20,0
5140,19,19,19,adipose_tissue|adrenal_cortex|adrenal_gland|amygdala|basal_ganglion|blood|blood_plasma|bone|brain|colon|eye|forebrain|gastrointestinal_tract|heart|kidney|large_intestine|liver|lung|midbrain,15,2,2,6.315789473684211,5.0,11,3,120,1,1,40,0
5147,20,20,20,adrenal_gland|amygdala|aorta|artery|basal_ganglion|blood|blood_plasma|blood_platelet|bone|brain|colon|eye|forebrain|gastrointestinal_tract|heart|kidney|large_intestine|liver|lung|midbrain,16,2,2,18.0,18.0,23,14,360,0,1,8,0
5148,1,1,1,eye,1,0,0,7.0,7.0,7,7,7,1,1,0,1
5154,24,24,24,adipose_tissue|adrenal_cortex|adrenal_gland|amygdala|aorta|artery|astrocyte|basal_ganglion|basophil|blood|blood_plasma|blood_platelet|bone|brain|colon|eye|forebrain|gastrointestinal_tract|heart|kidney|large_intestine|liver|lung|midbrain,20,2,2,11.75,12.0,16,6,282,0,1,59,0
5155,24,24,24,adipose_tissue|adrenal_cortex|adrenal_gland|amygdala|aorta|artery|astrocyte|basal_ganglion|basophil|blood|blood_plasma|blood_platelet|bone|brain|colon|eye|forebrain|gastrointestinal_tract|heart|kidney|large_intestine|liver|lung|midbrain,20,2,2,10.666666666666666,10.5,15,6,256,4,1,80,0
5156,6,6,6,blood|blood_plasma|blood_platelet|bone|brain|liver,6,0,0,31.833333333333332,32.5,37,27,191,2,1,82,0
5158,2,2,2,brain|eye,2,0,0,3.5,3.5,6,1,7,0,1,16,0
5159,2,2,2,kidney|lung,0,1,1,62.5,62.5,64,61,125,1,1,80,0
5167,1,1,1,adipose_tissue,1,0,0,3.0,3.0,3,3,3,1,1,63,0
5168,9,9,9,blood|brain|colon|gastrointestinal_tract|heart|kidney|large_intestine|liver|lung,6,2,1,3.3333333333333335,3.0,5,3,30,2,1,35,0
5170,20,20,20,adipose_tissue|adrenal_cortex|adrenal_gland|amygdala|aorta|artery|basal_ganglion|blood|blood_plasma|brain|colon|eye|forebrain|gastrointestinal_tract|heart|kidney|large_intestine|liver|lung|midbrain,16,2,2,47.6,48.0,63,30,952,1,1,56,0
5174,5,5,5,adrenal_cortex|adrenal_gland|gastrointestinal_tract|kidney|liver,4,1,0,12.2,12.0,18,8,61,1,1,26,0
5175,7,7,7,blood|blood_plasma|blood_platelet|eye|gastrointestinal_tract|heart|kidney,5,2,0,21.857142857142858,21.0,27,19,153,0,1,21,0
5176,24,24,24,adipose_tissue|adrenal_cortex|adrenal_gland|amygdala|aorta|artery|astrocyte|basal_ganglion|basophil|blood|blood_plasma|blood_platelet|bone|brain|colon|eye|forebrain|gastrointestinal_tract|heart|kidney|large_intestine|liver|lung|midbrain,20,2,2,5.416666666666667,6.0,6,2,130,1,1,17,0
5189,16,16,16,amygdala|basal_ganglion|blood|blood_plasma|blood_platelet|brain|colon|eye|forebrain|gastrointestinal_tract|heart|kidney|large_intestine|liver|lung|midbrain,12,2,2,6.875,7.0,9,4,110,1,1,36,0
5190,17,17,17,amygdala|basal_ganglion|blood|blood_plasma|blood_platelet|bone|brain|colon|eye|forebrain|gastrointestinal_tract|heart|kidney|large_intestine|liver|lung|midbrain,13,2,2,5.411764705882353,6.0,8,2,92,0,1,30,0
5191,23,23,23,adipose_tissue|adrenal_cortex|adrenal_gland|amygdala|aorta|artery|basal_ganglion|basophil|blood|blood_plasma|blood_platelet|bone|brain|colon|eye|forebrain|gastrointestinal_tract|heart|kidney|large_intestine|liver|lung|midbrain,19,2,2,5.3478260869565215,5.0,7,2,123,0,1,31,0
5192,2,2,2,kidney|liver,1,1,0,10.5,10.5,11,10,21,2,1,21,0
5193,2,2,2,kidney|liver,1,1,0,4.0,4.0,4,4,8,1,1,27,0
5194,24,24,24,adipose_tissue|adrenal_cortex|adrenal_gland|amygdala|aorta|artery|astrocyte|basal_ganglion|basophil|blood|blood_plasma|blood_platelet|bone|brain|colon|eye|forebrain|gastrointestinal_tract|heart|kidney|large_intestine|liver|lung|midbrain,20,2,2,5.958333333333333,6.0,7,3,143,0,1,30,0
5195,21,21,21,adipose_tissue|adrenal_gland|amygdala|aorta|artery|basal_ganglion|blood|blood_plasma|blood_platelet|bone|brain|colon|eye|forebrain|gastrointestinal_tract|heart|kidney|large_intestine|liver|lung|midbrain,17,2,2,19.523809523809526,20.0,27,13,410,2,1,59,0
5196,3,3,3,blood|blood_plasma|blood_platelet,3,0,0,6.333333333333333,6.0,9,4,19,0,1,49,0
5204,20,20,20,adipose_tissue|adrenal_cortex|adrenal_gland|amygdala|artery|basal_ganglion|blood|blood_plasma|bone|brain|colon|eye|forebrain|gastrointestinal_tract|heart|kidney|large_intestine|liver|lung|midbrain,16,2,2,50.1,49.0,61,36,1002,1,1,28,0
5211,21,21,21,adipose_tissue|adrenal_gland|amygdala|aorta|artery|basal_ganglion|blood|blood_plasma|blood_platelet|bone|brain|colon|eye|forebrain|gastrointestinal_tract|heart|kidney|large_intestine|liver|lung|midbrain,17,2,2,23.19047619047619,23.0,31,18,487,1,1,37,0
5213,21,21,21,adipose_tissue|adrenal_gland|amygdala|aorta|artery|basal_ganglion|blood|blood_plasma|blood_platelet|bone|brain|colon|eye|forebrain|gastrointestinal_tract|heart|kidney|large_intestine|liver|lung|midbrain,17,2,2,24.047619047619047,24.0,31,12,505,0,1,38,0
5217,24,24,24,adipose_tissue|adrenal_cortex|adrenal_gland|amygdala|aorta|artery|astrocyte|basal_ganglion|basophil|blood|blood_plasma|blood_platelet|bone|brain|colon|eye|forebrain|gastrointestinal_tract|heart|kidney|large_intestine|liver|lung|midbrain,20,2,2,19.416666666666668,20.0,25,6,466,2,1,40,0
5218,9,9,9,blood|brain|colon|gastrointestinal_tract|heart|kidney|large_intestine|liver|lung,6,2,1,15.444444444444445,15.0,16,15,139,0,1,28,0
5223,12,12,12,adrenal_gland|blood|blood_plasma|brain|colon|forebrain|gastrointestinal_tract|heart|kidney|large_intestine|liver|lung,9,2,1,17.75,18.0,19,15,213,0,1,36,0
5224,11,11,11,adrenal_gland|blood|blood_plasma|brain|colon|forebrain|gastrointestinal_tract|heart|kidney|large_intestine|liver,9,2,0,9.545454545454545,10.0,10,7,105,0,1,27,0
5226,12,12,12,adrenal_gland|blood|blood_plasma|brain|colon|forebrain|gastrointestinal_tract|heart|kidney|large_intestine|liver|lung,9,2,1,27.416666666666668,28.5,31,19,329,1,1,27,0
5228,3,3,3,blood|eye|heart,2,1,0,5.333333333333333,5.0,6,5,16,1,1,9,0
5241,2,2,2,blood|heart,1,1,0,51.0,51.0,52,50,102,0,1,40,0
5243,22,22,22,adipose_tissue|adrenal_cortex|adrenal_gland|amygdala|artery|astrocyte|basal_ganglion|blood|blood_plasma|blood_platelet|bone|brain|colon|eye|forebrain|gastrointestinal_tract|heart|kidney|large_intestine|liver|lung|midbrain,18,2,2,13.136363636363637,13.0,18,8,289,0,1,13,0
5245,19,19,19,adrenal_cortex|adrenal_gland|amygdala|basal_ganglion|blood|blood_plasma|blood_platelet|bone|brain|colon|eye|forebrain|gastrointestinal_tract|heart|kidney|large_intestine|liver|lung|midbrain,15,2,2,107.0,115.0,133,58,2033,1,1,100,0
5264,7,7,7,adipose_tissue|blood|brain|gastrointestinal_tract|heart|kidney|liver,5,2,0,8.571428571428571,9.0,10,5,60,0,1,20,0
5265,5,5,5,blood|blood_plasma|eye|liver|lung,4,0,1,18.8,19.0,20,17,94,1,1,14,0
5268,23,23,23,adipose_tissue|adrenal_cortex|adrenal_gland|amygdala|aorta|artery|basal_ganglion|basophil|blood|blood_plasma|blood_platelet|bone|brain|colon|eye|forebrain|gastrointestinal_tract|heart|kidney|large_intestine|liver|lung|midbrain,19,2,2,18.304347826086957,19.0,22,6,421,1,1,11,0
5270,1,1,1,kidney,0,1,0,7.0,7.0,7,7,7,0,1,37,0
5272,5,5,5,blood|eye|heart|liver|lung,3,1,1,11.2,11.0,13,10,56,0,1,44,0
5286,21,21,21,adipose_tissue|adrenal_cortex|adrenal_gland|amygdala|aorta|artery|basal_ganglion|blood|blood_plasma|blood_platelet|brain|colon|eye|forebrain|gastrointestinal_tract|heart|kidney|large_intestine|liver|lung|midbrain,17,2,2,19.523809523809526,20.0,25,13,410,1,1,17,0
5287,20,20,20,adrenal_cortex|adrenal_gland|amygdala|aorta|artery|basal_ganglion|blood|blood_plasma|bone|brain|colon|eye|forebrain|gastrointestinal_tract|heart|kidney|large_intestine|liver|lung|midbrain,16,2,2,10.7,11.0,14,8,214,0,1,0,1
5289,21,21,21,adipose_tissue|adrenal_cortex|adrenal_gland|amygdala|aorta|artery|basal_ganglion|blood|blood_plasma|blood_platelet|brain|colon|eye|forebrain|gastrointestinal_tract|heart|kidney|large_intestine|liver|lung|midbrain,17,2,2,16.761904761904763,18.0,21,10,352,0,1,32,0
5290,22,22,22,adipose_tissue|adrenal_cortex|adrenal_gland|amygdala|aorta|artery|basal_ganglion|blood|blood_plasma|blood_platelet|bone|brain|colon|eye|forebrain|gastrointestinal_tract|heart|kidney|large_intestine|liver|lung|midbrain,18,2,2,36.86363636363637,36.5,45,28,811,0,1,25,0
5291,24,24,24,adipose_tissue|adrenal_cortex|adrenal_gland|amygdala|aorta|artery|astrocyte|basal_ganglion|basophil|blood|blood_plasma|blood_platelet|bone|brain|colon|eye|forebrain|gastrointestinal_tract|heart|kidney|large_intestine|liver|lung|midbrain,20,2,2,20.666666666666668,20.0,25,14,496,0,1,25,0
5292,22,22,22,adipose_tissue|adrenal_cortex|adrenal_gland|amygdala|artery|astrocyte|basal_ganglion|blood|blood_plasma|blood_platelet|bone|brain|colon|eye|forebrain|gastrointestinal_tract|heart|kidney|large_intestine|liver|lung|midbrain,18,2,2,25.272727272727273,25.0,31,17,556,3,1,49,0
5293,11,11,11,blood|blood_plasma|blood_platelet|brain|colon|gastrointestinal_tract|heart|kidney|large_intestine|liver|lung,8,2,1,10.545454545454545,10.0,13,9,116,2,1,13,0
5295,24,24,24,adipose_tissue|adrenal_cortex|adrenal_gland|amygdala|aorta|artery|astrocyte|basal_ganglion|basophil|blood|blood_plasma|blood_platelet|bone|brain|colon|eye|forebrain|gastrointestinal_tract|heart|kidney|large_intestine|liver|lung|midbrain,20,2,2,110.41666666666667,108.0,167,56,2650,2,1,71,0
5296,21,21,21,adipose_tissue|adrenal_cortex|adrenal_gland|amygdala|aorta|artery|basal_ganglion|blood|blood_plasma|blood_platelet|brain|colon|eye|forebrain|gastrointestinal_tract|heart|kidney|large_intestine|liver|lung|midbrain,17,2,2,60.57142857142857,59.0,84,41,1272,1,1,54,0
5300,24,24,24,adipose_tissue|adrenal_cortex|adrenal_gland|amygdala|aorta|artery|astrocyte|basal_ganglion|basophil|blood|blood_plasma|blood_platelet|bone|brain|colon|eye|forebrain|gastrointestinal_tract|heart|kidney|large_intestine|liver|lung|midbrain,20,2,2,90.16666666666667,91.5,119,34,2164,1,1,67,0
5307,24,24,24,adipose_tissue|adrenal_cortex|adrenal_gland|amygdala|aorta|artery|astrocyte|basal_ganglion|basophil|blood|blood_plasma|blood_platelet|bone|brain|colon|eye|forebrain|gastrointestinal_tract|heart|kidney|large_intestine|liver|lung|midbrain,20,2,2,15.0,15.5,23,6,360,2,1,13,0
5308,1,1,1,brain,1,0,0,20.0,20.0,20,20,20,5,1,51,0
5309,2,2,2,brain|eye,2,0,0,1.5,1.5,2,1,3,1,1,44,0
5310,24,24,24,adipose_tissue|adrenal_cortex|adrenal_gland|amygdala|aorta|artery|astrocyte|basal_ganglion|basophil|blood|blood_plasma|blood_platelet|bone|brain|colon|eye|forebrain|gastrointestinal_tract|heart|kidney|large_intestine|liver|lung|midbrain,20,2,2,24.0,23.5,29,13,576,1,1,82,0
5311,24,24,24,adipose_tissue|adrenal_cortex|adrenal_gland|amygdala|aorta|artery|astrocyte|basal_ganglion|basophil|blood|blood_plasma|blood_platelet|bone|brain|colon|eye|forebrain|gastrointestinal_tract|heart|kidney|large_intestine|liver|lung|midbrain,20,2,2,9.375,10.0,12,3,225,0,1,85,0
5316,24,24,24,adipose_tissue|adrenal_cortex|adrenal_gland|amygdala|aorta|artery|astrocyte|basal_ganglion|basophil|blood|blood_plasma|blood_platelet|bone|brain|colon|eye|forebrain|gastrointestinal_tract|heart|kidney|large_intestine|liver|lung|midbrain,20,2,2,9.291666666666666,9.0,13,3,223,1,1,0,1
5318,1,1,1,heart,0,1,0,29.0,29.0,29,29,29,0,1,36,0
5319,3,3,3,gastrointestinal_tract|heart|lung,1,1,1,2.0,2.0,2,2,6,0,1,70,0
5320,5,5,5,blood|blood_plasma|blood_platelet|brain|gastrointestinal_tract,5,0,0,16.0,18.0,20,11,80,0,1,45,0
5327,1,1,1,heart,0,1,0,20.0,20.0,20,20,20,0,1,33,0
5328,6,6,6,aorta|artery|brain|gastrointestinal_tract|heart|lung,4,1,1,9.833333333333334,9.5,13,8,59,0,1,21,0
5333,24,24,24,adipose_tissue|adrenal_cortex|adrenal_gland|amygdala|aorta|artery|astrocyte|basal_ganglion|basophil|blood|blood_plasma|blood_platelet|bone|brain|colon|eye|forebrain|gastrointestinal_tract|heart|kidney|large_intestine|liver|lung|midbrain,20,2,2,18.708333333333332,19.5,25,8,449,1,1,11,0
5335,24,24,24,adipose_tissue|adrenal_cortex|adrenal_gland|amygdala|aorta|artery|astrocyte|basal_ganglion|basophil|blood|blood_plasma|blood_platelet|bone|brain|colon|eye|forebrain|gastrointestinal_tract|heart|kidney|large_intestine|liver|lung|midbrain,20,2,2,85.58333333333333,84.5,125,36,2054,0,1,31,0
5336,2,2,2,blood|lung,1,0,1,59.0,59.0,64,54,118,0,1,40,0
5338,17,17,17,adipose_tissue|adrenal_cortex|adrenal_gland|aorta|artery|basal_ganglion|blood|blood_plasma|bone|brain|eye|forebrain|heart|kidney|liver|lung|midbrain,13,2,2,24.647058823529413,24.0,33,18,419,1,1,0,1
5339,17,17,17,adrenal_gland|amygdala|artery|basal_ganglion|blood|blood_plasma|brain|colon|eye|forebrain|gastrointestinal_tract|heart|kidney|large_intestine|liver|lung|midbrain,13,2,2,45.76470588235294,48.0,55,33,778,5,1,30,0
5340,6,6,6,blood|blood_plasma|brain|eye|kidney|liver,5,1,0,35.0,34.5,40,31,210,0,1,28,0
5341,5,5,5,adipose_tissue|blood|blood_plasma|blood_platelet|lung,4,0,1,9.2,9.0,11,8,46,0,1,60,0
5351,22,22,22,adipose_tissue|adrenal_cortex|adrenal_gland|amygdala|aorta|artery|astrocyte|basal_ganglion|blood|blood_plasma|blood_platelet|brain|colon|eye|forebrain|gastrointestinal_tract|heart|kidney|large_intestine|liver|lung|midbrain,18,2,2,15.909090909090908,17.5,20,7,350,1,1,12,0
5352,22,22,22,adipose_tissue|adrenal_cortex|adrenal_gland|amygdala|aorta|artery|astrocyte|basal_ganglion|blood|blood_plasma|blood_platelet|brain|colon|eye|forebrain|gastrointestinal_tract|heart|kidney|large_intestine|liver|lung|midbrain,18,2,2,17.40909090909091,18.0,23,8,383,0,1,20,0
5360,8,8,8,blood|blood_plasma|brain|eye|heart|kidney|liver|lung,5,2,1,6.625,6.5,8,5,53,1,1,13,0
5362,1,1,1,brain,1,0,0,6.0,6.0,6,6,6,1,1,10,0
5364,22,22,22,adipose_tissue|adrenal_cortex|adrenal_gland|amygdala|artery|astrocyte|basal_ganglion|blood|blood_plasma|blood_platelet|bone|brain|colon|eye|forebrain|gastrointestinal_tract|heart|kidney|large_intestine|liver|lung|midbrain,18,2,2,10.227272727272727,10.0,12,7,225,2,1,33,0
5371,24,24,24,adipose_tissue|adrenal_cortex|adrenal_gland|amygdala|aorta|artery|astrocyte|basal_ganglion|basophil|blood|blood_plasma|blood_platelet|bone|brain|colon|eye|forebrain|gastrointestinal_tract|heart|kidney|large_intestine|liver|lung|midbrain,20,2,2,112.54166666666667,115.0,142,49,2701,1,1,85,0
5376,19,19,19,adrenal_gland|amygdala|artery|basal_ganglion|blood|blood_plasma|blood_platelet|bone|brain|colon|eye|forebrain|gastrointestinal_tract|heart|kidney|large_intestine|liver|lung|midbrain,15,2,2,4.526315789473684,4.0,8,3,86,1,1,10,0
5378,2,2,2,adrenal_gland|brain,2,0,0,24.5,24.5,29,20,49,0,1,0,1
5393,9,9,9,blood|brain|colon|gastrointestinal_tract|heart|kidney|large_intestine|liver|lung,6,2,1,22.666666666666668,23.0,25,21,204,0,1,46,0
5394,9,9,9,blood|brain|colon|gastrointestinal_tract|heart|kidney|large_intestine|liver|lung,6,2,1,31.22222222222222,31.0,34,30,281,1,1,37,0
5395,12,12,12,adrenal_gland|basophil|blood|blood_plasma|blood_platelet|brain|colon|gastrointestinal_tract|heart|kidney|large_intestine|lung,9,2,1,27.666666666666668,30.0,32,8,332,0,1,37,0
5396,8,8,8,brain|colon|gastrointestinal_tract|heart|kidney|large_intestine|liver|lung,5,2,1,2.625,3.0,3,2,21,1,1,13,0
5413,21,21,21,adipose_tissue|adrenal_gland|amygdala|aorta|artery|basal_ganglion|basophil|blood|blood_plasma|blood_platelet|brain|colon|eye|forebrain|gastrointestinal_tract|heart|kidney|large_intestine|liver|lung|midbrain,17,2,2,9.285714285714286,10.0,11,3,195,1,1,16,0
5420,8,8,8,brain|eye|gastrointestinal_tract|heart|kidney|large_intestine|liver|lung,5,2,1,3.5,3.0,5,3,28,1,1,31,0
5422,20,20,20,adipose_tissue|adrenal_cortex|adrenal_gland|amygdala|artery|astrocyte|basal_ganglion|blood|bone|brain|colon|eye|forebrain|gastrointestinal_tract|heart|kidney|large_intestine|liver|lung|midbrain,16,2,2,23.75,24.0,33,11,475,1,1,41,0
5423,20,20,20,adipose_tissue|adrenal_gland|amygdala|aorta|artery|basal_ganglion|blood|blood_plasma|blood_platelet|brain|colon|eye|forebrain|gastrointestinal_tract|heart|kidney|large_intestine|liver|lung|midbrain,16,2,2,15.75,16.0,21,7,315,0,1,35,0
5424,20,20,20,adipose_tissue|adrenal_cortex|adrenal_gland|amygdala|artery|astrocyte|basal_ganglion|blood|bone|brain|colon|eye|forebrain|gastrointestinal_tract|heart|kidney|large_intestine|liver|lung|midbrain,16,2,2,34.25,36.0,43,15,685,2,1,38,0
5426,20,20,20,adipose_tissue|adrenal_cortex|adrenal_gland|amygdala|artery|astrocyte|basal_ganglion|blood|bone|brain|colon|eye|forebrain|gastrointestinal_tract|heart|kidney|large_intestine|liver|lung|midbrain,16,2,2,20.25,21.0,27,9,405,1,1,36,0
5428,4,4,4,colon|gastrointestinal_tract|large_intestine|lung,3,0,1,3.0,3.0,3,3,12,0,1,33,0
5429,20,20,20,adrenal_cortex|adrenal_gland|amygdala|astrocyte|basal_ganglion|blood|blood_plasma|blood_platelet|bone|brain|colon|eye|forebrain|gastrointestinal_tract|heart|kidney|large_intestine|liver|lung|midbrain,16,2,2,16.15,15.0,21,10,323,1,1,20,0
5442,16,16,16,adrenal_gland|amygdala|basal_ganglion|blood|blood_plasma|brain|colon|eye|forebrain|gastrointestinal_tract|heart|kidney|large_intestine|liver|lung|midbrain,12,2,2,11.1875,11.0,13,9,179,1,1,39,0
5443,22,22,22,adipose_tissue|adrenal_gland|amygdala|aorta|artery|astrocyte|basal_ganglion|blood|blood_plasma|blood_platelet|bone|brain|colon|eye|forebrain|gastrointestinal_tract|heart|kidney|large_intestine|liver|lung|midbrain,18,2,2,3.3181818181818183,3.0,8,2,73,0,1,54,0
5444,20,20,20,adipose_tissue|adrenal_gland|amygdala|aorta|artery|basal_ganglion|blood|blood_plasma|blood_platelet|brain|colon|eye|forebrain|gastrointestinal_tract|heart|kidney|large_intestine|liver|lung|midbrain,16,2,2,1.3,1.0,2,1,26,0,1,29,0
5449,3,3,3,astrocyte|blood|brain,3,0,0,9.666666666666666,9.0,13,7,29,0,1,45,0
5451,21,21,21,adrenal_cortex|adrenal_gland|amygdala|aorta|artery|basal_ganglion|blood|blood_plasma|blood_platelet|bone|brain|colon|eye|forebrain|gastrointestinal_tract|heart|kidney|large_intestine|liver|lung|midbrain,17,2,2,43.476190476190474,42.0,55,29,913,2,1,42,0
5452,1,1,1,blood,1,0,0,17.0,17.0,17,17,17,1,1,13,0
5453,1,1,1,brain,1,0,0,2.0,2.0,2,2,2,1,1,44,0
5454,1,1,1,brain,1,0,0,8.0,8.0,8,8,8,1,1,6,0
5456,1,1,1,brain,1,0,0,5.0,5.0,5,5,5,3,1,9,0
5460,24,24,24,adipose_tissue|adrenal_cortex|adrenal_gland|amygdala|aorta|artery|astrocyte|basal_ganglion|basophil|blood|blood_plasma|blood_platelet|bone|brain|colon|eye|forebrain|gastrointestinal_tract|heart|kidney|large_intestine|liver|lung|midbrain,20,2,2,26.541666666666668,26.0,40,9,637,1,1,75,0
5465,2,2,2,blood|liver,2,0,0,44.5,44.5,45,44,89,0,1,54,0
5467,24,24,24,adipose_tissue|adrenal_cortex|adrenal_gland|amygdala|aorta|artery|astrocyte|basal_ganglion|basophil|blood|blood_plasma|blood_platelet|bone|brain|colon|eye|forebrain|gastrointestinal_tract|heart|kidney|large_intestine|liver|lung|midbrain,20,2,2,26.333333333333332,27.0,34,11,632,2,1,62,0
5468,4,4,4,adipose_tissue|blood|liver|lung,3,0,1,88.75,95.0,97,68,355,0,1,87,0
5469,24,24,24,adipose_tissue|adrenal_cortex|adrenal_gland|amygdala|aorta|artery|astrocyte|basal_ganglion|basophil|blood|blood_plasma|blood_platelet|bone|brain|colon|eye|forebrain|gastrointestinal_tract|heart|kidney|large_intestine|liver|lung|midbrain,20,2,2,48.5,49.5,64,16,1164,0,1,93,0
5470,3,3,3,brain|eye|forebrain,3,0,0,3.0,3.0,3,3,9,0,1,23,0
5478,11,11,11,blood|blood_plasma|brain|colon|eye|gastrointestinal_tract|heart|kidney|large_intestine|liver|lung,8,2,1,50.54545454545455,50.0,57,44,556,0,1,45,0
5494,23,23,23,adipose_tissue|adrenal_cortex|adrenal_gland|amygdala|aorta|artery|astrocyte|basal_ganglion|blood|blood_plasma|blood_platelet|bone|brain|colon|eye|forebrain|gastrointestinal_tract|heart|kidney|large_intestine|liver|lung|midbrain,19,2,2,20.217391304347824,20.0,27,12,465,4,1,65,0
5496,14,14,14,amygdala|basal_ganglion|blood|blood_plasma|brain|colon|forebrain|gastrointestinal_tract|heart|kidney|large_intestine|liver|lung|midbrain,10,2,2,71.85714285714286,76.0,88,42,1006,0,1,22,0
5498,8,8,8,artery|blood|brain|forebrain|heart|kidney|liver|lung,5,2,1,4.875,5.0,5,4,39,0,1,21,0
5499,20,20,20,adrenal_cortex|adrenal_gland|amygdala|artery|basal_ganglion|blood|blood_plasma|blood_platelet|bone|brain|colon|eye|forebrain|gastrointestinal_tract|heart|kidney|large_intestine|liver|lung|midbrain,16,2,2,116.35,117.5,138,81,2327,2,1,62,0
5500,14,14,14,amygdala|basal_ganglion|blood|blood_plasma|brain|colon|forebrain|gastrointestinal_tract|heart|kidney|large_intestine|liver|lung|midbrain,10,2,2,89.0,89.5,98,78,1246,1,1,41,0
5501,14,14,14,amygdala|basal_ganglion|blood|blood_plasma|brain|colon|forebrain|gastrointestinal_tract|heart|kidney|large_intestine|liver|lung|midbrain,10,2,2,111.14285714285714,116.0,120,96,1556,1,1,46,0
5515,20,20,20,adrenal_gland|amygdala|artery|astrocyte|basal_ganglion|blood|blood_plasma|blood_platelet|bone|brain|colon|eye|forebrain|gastrointestinal_tract|heart|kidney|large_intestine|liver|lung|midbrain,16,2,2,89.85,94.0,113,55,1797,1,1,34,0
5516,23,23,23,adipose_tissue|adrenal_cortex|adrenal_gland|amygdala|aorta|artery|astrocyte|basal_ganglion|blood|blood_plasma|blood_platelet|bone|brain|colon|eye|forebrain|gastrointestinal_tract|heart|kidney|large_intestine|liver|lung|midbrain,19,2,2,37.34782608695652,42.0,56,17,859,1,1,8,0
5518,14,14,14,amygdala|basal_ganglion|blood|blood_plasma|brain|colon|forebrain|gastrointestinal_tract|heart|kidney|large_intestine|liver|lung|midbrain,10,2,2,107.42857142857143,106.5,124,87,1504,1,1,18,0
5520,14,14,14,amygdala|basal_ganglion|blood|blood_plasma|brain|colon|forebrain|gastrointestinal_tract|heart|kidney|large_intestine|liver|lung|midbrain,10,2,2,28.5,28.0,33,24,399,3,1,20,0
5524,16,16,16,amygdala|basal_ganglion|blood|blood_plasma|blood_platelet|brain|colon|eye|forebrain|gastrointestinal_tract|heart|kidney|large_intestine|liver|lung|midbrain,12,2,2,30.3125,32.0,35,24,485,3,1,48,0
5525,18,18,18,adipose_tissue|adrenal_cortex|adrenal_gland|amygdala|basal_ganglion|blood|blood_plasma|brain|colon|eye|forebrain|gastrointestinal_tract|heart|kidney|large_intestine|liver|lung|midbrain,14,2,2,15.944444444444445,16.0,19,12,287,0,1,31,0
5527,23,23,23,adipose_tissue|adrenal_cortex|adrenal_gland|amygdala|aorta|artery|astrocyte|basal_ganglion|blood|blood_plasma|blood_platelet|bone|brain|colon|eye|forebrain|gastrointestinal_tract|heart|kidney|large_intestine|liver|lung|midbrain,19,2,2,21.608695652173914,23.0,27,15,497,1,1,26,0
5530,23,23,23,adipose_tissue|adrenal_cortex|adrenal_gland|amygdala|aorta|artery|astrocyte|basal_ganglion|blood|blood_plasma|blood_platelet|bone|brain|colon|eye|forebrain|gastrointestinal_tract|heart|kidney|large_intestine|liver|lung|midbrain,19,2,2,32.17391304347826,33.0,39,23,740,2,1,62,0
5531,13,13,13,amygdala|basal_ganglion|blood|brain|colon|forebrain|gastrointestinal_tract|heart|kidney|large_intestine|liver|lung|midbrain,9,2,2,29.076923076923077,30.0,34,25,378,2,1,24,0
5532,24,24,24,adipose_tissue|adrenal_cortex|adrenal_gland|amygdala|aorta|artery|astrocyte|basal_ganglion|basophil|blood|blood_plasma|blood_platelet|bone|brain|colon|eye|forebrain|gastrointestinal_tract|heart|kidney|large_intestine|liver|lung|midbrain,20,2,2,12.0,13.0,18,4,288,2,1,71,0
5536,22,22,22,adipose_tissue|adrenal_gland|amygdala|aorta|artery|astrocyte|basal_ganglion|blood|blood_plasma|blood_platelet|bone|brain|colon|eye|forebrain|gastrointestinal_tract|heart|kidney|large_intestine|liver|lung|midbrain,18,2,2,32.31818181818182,33.5,41,16,711,1,1,30,0
5537,14,14,14,amygdala|basal_ganglion|blood|blood_plasma|brain|colon|forebrain|gastrointestinal_tract|heart|kidney|large_intestine|liver|lung|midbrain,10,2,2,28.142857142857142,29.5,32,23,394,1,1,19,0
5538,18,18,18,adipose_tissue|adrenal_cortex|adrenal_gland|amygdala|basal_ganglion|blood|blood_plasma|brain|colon|eye|forebrain|gastrointestinal_tract|heart|kidney|large_intestine|liver|lung|midbrain,14,2,2,14.944444444444445,15.5,18,10,269,0,1,53,0
5540,9,9,9,adrenal_gland|artery|brain|forebrain|gastrointestinal_tract|heart|kidney|liver|lung,6,2,1,1.2222222222222223,1.0,2,1,11,0,1,0,1
5551,2,2,2,blood|brain,2,0,0,5.5,5.5,6,5,11,0,1,21,0
5552,4,4,4,blood|blood_plasma|blood_platelet|heart,3,1,0,9.25,8.5,13,7,37,0,1,33,0
5562,5,5,5,adipose_tissue|blood|gastrointestinal_tract|kidney|liver,4,1,0,61.0,64.0,66,48,305,0,1,61,0
5566,23,23,23,adipose_tissue|adrenal_cortex|adrenal_gland|amygdala|aorta|artery|astrocyte|basal_ganglion|blood|blood_plasma|blood_platelet|bone|brain|colon|eye|forebrain|gastrointestinal_tract|heart|kidney|large_intestine|liver|lung|midbrain,19,2,2,142.95652173913044,143.0,193,84,3288,2,1,63,0
5568,23,23,23,adipose_tissue|adrenal_cortex|adrenal_gland|amygdala|aorta|artery|astrocyte|basal_ganglion|blood|blood_plasma|blood_platelet|bone|brain|colon|eye|forebrain|gastrointestinal_tract|heart|kidney|large_intestine|liver|lung|midbrain,19,2,2,54.95652173913044,56.0,74,32,1264,0,1,3,0
5573,13,13,13,adrenal_cortex|adrenal_gland|artery|blood|brain|colon|eye|gastrointestinal_tract|heart|kidney|large_intestine|liver|lung,10,2,1,45.15384615384615,48.0,52,29,587,0,1,28,0
5577,2,2,2,blood|kidney,1,1,0,25.0,25.0,26,24,50,1,1,38,0
5578,24,24,24,adipose_tissue|adrenal_cortex|adrenal_gland|amygdala|aorta|artery|astrocyte|basal_ganglion|basophil|blood|blood_plasma|blood_platelet|bone|brain|colon|eye|forebrain|gastrointestinal_tract|heart|kidney|large_intestine|liver|lung|midbrain,20,2,2,141.625,142.0,191,61,3399,0,1,81,0
5579,7,7,7,blood|blood_plasma|blood_platelet|colon|gastrointestinal_tract|large_intestine|lung,6,0,1,89.71428571428571,88.0,105,74,628,0,1,84,0
5580,24,24,24,adipose_tissue|adrenal_cortex|adrenal_gland|amygdala|aorta|artery|astrocyte|basal_ganglion|basophil|blood|blood_plasma|blood_platelet|bone|brain|colon|eye|forebrain|gastrointestinal_tract|heart|kidney|large_intestine|liver|lung|midbrain,20,2,2,89.0,90.5,119,37,2136,0,1,88,0
5581,24,24,24,adipose_tissue|adrenal_cortex|adrenal_gland|amygdala|aorta|artery|astrocyte|basal_ganglion|basophil|blood|blood_plasma|blood_platelet|bone|brain|colon|eye|forebrain|gastrointestinal_tract|heart|kidney|large_intestine|liver|lung|midbrain,20,2,2,73.25,75.5,96,34,1758,0,1,50,0
5582,2,2,2,adrenal_gland|brain,2,0,0,62.0,62.0,72,52,124,3,1,43,0
5584,6,6,6,brain|gastrointestinal_tract|heart|kidney|liver|lung,3,2,1,84.33333333333333,84.5,93,78,506,1,1,78,0
5585,22,22,22,adipose_tissue|adrenal_cortex|adrenal_gland|amygdala|aorta|artery|basal_ganglion|blood|blood_plasma|blood_platelet|bone|brain|colon|eye|forebrain|gastrointestinal_tract|heart|kidney|large_intestine|liver|lung|midbrain,18,2,2,32.95454545454545,34.0,45,22,725,0,1,55,0
5587,24,24,24,adipose_tissue|adrenal_cortex|adrenal_gland|amygdala|aorta|artery|astrocyte|basal_ganglion|basophil|blood|blood_plasma|blood_platelet|bone|brain|colon|eye|forebrain|gastrointestinal_tract|heart|kidney|large_intestine|liver|lung|midbrain,20,2,2,31.791666666666668,32.0,40,21,763,1,1,89,0
5588,4,4,4,blood|brain|kidney|lung,2,1,1,67.75,68.0,71,64,271,2,1,53,0
5590,17,17,17,adipose_tissue|adrenal_cortex|adrenal_gland|basal_ganglion|blood|blood_plasma|bone|brain|colon|eye|forebrain|gastrointestinal_tract|heart|kidney|large_intestine|liver|lung,14,2,1,101.0,100.0,120,76,1717,1,1,75,0
5591,16,16,16,adipose_tissue|adrenal_cortex|adrenal_gland|basal_ganglion|blood|blood_plasma|brain|colon|eye|forebrain|gastrointestinal_tract|heart|kidney|large_intestine|liver|lung,13,2,1,136.75,145.0,167,81,2188,1,1,86,0
5592,10,10,10,adrenal_gland|aorta|artery|brain|colon|gastrointestinal_tract|heart|kidney|large_intestine|lung,7,2,1,25.1,25.0,30,20,251,1,1,28,0
5594,24,24,24,adipose_tissue|adrenal_cortex|adrenal_gland|amygdala|aorta|artery|astrocyte|basal_ganglion|basophil|blood|blood_plasma|blood_platelet|bone|brain|colon|eye|forebrain|gastrointestinal_tract|heart|kidney|large_intestine|liver|lung|midbrain,20,2,2,165.91666666666666,169.5,221,73,3982,1,1,71,0
5595,24,24,24,adipose_tissue|adrenal_cortex|adrenal_gland|amygdala|aorta|artery|astrocyte|basal_ganglion|basophil|blood|blood_plasma|blood_platelet|bone|brain|colon|eye|forebrain|gastrointestinal_tract|heart|kidney|large_intestine|liver|lung|midbrain,20,2,2,140.91666666666666,140.5,193,63,3382,3,1,82,0
5598,24,24,24,adipose_tissue|adrenal_cortex|adrenal_gland|amygdala|aorta|artery|astrocyte|basal_ganglion|basophil|blood|blood_plasma|blood_platelet|bone|brain|colon|eye|forebrain|gastrointestinal_tract|heart|kidney|large_intestine|liver|lung|midbrain,20,2,2,45.083333333333336,46.5,60,18,1082,0,1,59,0
5599,24,24,24,adipose_tissue|adrenal_cortex|adrenal_gland|amygdala|aorta|artery|astrocyte|basal_ganglion|basophil|blood|blood_plasma|blood_platelet|bone|brain|colon|eye|forebrain|gastrointestinal_tract|heart|kidney|large_intestine|liver|lung|midbrain,20,2,2,111.66666666666667,112.5,140,62,2680,0,1,48,0
5601,24,24,24,adipose_tissue|adrenal_cortex|adrenal_gland|amygdala|aorta|artery|astrocyte|basal_ganglion|basophil|blood|blood_plasma|blood_platelet|bone|brain|colon|eye|forebrain|gastrointestinal_tract|heart|kidney|large_intestine|liver|lung|midbrain,20,2,2,84.58333333333333,85.5,102,45,2030,0,1,37,0
5602,5,5,5,basal_ganglion|brain|forebrain|heart|kidney,3,2,0,55.6,59.0,59,50,278,5,1,37,0
5603,23,23,23,adipose_tissue|adrenal_gland|amygdala|aorta|artery|astrocyte|basal_ganglion|basophil|blood|blood_plasma|blood_platelet|bone|brain|colon|eye|forebrain|gastrointestinal_tract|heart|kidney|large_intestine|liver|lung|midbrain,19,2,2,46.65217391304348,45.0,62,16,1073,1,1,24,0
5604,23,23,23,adipose_tissue|adrenal_cortex|adrenal_gland|amygdala|aorta|artery|basal_ganglion|basophil|blood|blood_plasma|blood_platelet|bone|brain|colon|eye|forebrain|gastrointestinal_tract|heart|kidney|large_intestine|liver|lung|midbrain,19,2,2,60.43478260869565,61.0,73,32,1390,0,1,79,0
5606,24,24,24,adipose_tissue|adrenal_cortex|adrenal_gland|amygdala|aorta|artery|astrocyte|basal_ganglion|basophil|blood|blood_plasma|blood_platelet|bone|brain|colon|eye|forebrain|gastrointestinal_tract|heart|kidney|large_intestine|liver|lung|midbrain,20,2,2,25.625,26.0,30,16,615,1,1,37,0
5607,23,23,23,adipose_tissue|adrenal_cortex|adrenal_gland|amygdala|aorta|artery|basal_ganglion|basophil|blood|blood_plasma|blood_platelet|bone|brain|colon|eye|forebrain|gastrointestinal_tract|heart|kidney|large_intestine|liver|lung|midbrain,19,2,2,17.347826086956523,18.0,22,8,399,1,1,52,0
5608,23,23,23,adipose_tissue|adrenal_cortex|adrenal_gland|amygdala|aorta|artery|basal_ganglion|basophil|blood|blood_plasma|blood_platelet|bone|brain|colon|eye|forebrain|gastrointestinal_tract|heart|kidney|large_intestine|liver|lung|midbrain,19,2,2,25.0,25.0,30,20,575,3,1,0,1
5609,23,23,23,adipose_tissue|adrenal_cortex|adrenal_gland|amygdala|aorta|artery|basal_ganglion|basophil|blood|blood_plasma|blood_platelet|bone|brain|colon|eye|forebrain|gastrointestinal_tract|heart|kidney|large_intestine|liver|lung|midbrain,19,2,2,37.30434782608695,38.0,46,26,858,1,1,69,0
5610,18,18,18,adipose_tissue|adrenal_cortex|adrenal_gland|basal_ganglion|blood|blood_plasma|blood_platelet|bone|brain|colon|eye|forebrain|gastrointestinal_tract|heart|kidney|large_intestine|liver|lung,15,2,1,44.388888888888886,45.5,60,24,799,0,1,81,0
5617,4,4,4,adipose_tissue|blood|blood_plasma|brain,4,0,0,2.25,2.5,3,1,9,0,1,13,0
5618,4,4,4,adrenal_gland|blood|brain|forebrain,4,0,0,12.75,12.0,17,10,51,0,1,23,0
5621,24,24,24,adipose_tissue|adrenal_cortex|adrenal_gland|amygdala|aorta|artery|astrocyte|basal_ganglion|basophil|blood|blood_plasma|blood_platelet|bone|brain|colon|eye|forebrain|gastrointestinal_tract|heart|kidney|large_intestine|liver|lung|midbrain,20,2,2,19.0,18.5,30,7,456,3,1,57,0
5624,3,3,3,blood|blood_plasma|liver,3,0,0,5.0,5.0,6,4,15,0,1,21,0
5626,1,1,1,brain,1,0,0,77.0,77.0,77,77,77,0,1,0,1
5629,5,5,5,brain|eye|heart|kidney|liver,3,2,0,8.8,9.0,10,8,44,1,1,68,0
5631,9,9,9,blood|brain|colon|gastrointestinal_tract|heart|kidney|large_intestine|liver|lung,6,2,1,14.11111111111111,14.0,15,13,127,2,1,19,0
5641,18,18,18,adipose_tissue|adrenal_cortex|adrenal_gland|amygdala|basal_ganglion|blood|blood_plasma|brain|colon|eye|forebrain|gastrointestinal_tract|heart|kidney|large_intestine|liver|lung|midbrain,14,2,2,8.38888888888889,9.0,10,5,151,1,1,33,0
5646,1,1,1,brain,1,0,0,4.0,4.0,4,4,4,0,1,20,0
5648,3,3,3,blood|blood_plasma|liver,3,0,0,12.666666666666666,13.0,13,12,38,1,1,20,0
5649,4,4,4,basal_ganglion|brain|forebrain|liver,4,0,0,4.75,4.5,6,4,19,1,1,76,0
5652,6,6,6,colon|gastrointestinal_tract|kidney|large_intestine|liver|lung,4,1,1,1.0,1.0,1,1,6,1,1,11,0
5654,23,23,23,adipose_tissue|adrenal_gland|amygdala|aorta|artery|astrocyte|basal_ganglion|basophil|blood|blood_plasma|blood_platelet|bone|brain|colon|eye|forebrain|gastrointestinal_tract|heart|kidney|large_intestine|liver|lung|midbrain,19,2,2,7.260869565217392,7.0,9,5,167,0,1,19,0
5660,23,23,23,adipose_tissue|adrenal_cortex|adrenal_gland|amygdala|aorta|artery|basal_ganglion|basophil|blood|blood_plasma|blood_platelet|bone|brain|colon|eye|forebrain|gastrointestinal_tract|heart|kidney|large_intestine|liver|lung|midbrain,19,2,2,21.08695652173913,22.0,28,8,485,0,1,8,0
5663,24,24,24,adipose_tissue|adrenal_cortex|adrenal_gland|amygdala|aorta|artery|astrocyte|basal_ganglion|basophil|blood|blood_plasma|blood_platelet|bone|brain|colon|eye|forebrain|gastrointestinal_tract|heart|kidney|large_intestine|liver|lung|midbrain,20,2,2,52.166666666666664,52.5,69,24,1252,0,1,67,0
5664,24,24,24,adipose_tissue|adrenal_cortex|adrenal_gland|amygdala|aorta|artery|astrocyte|basal_ganglion|basophil|blood|blood_plasma|blood_platelet|bone|brain|colon|eye|forebrain|gastrointestinal_tract|heart|kidney|large_intestine|liver|lung|midbrain,20,2,2,30.625,31.0,41,9,735,0,1,25,0
5682,12,12,12,aorta|artery|basophil|blood|blood_plasma|blood_platelet|brain|eye|forebrain|heart|kidney|liver,10,2,0,70.83333333333333,74.0,93,17,850,2,1,21,0
5683,20,20,20,adipose_tissue|amygdala|aorta|artery|astrocyte|basal_ganglion|blood|blood_plasma|blood_platelet|brain|colon|eye|forebrain|gastrointestinal_tract|heart|kidney|large_intestine|liver|lung|midbrain,16,2,2,59.65,63.0,73,20,1193,0,1,20,0
5692,12,12,12,aorta|artery|basophil|blood|blood_plasma|blood_platelet|brain|eye|forebrain|heart|kidney|liver,10,2,0,43.0,45.0,56,11,516,1,1,15,0
5693,23,23,23,adipose_tissue|adrenal_cortex|adrenal_gland|amygdala|aorta|artery|astrocyte|basal_ganglion|blood|blood_plasma|blood_platelet|bone|brain|colon|eye|forebrain|gastrointestinal_tract|heart|kidney|large_intestine|liver|lung|midbrain,19,2,2,39.21739130434783,39.0,53,16,902,1,1,29,0
5696,3,3,3,blood|brain|heart,2,1,0,29.0,29.0,29,29,87,1,1,25,0
5701,20,20,20,adrenal_gland|amygdala|aorta|artery|basal_ganglion|blood|blood_plasma|blood_platelet|bone|brain|colon|eye|forebrain|gastrointestinal_tract|heart|kidney|large_intestine|liver|lung|midbrain,16,2,2,59.3,61.0,72,40,1186,2,1,30,0
5702,15,15,15,adrenal_gland|amygdala|basal_ganglion|blood|brain|colon|eye|forebrain|gastrointestinal_tract|heart|kidney|large_intestine|liver|lung|midbrain,11,2,2,72.93333333333334,74.0,83,60,1094,0,1,16,0
5704,15,15,15,adrenal_gland|amygdala|basal_ganglion|blood|brain|colon|eye|forebrain|gastrointestinal_tract|heart|kidney|large_intestine|liver|lung|midbrain,11,2,2,48.266666666666666,48.0,55,40,724,1,1,16,0
5705,20,20,20,adrenal_gland|amygdala|aorta|artery|basal_ganglion|blood|blood_plasma|blood_platelet|bone|brain|colon|eye|forebrain|gastrointestinal_tract|heart|kidney|large_intestine|liver|lung|midbrain,16,2,2,77.5,77.5,89,60,1550,0,1,29,0
5716,24,24,24,adipose_tissue|adrenal_cortex|adrenal_gland|amygdala|aorta|artery|astrocyte|basal_ganglion|basophil|blood|blood_plasma|blood_platelet|bone|brain|colon|eye|forebrain|gastrointestinal_tract|heart|kidney|large_intestine|liver|lung|midbrain,20,2,2,34.458333333333336,38.0,42,14,827,0,1,61,0
5720,16,16,16,adrenal_gland|aorta|artery|basophil|blood|blood_plasma|blood_platelet|brain|colon|eye|gastrointestinal_tract|heart|kidney|large_intestine|liver|lung,13,2,1,30.8125,34.5,38,11,493,1,1,8,0
5721,16,16,16,adrenal_gland|aorta|artery|basophil|blood|blood_plasma|blood_platelet|brain|colon|eye|gastrointestinal_tract|heart|kidney|large_intestine|liver|lung,13,2,1,18.75,21.0,24,7,300,2,1,9,0
5724,9,9,9,artery|blood|blood_plasma|blood_platelet|brain|heart|kidney|liver|lung,6,2,1,5.888888888888889,6.0,6,5,53,0,1,20,0
5725,15,15,15,adrenal_gland|amygdala|aorta|artery|basal_ganglion|blood|brain|colon|forebrain|gastrointestinal_tract|heart|kidney|large_intestine|liver|lung,12,2,1,65.06666666666666,67.0,76,50,976,1,1,37,0
5727,16,16,16,adrenal_cortex|adrenal_gland|artery|blood|blood_plasma|bone|brain|colon|eye|forebrain|gastrointestinal_tract|heart|kidney|large_intestine|liver|lung,13,2,1,36.8125,37.0,41,26,589,3,1,68,0
5728,24,24,24,adipose_tissue|adrenal_cortex|adrenal_gland|amygdala|aorta|artery|astrocyte|basal_ganglion|basophil|blood|blood_plasma|blood_platelet|bone|brain|colon|eye|forebrain|gastrointestinal_tract|heart|kidney|large_intestine|liver|lung|midbrain,20,2,2,95.79166666666667,101.5,119,32,2299,1,1,92,0
5729,5,5,5,blood|colon|eye|gastrointestinal_tract|large_intestine,5,0,0,5.4,5.0,7,5,27,0,1,4,0
5730,3,3,3,blood|blood_plasma|brain,3,0,0,13.666666666666666,14.0,15,12,41,1,1,32,0
5733,6,6,6,colon|gastrointestinal_tract|heart|kidney|large_intestine|liver,4,2,0,36.333333333333336,36.0,40,34,218,0,1,8,0
5741,1,1,1,blood,1,0,0,5.0,5.0,5,5,5,1,1,48,0
5742,10,10,10,basal_ganglion|brain|colon|forebrain|gastrointestinal_tract|heart|kidney|large_intestine|liver|lung,7,2,1,8.4,9.0,10,7,84,0,1,28,0
5743,5,5,5,blood|bone|heart|kidney|lung,2,2,1,22.6,23.0,25,18,113,1,1,49,0
5744,6,6,6,adrenal_gland|gastrointestinal_tract|kidney|large_intestine|liver|lung,4,1,1,6.666666666666667,6.0,10,5,40,3,1,43,0
5745,3,3,3,bone|brain|kidney,2,1,0,13.0,15.0,16,8,39,1,1,32,0
5747,24,24,24,adipose_tissue|adrenal_cortex|adrenal_gland|amygdala|aorta|artery|astrocyte|basal_ganglion|basophil|blood|blood_plasma|blood_platelet|bone|brain|colon|eye|forebrain|gastrointestinal_tract|heart|kidney|large_intestine|liver|lung|midbrain,20,2,2,87.79166666666667,89.0,115,47,2107,2,1,61,0
5754,3,3,3,kidney|liver|lung,1,1,1,4.0,4.0,4,4,12,2,1,21,0
5764,1,1,1,brain,1,0,0,37.0,37.0,37,37,37,0,1,18,0
5768,6,6,6,blood|blood_plasma|eye|gastrointestinal_tract|liver|lung,5,0,1,2.8333333333333335,3.0,4,2,17,0,1,30,0
5770,18,18,18,adipose_tissue|adrenal_cortex|adrenal_gland|amygdala|basal_ganglion|blood|blood_plasma|bone|brain|colon|forebrain|gastrointestinal_tract|heart|kidney|large_intestine|liver|lung|midbrain,14,2,2,58.666666666666664,58.5,75,39,1056,2,1,70,0
5771,18,18,18,adipose_tissue|adrenal_cortex|adrenal_gland|amygdala|basal_ganglion|blood|blood_plasma|bone|brain|colon|forebrain|gastrointestinal_tract|heart|kidney|large_intestine|liver|lung|midbrain,14,2,2,23.72222222222222,24.5,30,14,427,0,1,59,0
5774,14,14,14,amygdala|basal_ganglion|blood|blood_plasma|brain|colon|forebrain|gastrointestinal_tract|heart|kidney|large_intestine|liver|lung|midbrain,10,2,2,19.0,18.5,22,18,266,0,1,37,0
5775,14,14,14,amygdala|basal_ganglion|blood|blood_plasma|brain|colon|forebrain|gastrointestinal_tract|heart|kidney|large_intestine|liver|lung|midbrain,10,2,2,6.714285714285714,6.0,10,6,94,0,1,5,0
5777,1,1,1,blood,1,0,0,67.0,67.0,67,67,67,1,1,60,0
5778,1,1,1,blood,1,0,0,7.0,7.0,7,7,7,0,1,6,0
5780,14,14,14,amygdala|basal_ganglion|blood|blood_plasma|brain|colon|forebrain|gastrointestinal_tract|heart|kidney|large_intestine|liver|lung|midbrain,10,2,2,8.142857142857142,8.0,11,7,114,0,1,6,0
5781,24,24,24,adipose_tissue|adrenal_cortex|adrenal_gland|amygdala|aorta|artery|astrocyte|basal_ganglion|basophil|blood|blood_plasma|blood_platelet|bone|brain|colon|eye|forebrain|gastrointestinal_tract|heart|kidney|large_intestine|liver|lung|midbrain,20,2,2,65.125,64.5,96,39,1563,1,1,37,0
5782,14,14,14,amygdala|basal_ganglion|blood|blood_plasma|brain|colon|forebrain|gastrointestinal_tract|heart|kidney|large_intestine|liver|lung|midbrain,10,2,2,32.92857142857143,32.0,41,27,461,1,1,31,0
5783,14,14,14,amygdala|basal_ganglion|blood|blood_plasma|brain|colon|forebrain|gastrointestinal_tract|heart|kidney|large_intestine|liver|lung|midbrain,10,2,2,20.428571428571427,20.0,23,18,286,0,1,38,0
5784,2,2,2,kidney|lung,0,1,1,30.0,30.0,30,30,60,0,1,25,0
5786,14,14,14,adipose_tissue|adrenal_cortex|adrenal_gland|blood|blood_plasma|bone|brain|colon|gastrointestinal_tract|heart|kidney|large_intestine|liver|lung,11,2,1,12.5,13.0,13,11,175,0,1,10,0
5787,2,2,2,kidney|lung,0,1,1,21.0,21.0,22,20,42,0,1,7,0
5788,1,1,1,blood,1,0,0,56.0,56.0,56,56,56,0,1,63,0
5791,18,18,18,adipose_tissue|adrenal_cortex|adrenal_gland|amygdala|basal_ganglion|blood|blood_plasma|bone|brain|colon|forebrain|gastrointestinal_tract|heart|kidney|large_intestine|liver|lung|midbrain,14,2,2,9.055555555555555,9.0,10,8,163,0,1,21,0
5792,14,14,14,amygdala|basal_ganglion|blood|blood_plasma|brain|colon|forebrain|gastrointestinal_tract|heart|kidney|large_intestine|liver|lung|midbrain,10,2,2,21.0,22.0,26,16,294,1,1,27,0
5793,8,8,8,blood|blood_plasma|brain|colon|gastrointestinal_tract|kidney|large_intestine|lung,6,1,1,13.375,13.0,18,11,107,3,1,18,0
5795,2,2,2,blood|blood_plasma,2,0,0,28.5,28.5,32,25,57,0,1,54,0
5796,24,24,24,adipose_tissue|adrenal_cortex|adrenal_gland|amygdala|aorta|artery|astrocyte|basal_ganglion|basophil|blood|blood_plasma|blood_platelet|bone|brain|colon|eye|forebrain|gastrointestinal_tract|heart|kidney|large_intestine|liver|lung|midbrain,20,2,2,35.583333333333336,37.0,45,15,854,1,1,52,0
5797,24,24,24,adipose_tissue|adrenal_cortex|adrenal_gland|amygdala|aorta|artery|astrocyte|basal_ganglion|basophil|blood|blood_plasma|blood_platelet|bone|brain|colon|eye|forebrain|gastrointestinal_tract|heart|kidney|large_intestine|liver|lung|midbrain,20,2,2,8.25,8.0,11,5,198,0,1,39,0
5798,1,1,1,brain,1,0,0,9.0,9.0,9,9,9,3,1,26,0
5800,9,9,9,basal_ganglion|blood|brain|forebrain|gastrointestinal_tract|kidney|liver|lung|midbrain,6,1,2,17.333333333333332,18.0,22,14,156,2,1,48,0
5801,14,14,14,amygdala|basal_ganglion|blood|blood_plasma|brain|colon|forebrain|gastrointestinal_tract|heart|kidney|large_intestine|liver|lung|midbrain,10,2,2,7.214285714285714,7.0,8,7,101,1,1,36,0
5802,23,23,23,adipose_tissue|adrenal_cortex|adrenal_gland|amygdala|aorta|artery|astrocyte|basal_ganglion|blood|blood_plasma|blood_platelet|bone|brain|colon|eye|forebrain|gastrointestinal_tract|heart|kidney|large_intestine|liver|lung|midbrain,19,2,2,13.173913043478262,13.0,19,9,303,2,1,8,0
5803,1,1,1,brain,1,0,0,15.0,15.0,15,15,15,0,1,27,0
5810,15,15,15,amygdala|basal_ganglion|blood|bone|brain|colon|eye|forebrain|gastrointestinal_tract|heart|kidney|large_intestine|liver|lung|midbrain,11,2,2,16.266666666666666,17.0,19,9,244,0,1,30,0
5813,13,13,13,amygdala|basal_ganglion|blood|brain|colon|forebrain|gastrointestinal_tract|heart|kidney|large_intestine|liver|lung|midbrain,9,2,2,16.923076923076923,17.0,20,12,220,4,1,26,0
5817,24,24,24,adipose_tissue|adrenal_cortex|adrenal_gland|amygdala|aorta|artery|astrocyte|basal_ganglion|basophil|blood|blood_plasma|blood_platelet|bone|brain|colon|eye|forebrain|gastrointestinal_tract|heart|kidney|large_intestine|liver|lung|midbrain,20,2,2,7.0,7.0,11,4,168,1,1,16,0
5818,23,23,23,adipose_tissue|adrenal_cortex|adrenal_gland|amygdala|aorta|artery|basal_ganglion|basophil|blood|blood_plasma|blood_platelet|bone|brain|colon|eye|forebrain|gastrointestinal_tract|heart|kidney|large_intestine|liver|lung|midbrain,19,2,2,5.0,5.0,5,5,115,2,1,5,0
5819,24,24,24,adipose_tissue|adrenal_cortex|adrenal_gland|amygdala|aorta|artery|astrocyte|basal_ganglion|basophil|blood|blood_plasma|blood_platelet|bone|brain|colon|eye|forebrain|gastrointestinal_tract|heart|kidney|large_intestine|liver|lung|midbrain,20,2,2,5.375,6.0,8,2,129,1,1,25,0
5824,4,4,4,brain|heart|kidney|liver,2,2,0,36.5,36.5,40,33,146,0,1,35,0
5828,23,23,23,adipose_tissue|adrenal_cortex|adrenal_gland|amygdala|aorta|artery|basal_ganglion|basophil|blood|blood_plasma|blood_platelet|bone|brain|colon|eye|forebrain|gastrointestinal_tract|heart|kidney|large_intestine|liver|lung|midbrain,19,2,2,7.608695652173913,8.0,9,2,175,0,1,57,0
5829,24,24,24,adipose_tissue|adrenal_cortex|adrenal_gland|amygdala|aorta|artery|astrocyte|basal_ganglion|basophil|blood|blood_plasma|blood_platelet|bone|brain|colon|eye|forebrain|gastrointestinal_tract|heart|kidney|large_intestine|liver|lung|midbrain,20,2,2,65.20833333333333,66.0,86,35,1565,2,1,20,0
5830,24,24,24,adipose_tissue|adrenal_cortex|adrenal_gland|amygdala|aorta|artery|astrocyte|basal_ganglion|basophil|blood|blood_plasma|blood_platelet|bone|brain|colon|eye|forebrain|gastrointestinal_tract|heart|kidney|large_intestine|liver|lung|midbrain,20,2,2,28.041666666666668,29.0,43,12,673,0,1,35,0
5831,19,19,19,adipose_tissue|adrenal_cortex|adrenal_gland|artery|astrocyte|basal_ganglion|blood|blood_plasma|blood_platelet|brain|colon|eye|forebrain|gastrointestinal_tract|heart|kidney|large_intestine|liver|lung,16,2,1,10.052631578947368,11.0,13,3,191,1,1,32,0
5836,3,3,3,blood|eye|liver,3,0,0,13.666666666666666,14.0,15,12,41,1,1,32,0
5862,20,20,20,adrenal_gland|amygdala|aorta|artery|basal_ganglion|blood|blood_plasma|blood_platelet|bone|brain|colon|eye|forebrain|gastrointestinal_tract|heart|kidney|large_intestine|liver|lung|midbrain,16,2,2,25.35,26.5,32,16,507,2,1,27,0
5864,2,2,2,brain|kidney,1,1,0,11.5,11.5,13,10,23,2,1,33,0
5865,9,9,9,blood|blood_plasma|blood_platelet|brain|colon|gastrointestinal_tract|kidney|large_intestine|liver,8,1,0,7.777777777777778,8.0,9,7,70,0,1,32,0
5867,20,20,20,adrenal_gland|amygdala|aorta|artery|basal_ganglion|blood|blood_plasma|blood_platelet|bone|brain|colon|eye|forebrain|gastrointestinal_tract|heart|kidney|large_intestine|liver|lung|midbrain,16,2,2,14.75,15.0,18,11,295,0,1,17,0
5868,23,23,23,adipose_tissue|adrenal_cortex|adrenal_gland|amygdala|aorta|artery|astrocyte|basal_ganglion|blood|blood_plasma|blood_platelet|bone|brain|colon|eye|forebrain|gastrointestinal_tract|heart|kidney|large_intestine|liver|lung|midbrain,19,2,2,38.73913043478261,40.0,51,16,891,0,1,49,0
5869,8,8,8,brain|colon|gastrointestinal_tract|heart|kidney|large_intestine|liver|lung,5,2,1,26.25,26.0,29,24,210,3,1,26,0
5870,20,20,20,adrenal_gland|amygdala|aorta|artery|basal_ganglion|blood|blood_plasma|blood_platelet|bone|brain|colon|eye|forebrain|gastrointestinal_tract|heart|kidney|large_intestine|liver|lung|midbrain,16,2,2,11.15,11.0,16,7,223,2,1,40,0
5871,23,23,23,adipose_tissue|adrenal_cortex|adrenal_gland|amygdala|aorta|artery|basal_ganglion|basophil|blood|blood_plasma|blood_platelet|bone|brain|colon|eye|forebrain|gastrointestinal_tract|heart|kidney|large_intestine|liver|lung|midbrain,19,2,2,7.043478260869565,7.0,9,4,162,3,1,41,0
5873,24,24,24,adipose_tissue|adrenal_cortex|adrenal_gland|amygdala|aorta|artery|astrocyte|basal_ganglion|basophil|blood|blood_plasma|blood_platelet|bone|brain|colon|eye|forebrain|gastrointestinal_tract|heart|kidney|large_intestine|liver|lung|midbrain,20,2,2,7.0,7.0,11,3,168,0,1,50,0
5874,11,11,11,blood|blood_plasma|blood_platelet|brain|colon|gastrointestinal_tract|heart|kidney|large_intestine|liver|lung,8,2,1,2.8181818181818183,3.0,4,2,31,0,1,34,0
5878,8,8,8,brain|colon|gastrointestinal_tract|heart|kidney|large_intestine|liver|lung,5,2,1,50.25,50.5,54,47,402,2,1,30,0
5879,24,24,24,adipose_tissue|adrenal_cortex|adrenal_gland|amygdala|aorta|artery|astrocyte|basal_ganglion|basophil|blood|blood_plasma|blood_platelet|bone|brain|colon|eye|forebrain|gastrointestinal_tract|heart|kidney|large_intestine|liver|lung|midbrain,20,2,2,94.875,99.5,121,39,2277,1,1,59,0
5880,2,2,2,blood|blood_plasma,2,0,0,16.5,16.5,18,15,33,1,1,31,0
5881,2,2,2,brain|heart,1,1,0,6.5,6.5,7,6,13,1,1,32,0
5883,15,15,15,amygdala|basal_ganglion|blood|bone|brain|colon|eye|forebrain|gastrointestinal_tract|heart|kidney|large_intestine|liver|lung|midbrain,11,2,2,25.6,27.0,30,18,384,1,1,21,0
5884,14,14,14,amygdala|basal_ganglion|blood|bone|brain|colon|forebrain|gastrointestinal_tract|heart|kidney|large_intestine|liver|lung|midbrain,10,2,2,15.642857142857142,17.0,19,10,219,0,1,36,0
5886,20,20,20,adrenal_gland|amygdala|aorta|artery|basal_ganglion|blood|blood_plasma|blood_platelet|bone|brain|colon|eye|forebrain|gastrointestinal_tract|heart|kidney|large_intestine|liver|lung|midbrain,16,2,2,70.75,71.5,84,53,1415,2,1,31,0
5887,20,20,20,adrenal_gland|amygdala|aorta|artery|basal_ganglion|blood|blood_plasma|blood_platelet|bone|brain|colon|eye|forebrain|gastrointestinal_tract|heart|kidney|large_intestine|liver|lung|midbrain,16,2,2,45.25,48.0,54,29,905,0,1,42,0
5888,1,1,1,blood,1,0,0,59.0,59.0,59,59,59,0,1,63,0
5889,5,5,5,basal_ganglion|blood|brain|eye|forebrain,5,0,0,2.2,2.0,3,2,11,2,1,41,0
5894,16,16,16,adipose_tissue|adrenal_cortex|adrenal_gland|basal_ganglion|blood|blood_plasma|brain|colon|eye|forebrain|gastrointestinal_tract|heart|kidney|large_intestine|liver|lung,13,2,1,106.5,112.0,121,68,1704,0,1,35,0
5896,1,1,1,blood,1,0,0,14.0,14.0,14,14,14,0,1,47,0
5898,24,24,24,adipose_tissue|adrenal_cortex|adrenal_gland|amygdala|aorta|artery|astrocyte|basal_ganglion|basophil|blood|blood_plasma|blood_platelet|bone|brain|colon|eye|forebrain|gastrointestinal_tract|heart|kidney|large_intestine|liver|lung|midbrain,20,2,2,27.208333333333332,30.0,31,11,653,0,1,32,0
5899,20,20,20,adrenal_gland|amygdala|aorta|artery|basal_ganglion|blood|blood_plasma|blood_platelet|bone|brain|colon|eye|forebrain|gastrointestinal_tract|heart|kidney|large_intestine|liver|lung|midbrain,16,2,2,9.9,10.5,13,6,198,0,1,45,0
5900,20,20,20,adrenal_gland|amygdala|aorta|artery|basal_ganglion|blood|blood_plasma|blood_platelet|bone|brain|colon|eye|forebrain|gastrointestinal_tract|heart|kidney|large_intestine|liver|lung|midbrain,16,2,2,16.65,16.5,19,14,333,1,1,10,0
5906,20,20,20,adrenal_gland|amygdala|aorta|artery|basal_ganglion|blood|blood_plasma|blood_platelet|bone|brain|colon|eye|forebrain|gastrointestinal_tract|heart|kidney|large_intestine|liver|lung|midbrain,16,2,2,36.6,37.5,46,25,732,0,1,54,0
5908,20,20,20,adrenal_gland|amygdala|aorta|artery|basal_ganglion|blood|blood_plasma|blood_platelet|bone|brain|colon|eye|forebrain|gastrointestinal_tract|heart|kidney|large_intestine|liver|lung|midbrain,16,2,2,27.8,26.5,36,21,556,1,1,34,0
5909,6,6,6,brain|colon|gastrointestinal_tract|kidney|large_intestine|liver,5,1,0,19.5,19.5,20,19,117,1,1,14,0
5911,24,24,24,adipose_tissue|adrenal_cortex|adrenal_gland|amygdala|aorta|artery|astrocyte|basal_ganglion|basophil|blood|blood_plasma|blood_platelet|bone|brain|colon|eye|forebrain|gastrointestinal_tract|heart|kidney|large_intestine|liver|lung|midbrain,20,2,2,17.166666666666668,16.5,26,9,412,1,1,59,0
5912,23,23,23,adipose_tissue|adrenal_cortex|adrenal_gland|amygdala|aorta|artery|astrocyte|basal_ganglion|blood|blood_plasma|blood_platelet|bone|brain|colon|eye|forebrain|gastrointestinal_tract|heart|kidney|large_intestine|liver|lung|midbrain,19,2,2,5.434782608695652,5.0,8,2,125,1,1,36,0
5913,1,1,1,brain,1,0,0,5.0,5.0,5,5,5,1,1,7,0
5914,24,24,24,adipose_tissue|adrenal_cortex|adrenal_gland|amygdala|aorta|artery|astrocyte|basal_ganglion|basophil|blood|blood_plasma|blood_platelet|bone|brain|colon|eye|forebrain|gastrointestinal_tract|heart|kidney|large_intestine|liver|lung|midbrain,20,2,2,70.54166666666667,71.5,89,23,1693,3,1,84,0
5915,24,24,24,adipose_tissue|adrenal_cortex|adrenal_gland|amygdala|aorta|artery|astrocyte|basal_ganglion|basophil|blood|blood_plasma|blood_platelet|bone|brain|colon|eye|forebrain|gastrointestinal_tract|heart|kidney|large_intestine|liver|lung|midbrain,20,2,2,17.208333333333332,18.0,21,9,413,2,1,16,0
5916,23,23,23,adipose_tissue|adrenal_cortex|adrenal_gland|amygdala|artery|astrocyte|basal_ganglion|basophil|blood|blood_plasma|blood_platelet|bone|brain|colon|eye|forebrain|gastrointestinal_tract|heart|kidney|large_intestine|liver|lung|midbrain,19,2,2,21.91304347826087,23.0,27,9,504,2,1,62,0
5921,23,23,23,adipose_tissue|adrenal_cortex|adrenal_gland|amygdala|aorta|artery|astrocyte|basal_ganglion|blood|blood_plasma|blood_platelet|bone|brain|colon|eye|forebrain|gastrointestinal_tract|heart|kidney|large_intestine|liver|lung|midbrain,19,2,2,46.608695652173914,45.0,63,28,1072,0,1,17,0
5923,2,2,2,brain|lung,1,0,1,18.0,18.0,18,18,36,1,1,22,0
5925,24,24,24,adipose_tissue|adrenal_cortex|adrenal_gland|amygdala|aorta|artery|astrocyte|basal_ganglion|basophil|blood|blood_plasma|blood_platelet|bone|brain|colon|eye|forebrain|gastrointestinal_tract|heart|kidney|large_intestine|liver|lung|midbrain,20,2,2,114.16666666666667,117.5,146,40,2740,0,1,58,0
5928,19,19,19,adrenal_cortex|adrenal_gland|amygdala|basal_ganglion|blood|blood_plasma|blood_platelet|bone|brain|colon|eye|forebrain|gastrointestinal_tract|heart|kidney|large_intestine|liver|lung|midbrain,15,2,2,102.0,105.0,117,76,1938,2,1,19,0
5929,20,20,20,adipose_tissue|adrenal_cortex|adrenal_gland|amygdala|basal_ganglion|blood|blood_plasma|blood_platelet|bone|brain|colon|eye|forebrain|gastrointestinal_tract|heart|kidney|large_intestine|liver|lung|midbrain,16,2,2,50.45,52.5,59,28,1009,0,1,46,0
5930,20,20,20,adrenal_gland|amygdala|aorta|artery|basal_ganglion|blood|blood_plasma|blood_platelet|bone|brain|colon|eye|forebrain|gastrointestinal_tract|heart|kidney|large_intestine|liver|lung|midbrain,16,2,2,25.2,26.0,33,18,504,1,1,45,0
5931,11,11,11,amygdala|basal_ganglion|blood|brain|forebrain|gastrointestinal_tract|heart|kidney|liver|lung|midbrain,7,2,2,93.0,97.0,99,83,1023,1,1,24,0
5932,20,20,20,adipose_tissue|adrenal_cortex|adrenal_gland|amygdala|artery|astrocyte|basal_ganglion|blood|bone|brain|colon|eye|forebrain|gastrointestinal_tract|heart|kidney|large_intestine|liver|lung|midbrain,16,2,2,28.55,31.0,35,12,571,0,1,36,0
5935,8,8,8,blood|brain|colon|gastrointestinal_tract|heart|kidney|large_intestine|lung,5,2,1,14.125,14.0,16,13,113,2,1,48,0
5936,23,23,23,adipose_tissue|adrenal_cortex|adrenal_gland|amygdala|aorta|artery|basal_ganglion|basophil|blood|blood_plasma|blood_platelet|bone|brain|colon|eye|forebrain|gastrointestinal_tract|heart|kidney|large_intestine|liver|lung|midbrain,19,2,2,39.73913043478261,45.0,60,7,914,1,1,71,0
5950,6,6,6,blood|blood_plasma|brain|eye|kidney|liver,5,1,0,3.0,3.0,3,3,18,0,1,36,0
5954,21,21,21,adrenal_cortex|adrenal_gland|amygdala|aorta|artery|basal_ganglion|blood|blood_plasma|blood_platelet|bone|brain|colon|eye|forebrain|gastrointestinal_tract|heart|kidney|large_intestine|liver|lung|midbrain,17,2,2,26.333333333333332,27.0,33,18,553,1,1,8,0
5957,3,3,3,brain|eye|forebrain,3,0,0,4.0,4.0,4,4,12,1,1,0,1
5966,23,23,23,adipose_tissue|adrenal_gland|amygdala|aorta|artery|astrocyte|basal_ganglion|basophil|blood|blood_plasma|blood_platelet|bone|brain|colon|eye|forebrain|gastrointestinal_tract|heart|kidney|large_intestine|liver|lung|midbrain,19,2,2,92.8695652173913,94.0,122,33,2136,2,1,53,0
5970,24,24,24,adipose_tissue|adrenal_cortex|adrenal_gland|amygdala|aorta|artery|astrocyte|basal_ganglion|basophil|blood|blood_plasma|blood_platelet|bone|brain|colon|eye|forebrain|gastrointestinal_tract|heart|kidney|large_intestine|liver|lung|midbrain,20,2,2,167.70833333333334,175.0,227,60,4025,1,1,66,0
5971,1,1,1,blood,1,0,0,62.0,62.0,62,62,62,4,1,27,0
5972,3,3,3,brain|kidney|lung,1,1,1,2.6666666666666665,3.0,3,2,8,0,1,32,0
5976,16,16,16,amygdala|basal_ganglion|blood|blood_plasma|blood_platelet|brain|colon|eye|forebrain|gastrointestinal_tract|heart|kidney|large_intestine|liver|lung|midbrain,12,2,2,66.5625,75.0,88,41,1065,1,1,76,0
5978,23,23,23,adipose_tissue|adrenal_cortex|adrenal_gland|amygdala|aorta|artery|astrocyte|basal_ganglion|blood|blood_plasma|blood_platelet|bone|brain|colon|eye|forebrain|gastrointestinal_tract|heart|kidney|large_intestine|liver|lung|midbrain,19,2,2,21.565217391304348,23.0,29,11,496,1,1,85,0
5979,9,9,9,adrenal_gland|blood|brain|colon|eye|gastrointestinal_tract|kidney|large_intestine|lung,7,1,1,35.0,33.0,40,32,315,1,1,67,0
5983,17,17,17,adrenal_gland|amygdala|basal_ganglion|blood|blood_plasma|blood_platelet|brain|colon|eye|forebrain|gastrointestinal_tract|heart|kidney|large_intestine|liver|lung|midbrain,13,2,2,21.58823529411765,24.0,27,13,367,0,1,44,0
5991,19,19,19,adipose_tissue|adrenal_cortex|adrenal_gland|amygdala|basal_ganglion|blood|blood_plasma|bone|brain|colon|eye|forebrain|gastrointestinal_tract|heart|kidney|large_intestine|liver|lung|midbrain,15,2,2,7.578947368421052,7.0,9,5,144,2,1,63,0
5997,4,4,4,aorta|artery|blood|heart,3,1,0,15.5,14.5,22,11,62,0,1,37,0
6002,20,20,20,adrenal_gland|amygdala|aorta|artery|basal_ganglion|blood|blood_plasma|blood_platelet|bone|brain|colon|eye|forebrain|gastrointestinal_tract|heart|kidney|large_intestine|liver|lung|midbrain,16,2,2,8.9,8.0,13,7,178,0,1,10,0
6009,13,13,13,amygdala|basal_ganglion|blood|brain|colon|forebrain|gastrointestinal_tract|heart|kidney|large_intestine|liver|lung|midbrain,9,2,2,22.0,22.0,25,19,286,0,1,25,0
6010,2,2,2,blood|eye,2,0,0,12.5,12.5,13,12,25,0,1,16,0
6011,3,3,3,brain|eye|forebrain,3,0,0,10.0,10.0,11,9,30,0,1,23,0
6015,21,21,21,adrenal_cortex|adrenal_gland|amygdala|aorta|artery|basal_ganglion|blood|blood_plasma|blood_platelet|bone|brain|colon|eye|forebrain|gastrointestinal_tract|heart|kidney|large_intestine|liver|lung|midbrain,17,2,2,45.76190476190476,46.0,53,32,961,3,1,59,0
6045,21,21,21,adrenal_cortex|adrenal_gland|amygdala|aorta|artery|basal_ganglion|blood|blood_plasma|blood_platelet|bone|brain|colon|eye|forebrain|gastrointestinal_tract|heart|kidney|large_intestine|liver|lung|midbrain,17,2,2,207.85714285714286,218.0,266,117,4365,0,1,61,0
6047,20,20,20,adrenal_gland|amygdala|aorta|artery|basal_ganglion|blood|blood_plasma|blood_platelet|bone|brain|colon|eye|forebrain|gastrointestinal_tract|heart|kidney|large_intestine|liver|lung|midbrain,16,2,2,35.4,35.5,40,26,708,0,1,63,0
6049,22,22,22,adipose_tissue|adrenal_cortex|adrenal_gland|amygdala|aorta|artery|basal_ganglion|blood|blood_plasma|blood_platelet|bone|brain|colon|eye|forebrain|gastrointestinal_tract|heart|kidney|large_intestine|liver|lung|midbrain,18,2,2,3.1363636363636362,3.0,4,1,69,0,1,68,0
6050,24,24,24,adipose_tissue|adrenal_cortex|adrenal_gland|amygdala|aorta|artery|astrocyte|basal_ganglion|basophil|blood|blood_plasma|blood_platelet|bone|brain|colon|eye|forebrain|gastrointestinal_tract|heart|kidney|large_intestine|liver|lung|midbrain,20,2,2,13.625,15.0,18,6,327,1,1,21,0
6091,3,3,3,brain|heart|lung,1,1,1,8.0,7.0,10,7,24,0,1,43,0
6092,7,7,7,amygdala|basal_ganglion|brain|forebrain|kidney|lung|midbrain,4,1,2,11.0,11.0,13,10,77,0,1,34,0
6093,24,24,24,adipose_tissue|adrenal_cortex|adrenal_gland|amygdala|aorta|artery|astrocyte|basal_ganglion|basophil|blood|blood_plasma|blood_platelet|bone|brain|colon|eye|forebrain|gastrointestinal_tract|heart|kidney|large_intestine|liver|lung|midbrain,20,2,2,26.416666666666668,27.5,33,14,634,1,1,44,0
6095,20,20,20,adipose_tissue|adrenal_cortex|adrenal_gland|amygdala|basal_ganglion|blood|blood_plasma|blood_platelet|bone|brain|colon|eye|forebrain|gastrointestinal_tract|heart|kidney|large_intestine|liver|lung|midbrain,16,2,2,18.3,19.0,23,14,366,2,1,65,0
6102,20,20,20,adrenal_gland|amygdala|aorta|artery|basal_ganglion|blood|blood_plasma|blood_platelet|bone|brain|colon|eye|forebrain|gastrointestinal_tract|heart|kidney|large_intestine|liver|lung|midbrain,16,2,2,13.05,13.0,17,7,261,2,1,24,0
6103,15,15,15,amygdala|basal_ganglion|blood|bone|brain|colon|eye|forebrain|gastrointestinal_tract|heart|kidney|large_intestine|liver|lung|midbrain,11,2,2,14.533333333333333,15.0,16,12,218,0,1,34,0
6117,13,13,13,amygdala|basal_ganglion|blood|brain|colon|forebrain|gastrointestinal_tract|heart|kidney|large_intestine|liver|lung|midbrain,9,2,2,186.53846153846155,188.0,204,156,2425,1,1,42,0
6118,13,13,13,amygdala|basal_ganglion|blood|brain|colon|forebrain|gastrointestinal_tract|heart|kidney|large_intestine|liver|lung|midbrain,9,2,2,164.84615384615384,169.0,180,133,2143,0,1,53,0
6120,12,12,12,adrenal_gland|blood|blood_plasma|brain|colon|forebrain|gastrointestinal_tract|heart|kidney|large_intestine|liver|lung,9,2,1,19.416666666666668,19.5,23,16,233,0,1,23,0
6182,16,16,16,adrenal_gland|amygdala|basal_ganglion|blood|blood_plasma|brain|colon|eye|forebrain|gastrointestinal_tract|heart|kidney|large_intestine|liver|lung|midbrain,12,2,2,15.8125,16.5,18,13,253,1,1,59,0
6188,22,22,22,adipose_tissue|adrenal_cortex|adrenal_gland|amygdala|aorta|artery|astrocyte|basal_ganglion|blood|blood_plasma|blood_platelet|brain|colon|eye|forebrain|gastrointestinal_tract|heart|kidney|large_intestine|liver|lung|midbrain,18,2,2,107.54545454545455,112.5,145,53,2366,1,1,83,0
6189,22,22,22,adipose_tissue|adrenal_cortex|adrenal_gland|amygdala|aorta|artery|astrocyte|basal_ganglion|blood|blood_plasma|blood_platelet|brain|colon|eye|forebrain|gastrointestinal_tract|heart|kidney|large_intestine|liver|lung|midbrain,18,2,2,97.22727272727273,101.5,137,38,2139,0,1,45,0
6193,2,2,2,brain|heart,1,1,0,78.0,78.0,82,74,156,1,1,50,0
6194,24,24,24,adipose_tissue|adrenal_cortex|adrenal_gland|amygdala|aorta|artery|astrocyte|basal_ganglion|basophil|blood|blood_plasma|blood_platelet|bone|brain|colon|eye|forebrain|gastrointestinal_tract|heart|kidney|large_intestine|liver|lung|midbrain,20,2,2,79.125,81.5,121,15,1899,0,1,43,0
6196,23,23,23,adipose_tissue|adrenal_cortex|adrenal_gland|amygdala|aorta|artery|astrocyte|basal_ganglion|blood|blood_plasma|blood_platelet|bone|brain|colon|eye|forebrain|gastrointestinal_tract|heart|kidney|large_intestine|liver|lung|midbrain,19,2,2,27.52173913043478,28.0,32,22,633,1,1,25,0
6198,22,22,22,adipose_tissue|adrenal_cortex|adrenal_gland|amygdala|aorta|artery|astrocyte|basal_ganglion|blood|blood_plasma|bone|brain|colon|eye|forebrain|gastrointestinal_tract|heart|kidney|large_intestine|liver|lung|midbrain,18,2,2,42.04545454545455,42.5,54,30,925,0,1,54,0
6199,20,20,20,adrenal_cortex|adrenal_gland|amygdala|aorta|artery|basal_ganglion|blood|blood_plasma|bone|brain|colon|eye|forebrain|gastrointestinal_tract|heart|kidney|large_intestine|liver|lung|midbrain,16,2,2,79.55,84.5,103,39,1591,1,1,26,0
6207,15,15,15,adrenal_gland|amygdala|aorta|artery|basal_ganglion|blood|brain|colon|forebrain|gastrointestinal_tract|heart|kidney|large_intestine|liver|lung,12,2,1,105.8,111.0,131,73,1587,0,1,45,0
6208,11,11,11,blood|blood_plasma|blood_platelet|brain|colon|gastrointestinal_tract|heart|kidney|large_intestine|liver|lung,8,2,1,75.36363636363636,79.0,88,45,829,1,1,70,0
6210,20,20,20,adipose_tissue|amygdala|aorta|artery|astrocyte|basal_ganglion|blood|blood_plasma|blood_platelet|brain|colon|eye|forebrain|gastrointestinal_tract|heart|kidney|large_intestine|liver|lung|midbrain,16,2,2,78.85,86.0,106,29,1577,0,1,30,0
6223,11,11,11,blood|blood_plasma|blood_platelet|brain|colon|gastrointestinal_tract|heart|kidney|large_intestine|liver|lung,8,2,1,69.81818181818181,72.0,81,48,768,2,1,59,0
6231,15,15,15,adrenal_gland|amygdala|aorta|artery|basal_ganglion|blood|brain|colon|forebrain|gastrointestinal_tract|heart|kidney|large_intestine|liver|lung,12,2,1,32.266666666666666,34.0,41,24,484,1,1,45,0
6237,20,20,20,adrenal_gland|amygdala|aorta|artery|basal_ganglion|blood|blood_plasma|blood_platelet|bone|brain|colon|eye|forebrain|gastrointestinal_tract|heart|kidney|large_intestine|liver|lung|midbrain,16,2,2,13.2,14.0,15,10,264,2,1,37,0
6240,21,21,21,adipose_tissue|adrenal_gland|amygdala|aorta|artery|basal_ganglion|blood|blood_plasma|blood_platelet|bone|brain|colon|eye|forebrain|gastrointestinal_tract|heart|kidney|large_intestine|liver|lung|midbrain,17,2,2,17.047619047619047,16.0,21,10,358,1,1,25,0
6241,21,21,21,adipose_tissue|adrenal_gland|amygdala|aorta|artery|basal_ganglion|blood|blood_plasma|blood_platelet|bone|brain|colon|eye|forebrain|gastrointestinal_tract|heart|kidney|large_intestine|liver|lung|midbrain,17,2,2,22.571428571428573,22.0,30,11,474,1,1,23,0
6242,8,8,8,blood|brain|colon|gastrointestinal_tract|heart|kidney|large_intestine|liver,6,2,0,11.125,11.0,12,11,89,0,1,8,0
6249,18,18,18,adrenal_gland|amygdala|aorta|artery|basal_ganglion|blood|blood_plasma|brain|colon|eye|forebrain|gastrointestinal_tract|heart|kidney|large_intestine|liver|lung|midbrain,14,2,2,17.166666666666668,17.0,20,12,309,1,1,27,0
6251,21,21,21,adrenal_gland|amygdala|aorta|artery|astrocyte|basal_ganglion|blood|blood_plasma|blood_platelet|bone|brain|colon|eye|forebrain|gastrointestinal_tract|heart|kidney|large_intestine|liver|lung|midbrain,17,2,2,10.333333333333334,11.0,13,5,217,0,1,15,0
6256,21,21,21,adipose_tissue|adrenal_cortex|adrenal_gland|amygdala|artery|basal_ganglion|blood|blood_plasma|blood_platelet|bone|brain|colon|eye|forebrain|gastrointestinal_tract|heart|kidney|large_intestine|liver|lung|midbrain,17,2,2,69.19047619047619,68.0,84,51,1453,1,1,63,0
6257,21,21,21,adipose_tissue|adrenal_cortex|adrenal_gland|amygdala|artery|basal_ganglion|blood|blood_plasma|blood_platelet|bone|brain|colon|eye|forebrain|gastrointestinal_tract|heart|kidney|large_intestine|liver|lung|midbrain,17,2,2,33.523809523809526,35.0,42,22,704,2,1,44,0
6258,2,2,2,brain|lung,1,0,1,16.0,16.0,16,16,32,2,1,0,1
6259,24,24,24,adipose_tissue|adrenal_cortex|adrenal_gland|amygdala|aorta|artery|astrocyte|basal_ganglion|basophil|blood|blood_plasma|blood_platelet|bone|brain|colon|eye|forebrain|gastrointestinal_tract|heart|kidney|large_intestine|liver|lung|midbrain,20,2,2,26.958333333333332,26.5,40,8,647,0,1,45,0
6261,3,3,3,blood|brain|forebrain,3,0,0,17.333333333333332,17.0,19,16,52,2,1,44,0
6262,4,4,4,blood|brain|heart|lung,2,1,1,20.0,20.0,21,19,80,0,1,53,0
6272,22,22,22,adipose_tissue|adrenal_cortex|adrenal_gland|amygdala|aorta|artery|astrocyte|basal_ganglion|blood|blood_plasma|blood_platelet|brain|colon|eye|forebrain|gastrointestinal_tract|heart|kidney|large_intestine|liver|lung|midbrain,18,2,2,33.63636363636363,34.5,45,15,740,0,1,37,0
6273,1,1,1,brain,1,0,0,11.0,11.0,11,11,11,2,1,4,0
6275,22,22,22,adipose_tissue|adrenal_gland|amygdala|aorta|artery|astrocyte|basal_ganglion|blood|blood_plasma|blood_platelet|bone|brain|colon|eye|forebrain|gastrointestinal_tract|heart|kidney|large_intestine|liver|lung|midbrain,18,2,2,27.227272727272727,27.5,35,18,599,1,1,32,0
6278,2,2,2,blood|blood_plasma,2,0,0,13.0,13.0,15,11,26,1,1,44,0
6280,7,7,7,blood|blood_plasma|brain|colon|eye|gastrointestinal_tract|large_intestine,7,0,0,34.857142857142854,37.0,40,25,244,1,1,48,0
6283,1,1,1,blood,1,0,0,3.0,3.0,3,3,3,1,1,28,0
6284,24,24,24,adipose_tissue|adrenal_cortex|adrenal_gland|amygdala|aorta|artery|astrocyte|basal_ganglion|basophil|blood|blood_plasma|blood_platelet|bone|brain|colon|eye|forebrain|gastrointestinal_tract|heart|kidney|large_intestine|liver|lung|midbrain,20,2,2,9.416666666666666,9.0,13,4,226,1,1,36,0
6285,2,2,2,astrocyte|brain,2,0,0,12.5,12.5,17,8,25,1,1,25,0
6286,9,9,9,blood|colon|eye|gastrointestinal_tract|heart|kidney|large_intestine|liver|lung,6,2,1,11.333333333333334,11.0,13,10,102,0,1,23,0
6288,8,8,8,blood|blood_plasma|brain|gastrointestinal_tract|kidney|large_intestine|liver|lung,6,1,1,2.375,1.5,5,1,19,1,1,44,0
6289,9,9,9,adipose_tissue|aorta|artery|blood|blood_plasma|gastrointestinal_tract|kidney|large_intestine|liver,8,1,0,4.666666666666667,5.0,6,4,42,1,1,8,0
6294,13,13,13,adrenal_cortex|adrenal_gland|blood|brain|colon|eye|forebrain|gastrointestinal_tract|heart|kidney|large_intestine|liver|lung,10,2,1,30.076923076923077,31.0,37,14,391,1,1,14,0
6299,7,7,7,adrenal_gland|blood|brain|forebrain|heart|kidney|liver,5,2,0,10.714285714285714,12.0,13,7,75,2,1,63,0
6300,1,1,1,heart,0,1,0,41.0,41.0,41,41,41,2,1,29,0
6303,24,24,24,adipose_tissue|adrenal_cortex|adrenal_gland|amygdala|aorta|artery|astrocyte|basal_ganglion|basophil|blood|blood_plasma|blood_platelet|bone|brain|colon|eye|forebrain|gastrointestinal_tract|heart|kidney|large_intestine|liver|lung|midbrain,20,2,2,23.291666666666668,23.0,32,11,559,1,1,6,0
6310,23,23,23,adipose_tissue|adrenal_cortex|adrenal_gland|amygdala|aorta|artery|astrocyte|basal_ganglion|blood|blood_plasma|blood_platelet|bone|brain|colon|eye|forebrain|gastrointestinal_tract|heart|kidney|large_intestine|liver|lung|midbrain,19,2,2,74.69565217391305,78.0,98,35,1718,4,1,47,0
6311,9,9,9,blood|brain|colon|gastrointestinal_tract|heart|kidney|large_intestine|liver|lung,6,2,1,26.22222222222222,26.0,30,25,236,0,1,43,0
6314,19,19,19,adrenal_cortex|adrenal_gland|amygdala|basal_ganglion|blood|blood_plasma|blood_platelet|bone|brain|colon|eye|forebrain|gastrointestinal_tract|heart|kidney|large_intestine|liver|lung|midbrain,15,2,2,46.94736842105263,47.0,55,28,892,1,1,36,0
6319,6,6,6,brain|eye|heart|kidney|liver|lung,3,2,1,12.0,12.5,13,9,72,0,1,24,0
6326,2,2,2,blood|brain,2,0,0,2.5,2.5,3,2,5,0,1,15,0
6331,2,2,2,gastrointestinal_tract|heart,1,1,0,13.5,13.5,15,12,27,6,1,39,0
6334,1,1,1,brain,1,0,0,4.0,4.0,4,4,4,3,1,11,0
6338,6,6,6,blood|colon|gastrointestinal_tract|kidney|large_intestine|lung,4,1,1,13.666666666666666,13.5,15,13,82,0,1,23,0
6340,3,3,3,blood|kidney|lung,1,1,1,11.0,11.0,12,10,33,0,1,24,0
6342,2,2,2,kidney|liver,1,1,0,11.5,11.5,12,11,23,0,1,38,0
6347,2,2,2,blood|eye,2,0,0,10.5,10.5,15,6,21,0,1,48,0
6348,5,5,5,blood|blood_plasma|brain|liver|lung,4,0,1,7.6,7.0,10,6,38,0,1,81,0
6352,6,6,6,blood|blood_plasma|colon|gastrointestinal_tract|large_intestine|lung,5,0,1,22.833333333333332,22.5,27,21,137,1,1,72,0
6356,7,7,7,blood|colon|gastrointestinal_tract|heart|kidney|large_intestine|lung,4,2,1,3.4285714285714284,3.0,4,3,24,1,1,21,0
6359,3,3,3,blood|brain|heart,2,1,0,1.3333333333333333,1.0,2,1,4,0,1,1,0
6360,2,2,2,blood|blood_plasma,2,0,0,1.0,1.0,1,1,2,0,1,1,0
6363,3,3,3,blood|gastrointestinal_tract|large_intestine,3,0,0,4.0,4.0,4,4,12,0,1,52,0
6366,11,11,11,adrenal_gland|artery|blood|blood_plasma|colon|gastrointestinal_tract|heart|kidney|large_intestine|liver|lung,8,2,1,2.727272727272727,3.0,4,1,30,0,1,52,0
6369,2,2,2,blood|lung,1,0,1,1.0,1.0,1,1,2,1,1,20,0
6375,1,1,1,blood,1,0,0,3.0,3.0,3,3,3,0,1,48,0
6376,10,10,10,basophil|blood|bone|brain|colon|gastrointestinal_tract|kidney|large_intestine|liver|lung,8,1,1,3.8,4.0,4,3,38,0,1,20,0
6386,21,21,21,adrenal_gland|amygdala|aorta|artery|astrocyte|basal_ganglion|blood|blood_plasma|blood_platelet|bone|brain|colon|eye|forebrain|gastrointestinal_tract|heart|kidney|large_intestine|liver|lung|midbrain,17,2,2,67.61904761904762,71.0,90,34,1420,2,1,49,0
6387,3,3,3,blood|brain|kidney,2,1,0,8.0,8.0,12,4,24,0,1,29,0
6389,15,15,15,adipose_tissue|amygdala|basal_ganglion|blood|blood_plasma|brain|colon|forebrain|gastrointestinal_tract|heart|kidney|large_intestine|liver|lung|midbrain,11,2,2,28.6,30.0,33,16,429,0,1,25,0
6392,15,15,15,adipose_tissue|amygdala|basal_ganglion|blood|blood_plasma|brain|colon|forebrain|gastrointestinal_tract|heart|kidney|large_intestine|liver|lung|midbrain,11,2,2,1.0,1.0,1,1,15,1,1,24,0
6401,4,4,4,aorta|artery|eye|heart,3,1,0,12.5,12.5,14,11,50,0,1,34,0
6403,3,3,3,blood|blood_plasma|blood_platelet,3,0,0,7.666666666666667,8.0,8,7,23,0,1,30,0
6404,4,4,4,basophil|blood|blood_plasma|blood_platelet,4,0,0,5.75,6.0,7,4,23,1,1,11,0
6405,2,2,2,brain|lung,1,0,1,4.0,4.0,4,4,8,3,1,11,0
6416,23,23,23,adipose_tissue|adrenal_cortex|adrenal_gland|amygdala|aorta|artery|basal_ganglion|basophil|blood|blood_plasma|blood_platelet|bone|brain|colon|eye|forebrain|gastrointestinal_tract|heart|kidney|large_intestine|liver|lung|midbrain,19,2,2,40.08695652173913,40.0,45,29,922,0,1,4,0
6418,18,18,18,adipose_tissue|adrenal_cortex|adrenal_gland|amygdala|basal_ganglion|blood|blood_plasma|brain|colon|eye|forebrain|gastrointestinal_tract|heart|kidney|large_intestine|liver|lung|midbrain,14,2,2,65.38888888888889,67.5,82,40,1177,1,1,40,0
6421,15,15,15,adrenal_gland|amygdala|aorta|artery|basal_ganglion|blood|brain|colon|forebrain|gastrointestinal_tract|heart|kidney|large_intestine|liver|lung,12,2,1,92.73333333333333,96.0,107,61,1391,0,1,78,0
6422,7,7,7,brain|colon|eye|gastrointestinal_tract|heart|kidney|large_intestine,5,2,0,3.857142857142857,4.0,5,2,27,0,1,77,0
6423,8,8,8,brain|colon|eye|gastrointestinal_tract|heart|kidney|large_intestine|lung,5,2,1,3.0,3.0,5,2,24,0,1,58,0
6426,15,15,15,adrenal_gland|amygdala|aorta|artery|basal_ganglion|blood|brain|colon|forebrain|gastrointestinal_tract|heart|kidney|large_intestine|liver|lung,12,2,1,105.66666666666667,107.0,125,72,1585,4,1,39,0
6431,15,15,15,adrenal_gland|amygdala|aorta|artery|basal_ganglion|blood|brain|colon|forebrain|gastrointestinal_tract|heart|kidney|large_intestine|liver|lung,12,2,1,61.6,65.0,75,39,924,3,1,49,0
6432,1,1,1,blood,1,0,0,86.0,86.0,86,86,86,2,1,48,0
6434,15,15,15,adrenal_gland|amygdala|aorta|artery|basal_ganglion|blood|brain|colon|forebrain|gastrointestinal_tract|heart|kidney|large_intestine|liver|lung,12,2,1,69.26666666666667,73.0,83,43,1039,2,1,46,0
6441,6,6,6,adrenal_cortex|adrenal_gland|eye|gastrointestinal_tract|kidney|lung,4,1,1,4.0,4.0,5,3,24,0,1,6,0
6453,21,21,21,adipose_tissue|adrenal_cortex|adrenal_gland|amygdala|aorta|artery|basal_ganglion|blood|blood_plasma|bone|brain|colon|eye|forebrain|gastrointestinal_tract|heart|kidney|large_intestine|liver|lung|midbrain,17,2,2,39.57142857142857,40.0,48,27,831,4,1,8,0
6456,1,1,1,brain,1,0,0,33.0,33.0,33,33,33,2,1,8,0
6461,15,15,15,adipose_tissue|basophil|blood|blood_plasma|blood_platelet|bone|brain|colon|eye|gastrointestinal_tract|heart|kidney|large_intestine|liver|lung,12,2,1,8.066666666666666,7.0,15,5,121,0,1,0,1
6464,24,24,24,adipose_tissue|adrenal_cortex|adrenal_gland|amygdala|aorta|artery|astrocyte|basal_ganglion|basophil|blood|blood_plasma|blood_platelet|bone|brain|colon|eye|forebrain|gastrointestinal_tract|heart|kidney|large_intestine|liver|lung|midbrain,20,2,2,101.33333333333333,103.5,153,40,2432,6,1,62,0
6468,22,22,22,adipose_tissue|adrenal_cortex|adrenal_gland|amygdala|artery|astrocyte|basal_ganglion|basophil|blood|blood_plasma|bone|brain|colon|eye|forebrain|gastrointestinal_tract|heart|kidney|large_intestine|liver|lung|midbrain,18,2,2,13.636363636363637,16.0,18,2,300,0,1,0,1
6469,3,3,3,blood|blood_plasma|brain,3,0,0,7.0,7.0,7,7,21,0,1,67,0
6470,21,21,21,adipose_tissue|adrenal_gland|amygdala|aorta|artery|basal_ganglion|blood|blood_plasma|blood_platelet|bone|brain|colon|eye|forebrain|gastrointestinal_tract|heart|kidney|large_intestine|liver|lung|midbrain,17,2,2,13.761904761904763,14.0,16,10,289,0,1,40,0
6474,3,3,3,heart|liver|lung,1,1,1,3.3333333333333335,3.0,4,3,10,1,1,0,1
6477,20,20,20,adrenal_gland|amygdala|aorta|artery|basal_ganglion|blood|blood_plasma|blood_platelet|bone|brain|colon|eye|forebrain|gastrointestinal_tract|heart|kidney|large_intestine|liver|lung|midbrain,16,2,2,70.7,72.0,89,49,1414,0,1,40,0
6478,20,20,20,adipose_tissue|adrenal_cortex|adrenal_gland|amygdala|artery|basal_ganglion|blood|blood_plasma|bone|brain|colon|eye|forebrain|gastrointestinal_tract|heart|kidney|large_intestine|liver|lung|midbrain,16,2,2,40.0,43.0,48,26,800,0,1,44,0
6480,3,3,3,blood|heart|kidney,1,2,0,5.0,5.0,5,5,15,0,1,27,0
6484,16,16,16,adrenal_gland|amygdala|basal_ganglion|blood|blood_plasma|brain|colon|eye|forebrain|gastrointestinal_tract|heart|kidney|large_intestine|liver|lung|midbrain,12,2,2,6.0625,6.0,7,5,97,0,1,10,0
6487,16,16,16,adrenal_gland|amygdala|basal_ganglion|blood|blood_plasma|brain|colon|eye|forebrain|gastrointestinal_tract|heart|kidney|large_intestine|liver|lung|midbrain,12,2,2,1.75,2.0,3,1,28,0,1,0,1
6490,6,6,6,basal_ganglion|blood|brain|eye|forebrain|midbrain,5,0,1,2.1666666666666665,2.0,3,2,13,2,1,18,0
6491,1,1,1,blood,1,0,0,33.0,33.0,33,33,33,0,1,30,0
6492,21,21,21,adipose_tissue|adrenal_cortex|adrenal_gland|amygdala|artery|astrocyte|basal_ganglion|blood|blood_plasma|bone|brain|colon|eye|forebrain|gastrointestinal_tract|heart|kidney|large_intestine|liver|lung|midbrain,17,2,2,1.8571428571428572,2.0,3,1,39,1,1,0,1
6493,3,3,3,brain|kidney|liver,2,1,0,4.666666666666667,5.0,6,3,14,1,1,7,0
6495,1,1,1,kidney,0,1,0,11.0,11.0,11,11,11,0,1,61,0
6497,24,24,24,adipose_tissue|adrenal_cortex|adrenal_gland|amygdala|aorta|artery|astrocyte|basal_ganglion|basophil|blood|blood_plasma|blood_platelet|bone|brain|colon|eye|forebrain|gastrointestinal_tract|heart|kidney|large_intestine|liver|lung|midbrain,20,2,2,58.583333333333336,60.5,72,30,1406,0,1,70,0
6498,24,24,24,adipose_tissue|adrenal_cortex|adrenal_gland|amygdala|aorta|artery|astrocyte|basal_ganglion|basophil|blood|blood_plasma|blood_platelet|bone|brain|colon|eye|forebrain|gastrointestinal_tract|heart|kidney|large_intestine|liver|lung|midbrain,20,2,2,45.75,50.0,56,20,1098,1,1,8,0
6500,21,21,21,adrenal_cortex|adrenal_gland|amygdala|aorta|artery|basal_ganglion|blood|blood_plasma|blood_platelet|bone|brain|colon|eye|forebrain|gastrointestinal_tract|heart|kidney|large_intestine|liver|lung|midbrain,17,2,2,90.0952380952381,92.0,103,54,1892,1,1,42,0
6502,23,23,23,adipose_tissue|adrenal_cortex|adrenal_gland|amygdala|aorta|artery|astrocyte|basal_ganglion|blood|blood_plasma|blood_platelet|bone|brain|colon|eye|forebrain|gastrointestinal_tract|heart|kidney|large_intestine|liver|lung|midbrain,19,2,2,64.8695652173913,69.0,76,38,1492,0,1,23,0
6505,5,5,5,basal_ganglion|brain|forebrain|gastrointestinal_tract|kidney,4,1,0,2.0,2.0,2,2,10,0,1,22,0
6506,9,9,9,adrenal_gland|amygdala|astrocyte|basal_ganglion|blood|brain|eye|forebrain|liver,9,0,0,4.0,4.0,5,3,36,0,1,10,0
6507,9,9,9,astrocyte|basal_ganglion|brain|forebrain|heart|kidney|liver|lung|midbrain,5,2,2,3.2222222222222223,3.0,4,2,29,1,1,19,0
6513,20,20,20,adipose_tissue|adrenal_gland|amygdala|aorta|artery|astrocyte|basal_ganglion|blood|blood_plasma|blood_platelet|brain|colon|eye|forebrain|gastrointestinal_tract|heart|kidney|large_intestine|liver|lung,17,2,1,14.25,14.5,17,9,285,1,1,34,0
6514,3,3,3,gastrointestinal_tract|kidney|liver,2,1,0,5.0,5.0,5,5,15,0,1,1,0
6515,11,11,11,adipose_tissue|blood|blood_plasma|blood_platelet|brain|colon|forebrain|gastrointestinal_tract|kidney|large_intestine|liver,10,1,0,2.1818181818181817,2.0,3,1,24,1,1,21,0
6517,2,2,2,adipose_tissue|heart,1,1,0,17.5,17.5,21,14,35,2,1,21,0
6521,16,16,16,adipose_tissue|amygdala|basal_ganglion|blood|bone|brain|colon|eye|forebrain|gastrointestinal_tract|heart|kidney|large_intestine|liver|lung|midbrain,12,2,2,9.3125,9.0,12,8,149,1,1,25,0
6522,16,16,16,adipose_tissue|amygdala|basal_ganglion|blood|bone|brain|colon|eye|forebrain|gastrointestinal_tract|heart|kidney|large_intestine|liver|lung|midbrain,12,2,2,4.4375,4.0,7,3,71,2,1,2,0
6523,22,22,22,adipose_tissue|adrenal_gland|amygdala|aorta|artery|astrocyte|basal_ganglion|blood|blood_plasma|blood_platelet|bone|brain|colon|eye|forebrain|gastrointestinal_tract|heart|kidney|large_intestine|liver|lung|midbrain,18,2,2,2.5,2.5,3,2,55,1,1,16,0
6528,5,5,5,adrenal_gland|gastrointestinal_tract|heart|kidney|lung,2,2,1,2.0,2.0,2,2,10,1,1,25,0
6532,5,5,5,blood|blood_plasma|blood_platelet|brain|lung,4,0,1,5.2,5.0,7,3,26,0,1,31,0
6533,2,2,2,blood|heart,1,1,0,1.0,1.0,1,1,2,0,1,0,1
6541,1,1,1,kidney,0,1,0,3.0,3.0,3,3,3,0,1,2,0
6547,1,1,1,brain,1,0,0,6.0,6.0,6,6,6,1,1,34,0
6548,21,21,21,adipose_tissue|adrenal_gland|amygdala|aorta|artery|astrocyte|basal_ganglion|blood|blood_plasma|blood_platelet|brain|colon|eye|forebrain|gastrointestinal_tract|heart|kidney|large_intestine|liver|lung|midbrain,17,2,2,20.714285714285715,22.0,25,14,435,2,1,81,0
6549,7,7,7,adrenal_gland|colon|gastrointestinal_tract|heart|kidney|large_intestine|liver,5,2,0,5.571428571428571,6.0,6,5,39,0,1,0,1
6558,20,20,20,adipose_tissue|adrenal_cortex|adrenal_gland|amygdala|astrocyte|basal_ganglion|blood|blood_plasma|bone|brain|colon|eye|forebrain|gastrointestinal_tract|heart|kidney|large_intestine|liver|lung|midbrain,16,2,2,9.55,10.0,12,6,191,2,1,16,0
6568,2,2,2,kidney|liver,1,1,0,1.0,1.0,1,1,2,0,1,11,0
6569,2,2,2,kidney|lung,0,1,1,6.0,6.0,7,5,12,0,1,16,0
6574,22,22,22,adipose_tissue|adrenal_gland|amygdala|aorta|artery|astrocyte|basal_ganglion|blood|blood_plasma|blood_platelet|bone|brain|colon|eye|forebrain|gastrointestinal_tract|heart|kidney|large_intestine|liver|lung|midbrain,18,2,2,4.681818181818182,5.0,6,2,103,0,1,12,0
6578,3,3,3,brain|kidney|lung,1,1,1,1.0,1.0,1,1,3,0,1,0,1
6581,12,12,12,adrenal_gland|aorta|artery|blood|brain|colon|gastrointestinal_tract|heart|kidney|large_intestine|liver|lung,9,2,1,1.0,1.0,1,1,12,0,1,16,0
6583,4,4,4,heart|kidney|liver|lung,1,2,1,1.75,1.5,3,1,7,1,1,18,0
6584,19,19,19,adrenal_cortex|adrenal_gland|amygdala|astrocyte|basal_ganglion|blood|blood_plasma|bone|brain|colon|eye|forebrain|gastrointestinal_tract|heart|kidney|large_intestine|liver|lung|midbrain,15,2,2,2.6315789473684212,3.0,5,1,50,2,1,25,0
6585,1,1,1,brain,1,0,0,1.0,1.0,1,1,1,0,1,14,0
6591,24,24,24,adipose_tissue|adrenal_cortex|adrenal_gland|amygdala|aorta|artery|astrocyte|basal_ganglion|basophil|blood|blood_plasma|blood_platelet|bone|brain|colon|eye|forebrain|gastrointestinal_tract|heart|kidney|large_intestine|liver|lung|midbrain,20,2,2,10.583333333333334,11.0,12,2,254,0,1,62,0
6594,5,5,5,brain|heart|kidney|liver|lung,2,2,1,21.0,21.0,22,20,105,2,1,67,0
6596,16,16,16,amygdala|basal_ganglion|blood|blood_plasma|blood_platelet|brain|colon|eye|forebrain|gastrointestinal_tract|heart|kidney|large_intestine|liver|lung|midbrain,12,2,2,21.875,23.5,26,16,350,0,1,21,0
6597,23,23,23,adipose_tissue|adrenal_cortex|adrenal_gland|amygdala|aorta|artery|astrocyte|basal_ganglion|blood|blood_plasma|blood_platelet|bone|brain|colon|eye|forebrain|gastrointestinal_tract|heart|kidney|large_intestine|liver|lung|midbrain,19,2,2,117.95652173913044,122.0,143,64,2713,1,1,78,0
6598,16,16,16,adrenal_gland|amygdala|basal_ganglion|blood|blood_plasma|brain|colon|eye|forebrain|gastrointestinal_tract|heart|kidney|large_intestine|liver|lung|midbrain,12,2,2,91.75,94.0,98,73,1468,1,1,85,0
6599,19,19,19,adipose_tissue|adrenal_cortex|adrenal_gland|amygdala|basal_ganglion|blood|blood_plasma|blood_platelet|bone|brain|colon|forebrain|gastrointestinal_tract|heart|kidney|large_intestine|liver|lung|midbrain,15,2,2,86.94736842105263,88.0,99,57,1652,0,1,48,0
6601,18,18,18,adrenal_cortex|adrenal_gland|amygdala|basal_ganglion|blood|blood_plasma|blood_platelet|bone|brain|colon|forebrain|gastrointestinal_tract|heart|kidney|large_intestine|liver|lung|midbrain,14,2,2,88.72222222222223,92.0,100,69,1597,0,1,53,0
6602,18,18,18,adrenal_cortex|adrenal_gland|amygdala|basal_ganglion|blood|blood_plasma|blood_platelet|bone|brain|colon|forebrain|gastrointestinal_tract|heart|kidney|large_intestine|liver|lung|midbrain,14,2,2,63.72222222222222,67.5,74,46,1147,1,1,50,0
6604,19,19,19,adipose_tissue|adrenal_cortex|adrenal_gland|amygdala|artery|basal_ganglion|blood|bone|brain|colon|eye|forebrain|gastrointestinal_tract|heart|kidney|large_intestine|liver|lung|midbrain,15,2,2,29.894736842105264,32.0,36,20,568,0,1,66,0
6608,2,2,2,blood|lung,1,0,1,3.0,3.0,3,3,6,0,1,64,0
6609,14,14,14,amygdala|basal_ganglion|blood|blood_plasma|brain|colon|forebrain|gastrointestinal_tract|heart|kidney|large_intestine|liver|lung|midbrain,10,2,2,5.0,5.0,7,4,70,1,1,54,0
6612,10,10,10,amygdala|basal_ganglion|blood|brain|forebrain|gastrointestinal_tract|heart|kidney|lung|midbrain,6,2,2,64.8,68.5,72,55,648,0,1,26,0
6613,20,20,20,adrenal_gland|amygdala|aorta|artery|basal_ganglion|blood|blood_plasma|blood_platelet|bone|brain|colon|eye|forebrain|gastrointestinal_tract|heart|kidney|large_intestine|liver|lung|midbrain,16,2,2,92.65,96.0,112,58,1853,3,1,45,0
6615,21,21,21,adrenal_cortex|adrenal_gland|amygdala|artery|astrocyte|basal_ganglion|blood|blood_plasma|blood_platelet|bone|brain|colon|eye|forebrain|gastrointestinal_tract|heart|kidney|large_intestine|liver|lung|midbrain,17,2,2,36.95238095238095,39.0,43,21,776,1,1,62,0
6616,2,2,2,adipose_tissue|brain,2,0,0,22.0,22.0,26,18,44,3,1,12,0
6622,6,6,6,blood|blood_plasma|brain|heart|kidney|lung,3,2,1,93.5,94.0,104,81,561,2,1,72,0
6623,23,23,23,adipose_tissue|adrenal_cortex|adrenal_gland|amygdala|aorta|artery|astrocyte|basal_ganglion|blood|blood_plasma|blood_platelet|bone|brain|colon|eye|forebrain|gastrointestinal_tract|heart|kidney|large_intestine|liver|lung|midbrain,19,2,2,10.08695652173913,9.0,16,4,232,1,1,11,0
6624,19,19,19,adipose_tissue|adrenal_gland|amygdala|aorta|artery|basal_ganglion|blood|blood_plasma|blood_platelet|brain|colon|forebrain|gastrointestinal_tract|heart|kidney|large_intestine|liver|lung|midbrain,15,2,2,35.31578947368421,33.0,42,27,671,0,1,43,0
6625,15,15,15,adrenal_gland|amygdala|aorta|artery|basal_ganglion|blood|brain|colon|forebrain|gastrointestinal_tract|heart|kidney|large_intestine|liver|lung,12,2,1,86.26666666666667,89.0,104,58,1294,1,1,42,0
6631,15,15,15,adrenal_gland|amygdala|aorta|artery|basal_ganglion|blood|brain|colon|forebrain|gastrointestinal_tract|heart|kidney|large_intestine|liver|lung,12,2,1,73.26666666666667,76.0,87,48,1099,1,1,29,0
6636,15,15,15,adrenal_gland|amygdala|aorta|artery|basal_ganglion|blood|brain|colon|forebrain|gastrointestinal_tract|heart|kidney|large_intestine|liver|lung,12,2,1,54.6,56.0,64,39,819,0,1,34,0
6640,21,21,21,adipose_tissue|adrenal_cortex|adrenal_gland|amygdala|aorta|artery|basal_ganglion|blood|blood_plasma|bone|brain|colon|eye|forebrain|gastrointestinal_tract|heart|kidney|large_intestine|liver|lung|midbrain,17,2,2,24.80952380952381,25.0,37,16,521,0,1,23,0
6642,12,12,12,amygdala|basal_ganglion|blood|blood_plasma|blood_platelet|brain|forebrain|heart|kidney|liver|lung|midbrain,8,2,2,24.666666666666668,25.0,33,18,296,1,1,38,0
6646,20,20,20,adipose_tissue|adrenal_cortex|adrenal_gland|amygdala|artery|basal_ganglion|blood|blood_plasma|blood_platelet|brain|colon|eye|forebrain|gastrointestinal_tract|heart|kidney|large_intestine|liver|lung|midbrain,16,2,2,11.15,11.0,14,6,223,2,1,58,0
6647,24,24,24,adipose_tissue|adrenal_cortex|adrenal_gland|amygdala|aorta|artery|astrocyte|basal_ganglion|basophil|blood|blood_plasma|blood_platelet|bone|brain|colon|eye|forebrain|gastrointestinal_tract|heart|kidney|large_intestine|liver|lung|midbrain,20,2,2,52.958333333333336,54.5,68,14,1271,1,1,77,0
6648,23,23,23,adipose_tissue|adrenal_cortex|adrenal_gland|amygdala|aorta|artery|astrocyte|basal_ganglion|blood|blood_plasma|blood_platelet|bone|brain|colon|eye|forebrain|gastrointestinal_tract|heart|kidney|large_intestine|liver|lung|midbrain,19,2,2,27.695652173913043,28.0,34,18,637,0,1,54,0
6651,20,20,20,adipose_tissue|adrenal_gland|amygdala|aorta|artery|basal_ganglion|blood|blood_plasma|blood_platelet|brain|colon|eye|forebrain|gastrointestinal_tract|heart|kidney|large_intestine|liver|lung|midbrain,16,2,2,32.8,34.5,42,18,656,3,1,44,0
6654,21,21,21,adrenal_cortex|adrenal_gland|amygdala|aorta|artery|basal_ganglion|blood|blood_plasma|blood_platelet|bone|brain|colon|eye|forebrain|gastrointestinal_tract|heart|kidney|large_intestine|liver|lung|midbrain,17,2,2,39.57142857142857,39.0,49,33,831,0,1,1,0
6655,20,20,20,adrenal_gland|amygdala|aorta|artery|basal_ganglion|blood|blood_plasma|blood_platelet|bone|brain|colon|eye|forebrain|gastrointestinal_tract|heart|kidney|large_intestine|liver|lung|midbrain,16,2,2,19.6,20.0,23,16,392,0,1,0,1
6657,4,4,4,brain|colon|gastrointestinal_tract|large_intestine,4,0,0,139.5,137.0,148,136,558,2,1,75,0
6659,2,2,2,blood|bone,2,0,0,10.0,10.0,12,8,20,2,1,75,0
6660,5,5,5,brain|heart|kidney|liver|lung,2,2,1,17.4,17.0,21,15,87,5,1,16,0
6662,1,1,1,bone,1,0,0,18.0,18.0,18,18,18,1,1,93,0
6663,5,5,5,brain|colon|gastrointestinal_tract|heart|large_intestine,4,1,0,13.8,13.0,20,11,69,2,1,12,0
6664,1,1,1,brain,1,0,0,1.0,1.0,1,1,1,1,1,67,0
6665,2,2,2,blood|brain,2,0,0,1.0,1.0,1,1,2,2,1,45,0
6667,21,21,21,adrenal_cortex|adrenal_gland|amygdala|aorta|artery|basal_ganglion|blood|blood_plasma|blood_platelet|bone|brain|colon|eye|forebrain|gastrointestinal_tract|heart|kidney|large_intestine|liver|lung|midbrain,17,2,2,188.38095238095238,189.0,238,133,3956,3,1,46,0
6670,24,24,24,adipose_tissue|adrenal_cortex|adrenal_gland|amygdala|aorta|artery|astrocyte|basal_ganglion|basophil|blood|blood_plasma|blood_platelet|bone|brain|colon|eye|forebrain|gastrointestinal_tract|heart|kidney|large_intestine|liver|lung|midbrain,20,2,2,35.75,38.0,47,14,858,2,1,56,0
6672,19,19,19,adipose_tissue|adrenal_cortex|adrenal_gland|aorta|artery|blood|blood_plasma|blood_platelet|bone|brain|colon|eye|forebrain|gastrointestinal_tract|heart|kidney|large_intestine|liver|lung,16,2,1,20.157894736842106,21.0,29,11,383,0,1,80,0
6683,21,21,21,adipose_tissue|adrenal_gland|amygdala|aorta|artery|basal_ganglion|blood|blood_plasma|blood_platelet|bone|brain|colon|eye|forebrain|gastrointestinal_tract|heart|kidney|large_intestine|liver|lung|midbrain,17,2,2,2.238095238095238,2.0,4,1,47,0,1,42,0
6688,1,1,1,blood,1,0,0,36.0,36.0,36,36,36,3,1,76,0
6689,1,1,1,blood,1,0,0,15.0,15.0,15,15,15,3,1,0,1
6693,3,3,3,blood|blood_plasma|blood_platelet,3,0,0,13.666666666666666,14.0,14,13,41,1,1,33,0
6696,6,6,6,aorta|artery|blood|bone|brain|kidney,5,1,0,27.166666666666668,26.0,37,20,163,1,1,11,0
6698,2,2,2,blood|blood_plasma,2,0,0,2.0,2.0,2,2,4,1,1,24,0
6708,3,3,3,blood|liver|lung,2,0,1,17.333333333333332,17.0,20,15,52,2,1,7,0
6710,1,1,1,blood,1,0,0,7.0,7.0,7,7,7,2,1,13,0
6711,20,20,20,adipose_tissue|amygdala|artery|astrocyte|basal_ganglion|blood|blood_plasma|blood_platelet|bone|brain|colon|eye|forebrain|gastrointestinal_tract|heart|kidney|large_intestine|liver|lung|midbrain,16,2,2,57.55,58.5,70,31,1151,0,1,46,0
6714,24,24,24,adipose_tissue|adrenal_cortex|adrenal_gland|amygdala|aorta|artery|astrocyte|basal_ganglion|basophil|blood|blood_plasma|blood_platelet|bone|brain|colon|eye|forebrain|gastrointestinal_tract|heart|kidney|large_intestine|liver|lung|midbrain,20,2,2,187.75,188.0,248,86,4506,2,1,87,0
6717,23,23,23,adipose_tissue|adrenal_cortex|adrenal_gland|amygdala|aorta|artery|astrocyte|basal_ganglion|blood|blood_plasma|blood_platelet|bone|brain|colon|eye|forebrain|gastrointestinal_tract|heart|kidney|large_intestine|liver|lung|midbrain,19,2,2,15.869565217391305,16.0,21,10,365,0,1,36,0
6718,1,1,1,liver,1,0,0,2.0,2.0,2,2,2,0,1,23,0
6720,22,22,22,adipose_tissue|adrenal_cortex|adrenal_gland|amygdala|aorta|artery|basal_ganglion|blood|blood_plasma|blood_platelet|bone|brain|colon|eye|forebrain|gastrointestinal_tract|heart|kidney|large_intestine|liver|lung|midbrain,18,2,2,38.72727272727273,39.5,47,26,852,1,1,44,0
6722,24,24,24,adipose_tissue|adrenal_cortex|adrenal_gland|amygdala|aorta|artery|astrocyte|basal_ganglion|basophil|blood|blood_plasma|blood_platelet|bone|brain|colon|eye|forebrain|gastrointestinal_tract|heart|kidney|large_intestine|liver|lung|midbrain,20,2,2,48.416666666666664,48.0,64,24,1162,0,1,73,0
6729,20,20,20,adrenal_gland|amygdala|aorta|artery|basal_ganglion|blood|blood_plasma|blood_platelet|bone|brain|colon|eye|forebrain|gastrointestinal_tract|heart|kidney|large_intestine|liver|lung|midbrain,16,2,2,12.5,13.0,15,7,250,1,1,37,0
6732,11,11,11,blood|blood_plasma|brain|colon|eye|gastrointestinal_tract|heart|kidney|large_intestine|liver|lung,8,2,1,85.0,88.0,98,57,935,2,1,51,0
6733,24,24,24,adipose_tissue|adrenal_cortex|adrenal_gland|amygdala|aorta|artery|astrocyte|basal_ganglion|basophil|blood|blood_plasma|blood_platelet|bone|brain|colon|eye|forebrain|gastrointestinal_tract|heart|kidney|large_intestine|liver|lung|midbrain,20,2,2,95.54166666666667,96.0,136,17,2293,1,1,62,0
6737,21,21,21,adipose_tissue|adrenal_gland|amygdala|aorta|artery|basal_ganglion|blood|blood_plasma|blood_platelet|bone|brain|colon|eye|forebrain|gastrointestinal_tract|heart|kidney|large_intestine|liver|lung|midbrain,17,2,2,45.95238095238095,45.0,56,28,965,1,1,71,0
6742,16,16,16,adrenal_gland|amygdala|basal_ganglion|blood|blood_plasma|brain|colon|eye|forebrain|gastrointestinal_tract|heart|kidney|large_intestine|liver|lung|midbrain,12,2,2,40.875,42.0,45,32,654,0,1,28,0
6751,7,7,7,brain|colon|eye|gastrointestinal_tract|kidney|large_intestine|lung,5,1,1,2.142857142857143,2.0,3,1,15,0,1,1,0
6752,6,6,6,blood|brain|eye|gastrointestinal_tract|kidney|lung,4,1,1,3.0,3.0,4,2,18,1,1,0,1
6755,4,4,4,adrenal_gland|brain|gastrointestinal_tract|heart,3,1,0,5.25,5.5,6,4,21,1,1,16,0
6760,8,8,8,amygdala|basal_ganglion|brain|forebrain|heart|kidney|lung|midbrain,4,2,2,24.875,25.5,29,21,199,0,1,32,0
6764,23,23,23,adipose_tissue|adrenal_cortex|adrenal_gland|amygdala|aorta|artery|basal_ganglion|basophil|blood|blood_plasma|blood_platelet|bone|brain|colon|eye|forebrain|gastrointestinal_tract|heart|kidney|large_intestine|liver|lung|midbrain,19,2,2,3.739130434782609,4.0,5,3,86,1,1,1,0
6772,20,20,20,adipose_tissue|adrenal_gland|aorta|artery|astrocyte|basophil|blood|blood_plasma|blood_platelet|bone|brain|colon|eye|forebrain|gastrointestinal_tract|heart|kidney|large_intestine|liver|lung,17,2,1,103.75,111.5,133,50,2075,0,1,76,0
6774,22,22,22,adipose_tissue|adrenal_gland|amygdala|artery|astrocyte|basal_ganglion|basophil|blood|blood_plasma|blood_platelet|bone|brain|colon|eye|forebrain|gastrointestinal_tract|heart|kidney|large_intestine|liver|lung|midbrain,18,2,2,114.0,113.0,154,52,2508,5,1,84,0
6776,2,2,2,blood|kidney,1,1,0,56.0,56.0,62,50,112,0,1,29,0
6777,24,24,24,adipose_tissue|adrenal_cortex|adrenal_gland|amygdala|aorta|artery|astrocyte|basal_ganglion|basophil|blood|blood_plasma|blood_platelet|bone|brain|colon|eye|forebrain|gastrointestinal_tract|heart|kidney|large_intestine|liver|lung|midbrain,20,2,2,28.583333333333332,28.0,50,13,686,0,1,61,0
6778,16,16,16,adrenal_gland|aorta|artery|basophil|blood|blood_plasma|blood_platelet|brain|colon|forebrain|gastrointestinal_tract|heart|kidney|large_intestine|liver|lung,13,2,1,30.5625,31.0,42,12,489,2,1,13,0
6786,23,23,23,adipose_tissue|adrenal_cortex|adrenal_gland|amygdala|aorta|artery|astrocyte|basal_ganglion|blood|blood_plasma|blood_platelet|bone|brain|colon|eye|forebrain|gastrointestinal_tract|heart|kidney|large_intestine|liver|lung|midbrain,19,2,2,12.434782608695652,13.0,13,8,286,3,1,28,0
6788,5,5,5,brain|heart|kidney|liver|lung,2,2,1,33.0,32.0,36,32,165,1,1,65,0
6789,24,24,24,adipose_tissue|adrenal_cortex|adrenal_gland|amygdala|aorta|artery|astrocyte|basal_ganglion|basophil|blood|blood_plasma|blood_platelet|bone|brain|colon|eye|forebrain|gastrointestinal_tract|heart|kidney|large_intestine|liver|lung|midbrain,20,2,2,30.708333333333332,31.5,42,12,737,2,1,61,0
6792,18,18,18,adipose_tissue|adrenal_cortex|adrenal_gland|basal_ganglion|blood|blood_plasma|blood_platelet|bone|brain|colon|eye|forebrain|gastrointestinal_tract|heart|kidney|large_intestine|liver|lung,15,2,1,8.555555555555555,9.0,9,7,154,1,1,45,0
6794,24,24,24,adipose_tissue|adrenal_cortex|adrenal_gland|amygdala|aorta|artery|astrocyte|basal_ganglion|basophil|blood|blood_plasma|blood_platelet|bone|brain|colon|eye|forebrain|gastrointestinal_tract|heart|kidney|large_intestine|liver|lung|midbrain,20,2,2,37.916666666666664,38.5,51,9,910,1,1,61,0
6801,20,20,20,adipose_tissue|adrenal_cortex|adrenal_gland|amygdala|artery|basal_ganglion|blood|blood_plasma|bone|brain|colon|eye|forebrain|gastrointestinal_tract|heart|kidney|large_intestine|liver|lung|midbrain,16,2,2,20.6,20.5,26,13,412,0,1,26,0
6804,6,6,6,blood|brain|colon|gastrointestinal_tract|large_intestine|lung,5,0,1,47.166666666666664,47.0,53,43,283,2,1,25,0
6809,23,23,23,adipose_tissue|adrenal_cortex|adrenal_gland|amygdala|aorta|artery|astrocyte|basal_ganglion|basophil|blood|blood_plasma|blood_platelet|brain|colon|eye|forebrain|gastrointestinal_tract|heart|kidney|large_intestine|liver|lung|midbrain,19,2,2,21.782608695652176,22.0,33,8,501,1,1,35,0
6811,12,12,12,amygdala|basal_ganglion|blood|blood_plasma|blood_platelet|brain|forebrain|heart|kidney|liver|lung|midbrain,8,2,2,20.916666666666668,21.0,25,17,251,2,1,40,0
6812,24,24,24,adipose_tissue|adrenal_cortex|adrenal_gland|amygdala|aorta|artery|astrocyte|basal_ganglion|basophil|blood|blood_plasma|blood_platelet|bone|brain|colon|eye|forebrain|gastrointestinal_tract|heart|kidney|large_intestine|liver|lung|midbrain,20,2,2,17.541666666666668,17.5,27,8,421,1,1,55,0
6813,8,8,8,blood|blood_plasma|blood_platelet|brain|heart|kidney|liver|lung,5,2,1,8.625,8.5,10,8,69,1,1,30,0
6814,23,23,23,adipose_tissue|adrenal_gland|amygdala|aorta|artery|astrocyte|basal_ganglion|basophil|blood|blood_plasma|blood_platelet|bone|brain|colon|eye|forebrain|gastrointestinal_tract|heart|kidney|large_intestine|liver|lung|midbrain,19,2,2,8.347826086956522,9.0,11,3,192,0,1,30,0
6817,9,9,9,blood|blood_plasma|blood_platelet|colon|gastrointestinal_tract|kidney|large_intestine|liver|lung,7,1,1,19.444444444444443,20.0,21,15,175,0,1,15,0
6818,7,7,7,brain|colon|gastrointestinal_tract|kidney|large_intestine|liver|lung,5,1,1,2.857142857142857,3.0,3,2,20,1,1,8,0
6827,6,6,6,blood|brain|heart|kidney|liver|lung,3,2,1,9.333333333333334,9.0,10,9,56,1,1,59,0
6829,6,6,6,blood|brain|heart|kidney|liver|lung,3,2,1,60.833333333333336,60.5,62,60,365,2,1,70,0
6832,20,20,20,adipose_tissue|adrenal_gland|amygdala|aorta|artery|basal_ganglion|blood|blood_plasma|blood_platelet|brain|colon|eye|forebrain|gastrointestinal_tract|heart|kidney|large_intestine|liver|lung|midbrain,16,2,2,2.8,3.0,4,1,56,0,1,65,0
6840,21,21,21,adipose_tissue|adrenal_cortex|adrenal_gland|amygdala|aorta|artery|basal_ganglion|blood|blood_plasma|bone|brain|colon|eye|forebrain|gastrointestinal_tract|heart|kidney|large_intestine|liver|lung|midbrain,17,2,2,39.0,39.0,51,18,819,0,1,26,0
6845,18,18,18,adipose_tissue|adrenal_gland|amygdala|basal_ganglion|blood|blood_plasma|blood_platelet|brain|colon|eye|forebrain|gastrointestinal_tract|heart|kidney|large_intestine|liver|lung|midbrain,14,2,2,9.444444444444445,9.5,12,7,170,0,1,46,0
6850,24,24,24,adipose_tissue|adrenal_cortex|adrenal_gland|amygdala|aorta|artery|astrocyte|basal_ganglion|basophil|blood|blood_plasma|blood_platelet|bone|brain|colon|eye|forebrain|gastrointestinal_tract|heart|kidney|large_intestine|liver|lung|midbrain,20,2,2,56.5,55.5,94,35,1356,0,1,79,0
6853,2,2,2,blood|lung,1,0,1,38.0,38.0,39,37,76,3,1,3,0
6855,10,10,10,blood|bone|brain|colon|eye|forebrain|gastrointestinal_tract|large_intestine|liver|midbrain,9,0,1,10.3,11.0,13,5,103,1,1,24,0
6857,3,3,3,basal_ganglion|brain|forebrain,3,0,0,20.666666666666668,20.0,26,16,62,0,1,28,0
6860,5,5,5,amygdala|basal_ganglion|brain|forebrain|midbrain,4,0,1,6.4,6.0,9,5,32,1,1,18,0
6863,4,4,4,basal_ganglion|blood|brain|forebrain,4,0,0,3.0,3.0,3,3,12,1,1,6,0
6868,24,24,24,adipose_tissue|adrenal_cortex|adrenal_gland|amygdala|aorta|artery|astrocyte|basal_ganglion|basophil|blood|blood_plasma|blood_platelet|bone|brain|colon|eye|forebrain|gastrointestinal_tract|heart|kidney|large_intestine|liver|lung|midbrain,20,2,2,17.666666666666668,18.0,23,10,424,1,1,59,0
6871,18,18,18,adrenal_cortex|adrenal_gland|amygdala|basal_ganglion|blood|blood_plasma|blood_platelet|bone|brain|colon|forebrain|gastrointestinal_tract|heart|kidney|large_intestine|liver|lung|midbrain,14,2,2,59.333333333333336,65.5,74,38,1068,0,1,29,0
6872,23,23,23,adipose_tissue|adrenal_cortex|adrenal_gland|amygdala|aorta|artery|astrocyte|basal_ganglion|blood|blood_plasma|blood_platelet|bone|brain|colon|eye|forebrain|gastrointestinal_tract|heart|kidney|large_intestine|liver|lung|midbrain,19,2,2,48.391304347826086,51.0,62,22,1113,0,1,69,0
6873,20,20,20,adipose_tissue|adrenal_cortex|adrenal_gland|amygdala|artery|astrocyte|basal_ganglion|blood|bone|brain|colon|eye|forebrain|gastrointestinal_tract|heart|kidney|large_intestine|liver|lung|midbrain,16,2,2,18.45,19.0,28,5,369,3,1,56,0
6874,20,20,20,adipose_tissue|adrenal_cortex|adrenal_gland|amygdala|basal_ganglion|blood|blood_plasma|blood_platelet|bone|brain|colon|eye|forebrain|gastrointestinal_tract|heart|kidney|large_intestine|liver|lung|midbrain,16,2,2,37.4,38.5,46,18,748,1,1,56,0
6877,18,18,18,adrenal_cortex|adrenal_gland|amygdala|basal_ganglion|blood|blood_plasma|blood_platelet|bone|brain|colon|forebrain|gastrointestinal_tract|heart|kidney|large_intestine|liver|lung|midbrain,14,2,2,26.0,25.0,32,20,468,1,1,33,0
6878,7,7,7,blood|brain|gastrointestinal_tract|heart|kidney|liver|lung,4,2,1,47.57142857142857,48.0,50,45,333,0,1,35,0
6879,18,18,18,adrenal_cortex|adrenal_gland|amygdala|basal_ganglion|blood|blood_plasma|blood_platelet|bone|brain|colon|forebrain|gastrointestinal_tract|heart|kidney|large_intestine|liver|lung|midbrain,14,2,2,33.388888888888886,32.0,40,29,601,1,1,76,0
6880,21,21,21,adrenal_cortex|adrenal_gland|amygdala|aorta|artery|basal_ganglion|blood|blood_plasma|blood_platelet|bone|brain|colon|eye|forebrain|gastrointestinal_tract|heart|kidney|large_intestine|liver|lung|midbrain,17,2,2,58.76190476190476,60.0,73,26,1234,0,1,77,0
6881,23,23,23,adipose_tissue|adrenal_cortex|adrenal_gland|amygdala|aorta|artery|astrocyte|basal_ganglion|blood|blood_plasma|blood_platelet|bone|brain|colon|eye|forebrain|gastrointestinal_tract|heart|kidney|large_intestine|liver|lung|midbrain,19,2,2,38.65217391304348,43.0,51,16,889,2,1,42,0
6882,2,2,2,blood|brain,2,0,0,21.5,21.5,23,20,43,2,1,44,0
6883,18,18,18,adrenal_cortex|adrenal_gland|amygdala|basal_ganglion|blood|blood_plasma|blood_platelet|bone|brain|colon|forebrain|gastrointestinal_tract|heart|kidney|large_intestine|liver|lung|midbrain,14,2,2,42.27777777777778,41.0,51,34,761,0,1,56,0
6885,24,24,24,adipose_tissue|adrenal_cortex|adrenal_gland|amygdala|aorta|artery|astrocyte|basal_ganglion|basophil|blood|blood_plasma|blood_platelet|bone|brain|colon|eye|forebrain|gastrointestinal_tract|heart|kidney|large_intestine|liver|lung|midbrain,20,2,2,103.83333333333333,104.0,130,57,2492,1,1,66,0
6886,24,24,24,adipose_tissue|adrenal_cortex|adrenal_gland|amygdala|aorta|artery|astrocyte|basal_ganglion|basophil|blood|blood_plasma|blood_platelet|bone|brain|colon|eye|forebrain|gastrointestinal_tract|heart|kidney|large_intestine|liver|lung|midbrain,20,2,2,29.708333333333332,32.0,41,11,713,2,1,58,0
6890,16,16,16,adrenal_gland|aorta|artery|basophil|blood|blood_plasma|blood_platelet|brain|colon|eye|gastrointestinal_tract|heart|kidney|large_intestine|liver|lung,13,2,1,9.75,10.0,12,6,156,1,1,23,0
6895,20,20,20,adipose_tissue|amygdala|aorta|artery|astrocyte|basal_ganglion|blood|blood_plasma|blood_platelet|brain|colon|eye|forebrain|gastrointestinal_tract|heart|kidney|large_intestine|liver|lung|midbrain,16,2,2,37.9,39.0,44,22,758,0,1,53,0
6898,1,1,1,liver,1,0,0,5.0,5.0,5,5,5,0,1,14,0
6901,22,22,22,adipose_tissue|adrenal_cortex|adrenal_gland|amygdala|aorta|artery|basal_ganglion|blood|blood_plasma|blood_platelet|bone|brain|colon|eye|forebrain|gastrointestinal_tract|heart|kidney|large_intestine|liver|lung|midbrain,18,2,2,19.636363636363637,18.5,25,13,432,3,1,27,0
6903,20,20,20,adrenal_gland|amygdala|aorta|artery|basal_ganglion|blood|blood_plasma|blood_platelet|bone|brain|colon|eye|forebrain|gastrointestinal_tract|heart|kidney|large_intestine|liver|lung|midbrain,16,2,2,4.6,5.0,5,3,92,4,1,9,0
6904,20,20,20,adrenal_gland|amygdala|aorta|artery|basal_ganglion|blood|blood_plasma|blood_platelet|bone|brain|colon|eye|forebrain|gastrointestinal_tract|heart|kidney|large_intestine|liver|lung|midbrain,16,2,2,17.55,18.0,21,11,351,1,1,18,0
6905,23,23,23,adipose_tissue|adrenal_cortex|adrenal_gland|amygdala|aorta|artery|astrocyte|basal_ganglion|blood|blood_plasma|blood_platelet|bone|brain|colon|eye|forebrain|gastrointestinal_tract|heart|kidney|large_intestine|liver|lung|midbrain,19,2,2,6.391304347826087,7.0,9,2,147,0,1,2,0
6907,22,22,22,adipose_tissue|adrenal_cortex|adrenal_gland|amygdala|aorta|artery|basal_ganglion|blood|blood_plasma|blood_platelet|bone|brain|colon|eye|forebrain|gastrointestinal_tract|heart|kidney|large_intestine|liver|lung|midbrain,18,2,2,31.5,32.5,37,21,693,1,1,63,0
6910,1,1,1,eye,1,0,0,4.0,4.0,4,4,4,4,1,55,0
6915,5,5,5,blood|blood_plasma|blood_platelet|heart|lung,3,1,1,22.8,23.0,24,21,114,1,1,0,1
6917,11,11,11,blood|blood_plasma|blood_platelet|brain|colon|gastrointestinal_tract|heart|kidney|large_intestine|liver|lung,8,2,1,22.636363636363637,24.0,25,15,249,0,1,13,0
6925,3,3,3,blood|brain|lung,2,0,1,83.0,83.0,84,82,249,2,1,65,0
6926,9,9,9,adrenal_gland|brain|colon|gastrointestinal_tract|heart|kidney|large_intestine|liver|lung,6,2,1,10.777777777777779,11.0,12,10,97,1,1,55,0
6927,2,2,2,kidney|liver,1,1,0,35.0,35.0,36,34,70,3,1,55,0
6928,3,3,3,gastrointestinal_tract|kidney|liver,2,1,0,5.0,5.0,6,4,15,0,1,49,0
6929,24,24,24,adipose_tissue|adrenal_cortex|adrenal_gland|amygdala|aorta|artery|astrocyte|basal_ganglion|basophil|blood|blood_plasma|blood_platelet|bone|brain|colon|eye|forebrain|gastrointestinal_tract|heart|kidney|large_intestine|liver|lung|midbrain,20,2,2,69.70833333333333,73.5,91,24,1673,1,1,69,0
6932,1,1,1,blood,1,0,0,7.0,7.0,7,7,7,5,1,19,0
6934,24,24,24,adipose_tissue|adrenal_cortex|adrenal_gland|amygdala|aorta|artery|astrocyte|basal_ganglion|basophil|blood|blood_plasma|blood_platelet|bone|brain|colon|eye|forebrain|gastrointestinal_tract|heart|kidney|large_intestine|liver|lung|midbrain,20,2,2,22.833333333333332,23.5,29,11,548,1,1,88,0
6935,1,1,1,heart,0,1,0,22.0,22.0,22,22,22,3,1,46,0
6943,4,4,4,gastrointestinal_tract|heart|kidney|lung,1,2,1,4.75,4.5,6,4,19,0,1,59,0
6944,17,17,17,adrenal_gland|amygdala|artery|basal_ganglion|blood|bone|brain|colon|eye|forebrain|gastrointestinal_tract|heart|kidney|large_intestine|liver|lung|midbrain,13,2,2,22.058823529411764,23.0,31,8,375,1,1,3,0
6993,6,6,6,blood|brain|heart|kidney|liver|lung,3,2,1,49.666666666666664,49.5,53,47,298,0,1,36,0
7001,24,24,24,adipose_tissue|adrenal_cortex|adrenal_gland|amygdala|aorta|artery|astrocyte|basal_ganglion|basophil|blood|blood_plasma|blood_platelet|bone|brain|colon|eye|forebrain|gastrointestinal_tract|heart|kidney|large_intestine|liver|lung|midbrain,20,2,2,38.583333333333336,40.5,49,14,926,1,1,24,0
7003,1,1,1,heart,0,1,0,15.0,15.0,15,15,15,3,1,44,0
7004,2,2,2,heart|kidney,0,2,0,17.5,17.5,19,16,35,1,1,15,0
7005,2,2,2,heart|lung,0,1,1,8.5,8.5,9,8,17,3,1,11,0
7010,2,2,2,blood|kidney,1,1,0,22.5,22.5,23,22,45,0,1,55,0
7011,9,9,9,blood|brain|colon|gastrointestinal_tract|heart|kidney|large_intestine|liver|lung,6,2,1,5.444444444444445,5.0,6,5,49,1,1,34,0
7013,23,23,23,adipose_tissue|adrenal_cortex|adrenal_gland|amygdala|aorta|artery|astrocyte|basal_ganglion|blood|blood_plasma|blood_platelet|bone|brain|colon|eye|forebrain|gastrointestinal_tract|heart|kidney|large_intestine|liver|lung|midbrain,19,2,2,108.30434782608695,108.0,141,53,2491,0,1,62,0
7014,9,9,9,blood|brain|colon|gastrointestinal_tract|heart|kidney|large_intestine|liver|lung,6,2,1,110.33333333333333,112.0,115,103,993,1,1,70,0
7015,4,4,4,blood|colon|gastrointestinal_tract|large_intestine,4,0,0,52.25,52.0,53,52,209,0,1,96,0
7018,24,24,24,adipose_tissue|adrenal_cortex|adrenal_gland|amygdala|aorta|artery|astrocyte|basal_ganglion|basophil|blood|blood_plasma|blood_platelet|bone|brain|colon|eye|forebrain|gastrointestinal_tract|heart|kidney|large_intestine|liver|lung|midbrain,20,2,2,16.625,17.0,24,8,399,0,1,38,0
7019,16,16,16,adrenal_gland|amygdala|basal_ganglion|blood|blood_plasma|brain|colon|eye|forebrain|gastrointestinal_tract|heart|kidney|large_intestine|liver|lung|midbrain,12,2,2,19.1875,19.5,21,16,307,0,1,68,0
7020,4,4,4,brain|eye|forebrain|kidney,3,1,0,44.25,45.0,50,37,177,1,1,67,0
7023,22,22,22,adipose_tissue|adrenal_cortex|adrenal_gland|amygdala|artery|astrocyte|basal_ganglion|blood|blood_plasma|blood_platelet|bone|brain|colon|eye|forebrain|gastrointestinal_tract|heart|kidney|large_intestine|liver|lung|midbrain,18,2,2,43.5,44.5,56,16,957,6,1,64,0
7025,24,24,24,adipose_tissue|adrenal_cortex|adrenal_gland|amygdala|aorta|artery|astrocyte|basal_ganglion|basophil|blood|blood_plasma|blood_platelet|bone|brain|colon|eye|forebrain|gastrointestinal_tract|heart|kidney|large_intestine|liver|lung|midbrain,20,2,2,16.916666666666668,18.0,25,6,406,4,1,37,0
7026,24,24,24,adipose_tissue|adrenal_cortex|adrenal_gland|amygdala|aorta|artery|astrocyte|basal_ganglion|basophil|blood|blood_plasma|blood_platelet|bone|brain|colon|eye|forebrain|gastrointestinal_tract|heart|kidney|large_intestine|liver|lung|midbrain,20,2,2,21.125,21.5,27,8,507,3,1,55,0
7027,20,20,20,adipose_tissue|adrenal_cortex|adrenal_gland|amygdala|artery|astrocyte|basal_ganglion|blood|bone|brain|colon|eye|forebrain|gastrointestinal_tract|heart|kidney|large_intestine|liver|lung|midbrain,16,2,2,18.85,20.0,23,8,377,0,1,6,0
7030,23,23,23,adipose_tissue|adrenal_gland|amygdala|aorta|artery|astrocyte|basal_ganglion|basophil|blood|blood_plasma|blood_platelet|bone|brain|colon|eye|forebrain|gastrointestinal_tract|heart|kidney|large_intestine|liver|lung|midbrain,19,2,2,17.347826086956523,18.0,24,7,399,3,1,50,0
7031,2,2,2,eye|gastrointestinal_tract,2,0,0,7.5,7.5,8,7,15,1,1,0,1
7037,23,23,23,adipose_tissue|adrenal_gland|amygdala|aorta|artery|astrocyte|basal_ganglion|basophil|blood|blood_plasma|blood_platelet|bone|brain|colon|eye|forebrain|gastrointestinal_tract|heart|kidney|large_intestine|liver|lung|midbrain,19,2,2,36.73913043478261,36.0,48,22,845,0,1,62,0
7039,6,6,6,blood|colon|eye|gastrointestinal_tract|kidney|large_intestine,5,1,0,12.5,12.5,13,12,75,0,1,36,0
7040,24,24,24,adipose_tissue|adrenal_cortex|adrenal_gland|amygdala|aorta|artery|astrocyte|basal_ganglion|basophil|blood|blood_plasma|blood_platelet|bone|brain|colon|eye|forebrain|gastrointestinal_tract|heart|kidney|large_intestine|liver|lung|midbrain,20,2,2,32.833333333333336,33.5,42,14,788,1,1,96,0
7041,6,6,6,blood|blood_plasma|blood_platelet|bone|eye|lung,5,0,1,23.666666666666668,23.0,27,20,142,1,1,52,0
7042,1,1,1,brain,1,0,0,19.0,19.0,19,19,19,0,1,73,0
7043,24,24,24,adipose_tissue|adrenal_cortex|adrenal_gland|amygdala|aorta|artery|astrocyte|basal_ganglion|basophil|blood|blood_plasma|blood_platelet|bone|brain|colon|eye|forebrain|gastrointestinal_tract|heart|kidney|large_intestine|liver|lung|midbrain,20,2,2,8.416666666666666,8.0,11,8,202,2,1,63,0
7045,3,3,3,blood|blood_plasma|eye,3,0,0,5.333333333333333,5.0,7,4,16,1,1,17,0
7046,24,24,24,adipose_tissue|adrenal_cortex|adrenal_gland|amygdala|aorta|artery|astrocyte|basal_ganglion|basophil|blood|blood_plasma|blood_platelet|bone|brain|colon|eye|forebrain|gastrointestinal_tract|heart|kidney|large_intestine|liver|lung|midbrain,20,2,2,79.33333333333333,81.0,99,43,1904,0,1,83,0
7048,24,24,24,adipose_tissue|adrenal_cortex|adrenal_gland|amygdala|aorta|artery|astrocyte|basal_ganglion|basophil|blood|blood_plasma|blood_platelet|bone|brain|colon|eye|forebrain|gastrointestinal_tract|heart|kidney|large_intestine|liver|lung|midbrain,20,2,2,52.541666666666664,54.5,63,31,1261,1,1,51,0
7049,1,1,1,heart,0,1,0,16.0,16.0,16,16,16,0,1,60,0
7050,22,22,22,adipose_tissue|adrenal_cortex|adrenal_gland|amygdala|aorta|artery|basal_ganglion|blood|blood_plasma|blood_platelet|bone|brain|colon|eye|forebrain|gastrointestinal_tract|heart|kidney|large_intestine|liver|lung|midbrain,18,2,2,13.909090909090908,14.0,16,10,306,1,1,29,0
7051,2,2,2,blood|blood_plasma,2,0,0,15.5,15.5,17,14,31,1,1,23,0
7052,22,22,22,adipose_tissue|adrenal_cortex|adrenal_gland|amygdala|aorta|artery|basal_ganglion|blood|blood_plasma|blood_platelet|bone|brain|colon|eye|forebrain|gastrointestinal_tract|heart|kidney|large_intestine|liver|lung|midbrain,18,2,2,51.95454545454545,52.5,65,35,1143,0,1,32,0
7053,4,4,4,blood|blood_plasma|brain|forebrain,4,0,0,6.75,7.5,8,4,27,0,1,36,0
7057,24,24,24,adipose_tissue|adrenal_cortex|adrenal_gland|amygdala|aorta|artery|astrocyte|basal_ganglion|basophil|blood|blood_plasma|blood_platelet|bone|brain|colon|eye|forebrain|gastrointestinal_tract|heart|kidney|large_intestine|liver|lung|midbrain,20,2,2,20.625,19.5,35,11,495,1,1,84,0
7059,19,19,19,adrenal_cortex|adrenal_gland|amygdala|artery|basal_ganglion|basophil|blood|blood_plasma|bone|brain|colon|eye|forebrain|gastrointestinal_tract|heart|kidney|large_intestine|liver|lung,16,2,1,12.578947368421053,14.0,18,4,239,1,1,6,0
7060,6,6,6,blood|blood_plasma|bone|brain|eye|lung,5,0,1,2.0,2.0,2,2,12,0,1,44,0
7067,24,24,24,adipose_tissue|adrenal_cortex|adrenal_gland|amygdala|aorta|artery|astrocyte|basal_ganglion|basophil|blood|blood_plasma|blood_platelet|bone|brain|colon|eye|forebrain|gastrointestinal_tract|heart|kidney|large_intestine|liver|lung|midbrain,20,2,2,45.0,47.0,59,14,1080,1,1,51,0
7070,3,3,3,blood|heart|kidney,1,2,0,11.333333333333334,11.0,13,10,34,0,1,56,0
7071,24,24,24,adipose_tissue|adrenal_cortex|adrenal_gland|amygdala|aorta|artery|astrocyte|basal_ganglion|basophil|blood|blood_plasma|blood_platelet|bone|brain|colon|eye|forebrain|gastrointestinal_tract|heart|kidney|large_intestine|liver|lung|midbrain,20,2,2,6.5,7.0,10,1,156,2,1,43,0
7072,23,23,23,adipose_tissue|adrenal_gland|amygdala|aorta|artery|astrocyte|basal_ganglion|basophil|blood|blood_plasma|blood_platelet|bone|brain|colon|eye|forebrain|gastrointestinal_tract|heart|kidney|large_intestine|liver|lung|midbrain,19,2,2,10.91304347826087,12.0,15,2,251,0,1,34,0
7075,3,3,3,blood|blood_plasma|blood_platelet,3,0,0,11.0,11.0,13,9,33,1,1,0,1
7077,23,23,23,adipose_tissue|adrenal_cortex|adrenal_gland|amygdala|aorta|artery|basal_ganglion|basophil|blood|blood_plasma|blood_platelet|bone|brain|colon|eye|forebrain|gastrointestinal_tract|heart|kidney|large_intestine|liver|lung|midbrain,19,2,2,4.304347826086956,4.0,7,1,99,2,1,8,0
7080,1,1,1,lung,0,0,1,16.0,16.0,16,16,16,3,1,66,0
7082,15,15,15,adrenal_gland|amygdala|basal_ganglion|blood|brain|colon|eye|forebrain|gastrointestinal_tract|heart|kidney|large_intestine|liver|lung|midbrain,11,2,2,51.13333333333333,52.0,59,39,767,0,1,16,0
7083,1,1,1,blood,1,0,0,56.0,56.0,56,56,56,0,1,4,0
7089,20,20,20,adipose_tissue|adrenal_cortex|adrenal_gland|amygdala|artery|basal_ganglion|blood|blood_plasma|bone|brain|colon|eye|forebrain|gastrointestinal_tract|heart|kidney|large_intestine|liver|lung|midbrain,16,2,2,16.15,16.0,19,13,323,1,1,38,0
7091,10,10,10,amygdala|basal_ganglion|blood|brain|forebrain|heart|kidney|liver|lung|midbrain,6,2,2,17.2,17.0,19,16,172,2,1,8,0
7094,19,19,19,adipose_tissue|adrenal_gland|amygdala|artery|basal_ganglion|blood|blood_plasma|blood_platelet|brain|colon|eye|forebrain|gastrointestinal_tract|heart|kidney|large_intestine|liver|lung|midbrain,15,2,2,35.26315789473684,35.0,43,25,670,0,1,20,0
7096,23,23,23,adipose_tissue|adrenal_gland|amygdala|aorta|artery|astrocyte|basal_ganglion|basophil|blood|blood_plasma|blood_platelet|bone|brain|colon|eye|forebrain|gastrointestinal_tract|heart|kidney|large_intestine|liver|lung|midbrain,19,2,2,4.956521739130435,5.0,7,3,114,1,1,40,0
7097,4,4,4,blood|brain|heart|lung,2,1,1,19.25,19.0,21,18,77,0,1,79,0
7098,4,4,4,blood|heart|liver|lung,2,1,1,19.5,19.5,20,19,78,0,1,69,0
7099,1,1,1,blood,1,0,0,35.0,35.0,35,35,35,0,1,84,0
7100,23,23,23,adipose_tissue|adrenal_gland|amygdala|aorta|artery|astrocyte|basal_ganglion|basophil|blood|blood_plasma|blood_platelet|bone|brain|colon|eye|forebrain|gastrointestinal_tract|heart|kidney|large_intestine|liver|lung|midbrain,19,2,2,5.043478260869565,5.0,6,5,116,0,1,15,0
7101,5,5,5,amygdala|basal_ganglion|brain|forebrain|midbrain,4,0,1,14.2,14.0,15,14,71,4,1,0,1
7105,22,22,22,adipose_tissue|adrenal_gland|amygdala|aorta|artery|astrocyte|basal_ganglion|blood|blood_plasma|blood_platelet|bone|brain|colon|eye|forebrain|gastrointestinal_tract|heart|kidney|large_intestine|liver|lung|midbrain,18,2,2,3.8636363636363638,4.0,5,3,85,2,1,23,0
7111,6,6,6,blood|brain|heart|kidney|liver|lung,3,2,1,14.0,14.0,14,14,84,0,1,13,0
7124,2,2,2,blood|blood_plasma,2,0,0,63.5,63.5,69,58,127,3,1,98,0
7126,22,22,22,adipose_tissue|adrenal_gland|amygdala|aorta|artery|astrocyte|basal_ganglion|blood|blood_plasma|blood_platelet|bone|brain|colon|eye|forebrain|gastrointestinal_tract|heart|kidney|large_intestine|liver|lung|midbrain,18,2,2,18.40909090909091,18.0,23,11,405,2,1,54,0
7128,1,1,1,blood,1,0,0,54.0,54.0,54,54,54,0,1,72,0
7132,23,23,23,adipose_tissue|adrenal_gland|amygdala|aorta|artery|astrocyte|basal_ganglion|basophil|blood|blood_plasma|blood_platelet|bone|brain|colon|eye|forebrain|gastrointestinal_tract|heart|kidney|large_intestine|liver|lung|midbrain,19,2,2,106.6086956521739,110.0,137,39,2452,2,1,60,0
7133,4,4,4,blood|brain|heart|lung,2,1,1,55.0,55.0,56,54,220,2,1,22,0
7135,1,1,1,heart,0,1,0,7.0,7.0,7,7,7,0,1,0,1
7137,1,1,1,heart,0,1,0,19.0,19.0,19,19,19,1,1,20,0
7139,1,1,1,heart,0,1,0,8.0,8.0,8,8,8,1,1,23,0
7143,1,1,1,brain,1,0,0,10.0,10.0,10,10,10,0,1,13,0
7145,7,7,7,colon|gastrointestinal_tract|heart|kidney|large_intestine|liver|lung,4,2,1,11.142857142857142,11.0,12,10,78,1,1,8,0
7148,24,24,24,adipose_tissue|adrenal_cortex|adrenal_gland|amygdala|aorta|artery|astrocyte|basal_ganglion|basophil|blood|blood_plasma|blood_platelet|bone|brain|colon|eye|forebrain|gastrointestinal_tract|heart|kidney|large_intestine|liver|lung|midbrain,20,2,2,2.0,2.0,2,2,48,3,1,24,0
7153,1,1,1,blood,1,0,0,85.0,85.0,85,85,85,1,1,63,0
7155,24,24,24,adipose_tissue|adrenal_cortex|adrenal_gland|amygdala|aorta|artery|astrocyte|basal_ganglion|basophil|blood|blood_plasma|blood_platelet|bone|brain|colon|eye|forebrain|gastrointestinal_tract|heart|kidney|large_intestine|liver|lung|midbrain,20,2,2,45.125,51.5,60,11,1083,0,1,31,0
7157,24,24,24,adipose_tissue|adrenal_cortex|adrenal_gland|amygdala|aorta|artery|astrocyte|basal_ganglion|basophil|blood|blood_plasma|blood_platelet|bone|brain|colon|eye|forebrain|gastrointestinal_tract|heart|kidney|large_intestine|liver|lung|midbrain,20,2,2,369.75,380.5,471,114,8874,4,1,93,0
7159,23,23,23,adipose_tissue|adrenal_cortex|adrenal_gland|amygdala|aorta|artery|astrocyte|basal_ganglion|blood|blood_plasma|blood_platelet|bone|brain|colon|eye|forebrain|gastrointestinal_tract|heart|kidney|large_intestine|liver|lung|midbrain,19,2,2,46.95652173913044,50.0,62,22,1080,0,1,17,0
7161,24,24,24,adipose_tissue|adrenal_cortex|adrenal_gland|amygdala|aorta|artery|astrocyte|basal_ganglion|basophil|blood|blood_plasma|blood_platelet|bone|brain|colon|eye|forebrain|gastrointestinal_tract|heart|kidney|large_intestine|liver|lung|midbrain,20,2,2,60.041666666666664,59.5,75,22,1441,1,1,58,0
7163,18,18,18,amygdala|astrocyte|basal_ganglion|blood|blood_plasma|blood_platelet|bone|brain|colon|eye|forebrain|gastrointestinal_tract|heart|kidney|large_intestine|liver|lung|midbrain,14,2,2,14.444444444444445,14.5,18,9,260,0,1,18,0
7164,24,24,24,adipose_tissue|adrenal_cortex|adrenal_gland|amygdala|aorta|artery|astrocyte|basal_ganglion|basophil|blood|blood_plasma|blood_platelet|bone|brain|colon|eye|forebrain|gastrointestinal_tract|heart|kidney|large_intestine|liver|lung|midbrain,20,2,2,7.916666666666667,9.0,10,3,190,0,1,33,0
7168,23,23,23,adipose_tissue|adrenal_cortex|adrenal_gland|amygdala|aorta|artery|astrocyte|basal_ganglion|blood|blood_plasma|blood_platelet|bone|brain|colon|eye|forebrain|gastrointestinal_tract|heart|kidney|large_intestine|liver|lung|midbrain,19,2,2,39.91304347826087,41.0,50,22,918,0,1,34,0
7169,16,16,16,amygdala|basal_ganglion|blood|blood_plasma|blood_platelet|brain|colon|eye|forebrain|gastrointestinal_tract|heart|kidney|large_intestine|liver|lung|midbrain,12,2,2,31.3125,32.0,35,26,501,0,1,6,0
7171,19,19,19,adipose_tissue|adrenal_cortex|adrenal_gland|artery|astrocyte|basal_ganglion|blood|blood_plasma|blood_platelet|brain|colon|eye|forebrain|gastrointestinal_tract|heart|kidney|large_intestine|liver|lung,16,2,1,30.842105263157894,34.0,39,14,586,3,1,19,0
7175,20,20,20,adrenal_cortex|adrenal_gland|amygdala|aorta|artery|basal_ganglion|blood|blood_plasma|bone|brain|colon|eye|forebrain|gastrointestinal_tract|heart|kidney|large_intestine|liver|lung|midbrain,16,2,2,33.65,34.5,41,23,673,1,1,72,0
7178,20,20,20,adipose_tissue|amygdala|aorta|artery|astrocyte|basal_ganglion|blood|blood_plasma|blood_platelet|brain|colon|eye|forebrain|gastrointestinal_tract|heart|kidney|large_intestine|liver|lung|midbrain,16,2,2,30.25,31.5,35,18,605,0,1,33,0
7184,23,23,23,adipose_tissue|adrenal_cortex|adrenal_gland|amygdala|aorta|artery|astrocyte|basal_ganglion|blood|blood_plasma|blood_platelet|bone|brain|colon|eye|forebrain|gastrointestinal_tract|heart|kidney|large_intestine|liver|lung|midbrain,19,2,2,66.3913043478261,67.0,83,34,1527,1,1,60,0
7186,24,24,24,adipose_tissue|adrenal_cortex|adrenal_gland|amygdala|aorta|artery|astrocyte|basal_ganglion|basophil|blood|blood_plasma|blood_platelet|bone|brain|colon|eye|forebrain|gastrointestinal_tract|heart|kidney|large_intestine|liver|lung|midbrain,20,2,2,142.20833333333334,147.5,181,55,3413,2,1,72,0
7187,23,23,23,adipose_tissue|adrenal_gland|amygdala|aorta|artery|astrocyte|basal_ganglion|basophil|blood|blood_plasma|blood_platelet|bone|brain|colon|eye|forebrain|gastrointestinal_tract|heart|kidney|large_intestine|liver|lung|midbrain,19,2,2,52.65217391304348,51.0,74,24,1211,3,1,36,0
7188,22,22,22,adipose_tissue|adrenal_gland|amygdala|aorta|artery|astrocyte|basal_ganglion|blood|blood_plasma|blood_platelet|bone|brain|colon|eye|forebrain|gastrointestinal_tract|heart|kidney|large_intestine|liver|lung|midbrain,18,2,2,33.68181818181818,33.5,43,23,741,0,1,51,0
7189,24,24,24,adipose_tissue|adrenal_cortex|adrenal_gland|amygdala|aorta|artery|astrocyte|basal_ganglion|basophil|blood|blood_plasma|blood_platelet|bone|brain|colon|eye|forebrain|gastrointestinal_tract|heart|kidney|large_intestine|liver|lung|midbrain,20,2,2,191.0,195.0,255,72,4584,0,1,88,0
7205,22,22,22,adipose_tissue|adrenal_gland|amygdala|aorta|artery|astrocyte|basal_ganglion|blood|blood_plasma|blood_platelet|bone|brain|colon|eye|forebrain|gastrointestinal_tract|heart|kidney|large_intestine|liver|lung|midbrain,18,2,2,55.72727272727273,54.5,82,19,1226,0,1,29,0
7220,23,23,23,adipose_tissue|adrenal_cortex|adrenal_gland|amygdala|aorta|artery|astrocyte|basal_ganglion|blood|blood_plasma|blood_platelet|bone|brain|colon|eye|forebrain|gastrointestinal_tract|heart|kidney|large_intestine|liver|lung|midbrain,19,2,2,12.608695652173912,13.0,18,9,290,2,1,26,0
7223,3,3,3,brain|heart|kidney,1,2,0,10.0,10.0,10,10,30,2,1,21,0
7224,1,1,1,brain,1,0,0,12.0,12.0,12,12,12,1,1,5,0
7225,15,15,15,adipose_tissue|amygdala|basal_ganglion|blood|blood_plasma|blood_platelet|bone|brain|forebrain|gastrointestinal_tract|heart|kidney|liver|lung|midbrain,11,2,2,8.466666666666667,8.0,11,7,127,0,1,16,0
7227,1,1,1,bone,1,0,0,8.0,8.0,8,8,8,3,1,39,0
7248,23,23,23,adipose_tissue|adrenal_cortex|adrenal_gland|amygdala|aorta|artery|astrocyte|basal_ganglion|blood|blood_plasma|blood_platelet|bone|brain|colon|eye|forebrain|gastrointestinal_tract|heart|kidney|large_intestine|liver|lung|midbrain,19,2,2,45.17391304347826,46.0,56,28,1039,2,1,56,0
7249,23,23,23,adipose_tissue|adrenal_cortex|adrenal_gland|amygdala|aorta|artery|astrocyte|basal_ganglion|blood|blood_plasma|blood_platelet|bone|brain|colon|eye|forebrain|gastrointestinal_tract|heart|kidney|large_intestine|liver|lung|midbrain,19,2,2,35.26086956521739,37.0,42,24,811,1,1,48,0
7251,20,20,20,adrenal_gland|amygdala|aorta|artery|basal_ganglion|blood|blood_plasma|blood_platelet|bone|brain|colon|eye|forebrain|gastrointestinal_tract|heart|kidney|large_intestine|liver|lung|midbrain,16,2,2,62.55,61.0,77,46,1251,1,1,58,0
7266,6,6,6,blood|blood_plasma|eye|gastrointestinal_tract|liver|lung,5,0,1,40.833333333333336,42.5,45,34,245,1,1,18,0
7267,20,20,20,adrenal_gland|amygdala|aorta|artery|basal_ganglion|blood|blood_plasma|blood_platelet|bone|brain|colon|eye|forebrain|gastrointestinal_tract|heart|kidney|large_intestine|liver|lung|midbrain,16,2,2,8.95,8.0,11,7,179,1,1,30,0
7270,18,18,18,adrenal_cortex|adrenal_gland|amygdala|basal_ganglion|blood|blood_plasma|blood_platelet|bone|brain|colon|forebrain|gastrointestinal_tract|heart|kidney|large_intestine|liver|lung|midbrain,14,2,2,7.555555555555555,7.0,10,7,136,1,1,16,0
7273,3,3,3,blood|blood_plasma|heart,2,1,0,35.666666666666664,37.0,40,30,107,0,1,46,0
7275,6,6,6,adrenal_gland|brain|eye|gastrointestinal_tract|heart|liver,5,1,0,7.166666666666667,7.0,8,7,43,1,1,11,0
7283,15,15,15,adrenal_gland|amygdala|basal_ganglion|blood|bone|brain|colon|forebrain|gastrointestinal_tract|heart|kidney|large_intestine|liver|lung|midbrain,11,2,2,77.06666666666666,80.0,87,51,1156,1,1,23,0
7284,2,2,2,brain|heart,1,1,0,70.0,70.0,71,69,140,2,1,32,0
7287,1,1,1,eye,1,0,0,3.0,3.0,3,3,3,1,1,25,0
7292,1,1,1,blood,1,0,0,2.0,2.0,2,2,2,0,1,50,0
7293,1,1,1,blood,1,0,0,6.0,6.0,6,6,6,1,1,33,0
7294,1,1,1,blood,1,0,0,13.0,13.0,13,13,13,0,1,67,0
7295,20,20,20,adipose_tissue|amygdala|artery|astrocyte|basal_ganglion|blood|blood_plasma|blood_platelet|bone|brain|colon|eye|forebrain|gastrointestinal_tract|heart|kidney|large_intestine|liver|lung|midbrain,16,2,2,49.85,51.0,59,30,997,0,1,46,0
7296,13,13,13,adrenal_cortex|adrenal_gland|artery|blood|brain|colon|eye|gastrointestinal_tract|heart|kidney|large_intestine|liver|lung,10,2,1,16.0,18.0,19,6,208,0,1,10,0
7298,5,5,5,adrenal_gland|brain|eye|kidney|liver,4,1,0,24.8,25.0,28,21,124,0,1,30,0
7301,4,4,4,brain|heart|kidney|lung,1,2,1,13.0,13.0,14,12,52,5,1,52,0
7319,22,22,22,adrenal_cortex|adrenal_gland|amygdala|aorta|artery|astrocyte|basal_ganglion|blood|blood_plasma|blood_platelet|bone|brain|colon|eye|forebrain|gastrointestinal_tract|heart|kidney|large_intestine|liver|lung|midbrain,18,2,2,33.45454545454545,34.5,38,20,736,1,1,42,0
7320,24,24,24,adipose_tissue|adrenal_cortex|adrenal_gland|amygdala|aorta|artery|astrocyte|basal_ganglion|basophil|blood|blood_plasma|blood_platelet|bone|brain|colon|eye|forebrain|gastrointestinal_tract|heart|kidney|large_intestine|liver|lung|midbrain,20,2,2,35.333333333333336,38.0,43,11,848,1,1,55,0
7321,20,20,20,adrenal_gland|amygdala|aorta|artery|basal_ganglion|blood|blood_plasma|blood_platelet|bone|brain|colon|eye|forebrain|gastrointestinal_tract|heart|kidney|large_intestine|liver|lung|midbrain,16,2,2,125.05,126.0,140,96,2501,0,1,37,0
7322,19,19,19,adrenal_gland|amygdala|aorta|artery|basal_ganglion|blood|blood_plasma|bone|brain|colon|eye|forebrain|gastrointestinal_tract|heart|kidney|large_intestine|liver|lung|midbrain,15,2,2,118.3157894736842,118.0,131,102,2248,1,1,28,0
7323,20,20,20,adrenal_gland|amygdala|aorta|artery|basal_ganglion|blood|blood_plasma|blood_platelet|bone|brain|colon|eye|forebrain|gastrointestinal_tract|heart|kidney|large_intestine|liver|lung|midbrain,16,2,2,106.3,107.5,117,81,2126,5,1,31,0
7324,21,21,21,adrenal_cortex|adrenal_gland|amygdala|aorta|artery|basal_ganglion|blood|blood_plasma|blood_platelet|bone|brain|colon|eye|forebrain|gastrointestinal_tract|heart|kidney|large_intestine|liver|lung|midbrain,17,2,2,59.23809523809524,62.0,69,31,1244,1,1,34,0
7325,19,19,19,adrenal_gland|amygdala|aorta|artery|basal_ganglion|blood|blood_plasma|bone|brain|colon|eye|forebrain|gastrointestinal_tract|heart|kidney|large_intestine|liver|lung|midbrain,15,2,2,37.8421052631579,37.0,44,31,719,1,1,24,0
7326,19,19,19,adrenal_gland|amygdala|aorta|artery|basal_ganglion|blood|blood_plasma|bone|brain|colon|eye|forebrain|gastrointestinal_tract|heart|kidney|large_intestine|liver|lung|midbrain,15,2,2,16.105263157894736,16.0,18,14,306,0,1,24,0
7327,20,20,20,adrenal_gland|amygdala|aorta|artery|basal_ganglion|blood|blood_plasma|blood_platelet|bone|brain|colon|eye|forebrain|gastrointestinal_tract|heart|kidney|large_intestine|liver|lung|midbrain,16,2,2,26.55,27.0,31,22,531,1,1,39,0
7328,19,19,19,adrenal_gland|amygdala|aorta|artery|basal_ganglion|blood|blood_plasma|bone|brain|colon|eye|forebrain|gastrointestinal_tract|heart|kidney|large_intestine|liver|lung|midbrain,15,2,2,39.8421052631579,41.0,46,32,757,4,1,16,0
7329,10,10,10,amygdala|basal_ganglion|blood|brain|forebrain|gastrointestinal_tract|heart|kidney|lung|midbrain,6,2,2,213.2,225.5,236,177,2132,2,1,68,0
7332,22,22,22,adipose_tissue|adrenal_cortex|adrenal_gland|amygdala|aorta|artery|astrocyte|basal_ganglion|blood|blood_plasma|bone|brain|colon|eye|forebrain|gastrointestinal_tract|heart|kidney|large_intestine|liver|lung|midbrain,18,2,2,61.27272727272727,65.0,71,33,1348,3,1,70,0
7334,24,24,24,adipose_tissue|adrenal_cortex|adrenal_gland|amygdala|aorta|artery|astrocyte|basal_ganglion|basophil|blood|blood_plasma|blood_platelet|bone|brain|colon|eye|forebrain|gastrointestinal_tract|heart|kidney|large_intestine|liver|lung|midbrain,20,2,2,67.70833333333333,74.5,85,19,1625,1,1,99,0
7335,22,22,22,adipose_tissue|adrenal_gland|amygdala|aorta|artery|astrocyte|basal_ganglion|blood|blood_plasma|blood_platelet|bone|brain|colon|eye|forebrain|gastrointestinal_tract|heart|kidney|large_intestine|liver|lung|midbrain,18,2,2,37.18181818181818,38.0,45,18,818,1,1,62,0
7336,13,13,13,amygdala|basal_ganglion|blood|brain|colon|forebrain|gastrointestinal_tract|heart|kidney|large_intestine|liver|lung|midbrain,9,2,2,29.76923076923077,29.0,31,29,387,0,1,26,0
7337,22,22,22,adipose_tissue|adrenal_cortex|adrenal_gland|amygdala|aorta|artery|basal_ganglion|blood|blood_plasma|blood_platelet|bone|brain|colon|eye|forebrain|gastrointestinal_tract|heart|kidney|large_intestine|liver|lung|midbrain,18,2,2,70.45454545454545,72.5,84,42,1550,0,1,31,0
7341,20,20,20,adrenal_gland|amygdala|aorta|artery|basal_ganglion|blood|blood_plasma|blood_platelet|bone|brain|colon|eye|forebrain|gastrointestinal_tract|heart|kidney|large_intestine|liver|lung|midbrain,16,2,2,94.35,92.0,115,64,1887,2,1,71,0
7342,24,24,24,adipose_tissue|adrenal_cortex|adrenal_gland|amygdala|aorta|artery|astrocyte|basal_ganglion|basophil|blood|blood_plasma|blood_platelet|bone|brain|colon|eye|forebrain|gastrointestinal_tract|heart|kidney|large_intestine|liver|lung|midbrain,20,2,2,8.291666666666666,8.0,15,2,199,0,1,8,0
7343,9,9,9,blood|brain|colon|gastrointestinal_tract|heart|kidney|large_intestine|liver|lung,6,2,1,33.666666666666664,33.0,36,33,303,1,1,51,0
7345,4,4,4,blood|brain|eye|kidney,3,1,0,37.25,39.5,40,30,149,1,1,52,0
7350,1,1,1,gastrointestinal_tract,1,0,0,2.0,2.0,2,2,2,0,1,14,0
7352,11,11,11,adipose_tissue|adrenal_gland|blood|brain|colon|gastrointestinal_tract|heart|kidney|large_intestine|liver|lung,8,2,1,1.8181818181818181,2.0,2,1,20,2,1,0,1
7358,11,11,11,blood|bone|brain|colon|eye|gastrointestinal_tract|heart|kidney|large_intestine|liver|lung,8,2,1,13.181818181818182,14.0,17,8,145,0,1,14,0
7363,2,2,2,adrenal_gland|kidney,1,1,0,3.0,3.0,4,2,6,0,1,15,0
7374,12,12,12,adrenal_gland|basophil|blood|blood_plasma|blood_platelet|brain|colon|gastrointestinal_tract|heart|kidney|large_intestine|lung,9,2,1,8.666666666666666,9.5,11,1,104,1,1,16,0
7375,19,19,19,adrenal_gland|amygdala|aorta|artery|basal_ganglion|blood|blood_plasma|bone|brain|colon|eye|forebrain|gastrointestinal_tract|heart|kidney|large_intestine|liver|lung|midbrain,15,2,2,42.1578947368421,42.0,52,32,801,1,1,46,0
7376,21,21,21,adipose_tissue|adrenal_cortex|adrenal_gland|amygdala|aorta|artery|basal_ganglion|blood|blood_plasma|blood_platelet|brain|colon|eye|forebrain|gastrointestinal_tract|heart|kidney|large_intestine|liver|lung|midbrain,17,2,2,31.428571428571427,32.0,39,21,660,5,1,56,0
7389,8,8,8,artery|blood|brain|forebrain|heart|kidney|liver|lung,5,2,1,9.75,10.0,11,8,78,0,1,10,0
7390,8,8,8,artery|blood|brain|forebrain|heart|kidney|liver|lung,5,2,1,6.875,7.0,7,6,55,0,1,21,0
7391,23,23,23,adipose_tissue|adrenal_cortex|adrenal_gland|amygdala|aorta|artery|astrocyte|basal_ganglion|blood|blood_plasma|blood_platelet|bone|brain|colon|eye|forebrain|gastrointestinal_tract|heart|kidney|large_intestine|liver|lung|midbrain,19,2,2,34.56521739130435,36.0,48,15,795,0,1,65,0
7392,18,18,18,adipose_tissue|adrenal_cortex|adrenal_gland|astrocyte|basal_ganglion|blood|blood_plasma|bone|brain|colon|eye|forebrain|gastrointestinal_tract|heart|kidney|large_intestine|liver|lung,15,2,1,18.27777777777778,18.5,24,12,329,1,1,59,0
7398,20,20,20,adrenal_cortex|adrenal_gland|amygdala|astrocyte|basal_ganglion|blood|blood_plasma|blood_platelet|bone|brain|colon|eye|forebrain|gastrointestinal_tract|heart|kidney|large_intestine|liver|lung|midbrain,16,2,2,17.25,17.5,21,11,345,1,1,34,0
7399,6,6,6,eye|gastrointestinal_tract|heart|kidney|large_intestine|liver,4,2,0,3.5,3.5,4,3,21,0,1,25,0
7402,22,22,22,adipose_tissue|adrenal_gland|amygdala|aorta|artery|astrocyte|basal_ganglion|blood|blood_plasma|blood_platelet|bone|brain|colon|eye|forebrain|gastrointestinal_tract|heart|kidney|large_intestine|liver|lung|midbrain,18,2,2,26.181818181818183,25.0,37,9,576,0,1,31,0
7408,22,22,22,adipose_tissue|adrenal_cortex|adrenal_gland|amygdala|artery|astrocyte|basal_ganglion|blood|blood_plasma|blood_platelet|bone|brain|colon|eye|forebrain|gastrointestinal_tract|heart|kidney|large_intestine|liver|lung|midbrain,18,2,2,38.72727272727273,40.0,50,18,852,3,1,29,0
7409,1,1,1,blood,1,0,0,65.0,65.0,65,65,65,1,1,10,0
7410,22,22,22,adipose_tissue|adrenal_cortex|adrenal_gland|amygdala|aorta|artery|basal_ganglion|blood|blood_plasma|blood_platelet|bone|brain|colon|eye|forebrain|gastrointestinal_tract|heart|kidney|large_intestine|liver|lung|midbrain,18,2,2,29.227272727272727,29.0,38,20,643,1,1,16,0
7412,7,7,7,blood|blood_plasma|brain|eye|heart|kidney|lung,4,2,1,178.28571428571428,189.0,197,135,1248,0,1,37,0
7414,22,22,22,adipose_tissue|adrenal_gland|amygdala|aorta|artery|basal_ganglion|basophil|blood|blood_plasma|blood_platelet|bone|brain|colon|eye|forebrain|gastrointestinal_tract|heart|kidney|large_intestine|liver|lung|midbrain,18,2,2,64.36363636363636,66.5,80,25,1416,2,1,26,0
7415,21,21,21,adipose_tissue|adrenal_gland|amygdala|aorta|artery|basal_ganglion|blood|blood_plasma|blood_platelet|bone|brain|colon|eye|forebrain|gastrointestinal_tract|heart|kidney|large_intestine|liver|lung|midbrain,17,2,2,216.33333333333334,221.0,255,135,4543,0,1,92,0
7416,23,23,23,adipose_tissue|adrenal_cortex|adrenal_gland|amygdala|aorta|artery|astrocyte|basal_ganglion|blood|blood_plasma|blood_platelet|bone|brain|colon|eye|forebrain|gastrointestinal_tract|heart|kidney|large_intestine|liver|lung|midbrain,19,2,2,74.3913043478261,76.0,99,28,1711,1,1,32,0
7419,23,23,23,adipose_tissue|adrenal_cortex|adrenal_gland|amygdala|aorta|artery|astrocyte|basal_ganglion|blood|blood_plasma|blood_platelet|bone|brain|colon|eye|forebrain|gastrointestinal_tract|heart|kidney|large_intestine|liver|lung|midbrain,19,2,2,50.69565217391305,56.0,67,17,1166,0,1,14,0
7421,23,23,23,adipose_tissue|adrenal_cortex|adrenal_gland|amygdala|aorta|artery|astrocyte|basal_ganglion|blood|blood_plasma|blood_platelet|bone|brain|colon|eye|forebrain|gastrointestinal_tract|heart|kidney|large_intestine|liver|lung|midbrain,19,2,2,65.26086956521739,67.0,81,35,1501,1,1,66,0
7422,24,24,24,adipose_tissue|adrenal_cortex|adrenal_gland|amygdala|aorta|artery|astrocyte|basal_ganglion|basophil|blood|blood_plasma|blood_platelet|bone|brain|colon|eye|forebrain|gastrointestinal_tract|heart|kidney|large_intestine|liver|lung|midbrain,20,2,2,14.875,15.0,20,11,357,6,1,79,0
7423,24,24,24,adipose_tissue|adrenal_cortex|adrenal_gland|amygdala|aorta|artery|astrocyte|basal_ganglion|basophil|blood|blood_plasma|blood_platelet|bone|brain|colon|eye|forebrain|gastrointestinal_tract|heart|kidney|large_intestine|liver|lung|midbrain,20,2,2,8.833333333333334,9.0,10,7,212,1,1,0,1
7424,2,2,2,gastrointestinal_tract|heart,1,1,0,4.5,4.5,5,4,9,0,1,10,0
7425,1,1,1,brain,1,0,0,5.0,5.0,5,5,5,2,1,13,0
7428,24,24,24,adipose_tissue|adrenal_cortex|adrenal_gland|amygdala|aorta|artery|astrocyte|basal_ganglion|basophil|blood|blood_plasma|blood_platelet|bone|brain|colon|eye|forebrain|gastrointestinal_tract|heart|kidney|large_intestine|liver|lung|midbrain,20,2,2,145.58333333333334,152.5,194,39,3494,0,1,61,0
7429,2,2,2,gastrointestinal_tract|kidney,1,1,0,6.0,6.0,6,6,12,0,1,45,0
7430,22,22,22,adipose_tissue|adrenal_gland|amygdala|aorta|artery|basal_ganglion|basophil|blood|blood_plasma|blood_platelet|bone|brain|colon|eye|forebrain|gastrointestinal_tract|heart|kidney|large_intestine|liver|lung|midbrain,18,2,2,61.22727272727273,63.0,81,24,1347,0,1,88,0
7431,22,22,22,adipose_tissue|adrenal_cortex|adrenal_gland|amygdala|aorta|artery|basal_ganglion|blood|blood_plasma|blood_platelet|bone|brain|colon|eye|forebrain|gastrointestinal_tract|heart|kidney|large_intestine|liver|lung|midbrain,18,2,2,140.0909090909091,140.0,183,84,3082,1,1,24,0
7439,1,1,1,eye,1,0,0,3.0,3.0,3,3,3,1,1,14,0
7441,1,1,1,blood,1,0,0,1.0,1.0,1,1,1,1,1,0,1
7442,24,24,24,adipose_tissue|adrenal_cortex|adrenal_gland|amygdala|aorta|artery|astrocyte|basal_ganglion|basophil|blood|blood_plasma|blood_platelet|bone|brain|colon|eye|forebrain|gastrointestinal_tract|heart|kidney|large_intestine|liver|lung|midbrain,20,2,2,11.5,12.0,12,7,276,1,1,20,0
7443,18,18,18,adipose_tissue|adrenal_cortex|adrenal_gland|basal_ganglion|blood|blood_plasma|blood_platelet|bone|brain|colon|eye|forebrain|gastrointestinal_tract|heart|kidney|large_intestine|liver|lung,15,2,1,15.88888888888889,16.5,18,12,286,1,1,42,0
7444,18,18,18,adipose_tissue|adrenal_cortex|adrenal_gland|basal_ganglion|blood|blood_plasma|blood_platelet|bone|brain|colon|eye|forebrain|gastrointestinal_tract|heart|kidney|large_intestine|liver|lung,15,2,1,11.944444444444445,12.0,13,10,215,0,1,52,0
7448,13,13,13,artery|astrocyte|basal_ganglion|blood|blood_plasma|brain|eye|forebrain|heart|kidney|liver|lung|midbrain,9,2,2,37.53846153846154,39.0,52,14,488,0,1,40,0
7450,7,7,7,blood|blood_plasma|blood_platelet|eye|heart|kidney|lung,4,2,1,10.857142857142858,11.0,12,10,76,1,1,25,0
7453,24,24,24,adipose_tissue|adrenal_cortex|adrenal_gland|amygdala|aorta|artery|astrocyte|basal_ganglion|basophil|blood|blood_plasma|blood_platelet|bone|brain|colon|eye|forebrain|gastrointestinal_tract|heart|kidney|large_intestine|liver|lung|midbrain,20,2,2,21.5,22.0,30,7,516,1,1,19,0
7454,1,1,1,blood,1,0,0,54.0,54.0,54,54,54,2,1,17,0
7462,7,7,7,blood|brain|gastrointestinal_tract|heart|kidney|liver|lung,4,2,1,7.142857142857143,7.0,9,6,50,1,1,24,0
7465,1,1,1,brain,1,0,0,27.0,27.0,27,27,27,3,1,10,0
7466,23,23,23,adipose_tissue|adrenal_cortex|adrenal_gland|amygdala|aorta|artery|astrocyte|basal_ganglion|blood|blood_plasma|blood_platelet|bone|brain|colon|eye|forebrain|gastrointestinal_tract|heart|kidney|large_intestine|liver|lung|midbrain,19,2,2,4.391304347826087,4.0,6,1,101,0,1,68,0
7468,20,20,20,adipose_tissue|adrenal_cortex|adrenal_gland|amygdala|basal_ganglion|blood|blood_plasma|blood_platelet|bone|brain|colon|eye|forebrain|gastrointestinal_tract|heart|kidney|large_intestine|liver|lung|midbrain,16,2,2,22.3,22.5,27,14,446,1,1,8,0
7472,19,19,19,adrenal_gland|amygdala|artery|basal_ganglion|blood|blood_plasma|blood_platelet|bone|brain|colon|eye|forebrain|gastrointestinal_tract|heart|kidney|large_intestine|liver|lung|midbrain,15,2,2,2.0526315789473686,2.0,5,1,39,1,1,53,0
7473,2,2,2,brain|lung,1,0,1,1.5,1.5,2,1,3,4,1,18,0
7474,6,6,6,colon|gastrointestinal_tract|heart|large_intestine|liver|lung,4,1,1,4.833333333333333,4.0,7,4,29,2,1,69,0
7476,1,1,1,lung,0,0,1,1.0,1.0,1,1,1,1,1,56,0
7477,2,2,2,brain|lung,1,0,1,1.0,1.0,1,1,2,2,1,22,0
7480,1,1,1,heart,0,1,0,1.0,1.0,1,1,1,2,1,19,0
7482,8,8,8,basal_ganglion|brain|colon|forebrain|gastrointestinal_tract|heart|large_intestine|lung,6,1,1,1.0,1.0,1,1,8,2,1,17,0
7486,1,1,1,lung,0,0,1,32.0,32.0,32,32,32,1,1,51,0
7490,1,1,1,kidney,0,1,0,27.0,27.0,27,27,27,2,1,75,0
7494,22,22,22,adipose_tissue|adrenal_cortex|adrenal_gland|amygdala|aorta|artery|astrocyte|basal_ganglion|blood|blood_plasma|bone|brain|colon|eye|forebrain|gastrointestinal_tract|heart|kidney|large_intestine|liver|lung|midbrain,18,2,2,10.272727272727273,11.0,13,6,226,1,1,78,0
7508,20,20,20,adrenal_cortex|adrenal_gland|amygdala|astrocyte|basal_ganglion|blood|blood_plasma|blood_platelet|bone|brain|colon|eye|forebrain|gastrointestinal_tract|heart|kidney|large_intestine|liver|lung|midbrain,16,2,2,28.25,28.5,35,15,565,0,1,51,0
7514,16,16,16,amygdala|basal_ganglion|blood|blood_plasma|bone|brain|colon|eye|forebrain|gastrointestinal_tract|heart|kidney|large_intestine|liver|lung|midbrain,12,2,2,374.8125,400.0,432,278,5997,1,1,26,0
7518,23,23,23,adipose_tissue|adrenal_cortex|adrenal_gland|amygdala|aorta|artery|basal_ganglion|basophil|blood|blood_plasma|blood_platelet|bone|brain|colon|eye|forebrain|gastrointestinal_tract|heart|kidney|large_intestine|liver|lung|midbrain,19,2,2,19.130434782608695,21.0,24,7,440,0,1,36,0
7520,14,14,14,amygdala|basal_ganglion|blood|brain|colon|eye|forebrain|gastrointestinal_tract|heart|kidney|large_intestine|liver|lung|midbrain,10,2,2,103.85714285714286,109.0,122,83,1454,0,1,65,0
7525,20,20,20,adipose_tissue|adrenal_gland|amygdala|aorta|artery|astrocyte|basal_ganglion|blood|blood_plasma|blood_platelet|brain|colon|eye|forebrain|gastrointestinal_tract|heart|kidney|large_intestine|liver|lung,17,2,1,51.2,52.5,68,28,1024,0,1,19,0
7528,22,22,22,adrenal_cortex|adrenal_gland|amygdala|aorta|artery|astrocyte|basal_ganglion|blood|blood_plasma|blood_platelet|bone|brain|colon|eye|forebrain|gastrointestinal_tract|heart|kidney|large_intestine|liver|lung|midbrain,18,2,2,81.63636363636364,83.5,99,43,1796,0,1,60,0
7529,14,14,14,amygdala|basal_ganglion|blood|blood_plasma|brain|colon|forebrain|gastrointestinal_tract|heart|kidney|large_intestine|liver|lung|midbrain,10,2,2,145.85714285714286,146.0,171,116,2042,1,1,43,0
7531,24,24,24,adipose_tissue|adrenal_cortex|adrenal_gland|amygdala|aorta|artery|astrocyte|basal_ganglion|basophil|blood|blood_plasma|blood_platelet|bone|brain|colon|eye|forebrain|gastrointestinal_tract|heart|kidney|large_intestine|liver|lung|midbrain,20,2,2,131.625,132.5,175,45,3159,1,1,39,0
7532,23,23,23,adipose_tissue|adrenal_cortex|adrenal_gland|amygdala|aorta|artery|astrocyte|basal_ganglion|blood|blood_plasma|blood_platelet|bone|brain|colon|eye|forebrain|gastrointestinal_tract|heart|kidney|large_intestine|liver|lung|midbrain,19,2,2,174.69565217391303,170.0,229,89,4018,3,1,25,0
7533,21,21,21,adipose_tissue|adrenal_cortex|adrenal_gland|amygdala|aorta|artery|astrocyte|basal_ganglion|blood|blood_plasma|brain|colon|eye|forebrain|gastrointestinal_tract|heart|kidney|large_intestine|liver|lung|midbrain,17,2,2,106.85714285714286,111.0,138,56,2244,0,1,69,0
7535,1,1,1,blood,1,0,0,42.0,42.0,42,42,42,0,1,31,0
7536,20,20,20,adipose_tissue|adrenal_cortex|adrenal_gland|amygdala|basal_ganglion|blood|blood_plasma|blood_platelet|bone|brain|colon|eye|forebrain|gastrointestinal_tract|heart|kidney|large_intestine|liver|lung|midbrain,16,2,2,76.45,80.0,102,32,1529,1,1,15,0
7538,9,9,9,blood|brain|colon|gastrointestinal_tract|heart|kidney|large_intestine|liver|lung,6,2,1,36.44444444444444,37.0,40,34,328,2,1,86,0
7544,19,19,19,adrenal_cortex|adrenal_gland|amygdala|basal_ganglion|blood|blood_plasma|blood_platelet|bone|brain|colon|eye|forebrain|gastrointestinal_tract|heart|kidney|large_intestine|liver|lung|midbrain,15,2,2,1.9473684210526316,2.0,2,1,37,1,1,0,1
7545,2,2,2,brain|lung,1,0,1,17.0,17.0,17,17,34,3,1,52,0
7546,4,4,4,amygdala|basal_ganglion|brain|forebrain,4,0,0,5.0,4.5,8,3,20,1,1,51,0
7572,19,19,19,adrenal_gland|amygdala|artery|basal_ganglion|blood|blood_plasma|blood_platelet|bone|brain|colon|eye|forebrain|gastrointestinal_tract|heart|kidney|large_intestine|liver|lung|midbrain,15,2,2,12.947368421052632,14.0,19,5,246,1,1,40,0
7703,21,21,21,adrenal_cortex|adrenal_gland|amygdala|aorta|artery|basal_ganglion|blood|blood_plasma|blood_platelet|bone|brain|colon|eye|forebrain|gastrointestinal_tract|heart|kidney|large_intestine|liver|lung|midbrain,17,2,2,21.857142857142858,21.0,27,15,459,0,1,37,0
7704,2,2,2,heart|lung,0,1,1,77.5,77.5,78,77,155,1,1,62,0
7709,11,11,11,blood|bone|brain|colon|eye|gastrointestinal_tract|heart|kidney|large_intestine|liver|lung,8,2,1,20.818181818181817,21.0,22,18,229,2,1,13,0
7716,24,24,24,adipose_tissue|adrenal_cortex|adrenal_gland|amygdala|aorta|artery|astrocyte|basal_ganglion|basophil|blood|blood_plasma|blood_platelet|bone|brain|colon|eye|forebrain|gastrointestinal_tract|heart|kidney|large_intestine|liver|lung|midbrain,20,2,2,11.916666666666666,14.0,16,2,286,6,1,14,0
7763,18,18,18,adipose_tissue|adrenal_gland|artery|basal_ganglion|blood|blood_plasma|blood_platelet|bone|brain|colon|eye|forebrain|gastrointestinal_tract|heart|kidney|large_intestine|liver|lung,15,2,1,9.0,9.0,10,8,162,3,1,0,1
7786,20,20,20,adipose_tissue|adrenal_cortex|adrenal_gland|amygdala|basal_ganglion|blood|blood_plasma|blood_platelet|bone|brain|colon|eye|forebrain|gastrointestinal_tract|heart|kidney|large_intestine|liver|lung|midbrain,16,2,2,10.95,11.0,13,9,219,1,1,39,0
7804,5,5,5,blood|blood_plasma|blood_platelet|brain|forebrain,5,0,0,12.8,13.0,18,8,64,1,1,59,0
7818,16,16,16,adrenal_gland|amygdala|basal_ganglion|blood|blood_plasma|brain|colon|eye|forebrain|gastrointestinal_tract|heart|kidney|large_intestine|liver|lung|midbrain,12,2,2,29.625,31.0,33,22,474,2,1,19,0
7832,23,23,23,adipose_tissue|adrenal_cortex|adrenal_gland|amygdala|aorta|artery|astrocyte|basal_ganglion|blood|blood_plasma|blood_platelet|bone|brain|colon|eye|forebrain|gastrointestinal_tract|heart|kidney|large_intestine|liver|lung|midbrain,19,2,2,9.652173913043478,10.0,12,5,222,0,1,48,0
7837,7,7,7,colon|gastrointestinal_tract|heart|kidney|large_intestine|liver|lung,4,2,1,4.0,4.0,4,4,28,0,1,27,0
7844,20,20,20,adrenal_gland|amygdala|aorta|artery|basal_ganglion|blood|blood_plasma|blood_platelet|bone|brain|colon|eye|forebrain|gastrointestinal_tract|heart|kidney|large_intestine|liver|lung|midbrain,16,2,2,14.7,15.0,15,9,294,0,1,24,0
7849,1,1,1,kidney,0,1,0,13.0,13.0,13,13,13,0,1,76,0
7852,3,3,3,blood|brain|heart,2,1,0,27.0,25.0,32,24,81,0,1,37,0
7855,3,3,3,kidney|liver|lung,1,1,1,5.333333333333333,5.0,7,4,16,2,1,48,0
7857,24,24,24,adipose_tissue|adrenal_cortex|adrenal_gland|amygdala|aorta|artery|astrocyte|basal_ganglion|basophil|blood|blood_plasma|blood_platelet|bone|brain|colon|eye|forebrain|gastrointestinal_tract|heart|kidney|large_intestine|liver|lung|midbrain,20,2,2,2.0416666666666665,2.0,3,1,49,5,1,36,0
7862,18,18,18,adrenal_cortex|adrenal_gland|amygdala|basal_ganglion|blood|blood_plasma|blood_platelet|bone|brain|colon|forebrain|gastrointestinal_tract|heart|kidney|large_intestine|liver|lung|midbrain,14,2,2,13.38888888888889,13.5,15,11,241,2,1,64,0
7874,10,10,10,blood|brain|colon|eye|gastrointestinal_tract|heart|kidney|large_intestine|liver|lung,7,2,1,134.5,136.5,144,119,1345,1,1,63,0
7879,21,21,21,adipose_tissue|adrenal_gland|amygdala|aorta|artery|basal_ganglion|blood|blood_plasma|blood_platelet|bone|brain|colon|eye|forebrain|gastrointestinal_tract|heart|kidney|large_intestine|liver|lung|midbrain,17,2,2,55.04761904761905,59.0,66,38,1156,0,1,69,0
7884,14,14,14,amygdala|basal_ganglion|blood|bone|brain|colon|forebrain|gastrointestinal_tract|heart|kidney|large_intestine|liver|lung|midbrain,10,2,2,8.142857142857142,8.0,10,6,114,0,1,37,0
7903,8,8,8,blood|brain|colon|forebrain|gastrointestinal_tract|heart|large_intestine|lung,6,1,1,3.0,3.0,3,3,24,0,1,21,0
7915,21,21,21,adipose_tissue|adrenal_gland|amygdala|aorta|artery|basal_ganglion|blood|blood_plasma|blood_platelet|bone|brain|colon|eye|forebrain|gastrointestinal_tract|heart|kidney|large_intestine|liver|lung|midbrain,17,2,2,12.238095238095237,14.0,19,5,257,0,1,27,0
7917,23,23,23,adipose_tissue|adrenal_cortex|adrenal_gland|amygdala|aorta|artery|astrocyte|basal_ganglion|blood|blood_plasma|blood_platelet|bone|brain|colon|eye|forebrain|gastrointestinal_tract|heart|kidney|large_intestine|liver|lung|midbrain,19,2,2,83.65217391304348,84.0,115,46,1924,3,1,68,0
7919,20,20,20,adrenal_gland|amygdala|aorta|artery|basal_ganglion|blood|blood_plasma|blood_platelet|bone|brain|colon|eye|forebrain|gastrointestinal_tract|heart|kidney|large_intestine|liver|lung|midbrain,16,2,2,70.75,71.5,95,41,1415,0,1,73,0
7923,16,16,16,adipose_tissue|adrenal_cortex|adrenal_gland|blood|blood_plasma|blood_platelet|bone|brain|colon|eye|gastrointestinal_tract|heart|kidney|large_intestine|liver|lung,13,2,1,6.125,5.5,10,3,98,1,1,20,0
7941,23,23,23,adipose_tissue|adrenal_gland|amygdala|aorta|artery|astrocyte|basal_ganglion|basophil|blood|blood_plasma|blood_platelet|bone|brain|colon|eye|forebrain|gastrointestinal_tract|heart|kidney|large_intestine|liver|lung|midbrain,19,2,2,2.869565217391304,3.0,4,1,66,1,1,28,0
7942,18,18,18,adrenal_cortex|adrenal_gland|amygdala|basal_ganglion|blood|blood_plasma|blood_platelet|brain|colon|eye|forebrain|gastrointestinal_tract|heart|kidney|large_intestine|liver|lung|midbrain,14,2,2,6.222222222222222,7.0,10,1,112,3,1,53,0
7957,14,14,14,amygdala|basal_ganglion|blood|blood_plasma|brain|colon|forebrain|gastrointestinal_tract|heart|kidney|large_intestine|liver|lung|midbrain,10,2,2,8.714285714285714,9.0,10,7,122,0,1,17,0
7976,20,20,20,adipose_tissue|adrenal_cortex|adrenal_gland|amygdala|artery|basal_ganglion|blood|blood_plasma|bone|brain|colon|eye|forebrain|gastrointestinal_tract|heart|kidney|large_intestine|liver|lung|midbrain,16,2,2,1.0,1.0,1,1,20,0,1,22,0
7979,13,13,13,amygdala|basal_ganglion|blood|brain|colon|forebrain|gastrointestinal_tract|heart|kidney|large_intestine|liver|lung|midbrain,9,2,2,60.76923076923077,59.0,70,57,790,0,1,5,0
8013,3,3,3,brain|heart|kidney,1,2,0,3.0,3.0,3,3,9,2,1,65,0
8021,20,20,20,adipose_tissue|amygdala|artery|astrocyte|basal_ganglion|blood|blood_plasma|blood_platelet|bone|brain|colon|eye|forebrain|gastrointestinal_tract|heart|kidney|large_intestine|liver|lung|midbrain,16,2,2,26.2,26.0,34,18,524,5,1,19,0
8022,14,14,14,adrenal_gland|amygdala|basal_ganglion|blood|brain|colon|forebrain|gastrointestinal_tract|heart|kidney|large_intestine|liver|lung|midbrain,10,2,2,18.285714285714285,18.0,21,15,256,1,1,34,0
8036,21,21,21,adrenal_gland|amygdala|aorta|artery|astrocyte|basal_ganglion|blood|blood_plasma|blood_platelet|bone|brain|colon|eye|forebrain|gastrointestinal_tract|heart|kidney|large_intestine|liver|lung|midbrain,17,2,2,7.190476190476191,8.0,8,4,151,0,1,30,0
8074,2,2,2,heart|liver,1,1,0,3.0,3.0,3,3,6,2,1,27,0
8078,20,20,20,adrenal_gland|amygdala|aorta|artery|basal_ganglion|blood|blood_plasma|blood_platelet|bone|brain|colon|eye|forebrain|gastrointestinal_tract|heart|kidney|large_intestine|liver|lung|midbrain,16,2,2,26.75,26.5,33,22,535,1,1,31,0
8085,20,20,20,adipose_tissue|adrenal_cortex|adrenal_gland|amygdala|basal_ganglion|blood|blood_plasma|blood_platelet|bone|brain|colon|eye|forebrain|gastrointestinal_tract|heart|kidney|large_intestine|liver|lung|midbrain,16,2,2,16.6,17.0,19,8,332,2,1,78,0
8086,16,16,16,adrenal_gland|amygdala|astrocyte|basal_ganglion|blood|brain|colon|eye|forebrain|gastrointestinal_tract|heart|kidney|large_intestine|liver|lung|midbrain,12,2,2,7.5,8.0,11,3,120,1,1,20,0
8089,18,18,18,adrenal_cortex|adrenal_gland|amygdala|basal_ganglion|blood|blood_plasma|blood_platelet|bone|brain|colon|forebrain|gastrointestinal_tract|heart|kidney|large_intestine|liver|lung|midbrain,14,2,2,31.555555555555557,31.0,39,22,568,1,1,30,0
8092,21,21,21,adrenal_cortex|adrenal_gland|amygdala|artery|astrocyte|basal_ganglion|blood|blood_plasma|blood_platelet|bone|brain|colon|eye|forebrain|gastrointestinal_tract|heart|kidney|large_intestine|liver|lung|midbrain,17,2,2,5.809523809523809,6.0,7,3,122,0,1,57,0
8099,12,12,12,blood|blood_plasma|blood_platelet|bone|brain|colon|gastrointestinal_tract|heart|kidney|large_intestine|liver|lung,9,2,1,17.666666666666668,18.0,20,14,212,2,1,25,0
8106,3,3,3,blood|bone|liver,3,0,0,22.333333333333332,25.0,27,15,67,1,1,26,0
8200,1,1,1,bone,1,0,0,7.0,7.0,7,7,7,0,1,47,0
8202,21,21,21,adipose_tissue|adrenal_cortex|adrenal_gland|amygdala|astrocyte|basal_ganglion|blood|blood_plasma|blood_platelet|bone|brain|colon|eye|forebrain|gastrointestinal_tract|heart|kidney|large_intestine|liver|lung|midbrain,17,2,2,70.71428571428571,70.0,83,42,1485,1,1,61,0
8204,20,20,20,adipose_tissue|adrenal_cortex|adrenal_gland|amygdala|basal_ganglion|blood|blood_plasma|blood_platelet|bone|brain|colon|eye|forebrain|gastrointestinal_tract|heart|kidney|large_intestine|liver|lung|midbrain,16,2,2,31.2,30.0,38,25,624,0,1,61,0
8218,7,7,7,blood|brain|colon|gastrointestinal_tract|heart|large_intestine|lung,5,1,1,20.714285714285715,21.0,21,20,145,1,1,36,0
8233,15,15,15,adrenal_gland|amygdala|aorta|artery|basal_ganglion|blood|brain|colon|forebrain|gastrointestinal_tract|heart|kidney|large_intestine|liver|lung,12,2,1,13.6,14.0,16,10,204,0,1,27,0
8237,10,10,10,blood|brain|colon|eye|gastrointestinal_tract|heart|kidney|large_intestine|liver|lung,7,2,1,49.1,49.5,55,42,491,1,1,23,0
8239,23,23,23,adipose_tissue|adrenal_gland|amygdala|aorta|artery|astrocyte|basal_ganglion|basophil|blood|blood_plasma|blood_platelet|bone|brain|colon|eye|forebrain|gastrointestinal_tract|heart|kidney|large_intestine|liver|lung|midbrain,19,2,2,57.69565217391305,59.0,73,27,1327,1,1,41,0
8243,17,17,17,amygdala|basal_ganglion|blood|blood_plasma|blood_platelet|bone|brain|colon|eye|forebrain|gastrointestinal_tract|heart|kidney|large_intestine|liver|lung|midbrain,13,2,2,62.294117647058826,65.0,68,48,1059,2,1,54,0
8260,10,10,10,blood|blood_plasma|brain|colon|gastrointestinal_tract|heart|kidney|large_intestine|liver|lung,7,2,1,24.9,25.0,27,22,249,0,1,31,0
8266,3,3,3,brain|eye|forebrain,3,0,0,79.0,77.0,91,69,237,0,1,16,0
8273,17,17,17,adipose_tissue|adrenal_cortex|adrenal_gland|blood|blood_plasma|blood_platelet|bone|brain|colon|eye|forebrain|gastrointestinal_tract|heart|kidney|large_intestine|liver|lung,14,2,1,1.2352941176470589,1.0,2,1,21,0,1,0,1
8289,13,13,13,adrenal_cortex|adrenal_gland|blood|brain|colon|eye|forebrain|gastrointestinal_tract|heart|kidney|large_intestine|liver|lung,10,2,1,41.30769230769231,43.0,46,31,537,4,1,54,0
8291,2,2,2,blood|heart,1,1,0,5.5,5.5,6,5,11,0,1,18,0
8294,17,17,17,adrenal_cortex|adrenal_gland|amygdala|basal_ganglion|blood|blood_plasma|blood_platelet|brain|colon|forebrain|gastrointestinal_tract|heart|kidney|large_intestine|liver|lung|midbrain,13,2,2,28.176470588235293,29.0,31,20,479,0,1,40,0
8295,19,19,19,adrenal_cortex|adrenal_gland|amygdala|basal_ganglion|blood|blood_plasma|blood_platelet|bone|brain|colon|eye|forebrain|gastrointestinal_tract|heart|kidney|large_intestine|liver|lung|midbrain,15,2,2,63.0,64.0,71,45,1197,0,1,37,0
8301,23,23,23,adipose_tissue|adrenal_cortex|adrenal_gland|amygdala|aorta|artery|astrocyte|basal_ganglion|blood|blood_plasma|blood_platelet|bone|brain|colon|eye|forebrain|gastrointestinal_tract|heart|kidney|large_intestine|liver|lung|midbrain,19,2,2,32.30434782608695,34.0,41,15,743,2,1,77,0
8312,24,24,24,adipose_tissue|adrenal_cortex|adrenal_gland|amygdala|aorta|artery|astrocyte|basal_ganglion|basophil|blood|blood_plasma|blood_platelet|bone|brain|colon|eye|forebrain|gastrointestinal_tract|heart|kidney|large_intestine|liver|lung|midbrain,20,2,2,55.583333333333336,60.0,61,30,1334,1,1,63,0
8313,24,24,24,adipose_tissue|adrenal_cortex|adrenal_gland|amygdala|aorta|artery|astrocyte|basal_ganglion|basophil|blood|blood_plasma|blood_platelet|bone|brain|colon|eye|forebrain|gastrointestinal_tract|heart|kidney|large_intestine|liver|lung|midbrain,20,2,2,16.0,16.5,21,8,384,1,1,66,0
8314,19,19,19,adrenal_cortex|adrenal_gland|amygdala|basal_ganglion|blood|blood_plasma|blood_platelet|bone|brain|colon|eye|forebrain|gastrointestinal_tract|heart|kidney|large_intestine|liver|lung|midbrain,15,2,2,18.105263157894736,18.0,23,10,344,2,1,46,0
8315,24,24,24,adipose_tissue|adrenal_cortex|adrenal_gland|amygdala|aorta|artery|astrocyte|basal_ganglion|basophil|blood|blood_plasma|blood_platelet|bone|brain|colon|eye|forebrain|gastrointestinal_tract|heart|kidney|large_intestine|liver|lung|midbrain,20,2,2,11.625,12.0,16,4,279,1,1,40,0
8321,3,3,3,heart|kidney|lung,0,2,1,6.666666666666667,7.0,8,5,20,0,1,43,0
8322,23,23,23,adipose_tissue|adrenal_cortex|adrenal_gland|amygdala|aorta|artery|astrocyte|basal_ganglion|blood|blood_plasma|blood_platelet|bone|brain|colon|eye|forebrain|gastrointestinal_tract|heart|kidney|large_intestine|liver|lung|midbrain,19,2,2,5.608695652173913,5.0,9,4,129,0,1,57,0
8323,6,6,6,brain|colon|gastrointestinal_tract|heart|kidney|large_intestine,4,2,0,1.5,1.0,3,1,9,0,1,36,0
8324,2,2,2,brain|heart,1,1,0,5.5,5.5,6,5,11,1,1,51,0
8325,2,2,2,heart|kidney,0,2,0,4.0,4.0,4,4,8,0,1,10,0
8359,17,17,17,adrenal_cortex|adrenal_gland|amygdala|basal_ganglion|blood|blood_plasma|blood_platelet|brain|colon|forebrain|gastrointestinal_tract|heart|kidney|large_intestine|liver|lung|midbrain,13,2,2,79.0,82.0,88,56,1343,1,1,40,0
8360,14,14,14,adrenal_gland|amygdala|basal_ganglion|blood|brain|colon|forebrain|gastrointestinal_tract|heart|kidney|large_intestine|liver|lung|midbrain,10,2,2,25.928571428571427,26.0,28,23,363,0,1,40,0
8361,17,17,17,adrenal_cortex|adrenal_gland|amygdala|basal_ganglion|blood|blood_plasma|blood_platelet|brain|colon|forebrain|gastrointestinal_tract|heart|kidney|large_intestine|liver|lung|midbrain,13,2,2,44.705882352941174,47.0,52,29,760,0,1,40,0
8363,17,17,17,adrenal_cortex|adrenal_gland|amygdala|basal_ganglion|blood|blood_plasma|blood_platelet|brain|colon|forebrain|gastrointestinal_tract|heart|kidney|large_intestine|liver|lung|midbrain,13,2,2,25.823529411764707,26.0,29,19,439,0,1,40,0
8364,9,9,9,blood|brain|colon|gastrointestinal_tract|heart|kidney|large_intestine|liver|lung,6,2,1,27.11111111111111,27.0,28,26,244,0,1,40,0
8365,15,15,15,adrenal_cortex|adrenal_gland|amygdala|basal_ganglion|blood|brain|colon|forebrain|gastrointestinal_tract|heart|kidney|large_intestine|liver|lung|midbrain,11,2,2,28.2,29.0,31,19,423,0,1,40,0
8366,13,13,13,amygdala|basal_ganglion|blood|brain|colon|forebrain|gastrointestinal_tract|heart|kidney|large_intestine|liver|lung|midbrain,9,2,2,24.76923076923077,25.0,27,21,322,0,1,40,0
8367,17,17,17,adrenal_cortex|adrenal_gland|amygdala|basal_ganglion|blood|blood_plasma|blood_platelet|brain|colon|forebrain|gastrointestinal_tract|heart|kidney|large_intestine|liver|lung|midbrain,13,2,2,25.88235294117647,27.0,30,18,440,3,1,40,0
8370,17,17,17,adrenal_cortex|adrenal_gland|amygdala|basal_ganglion|blood|blood_plasma|blood_platelet|brain|colon|forebrain|gastrointestinal_tract|heart|kidney|large_intestine|liver|lung|midbrain,13,2,2,39.11764705882353,40.0,44,31,665,1,1,40,0
8394,21,21,21,adipose_tissue|adrenal_cortex|adrenal_gland|amygdala|aorta|artery|basal_ganglion|blood|blood_plasma|blood_platelet|brain|colon|eye|forebrain|gastrointestinal_tract|heart|kidney|large_intestine|liver|lung|midbrain,17,2,2,9.952380952380953,9.0,14,7,209,0,1,41,0
8395,4,4,4,brain|heart|kidney|lung,1,2,1,3.25,3.0,4,3,13,0,1,2,0
8396,21,21,21,adipose_tissue|adrenal_cortex|adrenal_gland|amygdala|aorta|artery|basal_ganglion|blood|blood_plasma|blood_platelet|brain|colon|eye|forebrain|gastrointestinal_tract|heart|kidney|large_intestine|liver|lung|midbrain,17,2,2,8.571428571428571,9.0,11,6,180,3,1,29,0
8398,21,21,21,adipose_tissue|adrenal_cortex|adrenal_gland|amygdala|aorta|artery|basal_ganglion|blood|blood_plasma|blood_platelet|brain|colon|eye|forebrain|gastrointestinal_tract|heart|kidney|large_intestine|liver|lung|midbrain,17,2,2,5.0476190476190474,5.0,6,3,106,1,1,18,0
8399,5,5,5,blood|colon|gastrointestinal_tract|large_intestine|lung,4,0,1,12.0,12.0,13,11,60,1,1,44,0
8408,23,23,23,adipose_tissue|adrenal_cortex|adrenal_gland|amygdala|aorta|artery|astrocyte|basal_ganglion|blood|blood_plasma|blood_platelet|bone|brain|colon|eye|forebrain|gastrointestinal_tract|heart|kidney|large_intestine|liver|lung|midbrain,19,2,2,16.26086956521739,16.0,23,8,374,1,1,51,0
8409,13,13,13,amygdala|basal_ganglion|blood|brain|colon|forebrain|gastrointestinal_tract|heart|kidney|large_intestine|liver|lung|midbrain,9,2,2,25.692307692307693,26.0,30,22,334,1,1,47,0
8411,18,18,18,adipose_tissue|adrenal_gland|amygdala|basal_ganglion|blood|blood_plasma|blood_platelet|brain|colon|eye|forebrain|gastrointestinal_tract|heart|kidney|large_intestine|liver|lung|midbrain,14,2,2,23.88888888888889,24.5,27,15,430,0,1,28,0
8416,23,23,23,adipose_tissue|adrenal_cortex|adrenal_gland|amygdala|aorta|artery|astrocyte|basal_ganglion|blood|blood_plasma|blood_platelet|bone|brain|colon|eye|forebrain|gastrointestinal_tract|heart|kidney|large_intestine|liver|lung|midbrain,19,2,2,2.9130434782608696,3.0,3,2,67,1,1,15,0
8425,23,23,23,adipose_tissue|adrenal_gland|amygdala|aorta|artery|astrocyte|basal_ganglion|basophil|blood|blood_plasma|blood_platelet|bone|brain|colon|eye|forebrain|gastrointestinal_tract|heart|kidney|large_intestine|liver|lung|midbrain,19,2,2,5.956521739130435,6.0,9,2,137,1,1,18,0
8434,9,9,9,blood|brain|colon|gastrointestinal_tract|heart|kidney|large_intestine|liver|lung,6,2,1,4.0,4.0,5,3,36,0,1,18,0
8435,2,2,2,gastrointestinal_tract|liver,2,0,0,1.0,1.0,1,1,2,1,1,35,0
8440,23,23,23,adipose_tissue|adrenal_cortex|adrenal_gland|amygdala|aorta|artery|basal_ganglion|basophil|blood|blood_plasma|blood_platelet|bone|brain|colon|eye|forebrain|gastrointestinal_tract|heart|kidney|large_intestine|liver|lung|midbrain,19,2,2,48.43478260869565,48.0,65,24,1114,0,1,56,0
8445,23,23,23,adipose_tissue|adrenal_cortex|adrenal_gland|amygdala|aorta|artery|astrocyte|basal_ganglion|blood|blood_plasma|blood_platelet|bone|brain|colon|eye|forebrain|gastrointestinal_tract|heart|kidney|large_intestine|liver|lung|midbrain,19,2,2,19.347826086956523,20.0,26,8,445,0,1,61,0
8448,1,1,1,brain,1,0,0,3.0,3.0,3,3,3,3,1,5,0
8450,20,20,20,adipose_tissue|adrenal_cortex|adrenal_gland|amygdala|artery|astrocyte|basal_ganglion|blood|bone|brain|colon|eye|forebrain|gastrointestinal_tract|heart|kidney|large_intestine|liver|lung|midbrain,16,2,2,95.55,102.0,127,44,1911,0,1,44,0
8451,20,20,20,adipose_tissue|adrenal_cortex|adrenal_gland|amygdala|artery|astrocyte|basal_ganglion|blood|bone|brain|colon|eye|forebrain|gastrointestinal_tract|heart|kidney|large_intestine|liver|lung|midbrain,16,2,2,104.1,111.5,131,45,2082,0,1,5,0
8452,23,23,23,adipose_tissue|adrenal_cortex|adrenal_gland|amygdala|aorta|artery|astrocyte|basal_ganglion|blood|blood_plasma|blood_platelet|bone|brain|colon|eye|forebrain|gastrointestinal_tract|heart|kidney|large_intestine|liver|lung|midbrain,19,2,2,285.39130434782606,297.0,390,113,6564,2,1,65,0
8454,20,20,20,adrenal_gland|amygdala|aorta|artery|basal_ganglion|blood|blood_plasma|blood_platelet|bone|brain|colon|eye|forebrain|gastrointestinal_tract|heart|kidney|large_intestine|liver|lung|midbrain,16,2,2,208.15,213.0,254,143,4163,1,1,21,0
8456,1,1,1,kidney,0,1,0,17.0,17.0,17,17,17,0,1,8,0
8462,20,20,20,adipose_tissue|adrenal_cortex|adrenal_gland|amygdala|artery|astrocyte|basal_ganglion|blood|bone|brain|colon|eye|forebrain|gastrointestinal_tract|heart|kidney|large_intestine|liver|lung|midbrain,16,2,2,8.05,8.0,10,6,161,0,1,34,0
8463,8,8,8,brain|colon|gastrointestinal_tract|heart|kidney|large_intestine|liver|lung,5,2,1,30.875,30.5,35,29,247,2,1,6,0
8464,19,19,19,adrenal_cortex|adrenal_gland|amygdala|basal_ganglion|blood|blood_plasma|blood_platelet|bone|brain|colon|eye|forebrain|gastrointestinal_tract|heart|kidney|large_intestine|liver|lung|midbrain,15,2,2,31.36842105263158,32.0,35,22,596,1,1,39,0
8467,19,19,19,adrenal_cortex|adrenal_gland|amygdala|basal_ganglion|blood|blood_plasma|blood_platelet|bone|brain|colon|eye|forebrain|gastrointestinal_tract|heart|kidney|large_intestine|liver|lung|midbrain,15,2,2,100.15789473684211,104.0,116,68,1903,0,1,35,0
8473,24,24,24,adipose_tissue|adrenal_cortex|adrenal_gland|amygdala|aorta|artery|astrocyte|basal_ganglion|basophil|blood|blood_plasma|blood_platelet|bone|brain|colon|eye|forebrain|gastrointestinal_tract|heart|kidney|large_intestine|liver|lung|midbrain,20,2,2,40.5,43.5,52,13,972,1,1,90,0
8476,17,17,17,adipose_tissue|amygdala|basal_ganglion|blood|blood_plasma|blood_platelet|brain|colon|eye|forebrain|gastrointestinal_tract|heart|kidney|large_intestine|liver|lung|midbrain,13,2,2,8.764705882352942,9.0,10,8,149,0,1,37,0
8482,6,6,6,blood|brain|gastrointestinal_tract|heart|kidney|lung,3,2,1,5.0,5.0,5,5,30,1,1,34,0
8493,24,24,24,adipose_tissue|adrenal_cortex|adrenal_gland|amygdala|aorta|artery|astrocyte|basal_ganglion|basophil|blood|blood_plasma|blood_platelet|bone|brain|colon|eye|forebrain|gastrointestinal_tract|heart|kidney|large_intestine|liver|lung|midbrain,20,2,2,12.333333333333334,13.5,18,1,296,2,1,15,0
8501,16,16,16,adrenal_cortex|adrenal_gland|amygdala|basal_ganglion|blood|brain|colon|eye|forebrain|gastrointestinal_tract|heart|kidney|large_intestine|liver|lung|midbrain,12,2,2,1.0,1.0,1,1,16,0,1,8,0
8503,22,22,22,adipose_tissue|adrenal_cortex|adrenal_gland|amygdala|aorta|artery|basal_ganglion|blood|blood_plasma|blood_platelet|bone|brain|colon|eye|forebrain|gastrointestinal_tract|heart|kidney|large_intestine|liver|lung|midbrain,18,2,2,40.36363636363637,40.0,55,29,888,3,1,9,0
8504,4,4,4,brain|heart|kidney|liver,2,2,0,4.5,4.5,5,4,18,0,1,37,0
8517,22,22,22,adipose_tissue|adrenal_gland|amygdala|aorta|artery|astrocyte|basal_ganglion|blood|blood_plasma|blood_platelet|bone|brain|colon|eye|forebrain|gastrointestinal_tract|heart|kidney|large_intestine|liver|lung|midbrain,18,2,2,163.45454545454547,161.0,209,87,3596,0,1,62,0
8518,6,6,6,blood|brain|heart|kidney|liver|lung,3,2,1,38.666666666666664,38.5,40,38,232,0,1,36,0
8522,1,1,1,brain,1,0,0,18.0,18.0,18,18,18,1,1,0,1
8525,23,23,23,adipose_tissue|adrenal_cortex|adrenal_gland|amygdala|aorta|artery|astrocyte|basal_ganglion|blood|blood_plasma|blood_platelet|bone|brain|colon|eye|forebrain|gastrointestinal_tract|heart|kidney|large_intestine|liver|lung|midbrain,19,2,2,16.17391304347826,16.0,20,12,372,1,1,12,0
8527,21,21,21,adipose_tissue|adrenal_gland|amygdala|aorta|artery|basal_ganglion|blood|blood_plasma|blood_platelet|bone|brain|colon|eye|forebrain|gastrointestinal_tract|heart|kidney|large_intestine|liver|lung|midbrain,17,2,2,9.047619047619047,9.0,12,7,190,3,1,18,0
8529,2,2,2,kidney|liver,1,1,0,4.0,4.0,4,4,8,0,1,28,0
8531,22,22,22,adipose_tissue|adrenal_cortex|adrenal_gland|amygdala|aorta|artery|basal_ganglion|blood|blood_plasma|blood_platelet|bone|brain|colon|eye|forebrain|gastrointestinal_tract|heart|kidney|large_intestine|liver|lung|midbrain,18,2,2,41.72727272727273,44.0,56,23,918,2,1,55,0
8534,1,1,1,blood,1,0,0,1.0,1.0,1,1,1,1,1,14,0
8539,20,20,20,adipose_tissue|adrenal_gland|amygdala|aorta|artery|basal_ganglion|blood|blood_plasma|blood_platelet|brain|colon|eye|forebrain|gastrointestinal_tract|heart|kidney|large_intestine|liver|lung|midbrain,16,2,2,10.75,10.5,15,6,215,0,1,27,0
8542,16,16,16,adipose_tissue|amygdala|basal_ganglion|blood|bone|brain|colon|eye|forebrain|gastrointestinal_tract|heart|kidney|large_intestine|liver|lung|midbrain,12,2,2,1.3125,1.0,2,1,21,0,1,18,0
8546,22,22,22,adipose_tissue|adrenal_gland|amygdala|aorta|artery|basal_ganglion|basophil|blood|blood_plasma|blood_platelet|bone|brain|colon|eye|forebrain|gastrointestinal_tract|heart|kidney|large_intestine|liver|lung|midbrain,18,2,2,18.636363636363637,18.5,25,7,410,0,1,19,0
8548,3,3,3,brain|heart|kidney,1,2,0,28.333333333333332,29.0,29,27,85,0,1,19,0
8554,18,18,18,adipose_tissue|amygdala|aorta|artery|basal_ganglion|blood|blood_plasma|brain|colon|eye|forebrain|gastrointestinal_tract|heart|kidney|large_intestine|liver|lung|midbrain,14,2,2,77.11111111111111,82.5,91,51,1388,1,1,39,0
8555,5,5,5,brain|heart|kidney|liver|lung,2,2,1,4.2,4.0,5,4,21,2,1,51,0
8557,1,1,1,heart,0,1,0,11.0,11.0,11,11,11,0,1,21,0
8563,23,23,23,adipose_tissue|adrenal_gland|amygdala|aorta|artery|astrocyte|basal_ganglion|basophil|blood|blood_plasma|blood_platelet|bone|brain|colon|eye|forebrain|gastrointestinal_tract|heart|kidney|large_intestine|liver|lung|midbrain,19,2,2,42.08695652173913,44.0,64,8,968,0,1,56,0
8567,23,23,23,adipose_tissue|adrenal_cortex|adrenal_gland|amygdala|aorta|artery|basal_ganglion|basophil|blood|blood_plasma|blood_platelet|bone|brain|colon|eye|forebrain|gastrointestinal_tract|heart|kidney|large_intestine|liver|lung|midbrain,19,2,2,8.26086956521739,8.0,11,4,190,1,1,33,0
8569,16,16,16,adipose_tissue|adrenal_cortex|adrenal_gland|basal_ganglion|blood|blood_plasma|brain|colon|eye|forebrain|gastrointestinal_tract|heart|kidney|large_intestine|liver|lung,13,2,1,27.5,29.0,32,19,440,0,1,30,0
8575,23,23,23,adipose_tissue|adrenal_cortex|adrenal_gland|amygdala|aorta|artery|astrocyte|basal_ganglion|blood|blood_plasma|blood_platelet|bone|brain|colon|eye|forebrain|gastrointestinal_tract|heart|kidney|large_intestine|liver|lung|midbrain,19,2,2,16.73913043478261,17.0,22,9,385,0,1,30,0
8578,9,9,9,blood|brain|colon|gastrointestinal_tract|heart|kidney|large_intestine|liver|lung,6,2,1,2.2222222222222223,2.0,3,2,20,1,1,20,0
8600,1,1,1,blood,1,0,0,21.0,21.0,21,21,21,0,1,53,0
8604,22,22,22,adipose_tissue|adrenal_cortex|adrenal_gland|amygdala|aorta|artery|astrocyte|basal_ganglion|blood|blood_plasma|blood_platelet|brain|colon|eye|forebrain|gastrointestinal_tract|heart|kidney|large_intestine|liver|lung|midbrain,18,2,2,9.909090909090908,10.0,13,7,218,0,1,19,0
8605,9,9,9,amygdala|basal_ganglion|brain|forebrain|heart|kidney|liver|lung|midbrain,5,2,2,3.0,3.0,3,3,27,1,1,11,0
8607,18,18,18,adrenal_cortex|adrenal_gland|amygdala|basal_ganglion|blood|blood_plasma|blood_platelet|bone|brain|colon|forebrain|gastrointestinal_tract|heart|kidney|large_intestine|liver|lung|midbrain,14,2,2,101.27777777777777,104.5,121,62,1823,0,1,57,0
8608,1,1,1,liver,1,0,0,1.0,1.0,1,1,1,1,1,0,1
8609,1,1,1,bone,1,0,0,1.0,1.0,1,1,1,0,1,0,1
8611,6,6,6,amygdala|basal_ganglion|blood_plasma|brain|forebrain|midbrain,5,0,1,1.1666666666666667,1.0,2,1,7,0,1,11,0
8613,23,23,23,adipose_tissue|adrenal_cortex|adrenal_gland|amygdala|aorta|artery|basal_ganglion|basophil|blood|blood_plasma|blood_platelet|bone|brain|colon|eye|forebrain|gastrointestinal_tract|heart|kidney|large_intestine|liver|lung|midbrain,19,2,2,6.782608695652174,7.0,8,5,156,2,1,56,0
8621,15,15,15,adrenal_gland|amygdala|aorta|artery|basal_ganglion|blood|brain|colon|forebrain|gastrointestinal_tract|heart|kidney|large_intestine|liver|lung,12,2,1,16.6,18.0,19,11,249,1,1,62,0
8625,21,21,21,adrenal_gland|amygdala|aorta|artery|astrocyte|basal_ganglion|blood|blood_plasma|blood_platelet|bone|brain|colon|eye|forebrain|gastrointestinal_tract|heart|kidney|large_intestine|liver|lung|midbrain,17,2,2,13.714285714285714,13.0,18,9,288,1,1,9,0
8626,2,2,2,kidney|lung,0,1,1,72.5,72.5,74,71,145,4,1,59,0
8631,1,1,1,blood,1,0,0,30.0,30.0,30,30,30,2,1,48,0
8646,23,23,23,adipose_tissue|adrenal_cortex|adrenal_gland|amygdala|aorta|artery|astrocyte|basal_ganglion|blood|blood_plasma|blood_platelet|bone|brain|colon|eye|forebrain|gastrointestinal_tract|heart|kidney|large_intestine|liver|lung|midbrain,19,2,2,7.956521739130435,8.0,12,4,183,1,1,31,0
8649,19,19,19,adrenal_gland|amygdala|astrocyte|basal_ganglion|blood|blood_plasma|blood_platelet|bone|brain|colon|eye|forebrain|gastrointestinal_tract|heart|kidney|large_intestine|liver|lung|midbrain,15,2,2,29.0,31.0,35,13,551,0,1,32,0
8650,23,23,23,adipose_tissue|adrenal_cortex|adrenal_gland|amygdala|aorta|artery|astrocyte|basal_ganglion|blood|blood_plasma|blood_platelet|bone|brain|colon|eye|forebrain|gastrointestinal_tract|heart|kidney|large_intestine|liver|lung|midbrain,19,2,2,23.47826086956522,24.0,29,13,540,0,1,29,0
8651,21,21,21,adipose_tissue|adrenal_cortex|adrenal_gland|amygdala|astrocyte|basal_ganglion|basophil|blood|blood_plasma|blood_platelet|bone|brain|colon|eye|forebrain|gastrointestinal_tract|heart|kidney|large_intestine|liver|lung,18,2,1,29.761904761904763,28.0,44,18,625,2,1,22,0
8654,20,20,20,adipose_tissue|adrenal_cortex|adrenal_gland|aorta|artery|basophil|blood|blood_plasma|blood_platelet|bone|brain|colon|eye|forebrain|gastrointestinal_tract|heart|kidney|large_intestine|liver|lung,17,2,1,6.2,5.0,10,1,124,0,1,12,0
8658,21,21,21,adipose_tissue|adrenal_cortex|adrenal_gland|amygdala|aorta|artery|basal_ganglion|blood|blood_plasma|bone|brain|colon|eye|forebrain|gastrointestinal_tract|heart|kidney|large_intestine|liver|lung|midbrain,17,2,2,16.904761904761905,16.0,22,12,355,1,1,75,0
8660,3,3,3,adipose_tissue|blood|liver,3,0,0,37.0,38.0,46,27,111,0,1,34,0
8661,9,9,9,blood|brain|colon|gastrointestinal_tract|heart|kidney|large_intestine|liver|lung,6,2,1,57.888888888888886,57.0,72,52,521,0,1,32,0
8662,1,1,1,brain,1,0,0,72.0,72.0,72,72,72,0,1,43,0
8663,1,1,1,brain,1,0,0,66.0,66.0,66,66,66,1,1,17,0
8664,1,1,1,brain,1,0,0,61.0,61.0,61,61,61,1,1,18,0
8665,1,1,1,brain,1,0,0,51.0,51.0,51,51,51,1,1,22,0
8666,1,1,1,brain,1,0,0,29.0,29.0,29,29,29,1,1,18,0
8667,1,1,1,brain,1,0,0,40.0,40.0,40,40,40,1,1,25,0
8668,1,1,1,brain,1,0,0,73.0,73.0,73,73,73,0,1,23,0
8671,20,20,20,adrenal_gland|amygdala|aorta|artery|astrocyte|basal_ganglion|blood|blood_plasma|blood_platelet|brain|colon|eye|forebrain|gastrointestinal_tract|heart|kidney|large_intestine|liver|lung|midbrain,16,2,2,4.0,4.0,4,4,80,0,1,19,0
8675,12,12,12,amygdala|basal_ganglion|blood|blood_plasma|blood_platelet|brain|forebrain|heart|kidney|liver|lung|midbrain,8,2,2,8.166666666666666,8.0,9,6,98,1,1,28,0
8677,12,12,12,amygdala|basal_ganglion|blood|blood_plasma|blood_platelet|brain|forebrain|heart|kidney|liver|lung|midbrain,8,2,2,3.0833333333333335,3.0,4,2,37,1,1,19,0
8678,10,10,10,amygdala|basal_ganglion|blood|brain|forebrain|heart|kidney|liver|lung|midbrain,6,2,2,41.9,43.0,46,37,419,1,1,47,0
8682,21,21,21,adipose_tissue|adrenal_gland|amygdala|aorta|artery|astrocyte|basal_ganglion|blood|blood_plasma|blood_platelet|brain|colon|eye|forebrain|gastrointestinal_tract|heart|kidney|large_intestine|liver|lung|midbrain,17,2,2,16.428571428571427,17.0,24,11,345,1,1,11,0
8683,5,5,5,brain|heart|kidney|liver|lung,2,2,1,75.6,77.0,77,71,378,1,1,35,0
8694,19,19,19,adipose_tissue|adrenal_gland|amygdala|aorta|artery|basal_ganglion|blood|blood_plasma|blood_platelet|brain|colon|eye|forebrain|gastrointestinal_tract|heart|kidney|large_intestine|liver|lung,16,2,1,2.6315789473684212,2.0,4,2,50,1,1,20,0
8697,22,22,22,adipose_tissue|adrenal_cortex|adrenal_gland|amygdala|aorta|artery|astrocyte|basal_ganglion|blood|blood_plasma|bone|brain|colon|eye|forebrain|gastrointestinal_tract|heart|kidney|large_intestine|liver|lung|midbrain,18,2,2,38.95454545454545,42.0,50,14,857,2,1,34,0
8698,5,5,5,blood|gastrointestinal_tract|heart|large_intestine|lung,3,1,1,3.0,3.0,3,3,15,1,1,0,1
8708,1,1,1,gastrointestinal_tract,1,0,0,1.0,1.0,1,1,1,0,1,19,0
8711,4,4,4,blood|colon|gastrointestinal_tract|large_intestine,4,0,0,13.5,13.0,15,13,54,1,1,24,0
8717,23,23,23,adipose_tissue|adrenal_cortex|adrenal_gland|amygdala|aorta|artery|astrocyte|basal_ganglion|blood|blood_plasma|blood_platelet|bone|brain|colon|eye|forebrain|gastrointestinal_tract|heart|kidney|large_intestine|liver|lung|midbrain,19,2,2,36.869565217391305,39.0,48,21,848,0,1,20,0
8725,20,20,20,adipose_tissue|amygdala|aorta|artery|astrocyte|basal_ganglion|blood|blood_plasma|blood_platelet|brain|colon|eye|forebrain|gastrointestinal_tract|heart|kidney|large_intestine|liver|lung|midbrain,16,2,2,17.5,20.0,22,8,350,1,1,54,0
8726,18,18,18,adrenal_cortex|adrenal_gland|amygdala|basal_ganglion|blood|blood_plasma|blood_platelet|bone|brain|colon|forebrain|gastrointestinal_tract|heart|kidney|large_intestine|liver|lung|midbrain,14,2,2,162.16666666666666,172.0,196,91,2919,2,1,18,0
8727,21,21,21,adrenal_gland|amygdala|aorta|artery|astrocyte|basal_ganglion|blood|blood_plasma|blood_platelet|bone|brain|colon|eye|forebrain|gastrointestinal_tract|heart|kidney|large_intestine|liver|lung|midbrain,17,2,2,4.714285714285714,5.0,6,2,99,0,1,9,0
8737,24,24,24,adipose_tissue|adrenal_cortex|adrenal_gland|amygdala|aorta|artery|astrocyte|basal_ganglion|basophil|blood|blood_plasma|blood_platelet|bone|brain|colon|eye|forebrain|gastrointestinal_tract|heart|kidney|large_intestine|liver|lung|midbrain,20,2,2,48.541666666666664,49.5,65,19,1165,0,1,84,0
8738,22,22,22,adipose_tissue|adrenal_cortex|adrenal_gland|amygdala|aorta|artery|astrocyte|basal_ganglion|blood|blood_plasma|blood_platelet|brain|colon|eye|forebrain|gastrointestinal_tract|heart|kidney|large_intestine|liver|lung|midbrain,18,2,2,7.181818181818182,7.0,10,3,158,1,1,24,0
8739,1,1,1,blood,1,0,0,4.0,4.0,4,4,4,2,1,20,0
8740,6,6,6,blood|brain|colon|gastrointestinal_tract|heart|large_intestine,5,1,0,12.333333333333334,12.5,14,11,74,1,1,19,0
8741,16,16,16,adrenal_gland|aorta|artery|basophil|blood|blood_plasma|blood_platelet|brain|colon|forebrain|gastrointestinal_tract|heart|kidney|large_intestine|liver|lung,13,2,1,7.125,7.0,9,4,114,4,1,32,0
8743,6,6,6,blood|brain|colon|gastrointestinal_tract|large_intestine|lung,5,0,1,12.166666666666666,12.0,14,11,73,1,1,30,0
8751,20,20,20,adrenal_gland|amygdala|artery|astrocyte|basal_ganglion|blood|blood_plasma|blood_platelet|bone|brain|colon|eye|forebrain|gastrointestinal_tract|heart|kidney|large_intestine|liver|lung|midbrain,16,2,2,21.95,22.0,29,12,439,2,1,25,0
8754,24,24,24,adipose_tissue|adrenal_cortex|adrenal_gland|amygdala|aorta|artery|astrocyte|basal_ganglion|basophil|blood|blood_plasma|blood_platelet|bone|brain|colon|eye|forebrain|gastrointestinal_tract|heart|kidney|large_intestine|liver|lung|midbrain,20,2,2,12.291666666666666,12.0,15,7,295,1,1,55,0
8763,17,17,17,adipose_tissue|adrenal_gland|amygdala|aorta|artery|basal_ganglion|basophil|blood|blood_plasma|blood_platelet|bone|brain|eye|forebrain|kidney|lung|midbrain,14,1,2,1.2352941176470589,1.0,2,1,21,0,1,11,0
8764,7,7,7,blood|brain|gastrointestinal_tract|heart|kidney|liver|lung,4,2,1,29.714285714285715,30.0,32,28,208,1,1,0,1
8766,22,22,22,adipose_tissue|adrenal_cortex|adrenal_gland|amygdala|aorta|artery|basal_ganglion|blood|blood_plasma|blood_platelet|bone|brain|colon|eye|forebrain|gastrointestinal_tract|heart|kidney|large_intestine|liver|lung|midbrain,18,2,2,31.181818181818183,31.0,40,20,686,0,1,43,0
8767,24,24,24,adipose_tissue|adrenal_cortex|adrenal_gland|amygdala|aorta|artery|astrocyte|basal_ganglion|basophil|blood|blood_plasma|blood_platelet|bone|brain|colon|eye|forebrain|gastrointestinal_tract|heart|kidney|large_intestine|liver|lung|midbrain,20,2,2,42.166666666666664,42.0,57,21,1012,0,1,61,0
8771,9,9,9,blood|brain|colon|gastrointestinal_tract|heart|kidney|large_intestine|liver|lung,6,2,1,1.6666666666666667,2.0,2,1,15,1,1,0,1
8772,24,24,24,adipose_tissue|adrenal_cortex|adrenal_gland|amygdala|aorta|artery|astrocyte|basal_ganglion|basophil|blood|blood_plasma|blood_platelet|bone|brain|colon|eye|forebrain|gastrointestinal_tract|heart|kidney|large_intestine|liver|lung|midbrain,20,2,2,43.916666666666664,46.5,55,16,1054,1,1,69,0
8773,21,21,21,adipose_tissue|adrenal_gland|amygdala|aorta|artery|basal_ganglion|basophil|blood|blood_plasma|blood_platelet|brain|colon|eye|forebrain|gastrointestinal_tract|heart|kidney|large_intestine|liver|lung|midbrain,17,2,2,25.428571428571427,26.0,31,12,534,0,1,34,0
8775,24,24,24,adipose_tissue|adrenal_cortex|adrenal_gland|amygdala|aorta|artery|astrocyte|basal_ganglion|basophil|blood|blood_plasma|blood_platelet|bone|brain|colon|eye|forebrain|gastrointestinal_tract|heart|kidney|large_intestine|liver|lung|midbrain,20,2,2,17.041666666666668,19.0,24,4,409,1,1,9,0
8788,4,4,4,adrenal_gland|bone|brain|forebrain,4,0,0,12.5,12.0,15,11,50,2,1,12,0
8792,2,2,2,blood|bone,2,0,0,13.0,13.0,14,12,26,0,1,55,0
8795,22,22,22,adipose_tissue|adrenal_gland|amygdala|aorta|artery|astrocyte|basal_ganglion|blood|blood_plasma|blood_platelet|bone|brain|colon|eye|forebrain|gastrointestinal_tract|heart|kidney|large_intestine|liver|lung|midbrain,18,2,2,25.636363636363637,25.0,31,19,564,0,1,18,0
8800,2,2,2,kidney|liver,1,1,0,4.0,4.0,4,4,8,1,1,28,0
8805,22,22,22,adipose_tissue|adrenal_cortex|adrenal_gland|amygdala|aorta|artery|basal_ganglion|blood|blood_plasma|blood_platelet|bone|brain|colon|eye|forebrain|gastrointestinal_tract|heart|kidney|large_intestine|liver|lung|midbrain,18,2,2,37.45454545454545,41.0,47,19,824,0,1,36,0
8813,21,21,21,adipose_tissue|adrenal_cortex|adrenal_gland|amygdala|aorta|artery|basal_ganglion|blood|blood_plasma|blood_platelet|brain|colon|eye|forebrain|gastrointestinal_tract|heart|kidney|large_intestine|liver|lung|midbrain,17,2,2,15.333333333333334,16.0,20,10,322,1,1,34,0
8818,21,21,21,adipose_tissue|adrenal_cortex|adrenal_gland|amygdala|aorta|artery|basal_ganglion|blood|blood_plasma|blood_platelet|brain|colon|eye|forebrain|gastrointestinal_tract|heart|kidney|large_intestine|liver|lung|midbrain,17,2,2,4.761904761904762,5.0,5,4,100,1,1,24,0
8820,23,23,23,adipose_tissue|adrenal_cortex|adrenal_gland|amygdala|aorta|artery|astrocyte|basal_ganglion|blood|blood_plasma|blood_platelet|bone|brain|colon|eye|forebrain|gastrointestinal_tract|heart|kidney|large_intestine|liver|lung|midbrain,19,2,2,9.173913043478262,9.0,11,7,211,4,1,0,1
8825,11,11,11,amygdala|basal_ganglion|blood|brain|colon|forebrain|gastrointestinal_tract|kidney|large_intestine|liver|lung,9,1,1,11.909090909090908,12.0,15,9,131,0,1,8,0
8828,8,8,8,brain|colon|gastrointestinal_tract|heart|kidney|large_intestine|liver|lung,5,2,1,9.375,9.0,10,9,75,1,1,10,0
8829,24,24,24,adipose_tissue|adrenal_cortex|adrenal_gland|amygdala|aorta|artery|astrocyte|basal_ganglion|basophil|blood|blood_plasma|blood_platelet|bone|brain|colon|eye|forebrain|gastrointestinal_tract|heart|kidney|large_intestine|liver|lung|midbrain,20,2,2,14.583333333333334,12.5,22,9,350,1,1,51,0
8834,16,16,16,adrenal_gland|amygdala|basal_ganglion|blood|blood_plasma|brain|colon|eye|forebrain|gastrointestinal_tract|heart|kidney|large_intestine|liver|lung|midbrain,12,2,2,6.125,6.5,8,4,98,0,1,12,0
8835,4,4,4,brain|heart|kidney|liver,2,2,0,11.0,11.0,12,10,44,1,1,9,0
8837,22,22,22,adipose_tissue|adrenal_gland|amygdala|aorta|artery|astrocyte|basal_ganglion|blood|blood_plasma|blood_platelet|bone|brain|colon|eye|forebrain|gastrointestinal_tract|heart|kidney|large_intestine|liver|lung|midbrain,18,2,2,37.59090909090909,37.0,46,25,827,0,1,60,0
8841,23,23,23,adipose_tissue|adrenal_cortex|adrenal_gland|amygdala|aorta|artery|basal_ganglion|basophil|blood|blood_plasma|blood_platelet|bone|brain|colon|eye|forebrain|gastrointestinal_tract|heart|kidney|large_intestine|liver|lung|midbrain,19,2,2,103.56521739130434,104.0,129,42,2382,3,1,89,0
8842,4,4,4,blood|eye|kidney|liver,3,1,0,2.0,2.0,2,2,8,0,1,33,0
8846,8,8,8,blood|colon|gastrointestinal_tract|heart|kidney|large_intestine|liver|lung,5,2,1,1.0,1.0,1,1,8,0,1,29,0
8850,18,18,18,adrenal_cortex|adrenal_gland|amygdala|basal_ganglion|blood|blood_plasma|blood_platelet|bone|brain|colon|forebrain|gastrointestinal_tract|heart|kidney|large_intestine|liver|lung|midbrain,14,2,2,104.61111111111111,106.5,118,83,1883,0,1,77,0
8851,2,2,2,blood|brain,2,0,0,26.5,26.5,28,25,53,0,1,70,0
8856,7,7,7,blood|colon|gastrointestinal_tract|kidney|large_intestine|liver|lung,5,1,1,24.285714285714285,25.0,26,22,170,0,1,50,0
8861,21,21,21,adipose_tissue|adrenal_cortex|adrenal_gland|amygdala|artery|basal_ganglion|blood|blood_plasma|blood_platelet|bone|brain|colon|eye|forebrain|gastrointestinal_tract|heart|kidney|large_intestine|liver|lung|midbrain,17,2,2,16.61904761904762,16.0,23,11,349,2,1,81,0
8867,24,24,24,adipose_tissue|adrenal_cortex|adrenal_gland|amygdala|aorta|artery|astrocyte|basal_ganglion|basophil|blood|blood_plasma|blood_platelet|bone|brain|colon|eye|forebrain|gastrointestinal_tract|heart|kidney|large_intestine|liver|lung|midbrain,20,2,2,14.541666666666666,15.0,20,8,349,1,1,34,0
8877,10,10,10,blood|brain|colon|eye|gastrointestinal_tract|heart|kidney|large_intestine|liver|lung,7,2,1,10.5,10.5,12,9,105,2,1,71,0
8878,22,22,22,adipose_tissue|adrenal_gland|amygdala|aorta|artery|astrocyte|basal_ganglion|blood|blood_plasma|blood_platelet|bone|brain|colon|eye|forebrain|gastrointestinal_tract|heart|kidney|large_intestine|liver|lung|midbrain,18,2,2,96.18181818181819,96.0,118,56,2116,1,1,48,0
8879,21,21,21,adipose_tissue|adrenal_cortex|adrenal_gland|amygdala|artery|basal_ganglion|blood|blood_plasma|blood_platelet|bone|brain|colon|eye|forebrain|gastrointestinal_tract|heart|kidney|large_intestine|liver|lung|midbrain,17,2,2,11.047619047619047,12.0,13,6,232,0,1,25,0
8881,19,19,19,adrenal_gland|amygdala|aorta|artery|basal_ganglion|blood|blood_plasma|bone|brain|colon|eye|forebrain|gastrointestinal_tract|heart|kidney|large_intestine|liver|lung|midbrain,15,2,2,36.36842105263158,37.0,41,28,691,0,1,26,0
8883,13,13,13,amygdala|basal_ganglion|blood|brain|colon|forebrain|gastrointestinal_tract|heart|kidney|large_intestine|liver|lung|midbrain,9,2,2,33.30769230769231,33.0,38,29,433,0,1,20,0
8890,22,22,22,adipose_tissue|adrenal_cortex|adrenal_gland|amygdala|aorta|artery|basal_ganglion|blood|blood_plasma|blood_platelet|bone|brain|colon|eye|forebrain|gastrointestinal_tract|heart|kidney|large_intestine|liver|lung|midbrain,18,2,2,28.0,29.0,33,17,616,1,1,42,0
8891,21,21,21,adipose_tissue|adrenal_gland|amygdala|aorta|artery|basal_ganglion|blood|blood_plasma|blood_platelet|bone|brain|colon|eye|forebrain|gastrointestinal_tract|heart|kidney|large_intestine|liver|lung|midbrain,17,2,2,21.761904761904763,24.0,27,14,457,0,1,39,0
8892,22,22,22,adipose_tissue|adrenal_cortex|adrenal_gland|amygdala|aorta|artery|basal_ganglion|blood|blood_plasma|blood_platelet|bone|brain|colon|eye|forebrain|gastrointestinal_tract|heart|kidney|large_intestine|liver|lung|midbrain,18,2,2,20.636363636363637,22.0,27,11,454,0,1,23,0
8893,22,22,22,adipose_tissue|adrenal_cortex|adrenal_gland|amygdala|aorta|artery|basal_ganglion|blood|blood_plasma|blood_platelet|bone|brain|colon|eye|forebrain|gastrointestinal_tract|heart|kidney|large_intestine|liver|lung|midbrain,18,2,2,14.409090909090908,15.0,18,10,317,1,1,57,0
8894,20,20,20,adipose_tissue|adrenal_cortex|adrenal_gland|amygdala|basal_ganglion|blood|blood_plasma|blood_platelet|bone|brain|colon|eye|forebrain|gastrointestinal_tract|heart|kidney|large_intestine|liver|lung|midbrain,16,2,2,23.1,24.5,29,12,462,1,1,11,0
8897,21,21,21,adipose_tissue|adrenal_cortex|adrenal_gland|amygdala|aorta|artery|basal_ganglion|blood|blood_plasma|blood_platelet|brain|colon|eye|forebrain|gastrointestinal_tract|heart|kidney|large_intestine|liver|lung|midbrain,17,2,2,3.5714285714285716,3.0,5,2,75,2,1,39,0
8907,18,18,18,adipose_tissue|adrenal_gland|amygdala|basal_ganglion|blood|blood_plasma|blood_platelet|brain|colon|eye|forebrain|gastrointestinal_tract|heart|kidney|large_intestine|liver|lung|midbrain,14,2,2,16.38888888888889,15.0,25,10,295,3,1,20,0
8912,9,9,9,amygdala|basal_ganglion|brain|forebrain|heart|kidney|liver|lung|midbrain,5,2,2,3.6666666666666665,4.0,5,3,33,3,1,28,0
8914,20,20,20,adrenal_cortex|adrenal_gland|amygdala|artery|basal_ganglion|blood|blood_plasma|blood_platelet|bone|brain|colon|eye|forebrain|gastrointestinal_tract|heart|kidney|large_intestine|liver|lung|midbrain,16,2,2,6.8,7.0,9,3,136,0,1,46,0
8915,23,23,23,adipose_tissue|adrenal_gland|amygdala|aorta|artery|astrocyte|basal_ganglion|basophil|blood|blood_plasma|blood_platelet|bone|brain|colon|eye|forebrain|gastrointestinal_tract|heart|kidney|large_intestine|liver|lung|midbrain,19,2,2,34.47826086956522,33.0,44,19,793,0,1,74,0
8924,19,19,19,adrenal_gland|amygdala|aorta|artery|basal_ganglion|blood|blood_plasma|bone|brain|colon|eye|forebrain|gastrointestinal_tract|heart|kidney|large_intestine|liver|lung|midbrain,15,2,2,68.63157894736842,71.0,89,48,1304,0,1,31,0
8928,3,3,3,colon|gastrointestinal_tract|large_intestine,3,0,0,25.0,25.0,25,25,75,2,1,61,0
8930,23,23,23,adipose_tissue|adrenal_cortex|adrenal_gland|amygdala|aorta|artery|astrocyte|basal_ganglion|blood|blood_plasma|blood_platelet|bone|brain|colon|eye|forebrain|gastrointestinal_tract|heart|kidney|large_intestine|liver|lung|midbrain,19,2,2,8.217391304347826,7.0,11,6,189,0,1,9,0
8932,20,20,20,adipose_tissue|adrenal_cortex|adrenal_gland|amygdala|artery|basal_ganglion|blood|blood_plasma|bone|brain|colon|eye|forebrain|gastrointestinal_tract|heart|kidney|large_intestine|liver|lung|midbrain,16,2,2,31.15,33.5,38,15,623,0,1,50,0
8942,3,3,3,brain|eye|liver,3,0,0,11.333333333333334,12.0,13,9,34,1,1,31,0
8943,22,22,22,adipose_tissue|adrenal_gland|amygdala|aorta|artery|basal_ganglion|basophil|blood|blood_plasma|blood_platelet|bone|brain|colon|eye|forebrain|gastrointestinal_tract|heart|kidney|large_intestine|liver|lung|midbrain,18,2,2,17.636363636363637,18.0,23,9,388,1,1,25,0
8945,24,24,24,adipose_tissue|adrenal_cortex|adrenal_gland|amygdala|aorta|artery|astrocyte|basal_ganglion|basophil|blood|blood_plasma|blood_platelet|bone|brain|colon|eye|forebrain|gastrointestinal_tract|heart|kidney|large_intestine|liver|lung|midbrain,20,2,2,119.45833333333333,123.5,152,38,2867,1,1,61,0
8976,20,20,20,adipose_tissue|adrenal_gland|aorta|artery|astrocyte|basophil|blood|blood_plasma|blood_platelet|bone|brain|colon|eye|forebrain|gastrointestinal_tract|heart|kidney|large_intestine|liver|lung,17,2,1,25.7,27.5,33,12,514,2,1,34,0
8985,23,23,23,adipose_tissue|adrenal_cortex|adrenal_gland|amygdala|aorta|artery|astrocyte|basal_ganglion|blood|blood_plasma|blood_platelet|bone|brain|colon|eye|forebrain|gastrointestinal_tract|heart|kidney|large_intestine|liver|lung|midbrain,19,2,2,16.73913043478261,18.0,21,9,385,0,1,8,0
8986,18,18,18,adrenal_cortex|adrenal_gland|amygdala|basal_ganglion|blood|blood_plasma|blood_platelet|bone|brain|colon|forebrain|gastrointestinal_tract|heart|kidney|large_intestine|liver|lung|midbrain,14,2,2,13.61111111111111,14.0,15,12,245,1,1,76,0
8989,1,1,1,lung,0,0,1,3.0,3.0,3,3,3,0,1,18,0
8993,5,5,5,blood|gastrointestinal_tract|kidney|liver|lung,3,1,1,1.2,1.0,2,1,6,1,1,13,0
8994,8,8,8,blood|brain|colon|gastrointestinal_tract|heart|kidney|large_intestine|lung,5,2,1,20.75,21.0,22,20,166,1,1,63,0
9002,1,1,1,liver,1,0,0,1.0,1.0,1,1,1,0,1,8,0
9020,22,22,22,adipose_tissue|adrenal_gland|amygdala|aorta|artery|astrocyte|basal_ganglion|blood|blood_plasma|blood_platelet|bone|brain|colon|eye|forebrain|gastrointestinal_tract|heart|kidney|large_intestine|liver|lung|midbrain,18,2,2,61.0,60.0,74,36,1342,1,1,18,0
9021,6,6,6,blood|colon|gastrointestinal_tract|heart|large_intestine|lung,4,1,1,38.166666666666664,37.0,47,35,229,1,1,20,0
9022,16,16,16,adipose_tissue|amygdala|basal_ganglion|blood|bone|brain|colon|eye|forebrain|gastrointestinal_tract|heart|kidney|large_intestine|liver|lung|midbrain,12,2,2,4.5,5.0,6,2,72,1,1,22,0
9024,8,8,8,brain|colon|gastrointestinal_tract|heart|kidney|large_intestine|liver|lung,5,2,1,7.0,7.0,8,6,56,3,1,55,0
9025,21,21,21,adrenal_cortex|adrenal_gland|amygdala|aorta|artery|basal_ganglion|blood|blood_plasma|blood_platelet|bone|brain|colon|eye|forebrain|gastrointestinal_tract|heart|kidney|large_intestine|liver|lung|midbrain,17,2,2,38.38095238095238,40.0,45,24,806,1,1,79,0
9027,2,2,2,kidney|liver,1,1,0,4.0,4.0,4,4,8,0,1,47,0
9031,23,23,23,adipose_tissue|adrenal_cortex|adrenal_gland|amygdala|aorta|artery|astrocyte|basal_ganglion|blood|blood_plasma|blood_platelet|bone|brain|colon|eye|forebrain|gastrointestinal_tract|heart|kidney|large_intestine|liver|lung|midbrain,19,2,2,25.26086956521739,28.0,33,10,581,1,1,64,0
9040,19,19,19,adrenal_gland|amygdala|aorta|artery|basal_ganglion|blood|blood_plasma|bone|brain|colon|eye|forebrain|gastrointestinal_tract|heart|kidney|large_intestine|liver|lung|midbrain,15,2,2,45.89473684210526,46.0,56,32,872,2,1,24,0
9043,23,23,23,adipose_tissue|adrenal_cortex|adrenal_gland|amygdala|aorta|artery|basal_ganglion|basophil|blood|blood_plasma|blood_platelet|bone|brain|colon|eye|forebrain|gastrointestinal_tract|heart|kidney|large_intestine|liver|lung|midbrain,19,2,2,23.52173913043478,24.0,28,13,541,7,1,26,0
9049,18,18,18,adipose_tissue|adrenal_gland|amygdala|basal_ganglion|blood|blood_plasma|blood_platelet|brain|colon|eye|forebrain|gastrointestinal_tract|heart|kidney|large_intestine|liver|lung|midbrain,14,2,2,17.333333333333332,18.0,21,12,312,1,1,25,0
9053,22,22,22,adipose_tissue|adrenal_cortex|adrenal_gland|amygdala|aorta|artery|basal_ganglion|blood|blood_plasma|blood_platelet|bone|brain|colon|eye|forebrain|gastrointestinal_tract|heart|kidney|large_intestine|liver|lung|midbrain,18,2,2,8.409090909090908,8.5,11,5,185,0,1,21,0
9060,2,2,2,brain|liver,2,0,0,6.5,6.5,7,6,13,0,1,3,0
9063,16,16,16,adrenal_cortex|adrenal_gland|amygdala|basal_ganglion|blood|brain|colon|eye|forebrain|gastrointestinal_tract|heart|kidney|large_intestine|liver|lung|midbrain,12,2,2,63.5625,64.0,72,40,1017,1,1,37,0
9066,6,6,6,basal_ganglion|brain|forebrain|heart|kidney|liver,4,2,0,4.333333333333333,4.0,7,3,26,1,1,38,0
9070,20,20,20,adipose_tissue|adrenal_cortex|adrenal_gland|amygdala|basal_ganglion|blood|blood_plasma|blood_platelet|bone|brain|colon|eye|forebrain|gastrointestinal_tract|heart|kidney|large_intestine|liver|lung|midbrain,16,2,2,50.35,53.0,57,29,1007,0,1,49,0
9076,22,22,22,adipose_tissue|adrenal_gland|amygdala|aorta|artery|basal_ganglion|basophil|blood|blood_plasma|blood_platelet|bone|brain|colon|eye|forebrain|gastrointestinal_tract|heart|kidney|large_intestine|liver|lung|midbrain,18,2,2,6.0,6.0,8,3,132,0,1,15,0
9079,19,19,19,adrenal_cortex|adrenal_gland|amygdala|artery|basal_ganglion|blood|blood_plasma|bone|brain|colon|eye|forebrain|gastrointestinal_tract|heart|kidney|large_intestine|liver|lung|midbrain,15,2,2,8.631578947368421,9.0,12,5,164,1,1,19,0
9092,20,20,20,adipose_tissue|amygdala|artery|basal_ganglion|basophil|blood|blood_plasma|blood_platelet|bone|brain|colon|eye|forebrain|gastrointestinal_tract|heart|kidney|large_intestine|liver|lung|midbrain,16,2,2,64.15,71.5,93,12,1283,1,1,28,0
9093,23,23,23,adipose_tissue|adrenal_cortex|adrenal_gland|amygdala|aorta|artery|astrocyte|basal_ganglion|blood|blood_plasma|blood_platelet|bone|brain|colon|eye|forebrain|gastrointestinal_tract|heart|kidney|large_intestine|liver|lung|midbrain,19,2,2,35.69565217391305,36.0,45,23,821,1,1,43,0
9097,23,23,23,adipose_tissue|adrenal_cortex|adrenal_gland|amygdala|aorta|artery|astrocyte|basal_ganglion|blood|blood_plasma|blood_platelet|bone|brain|colon|eye|forebrain|gastrointestinal_tract|heart|kidney|large_intestine|liver|lung|midbrain,19,2,2,29.08695652173913,31.0,38,16,669,0,1,46,0
9099,12,12,12,blood|blood_plasma|bone|brain|colon|eye|gastrointestinal_tract|heart|kidney|large_intestine|liver|lung,9,2,1,60.0,61.5,67,45,720,4,1,43,0
9100,13,13,13,blood|blood_plasma|blood_platelet|bone|brain|colon|eye|gastrointestinal_tract|heart|kidney|large_intestine|liver|lung,10,2,1,20.0,22.0,23,15,260,0,1,54,0
9101,21,21,21,adrenal_gland|amygdala|aorta|artery|astrocyte|basal_ganglion|blood|blood_plasma|blood_platelet|bone|brain|colon|eye|forebrain|gastrointestinal_tract|heart|kidney|large_intestine|liver|lung|midbrain,17,2,2,33.333333333333336,34.0,43,13,700,0,1,36,0
9107,18,18,18,adrenal_cortex|adrenal_gland|amygdala|aorta|artery|basal_ganglion|blood|brain|colon|eye|forebrain|gastrointestinal_tract|heart|kidney|large_intestine|liver|lung|midbrain,14,2,2,4.111111111111111,4.0,5,2,74,0,1,5,0
9113,23,23,23,adipose_tissue|adrenal_cortex|adrenal_gland|amygdala|aorta|artery|astrocyte|basal_ganglion|blood|blood_plasma|blood_platelet|bone|brain|colon|eye|forebrain|gastrointestinal_tract|heart|kidney|large_intestine|liver|lung|midbrain,19,2,2,41.91304347826087,43.0,52,26,964,0,1,60,0
9114,18,18,18,adipose_tissue|adrenal_gland|amygdala|basal_ganglion|blood|blood_plasma|blood_platelet|brain|colon|eye|forebrain|gastrointestinal_tract|heart|kidney|large_intestine|liver|lung|midbrain,14,2,2,28.944444444444443,30.0,33,21,521,0,1,27,0
9126,15,15,15,adrenal_gland|amygdala|basal_ganglion|blood|bone|brain|colon|forebrain|gastrointestinal_tract|heart|kidney|large_intestine|liver|lung|midbrain,11,2,2,59.53333333333333,60.0,65,51,893,1,1,41,0
9127,1,1,1,heart,0,1,0,1.0,1.0,1,1,1,2,1,4,0
9131,19,19,19,adipose_tissue|adrenal_gland|amygdala|artery|basal_ganglion|blood|blood_plasma|blood_platelet|brain|colon|eye|forebrain|gastrointestinal_tract|heart|kidney|large_intestine|liver|lung|midbrain,15,2,2,40.68421052631579,40.0,49,26,773,0,1,41,0
9133,13,13,13,aorta|artery|blood|blood_plasma|brain|colon|eye|gastrointestinal_tract|heart|kidney|large_intestine|liver|lung,10,2,1,15.076923076923077,17.0,18,9,196,1,1,12,0
9134,13,13,13,amygdala|basal_ganglion|blood|brain|colon|forebrain|gastrointestinal_tract|heart|kidney|large_intestine|liver|lung|midbrain,9,2,2,9.692307692307692,9.0,11,9,126,0,1,0,1
9140,13,13,13,adrenal_gland|amygdala|basal_ganglion|blood|brain|eye|forebrain|gastrointestinal_tract|heart|kidney|liver|lung|midbrain,9,2,2,19.46153846153846,20.0,25,15,253,0,1,11,0
9145,23,23,23,adipose_tissue|adrenal_cortex|adrenal_gland|amygdala|aorta|artery|astrocyte|basal_ganglion|blood|blood_plasma|blood_platelet|bone|brain|colon|eye|forebrain|gastrointestinal_tract|heart|kidney|large_intestine|liver|lung|midbrain,19,2,2,1.9565217391304348,2.0,2,1,45,2,1,7,0
9146,17,17,17,adipose_tissue|adrenal_gland|astrocyte|basophil|blood|blood_plasma|blood_platelet|brain|colon|eye|forebrain|gastrointestinal_tract|heart|kidney|large_intestine|liver|lung,14,2,1,87.23529411764706,94.0,111,34,1483,1,1,49,0
9149,1,1,1,kidney,0,1,0,33.0,33.0,33,33,33,0,1,47,0
9156,16,16,16,adrenal_gland|aorta|artery|basophil|blood|blood_plasma|blood_platelet|brain|colon|forebrain|gastrointestinal_tract|heart|kidney|large_intestine|liver|lung,13,2,1,13.9375,15.0,18,7,223,0,1,36,0
9162,7,7,7,amygdala|basal_ganglion|brain|eye|forebrain|lung|midbrain,5,0,2,7.285714285714286,7.0,9,6,51,3,1,9,0
9170,10,10,10,blood|blood_plasma|blood_platelet|bone|brain|colon|gastrointestinal_tract|heart|kidney|large_intestine,8,2,0,5.2,5.0,6,4,52,0,1,2,0
9173,9,9,9,blood|brain|colon|gastrointestinal_tract|heart|kidney|large_intestine|liver|lung,6,2,1,6.777777777777778,7.0,8,6,61,0,1,0,1
9175,3,3,3,brain|heart|liver,2,1,0,8.0,8.0,8,8,24,3,1,66,0
9181,21,21,21,adrenal_gland|amygdala|aorta|artery|astrocyte|basal_ganglion|blood|blood_plasma|blood_platelet|bone|brain|colon|eye|forebrain|gastrointestinal_tract|heart|kidney|large_intestine|liver|lung|midbrain,17,2,2,26.857142857142858,29.0,33,16,564,4,1,74,0
9183,20,20,20,adrenal_cortex|adrenal_gland|amygdala|aorta|artery|basal_ganglion|blood|blood_plasma|bone|brain|colon|eye|forebrain|gastrointestinal_tract|heart|kidney|large_intestine|liver|lung|midbrain,16,2,2,14.6,15.0,19,8,292,0,1,37,0
9184,20,20,20,adrenal_cortex|adrenal_gland|amygdala|aorta|artery|basal_ganglion|blood|blood_plasma|bone|brain|colon|eye|forebrain|gastrointestinal_tract|heart|kidney|large_intestine|liver|lung|midbrain,16,2,2,32.05,33.0,41,16,641,2,1,17,0
9191,22,22,22,adipose_tissue|adrenal_cortex|adrenal_gland|amygdala|aorta|artery|astrocyte|basal_ganglion|blood|blood_plasma|blood_platelet|brain|colon|eye|forebrain|gastrointestinal_tract|heart|kidney|large_intestine|liver|lung|midbrain,18,2,2,15.954545454545455,15.5,19,11,351,1,1,16,0
9201,5,5,5,amygdala|basal_ganglion|brain|forebrain|midbrain,4,0,1,6.2,6.0,7,6,31,1,1,2,0
9211,1,1,1,brain,1,0,0,2.0,2.0,2,2,2,0,1,14,0
9212,4,4,4,brain|colon|gastrointestinal_tract|large_intestine,4,0,0,65.0,64.0,69,63,260,1,1,77,0
9213,20,20,20,adipose_tissue|amygdala|aorta|artery|astrocyte|basal_ganglion|blood|blood_plasma|blood_platelet|brain|colon|eye|forebrain|gastrointestinal_tract|heart|kidney|large_intestine|liver|lung|midbrain,16,2,2,7.6,7.5,10,4,152,0,1,16,0
9217,11,11,11,blood|blood_plasma|brain|colon|eye|gastrointestinal_tract|heart|kidney|large_intestine|liver|lung,8,2,1,37.09090909090909,37.0,41,34,408,1,1,54,0
9218,22,22,22,adipose_tissue|adrenal_gland|amygdala|aorta|artery|astrocyte|basal_ganglion|blood|blood_plasma|blood_platelet|bone|brain|colon|eye|forebrain|gastrointestinal_tract|heart|kidney|large_intestine|liver|lung|midbrain,18,2,2,64.63636363636364,67.0,79,38,1422,2,1,40,0
9219,18,18,18,adrenal_cortex|adrenal_gland|amygdala|basal_ganglion|blood|blood_plasma|blood_platelet|bone|brain|colon|forebrain|gastrointestinal_tract|heart|kidney|large_intestine|liver|lung|midbrain,14,2,2,65.83333333333333,68.5,78,49,1185,3,1,15,0
9220,22,22,22,adipose_tissue|adrenal_gland|amygdala|aorta|artery|astrocyte|basal_ganglion|blood|blood_plasma|blood_platelet|bone|brain|colon|eye|forebrain|gastrointestinal_tract|heart|kidney|large_intestine|liver|lung|midbrain,18,2,2,3.0,3.0,5,1,66,1,1,7,0
9221,3,3,3,blood|heart|kidney,1,2,0,49.333333333333336,49.0,51,48,148,1,1,17,0
9230,20,20,20,adrenal_gland|amygdala|aorta|artery|basal_ganglion|blood|blood_plasma|blood_platelet|bone|brain|colon|eye|forebrain|gastrointestinal_tract|heart|kidney|large_intestine|liver|lung|midbrain,16,2,2,20.05,20.5,25,16,401,2,1,44,0
9244,4,4,4,gastrointestinal_tract|heart|large_intestine|lung,2,1,1,3.0,3.0,3,3,12,1,1,30,0
9252,18,18,18,adrenal_cortex|adrenal_gland|amygdala|basal_ganglion|blood|blood_plasma|blood_platelet|bone|brain|colon|forebrain|gastrointestinal_tract|heart|kidney|large_intestine|liver|lung|midbrain,14,2,2,39.44444444444444,40.0,47,29,710,2,1,81,0
9253,23,23,23,adipose_tissue|adrenal_cortex|adrenal_gland|amygdala|aorta|artery|astrocyte|basal_ganglion|blood|blood_plasma|blood_platelet|bone|brain|colon|eye|forebrain|gastrointestinal_tract|heart|kidney|large_intestine|liver|lung|midbrain,19,2,2,14.347826086956522,15.0,16,9,330,2,1,19,0
9255,24,24,24,adipose_tissue|adrenal_cortex|adrenal_gland|amygdala|aorta|artery|astrocyte|basal_ganglion|basophil|blood|blood_plasma|blood_platelet|bone|brain|colon|eye|forebrain|gastrointestinal_tract|heart|kidney|large_intestine|liver|lung|midbrain,20,2,2,16.125,17.0,22,7,387,0,1,23,0
9261,17,17,17,amygdala|basal_ganglion|blood|blood_plasma|blood_platelet|bone|brain|colon|eye|forebrain|gastrointestinal_tract|heart|kidney|large_intestine|liver|lung|midbrain,13,2,2,36.23529411764706,39.0,42,29,616,1,1,57,0
9262,22,22,22,adipose_tissue|adrenal_cortex|adrenal_gland|amygdala|aorta|artery|astrocyte|basal_ganglion|blood|blood_plasma|blood_platelet|brain|colon|eye|forebrain|gastrointestinal_tract|heart|kidney|large_intestine|liver|lung|midbrain,18,2,2,4.954545454545454,5.0,6,4,109,0,1,33,0
9263,10,10,10,adrenal_cortex|astrocyte|blood|brain|colon|gastrointestinal_tract|kidney|large_intestine|liver|lung,8,1,1,3.0,3.0,3,3,30,0,1,35,0
9270,22,22,22,adipose_tissue|adrenal_gland|amygdala|aorta|artery|astrocyte|basal_ganglion|blood|blood_plasma|blood_platelet|bone|brain|colon|eye|forebrain|gastrointestinal_tract|heart|kidney|large_intestine|liver|lung|midbrain,18,2,2,7.045454545454546,7.0,10,5,155,1,1,88,0
9271,5,5,5,brain|gastrointestinal_tract|heart|kidney|liver,3,2,0,3.2,3.0,4,3,16,1,1,31,0
9282,13,13,13,adrenal_cortex|adrenal_gland|blood|brain|colon|eye|forebrain|gastrointestinal_tract|heart|kidney|large_intestine|liver|lung,10,2,1,33.69230769230769,35.0,37,28,438,1,1,57,0
9290,3,3,3,basal_ganglion|brain|forebrain,3,0,0,2.0,2.0,2,2,6,0,1,31,0
9308,1,1,1,blood,1,0,0,1.0,1.0,1,1,1,0,1,0,1
9311,1,1,1,brain,1,0,0,8.0,8.0,8,8,8,0,1,1,0
9314,1,1,1,heart,0,1,0,22.0,22.0,22,22,22,1,1,75,0
9315,2,2,2,astrocyte|brain,2,0,0,4.5,4.5,6,3,9,1,1,0,1
9319,1,1,1,blood,1,0,0,32.0,32.0,32,32,32,0,1,23,0
9324,18,18,18,adipose_tissue|adrenal_gland|amygdala|basal_ganglion|blood|blood_plasma|bone|brain|colon|eye|forebrain|gastrointestinal_tract|heart|kidney|large_intestine|liver|lung|midbrain,14,2,2,7.277777777777778,7.0,9,5,131,0,1,8,0
9341,23,23,23,adipose_tissue|adrenal_gland|amygdala|aorta|artery|astrocyte|basal_ganglion|basophil|blood|blood_plasma|blood_platelet|bone|brain|colon|eye|forebrain|gastrointestinal_tract|heart|kidney|large_intestine|liver|lung|midbrain,19,2,2,16.869565217391305,19.0,21,6,388,1,1,42,0
9344,24,24,24,adipose_tissue|adrenal_cortex|adrenal_gland|amygdala|aorta|artery|astrocyte|basal_ganglion|basophil|blood|blood_plasma|blood_platelet|bone|brain|colon|eye|forebrain|gastrointestinal_tract|heart|kidney|large_intestine|liver|lung|midbrain,20,2,2,8.166666666666666,9.0,10,4,196,1,1,69,0
9353,23,23,23,adipose_tissue|adrenal_cortex|adrenal_gland|amygdala|aorta|artery|astrocyte|basal_ganglion|blood|blood_plasma|blood_platelet|bone|brain|colon|eye|forebrain|gastrointestinal_tract|heart|kidney|large_intestine|liver|lung|midbrain,19,2,2,4.521739130434782,4.0,7,3,104,0,1,53,0
9361,23,23,23,adipose_tissue|adrenal_cortex|adrenal_gland|amygdala|aorta|artery|astrocyte|basal_ganglion|blood|blood_plasma|blood_platelet|bone|brain|colon|eye|forebrain|gastrointestinal_tract|heart|kidney|large_intestine|liver|lung|midbrain,19,2,2,16.47826086956522,17.0,24,7,379,1,1,41,0
9367,20,20,20,adrenal_gland|amygdala|aorta|artery|basal_ganglion|blood|blood_plasma|blood_platelet|bone|brain|colon|eye|forebrain|gastrointestinal_tract|heart|kidney|large_intestine|liver|lung|midbrain,16,2,2,2.85,3.0,5,2,57,0,1,27,0
9368,24,24,24,adipose_tissue|adrenal_cortex|adrenal_gland|amygdala|aorta|artery|astrocyte|basal_ganglion|basophil|blood|blood_plasma|blood_platelet|bone|brain|colon|eye|forebrain|gastrointestinal_tract|heart|kidney|large_intestine|liver|lung|midbrain,20,2,2,24.291666666666668,23.0,35,14,583,0,1,64,0
9369,11,11,11,adrenal_gland|aorta|artery|bone|brain|eye|gastrointestinal_tract|heart|kidney|liver|lung,8,2,1,3.0,3.0,6,2,33,1,1,2,0
9370,3,3,3,adipose_tissue|blood|blood_plasma,3,0,0,5.0,5.0,6,4,15,0,1,78,0
9371,20,20,20,adrenal_cortex|adrenal_gland|amygdala|aorta|artery|basal_ganglion|blood|blood_plasma|bone|brain|colon|eye|forebrain|gastrointestinal_tract|heart|kidney|large_intestine|liver|lung|midbrain,16,2,2,10.3,10.0,14,7,206,2,1,27,0
9372,23,23,23,adipose_tissue|adrenal_gland|amygdala|aorta|artery|astrocyte|basal_ganglion|basophil|blood|blood_plasma|blood_platelet|bone|brain|colon|eye|forebrain|gastrointestinal_tract|heart|kidney|large_intestine|liver|lung|midbrain,19,2,2,23.130434782608695,25.0,29,12,532,0,1,24,0
9378,1,1,1,brain,1,0,0,12.0,12.0,12,12,12,1,1,43,0
9379,8,8,8,amygdala|basal_ganglion|brain|forebrain|kidney|liver|lung|midbrain,5,1,2,1.625,1.0,4,1,13,1,1,19,0
9381,4,4,4,brain|heart|kidney|liver,2,2,0,1.0,1.0,1,1,4,1,1,18,0
9388,12,12,12,adrenal_cortex|adrenal_gland|artery|blood|brain|colon|gastrointestinal_tract|heart|kidney|large_intestine|liver|lung,9,2,1,4.0,4.0,5,3,48,0,1,29,0
9401,8,8,8,blood|brain|colon|gastrointestinal_tract|heart|large_intestine|liver|lung,6,1,1,9.25,9.0,11,9,74,1,1,22,0
9409,4,4,4,brain|heart|kidney|liver,2,2,0,4.0,4.0,4,4,16,0,1,25,0
9412,15,15,15,adrenal_gland|amygdala|basal_ganglion|blood|brain|colon|eye|forebrain|gastrointestinal_tract|heart|kidney|large_intestine|liver|lung|midbrain,11,2,2,39.2,42.0,44,31,588,0,1,40,0
9421,1,1,1,heart,0,1,0,16.0,16.0,16,16,16,0,1,71,0
9423,5,5,5,blood|brain|colon|gastrointestinal_tract|large_intestine,5,0,0,1.6,2.0,2,1,8,2,1,16,0
9429,9,9,9,blood|brain|colon|gastrointestinal_tract|heart|kidney|large_intestine|liver|lung,6,2,1,6.0,6.0,6,6,54,0,1,24,0
9440,13,13,13,adrenal_cortex|adrenal_gland|blood|brain|colon|eye|forebrain|gastrointestinal_tract|heart|kidney|large_intestine|liver|lung,10,2,1,33.0,35.0,36,26,429,0,1,59,0
9444,20,20,20,adipose_tissue|adrenal_gland|amygdala|artery|basal_ganglion|blood|blood_plasma|blood_platelet|bone|brain|colon|eye|forebrain|gastrointestinal_tract|heart|kidney|large_intestine|liver|lung|midbrain,16,2,2,26.85,30.0,35,17,537,0,1,7,0
9445,22,22,22,adipose_tissue|adrenal_cortex|adrenal_gland|amygdala|aorta|artery|astrocyte|basal_ganglion|blood|blood_plasma|blood_platelet|brain|colon|eye|forebrain|gastrointestinal_tract|heart|kidney|large_intestine|liver|lung|midbrain,18,2,2,7.954545454545454,8.0,11,4,175,1,1,36,0
9447,2,2,2,blood|gastrointestinal_tract,2,0,0,4.0,4.0,4,4,8,0,1,68,0
9448,23,23,23,adipose_tissue|adrenal_cortex|adrenal_gland|amygdala|aorta|artery|basal_ganglion|basophil|blood|blood_plasma|blood_platelet|bone|brain|colon|eye|forebrain|gastrointestinal_tract|heart|kidney|large_intestine|liver|lung|midbrain,19,2,2,26.869565217391305,27.0,34,13,618,0,1,40,0
9451,24,24,24,adipose_tissue|adrenal_cortex|adrenal_gland|amygdala|aorta|artery|astrocyte|basal_ganglion|basophil|blood|blood_plasma|blood_platelet|bone|brain|colon|eye|forebrain|gastrointestinal_tract|heart|kidney|large_intestine|liver|lung|midbrain,20,2,2,9.458333333333334,10.0,11,5,227,0,1,91,0
9463,16,16,16,amygdala|basal_ganglion|blood|blood_plasma|blood_platelet|brain|colon|eye|forebrain|gastrointestinal_tract|heart|kidney|large_intestine|liver|lung|midbrain,12,2,2,81.125,80.5,105,63,1298,2,1,63,0
9464,22,22,22,adipose_tissue|adrenal_cortex|adrenal_gland|amygdala|artery|astrocyte|basal_ganglion|blood|blood_plasma|blood_platelet|bone|brain|colon|eye|forebrain|gastrointestinal_tract|heart|kidney|large_intestine|liver|lung|midbrain,18,2,2,9.454545454545455,9.0,12,7,208,0,1,65,0
9466,9,9,9,adrenal_gland|blood|brain|colon|gastrointestinal_tract|heart|kidney|large_intestine|lung,6,2,1,3.2222222222222223,4.0,5,2,29,1,1,0,1
9469,7,7,7,aorta|artery|brain|gastrointestinal_tract|heart|large_intestine|lung,5,1,1,5.714285714285714,6.0,7,5,40,0,1,20,0
9474,21,21,21,adrenal_cortex|adrenal_gland|amygdala|aorta|artery|basal_ganglion|blood|blood_plasma|blood_platelet|bone|brain|colon|eye|forebrain|gastrointestinal_tract|heart|kidney|large_intestine|liver|lung|midbrain,17,2,2,26.476190476190474,28.0,34,12,556,3,1,35,0
9475,13,13,13,amygdala|basal_ganglion|blood|brain|colon|forebrain|gastrointestinal_tract|heart|kidney|large_intestine|liver|lung|midbrain,9,2,2,18.307692307692307,18.0,21,16,238,1,1,72,0
9479,23,23,23,adipose_tissue|adrenal_cortex|adrenal_gland|amygdala|aorta|artery|basal_ganglion|basophil|blood|blood_plasma|blood_platelet|bone|brain|colon|eye|forebrain|gastrointestinal_tract|heart|kidney|large_intestine|liver|lung|midbrain,19,2,2,23.130434782608695,23.0,28,15,532,1,1,22,0
9480,1,1,1,kidney,0,1,0,1.0,1.0,1,1,1,1,1,47,0
9495,2,2,2,blood|brain,2,0,0,18.0,18.0,18,18,36,0,1,24,0
9500,24,24,24,adipose_tissue|adrenal_cortex|adrenal_gland|amygdala|aorta|artery|astrocyte|basal_ganglion|basophil|blood|blood_plasma|blood_platelet|bone|brain|colon|eye|forebrain|gastrointestinal_tract|heart|kidney|large_intestine|liver|lung|midbrain,20,2,2,39.333333333333336,41.0,54,13,944,2,1,22,0
9510,8,8,8,adrenal_cortex|adrenal_gland|brain|gastrointestinal_tract|heart|kidney|liver|lung,5,2,1,3.25,3.0,5,2,26,1,1,4,0
9516,22,22,22,adipose_tissue|adrenal_gland|amygdala|aorta|artery|astrocyte|basal_ganglion|blood|blood_plasma|blood_platelet|bone|brain|colon|eye|forebrain|gastrointestinal_tract|heart|kidney|large_intestine|liver|lung|midbrain,18,2,2,15.863636363636363,16.5,20,8,349,1,1,27,0
9517,13,13,13,amygdala|basal_ganglion|blood|brain|colon|forebrain|gastrointestinal_tract|heart|kidney|large_intestine|liver|lung|midbrain,9,2,2,5.846153846153846,6.0,6,5,76,1,1,36,0
9519,14,14,14,adrenal_gland|basal_ganglion|blood|blood_plasma|blood_platelet|brain|colon|forebrain|gastrointestinal_tract|heart|kidney|large_intestine|liver|lung,11,2,1,13.642857142857142,14.0,16,11,191,0,1,0,1
9521,13,13,13,blood|blood_plasma|blood_platelet|bone|brain|colon|eye|gastrointestinal_tract|heart|kidney|large_intestine|liver|lung,10,2,1,12.923076923076923,14.0,16,6,168,0,1,28,0
9525,21,21,21,adipose_tissue|adrenal_cortex|adrenal_gland|amygdala|aorta|artery|basal_ganglion|blood|blood_plasma|blood_platelet|brain|colon|eye|forebrain|gastrointestinal_tract|heart|kidney|large_intestine|liver|lung|midbrain,17,2,2,18.952380952380953,19.0,23,14,398,1,1,55,0
9527,12,12,12,amygdala|basal_ganglion|blood|blood_plasma|blood_platelet|brain|forebrain|heart|kidney|liver|lung|midbrain,8,2,2,14.0,13.5,16,12,168,0,1,21,0
9531,20,20,20,adipose_tissue|adrenal_gland|amygdala|aorta|artery|basal_ganglion|blood|blood_plasma|blood_platelet|brain|colon|eye|forebrain|gastrointestinal_tract|heart|kidney|large_intestine|liver|lung|midbrain,16,2,2,141.15,139.5,174,96,2823,0,1,17,0
9536,18,18,18,adipose_tissue|adrenal_gland|astrocyte|basal_ganglion|basophil|blood|blood_plasma|bone|brain|colon|eye|forebrain|gastrointestinal_tract|heart|kidney|large_intestine|liver|lung,15,2,1,7.277777777777778,7.0,9,4,131,2,1,14,0
9540,6,6,6,blood|blood_plasma|gastrointestinal_tract|kidney|liver|lung,4,1,1,3.8333333333333335,4.0,4,3,23,0,1,25,0
9545,21,21,21,adipose_tissue|adrenal_gland|amygdala|aorta|artery|basal_ganglion|basophil|blood|blood_plasma|blood_platelet|brain|colon|eye|forebrain|gastrointestinal_tract|heart|kidney|large_intestine|liver|lung|midbrain,17,2,2,3.619047619047619,4.0,4,1,76,1,1,23,0
9546,23,23,23,adipose_tissue|adrenal_cortex|adrenal_gland|amygdala|aorta|artery|astrocyte|basal_ganglion|blood|blood_plasma|blood_platelet|bone|brain|colon|eye|forebrain|gastrointestinal_tract|heart|kidney|large_intestine|liver|lung|midbrain,19,2,2,6.608695652173913,7.0,7,4,152,2,1,8,0
9551,16,16,16,amygdala|basal_ganglion|blood|blood_plasma|blood_platelet|brain|colon|eye|forebrain|gastrointestinal_tract|heart|kidney|large_intestine|liver|lung|midbrain,12,2,2,22.25,23.0,23,20,356,0,1,19,0
9557,19,19,19,adrenal_cortex|adrenal_gland|amygdala|basal_ganglion|blood|blood_plasma|blood_platelet|bone|brain|colon|eye|forebrain|gastrointestinal_tract|heart|kidney|large_intestine|liver|lung|midbrain,15,2,2,13.0,15.0,18,5,247,1,1,28,0
9559,12,12,12,amygdala|basal_ganglion|blood|blood_plasma|blood_platelet|brain|forebrain|heart|kidney|liver|lung|midbrain,8,2,2,37.416666666666664,38.5,41,30,449,1,1,25,0
9563,12,12,12,adrenal_gland|blood|blood_plasma|brain|colon|forebrain|gastrointestinal_tract|heart|kidney|large_intestine|liver|lung,9,2,1,5.0,5.0,5,5,60,1,1,0,1
9564,17,17,17,adipose_tissue|artery|basophil|blood|blood_plasma|blood_platelet|bone|brain|colon|eye|forebrain|gastrointestinal_tract|heart|kidney|large_intestine|liver|lung,14,2,1,39.05882352941177,42.0,46,23,664,0,1,33,0
9572,20,20,20,adipose_tissue|adrenal_gland|aorta|artery|astrocyte|basophil|blood|blood_plasma|blood_platelet|bone|brain|colon|eye|forebrain|gastrointestinal_tract|heart|kidney|large_intestine|liver|lung,17,2,1,9.55,10.0,11,4,191,3,1,76,0
9575,15,15,15,amygdala|basal_ganglion|blood|bone|brain|colon|eye|forebrain|gastrointestinal_tract|heart|kidney|large_intestine|liver|lung|midbrain,11,2,2,15.733333333333333,16.0,17,13,236,1,1,81,0
9577,21,21,21,adipose_tissue|adrenal_gland|amygdala|aorta|artery|basal_ganglion|blood|blood_plasma|blood_platelet|bone|brain|colon|eye|forebrain|gastrointestinal_tract|heart|kidney|large_intestine|liver|lung|midbrain,17,2,2,16.238095238095237,17.0,19,11,341,3,1,52,0
9585,2,2,2,brain|kidney,1,1,0,11.5,11.5,12,11,23,1,1,37,0
9587,4,4,4,colon|gastrointestinal_tract|large_intestine|lung,3,0,1,10.5,10.5,11,10,42,1,1,19,0
9588,21,21,21,adipose_tissue|adrenal_cortex|adrenal_gland|amygdala|artery|astrocyte|basal_ganglion|blood|blood_plasma|blood_platelet|brain|colon|eye|forebrain|gastrointestinal_tract|heart|kidney|large_intestine|liver|lung|midbrain,17,2,2,27.80952380952381,28.0,35,17,584,0,1,15,0
9604,21,21,21,adipose_tissue|adrenal_cortex|adrenal_gland|amygdala|aorta|artery|basal_ganglion|blood|blood_plasma|bone|brain|colon|eye|forebrain|gastrointestinal_tract|heart|kidney|large_intestine|liver|lung|midbrain,17,2,2,16.285714285714285,17.0,20,7,342,1,1,59,0
9611,24,24,24,adipose_tissue|adrenal_cortex|adrenal_gland|amygdala|aorta|artery|astrocyte|basal_ganglion|basophil|blood|blood_plasma|blood_platelet|bone|brain|colon|eye|forebrain|gastrointestinal_tract|heart|kidney|large_intestine|liver|lung|midbrain,20,2,2,80.41666666666667,81.0,101,30,1930,0,1,69,0
9612,23,23,23,adipose_tissue|adrenal_cortex|adrenal_gland|amygdala|aorta|artery|astrocyte|basal_ganglion|blood|blood_plasma|blood_platelet|bone|brain|colon|eye|forebrain|gastrointestinal_tract|heart|kidney|large_intestine|liver|lung|midbrain,19,2,2,70.21739130434783,72.0,82,48,1615,1,1,53,0
9616,22,22,22,adipose_tissue|adrenal_cortex|adrenal_gland|amygdala|aorta|artery|astrocyte|basal_ganglion|blood|blood_plasma|blood_platelet|brain|colon|eye|forebrain|gastrointestinal_tract|heart|kidney|large_intestine|liver|lung|midbrain,18,2,2,22.818181818181817,23.5,28,11,502,2,1,28,0
9618,23,23,23,adipose_tissue|adrenal_cortex|adrenal_gland|amygdala|aorta|artery|basal_ganglion|basophil|blood|blood_plasma|blood_platelet|bone|brain|colon|eye|forebrain|gastrointestinal_tract|heart|kidney|large_intestine|liver|lung|midbrain,19,2,2,47.95652173913044,50.0,60,18,1103,4,1,31,0
9619,19,19,19,adipose_tissue|adrenal_gland|amygdala|artery|basal_ganglion|blood|blood_plasma|blood_platelet|brain|colon|eye|forebrain|gastrointestinal_tract|heart|kidney|large_intestine|liver|lung|midbrain,15,2,2,3.0,3.0,4,2,57,1,1,64,0
9620,1,1,1,brain,1,0,0,4.0,4.0,4,4,4,1,1,13,0
9625,1,1,1,brain,1,0,0,13.0,13.0,13,13,13,1,1,0,1
9627,9,9,9,amygdala|basal_ganglion|brain|forebrain|heart|kidney|liver|lung|midbrain,5,2,2,17.333333333333332,17.0,19,16,156,1,1,21,0
9635,1,1,1,eye,1,0,0,1.0,1.0,1,1,1,0,1,8,0
9639,3,3,3,brain|kidney|lung,1,1,1,4.0,4.0,4,4,12,1,1,26,0
9641,6,6,6,blood|colon|gastrointestinal_tract|kidney|large_intestine|lung,4,1,1,165.83333333333334,168.0,172,158,995,0,1,50,0
9646,21,21,21,adrenal_cortex|adrenal_gland|amygdala|aorta|artery|basal_ganglion|blood|blood_plasma|blood_platelet|bone|brain|colon|eye|forebrain|gastrointestinal_tract|heart|kidney|large_intestine|liver|lung|midbrain,17,2,2,29.285714285714285,29.0,38,17,615,2,1,76,0
9648,17,17,17,adrenal_gland|amygdala|basal_ganglion|blood|blood_plasma|blood_platelet|brain|colon|eye|forebrain|gastrointestinal_tract|heart|kidney|large_intestine|liver|lung|midbrain,13,2,2,10.823529411764707,11.0,11,9,184,0,1,28,0
9653,22,22,22,adipose_tissue|adrenal_cortex|adrenal_gland|amygdala|aorta|artery|astrocyte|basal_ganglion|blood|blood_plasma|bone|brain|colon|eye|forebrain|gastrointestinal_tract|heart|kidney|large_intestine|liver|lung|midbrain,18,2,2,2.227272727272727,2.0,4,1,49,2,1,2,0
9655,22,22,22,adipose_tissue|adrenal_gland|amygdala|aorta|artery|basal_ganglion|basophil|blood|blood_plasma|blood_platelet|bone|brain|colon|eye|forebrain|gastrointestinal_tract|heart|kidney|large_intestine|liver|lung|midbrain,18,2,2,3.5454545454545454,3.0,5,2,78,0,1,30,0
9657,15,15,15,adrenal_gland|amygdala|basal_ganglion|blood|brain|colon|eye|forebrain|gastrointestinal_tract|heart|kidney|large_intestine|liver|lung|midbrain,11,2,2,67.4,68.0,82,54,1011,0,1,36,0
9666,5,5,5,brain|heart|kidney|liver|lung,2,2,1,36.0,36.0,36,36,180,0,1,27,0
9669,1,1,1,brain,1,0,0,19.0,19.0,19,19,19,0,1,27,0
9670,20,20,20,adipose_tissue|amygdala|artery|astrocyte|basal_ganglion|blood|blood_plasma|blood_platelet|bone|brain|colon|eye|forebrain|gastrointestinal_tract|heart|kidney|large_intestine|liver|lung|midbrain,16,2,2,11.8,11.0,18,6,236,0,1,7,0
9682,5,5,5,brain|heart|kidney|liver|lung,2,2,1,32.0,32.0,32,32,160,0,1,62,0
9683,20,20,20,adrenal_gland|amygdala|aorta|artery|basal_ganglion|blood|blood_plasma|blood_platelet|bone|brain|colon|eye|forebrain|gastrointestinal_tract|heart|kidney|large_intestine|liver|lung|midbrain,16,2,2,3.85,3.5,6,3,77,1,1,29,0
9690,19,19,19,adrenal_gland|amygdala|aorta|artery|basal_ganglion|blood|blood_plasma|bone|brain|colon|eye|forebrain|gastrointestinal_tract|heart|kidney|large_intestine|liver|lung|midbrain,15,2,2,20.894736842105264,21.0,24,17,397,0,1,16,0
9693,20,20,20,adrenal_gland|amygdala|aorta|artery|basal_ganglion|blood|blood_plasma|blood_platelet|bone|brain|colon|eye|forebrain|gastrointestinal_tract|heart|kidney|large_intestine|liver|lung|midbrain,16,2,2,34.1,34.0,44,21,682,0,1,66,0
9695,20,20,20,adrenal_gland|amygdala|aorta|artery|basal_ganglion|blood|blood_plasma|blood_platelet|bone|brain|colon|eye|forebrain|gastrointestinal_tract|heart|kidney|large_intestine|liver|lung|midbrain,16,2,2,8.8,9.0,10,6,176,0,1,49,0
9696,13,13,13,amygdala|basal_ganglion|blood|brain|colon|forebrain|gastrointestinal_tract|heart|kidney|large_intestine|liver|lung|midbrain,9,2,2,2.0,2.0,2,2,26,1,1,28,0
9702,18,18,18,adrenal_cortex|adrenal_gland|amygdala|artery|basal_ganglion|blood|bone|brain|colon|eye|forebrain|gastrointestinal_tract|heart|kidney|large_intestine|liver|lung|midbrain,14,2,2,32.333333333333336,34.5,41,21,582,1,1,27,0
9706,5,5,5,brain|heart|kidney|liver|lung,2,2,1,7.6,8.0,8,7,38,0,1,29,0
9719,5,5,5,brain|gastrointestinal_tract|heart|liver|lung,3,1,1,1.0,1.0,1,1,5,1,1,10,0
9727,20,20,20,adrenal_gland|amygdala|aorta|artery|basal_ganglion|blood|blood_plasma|blood_platelet|bone|brain|colon|eye|forebrain|gastrointestinal_tract|heart|kidney|large_intestine|liver|lung|midbrain,16,2,2,4.0,4.0,4,4,80,1,1,37,0
9732,8,8,8,brain|colon|gastrointestinal_tract|heart|kidney|large_intestine|liver|lung,5,2,1,6.625,7.0,7,6,53,2,1,22,0
9734,8,8,8,brain|colon|gastrointestinal_tract|heart|kidney|large_intestine|liver|lung,5,2,1,38.75,38.5,41,37,310,1,1,72,0
9736,20,20,20,adipose_tissue|adrenal_cortex|adrenal_gland|amygdala|artery|basal_ganglion|blood|blood_plasma|bone|brain|colon|eye|forebrain|gastrointestinal_tract|heart|kidney|large_intestine|liver|lung|midbrain,16,2,2,11.25,11.5,15,5,225,0,1,25,0
9757,18,18,18,adrenal_cortex|adrenal_gland|amygdala|basal_ganglion|blood|blood_plasma|blood_platelet|bone|brain|colon|forebrain|gastrointestinal_tract|heart|kidney|large_intestine|liver|lung|midbrain,14,2,2,25.5,25.0,30,20,459,1,1,37,0
9759,5,5,5,blood|brain|gastrointestinal_tract|heart|kidney,3,2,0,96.8,98.0,99,93,484,1,1,84,0
9765,13,13,13,adrenal_gland|amygdala|basal_ganglion|blood|brain|eye|forebrain|gastrointestinal_tract|heart|kidney|liver|lung|midbrain,9,2,2,6.615384615384615,7.0,7,6,86,0,1,18,0
9767,18,18,18,adrenal_cortex|adrenal_gland|amygdala|basal_ganglion|blood|blood_plasma|blood_platelet|bone|brain|colon|forebrain|gastrointestinal_tract|heart|kidney|large_intestine|liver|lung|midbrain,14,2,2,11.0,11.0,12,9,198,3,1,29,0
9771,6,6,6,brain|gastrointestinal_tract|heart|kidney|liver|lung,3,2,1,3.0,3.0,3,3,18,1,1,9,0
9775,16,16,16,amygdala|basal_ganglion|blood|blood_plasma|blood_platelet|brain|colon|eye|forebrain|gastrointestinal_tract|heart|kidney|large_intestine|liver|lung|midbrain,12,2,2,126.125,132.0,162,73,2018,1,1,63,0
9785,15,15,15,adrenal_gland|amygdala|aorta|artery|basal_ganglion|blood|brain|colon|forebrain|gastrointestinal_tract|heart|kidney|large_intestine|liver|lung,12,2,1,69.0,72.0,83,43,1035,0,1,26,0
9788,6,6,6,brain|gastrointestinal_tract|heart|kidney|liver|lung,3,2,1,7.0,7.0,7,7,42,3,1,25,0
9793,15,15,15,adrenal_gland|amygdala|basal_ganglion|blood|bone|brain|colon|forebrain|gastrointestinal_tract|heart|kidney|large_intestine|liver|lung|midbrain,11,2,2,36.13333333333333,37.0,40,27,542,0,1,27,0
9794,17,17,17,adrenal_gland|amygdala|aorta|artery|basal_ganglion|blood|brain|colon|eye|forebrain|gastrointestinal_tract|heart|kidney|large_intestine|liver|lung|midbrain,13,2,2,16.647058823529413,17.0,19,11,283,1,1,64,0
9804,16,16,16,adrenal_gland|amygdala|basal_ganglion|blood|blood_plasma|brain|colon|eye|forebrain|gastrointestinal_tract|heart|kidney|large_intestine|liver|lung|midbrain,12,2,2,18.75,19.0,21,15,300,0,1,21,0
9806,1,1,1,brain,1,0,0,1.0,1.0,1,1,1,1,1,2,0
9807,9,9,9,blood|brain|colon|gastrointestinal_tract|heart|kidney|large_intestine|liver|lung,6,2,1,7.111111111111111,7.0,8,7,64,1,1,22,0
9810,21,21,21,adrenal_cortex|adrenal_gland|amygdala|aorta|artery|basal_ganglion|blood|blood_plasma|blood_platelet|bone|brain|colon|eye|forebrain|gastrointestinal_tract|heart|kidney|large_intestine|liver|lung|midbrain,17,2,2,23.666666666666668,23.0,28,18,497,1,1,68,0
9811,1,1,1,brain,1,0,0,3.0,3.0,3,3,3,0,1,31,0
9819,18,18,18,adipose_tissue|adrenal_cortex|adrenal_gland|amygdala|aorta|artery|basal_ganglion|blood|blood_plasma|brain|eye|forebrain|gastrointestinal_tract|heart|kidney|liver|lung|midbrain,14,2,2,1.0,1.0,1,1,18,4,1,0,1
9821,23,23,23,adipose_tissue|adrenal_cortex|adrenal_gland|amygdala|aorta|artery|basal_ganglion|basophil|blood|blood_plasma|blood_platelet|bone|brain|colon|eye|forebrain|gastrointestinal_tract|heart|kidney|large_intestine|liver|lung|midbrain,19,2,2,27.695652173913043,28.0,35,12,637,2,1,11,0
9826,21,21,21,adrenal_gland|amygdala|aorta|artery|astrocyte|basal_ganglion|blood|blood_plasma|blood_platelet|bone|brain|colon|eye|forebrain|gastrointestinal_tract|heart|kidney|large_intestine|liver|lung|midbrain,17,2,2,18.285714285714285,18.0,21,15,384,2,1,39,0
9828,20,20,20,adrenal_gland|amygdala|aorta|artery|basal_ganglion|blood|blood_plasma|blood_platelet|bone|brain|colon|eye|forebrain|gastrointestinal_tract|heart|kidney|large_intestine|liver|lung|midbrain,16,2,2,5.05,5.0,7,4,101,2,1,9,0
9837,3,3,3,colon|gastrointestinal_tract|large_intestine,3,0,0,2.0,2.0,2,2,6,0,1,9,0
9839,4,4,4,brain|heart|liver|lung,2,1,1,21.0,21.5,23,18,84,1,1,53,0
9844,6,6,6,blood|brain|heart|kidney|liver|lung,3,2,1,10.833333333333334,10.5,12,10,65,5,1,20,0
9846,23,23,23,adipose_tissue|adrenal_gland|amygdala|aorta|artery|astrocyte|basal_ganglion|basophil|blood|blood_plasma|blood_platelet|bone|brain|colon|eye|forebrain|gastrointestinal_tract|heart|kidney|large_intestine|liver|lung|midbrain,19,2,2,28.695652173913043,28.0,42,21,660,2,1,24,0
9855,22,22,22,adrenal_cortex|adrenal_gland|amygdala|aorta|artery|astrocyte|basal_ganglion|blood|blood_plasma|blood_platelet|bone|brain|colon|eye|forebrain|gastrointestinal_tract|heart|kidney|large_intestine|liver|lung|midbrain,18,2,2,5.090909090909091,5.0,7,2,112,0,1,21,0
9856,20,20,20,adrenal_cortex|adrenal_gland|amygdala|aorta|artery|basal_ganglion|blood|blood_plasma|bone|brain|colon|eye|forebrain|gastrointestinal_tract|heart|kidney|large_intestine|liver|lung|midbrain,16,2,2,2.0,2.0,2,2,40,0,1,22,0
9862,13,13,13,adrenal_cortex|adrenal_gland|blood|brain|colon|eye|forebrain|gastrointestinal_tract|heart|kidney|large_intestine|liver|lung,10,2,1,32.53846153846154,34.0,36,27,423,1,1,53,0
9867,19,19,19,adrenal_gland|amygdala|aorta|artery|basal_ganglion|blood|blood_plasma|bone|brain|colon|eye|forebrain|gastrointestinal_tract|heart|kidney|large_intestine|liver|lung|midbrain,15,2,2,14.105263157894736,14.0,16,12,268,1,1,36,0
9869,15,15,15,adrenal_gland|amygdala|basal_ganglion|blood|brain|colon|eye|forebrain|gastrointestinal_tract|heart|kidney|large_intestine|liver|lung|midbrain,11,2,2,60.53333333333333,62.0,68,48,908,1,1,40,0
9874,4,4,4,bone|colon|gastrointestinal_tract|large_intestine,4,0,0,11.25,12.0,12,9,45,1,1,35,0
9898,13,13,13,adrenal_gland|aorta|artery|blood|blood_plasma|blood_platelet|colon|gastrointestinal_tract|heart|kidney|large_intestine|liver|lung,10,2,1,25.846153846153847,27.0,30,19,336,1,1,21,0
9903,19,19,19,adrenal_gland|amygdala|aorta|artery|basal_ganglion|blood|blood_plasma|bone|brain|colon|eye|forebrain|gastrointestinal_tract|heart|kidney|large_intestine|liver|lung|midbrain,15,2,2,4.684210526315789,5.0,6,4,89,1,1,28,0
9907,13,13,13,amygdala|basal_ganglion|blood|brain|colon|forebrain|gastrointestinal_tract|heart|kidney|large_intestine|liver|lung|midbrain,9,2,2,1.0769230769230769,1.0,2,1,14,0,1,35,0
9910,20,20,20,adrenal_gland|amygdala|aorta|artery|basal_ganglion|blood|blood_plasma|blood_platelet|bone|brain|colon|eye|forebrain|gastrointestinal_tract|heart|kidney|large_intestine|liver|lung|midbrain,16,2,2,5.3,5.0,8,3,106,0,1,16,0
9913,18,18,18,adrenal_cortex|adrenal_gland|amygdala|basal_ganglion|blood|blood_plasma|blood_platelet|bone|brain|colon|forebrain|gastrointestinal_tract|heart|kidney|large_intestine|liver|lung|midbrain,14,2,2,17.77777777777778,18.0,22,15,320,0,1,39,0
9915,2,2,2,brain|kidney,1,1,0,30.0,30.0,31,29,60,0,1,47,0
9918,20,20,20,adrenal_cortex|adrenal_gland|amygdala|aorta|artery|basal_ganglion|blood|blood_plasma|bone|brain|colon|eye|forebrain|gastrointestinal_tract|heart|kidney|large_intestine|liver|lung|midbrain,16,2,2,10.75,10.0,13,8,215,1,1,26,0
9927,21,21,21,adrenal_gland|amygdala|aorta|artery|astrocyte|basal_ganglion|blood|blood_plasma|blood_platelet|bone|brain|colon|eye|forebrain|gastrointestinal_tract|heart|kidney|large_intestine|liver|lung|midbrain,17,2,2,10.333333333333334,11.0,12,7,217,1,1,35,0
9935,22,22,22,adipose_tissue|adrenal_cortex|adrenal_gland|amygdala|aorta|artery|basal_ganglion|blood|blood_plasma|blood_platelet|bone|brain|colon|eye|forebrain|gastrointestinal_tract|heart|kidney|large_intestine|liver|lung|midbrain,18,2,2,9.909090909090908,10.0,13,7,218,1,1,12,0
9939,9,9,9,blood|brain|colon|gastrointestinal_tract|heart|kidney|large_intestine|liver|lung,6,2,1,89.11111111111111,90.0,94,83,802,1,1,38,0
9943,19,19,19,adipose_tissue|adrenal_cortex|adrenal_gland|artery|astrocyte|basal_ganglion|blood|blood_plasma|blood_platelet|brain|colon|eye|forebrain|gastrointestinal_tract|heart|kidney|large_intestine|liver|lung,16,2,1,17.57894736842105,19.0,21,9,334,0,1,34,0
9950,20,20,20,adrenal_gland|amygdala|aorta|artery|basal_ganglion|blood|blood_plasma|blood_platelet|bone|brain|colon|eye|forebrain|gastrointestinal_tract|heart|kidney|large_intestine|liver|lung|midbrain,16,2,2,9.4,9.0,11,7,188,0,1,26,0
9958,10,10,10,blood|brain|colon|eye|gastrointestinal_tract|heart|kidney|large_intestine|liver|lung,7,2,1,71.6,71.5,76,65,716,0,1,53,0
9960,19,19,19,adrenal_cortex|adrenal_gland|amygdala|basal_ganglion|blood|blood_plasma|blood_platelet|bone|brain|colon|eye|forebrain|gastrointestinal_tract|heart|kidney|large_intestine|liver|lung|midbrain,15,2,2,4.684210526315789,4.0,14,2,89,1,1,42,0
9962,9,9,9,blood|brain|colon|gastrointestinal_tract|heart|kidney|large_intestine|liver|lung,6,2,1,3.111111111111111,3.0,4,3,28,0,1,13,0
9963,9,9,9,blood|brain|colon|gastrointestinal_tract|heart|kidney|large_intestine|liver|lung,6,2,1,4.222222222222222,4.0,5,4,38,1,1,27,0
9965,4,4,4,brain|eye|gastrointestinal_tract|kidney,3,1,0,2.0,2.0,2,2,8,1,1,31,0
9966,8,8,8,brain|colon|gastrointestinal_tract|heart|kidney|large_intestine|liver|lung,5,2,1,1.0,1.0,1,1,8,1,1,31,0
9967,13,13,13,adrenal_cortex|adrenal_gland|blood|brain|colon|eye|forebrain|gastrointestinal_tract|heart|kidney|large_intestine|liver|lung,10,2,1,63.84615384615385,68.0,72,37,830,1,1,70,0
9968,20,20,20,adipose_tissue|adrenal_cortex|adrenal_gland|amygdala|artery|basal_ganglion|blood|blood_plasma|bone|brain|colon|eye|forebrain|gastrointestinal_tract|heart|kidney|large_intestine|liver|lung|midbrain,16,2,2,34.4,36.0,43,20,688,1,1,68,0
9969,13,13,13,adrenal_cortex|adrenal_gland|blood|brain|colon|eye|forebrain|gastrointestinal_tract|heart|kidney|large_intestine|liver|lung,10,2,1,22.46153846153846,23.0,23,20,292,1,1,60,0
9971,3,3,3,gastrointestinal_tract|kidney|liver,2,1,0,22.666666666666668,22.0,24,22,68,0,1,85,0
9978,20,20,20,adrenal_gland|amygdala|aorta|artery|basal_ganglion|blood|blood_plasma|blood_platelet|bone|brain|colon|eye|forebrain|gastrointestinal_tract|heart|kidney|large_intestine|liver|lung|midbrain,16,2,2,72.75,71.0,84,58,1455,1,1,24,0
9984,7,7,7,blood|bone|brain|heart|kidney|liver|lung,4,2,1,68.14285714285714,73.0,76,37,477,2,1,74,0
9990,19,19,19,adipose_tissue|adrenal_cortex|adrenal_gland|aorta|artery|basal_ganglion|blood|blood_plasma|bone|brain|colon|eye|forebrain|gastrointestinal_tract|heart|kidney|large_intestine|liver|lung,16,2,1,1.9473684210526316,2.0,3,1,37,0,1,16,0
9994,22,22,22,adipose_tissue|adrenal_cortex|adrenal_gland|amygdala|aorta|artery|astrocyte|basal_ganglion|blood|blood_plasma|blood_platelet|brain|colon|eye|forebrain|gastrointestinal_tract|heart|kidney|large_intestine|liver|lung|midbrain,18,2,2,13.863636363636363,14.5,17,6,305,1,1,41,0
10002,1,1,1,eye,1,0,0,17.0,17.0,17,17,17,0,1,0,1
10006,17,17,17,adrenal_cortex|adrenal_gland|amygdala|basal_ganglion|blood|bone|brain|colon|eye|forebrain|gastrointestinal_tract|heart|kidney|large_intestine|liver|lung|midbrain,13,2,2,45.0,46.0,61,32,765,0,1,31,0
10010,22,22,22,adipose_tissue|adrenal_gland|amygdala|aorta|artery|astrocyte|basal_ganglion|blood|blood_plasma|blood_platelet|bone|brain|colon|eye|forebrain|gastrointestinal_tract|heart|kidney|large_intestine|liver|lung|midbrain,18,2,2,41.0,41.5,51,21,902,0,1,35,0
10013,23,23,23,adipose_tissue|adrenal_cortex|adrenal_gland|amygdala|aorta|artery|astrocyte|basal_ganglion|blood|blood_plasma|blood_platelet|bone|brain|colon|eye|forebrain|gastrointestinal_tract|heart|kidney|large_intestine|liver|lung|midbrain,19,2,2,95.56521739130434,102.0,123,45,2198,1,1,96,0
10014,24,24,24,adipose_tissue|adrenal_cortex|adrenal_gland|amygdala|aorta|artery|astrocyte|basal_ganglion|basophil|blood|blood_plasma|blood_platelet|bone|brain|colon|eye|forebrain|gastrointestinal_tract|heart|kidney|large_intestine|liver|lung|midbrain,20,2,2,139.95833333333334,151.5,190,39,3359,1,1,80,0
10017,10,10,10,adrenal_gland|blood|brain|colon|gastrointestinal_tract|heart|kidney|large_intestine|liver|lung,7,2,1,11.4,11.5,13,9,114,0,1,14,0
10018,6,6,6,blood|brain|heart|kidney|liver|lung,3,2,1,29.166666666666668,29.5,30,28,175,0,1,17,0
10025,13,13,13,adrenal_cortex|adrenal_gland|blood|brain|colon|eye|forebrain|gastrointestinal_tract|heart|kidney|large_intestine|liver|lung,10,2,1,26.46153846153846,27.0,28,22,344,1,1,54,0
10036,4,4,4,bone|colon|gastrointestinal_tract|large_intestine,4,0,0,49.5,54.0,55,35,198,1,1,20,0
10038,4,4,4,colon|gastrointestinal_tract|large_intestine|lung,3,0,1,13.75,14.0,14,13,55,1,1,14,0
10049,23,23,23,adipose_tissue|adrenal_cortex|adrenal_gland|amygdala|aorta|artery|basal_ganglion|basophil|blood|blood_plasma|blood_platelet|bone|brain|colon|eye|forebrain|gastrointestinal_tract|heart|kidney|large_intestine|liver|lung|midbrain,19,2,2,21.82608695652174,22.0,30,4,502,0,1,43,0
10051,20,20,20,adrenal_cortex|adrenal_gland|amygdala|aorta|artery|basal_ganglion|blood|blood_plasma|bone|brain|colon|eye|forebrain|gastrointestinal_tract|heart|kidney|large_intestine|liver|lung|midbrain,16,2,2,28.8,29.0,37,14,576,0,1,18,0
10054,10,10,10,amygdala|basal_ganglion|blood|brain|forebrain|gastrointestinal_tract|heart|kidney|lung|midbrain,6,2,2,27.8,28.0,32,25,278,0,1,24,0
10055,10,10,10,amygdala|basal_ganglion|blood|brain|forebrain|gastrointestinal_tract|heart|kidney|lung|midbrain,6,2,2,21.6,22.0,25,18,216,2,1,36,0
10058,16,16,16,amygdala|basal_ganglion|blood|blood_plasma|blood_platelet|brain|colon|eye|forebrain|gastrointestinal_tract|heart|kidney|large_intestine|liver|lung|midbrain,12,2,2,6.1875,6.0,8,5,99,1,1,39,0
10059,16,16,16,adrenal_gland|amygdala|basal_ganglion|blood|blood_plasma|brain|colon|eye|forebrain|gastrointestinal_tract|heart|kidney|large_intestine|liver|lung|midbrain,12,2,2,26.1875,26.0,30,24,419,0,1,44,0
10060,7,7,7,aorta|artery|brain|eye|gastrointestinal_tract|heart|kidney,5,2,0,1.2857142857142858,1.0,2,1,9,0,1,17,0
10062,24,24,24,adipose_tissue|adrenal_cortex|adrenal_gland|amygdala|aorta|artery|astrocyte|basal_ganglion|basophil|blood|blood_plasma|blood_platelet|bone|brain|colon|eye|forebrain|gastrointestinal_tract|heart|kidney|large_intestine|liver|lung|midbrain,20,2,2,20.666666666666668,23.0,26,2,496,0,1,76,0
10068,6,6,6,blood|brain|heart|kidney|liver|lung,3,2,1,2.6666666666666665,3.0,3,2,16,1,1,13,0
10075,21,21,21,adrenal_cortex|adrenal_gland|amygdala|aorta|artery|basal_ganglion|blood|blood_plasma|blood_platelet|bone|brain|colon|eye|forebrain|gastrointestinal_tract|heart|kidney|large_intestine|liver|lung|midbrain,17,2,2,155.28571428571428,158.0,190,79,3261,1,1,62,0
10076,23,23,23,adipose_tissue|adrenal_cortex|adrenal_gland|amygdala|aorta|artery|basal_ganglion|basophil|blood|blood_plasma|blood_platelet|bone|brain|colon|eye|forebrain|gastrointestinal_tract|heart|kidney|large_intestine|liver|lung|midbrain,19,2,2,6.260869565217392,6.0,7,4,144,3,1,25,0
10083,23,23,23,adipose_tissue|adrenal_cortex|adrenal_gland|amygdala|aorta|artery|astrocyte|basal_ganglion|blood|blood_plasma|blood_platelet|bone|brain|colon|eye|forebrain|gastrointestinal_tract|heart|kidney|large_intestine|liver|lung|midbrain,19,2,2,5.608695652173913,6.0,8,3,129,0,1,20,0
10087,16,16,16,adrenal_gland|amygdala|basal_ganglion|blood|blood_plasma|brain|colon|eye|forebrain|gastrointestinal_tract|heart|kidney|large_intestine|liver|lung|midbrain,12,2,2,9.625,10.0,11,8,154,0,1,21,0
10096,15,15,15,adrenal_gland|amygdala|basal_ganglion|blood|brain|colon|eye|forebrain|gastrointestinal_tract|heart|kidney|large_intestine|liver|lung|midbrain,11,2,2,27.266666666666666,28.0,32,20,409,1,1,32,0
10105,16,16,16,adrenal_gland|amygdala|basal_ganglion|blood|blood_plasma|brain|colon|eye|forebrain|gastrointestinal_tract|heart|kidney|large_intestine|liver|lung|midbrain,12,2,2,13.0,13.0,14,11,208,0,1,35,0
10106,14,14,14,amygdala|basal_ganglion|blood|blood_plasma|brain|colon|forebrain|gastrointestinal_tract|heart|kidney|large_intestine|liver|lung|midbrain,10,2,2,6.142857142857143,6.0,8,4,86,1,1,15,0
10107,5,5,5,colon|gastrointestinal_tract|kidney|large_intestine|liver,4,1,0,12.6,12.0,14,12,63,1,1,4,0
10110,3,3,3,brain|kidney|liver,2,1,0,15.0,15.0,15,15,45,1,1,1,0
10111,20,20,20,adipose_tissue|adrenal_cortex|adrenal_gland|amygdala|basal_ganglion|blood|blood_plasma|blood_platelet|bone|brain|colon|eye|forebrain|gastrointestinal_tract|heart|kidney|large_intestine|liver|lung|midbrain,16,2,2,47.6,47.0,58,26,952,0,1,64,0
10114,23,23,23,adipose_tissue|adrenal_cortex|adrenal_gland|amygdala|aorta|artery|basal_ganglion|basophil|blood|blood_plasma|blood_platelet|bone|brain|colon|eye|forebrain|gastrointestinal_tract|heart|kidney|large_intestine|liver|lung|midbrain,19,2,2,19.434782608695652,21.0,25,9,447,0,1,48,0
10116,22,22,22,adipose_tissue|adrenal_cortex|adrenal_gland|amygdala|aorta|artery|astrocyte|basal_ganglion|blood|blood_plasma|bone|brain|colon|eye|forebrain|gastrointestinal_tract|heart|kidney|large_intestine|liver|lung|midbrain,18,2,2,8.863636363636363,9.0,11,4,195,0,1,34,0
10131,19,19,19,adipose_tissue|adrenal_cortex|adrenal_gland|artery|astrocyte|basal_ganglion|blood|blood_plasma|blood_platelet|brain|colon|eye|forebrain|gastrointestinal_tract|heart|kidney|large_intestine|liver|lung,16,2,1,36.8421052631579,42.0,47,17,700,3,1,51,0
10133,6,6,6,blood|blood_plasma|brain|eye|heart|kidney,4,2,0,39.666666666666664,40.0,42,36,238,0,1,43,0
10135,6,6,6,blood|blood_plasma|gastrointestinal_tract|kidney|liver|lung,4,1,1,13.0,13.0,15,10,78,0,1,46,0
10150,15,15,15,adrenal_gland|amygdala|aorta|artery|basal_ganglion|blood|brain|colon|forebrain|gastrointestinal_tract|heart|kidney|large_intestine|liver|lung,12,2,1,4.533333333333333,5.0,6,3,68,5,1,19,0
10152,21,21,21,adrenal_cortex|adrenal_gland|amygdala|aorta|artery|basal_ganglion|blood|blood_plasma|blood_platelet|bone|brain|colon|eye|forebrain|gastrointestinal_tract|heart|kidney|large_intestine|liver|lung|midbrain,17,2,2,43.19047619047619,43.0,57,23,907,0,1,34,0
10155,22,22,22,adipose_tissue|adrenal_cortex|adrenal_gland|amygdala|artery|astrocyte|basal_ganglion|blood|blood_plasma|blood_platelet|bone|brain|colon|eye|forebrain|gastrointestinal_tract|heart|kidney|large_intestine|liver|lung|midbrain,18,2,2,108.18181818181819,114.5,129,55,2380,2,1,91,0
10156,20,20,20,adrenal_gland|amygdala|aorta|artery|basal_ganglion|blood|blood_plasma|blood_platelet|bone|brain|colon|eye|forebrain|gastrointestinal_tract|heart|kidney|large_intestine|liver|lung|midbrain,16,2,2,1.85,2.0,3,1,37,1,1,14,0
10159,24,24,24,adipose_tissue|adrenal_cortex|adrenal_gland|amygdala|aorta|artery|astrocyte|basal_ganglion|basophil|blood|blood_plasma|blood_platelet|bone|brain|colon|eye|forebrain|gastrointestinal_tract|heart|kidney|large_intestine|liver|lung|midbrain,20,2,2,25.625,27.0,32,8,615,1,1,0,1
10163,24,24,24,adipose_tissue|adrenal_cortex|adrenal_gland|amygdala|aorta|artery|astrocyte|basal_ganglion|basophil|blood|blood_plasma|blood_platelet|bone|brain|colon|eye|forebrain|gastrointestinal_tract|heart|kidney|large_intestine|liver|lung|midbrain,20,2,2,18.208333333333332,18.5,24,11,437,2,1,25,0
10165,22,22,22,adipose_tissue|adrenal_cortex|adrenal_gland|amygdala|aorta|artery|astrocyte|basal_ganglion|blood|blood_plasma|blood_platelet|brain|colon|eye|forebrain|gastrointestinal_tract|heart|kidney|large_intestine|liver|lung|midbrain,18,2,2,34.68181818181818,36.5,45,17,763,0,1,32,0
10170,6,6,6,brain|colon|gastrointestinal_tract|heart|large_intestine|lung,4,1,1,4.0,4.0,4,4,24,0,1,21,0
10174,24,24,24,adipose_tissue|adrenal_cortex|adrenal_gland|amygdala|aorta|artery|astrocyte|basal_ganglion|basophil|blood|blood_plasma|blood_platelet|bone|brain|colon|eye|forebrain|gastrointestinal_tract|heart|kidney|large_intestine|liver|lung|midbrain,20,2,2,32.708333333333336,33.0,43,14,785,1,1,8,0
10181,15,15,15,adrenal_gland|amygdala|aorta|artery|basal_ganglion|blood|brain|colon|forebrain|gastrointestinal_tract|heart|kidney|large_intestine|liver|lung,12,2,1,13.6,14.0,15,12,204,1,1,37,0
10188,19,19,19,adrenal_gland|amygdala|aorta|artery|basal_ganglion|blood|blood_plasma|bone|brain|colon|eye|forebrain|gastrointestinal_tract|heart|kidney|large_intestine|liver|lung|midbrain,15,2,2,37.63157894736842,37.0,47,27,715,0,1,42,0
10189,7,7,7,blood|bone|brain|heart|kidney|liver|lung,4,2,1,92.71428571428571,101.0,103,53,649,1,1,79,0
10193,23,23,23,adipose_tissue|adrenal_cortex|adrenal_gland|amygdala|aorta|artery|astrocyte|basal_ganglion|blood|blood_plasma|blood_platelet|bone|brain|colon|eye|forebrain|gastrointestinal_tract|heart|kidney|large_intestine|liver|lung|midbrain,19,2,2,20.869565217391305,22.0,26,10,480,1,1,38,0
10194,6,6,6,basal_ganglion|blood|brain|forebrain|gastrointestinal_tract|kidney,5,1,0,1.0,1.0,1,1,6,0,1,0,1
10196,11,11,11,blood|blood_plasma|blood_platelet|brain|colon|gastrointestinal_tract|heart|kidney|large_intestine|liver|lung,8,2,1,19.272727272727273,20.0,23,12,212,1,1,19,0
10197,13,13,13,amygdala|basal_ganglion|blood|brain|colon|forebrain|gastrointestinal_tract|heart|kidney|large_intestine|liver|lung|midbrain,9,2,2,56.61538461538461,57.0,66,46,736,0,1,33,0
10201,20,20,20,adrenal_cortex|adrenal_gland|amygdala|aorta|artery|basal_ganglion|blood|blood_plasma|bone|brain|colon|eye|forebrain|gastrointestinal_tract|heart|kidney|large_intestine|liver|lung|midbrain,16,2,2,1.0,1.0,1,1,20,1,1,18,0
10202,9,9,9,blood|brain|colon|gastrointestinal_tract|heart|kidney|large_intestine|liver|lung,6,2,1,36.77777777777778,36.0,41,35,331,1,1,37,0
10203,6,6,6,artery|colon|gastrointestinal_tract|heart|large_intestine|lung,4,1,1,1.8333333333333333,2.0,2,1,11,1,1,53,0
10206,22,22,22,adipose_tissue|adrenal_gland|amygdala|aorta|artery|astrocyte|basal_ganglion|blood|blood_plasma|blood_platelet|bone|brain|colon|eye|forebrain|gastrointestinal_tract|heart|kidney|large_intestine|liver|lung|midbrain,18,2,2,11.772727272727273,12.0,13,8,259,0,1,67,0
10210,23,23,23,adipose_tissue|adrenal_cortex|adrenal_gland|amygdala|aorta|artery|astrocyte|basal_ganglion|blood|blood_plasma|blood_platelet|bone|brain|colon|eye|forebrain|gastrointestinal_tract|heart|kidney|large_intestine|liver|lung|midbrain,19,2,2,28.608695652173914,32.0,37,13,658,0,1,69,0
10212,16,16,16,adrenal_gland|amygdala|aorta|artery|basal_ganglion|blood|bone|brain|colon|forebrain|gastrointestinal_tract|heart|kidney|large_intestine|liver|lung,13,2,1,28.625,32.0,38,16,458,3,1,31,0
10213,13,13,13,amygdala|basal_ganglion|blood|brain|colon|forebrain|gastrointestinal_tract|heart|kidney|large_intestine|liver|lung|midbrain,9,2,2,45.30769230769231,45.0,50,39,589,0,1,49,0
10221,24,24,24,adipose_tissue|adrenal_cortex|adrenal_gland|amygdala|aorta|artery|astrocyte|basal_ganglion|basophil|blood|blood_plasma|blood_platelet|bone|brain|colon|eye|forebrain|gastrointestinal_tract|heart|kidney|large_intestine|liver|lung|midbrain,20,2,2,7.958333333333333,8.0,11,2,191,2,1,70,0
10228,18,18,18,adipose_tissue|adrenal_gland|amygdala|basal_ganglion|blood|blood_plasma|blood_platelet|brain|colon|eye|forebrain|gastrointestinal_tract|heart|kidney|large_intestine|liver|lung|midbrain,14,2,2,21.5,22.0,27,12,387,1,1,28,0
10241,14,14,14,adipose_tissue|aorta|artery|blood|blood_plasma|brain|colon|eye|gastrointestinal_tract|heart|kidney|large_intestine|liver|lung,11,2,1,48.857142857142854,54.0,62,25,684,1,1,27,0
10252,24,24,24,adipose_tissue|adrenal_cortex|adrenal_gland|amygdala|aorta|artery|astrocyte|basal_ganglion|basophil|blood|blood_plasma|blood_platelet|bone|brain|colon|eye|forebrain|gastrointestinal_tract|heart|kidney|large_intestine|liver|lung|midbrain,20,2,2,12.708333333333334,13.0,17,6,305,1,1,33,0
10253,24,24,24,adipose_tissue|adrenal_cortex|adrenal_gland|amygdala|aorta|artery|astrocyte|basal_ganglion|basophil|blood|blood_plasma|blood_platelet|bone|brain|colon|eye|forebrain|gastrointestinal_tract|heart|kidney|large_intestine|liver|lung|midbrain,20,2,2,32.583333333333336,33.0,44,13,782,2,1,42,0
10269,3,3,3,blood|heart|kidney,1,2,0,9.0,9.0,10,8,27,0,1,9,0
10270,20,20,20,adrenal_cortex|adrenal_gland|amygdala|aorta|artery|basal_ganglion|blood|blood_plasma|bone|brain|colon|eye|forebrain|gastrointestinal_tract|heart|kidney|large_intestine|liver|lung|midbrain,16,2,2,31.85,34.0,40,18,637,1,1,36,0
10272,23,23,23,adipose_tissue|adrenal_gland|amygdala|aorta|artery|astrocyte|basal_ganglion|basophil|blood|blood_plasma|blood_platelet|bone|brain|colon|eye|forebrain|gastrointestinal_tract|heart|kidney|large_intestine|liver|lung|midbrain,19,2,2,2.9130434782608696,3.0,3,1,67,1,1,57,0
10273,22,22,22,adipose_tissue|adrenal_gland|amygdala|aorta|artery|astrocyte|basal_ganglion|blood|blood_plasma|blood_platelet|bone|brain|colon|eye|forebrain|gastrointestinal_tract|heart|kidney|large_intestine|liver|lung|midbrain,18,2,2,123.63636363636364,123.5,153,80,2720,1,1,63,0
10277,23,23,23,adipose_tissue|adrenal_cortex|adrenal_gland|amygdala|aorta|artery|astrocyte|basal_ganglion|blood|blood_plasma|blood_platelet|bone|brain|colon|eye|forebrain|gastrointestinal_tract|heart|kidney|large_intestine|liver|lung|midbrain,19,2,2,29.956521739130434,30.0,37,17,689,1,1,21,0
10291,15,15,15,adrenal_gland|amygdala|aorta|artery|basal_ganglion|blood|brain|colon|forebrain|gastrointestinal_tract|heart|kidney|large_intestine|liver|lung,12,2,1,106.26666666666667,111.0,126,63,1594,0,1,26,0
10296,16,16,16,adipose_tissue|adrenal_gland|basophil|blood|blood_plasma|blood_platelet|bone|brain|colon|eye|gastrointestinal_tract|heart|kidney|large_intestine|liver|lung,13,2,1,4.0,4.0,6,1,64,0,1,25,0
10297,6,6,6,blood|brain|colon|forebrain|gastrointestinal_tract|large_intestine,6,0,0,15.833333333333334,16.0,16,15,95,1,1,31,0
10299,19,19,19,adrenal_gland|amygdala|aorta|artery|basal_ganglion|blood|blood_plasma|bone|brain|colon|eye|forebrain|gastrointestinal_tract|heart|kidney|large_intestine|liver|lung|midbrain,15,2,2,7.526315789473684,7.0,10,5,143,0,1,24,0
10300,16,16,16,amygdala|basal_ganglion|blood|blood_plasma|blood_platelet|brain|colon|eye|forebrain|gastrointestinal_tract|heart|kidney|large_intestine|liver|lung|midbrain,12,2,2,8.625,9.5,10,6,138,0,1,27,0
10309,3,3,3,colon|gastrointestinal_tract|large_intestine,3,0,0,6.0,6.0,6,6,18,0,1,33,0
10319,7,7,7,adrenal_gland|brain|eye|gastrointestinal_tract|heart|liver|lung,5,1,1,5.857142857142857,6.0,7,5,41,0,1,0,1
10320,1,1,1,blood,1,0,0,39.0,39.0,39,39,39,0,1,47,0
10325,18,18,18,adrenal_gland|amygdala|astrocyte|basal_ganglion|blood|blood_plasma|blood_platelet|bone|brain|colon|eye|forebrain|gastrointestinal_tract|heart|kidney|large_intestine|liver|lung,15,2,1,8.444444444444445,8.5,12,4,152,1,1,36,0
10326,1,1,1,blood,1,0,0,4.0,4.0,4,4,4,0,1,8,0
10332,1,1,1,liver,1,0,0,4.0,4.0,4,4,4,1,1,10,0
10333,1,1,1,blood,1,0,0,3.0,3.0,3,3,3,0,1,53,0
10342,22,22,22,adipose_tissue|adrenal_gland|amygdala|aorta|artery|astrocyte|basal_ganglion|blood|blood_plasma|blood_platelet|bone|brain|colon|eye|forebrain|gastrointestinal_tract|heart|kidney|large_intestine|liver|lung|midbrain,18,2,2,41.90909090909091,42.0,54,18,922,0,1,20,0
10344,4,4,4,gastrointestinal_tract|heart|kidney|liver,2,2,0,1.25,1.0,2,1,5,1,1,15,0
10346,4,4,4,blood|gastrointestinal_tract|kidney|lung,2,1,1,9.0,9.0,9,9,36,1,1,55,0
10347,14,14,14,adipose_tissue|adrenal_gland|blood|blood_plasma|brain|colon|eye|forebrain|gastrointestinal_tract|heart|kidney|large_intestine|liver|lung,11,2,1,1.2857142857142858,1.0,2,1,18,1,1,71,0
10365,2,2,2,heart|lung,0,1,1,8.5,8.5,9,8,17,1,1,37,0
10367,1,1,1,heart,0,1,0,2.0,2.0,2,2,2,0,1,30,0
10369,4,4,4,adrenal_gland|brain|gastrointestinal_tract|liver,4,0,0,10.75,10.0,14,9,43,3,1,15,0
10370,24,24,24,adipose_tissue|adrenal_cortex|adrenal_gland|amygdala|aorta|artery|astrocyte|basal_ganglion|basophil|blood|blood_plasma|blood_platelet|bone|brain|colon|eye|forebrain|gastrointestinal_tract|heart|kidney|large_intestine|liver|lung|midbrain,20,2,2,12.0,13.0,16,7,288,5,1,68,0
10371,1,1,1,brain,1,0,0,1.0,1.0,1,1,1,2,1,20,0
10379,23,23,23,adipose_tissue|adrenal_gland|amygdala|aorta|artery|astrocyte|basal_ganglion|basophil|blood|blood_plasma|blood_platelet|bone|brain|colon|eye|forebrain|gastrointestinal_tract|heart|kidney|large_intestine|liver|lung|midbrain,19,2,2,10.73913043478261,11.0,14,7,247,1,1,9,0
10381,22,22,22,adipose_tissue|adrenal_cortex|adrenal_gland|amygdala|artery|astrocyte|basal_ganglion|blood|blood_plasma|blood_platelet|bone|brain|colon|eye|forebrain|gastrointestinal_tract|heart|kidney|large_intestine|liver|lung|midbrain,18,2,2,35.0,37.0,46,16,770,0,1,19,0
10385,6,6,6,brain|gastrointestinal_tract|heart|kidney|liver|lung,3,2,1,5.5,5.5,6,5,33,0,1,20,0
10392,3,3,3,blood|heart|kidney,1,2,0,17.666666666666668,17.0,19,17,53,0,1,59,0
10393,19,19,19,adrenal_gland|amygdala|aorta|artery|basal_ganglion|blood|blood_plasma|bone|brain|colon|eye|forebrain|gastrointestinal_tract|heart|kidney|large_intestine|liver|lung|midbrain,15,2,2,22.789473684210527,23.0,27,17,433,2,1,21,0
10395,9,9,9,amygdala|basal_ganglion|brain|forebrain|heart|kidney|liver|lung|midbrain,5,2,2,8.0,8.0,9,7,72,0,1,58,0
10397,22,22,22,adipose_tissue|adrenal_cortex|adrenal_gland|amygdala|aorta|artery|astrocyte|basal_ganglion|blood|blood_plasma|blood_platelet|brain|colon|eye|forebrain|gastrointestinal_tract|heart|kidney|large_intestine|liver|lung|midbrain,18,2,2,41.31818181818182,44.0,54,17,909,1,1,36,0
10399,21,21,21,adipose_tissue|adrenal_gland|amygdala|aorta|artery|basal_ganglion|blood|blood_plasma|blood_platelet|bone|brain|colon|eye|forebrain|gastrointestinal_tract|heart|kidney|large_intestine|liver|lung|midbrain,17,2,2,94.23809523809524,89.0,124,63,1979,0,1,80,0
10401,10,10,10,amygdala|basal_ganglion|blood|brain|forebrain|gastrointestinal_tract|heart|kidney|lung|midbrain,6,2,2,28.3,28.5,31,25,283,3,1,36,0
10409,5,5,5,blood|brain|heart|kidney|lung,2,2,1,20.4,20.0,21,20,102,1,1,58,0
10411,12,12,12,amygdala|basal_ganglion|brain|colon|forebrain|gastrointestinal_tract|heart|kidney|large_intestine|liver|lung|midbrain,8,2,2,6.0,6.0,6,6,72,1,1,42,0
10413,21,21,21,adipose_tissue|adrenal_cortex|adrenal_gland|amygdala|aorta|artery|basal_ganglion|blood|blood_plasma|bone|brain|colon|eye|forebrain|gastrointestinal_tract|heart|kidney|large_intestine|liver|lung|midbrain,17,2,2,56.23809523809524,57.0,70,42,1181,1,1,26,0
10419,17,17,17,adrenal_gland|amygdala|aorta|artery|basal_ganglion|blood|blood_plasma|blood_platelet|brain|colon|forebrain|gastrointestinal_tract|heart|kidney|large_intestine|liver|lung,14,2,1,117.11764705882354,127.0,142,62,1991,1,1,60,0
10425,20,20,20,adrenal_gland|amygdala|aorta|artery|basal_ganglion|blood|blood_plasma|blood_platelet|bone|brain|colon|eye|forebrain|gastrointestinal_tract|heart|kidney|large_intestine|liver|lung|midbrain,16,2,2,28.4,29.0,34,20,568,1,1,36,0
10432,18,18,18,adrenal_cortex|adrenal_gland|amygdala|basal_ganglion|blood|blood_plasma|blood_platelet|bone|brain|colon|forebrain|gastrointestinal_tract|heart|kidney|large_intestine|liver|lung|midbrain,14,2,2,50.77777777777778,55.5,68,24,914,3,1,61,0
10435,5,5,5,brain|heart|kidney|liver|lung,2,2,1,4.8,5.0,5,4,24,1,1,27,0
10437,19,19,19,adrenal_cortex|adrenal_gland|aorta|artery|basophil|blood|blood_plasma|blood_platelet|bone|brain|colon|eye|forebrain|gastrointestinal_tract|heart|kidney|large_intestine|liver|lung,16,2,1,7.315789473684211,8.0,10,2,139,2,1,14,0
10439,3,3,3,blood|blood_plasma|brain,3,0,0,3.3333333333333335,3.0,4,3,10,3,1,35,0
10444,19,19,19,adrenal_gland|amygdala|aorta|artery|basal_ganglion|blood|blood_plasma|bone|brain|colon|eye|forebrain|gastrointestinal_tract|heart|kidney|large_intestine|liver|lung|midbrain,15,2,2,5.473684210526316,5.0,8,4,104,0,1,20,0
10449,20,20,20,adipose_tissue|adrenal_gland|amygdala|aorta|artery|basal_ganglion|blood|blood_plasma|blood_platelet|brain|colon|eye|forebrain|gastrointestinal_tract|heart|kidney|large_intestine|liver|lung|midbrain,16,2,2,15.5,16.5,19,11,310,0,1,44,0
10451,6,6,6,blood|colon|gastrointestinal_tract|kidney|large_intestine|liver,5,1,0,15.833333333333334,15.5,17,15,95,1,1,29,0
10452,16,16,16,adrenal_gland|amygdala|basal_ganglion|blood|blood_plasma|brain|colon|eye|forebrain|gastrointestinal_tract|heart|kidney|large_intestine|liver|lung|midbrain,12,2,2,44.3125,45.5,48,39,709,2,1,29,0
10458,20,20,20,adipose_tissue|adrenal_gland|aorta|artery|astrocyte|basophil|blood|blood_plasma|blood_platelet|bone|brain|colon|eye|forebrain|gastrointestinal_tract|heart|kidney|large_intestine|liver|lung,17,2,1,38.15,40.5,44,14,763,1,1,29,0
10459,22,22,22,adipose_tissue|adrenal_cortex|adrenal_gland|amygdala|aorta|artery|basal_ganglion|blood|blood_plasma|blood_platelet|bone|brain|colon|eye|forebrain|gastrointestinal_tract|heart|kidney|large_intestine|liver|lung|midbrain,18,2,2,19.272727272727273,19.0,26,9,424,1,1,84,0
10460,23,23,23,adipose_tissue|adrenal_cortex|adrenal_gland|amygdala|aorta|artery|astrocyte|basal_ganglion|blood|blood_plasma|blood_platelet|bone|brain|colon|eye|forebrain|gastrointestinal_tract|heart|kidney|large_intestine|liver|lung|midbrain,19,2,2,21.782608695652176,24.0,28,9,501,0,1,0,1
10461,2,2,2,kidney|lung,0,1,1,10.0,10.0,10,10,20,1,1,21,0
10468,10,10,10,adrenal_gland|blood|bone|brain|eye|forebrain|gastrointestinal_tract|heart|kidney|liver,8,2,0,6.4,6.0,7,6,64,5,1,36,0
10472,21,21,21,adipose_tissue|adrenal_cortex|adrenal_gland|amygdala|aorta|artery|basal_ganglion|blood|blood_plasma|bone|brain|colon|eye|forebrain|gastrointestinal_tract|heart|kidney|large_intestine|liver|lung|midbrain,17,2,2,6.0476190476190474,6.0,8,3,127,7,1,42,0
10474,9,9,9,blood|brain|colon|gastrointestinal_tract|heart|kidney|large_intestine|liver|lung,6,2,1,46.333333333333336,46.0,48,45,417,2,1,61,0
10475,4,4,4,gastrointestinal_tract|heart|kidney|liver,2,2,0,20.0,20.0,21,19,80,1,1,38,0
10476,16,16,16,amygdala|basal_ganglion|blood|blood_plasma|blood_platelet|brain|colon|eye|forebrain|gastrointestinal_tract|heart|kidney|large_intestine|liver|lung|midbrain,12,2,2,20.75,21.0,23,17,332,1,1,22,0
10477,19,19,19,adrenal_gland|amygdala|aorta|artery|basal_ganglion|blood|blood_plasma|bone|brain|colon|eye|forebrain|gastrointestinal_tract|heart|kidney|large_intestine|liver|lung|midbrain,15,2,2,51.89473684210526,52.0,59,43,986,0,1,16,0
10478,1,1,1,liver,1,0,0,5.0,5.0,5,5,5,1,1,27,0
10482,3,3,3,blood|bone|liver,3,0,0,331.3333333333333,378.0,384,232,994,2,1,22,0
10487,14,14,14,adrenal_gland|basal_ganglion|blood|bone|brain|colon|eye|forebrain|gastrointestinal_tract|heart|kidney|large_intestine|liver|lung,11,2,1,21.571428571428573,22.5,25,17,302,1,1,8,0
10488,23,23,23,adipose_tissue|adrenal_cortex|adrenal_gland|amygdala|aorta|artery|astrocyte|basal_ganglion|blood|blood_plasma|blood_platelet|bone|brain|colon|eye|forebrain|gastrointestinal_tract|heart|kidney|large_intestine|liver|lung|midbrain,19,2,2,51.04347826086956,51.0,71,23,1174,0,1,53,0
10492,4,4,4,brain|forebrain|kidney|lung,2,1,1,139.75,143.5,148,124,559,4,1,47,0
10494,22,22,22,adipose_tissue|adrenal_cortex|adrenal_gland|amygdala|artery|astrocyte|basal_ganglion|blood|blood_plasma|blood_platelet|bone|brain|colon|eye|forebrain|gastrointestinal_tract|heart|kidney|large_intestine|liver|lung|midbrain,18,2,2,17.272727272727273,19.0,21,8,380,0,1,56,0
10497,24,24,24,adipose_tissue|adrenal_cortex|adrenal_gland|amygdala|aorta|artery|astrocyte|basal_ganglion|basophil|blood|blood_plasma|blood_platelet|bone|brain|colon|eye|forebrain|gastrointestinal_tract|heart|kidney|large_intestine|liver|lung|midbrain,20,2,2,3.4583333333333335,3.0,7,1,83,3,1,30,0
10498,21,21,21,adrenal_cortex|adrenal_gland|amygdala|artery|basal_ganglion|basophil|blood|blood_plasma|blood_platelet|bone|brain|colon|eye|forebrain|gastrointestinal_tract|heart|kidney|large_intestine|liver|lung|midbrain,17,2,2,42.142857142857146,42.0,56,11,885,1,1,68,0
10499,13,13,13,adrenal_cortex|adrenal_gland|blood|brain|colon|eye|forebrain|gastrointestinal_tract|heart|kidney|large_intestine|liver|lung,10,2,1,49.61538461538461,52.0,56,38,645,2,1,15,0
10507,22,22,22,adipose_tissue|adrenal_cortex|adrenal_gland|amygdala|artery|astrocyte|basal_ganglion|blood|blood_plasma|blood_platelet|bone|brain|colon|eye|forebrain|gastrointestinal_tract|heart|kidney|large_intestine|liver|lung|midbrain,18,2,2,3.227272727272727,3.0,4,3,71,0,1,52,0
10512,9,9,9,blood|brain|colon|gastrointestinal_tract|heart|kidney|large_intestine|liver|lung,6,2,1,1.8888888888888888,2.0,2,1,17,0,1,12,0
10514,15,15,15,adipose_tissue|amygdala|basal_ganglion|blood|blood_plasma|brain|colon|forebrain|gastrointestinal_tract|heart|kidney|large_intestine|liver|lung|midbrain,11,2,2,59.86666666666667,63.0,75,32,898,1,1,62,0
10516,5,5,5,colon|gastrointestinal_tract|heart|large_intestine|lung,3,1,1,4.0,4.0,4,4,20,0,1,28,0
10522,24,24,24,adipose_tissue|adrenal_cortex|adrenal_gland|amygdala|aorta|artery|astrocyte|basal_ganglion|basophil|blood|blood_plasma|blood_platelet|bone|brain|colon|eye|forebrain|gastrointestinal_tract|heart|kidney|large_intestine|liver|lung|midbrain,20,2,2,11.958333333333334,13.0,15,4,287,1,1,56,0
10524,4,4,4,blood|brain|heart|kidney,2,2,0,108.0,109.0,110,104,432,3,1,87,0
10527,20,20,20,adipose_tissue|amygdala|artery|astrocyte|basal_ganglion|blood|blood_plasma|blood_platelet|bone|brain|colon|eye|forebrain|gastrointestinal_tract|heart|kidney|large_intestine|liver|lung|midbrain,16,2,2,29.0,29.5,35,13,580,3,1,9,0
10533,15,15,15,adrenal_gland|amygdala|aorta|artery|basal_ganglion|blood|brain|colon|forebrain|gastrointestinal_tract|heart|kidney|large_intestine|liver|lung,12,2,1,22.133333333333333,22.0,26,15,332,0,1,53,0
10537,9,9,9,aorta|artery|colon|gastrointestinal_tract|heart|kidney|large_intestine|liver|lung,6,2,1,11.11111111111111,11.0,12,10,100,2,1,48,0
10540,20,20,20,adrenal_cortex|adrenal_gland|amygdala|aorta|artery|basal_ganglion|blood|blood_plasma|bone|brain|colon|eye|forebrain|gastrointestinal_tract|heart|kidney|large_intestine|liver|lung|midbrain,16,2,2,40.35,42.5,50,21,807,2,1,30,0
10542,20,20,20,adipose_tissue|adrenal_gland|amygdala|aorta|artery|basal_ganglion|blood|blood_plasma|blood_platelet|brain|colon|eye|forebrain|gastrointestinal_tract|heart|kidney|large_intestine|liver|lung|midbrain,16,2,2,15.9,16.0,20,10,318,0,1,46,0
10553,8,8,8,bone|brain|colon|eye|forebrain|gastrointestinal_tract|kidney|large_intestine,7,1,0,1.0,1.0,1,1,8,1,1,17,0
10555,9,9,9,blood|brain|colon|gastrointestinal_tract|heart|kidney|large_intestine|liver|lung,6,2,1,1.4444444444444444,1.0,2,1,13,1,1,24,0
10558,13,13,13,amygdala|basal_ganglion|blood|brain|colon|forebrain|gastrointestinal_tract|heart|kidney|large_intestine|liver|lung|midbrain,9,2,2,9.153846153846153,8.0,12,8,119,0,1,36,0
10563,3,3,3,gastrointestinal_tract|large_intestine|liver,3,0,0,4.666666666666667,5.0,5,4,14,0,1,25,0
10564,20,20,20,adrenal_gland|amygdala|aorta|artery|basal_ganglion|blood|blood_plasma|blood_platelet|bone|brain|colon|eye|forebrain|gastrointestinal_tract|heart|kidney|large_intestine|liver|lung|midbrain,16,2,2,9.15,9.0,12,5,183,1,1,37,0
10565,20,20,20,adrenal_gland|amygdala|aorta|artery|basal_ganglion|blood|blood_plasma|blood_platelet|bone|brain|colon|eye|forebrain|gastrointestinal_tract|heart|kidney|large_intestine|liver|lung|midbrain,16,2,2,13.1,13.0,16,9,262,2,1,56,0
10569,15,15,15,adrenal_gland|amygdala|aorta|artery|basal_ganglion|blood|brain|colon|forebrain|gastrointestinal_tract|heart|kidney|large_intestine|liver|lung,12,2,1,58.733333333333334,60.0,71,40,881,0,1,42,0
10572,22,22,22,adipose_tissue|adrenal_cortex|adrenal_gland|amygdala|aorta|artery|astrocyte|basal_ganglion|blood|blood_plasma|blood_platelet|brain|colon|eye|forebrain|gastrointestinal_tract|heart|kidney|large_intestine|liver|lung|midbrain,18,2,2,18.0,18.0,25,13,396,1,1,13,0
10577,22,22,22,adipose_tissue|adrenal_cortex|adrenal_gland|amygdala|aorta|artery|astrocyte|basal_ganglion|blood|blood_plasma|blood_platelet|brain|colon|eye|forebrain|gastrointestinal_tract|heart|kidney|large_intestine|liver|lung|midbrain,18,2,2,7.2272727272727275,8.0,9,4,159,1,1,26,0
10579,23,23,23,adipose_tissue|adrenal_cortex|adrenal_gland|amygdala|aorta|artery|astrocyte|basal_ganglion|blood|blood_plasma|blood_platelet|bone|brain|colon|eye|forebrain|gastrointestinal_tract|heart|kidney|large_intestine|liver|lung|midbrain,19,2,2,9.08695652173913,11.0,12,2,209,0,1,16,0
10580,23,23,23,adipose_tissue|adrenal_cortex|adrenal_gland|amygdala|aorta|artery|astrocyte|basal_ganglion|blood|blood_plasma|blood_platelet|bone|brain|colon|eye|forebrain|gastrointestinal_tract|heart|kidney|large_intestine|liver|lung|midbrain,19,2,2,18.47826086956522,19.0,26,10,425,3,1,61,0
10592,20,20,20,adrenal_cortex|adrenal_gland|amygdala|aorta|artery|basal_ganglion|blood|blood_plasma|bone|brain|colon|eye|forebrain|gastrointestinal_tract|heart|kidney|large_intestine|liver|lung|midbrain,16,2,2,29.35,30.5,37,16,587,0,1,29,0
10598,16,16,16,amygdala|basal_ganglion|blood|blood_plasma|blood_platelet|brain|colon|eye|forebrain|gastrointestinal_tract|heart|kidney|large_intestine|liver|lung|midbrain,12,2,2,56.0,63.0,67,36,896,0,1,14,0
10600,22,22,22,adipose_tissue|adrenal_cortex|adrenal_gland|amygdala|aorta|artery|basal_ganglion|blood|blood_plasma|blood_platelet|bone|brain|colon|eye|forebrain|gastrointestinal_tract|heart|kidney|large_intestine|liver|lung|midbrain,18,2,2,10.590909090909092,10.0,13,6,233,0,1,68,0
10603,5,5,5,adipose_tissue|blood|brain|gastrointestinal_tract|heart,4,1,0,16.2,16.0,21,12,81,0,1,14,0
10613,20,20,20,adrenal_gland|amygdala|aorta|artery|basal_ganglion|blood|blood_plasma|blood_platelet|bone|brain|colon|eye|forebrain|gastrointestinal_tract|heart|kidney|large_intestine|liver|lung|midbrain,16,2,2,14.0,14.0,15,11,280,0,1,64,0
10616,23,23,23,adipose_tissue|adrenal_gland|amygdala|aorta|artery|astrocyte|basal_ganglion|basophil|blood|blood_plasma|blood_platelet|bone|brain|colon|eye|forebrain|gastrointestinal_tract|heart|kidney|large_intestine|liver|lung|midbrain,19,2,2,32.82608695652174,33.0,43,11,755,0,1,65,0
10621,22,22,22,adipose_tissue|adrenal_gland|amygdala|aorta|artery|astrocyte|basal_ganglion|blood|blood_plasma|blood_platelet|bone|brain|colon|eye|forebrain|gastrointestinal_tract|heart|kidney|large_intestine|liver|lung|midbrain,18,2,2,9.954545454545455,10.0,12,7,219,0,1,15,0
10622,22,22,22,adipose_tissue|adrenal_gland|amygdala|aorta|artery|astrocyte|basal_ganglion|blood|blood_plasma|blood_platelet|bone|brain|colon|eye|forebrain|gastrointestinal_tract|heart|kidney|large_intestine|liver|lung|midbrain,18,2,2,5.0,5.0,5,5,110,0,1,16,0
10623,23,23,23,adipose_tissue|adrenal_gland|amygdala|aorta|artery|astrocyte|basal_ganglion|basophil|blood|blood_plasma|blood_platelet|bone|brain|colon|eye|forebrain|gastrointestinal_tract|heart|kidney|large_intestine|liver|lung|midbrain,19,2,2,14.0,14.0,20,7,322,1,1,21,0
10626,24,24,24,adipose_tissue|adrenal_cortex|adrenal_gland|amygdala|aorta|artery|astrocyte|basal_ganglion|basophil|blood|blood_plasma|blood_platelet|bone|brain|colon|eye|forebrain|gastrointestinal_tract|heart|kidney|large_intestine|liver|lung|midbrain,20,2,2,6.708333333333333,7.0,10,1,161,0,1,73,0
10628,22,22,22,adipose_tissue|adrenal_cortex|adrenal_gland|amygdala|artery|astrocyte|basal_ganglion|blood|blood_plasma|blood_platelet|bone|brain|colon|eye|forebrain|gastrointestinal_tract|heart|kidney|large_intestine|liver|lung|midbrain,18,2,2,15.818181818181818,16.0,19,12,348,0,1,17,0
10629,18,18,18,adrenal_cortex|adrenal_gland|amygdala|basal_ganglion|blood|blood_plasma|blood_platelet|bone|brain|colon|forebrain|gastrointestinal_tract|heart|kidney|large_intestine|liver|lung|midbrain,14,2,2,22.22222222222222,22.0,25,19,400,1,1,37,0
10631,10,10,10,adrenal_gland|artery|blood|colon|gastrointestinal_tract|heart|kidney|large_intestine|liver|lung,7,2,1,1.0,1.0,1,1,10,1,1,16,0
10632,16,16,16,amygdala|basal_ganglion|blood|blood_plasma|blood_platelet|brain|colon|eye|forebrain|gastrointestinal_tract|heart|kidney|large_intestine|liver|lung|midbrain,12,2,2,26.125,26.0,29,22,418,1,1,18,0
10636,4,4,4,blood|colon|gastrointestinal_tract|large_intestine,4,0,0,12.5,12.5,13,12,50,2,1,71,0
10642,4,4,4,brain|forebrain|kidney|lung,2,1,1,75.25,77.5,79,67,301,2,1,40,0
10645,18,18,18,adipose_tissue|adrenal_cortex|adrenal_gland|basal_ganglion|blood|blood_plasma|blood_platelet|bone|brain|colon|eye|forebrain|gastrointestinal_tract|heart|kidney|large_intestine|liver|lung,15,2,1,14.444444444444445,15.0,18,10,260,1,1,19,0
10652,21,21,21,adipose_tissue|adrenal_gland|amygdala|aorta|artery|basal_ganglion|basophil|blood|blood_plasma|blood_platelet|brain|colon|eye|forebrain|gastrointestinal_tract|heart|kidney|large_intestine|liver|lung|midbrain,17,2,2,13.714285714285714,14.0,17,3,288,0,1,31,0
10657,3,3,3,blood|bone|liver,3,0,0,73.0,79.0,89,51,219,0,1,61,0
10658,17,17,17,adrenal_gland|amygdala|aorta|artery|basal_ganglion|blood|blood_plasma|blood_platelet|brain|colon|forebrain|gastrointestinal_tract|heart|kidney|large_intestine|liver|lung,14,2,1,14.764705882352942,15.0,19,10,251,3,1,31,0
10659,5,5,5,blood|brain|heart|kidney|lung,2,2,1,5.4,5.0,6,5,27,0,1,7,0
10664,18,18,18,adrenal_cortex|adrenal_gland|amygdala|basal_ganglion|blood|blood_plasma|blood_platelet|bone|brain|colon|forebrain|gastrointestinal_tract|heart|kidney|large_intestine|liver|lung|midbrain,14,2,2,25.27777777777778,26.0,29,19,455,2,1,60,0
10670,18,18,18,adrenal_gland|amygdala|astrocyte|basal_ganglion|blood|blood_plasma|blood_platelet|bone|brain|colon|eye|forebrain|gastrointestinal_tract|heart|kidney|large_intestine|liver|lung,15,2,1,7.722222222222222,7.5,11,5,139,0,1,45,0
10672,24,24,24,adipose_tissue|adrenal_cortex|adrenal_gland|amygdala|aorta|artery|astrocyte|basal_ganglion|basophil|blood|blood_plasma|blood_platelet|bone|brain|colon|eye|forebrain|gastrointestinal_tract|heart|kidney|large_intestine|liver|lung|midbrain,20,2,2,17.75,17.5,28,6,426,1,1,12,0
10683,1,1,1,brain,1,0,0,3.0,3.0,3,3,3,1,1,2,0
10714,12,12,12,amygdala|basal_ganglion|brain|colon|forebrain|gastrointestinal_tract|heart|kidney|large_intestine|liver|lung|midbrain,8,2,2,19.333333333333332,19.0,20,18,232,1,1,24,0
10721,1,1,1,blood,1,0,0,1.0,1.0,1,1,1,0,1,39,0
10725,23,23,23,adipose_tissue|adrenal_gland|amygdala|aorta|artery|astrocyte|basal_ganglion|basophil|blood|blood_plasma|blood_platelet|bone|brain|colon|eye|forebrain|gastrointestinal_tract|heart|kidney|large_intestine|liver|lung|midbrain,19,2,2,4.173913043478261,4.0,7,4,96,3,1,49,0
10728,24,24,24,adipose_tissue|adrenal_cortex|adrenal_gland|amygdala|aorta|artery|astrocyte|basal_ganglion|basophil|blood|blood_plasma|blood_platelet|bone|brain|colon|eye|forebrain|gastrointestinal_tract|heart|kidney|large_intestine|liver|lung|midbrain,20,2,2,40.5,41.0,53,18,972,1,1,33,0
10735,13,13,13,amygdala|basal_ganglion|blood|brain|colon|forebrain|gastrointestinal_tract|heart|kidney|large_intestine|liver|lung|midbrain,9,2,2,19.846153846153847,20.0,21,18,258,7,1,42,0
10747,11,11,11,aorta|artery|blood|blood_plasma|brain|eye|forebrain|heart|kidney|liver|lung,8,2,1,3.0,2.0,5,2,33,1,1,27,0
10755,24,24,24,adipose_tissue|adrenal_cortex|adrenal_gland|amygdala|aorta|artery|astrocyte|basal_ganglion|basophil|blood|blood_plasma|blood_platelet|bone|brain|colon|eye|forebrain|gastrointestinal_tract|heart|kidney|large_intestine|liver|lung|midbrain,20,2,2,19.666666666666668,20.5,26,9,472,1,1,50,0
10758,22,22,22,adipose_tissue|adrenal_gland|amygdala|aorta|artery|astrocyte|basal_ganglion|blood|blood_plasma|blood_platelet|bone|brain|colon|eye|forebrain|gastrointestinal_tract|heart|kidney|large_intestine|liver|lung|midbrain,18,2,2,20.5,20.5,24,17,451,0,1,11,0
10763,13,13,13,adipose_tissue|amygdala|astrocyte|basal_ganglion|blood|brain|colon|eye|forebrain|gastrointestinal_tract|heart|kidney|large_intestine,11,2,0,20.615384615384617,22.0,25,10,268,0,1,24,0
10765,18,18,18,adrenal_cortex|adrenal_gland|amygdala|basal_ganglion|blood|blood_plasma|blood_platelet|bone|brain|colon|forebrain|gastrointestinal_tract|heart|kidney|large_intestine|liver|lung|midbrain,14,2,2,26.5,27.0,32,20,477,0,1,32,0
10766,23,23,23,adipose_tissue|adrenal_gland|amygdala|aorta|artery|astrocyte|basal_ganglion|basophil|blood|blood_plasma|blood_platelet|bone|brain|colon|eye|forebrain|gastrointestinal_tract|heart|kidney|large_intestine|liver|lung|midbrain,19,2,2,4.391304347826087,4.0,6,2,101,2,1,0,1
10769,22,22,22,adipose_tissue|adrenal_gland|amygdala|aorta|artery|astrocyte|basal_ganglion|blood|blood_plasma|blood_platelet|bone|brain|colon|eye|forebrain|gastrointestinal_tract|heart|kidney|large_intestine|liver|lung|midbrain,18,2,2,7.863636363636363,8.0,13,3,173,0,1,59,0
10772,9,9,9,blood|brain|colon|gastrointestinal_tract|heart|kidney|large_intestine|liver|lung,6,2,1,45.22222222222222,45.0,50,41,407,1,1,44,0
10776,3,3,3,basal_ganglion|brain|forebrain,3,0,0,4.0,3.0,7,2,12,0,1,25,0
10782,23,23,23,adipose_tissue|adrenal_cortex|adrenal_gland|amygdala|aorta|artery|basal_ganglion|basophil|blood|blood_plasma|blood_platelet|bone|brain|colon|eye|forebrain|gastrointestinal_tract|heart|kidney|large_intestine|liver|lung|midbrain,19,2,2,2.608695652173913,3.0,4,1,60,1,1,29,0
10783,23,23,23,adipose_tissue|adrenal_cortex|adrenal_gland|amygdala|aorta|artery|astrocyte|basal_ganglion|blood|blood_plasma|blood_platelet|bone|brain|colon|eye|forebrain|gastrointestinal_tract|heart|kidney|large_intestine|liver|lung|midbrain,19,2,2,34.34782608695652,37.0,49,16,790,1,1,48,0
10787,20,20,20,adrenal_cortex|adrenal_gland|amygdala|aorta|artery|basal_ganglion|blood|blood_plasma|bone|brain|colon|eye|forebrain|gastrointestinal_tract|heart|kidney|large_intestine|liver|lung|midbrain,16,2,2,19.95,19.0,26,13,399,0,1,30,0
10791,19,19,19,adipose_tissue|adrenal_gland|amygdala|aorta|artery|basal_ganglion|blood|blood_plasma|brain|colon|eye|forebrain|gastrointestinal_tract|heart|kidney|large_intestine|liver|lung|midbrain,15,2,2,4.473684210526316,5.0,6,3,85,0,1,17,0
10801,21,21,21,adipose_tissue|adrenal_gland|amygdala|aorta|artery|basal_ganglion|blood|blood_plasma|blood_platelet|bone|brain|colon|eye|forebrain|gastrointestinal_tract|heart|kidney|large_intestine|liver|lung|midbrain,17,2,2,20.571428571428573,21.0,23,16,432,1,1,27,0
10808,6,6,6,blood|blood_plasma|eye|gastrointestinal_tract|liver|lung,5,0,1,48.666666666666664,51.0,52,43,292,1,1,16,0
10817,18,18,18,adrenal_cortex|adrenal_gland|amygdala|artery|basal_ganglion|blood|bone|brain|colon|eye|forebrain|gastrointestinal_tract|heart|kidney|large_intestine|liver|lung|midbrain,14,2,2,24.77777777777778,24.0,30,20,446,2,1,5,0
10818,24,24,24,adipose_tissue|adrenal_cortex|adrenal_gland|amygdala|aorta|artery|astrocyte|basal_ganglion|basophil|blood|blood_plasma|blood_platelet|bone|brain|colon|eye|forebrain|gastrointestinal_tract|heart|kidney|large_intestine|liver|lung|midbrain,20,2,2,19.375,19.0,26,10,465,0,1,6,0
10845,16,16,16,amygdala|basal_ganglion|blood|blood_plasma|blood_platelet|brain|colon|eye|forebrain|gastrointestinal_tract|heart|kidney|large_intestine|liver|lung|midbrain,12,2,2,11.375,12.0,13,8,182,0,1,29,0
10848,22,22,22,adipose_tissue|adrenal_cortex|adrenal_gland|amygdala|aorta|artery|basal_ganglion|blood|blood_plasma|blood_platelet|bone|brain|colon|eye|forebrain|gastrointestinal_tract|heart|kidney|large_intestine|liver|lung|midbrain,18,2,2,15.363636363636363,17.0,18,8,338,1,1,8,0
10856,20,20,20,adrenal_cortex|adrenal_gland|amygdala|astrocyte|basal_ganglion|blood|blood_plasma|blood_platelet|bone|brain|colon|eye|forebrain|gastrointestinal_tract|heart|kidney|large_intestine|liver|lung|midbrain,16,2,2,127.05,129.0,156,62,2541,2,1,89,0
10868,10,10,10,blood|brain|colon|eye|gastrointestinal_tract|heart|kidney|large_intestine|liver|lung,7,2,1,28.5,28.5,33,23,285,1,1,31,0
10869,20,20,20,adrenal_gland|amygdala|aorta|artery|basal_ganglion|blood|blood_plasma|blood_platelet|bone|brain|colon|eye|forebrain|gastrointestinal_tract|heart|kidney|large_intestine|liver|lung|midbrain,16,2,2,28.45,29.0,34,20,569,1,1,42,0
10891,9,9,9,adipose_tissue|brain|colon|gastrointestinal_tract|heart|kidney|large_intestine|liver|lung,6,2,1,41.44444444444444,41.0,46,30,373,5,1,60,0
10892,24,24,24,adipose_tissue|adrenal_cortex|adrenal_gland|amygdala|aorta|artery|astrocyte|basal_ganglion|basophil|blood|blood_plasma|blood_platelet|bone|brain|colon|eye|forebrain|gastrointestinal_tract|heart|kidney|large_intestine|liver|lung|midbrain,20,2,2,23.375,23.0,30,13,561,0,1,73,0
10899,20,20,20,adrenal_cortex|adrenal_gland|amygdala|aorta|artery|basal_ganglion|blood|blood_plasma|bone|brain|colon|eye|forebrain|gastrointestinal_tract|heart|kidney|large_intestine|liver|lung|midbrain,16,2,2,1.95,2.0,2,1,39,1,1,31,0
10901,16,16,16,adrenal_gland|amygdala|basal_ganglion|blood|blood_plasma|brain|colon|eye|forebrain|gastrointestinal_tract|heart|kidney|large_intestine|liver|lung|midbrain,12,2,2,4.5625,5.0,5,4,73,2,1,32,0
10902,18,18,18,adrenal_cortex|adrenal_gland|amygdala|basal_ganglion|blood|blood_plasma|blood_platelet|bone|brain|colon|forebrain|gastrointestinal_tract|heart|kidney|large_intestine|liver|lung|midbrain,14,2,2,15.61111111111111,15.5,18,14,281,1,1,35,0
10905,20,20,20,adrenal_cortex|adrenal_gland|amygdala|artery|basal_ganglion|blood|blood_plasma|blood_platelet|bone|brain|colon|eye|forebrain|gastrointestinal_tract|heart|kidney|large_intestine|liver|lung|midbrain,16,2,2,3.3,3.0,4,2,66,1,1,14,0
10908,24,24,24,adipose_tissue|adrenal_cortex|adrenal_gland|amygdala|aorta|artery|astrocyte|basal_ganglion|basophil|blood|blood_plasma|blood_platelet|bone|brain|colon|eye|forebrain|gastrointestinal_tract|heart|kidney|large_intestine|liver|lung|midbrain,20,2,2,5.25,5.0,9,2,126,1,1,4,0
10912,3,3,3,brain|heart|liver,2,1,0,23.333333333333332,23.0,25,22,70,1,1,31,0
10919,18,18,18,adrenal_cortex|adrenal_gland|amygdala|basal_ganglion|blood|blood_plasma|blood_platelet|bone|brain|colon|forebrain|gastrointestinal_tract|heart|kidney|large_intestine|liver|lung|midbrain,14,2,2,51.05555555555556,52.5,61,39,919,2,1,67,0
10921,9,9,9,blood|brain|colon|gastrointestinal_tract|heart|kidney|large_intestine|liver|lung,6,2,1,101.11111111111111,103.0,107,93,910,1,1,51,0
10922,15,15,15,adrenal_gland|amygdala|aorta|artery|basal_ganglion|blood|brain|colon|forebrain|gastrointestinal_tract|heart|kidney|large_intestine|liver|lung,12,2,1,4.466666666666667,5.0,5,3,67,0,1,27,0
10928,20,20,20,adrenal_gland|amygdala|aorta|artery|basal_ganglion|blood|blood_plasma|blood_platelet|bone|brain|colon|eye|forebrain|gastrointestinal_tract|heart|kidney|large_intestine|liver|lung|midbrain,16,2,2,25.6,25.0,29,21,512,1,1,15,0
10930,8,8,8,blood|colon|gastrointestinal_tract|heart|kidney|large_intestine|liver|lung,5,2,1,2.0,2.0,2,2,16,1,1,15,0
10933,18,18,18,adrenal_cortex|adrenal_gland|amygdala|basal_ganglion|blood|blood_plasma|blood_platelet|bone|brain|colon|forebrain|gastrointestinal_tract|heart|kidney|large_intestine|liver|lung|midbrain,14,2,2,44.55555555555556,44.0,51,33,802,1,1,36,0
10935,24,24,24,adipose_tissue|adrenal_cortex|adrenal_gland|amygdala|aorta|artery|astrocyte|basal_ganglion|basophil|blood|blood_plasma|blood_platelet|bone|brain|colon|eye|forebrain|gastrointestinal_tract|heart|kidney|large_intestine|liver|lung|midbrain,20,2,2,32.666666666666664,34.0,42,11,784,0,1,77,0
10938,22,22,22,adipose_tissue|adrenal_cortex|adrenal_gland|amygdala|aorta|artery|basal_ganglion|blood|blood_plasma|blood_platelet|bone|brain|colon|eye|forebrain|gastrointestinal_tract|heart|kidney|large_intestine|liver|lung|midbrain,18,2,2,22.954545454545453,23.5,29,13,505,2,1,49,0
10939,23,23,23,adipose_tissue|adrenal_cortex|adrenal_gland|amygdala|aorta|artery|astrocyte|basal_ganglion|blood|blood_plasma|blood_platelet|bone|brain|colon|eye|forebrain|gastrointestinal_tract|heart|kidney|large_intestine|liver|lung|midbrain,19,2,2,19.08695652173913,21.0,24,12,439,0,1,8,0
10943,6,6,6,blood|brain|heart|kidney|liver|lung,3,2,1,5.666666666666667,6.0,6,5,34,0,1,35,0
10952,22,22,22,adipose_tissue|adrenal_gland|amygdala|aorta|artery|astrocyte|basal_ganglion|blood|blood_plasma|blood_platelet|bone|brain|colon|eye|forebrain|gastrointestinal_tract|heart|kidney|large_intestine|liver|lung|midbrain,18,2,2,14.136363636363637,14.0,19,7,311,0,1,36,0
10955,22,22,22,adipose_tissue|adrenal_cortex|adrenal_gland|amygdala|aorta|artery|astrocyte|basal_ganglion|blood|blood_plasma|blood_platelet|brain|colon|eye|forebrain|gastrointestinal_tract|heart|kidney|large_intestine|liver|lung|midbrain,18,2,2,2.1818181818181817,2.0,3,2,48,2,1,3,0
10956,20,20,20,adrenal_gland|amygdala|aorta|artery|basal_ganglion|blood|blood_plasma|blood_platelet|bone|brain|colon|eye|forebrain|gastrointestinal_tract|heart|kidney|large_intestine|liver|lung|midbrain,16,2,2,26.4,26.0,30,22,528,1,1,43,0
10959,19,19,19,adrenal_cortex|adrenal_gland|amygdala|basal_ganglion|blood|blood_plasma|blood_platelet|bone|brain|colon|eye|forebrain|gastrointestinal_tract|heart|kidney|large_intestine|liver|lung|midbrain,15,2,2,9.631578947368421,10.0,14,5,183,1,1,29,0
10965,14,14,14,adrenal_gland|amygdala|basal_ganglion|blood|brain|colon|forebrain|gastrointestinal_tract|heart|kidney|large_intestine|liver|lung|midbrain,10,2,2,1.0,1.0,1,1,14,0,1,24,0
10972,21,21,21,adipose_tissue|adrenal_gland|amygdala|aorta|artery|basal_ganglion|basophil|blood|blood_plasma|blood_platelet|brain|colon|eye|forebrain|gastrointestinal_tract|heart|kidney|large_intestine|liver|lung|midbrain,17,2,2,13.142857142857142,14.0,16,5,276,0,1,42,0
10975,4,4,4,brain|heart|kidney|liver,2,2,0,15.0,15.0,15,15,60,1,1,0,1
10978,15,15,15,adrenal_gland|amygdala|aorta|artery|basal_ganglion|blood|brain|colon|forebrain|gastrointestinal_tract|heart|kidney|large_intestine|liver|lung,12,2,1,15.6,16.0,19,12,234,1,1,35,0
10987,23,23,23,adipose_tissue|adrenal_cortex|adrenal_gland|amygdala|aorta|artery|basal_ganglion|basophil|blood|blood_plasma|blood_platelet|bone|brain|colon|eye|forebrain|gastrointestinal_tract|heart|kidney|large_intestine|liver|lung|midbrain,19,2,2,209.95652173913044,212.0,286,58,4829,0,1,76,0
10991,4,4,4,brain|heart|kidney|liver,2,2,0,3.0,3.0,3,3,12,2,1,13,0
10993,1,1,1,liver,1,0,0,2.0,2.0,2,2,2,1,1,25,0
10998,19,19,19,adipose_tissue|adrenal_cortex|adrenal_gland|basal_ganglion|blood|blood_plasma|blood_platelet|bone|brain|colon|eye|forebrain|gastrointestinal_tract|heart|kidney|large_intestine|liver|lung|midbrain,15,2,2,1.0526315789473684,1.0,2,1,20,1,1,23,0
11001,4,4,4,brain|heart|kidney|liver,2,2,0,13.0,13.0,13,13,52,0,1,34,0
11004,8,8,8,blood|blood_plasma|brain|eye|heart|kidney|liver|lung,5,2,1,24.625,26.0,27,18,197,0,1,28,0
11011,4,4,4,bone|colon|gastrointestinal_tract|large_intestine,4,0,0,7.75,8.0,8,7,31,1,1,51,0
11030,20,20,20,adipose_tissue|amygdala|artery|astrocyte|basal_ganglion|blood|blood_plasma|blood_platelet|bone|brain|colon|eye|forebrain|gastrointestinal_tract|heart|kidney|large_intestine|liver|lung|midbrain,16,2,2,41.2,40.5,59,20,824,2,1,45,0
11033,20,20,20,adrenal_gland|amygdala|aorta|artery|basal_ganglion|blood|blood_plasma|blood_platelet|bone|brain|colon|eye|forebrain|gastrointestinal_tract|heart|kidney|large_intestine|liver|lung|midbrain,16,2,2,12.0,13.0,14,7,240,2,1,15,0
11034,20,20,20,adipose_tissue|adrenal_gland|amygdala|aorta|artery|basal_ganglion|blood|blood_plasma|blood_platelet|brain|colon|eye|forebrain|gastrointestinal_tract|heart|kidney|large_intestine|liver|lung|midbrain,16,2,2,30.05,30.0,38,20,601,0,1,18,0
11035,10,10,10,basal_ganglion|blood|brain|colon|forebrain|gastrointestinal_tract|heart|kidney|large_intestine|midbrain,7,2,1,57.4,57.5,63,48,574,0,1,68,0
11040,22,22,22,adipose_tissue|adrenal_gland|amygdala|aorta|artery|astrocyte|basal_ganglion|blood|blood_plasma|blood_platelet|bone|brain|colon|eye|forebrain|gastrointestinal_tract|heart|kidney|large_intestine|liver|lung|midbrain,18,2,2,9.227272727272727,10.0,10,6,203,2,1,57,0
11047,23,23,23,adipose_tissue|adrenal_cortex|adrenal_gland|amygdala|artery|astrocyte|basal_ganglion|basophil|blood|blood_plasma|blood_platelet|bone|brain|colon|eye|forebrain|gastrointestinal_tract|heart|kidney|large_intestine|liver|lung|midbrain,19,2,2,27.17391304347826,29.0,36,8,625,0,1,29,0
11051,21,21,21,adipose_tissue|adrenal_gland|amygdala|aorta|artery|basal_ganglion|blood|blood_plasma|blood_platelet|bone|brain|colon|eye|forebrain|gastrointestinal_tract|heart|kidney|large_intestine|liver|lung|midbrain,17,2,2,89.52380952380952,94.0,118,48,1880,2,1,36,0
11052,21,21,21,adipose_tissue|adrenal_gland|amygdala|aorta|artery|basal_ganglion|blood|blood_plasma|blood_platelet|bone|brain|colon|eye|forebrain|gastrointestinal_tract|heart|kidney|large_intestine|liver|lung|midbrain,17,2,2,70.61904761904762,75.0,97,30,1483,0,1,36,0
11059,20,20,20,adrenal_gland|amygdala|aorta|artery|basal_ganglion|blood|blood_plasma|blood_platelet|bone|brain|colon|eye|forebrain|gastrointestinal_tract|heart|kidney|large_intestine|liver|lung|midbrain,16,2,2,39.2,39.5,46,34,784,0,1,32,0
11060,20,20,20,adrenal_gland|amygdala|aorta|artery|basal_ganglion|blood|blood_plasma|blood_platelet|bone|brain|colon|eye|forebrain|gastrointestinal_tract|heart|kidney|large_intestine|liver|lung|midbrain,16,2,2,45.35,43.0,54,34,907,1,1,59,0
11069,9,9,9,adrenal_gland|amygdala|basal_ganglion|brain|colon|forebrain|gastrointestinal_tract|large_intestine|liver,9,0,0,6.333333333333333,7.0,7,5,57,2,1,5,0
11073,15,15,15,amygdala|basal_ganglion|blood|bone|brain|colon|eye|forebrain|gastrointestinal_tract|heart|kidney|large_intestine|liver|lung|midbrain,11,2,2,35.733333333333334,37.0,39,29,536,1,1,20,0
11076,18,18,18,adrenal_gland|amygdala|aorta|artery|basal_ganglion|blood|blood_plasma|brain|colon|eye|forebrain|gastrointestinal_tract|heart|kidney|large_intestine|liver|lung|midbrain,14,2,2,6.5,6.0,8,6,117,0,1,28,0
11082,1,1,1,heart,0,1,0,1.0,1.0,1,1,1,0,1,14,0
11091,18,18,18,adrenal_cortex|adrenal_gland|amygdala|basal_ganglion|blood|blood_plasma|blood_platelet|bone|brain|colon|forebrain|gastrointestinal_tract|heart|kidney|large_intestine|liver|lung|midbrain,14,2,2,99.44444444444444,102.0,109,76,1790,1,1,38,0
11104,24,24,24,adipose_tissue|adrenal_cortex|adrenal_gland|amygdala|aorta|artery|astrocyte|basal_ganglion|basophil|blood|blood_plasma|blood_platelet|bone|brain|colon|eye|forebrain|gastrointestinal_tract|heart|kidney|large_intestine|liver|lung|midbrain,20,2,2,18.833333333333332,20.5,24,3,452,0,1,16,0
11107,3,3,3,colon|gastrointestinal_tract|large_intestine,3,0,0,2.0,2.0,2,2,6,0,1,58,0
11117,12,12,12,adrenal_gland|aorta|artery|blood|blood_plasma|colon|gastrointestinal_tract|heart|kidney|large_intestine|liver|lung,9,2,1,9.5,9.5,11,8,114,0,1,8,0
11120,24,24,24,adipose_tissue|adrenal_cortex|adrenal_gland|amygdala|aorta|artery|astrocyte|basal_ganglion|basophil|blood|blood_plasma|blood_platelet|bone|brain|colon|eye|forebrain|gastrointestinal_tract|heart|kidney|large_intestine|liver|lung|midbrain,20,2,2,6.041666666666667,6.0,10,1,145,0,1,8,0
11124,22,22,22,adipose_tissue|adrenal_gland|amygdala|aorta|artery|astrocyte|basal_ganglion|blood|blood_plasma|blood_platelet|bone|brain|colon|eye|forebrain|gastrointestinal_tract|heart|kidney|large_intestine|liver|lung|midbrain,18,2,2,48.95454545454545,50.5,63,23,1077,1,1,41,0
11127,1,1,1,eye,1,0,0,16.0,16.0,16,16,16,1,1,30,0
11128,22,22,22,adipose_tissue|adrenal_gland|amygdala|aorta|artery|astrocyte|basal_ganglion|blood|blood_plasma|blood_platelet|bone|brain|colon|eye|forebrain|gastrointestinal_tract|heart|kidney|large_intestine|liver|lung|midbrain,18,2,2,14.636363636363637,15.0,19,10,322,0,1,25,0
11130,20,20,20,adrenal_cortex|adrenal_gland|amygdala|aorta|artery|basal_ganglion|blood|blood_plasma|bone|brain|colon|eye|forebrain|gastrointestinal_tract|heart|kidney|large_intestine|liver|lung|midbrain,16,2,2,29.3,30.5,36,17,586,0,1,27,0
11132,9,9,9,blood|brain|colon|gastrointestinal_tract|heart|kidney|large_intestine|liver|lung,6,2,1,1.0,1.0,1,1,9,0,1,39,0
11135,21,21,21,adrenal_gland|amygdala|aorta|artery|astrocyte|basal_ganglion|blood|blood_plasma|blood_platelet|bone|brain|colon|eye|forebrain|gastrointestinal_tract|heart|kidney|large_intestine|liver|lung|midbrain,17,2,2,7.285714285714286,8.0,8,5,153,1,1,25,0
11140,14,14,14,adipose_tissue|aorta|artery|blood|blood_plasma|brain|colon|eye|gastrointestinal_tract|heart|kidney|large_intestine|liver|lung,11,2,1,101.64285714285714,107.0,125,67,1423,1,1,22,0
11143,18,18,18,adrenal_cortex|adrenal_gland|amygdala|basal_ganglion|blood|blood_plasma|blood_platelet|bone|brain|colon|forebrain|gastrointestinal_tract|heart|kidney|large_intestine|liver|lung|midbrain,14,2,2,32.94444444444444,33.5,37,26,593,3,1,45,0
11149,3,3,3,aorta|artery|heart,2,1,0,1.0,1.0,1,1,3,0,1,35,0
11151,4,4,4,blood|blood_plasma|brain|eye,4,0,0,11.5,11.5,14,9,46,2,1,51,0
11160,20,20,20,adrenal_gland|amygdala|aorta|artery|basal_ganglion|blood|blood_plasma|blood_platelet|bone|brain|colon|eye|forebrain|gastrointestinal_tract|heart|kidney|large_intestine|liver|lung|midbrain,16,2,2,32.8,34.0,40,23,656,0,1,68,0
11168,15,15,15,adrenal_gland|amygdala|aorta|artery|basal_ganglion|blood|brain|colon|forebrain|gastrointestinal_tract|heart|kidney|large_intestine|liver|lung,12,2,1,23.2,27.0,27,12,348,2,1,22,0
11171,22,22,22,adrenal_gland|amygdala|aorta|artery|astrocyte|basal_ganglion|basophil|blood|blood_plasma|blood_platelet|bone|brain|colon|eye|forebrain|gastrointestinal_tract|heart|kidney|large_intestine|liver|lung|midbrain,18,2,2,36.59090909090909,37.0,46,20,805,1,1,43,0
11176,18,18,18,adrenal_cortex|adrenal_gland|amygdala|basal_ganglion|blood|blood_plasma|blood_platelet|bone|brain|colon|forebrain|gastrointestinal_tract|heart|kidney|large_intestine|liver|lung|midbrain,14,2,2,14.722222222222221,14.5,16,13,265,4,1,68,0
11184,1,1,1,blood,1,0,0,31.0,31.0,31,31,31,2,1,28,0
11186,21,21,21,adrenal_gland|amygdala|aorta|artery|astrocyte|basal_ganglion|blood|blood_plasma|blood_platelet|bone|brain|colon|eye|forebrain|gastrointestinal_tract|heart|kidney|large_intestine|liver|lung|midbrain,17,2,2,31.38095238095238,32.0,37,19,659,1,1,23,0
11188,21,21,21,adrenal_gland|amygdala|aorta|artery|astrocyte|basal_ganglion|blood|blood_plasma|blood_platelet|bone|brain|colon|eye|forebrain|gastrointestinal_tract|heart|kidney|large_intestine|liver|lung|midbrain,17,2,2,4.904761904761905,4.0,7,3,103,1,1,6,0
11189,1,1,1,brain,1,0,0,2.0,2.0,2,2,2,3,1,46,0
11190,13,13,13,amygdala|basal_ganglion|blood|brain|colon|forebrain|gastrointestinal_tract|heart|kidney|large_intestine|liver|lung|midbrain,9,2,2,76.23076923076923,78.0,86,59,991,0,1,33,0
11193,15,15,15,adrenal_gland|amygdala|aorta|artery|basal_ganglion|blood|brain|colon|forebrain|gastrointestinal_tract|heart|kidney|large_intestine|liver|lung,12,2,1,13.266666666666667,13.0,17,8,199,2,1,20,0
11200,2,2,2,brain|gastrointestinal_tract,2,0,0,56.5,56.5,57,56,113,0,1,84,0
11213,7,7,7,blood|colon|gastrointestinal_tract|heart|kidney|large_intestine|lung,4,2,1,11.142857142857142,11.0,13,10,78,1,1,77,0
11218,22,22,22,adipose_tissue|adrenal_cortex|adrenal_gland|amygdala|aorta|artery|astrocyte|basal_ganglion|blood|blood_plasma|blood_platelet|brain|colon|eye|forebrain|gastrointestinal_tract|heart|kidney|large_intestine|liver|lung|midbrain,18,2,2,38.54545454545455,39.5,51,24,848,0,1,43,0
11221,24,24,24,adipose_tissue|adrenal_cortex|adrenal_gland|amygdala|aorta|artery|astrocyte|basal_ganglion|basophil|blood|blood_plasma|blood_platelet|bone|brain|colon|eye|forebrain|gastrointestinal_tract|heart|kidney|large_intestine|liver|lung|midbrain,20,2,2,6.833333333333333,7.0,8,4,164,2,1,47,0
11236,19,19,19,adrenal_gland|amygdala|aorta|artery|basal_ganglion|blood|blood_plasma|bone|brain|colon|eye|forebrain|gastrointestinal_tract|heart|kidney|large_intestine|liver|lung|midbrain,15,2,2,10.263157894736842,10.0,11,8,195,1,1,64,0
11251,1,1,1,blood,1,0,0,1.0,1.0,1,1,1,1,1,6,0
11253,20,20,20,adrenal_gland|amygdala|aorta|artery|basal_ganglion|blood|blood_plasma|blood_platelet|bone|brain|colon|eye|forebrain|gastrointestinal_tract|heart|kidney|large_intestine|liver|lung|midbrain,16,2,2,1.65,2.0,2,1,33,1,1,30,0
11260,3,3,3,blood|bone|liver,3,0,0,15.333333333333334,16.0,18,12,46,0,1,21,0
11284,19,19,19,adipose_tissue|adrenal_cortex|adrenal_gland|artery|astrocyte|basal_ganglion|blood|blood_plasma|blood_platelet|brain|colon|eye|forebrain|gastrointestinal_tract|heart|kidney|large_intestine|liver|lung,16,2,1,24.57894736842105,28.0,34,9,467,1,1,60,0
11285,22,22,22,adipose_tissue|adrenal_cortex|adrenal_gland|amygdala|aorta|artery|basal_ganglion|blood|blood_plasma|blood_platelet|bone|brain|colon|eye|forebrain|gastrointestinal_tract|heart|kidney|large_intestine|liver|lung|midbrain,18,2,2,7.136363636363637,7.5,10,3,157,0,1,37,0
11315,23,23,23,adipose_tissue|adrenal_cortex|adrenal_gland|amygdala|aorta|artery|astrocyte|basal_ganglion|blood|blood_plasma|blood_platelet|bone|brain|colon|eye|forebrain|gastrointestinal_tract|heart|kidney|large_intestine|liver|lung|midbrain,19,2,2,40.78260869565217,44.0,50,25,938,1,1,98,0
11325,20,20,20,adipose_tissue|adrenal_gland|amygdala|aorta|artery|basal_ganglion|blood|blood_plasma|blood_platelet|brain|colon|eye|forebrain|gastrointestinal_tract|heart|kidney|large_intestine|liver|lung|midbrain,16,2,2,11.95,13.5,17,3,239,0,1,23,0
11326,24,24,24,adipose_tissue|adrenal_cortex|adrenal_gland|amygdala|aorta|artery|astrocyte|basal_ganglion|basophil|blood|blood_plasma|blood_platelet|bone|brain|colon|eye|forebrain|gastrointestinal_tract|heart|kidney|large_intestine|liver|lung|midbrain,20,2,2,15.416666666666666,17.0,19,6,370,0,1,8,0
11328,6,6,6,blood|blood_plasma|eye|gastrointestinal_tract|liver|lung,5,0,1,8.666666666666666,8.5,10,8,52,0,1,12,0
11331,24,24,24,adipose_tissue|adrenal_cortex|adrenal_gland|amygdala|aorta|artery|astrocyte|basal_ganglion|basophil|blood|blood_plasma|blood_platelet|bone|brain|colon|eye|forebrain|gastrointestinal_tract|heart|kidney|large_intestine|liver|lung|midbrain,20,2,2,82.70833333333333,86.0,113,23,1985,2,1,80,0
11338,15,15,15,adrenal_gland|amygdala|aorta|artery|basal_ganglion|blood|brain|colon|forebrain|gastrointestinal_tract|heart|kidney|large_intestine|liver|lung,12,2,1,112.4,115.0,134,78,1686,4,1,61,0
11342,19,19,19,adrenal_gland|amygdala|aorta|artery|basal_ganglion|blood|blood_plasma|bone|brain|colon|eye|forebrain|gastrointestinal_tract|heart|kidney|large_intestine|liver|lung|midbrain,15,2,2,13.789473684210526,14.0,17,12,262,2,1,23,0
11343,23,23,23,adipose_tissue|adrenal_cortex|adrenal_gland|amygdala|aorta|artery|astrocyte|basal_ganglion|blood|blood_plasma|blood_platelet|bone|brain|colon|eye|forebrain|gastrointestinal_tract|heart|kidney|large_intestine|liver|lung|midbrain,19,2,2,2.5217391304347827,2.0,5,1,58,2,1,28,0
11344,23,23,23,adipose_tissue|adrenal_cortex|adrenal_gland|amygdala|aorta|artery|astrocyte|basal_ganglion|blood|blood_plasma|blood_platelet|bone|brain|colon|eye|forebrain|gastrointestinal_tract|heart|kidney|large_intestine|liver|lung|midbrain,19,2,2,15.652173913043478,17.0,20,5,360,1,1,46,0
22795,2,2,2,heart|kidney,0,2,0,9.5,9.5,10,9,19,0,1,8,0
22797,2,2,2,blood|kidney,1,1,0,6.0,6.0,7,5,12,0,1,8,0
22800,21,21,21,adrenal_gland|amygdala|aorta|artery|astrocyte|basal_ganglion|blood|blood_plasma|blood_platelet|bone|brain|colon|eye|forebrain|gastrointestinal_tract|heart|kidney|large_intestine|liver|lung|midbrain,17,2,2,19.61904761904762,21.0,24,10,412,1,1,18,0
22801,11,11,11,blood|bone|brain|colon|eye|gastrointestinal_tract|heart|kidney|large_intestine|liver|lung,8,2,1,2.0,2.0,3,1,22,0,1,19,0
22809,20,20,20,adipose_tissue|adrenal_gland|amygdala|aorta|artery|basal_ganglion|blood|blood_plasma|blood_platelet|brain|colon|eye|forebrain|gastrointestinal_tract|heart|kidney|large_intestine|liver|lung|midbrain,16,2,2,6.9,7.0,9,5,138,3,1,63,0
22821,21,21,21,adipose_tissue|adrenal_gland|amygdala|aorta|artery|basal_ganglion|blood|blood_plasma|blood_platelet|bone|brain|colon|eye|forebrain|gastrointestinal_tract|heart|kidney|large_intestine|liver|lung|midbrain,17,2,2,4.095238095238095,4.0,6,2,86,0,1,4,0
22836,20,20,20,adrenal_gland|amygdala|aorta|artery|basal_ganglion|blood|blood_plasma|blood_platelet|bone|brain|colon|eye|forebrain|gastrointestinal_tract|heart|kidney|large_intestine|liver|lung|midbrain,16,2,2,9.35,9.5,11,7,187,0,1,20,0
22845,15,15,15,adrenal_gland|amygdala|basal_ganglion|blood|brain|colon|eye|forebrain|gastrointestinal_tract|heart|kidney|large_intestine|liver|lung|midbrain,11,2,2,1.7333333333333334,1.0,3,1,26,1,1,19,0
22846,9,9,9,amygdala|basal_ganglion|brain|forebrain|heart|kidney|liver|lung|midbrain,5,2,2,1.0,1.0,1,1,9,0,1,25,0
22853,18,18,18,adipose_tissue|adrenal_cortex|adrenal_gland|basal_ganglion|blood|blood_plasma|blood_platelet|bone|brain|colon|eye|forebrain|gastrointestinal_tract|heart|kidney|large_intestine|liver|lung,15,2,1,6.888888888888889,7.0,8,5,124,1,1,31,0
22854,4,4,4,amygdala|basal_ganglion|brain|forebrain,4,0,0,1.0,1.0,1,1,4,0,1,11,0
22856,17,17,17,adrenal_gland|amygdala|aorta|artery|basal_ganglion|blood|bone|brain|colon|forebrain|gastrointestinal_tract|heart|kidney|large_intestine|liver|lung|midbrain,13,2,2,6.117647058823529,6.0,10,3,104,0,1,19,0
22861,13,13,13,amygdala|basal_ganglion|blood|brain|colon|forebrain|gastrointestinal_tract|heart|kidney|large_intestine|liver|lung|midbrain,9,2,2,13.76923076923077,15.0,18,10,179,1,1,44,0
22862,22,22,22,adipose_tissue|adrenal_cortex|adrenal_gland|amygdala|aorta|artery|basal_ganglion|blood|blood_plasma|blood_platelet|bone|brain|colon|eye|forebrain|gastrointestinal_tract|heart|kidney|large_intestine|liver|lung|midbrain,18,2,2,6.0,6.0,9,3,132,0,1,16,0
22863,9,9,9,amygdala|basal_ganglion|brain|forebrain|heart|kidney|liver|lung|midbrain,5,2,2,4.444444444444445,4.0,5,4,40,0,1,56,0
22865,4,4,4,basal_ganglion|forebrain|heart|lung,2,1,1,1.0,1.0,1,1,4,1,1,0,1
22871,1,1,1,brain,1,0,0,5.0,5.0,5,5,5,1,1,46,0
22872,21,21,21,adipose_tissue|adrenal_cortex|adrenal_gland|amygdala|aorta|artery|basal_ganglion|blood|blood_plasma|blood_platelet|brain|colon|eye|forebrain|gastrointestinal_tract|heart|kidney|large_intestine|liver|lung|midbrain,17,2,2,11.761904761904763,12.0,18,5,247,0,1,18,0
22882,17,17,17,adrenal_gland|amygdala|artery|basal_ganglion|blood|bone|brain|colon|eye|forebrain|gastrointestinal_tract|heart|kidney|large_intestine|liver|lung|midbrain,13,2,2,7.588235294117647,8.0,9,7,129,6,1,42,0
22893,18,18,18,adrenal_cortex|adrenal_gland|amygdala|basal_ganglion|blood|blood_plasma|blood_platelet|bone|brain|colon|forebrain|gastrointestinal_tract|heart|kidney|large_intestine|liver|lung|midbrain,14,2,2,12.666666666666666,12.5,15,10,228,2,1,39,0
22894,20,20,20,adrenal_gland|amygdala|aorta|artery|basal_ganglion|blood|blood_plasma|blood_platelet|bone|brain|colon|eye|forebrain|gastrointestinal_tract|heart|kidney|large_intestine|liver|lung|midbrain,16,2,2,14.3,13.0,19,8,286,0,1,23,0
22899,5,5,5,brain|heart|kidney|liver|lung,2,2,1,4.6,5.0,5,3,23,2,1,17,0
22900,24,24,24,adipose_tissue|adrenal_cortex|adrenal_gland|amygdala|aorta|artery|astrocyte|basal_ganglion|basophil|blood|blood_plasma|blood_platelet|bone|brain|colon|eye|forebrain|gastrointestinal_tract|heart|kidney|large_intestine|liver|lung|midbrain,20,2,2,18.75,21.0,25,7,450,1,1,43,0
22906,1,1,1,liver,1,0,0,8.0,8.0,8,8,8,0,1,49,0
22909,9,9,9,amygdala|basal_ganglion|brain|forebrain|heart|kidney|liver|lung|midbrain,5,2,2,15.666666666666666,16.0,19,13,141,0,1,38,0
22914,1,1,1,blood,1,0,0,2.0,2.0,2,2,2,1,1,13,0
22916,9,9,9,blood|brain|colon|gastrointestinal_tract|heart|kidney|large_intestine|liver|lung,6,2,1,60.77777777777778,63.0,65,55,547,0,1,66,0
22918,3,3,3,blood|blood_plasma|blood_platelet,3,0,0,10.0,11.0,12,7,30,0,1,20,0
22919,18,18,18,adrenal_gland|amygdala|aorta|artery|basal_ganglion|blood|blood_plasma|brain|colon|eye|forebrain|gastrointestinal_tract|heart|kidney|large_intestine|liver|lung|midbrain,14,2,2,67.05555555555556,69.0,80,45,1207,0,1,27,0
22920,22,22,22,adipose_tissue|adrenal_gland|amygdala|aorta|artery|basal_ganglion|basophil|blood|blood_plasma|blood_platelet|bone|brain|colon|eye|forebrain|gastrointestinal_tract|heart|kidney|large_intestine|liver|lung|midbrain,18,2,2,22.59090909090909,23.0,29,10,497,2,1,22,0
22930,23,23,23,adipose_tissue|adrenal_cortex|adrenal_gland|amygdala|aorta|artery|astrocyte|basal_ganglion|blood|blood_plasma|blood_platelet|bone|brain|colon|eye|forebrain|gastrointestinal_tract|heart|kidney|large_intestine|liver|lung|midbrain,19,2,2,7.3478260869565215,8.0,10,3,169,0,1,62,0
22933,18,18,18,adrenal_cortex|adrenal_gland|amygdala|basal_ganglion|blood|blood_plasma|blood_platelet|bone|brain|colon|forebrain|gastrointestinal_tract|heart|kidney|large_intestine|liver|lung|midbrain,14,2,2,28.555555555555557,29.0,32,22,514,2,1,94,0
22937,22,22,22,adipose_tissue|adrenal_cortex|adrenal_gland|amygdala|aorta|artery|astrocyte|basal_ganglion|blood|blood_plasma|blood_platelet|brain|colon|eye|forebrain|gastrointestinal_tract|heart|kidney|large_intestine|liver|lung|midbrain,18,2,2,7.7272727272727275,7.0,11,2,170,1,1,36,0
22938,15,15,15,adrenal_gland|amygdala|aorta|artery|basal_ganglion|blood|brain|colon|forebrain|gastrointestinal_tract|heart|kidney|large_intestine|liver|lung,12,2,1,98.4,101.0,113,71,1476,1,1,84,0
22943,2,2,2,kidney|liver,1,1,0,6.5,6.5,7,6,13,0,1,46,0
22948,20,20,20,adipose_tissue|amygdala|aorta|artery|astrocyte|basal_ganglion|blood|blood_plasma|blood_platelet|brain|colon|eye|forebrain|gastrointestinal_tract|heart|kidney|large_intestine|liver|lung|midbrain,16,2,2,55.45,59.0,70,28,1109,0,1,48,0
22953,7,7,7,amygdala|basal_ganglion|brain|forebrain|heart|kidney|liver,5,2,0,2.0,2.0,2,2,14,1,1,8,0
22954,22,22,22,adrenal_cortex|adrenal_gland|amygdala|aorta|artery|astrocyte|basal_ganglion|blood|blood_plasma|blood_platelet|bone|brain|colon|eye|forebrain|gastrointestinal_tract|heart|kidney|large_intestine|liver|lung|midbrain,18,2,2,37.5,40.5,46,19,825,0,1,85,0
22955,19,19,19,adrenal_cortex|adrenal_gland|amygdala|basal_ganglion|blood|blood_plasma|blood_platelet|bone|brain|colon|eye|forebrain|gastrointestinal_tract|heart|kidney|large_intestine|liver|lung|midbrain,15,2,2,14.157894736842104,15.0,15,11,269,0,1,12,0
22976,24,24,24,adipose_tissue|adrenal_cortex|adrenal_gland|amygdala|aorta|artery|astrocyte|basal_ganglion|basophil|blood|blood_plasma|blood_platelet|bone|brain|colon|eye|forebrain|gastrointestinal_tract|heart|kidney|large_intestine|liver|lung|midbrain,20,2,2,72.375,77.0,106,10,1737,0,1,76,0
22985,23,23,23,adipose_tissue|adrenal_gland|amygdala|aorta|artery|astrocyte|basal_ganglion|basophil|blood|blood_plasma|blood_platelet|bone|brain|colon|eye|forebrain|gastrointestinal_tract|heart|kidney|large_intestine|liver|lung|midbrain,19,2,2,60.21739130434783,62.0,88,10,1385,3,1,44,0
22995,5,5,5,brain|heart|kidney|liver|lung,2,2,1,33.0,33.0,34,32,165,0,1,20,0
23005,6,6,6,brain|gastrointestinal_tract|heart|kidney|liver|lung,3,2,1,9.666666666666666,10.0,11,8,58,0,1,0,1
23007,5,5,5,amygdala|basal_ganglion|brain|forebrain|midbrain,4,0,1,12.0,11.0,15,11,60,0,1,15,0
23011,20,20,20,adrenal_gland|amygdala|aorta|artery|basal_ganglion|blood|blood_plasma|blood_platelet|bone|brain|colon|eye|forebrain|gastrointestinal_tract|heart|kidney|large_intestine|liver|lung|midbrain,16,2,2,4.8,5.0,7,3,96,0,1,30,0
23020,19,19,19,adrenal_gland|amygdala|aorta|artery|basal_ganglion|blood|blood_plasma|blood_platelet|brain|colon|eye|forebrain|gastrointestinal_tract|heart|kidney|large_intestine|liver|lung|midbrain,15,2,2,108.3157894736842,115.0,141,65,2058,0,1,37,0
23024,9,9,9,amygdala|basal_ganglion|brain|forebrain|heart|kidney|liver|lung|midbrain,5,2,2,7.333333333333333,7.0,8,7,66,0,1,16,0
23025,5,5,5,amygdala|basal_ganglion|brain|forebrain|midbrain,4,0,1,1.2,1.0,2,1,6,1,1,25,0
23028,23,23,23,adipose_tissue|adrenal_cortex|adrenal_gland|amygdala|aorta|artery|astrocyte|basal_ganglion|blood|blood_plasma|blood_platelet|bone|brain|colon|eye|forebrain|gastrointestinal_tract|heart|kidney|large_intestine|liver|lung|midbrain,19,2,2,101.52173913043478,104.0,130,49,2335,1,1,92,0
23032,22,22,22,adipose_tissue|adrenal_cortex|adrenal_gland|amygdala|artery|astrocyte|basal_ganglion|blood|blood_plasma|blood_platelet|bone|brain|colon|eye|forebrain|gastrointestinal_tract|heart|kidney|large_intestine|liver|lung|midbrain,18,2,2,11.0,10.5,19,5,242,0,1,50,0
23039,12,12,12,blood|blood_plasma|bone|brain|colon|eye|gastrointestinal_tract|heart|kidney|large_intestine|liver|lung,9,2,1,26.166666666666668,27.0,31,17,314,2,1,20,0
23043,24,24,24,adipose_tissue|adrenal_cortex|adrenal_gland|amygdala|aorta|artery|astrocyte|basal_ganglion|basophil|blood|blood_plasma|blood_platelet|bone|brain|colon|eye|forebrain|gastrointestinal_tract|heart|kidney|large_intestine|liver|lung|midbrain,20,2,2,45.041666666666664,45.5,62,13,1081,0,1,71,0
23047,20,20,20,adrenal_cortex|adrenal_gland|amygdala|aorta|artery|basal_ganglion|blood|blood_plasma|bone|brain|colon|eye|forebrain|gastrointestinal_tract|heart|kidney|large_intestine|liver|lung|midbrain,16,2,2,13.1,14.0,18,7,262,2,1,26,0
23049,22,22,22,adipose_tissue|adrenal_cortex|adrenal_gland|amygdala|aorta|artery|basal_ganglion|blood|blood_plasma|blood_platelet|bone|brain|colon|eye|forebrain|gastrointestinal_tract|heart|kidney|large_intestine|liver|lung|midbrain,18,2,2,14.227272727272727,12.0,23,4,313,0,1,45,0
23054,18,18,18,adrenal_cortex|adrenal_gland|amygdala|basal_ganglion|blood|blood_plasma|blood_platelet|brain|colon|eye|forebrain|gastrointestinal_tract|heart|kidney|large_intestine|liver|lung|midbrain,14,2,2,47.666666666666664,47.5,56,38,858,0,1,65,0
23064,13,13,13,amygdala|basal_ganglion|blood|brain|colon|forebrain|gastrointestinal_tract|heart|kidney|large_intestine|liver|lung|midbrain,9,2,2,11.692307692307692,12.0,14,10,152,1,1,82,0
23071,6,6,6,blood|blood_plasma|eye|gastrointestinal_tract|liver|lung,5,0,1,13.333333333333334,13.0,15,11,80,0,1,32,0
23075,16,16,16,adrenal_gland|aorta|artery|basophil|blood|blood_plasma|blood_platelet|brain|colon|forebrain|gastrointestinal_tract|heart|kidney|large_intestine|liver|lung,13,2,1,9.75,11.0,13,3,156,1,1,7,0
23077,22,22,22,adipose_tissue|adrenal_cortex|adrenal_gland|amygdala|artery|astrocyte|basal_ganglion|blood|blood_plasma|blood_platelet|bone|brain|colon|eye|forebrain|gastrointestinal_tract|heart|kidney|large_intestine|liver|lung|midbrain,18,2,2,17.318181818181817,17.5,23,8,381,0,1,2,0
23081,18,18,18,adrenal_cortex|adrenal_gland|amygdala|basal_ganglion|blood|blood_plasma|blood_platelet|bone|brain|colon|forebrain|gastrointestinal_tract|heart|kidney|large_intestine|liver|lung|midbrain,14,2,2,5.055555555555555,5.0,7,4,91,1,1,50,0
23085,22,22,22,adipose_tissue|adrenal_gland|amygdala|aorta|artery|astrocyte|basal_ganglion|blood|blood_plasma|blood_platelet|bone|brain|colon|eye|forebrain|gastrointestinal_tract|heart|kidney|large_intestine|liver|lung|midbrain,18,2,2,26.454545454545453,27.0,31,16,582,1,1,29,0
23087,20,20,20,adipose_tissue|adrenal_gland|amygdala|aorta|artery|basal_ganglion|blood|blood_plasma|blood_platelet|brain|colon|eye|forebrain|gastrointestinal_tract|heart|kidney|large_intestine|liver|lung|midbrain,16,2,2,9.15,10.0,11,1,183,0,1,22,0
23089,9,9,9,amygdala|basal_ganglion|brain|forebrain|heart|kidney|liver|lung|midbrain,5,2,2,16.88888888888889,17.0,20,14,152,0,1,26,0
23095,23,23,23,adipose_tissue|adrenal_cortex|adrenal_gland|amygdala|aorta|artery|astrocyte|basal_ganglion|blood|blood_plasma|blood_platelet|bone|brain|colon|eye|forebrain|gastrointestinal_tract|heart|kidney|large_intestine|liver|lung|midbrain,19,2,2,16.391304347826086,17.0,23,8,377,1,1,23,0
23118,7,7,7,blood|brain|gastrointestinal_tract|heart|kidney|liver|lung,4,2,1,78.85714285714286,79.0,81,77,552,1,1,28,0
23122,15,15,15,amygdala|basal_ganglion|blood|blood_plasma|brain|colon|eye|forebrain|gastrointestinal_tract|heart|kidney|large_intestine|liver|lung|midbrain,11,2,2,19.466666666666665,19.0,22,17,292,0,1,40,0
23126,20,20,20,adrenal_cortex|adrenal_gland|amygdala|aorta|artery|basal_ganglion|blood|blood_plasma|bone|brain|colon|eye|forebrain|gastrointestinal_tract|heart|kidney|large_intestine|liver|lung|midbrain,16,2,2,26.75,27.0,32,17,535,3,1,23,0
23129,23,23,23,adipose_tissue|adrenal_cortex|adrenal_gland|amygdala|aorta|artery|astrocyte|basal_ganglion|blood|blood_plasma|blood_platelet|bone|brain|colon|eye|forebrain|gastrointestinal_tract|heart|kidney|large_intestine|liver|lung|midbrain,19,2,2,1.0869565217391304,1.0,2,1,25,0,1,19,0
23133,22,22,22,adipose_tissue|adrenal_cortex|adrenal_gland|amygdala|artery|astrocyte|basal_ganglion|blood|blood_plasma|blood_platelet|bone|brain|colon|eye|forebrain|gastrointestinal_tract|heart|kidney|large_intestine|liver|lung|midbrain,18,2,2,23.045454545454547,25.0,28,8,507,2,1,74,0
23139,23,23,23,adipose_tissue|adrenal_gland|amygdala|aorta|artery|astrocyte|basal_ganglion|basophil|blood|blood_plasma|blood_platelet|bone|brain|colon|eye|forebrain|gastrointestinal_tract|heart|kidney|large_intestine|liver|lung|midbrain,19,2,2,13.826086956521738,15.0,16,6,318,1,1,37,0
23144,7,7,7,blood|bone|brain|heart|kidney|liver|lung,4,2,1,16.714285714285715,18.0,19,8,117,1,1,32,0
23154,17,17,17,adipose_tissue|basal_ganglion|blood|blood_plasma|blood_platelet|bone|brain|colon|eye|forebrain|gastrointestinal_tract|heart|kidney|large_intestine|liver|lung|midbrain,13,2,2,9.764705882352942,10.0,12,6,166,4,1,11,0
23161,20,20,20,adrenal_gland|amygdala|aorta|artery|basal_ganglion|blood|blood_plasma|blood_platelet|bone|brain|colon|eye|forebrain|gastrointestinal_tract|heart|kidney|large_intestine|liver|lung|midbrain,16,2,2,2.8,3.0,4,2,56,0,1,16,0
23162,24,24,24,adipose_tissue|adrenal_cortex|adrenal_gland|amygdala|aorta|artery|astrocyte|basal_ganglion|basophil|blood|blood_plasma|blood_platelet|bone|brain|colon|eye|forebrain|gastrointestinal_tract|heart|kidney|large_intestine|liver|lung|midbrain,20,2,2,24.375,25.0,31,17,585,2,1,28,0
23166,5,5,5,blood|colon|gastrointestinal_tract|large_intestine|liver,5,0,0,2.0,2.0,2,2,10,1,1,16,0
23175,19,19,19,adipose_tissue|adrenal_gland|amygdala|basal_ganglion|blood|blood_plasma|blood_platelet|bone|brain|colon|eye|forebrain|gastrointestinal_tract|heart|kidney|large_intestine|liver|lung|midbrain,15,2,2,2.1052631578947367,2.0,5,1,40,0,1,24,0
23177,13,13,13,amygdala|basal_ganglion|blood|brain|colon|forebrain|gastrointestinal_tract|heart|kidney|large_intestine|liver|lung|midbrain,9,2,2,7.923076923076923,8.0,9,7,103,0,1,19,0
23184,11,11,11,blood|blood_plasma|brain|colon|eye|gastrointestinal_tract|heart|kidney|large_intestine|liver|lung,8,2,1,10.636363636363637,11.0,11,8,117,0,1,2,0
23186,18,18,18,adrenal_cortex|adrenal_gland|amygdala|basal_ganglion|blood|blood_plasma|blood_platelet|bone|brain|colon|forebrain|gastrointestinal_tract|heart|kidney|large_intestine|liver|lung|midbrain,14,2,2,36.0,37.0,41,29,648,1,1,63,0
23189,20,20,20,adipose_tissue|adrenal_gland|amygdala|aorta|artery|basal_ganglion|blood|blood_plasma|blood_platelet|brain|colon|eye|forebrain|gastrointestinal_tract|heart|kidney|large_intestine|liver|lung|midbrain,16,2,2,3.3,3.0,5,1,66,1,1,31,0
23191,23,23,23,adipose_tissue|adrenal_cortex|adrenal_gland|amygdala|aorta|artery|astrocyte|basal_ganglion|blood|blood_plasma|blood_platelet|bone|brain|colon|eye|forebrain|gastrointestinal_tract|heart|kidney|large_intestine|liver|lung|midbrain,19,2,2,21.956521739130434,21.0,31,13,505,0,1,32,0
23192,9,9,9,amygdala|basal_ganglion|brain|forebrain|heart|kidney|liver|lung|midbrain,5,2,2,9.88888888888889,11.0,11,8,89,0,1,16,0
23205,7,7,7,adrenal_gland|amygdala|basal_ganglion|brain|forebrain|heart|midbrain,5,1,1,2.0,2.0,2,2,14,1,1,15,0
23210,24,24,24,adipose_tissue|adrenal_cortex|adrenal_gland|amygdala|aorta|artery|astrocyte|basal_ganglion|basophil|blood|blood_plasma|blood_platelet|bone|brain|colon|eye|forebrain|gastrointestinal_tract|heart|kidney|large_intestine|liver|lung|midbrain,20,2,2,16.375,18.0,25,5,393,2,1,56,0
23212,20,20,20,adrenal_cortex|adrenal_gland|amygdala|aorta|artery|basal_ganglion|blood|blood_plasma|bone|brain|colon|eye|forebrain|gastrointestinal_tract|heart|kidney|large_intestine|liver|lung|midbrain,16,2,2,15.5,17.0,20,5,310,0,1,27,0
23213,14,14,14,adrenal_gland|amygdala|basal_ganglion|blood|brain|colon|forebrain|gastrointestinal_tract|heart|kidney|large_intestine|liver|lung|midbrain,10,2,2,2.0,2.0,2,2,28,2,1,61,0
23214,12,12,12,blood|blood_plasma|bone|brain|colon|eye|gastrointestinal_tract|heart|kidney|large_intestine|liver|lung,9,2,1,12.333333333333334,12.0,13,11,148,0,1,24,0
23230,7,7,7,amygdala|basal_ganglion|brain|forebrain|heart|liver|midbrain,5,1,1,5.571428571428571,5.0,7,5,39,2,1,2,0
23235,5,5,5,adipose_tissue|brain|heart|kidney|lung,2,2,1,17.2,18.0,19,13,86,1,1,31,0
23236,24,24,24,adipose_tissue|adrenal_cortex|adrenal_gland|amygdala|aorta|artery|astrocyte|basal_ganglion|basophil|blood|blood_plasma|blood_platelet|bone|brain|colon|eye|forebrain|gastrointestinal_tract|heart|kidney|large_intestine|liver|lung|midbrain,20,2,2,30.916666666666668,32.0,39,18,742,4,1,78,0
23258,7,7,7,basal_ganglion|brain|forebrain|heart|kidney|liver|lung,4,2,1,2.142857142857143,2.0,3,1,15,2,1,14,0
23263,21,21,21,adrenal_gland|amygdala|aorta|artery|astrocyte|basal_ganglion|blood|blood_plasma|blood_platelet|bone|brain|colon|eye|forebrain|gastrointestinal_tract|heart|kidney|large_intestine|liver|lung|midbrain,17,2,2,24.571428571428573,25.0,34,14,516,0,1,4,0
23279,3,3,3,blood|bone|liver,3,0,0,18.0,18.0,21,15,54,0,1,13,0
23286,8,8,8,brain|colon|gastrointestinal_tract|heart|kidney|large_intestine|liver|lung,5,2,1,18.5,19.0,20,17,148,0,1,57,0
23287,23,23,23,adipose_tissue|adrenal_cortex|adrenal_gland|amygdala|aorta|artery|astrocyte|basal_ganglion|blood|blood_plasma|blood_platelet|bone|brain|colon|eye|forebrain|gastrointestinal_tract|heart|kidney|large_intestine|liver|lung|midbrain,19,2,2,6.782608695652174,7.0,9,3,156,0,1,34,0
23291,22,22,22,adipose_tissue|adrenal_gland|amygdala|aorta|artery|astrocyte|basal_ganglion|blood|blood_plasma|blood_platelet|bone|brain|colon|eye|forebrain|gastrointestinal_tract|heart|kidney|large_intestine|liver|lung|midbrain,18,2,2,118.13636363636364,121.5,152,53,2599,2,1,69,0
23293,9,9,9,blood|brain|colon|gastrointestinal_tract|heart|kidney|large_intestine|liver|lung,6,2,1,9.222222222222221,9.0,10,8,83,2,1,55,0
23295,22,22,22,adipose_tissue|adrenal_gland|amygdala|aorta|artery|basal_ganglion|basophil|blood|blood_plasma|blood_platelet|bone|brain|colon|eye|forebrain|gastrointestinal_tract|heart|kidney|large_intestine|liver|lung|midbrain,18,2,2,17.59090909090909,18.5,23,3,387,1,1,47,0
23299,20,20,20,adrenal_gland|amygdala|aorta|artery|basal_ganglion|blood|blood_plasma|blood_platelet|bone|brain|colon|eye|forebrain|gastrointestinal_tract|heart|kidney|large_intestine|liver|lung|midbrain,16,2,2,13.3,13.0,19,7,266,0,1,28,0
23303,22,22,22,adipose_tissue|adrenal_cortex|adrenal_gland|amygdala|artery|astrocyte|basal_ganglion|blood|blood_plasma|blood_platelet|bone|brain|colon|eye|forebrain|gastrointestinal_tract|heart|kidney|large_intestine|liver|lung|midbrain,18,2,2,8.227272727272727,8.0,11,5,181,0,1,14,0
23304,22,22,22,adrenal_cortex|adrenal_gland|amygdala|aorta|artery|astrocyte|basal_ganglion|blood|blood_plasma|blood_platelet|bone|brain|colon|eye|forebrain|gastrointestinal_tract|heart|kidney|large_intestine|liver|lung|midbrain,18,2,2,13.681818181818182,15.0,16,7,301,1,1,64,0
23305,10,10,10,amygdala|basal_ganglion|blood|brain|forebrain|heart|kidney|liver|lung|midbrain,6,2,2,2.5,2.5,3,2,25,1,1,3,0
23308,17,17,17,adrenal_gland|amygdala|basal_ganglion|blood|blood_plasma|blood_platelet|bone|brain|colon|forebrain|gastrointestinal_tract|heart|kidney|large_intestine|liver|lung|midbrain,13,2,2,1.0,1.0,1,1,17,1,1,8,0
23309,21,21,21,adipose_tissue|adrenal_cortex|adrenal_gland|amygdala|aorta|artery|basal_ganglion|blood|blood_plasma|bone|brain|colon|eye|forebrain|gastrointestinal_tract|heart|kidney|large_intestine|liver|lung|midbrain,17,2,2,33.42857142857143,35.0,41,17,702,1,1,8,0
23310,20,20,20,adrenal_cortex|adrenal_gland|amygdala|aorta|artery|basal_ganglion|blood|blood_plasma|bone|brain|colon|eye|forebrain|gastrointestinal_tract|heart|kidney|large_intestine|liver|lung|midbrain,16,2,2,11.45,13.0,16,6,229,0,1,20,0
23312,1,1,1,brain,1,0,0,5.0,5.0,5,5,5,0,1,13,0
23314,6,6,6,amygdala|basal_ganglion|brain|forebrain|kidney|liver,5,1,0,13.666666666666666,13.5,18,11,82,1,1,8,0
23315,1,1,1,heart,0,1,0,1.0,1.0,1,1,1,1,1,0,1
23318,23,23,23,adipose_tissue|adrenal_gland|amygdala|aorta|artery|astrocyte|basal_ganglion|basophil|blood|blood_plasma|blood_platelet|bone|brain|colon|eye|forebrain|gastrointestinal_tract|heart|kidney|large_intestine|liver|lung|midbrain,19,2,2,5.565217391304348,6.0,7,1,128,0,1,40,0
23326,21,21,21,adrenal_cortex|adrenal_gland|amygdala|aorta|artery|basal_ganglion|blood|blood_plasma|blood_platelet|bone|brain|colon|eye|forebrain|gastrointestinal_tract|heart|kidney|large_intestine|liver|lung|midbrain,17,2,2,22.333333333333332,22.0,28,11,469,0,1,61,0
23327,22,22,22,adipose_tissue|adrenal_cortex|adrenal_gland|amygdala|aorta|artery|astrocyte|basal_ganglion|blood|blood_plasma|blood_platelet|brain|colon|eye|forebrain|gastrointestinal_tract|heart|kidney|large_intestine|liver|lung|midbrain,18,2,2,63.5,66.0,80,36,1397,0,1,39,0
23332,15,15,15,amygdala|basal_ganglion|blood|blood_plasma|brain|colon|eye|forebrain|gastrointestinal_tract|heart|kidney|large_intestine|liver|lung|midbrain,11,2,2,15.266666666666667,15.0,17,13,229,2,1,48,0
23338,18,18,18,adrenal_cortex|adrenal_gland|amygdala|basal_ganglion|blood|blood_plasma|blood_platelet|bone|brain|colon|forebrain|gastrointestinal_tract|heart|kidney|large_intestine|liver|lung|midbrain,14,2,2,12.222222222222221,12.0,14,11,220,6,1,37,0
23345,6,6,6,adrenal_cortex|adrenal_gland|blood|brain|heart|kidney,4,2,0,48.833333333333336,54.5,59,28,293,1,1,40,0
23347,6,6,6,blood|brain|heart|kidney|liver|lung,3,2,1,12.833333333333334,12.0,15,12,77,0,1,0,1
23348,20,20,20,adrenal_gland|amygdala|aorta|artery|basal_ganglion|blood|blood_plasma|blood_platelet|bone|brain|colon|eye|forebrain|gastrointestinal_tract|heart|kidney|large_intestine|liver|lung|midbrain,16,2,2,4.0,4.0,5,3,80,0,1,5,0
23353,6,6,6,adrenal_cortex|adrenal_gland|blood|brain|heart|kidney,4,2,0,4.666666666666667,5.0,6,2,28,0,1,25,0
23354,5,5,5,brain|heart|kidney|liver|lung,2,2,1,9.2,9.0,10,9,46,1,1,20,0
23362,9,9,9,amygdala|basal_ganglion|brain|forebrain|heart|kidney|liver|lung|midbrain,5,2,2,4.0,4.0,5,3,36,0,1,0,1
23363,18,18,18,adrenal_gland|amygdala|basal_ganglion|blood|blood_plasma|blood_platelet|bone|brain|colon|eye|forebrain|gastrointestinal_tract|heart|kidney|large_intestine|liver|lung|midbrain,14,2,2,185.11111111111111,196.0,223,120,3332,0,1,32,0
23368,22,22,22,adipose_tissue|adrenal_cortex|adrenal_gland|amygdala|aorta|artery|astrocyte|basal_ganglion|blood|blood_plasma|blood_platelet|brain|colon|eye|forebrain|gastrointestinal_tract|heart|kidney|large_intestine|liver|lung|midbrain,18,2,2,21.772727272727273,22.5,27,12,479,2,1,20,0
23370,20,20,20,adrenal_gland|amygdala|aorta|artery|basal_ganglion|blood|blood_plasma|blood_platelet|bone|brain|colon|eye|forebrain|gastrointestinal_tract|heart|kidney|large_intestine|liver|lung|midbrain,16,2,2,6.0,6.0,6,6,120,1,1,27,0
23376,19,19,19,adrenal_gland|amygdala|aorta|artery|basal_ganglion|blood|blood_plasma|bone|brain|colon|eye|forebrain|gastrointestinal_tract|heart|kidney|large_intestine|liver|lung|midbrain,15,2,2,8.368421052631579,9.0,10,7,159,0,1,73,0
23383,9,9,9,amygdala|basal_ganglion|brain|forebrain|heart|kidney|liver|lung|midbrain,5,2,2,2.3333333333333335,2.0,3,2,21,1,1,18,0
23390,22,22,22,adipose_tissue|adrenal_gland|amygdala|aorta|artery|astrocyte|basal_ganglion|blood|blood_plasma|blood_platelet|bone|brain|colon|eye|forebrain|gastrointestinal_tract|heart|kidney|large_intestine|liver|lung|midbrain,18,2,2,47.81818181818182,48.5,65,21,1052,0,1,44,0
23392,20,20,20,adrenal_gland|amygdala|aorta|artery|basal_ganglion|blood|blood_plasma|blood_platelet|bone|brain|colon|eye|forebrain|gastrointestinal_tract|heart|kidney|large_intestine|liver|lung|midbrain,16,2,2,39.65,41.0,49,27,793,0,1,24,0
23394,18,18,18,adipose_tissue|adrenal_cortex|adrenal_gland|amygdala|basal_ganglion|blood|blood_plasma|brain|colon|eye|forebrain|gastrointestinal_tract|heart|kidney|large_intestine|liver|lung|midbrain,14,2,2,19.444444444444443,20.0,22,11,350,5,1,0,1
23396,4,4,4,brain|kidney|liver|lung,2,1,1,10.75,11.0,12,9,43,1,1,0,1
23397,2,2,2,blood|lung,1,0,1,19.0,19.0,20,18,38,0,1,16,0
23405,24,24,24,adipose_tissue|adrenal_cortex|adrenal_gland|amygdala|aorta|artery|astrocyte|basal_ganglion|basophil|blood|blood_plasma|blood_platelet|bone|brain|colon|eye|forebrain|gastrointestinal_tract|heart|kidney|large_intestine|liver|lung|midbrain,20,2,2,51.166666666666664,51.5,73,10,1228,1,1,58,0
23406,9,9,9,aorta|artery|blood|brain|eye|gastrointestinal_tract|large_intestine|liver|lung,8,0,1,10.222222222222221,11.0,13,7,92,0,1,11,0
23409,18,18,18,adipose_tissue|adrenal_gland|amygdala|basal_ganglion|blood|blood_plasma|bone|brain|colon|eye|forebrain|gastrointestinal_tract|heart|kidney|large_intestine|liver|lung|midbrain,14,2,2,2.0,2.0,2,2,36,1,1,52,0
23411,23,23,23,adipose_tissue|adrenal_cortex|adrenal_gland|amygdala|aorta|artery|astrocyte|basal_ganglion|blood|blood_plasma|blood_platelet|bone|brain|colon|eye|forebrain|gastrointestinal_tract|heart|kidney|large_intestine|liver|lung|midbrain,19,2,2,104.43478260869566,104.0,133,61,2402,0,1,101,0
23414,21,21,21,adipose_tissue|adrenal_cortex|adrenal_gland|amygdala|artery|basal_ganglion|blood|blood_plasma|blood_platelet|bone|brain|colon|eye|forebrain|gastrointestinal_tract|heart|kidney|large_intestine|liver|lung|midbrain,17,2,2,10.095238095238095,11.0,12,7,212,3,1,48,0
23418,2,2,2,brain|eye,2,0,0,1.5,1.5,2,1,3,1,1,0,1
23424,21,21,21,adrenal_cortex|adrenal_gland|amygdala|aorta|artery|basal_ganglion|blood|blood_plasma|blood_platelet|bone|brain|colon|eye|forebrain|gastrointestinal_tract|heart|kidney|large_intestine|liver|lung|midbrain,17,2,2,4.142857142857143,4.0,5,3,87,0,1,28,0
23428,17,17,17,adrenal_cortex|adrenal_gland|amygdala|astrocyte|basal_ganglion|blood|brain|colon|eye|forebrain|gastrointestinal_tract|heart|kidney|large_intestine|liver|lung|midbrain,13,2,2,1.411764705882353,1.0,2,1,24,2,1,20,0
23429,21,21,21,adrenal_cortex|adrenal_gland|amygdala|aorta|artery|basal_ganglion|blood|blood_plasma|blood_platelet|bone|brain|colon|eye|forebrain|gastrointestinal_tract|heart|kidney|large_intestine|liver|lung|midbrain,17,2,2,22.476190476190474,22.0,27,15,472,1,1,28,0
23433,22,22,22,adipose_tissue|adrenal_gland|amygdala|aorta|artery|astrocyte|basal_ganglion|blood|blood_plasma|blood_platelet|bone|brain|colon|eye|forebrain|gastrointestinal_tract|heart|kidney|large_intestine|liver|lung|midbrain,18,2,2,7.136363636363637,7.0,10,4,157,1,1,70,0
23435,15,15,15,adrenal_gland|amygdala|aorta|artery|basal_ganglion|blood|brain|colon|forebrain|gastrointestinal_tract|heart|kidney|large_intestine|liver|lung,12,2,1,95.73333333333333,103.0,117,56,1436,1,1,58,0
23451,17,17,17,adrenal_cortex|adrenal_gland|amygdala|basal_ganglion|blood|bone|brain|colon|eye|forebrain|gastrointestinal_tract|heart|kidney|large_intestine|liver|lung|midbrain,13,2,2,130.2941176470588,144.0,163,53,2215,0,1,31,0
23461,1,1,1,liver,1,0,0,1.0,1.0,1,1,1,1,1,26,0
23475,1,1,1,brain,1,0,0,21.0,21.0,21,21,21,1,1,27,0
23476,22,22,22,adipose_tissue|adrenal_cortex|adrenal_gland|amygdala|artery|astrocyte|basal_ganglion|blood|blood_plasma|blood_platelet|bone|brain|colon|eye|forebrain|gastrointestinal_tract|heart|kidney|large_intestine|liver|lung|midbrain,18,2,2,26.454545454545453,28.5,33,10,582,1,1,60,0
23481,20,20,20,adrenal_cortex|adrenal_gland|amygdala|aorta|artery|basal_ganglion|blood|blood_plasma|bone|brain|colon|eye|forebrain|gastrointestinal_tract|heart|kidney|large_intestine|liver|lung|midbrain,16,2,2,15.35,15.0,19,11,307,0,1,40,0
23498,1,1,1,liver,1,0,0,5.0,5.0,5,5,5,0,1,22,0
23499,23,23,23,adipose_tissue|adrenal_cortex|adrenal_gland|amygdala|aorta|artery|astrocyte|basal_ganglion|blood|blood_plasma|blood_platelet|bone|brain|colon|eye|forebrain|gastrointestinal_tract|heart|kidney|large_intestine|liver|lung|midbrain,19,2,2,30.26086956521739,31.0,41,20,696,1,1,50,0
23503,13,13,13,amygdala|basal_ganglion|blood|brain|colon|forebrain|gastrointestinal_tract|heart|kidney|large_intestine|liver|lung|midbrain,9,2,2,3.769230769230769,4.0,5,3,49,1,1,30,0
23509,16,16,16,adrenal_gland|amygdala|basal_ganglion|blood|blood_plasma|brain|colon|eye|forebrain|gastrointestinal_tract|heart|kidney|large_intestine|liver|lung|midbrain,12,2,2,8.3125,9.0,10,5,133,2,1,28,0
23512,21,21,21,adrenal_cortex|adrenal_gland|amygdala|aorta|artery|basal_ganglion|blood|blood_plasma|blood_platelet|bone|brain|colon|eye|forebrain|gastrointestinal_tract|heart|kidney|large_intestine|liver|lung|midbrain,17,2,2,115.71428571428571,118.0,148,70,2430,1,1,27,0
23513,24,24,24,adipose_tissue|adrenal_cortex|adrenal_gland|amygdala|aorta|artery|astrocyte|basal_ganglion|basophil|blood|blood_plasma|blood_platelet|bone|brain|colon|eye|forebrain|gastrointestinal_tract|heart|kidney|large_intestine|liver|lung|midbrain,20,2,2,18.25,18.5,26,6,438,1,1,45,0
23515,18,18,18,adipose_tissue|adrenal_cortex|adrenal_gland|basal_ganglion|blood|blood_plasma|blood_platelet|bone|brain|colon|eye|forebrain|gastrointestinal_tract|heart|kidney|large_intestine|liver|lung,15,2,1,5.055555555555555,5.0,6,2,91,1,1,32,0
23516,9,9,9,blood|brain|colon|gastrointestinal_tract|heart|kidney|large_intestine|liver|lung,6,2,1,1.6666666666666667,2.0,3,1,15,0,1,23,0
23522,18,18,18,adrenal_cortex|adrenal_gland|amygdala|basal_ganglion|blood|blood_plasma|blood_platelet|bone|brain|colon|forebrain|gastrointestinal_tract|heart|kidney|large_intestine|liver|lung|midbrain,14,2,2,20.055555555555557,20.0,23,15,361,0,1,69,0
23529,7,7,7,blood|colon|gastrointestinal_tract|heart|kidney|large_intestine|lung,4,2,1,3.5714285714285716,4.0,4,3,25,1,1,48,0
23532,10,10,10,adrenal_gland|blood|brain|colon|gastrointestinal_tract|heart|kidney|large_intestine|liver|lung,7,2,1,13.6,14.0,15,12,136,1,1,34,0
23534,20,20,20,adipose_tissue|amygdala|artery|astrocyte|basal_ganglion|blood|blood_plasma|blood_platelet|bone|brain|colon|eye|forebrain|gastrointestinal_tract|heart|kidney|large_intestine|liver|lung|midbrain,16,2,2,24.25,26.0,33,7,485,1,1,14,0
23542,24,24,24,adipose_tissue|adrenal_cortex|adrenal_gland|amygdala|aorta|artery|astrocyte|basal_ganglion|basophil|blood|blood_plasma|blood_platelet|bone|brain|colon|eye|forebrain|gastrointestinal_tract|heart|kidney|large_intestine|liver|lung|midbrain,20,2,2,40.666666666666664,44.0,52,17,976,1,1,38,0
23543,13,13,13,adrenal_cortex|adrenal_gland|blood|brain|colon|eye|forebrain|gastrointestinal_tract|heart|kidney|large_intestine|liver|lung,10,2,1,33.69230769230769,36.0,39,16,438,2,1,46,0
23557,24,24,24,adipose_tissue|adrenal_cortex|adrenal_gland|amygdala|aorta|artery|astrocyte|basal_ganglion|basophil|blood|blood_plasma|blood_platelet|bone|brain|colon|eye|forebrain|gastrointestinal_tract|heart|kidney|large_intestine|liver|lung|midbrain,20,2,2,16.5,17.0,23,6,396,0,1,32,0
23560,22,22,22,adipose_tissue|adrenal_gland|amygdala|aorta|artery|basal_ganglion|basophil|blood|blood_plasma|blood_platelet|bone|brain|colon|eye|forebrain|gastrointestinal_tract|heart|kidney|large_intestine|liver|lung|midbrain,18,2,2,38.36363636363637,40.5,53,8,844,0,1,54,0
23566,9,9,9,amygdala|basal_ganglion|blood|blood_plasma|blood_platelet|brain|forebrain|heart|lung,7,1,1,5.0,5.0,6,3,45,0,1,0,1
23568,16,16,16,adrenal_cortex|adrenal_gland|astrocyte|blood|blood_plasma|blood_platelet|brain|colon|eye|forebrain|gastrointestinal_tract|heart|kidney|large_intestine|liver|lung,13,2,1,3.875,4.0,6,1,62,0,1,38,0
23580,21,21,21,adrenal_gland|amygdala|aorta|artery|astrocyte|basal_ganglion|blood|blood_plasma|blood_platelet|bone|brain|colon|eye|forebrain|gastrointestinal_tract|heart|kidney|large_intestine|liver|lung|midbrain,17,2,2,10.904761904761905,11.0,13,5,229,0,1,25,0
23583,4,4,4,colon|gastrointestinal_tract|large_intestine|lung,3,0,1,11.25,11.0,12,11,45,2,1,29,0
23586,1,1,1,artery,1,0,0,24.0,24.0,24,24,24,0,1,55,0
23592,23,23,23,adipose_tissue|adrenal_gland|amygdala|aorta|artery|astrocyte|basal_ganglion|basophil|blood|blood_plasma|blood_platelet|bone|brain|colon|eye|forebrain|gastrointestinal_tract|heart|kidney|large_intestine|liver|lung|midbrain,19,2,2,5.565217391304348,5.0,8,3,128,0,1,33,0
23598,22,22,22,adipose_tissue|adrenal_cortex|adrenal_gland|amygdala|artery|basal_ganglion|basophil|blood|blood_plasma|blood_platelet|bone|brain|colon|eye|forebrain|gastrointestinal_tract|heart|kidney|large_intestine|liver|lung|midbrain,18,2,2,17.136363636363637,17.5,22,6,377,1,1,7,0
23601,1,1,1,blood,1,0,0,4.0,4.0,4,4,4,0,1,16,0
23604,9,9,9,blood|brain|colon|gastrointestinal_tract|heart|kidney|large_intestine|liver|lung,6,2,1,6.777777777777778,7.0,8,6,61,0,1,36,0
23612,8,8,8,brain|colon|gastrointestinal_tract|heart|kidney|large_intestine|liver|lung,5,2,1,35.0,35.0,35,35,280,0,1,30,0
23624,21,21,21,adipose_tissue|adrenal_gland|amygdala|aorta|artery|basal_ganglion|blood|blood_plasma|blood_platelet|bone|brain|colon|eye|forebrain|gastrointestinal_tract|heart|kidney|large_intestine|liver|lung|midbrain,17,2,2,22.19047619047619,23.0,27,12,466,1,1,46,0
23633,20,20,20,adipose_tissue|amygdala|artery|astrocyte|basal_ganglion|blood|blood_plasma|blood_platelet|bone|brain|colon|eye|forebrain|gastrointestinal_tract|heart|kidney|large_intestine|liver|lung|midbrain,16,2,2,23.9,23.5,30,14,478,1,1,2,0
23636,22,22,22,adipose_tissue|adrenal_gland|amygdala|aorta|artery|astrocyte|basal_ganglion|blood|blood_plasma|blood_platelet|bone|brain|colon|eye|forebrain|gastrointestinal_tract|heart|kidney|large_intestine|liver|lung|midbrain,18,2,2,37.90909090909091,40.0,49,19,834,3,1,66,0
23640,20,20,20,adrenal_gland|amygdala|aorta|artery|basal_ganglion|blood|blood_plasma|blood_platelet|bone|brain|colon|eye|forebrain|gastrointestinal_tract|heart|kidney|large_intestine|liver|lung|midbrain,16,2,2,20.1,21.5,26,12,402,1,1,16,0
23643,4,4,4,brain|heart|kidney|liver,2,2,0,2.5,2.5,3,2,10,0,1,17,0
23648,17,17,17,adrenal_cortex|adrenal_gland|amygdala|basal_ganglion|blood|bone|brain|colon|eye|forebrain|gastrointestinal_tract|heart|kidney|large_intestine|liver|lung|midbrain,13,2,2,12.588235294117647,13.0,16,8,214,1,1,0,1
23649,20,20,20,adipose_tissue|amygdala|artery|astrocyte|basal_ganglion|blood|blood_plasma|blood_platelet|bone|brain|colon|eye|forebrain|gastrointestinal_tract|heart|kidney|large_intestine|liver|lung|midbrain,16,2,2,16.7,17.0,27,7,334,1,1,8,0
23654,22,22,22,adipose_tissue|adrenal_cortex|adrenal_gland|amygdala|artery|astrocyte|basal_ganglion|blood|blood_plasma|blood_platelet|bone|brain|colon|eye|forebrain|gastrointestinal_tract|heart|kidney|large_intestine|liver|lung|midbrain,18,2,2,5.954545454545454,6.0,8,3,131,1,1,34,0
23673,19,19,19,adipose_tissue|adrenal_cortex|adrenal_gland|artery|basal_ganglion|blood|blood_plasma|blood_platelet|bone|brain|colon|eye|forebrain|gastrointestinal_tract|heart|kidney|large_intestine|liver|lung,16,2,1,33.26315789473684,35.0,43,13,632,1,1,30,0
23678,9,9,9,blood|brain|colon|gastrointestinal_tract|heart|kidney|large_intestine|liver|lung,6,2,1,7.0,7.0,7,7,63,0,1,0,1
23705,24,24,24,adipose_tissue|adrenal_cortex|adrenal_gland|amygdala|aorta|artery|astrocyte|basal_ganglion|basophil|blood|blood_plasma|blood_platelet|bone|brain|colon|eye|forebrain|gastrointestinal_tract|heart|kidney|large_intestine|liver|lung|midbrain,20,2,2,4.625,4.5,7,2,111,2,1,29,0
23741,18,18,18,adrenal_cortex|adrenal_gland|amygdala|basal_ganglion|blood|blood_plasma|blood_platelet|bone|brain|colon|forebrain|gastrointestinal_tract|heart|kidney|large_intestine|liver|lung|midbrain,14,2,2,12.333333333333334,13.0,14,9,222,0,1,39,0
23759,19,19,19,adrenal_gland|amygdala|aorta|artery|basal_ganglion|blood|blood_plasma|bone|brain|colon|eye|forebrain|gastrointestinal_tract|heart|kidney|large_intestine|liver|lung|midbrain,15,2,2,43.578947368421055,44.0,59,25,828,1,1,37,0
23765,23,23,23,adipose_tissue|adrenal_gland|amygdala|aorta|artery|astrocyte|basal_ganglion|basophil|blood|blood_plasma|blood_platelet|bone|brain|colon|eye|forebrain|gastrointestinal_tract|heart|kidney|large_intestine|liver|lung|midbrain,19,2,2,4.043478260869565,4.0,5,3,93,1,1,8,0
23770,23,23,23,adipose_tissue|adrenal_cortex|adrenal_gland|amygdala|aorta|artery|astrocyte|basal_ganglion|blood|blood_plasma|blood_platelet|bone|brain|colon|eye|forebrain|gastrointestinal_tract|heart|kidney|large_intestine|liver|lung|midbrain,19,2,2,34.391304347826086,37.0,42,22,791,0,1,2,0
23774,18,18,18,adrenal_cortex|adrenal_gland|amygdala|basal_ganglion|blood|blood_plasma|blood_platelet|bone|brain|colon|forebrain|gastrointestinal_tract|heart|kidney|large_intestine|liver|lung|midbrain,14,2,2,17.166666666666668,18.0,20,12,309,1,1,38,0
23779,3,3,3,colon|gastrointestinal_tract|large_intestine,3,0,0,1.0,1.0,1,1,3,3,1,22,0
23787,19,19,19,adipose_tissue|adrenal_gland|amygdala|artery|basal_ganglion|blood|blood_plasma|blood_platelet|brain|colon|eye|forebrain|gastrointestinal_tract|heart|kidney|large_intestine|liver|lung|midbrain,15,2,2,23.05263157894737,25.0,28,10,438,0,1,29,0
24145,24,24,24,adipose_tissue|adrenal_cortex|adrenal_gland|amygdala|aorta|artery|astrocyte|basal_ganglion|basophil|blood|blood_plasma|blood_platelet|bone|brain|colon|eye|forebrain|gastrointestinal_tract|heart|kidney|large_intestine|liver|lung|midbrain,20,2,2,3.75,4.0,5,2,90,0,1,29,0
24148,15,15,15,adrenal_gland|amygdala|aorta|artery|basal_ganglion|blood|brain|colon|forebrain|gastrointestinal_tract|heart|kidney|large_intestine|liver|lung,12,2,1,70.53333333333333,75.0,85,43,1058,1,1,57,0
25776,21,21,21,adipose_tissue|adrenal_cortex|adrenal_gland|amygdala|artery|basal_ganglion|blood|blood_plasma|blood_platelet|bone|brain|colon|eye|forebrain|gastrointestinal_tract|heart|kidney|large_intestine|liver|lung|midbrain,17,2,2,7.0,7.0,8,4,147,0,1,48,0
25777,6,6,6,adrenal_cortex|adrenal_gland|blood|brain|heart|kidney,4,2,0,13.666666666666666,16.0,17,6,82,0,1,32,0
25780,5,5,5,brain|heart|kidney|liver|lung,2,2,1,6.2,6.0,8,5,31,1,1,1,0
25788,3,3,3,colon|gastrointestinal_tract|large_intestine,3,0,0,10.0,9.0,12,9,30,0,1,19,0
25796,12,12,12,adrenal_gland|blood|blood_plasma|brain|colon|forebrain|gastrointestinal_tract|heart|kidney|large_intestine|liver|lung,9,2,1,7.5,8.0,9,5,90,1,1,22,0
25800,8,8,8,blood|colon|gastrointestinal_tract|heart|kidney|large_intestine|liver|lung,5,2,1,2.25,2.0,3,2,18,1,1,17,0
25803,2,2,2,brain|lung,1,0,1,8.5,8.5,9,8,17,1,1,26,0
25805,24,24,24,adipose_tissue|adrenal_cortex|adrenal_gland|amygdala|aorta|artery|astrocyte|basal_ganglion|basophil|blood|blood_plasma|blood_platelet|bone|brain|colon|eye|forebrain|gastrointestinal_tract|heart|kidney|large_intestine|liver|lung|midbrain,20,2,2,6.375,6.0,8,5,153,1,1,53,0
25806,1,1,1,eye,1,0,0,1.0,1.0,1,1,1,0,1,4,0
25813,16,16,16,adrenal_gland|amygdala|basal_ganglion|blood|blood_plasma|brain|colon|eye|forebrain|gastrointestinal_tract|heart|kidney|large_intestine|liver|lung|midbrain,12,2,2,13.375,13.0,16,11,214,1,1,33,0
25816,5,5,5,blood|colon|gastrointestinal_tract|heart|large_intestine,4,1,0,10.2,10.0,11,10,51,1,1,5,0
25820,20,20,20,adrenal_gland|amygdala|aorta|artery|basal_ganglion|blood|blood_plasma|blood_platelet|bone|brain|colon|eye|forebrain|gastrointestinal_tract|heart|kidney|large_intestine|liver|lung|midbrain,16,2,2,21.45,22.0,24,17,429,2,1,21,0
25824,19,19,19,adipose_tissue|adrenal_cortex|adrenal_gland|artery|astrocyte|basal_ganglion|blood|blood_plasma|blood_platelet|brain|colon|eye|forebrain|gastrointestinal_tract|heart|kidney|large_intestine|liver|lung,16,2,1,26.789473684210527,28.0,31,15,509,1,1,51,0
25825,11,11,11,basal_ganglion|brain|colon|forebrain|gastrointestinal_tract|heart|kidney|large_intestine|liver|lung|midbrain,7,2,2,3.0,3.0,3,3,33,1,1,33,0
25836,22,22,22,adrenal_cortex|adrenal_gland|amygdala|aorta|artery|astrocyte|basal_ganglion|blood|blood_plasma|blood_platelet|bone|brain|colon|eye|forebrain|gastrointestinal_tract|heart|kidney|large_intestine|liver|lung|midbrain,18,2,2,11.045454545454545,13.0,16,3,243,7,1,66,0
25842,4,4,4,bone|colon|gastrointestinal_tract|large_intestine,4,0,0,27.25,30.0,32,17,109,0,1,36,0
25847,19,19,19,adrenal_gland|amygdala|aorta|artery|basal_ganglion|blood|blood_plasma|bone|brain|colon|eye|forebrain|gastrointestinal_tract|heart|kidney|large_intestine|liver|lung|midbrain,15,2,2,8.473684210526315,9.0,10,7,161,0,1,21,0
25855,20,20,20,adipose_tissue|adrenal_gland|amygdala|aorta|artery|basal_ganglion|blood|blood_plasma|blood_platelet|brain|colon|eye|forebrain|gastrointestinal_tract|heart|kidney|large_intestine|liver|lung|midbrain,16,2,2,28.35,30.0,32,17,567,1,1,45,0
25861,19,19,19,adrenal_cortex|adrenal_gland|amygdala|aorta|artery|basal_ganglion|blood|bone|brain|colon|eye|forebrain|gastrointestinal_tract|heart|kidney|large_intestine|liver|lung|midbrain,15,2,2,5.157894736842105,5.0,8,4,98,0,1,13,0
25865,24,24,24,adipose_tissue|adrenal_cortex|adrenal_gland|amygdala|aorta|artery|astrocyte|basal_ganglion|basophil|blood|blood_plasma|blood_platelet|bone|brain|colon|eye|forebrain|gastrointestinal_tract|heart|kidney|large_intestine|liver|lung|midbrain,20,2,2,17.958333333333332,19.5,22,8,431,2,1,83,0
25884,18,18,18,adipose_tissue|adrenal_gland|amygdala|astrocyte|basal_ganglion|blood|bone|brain|colon|eye|forebrain|gastrointestinal_tract|heart|kidney|large_intestine|liver|lung|midbrain,14,2,2,2.4444444444444446,2.0,4,2,44,0,1,2,0
25888,5,5,5,brain|heart|kidney|liver|lung,2,2,1,6.0,6.0,6,6,30,1,1,18,0
25896,15,15,15,amygdala|basal_ganglion|blood|bone|brain|colon|eye|forebrain|gastrointestinal_tract|heart|kidney|large_intestine|liver|lung|midbrain,11,2,2,18.133333333333333,16.0,27,9,272,4,1,28,0
25898,20,20,20,adrenal_gland|amygdala|aorta|artery|basal_ganglion|blood|blood_plasma|blood_platelet|bone|brain|colon|eye|forebrain|gastrointestinal_tract|heart|kidney|large_intestine|liver|lung|midbrain,16,2,2,29.45,29.5,37,24,589,0,1,47,0
25909,3,3,3,blood|heart|kidney,1,2,0,10.333333333333334,9.0,13,9,31,0,1,25,0
25913,9,9,9,blood|brain|colon|gastrointestinal_tract|heart|kidney|large_intestine|liver|lung,6,2,1,68.44444444444444,69.0,74,65,616,0,1,68,0
25923,21,21,21,adipose_tissue|adrenal_gland|amygdala|aorta|artery|basal_ganglion|blood|blood_plasma|blood_platelet|bone|brain|colon|eye|forebrain|gastrointestinal_tract|heart|kidney|large_intestine|liver|lung|midbrain,17,2,2,17.857142857142858,17.0,23,11,375,2,1,19,0
25924,1,1,1,eye,1,0,0,6.0,6.0,6,6,6,1,1,19,0
25930,15,15,15,adrenal_gland|amygdala|basal_ganglion|blood|brain|colon|eye|forebrain|gastrointestinal_tract|heart|kidney|large_intestine|liver|lung|midbrain,11,2,2,14.733333333333333,14.0,18,12,221,1,1,46,0
25932,21,21,21,adipose_tissue|adrenal_cortex|adrenal_gland|amygdala|aorta|artery|basal_ganglion|blood|blood_plasma|blood_platelet|brain|colon|eye|forebrain|gastrointestinal_tract|heart|kidney|large_intestine|liver|lung|midbrain,17,2,2,14.380952380952381,14.0,20,7,302,1,1,36,0
25937,22,22,22,adipose_tissue|adrenal_cortex|adrenal_gland|amygdala|artery|astrocyte|basal_ganglion|blood|blood_plasma|blood_platelet|bone|brain|colon|eye|forebrain|gastrointestinal_tract|heart|kidney|large_intestine|liver|lung|midbrain,18,2,2,15.545454545454545,15.0,21,11,342,0,1,45,0
25939,20,20,20,adipose_tissue|amygdala|aorta|artery|astrocyte|basal_ganglion|blood|blood_plasma|blood_platelet|brain|colon|eye|forebrain|gastrointestinal_tract|heart|kidney|large_intestine|liver|lung|midbrain,16,2,2,26.3,26.0,32,16,526,0,1,41,0
25942,20,20,20,adipose_tissue|adrenal_cortex|adrenal_gland|amygdala|artery|astrocyte|basal_ganglion|blood|bone|brain|colon|eye|forebrain|gastrointestinal_tract|heart|kidney|large_intestine|liver|lung|midbrain,16,2,2,110.15,117.5,132,51,2203,2,1,78,0
25945,23,23,23,adipose_tissue|adrenal_cortex|adrenal_gland|amygdala|aorta|artery|basal_ganglion|basophil|blood|blood_plasma|blood_platelet|bone|brain|colon|eye|forebrain|gastrointestinal_tract|heart|kidney|large_intestine|liver|lung|midbrain,19,2,2,7.521739130434782,7.0,9,5,173,0,1,8,0
25960,5,5,5,colon|gastrointestinal_tract|heart|large_intestine|lung,3,1,1,2.0,2.0,2,2,10,0,1,11,0
25970,20,20,20,adrenal_cortex|adrenal_gland|amygdala|aorta|artery|basal_ganglion|blood|blood_plasma|bone|brain|colon|eye|forebrain|gastrointestinal_tract|heart|kidney|large_intestine|liver|lung|midbrain,16,2,2,16.4,16.0,20,13,328,1,1,0,1
25976,21,21,21,adipose_tissue|adrenal_cortex|adrenal_gland|amygdala|artery|basal_ganglion|blood|blood_plasma|blood_platelet|bone|brain|colon|eye|forebrain|gastrointestinal_tract|heart|kidney|large_intestine|liver|lung|midbrain,17,2,2,1.0,1.0,1,1,21,0,1,33,0
25988,21,21,21,adipose_tissue|adrenal_cortex|adrenal_gland|amygdala|artery|astrocyte|basal_ganglion|blood|blood_plasma|bone|brain|colon|eye|forebrain|gastrointestinal_tract|heart|kidney|large_intestine|liver|lung|midbrain,17,2,2,10.0,11.0,14,4,210,0,1,73,0
25998,23,23,23,adipose_tissue|adrenal_cortex|adrenal_gland|amygdala|aorta|artery|astrocyte|basal_ganglion|blood|blood_plasma|blood_platelet|bone|brain|colon|eye|forebrain|gastrointestinal_tract|heart|kidney|large_intestine|liver|lung|midbrain,19,2,2,18.695652173913043,19.0,25,12,430,0,1,37,0
25999,18,18,18,adrenal_gland|amygdala|aorta|artery|basal_ganglion|blood|blood_plasma|brain|colon|eye|forebrain|gastrointestinal_tract|heart|kidney|large_intestine|liver|lung|midbrain,14,2,2,7.611111111111111,8.0,10,5,137,1,1,54,0
26000,20,20,20,adrenal_gland|amygdala|aorta|artery|basal_ganglion|blood|blood_plasma|blood_platelet|bone|brain|colon|eye|forebrain|gastrointestinal_tract|heart|kidney|large_intestine|liver|lung|midbrain,16,2,2,2.4,2.0,4,2,48,2,1,14,0
26001,19,19,19,adrenal_gland|amygdala|aorta|artery|basal_ganglion|blood|blood_plasma|bone|brain|colon|eye|forebrain|gastrointestinal_tract|heart|kidney|large_intestine|liver|lung|midbrain,15,2,2,12.578947368421053,12.0,14,12,239,1,1,25,0
26013,11,11,11,adrenal_cortex|adrenal_gland|blood|brain|colon|gastrointestinal_tract|heart|kidney|large_intestine|liver|lung,8,2,1,25.09090909090909,26.0,27,20,276,1,1,54,0
26019,9,9,9,blood|brain|colon|gastrointestinal_tract|heart|kidney|large_intestine|liver|lung,6,2,1,34.111111111111114,34.0,39,31,307,1,1,30,0
26039,17,17,17,adrenal_gland|amygdala|aorta|artery|basal_ganglion|blood|brain|colon|eye|forebrain|gastrointestinal_tract|heart|kidney|large_intestine|liver|lung|midbrain,13,2,2,21.529411764705884,22.0,27,13,366,1,1,45,0
26047,5,5,5,amygdala|basal_ganglion|brain|forebrain|midbrain,4,0,1,4.0,4.0,4,4,20,1,1,21,0
26058,23,23,23,adipose_tissue|adrenal_cortex|adrenal_gland|amygdala|aorta|artery|astrocyte|basal_ganglion|blood|blood_plasma|blood_platelet|bone|brain|colon|eye|forebrain|gastrointestinal_tract|heart|kidney|large_intestine|liver|lung|midbrain,19,2,2,21.17391304347826,23.0,30,9,487,1,1,31,0
26060,22,22,22,adipose_tissue|adrenal_cortex|adrenal_gland|amygdala|aorta|artery|astrocyte|basal_ganglion|blood|blood_plasma|blood_platelet|brain|colon|eye|forebrain|gastrointestinal_tract|heart|kidney|large_intestine|liver|lung|midbrain,18,2,2,32.86363636363637,33.5,39,20,723,3,1,25,0
26061,7,7,7,adipose_tissue|blood|brain|gastrointestinal_tract|heart|kidney|liver,5,2,0,3.857142857142857,4.0,4,3,27,0,1,25,0
26065,9,9,9,blood|brain|colon|gastrointestinal_tract|heart|kidney|large_intestine|liver|lung,6,2,1,9.11111111111111,8.0,11,8,82,1,1,25,0
26100,13,13,13,adrenal_gland|amygdala|basal_ganglion|blood|brain|eye|forebrain|gastrointestinal_tract|heart|kidney|liver|lung|midbrain,9,2,2,8.307692307692308,9.0,10,6,108,0,1,19,0
26119,22,22,22,adipose_tissue|adrenal_cortex|adrenal_gland|amygdala|aorta|artery|basal_ganglion|blood|blood_plasma|blood_platelet|bone|brain|colon|eye|forebrain|gastrointestinal_tract|heart|kidney|large_intestine|liver|lung|midbrain,18,2,2,5.7727272727272725,5.5,9,3,127,1,1,41,0
26121,15,15,15,adrenal_gland|amygdala|aorta|artery|basal_ganglion|blood|brain|colon|forebrain|gastrointestinal_tract|heart|kidney|large_intestine|liver|lung,12,2,1,77.73333333333333,81.0,92,50,1166,2,1,35,0
26130,20,20,20,adrenal_gland|amygdala|aorta|artery|basal_ganglion|blood|blood_plasma|blood_platelet|bone|brain|colon|eye|forebrain|gastrointestinal_tract|heart|kidney|large_intestine|liver|lung|midbrain,16,2,2,8.9,9.0,12,6,178,1,1,11,0
26133,20,20,20,adrenal_gland|amygdala|aorta|artery|basal_ganglion|blood|blood_plasma|blood_platelet|bone|brain|colon|eye|forebrain|gastrointestinal_tract|heart|kidney|large_intestine|liver|lung|midbrain,16,2,2,13.6,13.0,16,12,272,2,1,21,0
26173,7,7,7,amygdala|basal_ganglion|brain|forebrain|liver|lung|midbrain,5,0,2,19.714285714285715,19.0,21,19,138,0,1,20,0
26191,20,20,20,adipose_tissue|amygdala|artery|basal_ganglion|basophil|blood|blood_plasma|blood_platelet|bone|brain|colon|eye|forebrain|gastrointestinal_tract|heart|kidney|large_intestine|liver|lung|midbrain,16,2,2,11.75,11.5,20,7,235,0,1,66,0
26224,20,20,20,adrenal_gland|amygdala|aorta|artery|basal_ganglion|blood|blood_plasma|blood_platelet|bone|brain|colon|eye|forebrain|gastrointestinal_tract|heart|kidney|large_intestine|liver|lung|midbrain,16,2,2,9.4,10.0,10,7,188,0,1,28,0
26227,20,20,20,adipose_tissue|adrenal_gland|amygdala|aorta|artery|basal_ganglion|blood|blood_plasma|bone|brain|colon|eye|forebrain|gastrointestinal_tract|heart|kidney|large_intestine|liver|lung|midbrain,16,2,2,40.15,42.5,50,19,803,0,1,8,0
26234,20,20,20,adrenal_gland|amygdala|aorta|artery|basal_ganglion|blood|blood_plasma|blood_platelet|bone|brain|colon|eye|forebrain|gastrointestinal_tract|heart|kidney|large_intestine|liver|lung|midbrain,16,2,2,13.2,13.0,15,11,264,1,1,23,0
26256,1,1,1,lung,0,0,1,4.0,4.0,4,4,4,0,1,13,0
26258,21,21,21,adipose_tissue|adrenal_cortex|adrenal_gland|aorta|artery|basal_ganglion|blood|blood_plasma|blood_platelet|bone|brain|colon|eye|forebrain|gastrointestinal_tract|heart|kidney|large_intestine|liver|lung|midbrain,17,2,2,16.952380952380953,18.0,21,10,356,0,1,37,0
26259,18,18,18,adrenal_cortex|adrenal_gland|amygdala|basal_ganglion|blood|blood_plasma|blood_platelet|brain|colon|eye|forebrain|gastrointestinal_tract|heart|kidney|large_intestine|liver|lung|midbrain,14,2,2,21.5,22.0,25,14,387,1,1,36,0
26270,20,20,20,adrenal_gland|amygdala|aorta|artery|basal_ganglion|blood|blood_plasma|blood_platelet|bone|brain|colon|eye|forebrain|gastrointestinal_tract|heart|kidney|large_intestine|liver|lung|midbrain,16,2,2,185.8,193.5,225,116,3716,1,1,20,0
26271,22,22,22,adipose_tissue|adrenal_cortex|adrenal_gland|amygdala|aorta|artery|basal_ganglion|blood|blood_plasma|blood_platelet|bone|brain|colon|eye|forebrain|gastrointestinal_tract|heart|kidney|large_intestine|liver|lung|midbrain,18,2,2,17.954545454545453,19.0,21,7,395,1,1,35,0
26272,20,20,20,adrenal_gland|amygdala|aorta|artery|basal_ganglion|blood|blood_plasma|blood_platelet|bone|brain|colon|eye|forebrain|gastrointestinal_tract|heart|kidney|large_intestine|liver|lung|midbrain,16,2,2,13.05,13.0,14,11,261,0,1,21,0
26276,18,18,18,adipose_tissue|adrenal_gland|amygdala|basal_ganglion|blood|blood_plasma|blood_platelet|brain|colon|eye|forebrain|gastrointestinal_tract|heart|kidney|large_intestine|liver|lung|midbrain,14,2,2,4.833333333333333,5.0,6,3,87,0,1,21,0
26277,23,23,23,adipose_tissue|adrenal_cortex|adrenal_gland|amygdala|aorta|artery|basal_ganglion|basophil|blood|blood_plasma|blood_platelet|bone|brain|colon|eye|forebrain|gastrointestinal_tract|heart|kidney|large_intestine|liver|lung|midbrain,19,2,2,35.608695652173914,36.0,47,11,819,1,1,67,0
26284,9,9,9,blood|brain|colon|gastrointestinal_tract|heart|kidney|large_intestine|liver|lung,6,2,1,7.777777777777778,8.0,9,7,70,0,1,25,0
26286,22,22,22,adipose_tissue|adrenal_cortex|adrenal_gland|amygdala|aorta|artery|basal_ganglion|blood|blood_plasma|blood_platelet|bone|brain|colon|eye|forebrain|gastrointestinal_tract|heart|kidney|large_intestine|liver|lung|midbrain,18,2,2,5.090909090909091,5.0,8,2,112,1,1,20,0
26297,20,20,20,adipose_tissue|adrenal_cortex|adrenal_gland|aorta|artery|basal_ganglion|blood|blood_plasma|blood_platelet|brain|colon|eye|forebrain|gastrointestinal_tract|heart|kidney|large_intestine|liver|lung|midbrain,16,2,2,4.3,4.0,6,3,86,2,1,16,0
26469,14,14,14,amygdala|basal_ganglion|blood|blood_plasma|brain|colon|forebrain|gastrointestinal_tract|heart|kidney|large_intestine|liver|lung|midbrain,10,2,2,6.571428571428571,7.0,8,5,92,0,1,0,1
26509,9,9,9,amygdala|basal_ganglion|brain|forebrain|heart|kidney|liver|lung|midbrain,5,2,2,8.666666666666666,9.0,10,8,78,0,1,24,0
26512,7,7,7,amygdala|basal_ganglion|brain|forebrain|liver|lung|midbrain,5,0,2,27.857142857142858,26.0,31,26,195,0,1,24,0
26519,16,16,16,adrenal_gland|amygdala|basal_ganglion|blood|blood_plasma|brain|colon|eye|forebrain|gastrointestinal_tract|heart|kidney|large_intestine|liver|lung|midbrain,12,2,2,3.75,4.0,4,3,60,1,1,27,0
26520,16,16,16,adrenal_gland|amygdala|basal_ganglion|blood|blood_plasma|brain|colon|eye|forebrain|gastrointestinal_tract|heart|kidney|large_intestine|liver|lung|midbrain,12,2,2,9.25,10.0,10,7,148,0,1,27,0
26523,9,9,9,blood|brain|colon|gastrointestinal_tract|heart|kidney|large_intestine|liver|lung,6,2,1,40.22222222222222,40.0,42,39,362,2,1,68,0
26524,21,21,21,adipose_tissue|adrenal_cortex|adrenal_gland|amygdala|artery|astrocyte|basal_ganglion|blood|blood_plasma|bone|brain|colon|eye|forebrain|gastrointestinal_tract|heart|kidney|large_intestine|liver|lung|midbrain,17,2,2,56.666666666666664,57.0,69,38,1190,0,1,53,0
26574,21,21,21,adipose_tissue|adrenal_gland|amygdala|aorta|artery|basal_ganglion|blood|blood_plasma|blood_platelet|bone|brain|colon|eye|forebrain|gastrointestinal_tract|heart|kidney|large_intestine|liver|lung|midbrain,17,2,2,21.761904761904763,22.0,26,14,457,0,1,60,0
26585,9,9,9,amygdala|astrocyte|basal_ganglion|brain|colon|forebrain|gastrointestinal_tract|large_intestine|midbrain,8,0,1,1.0,1.0,1,1,9,1,1,60,0
26610,18,18,18,adrenal_cortex|adrenal_gland|amygdala|basal_ganglion|blood|blood_plasma|blood_platelet|bone|brain|colon|forebrain|gastrointestinal_tract|heart|kidney|large_intestine|liver|lung|midbrain,14,2,2,4.111111111111111,4.0,6,2,74,0,1,50,0
26747,6,6,6,blood|brain|colon|gastrointestinal_tract|heart|large_intestine,5,1,0,26.833333333333332,23.0,44,22,161,0,1,57,0
26973,15,15,15,amygdala|basal_ganglion|blood|blood_plasma|brain|colon|eye|forebrain|gastrointestinal_tract|heart|kidney|large_intestine|liver|lung|midbrain,11,2,2,20.6,22.0,24,17,309,0,1,6,0
26986,9,9,9,blood|brain|colon|gastrointestinal_tract|heart|kidney|large_intestine|liver|lung,6,2,1,174.55555555555554,173.0,187,166,1571,2,1,57,0
26994,20,20,20,adrenal_gland|amygdala|aorta|artery|basal_ganglion|blood|blood_plasma|blood_platelet|bone|brain|colon|eye|forebrain|gastrointestinal_tract|heart|kidney|large_intestine|liver|lung|midbrain,16,2,2,44.5,45.0,52,36,890,0,1,28,0
26999,22,22,22,adipose_tissue|adrenal_gland|amygdala|aorta|artery|basal_ganglion|basophil|blood|blood_plasma|blood_platelet|bone|brain|colon|eye|forebrain|gastrointestinal_tract|heart|kidney|large_intestine|liver|lung|midbrain,18,2,2,14.318181818181818,14.0,22,7,315,0,1,37,0
27000,20,20,20,adipose_tissue|adrenal_cortex|adrenal_gland|amygdala|artery|astrocyte|basal_ganglion|blood|bone|brain|colon|eye|forebrain|gastrointestinal_tract|heart|kidney|large_intestine|liver|lung|midbrain,16,2,2,8.55,9.0,10,5,171,0,1,53,0
27005,19,19,19,adrenal_cortex|adrenal_gland|amygdala|basal_ganglion|blood|blood_plasma|blood_platelet|bone|brain|colon|eye|forebrain|gastrointestinal_tract|heart|kidney|large_intestine|liver|lung|midbrain,15,2,2,30.526315789473685,31.0,40,11,580,0,1,63,0
27018,22,22,22,adipose_tissue|adrenal_cortex|adrenal_gland|amygdala|aorta|artery|astrocyte|basal_ganglion|blood|blood_plasma|blood_platelet|brain|colon|eye|forebrain|gastrointestinal_tract|heart|kidney|large_intestine|liver|lung|midbrain,18,2,2,17.5,18.0,20,12,385,0,1,0,1
27031,20,20,20,adipose_tissue|adrenal_cortex|adrenal_gland|amygdala|artery|basal_ganglion|blood|blood_plasma|bone|brain|colon|eye|forebrain|gastrointestinal_tract|heart|kidney|large_intestine|liver|lung|midbrain,16,2,2,4.4,4.0,5,4,88,0,1,22,0
27032,24,24,24,adipose_tissue|adrenal_cortex|adrenal_gland|amygdala|aorta|artery|astrocyte|basal_ganglion|basophil|blood|blood_plasma|blood_platelet|bone|brain|colon|eye|forebrain|gastrointestinal_tract|heart|kidney|large_intestine|liver|lung|midbrain,20,2,2,5.25,5.0,8,1,126,0,1,38,0
27033,4,4,4,blood|colon|gastrointestinal_tract|large_intestine,4,0,0,14.25,14.0,15,14,57,1,1,5,0
27035,16,16,16,adrenal_gland|amygdala|basal_ganglion|blood|bone|brain|colon|eye|forebrain|gastrointestinal_tract|heart|kidney|large_intestine|liver|lung|midbrain,12,2,2,1.0625,1.0,2,1,17,0,1,46,0
27040,1,1,1,blood,1,0,0,34.0,34.0,34,34,34,0,1,31,0
27086,24,24,24,adipose_tissue|adrenal_cortex|adrenal_gland|amygdala|aorta|artery|astrocyte|basal_ganglion|basophil|blood|blood_plasma|blood_platelet|bone|brain|colon|eye|forebrain|gastrointestinal_tract|heart|kidney|large_intestine|liver|lung|midbrain,20,2,2,16.833333333333332,18.0,21,8,404,4,1,60,0
27097,18,18,18,adrenal_cortex|adrenal_gland|amygdala|basal_ganglion|blood|blood_plasma|blood_platelet|bone|brain|colon|forebrain|gastrointestinal_tract|heart|kidney|large_intestine|liver|lung|midbrain,14,2,2,27.11111111111111,26.0,31,23,488,0,1,30,0
27102,18,18,18,adipose_tissue|adrenal_cortex|adrenal_gland|basal_ganglion|blood|blood_plasma|blood_platelet|bone|brain|colon|eye|forebrain|gastrointestinal_tract|heart|kidney|large_intestine|liver|lung,15,2,1,7.666666666666667,8.0,10,6,138,0,1,39,0
27113,23,23,23,adipose_tissue|adrenal_cortex|adrenal_gland|amygdala|aorta|artery|astrocyte|basal_ganglion|blood|blood_plasma|blood_platelet|bone|brain|colon|eye|forebrain|gastrointestinal_tract|heart|kidney|large_intestine|liver|lung|midbrain,19,2,2,4.043478260869565,4.0,5,3,93,1,1,4,0
27122,23,23,23,adipose_tissue|adrenal_cortex|adrenal_gland|amygdala|aorta|artery|astrocyte|basal_ganglion|blood|blood_plasma|blood_platelet|bone|brain|colon|eye|forebrain|gastrointestinal_tract|heart|kidney|large_intestine|liver|lung|midbrain,19,2,2,4.913043478260869,5.0,5,4,113,1,1,32,0
27123,3,3,3,brain|heart|lung,1,1,1,1.0,1.0,1,1,3,1,1,15,0
27125,14,14,14,adrenal_gland|basal_ganglion|blood|blood_plasma|blood_platelet|brain|colon|forebrain|gastrointestinal_tract|heart|kidney|large_intestine|liver|lung,11,2,1,5.785714285714286,5.5,8,5,81,4,1,8,0
27130,20,20,20,adipose_tissue|adrenal_cortex|adrenal_gland|amygdala|artery|basal_ganglion|blood|blood_plasma|bone|brain|colon|eye|forebrain|gastrointestinal_tract|heart|kidney|large_intestine|liver|lung|midbrain,16,2,2,3.3,3.0,4,2,66,2,1,10,0
27141,22,22,22,adipose_tissue|adrenal_cortex|adrenal_gland|amygdala|aorta|artery|astrocyte|basal_ganglion|blood|blood_plasma|blood_platelet|brain|colon|eye|forebrain|gastrointestinal_tract|heart|kidney|large_intestine|liver|lung|midbrain,18,2,2,3.5454545454545454,3.0,5,3,78,0,1,34,0
27148,19,19,19,adrenal_cortex|adrenal_gland|amygdala|artery|basal_ganglion|blood|blood_plasma|bone|brain|colon|eye|forebrain|gastrointestinal_tract|heart|kidney|large_intestine|liver|lung|midbrain,15,2,2,7.684210526315789,8.0,10,4,146,0,1,58,0
27154,18,18,18,adrenal_cortex|adrenal_gland|amygdala|basal_ganglion|blood|blood_plasma|blood_platelet|bone|brain|colon|forebrain|gastrointestinal_tract|heart|kidney|large_intestine|liver|lung|midbrain,14,2,2,11.277777777777779,11.0,13,11,203,1,1,29,0
27159,3,3,3,brain|gastrointestinal_tract|lung,2,0,1,2.0,2.0,2,2,6,0,1,20,0
27161,8,8,8,blood|brain|colon|gastrointestinal_tract|heart|kidney|large_intestine|lung,5,2,1,49.125,49.5,52,46,393,2,1,75,0
27164,5,5,5,brain|heart|kidney|liver|lung,2,2,1,2.2,2.0,3,2,11,2,1,0,1
27173,8,8,8,blood|colon|gastrointestinal_tract|heart|kidney|large_intestine|liver|lung,5,2,1,5.75,6.0,6,5,46,1,1,13,0
27185,9,9,9,amygdala|basal_ganglion|brain|forebrain|heart|kidney|liver|lung|midbrain,5,2,2,58.22222222222222,63.0,70,48,524,0,1,34,0
27230,19,19,19,adipose_tissue|adrenal_cortex|adrenal_gland|amygdala|basal_ganglion|blood|blood_plasma|bone|brain|colon|eye|forebrain|gastrointestinal_tract|heart|kidney|large_intestine|liver|lung|midbrain,15,2,2,8.473684210526315,9.0,12,3,161,0,1,6,0
27232,3,3,3,blood|blood_plasma|liver,3,0,0,11.0,12.0,12,9,33,0,1,20,0
27236,20,20,20,adipose_tissue|adrenal_cortex|adrenal_gland|aorta|artery|basal_ganglion|blood|blood_plasma|blood_platelet|brain|colon|eye|forebrain|gastrointestinal_tract|heart|kidney|large_intestine|liver|lung|midbrain,16,2,2,12.6,13.0,16,7,252,1,1,18,0
27242,18,18,18,adipose_tissue|adrenal_cortex|adrenal_gland|amygdala|basal_ganglion|blood|blood_plasma|brain|colon|eye|forebrain|gastrointestinal_tract|heart|kidney|large_intestine|liver|lung|midbrain,14,2,2,4.5,4.5,6,2,81,3,1,22,0
27248,20,20,20,adrenal_gland|amygdala|aorta|artery|basal_ganglion|blood|blood_plasma|blood_platelet|bone|brain|colon|eye|forebrain|gastrointestinal_tract|heart|kidney|large_intestine|liver|lung|midbrain,16,2,2,11.0,11.0,13,10,220,0,1,23,0
27252,20,20,20,adrenal_gland|amygdala|aorta|artery|basal_ganglion|blood|blood_plasma|blood_platelet|bone|brain|colon|eye|forebrain|gastrointestinal_tract|heart|kidney|large_intestine|liver|lung|midbrain,16,2,2,20.5,20.5,25,14,410,1,1,43,0
27257,9,9,9,blood|brain|colon|gastrointestinal_tract|heart|kidney|large_intestine|liver|lung,6,2,1,14.88888888888889,15.0,16,14,134,1,1,27,0
27284,16,16,16,adrenal_gland|amygdala|basal_ganglion|blood|blood_plasma|blood_platelet|brain|colon|forebrain|gastrointestinal_tract|heart|kidney|large_intestine|liver|lung|midbrain,12,2,2,1.5625,2.0,2,1,25,0,1,16,0
27289,9,9,9,amygdala|basal_ganglion|brain|forebrain|gastrointestinal_tract|heart|liver|lung|midbrain,6,1,2,9.555555555555555,10.0,11,8,86,1,1,15,0
27306,9,9,9,adipose_tissue|blood|brain|gastrointestinal_tract|heart|kidney|large_intestine|liver|lung,6,2,1,5.222222222222222,5.0,6,4,47,0,1,12,0
27316,15,15,15,adrenal_gland|amygdala|aorta|artery|basal_ganglion|blood|brain|colon|forebrain|gastrointestinal_tract|heart|kidney|large_intestine|liver|lung,12,2,1,70.0,76.0,85,40,1050,1,1,82,0
27327,8,8,8,blood|brain|colon|gastrointestinal_tract|heart|kidney|large_intestine|lung,5,2,1,19.625,20.0,21,18,157,3,1,46,0
27329,4,4,4,blood|blood_plasma|kidney|liver,3,1,0,2.25,2.0,3,2,9,0,1,33,0
27335,1,1,1,brain,1,0,0,57.0,57.0,57,57,57,2,1,19,0
27338,20,20,20,adrenal_gland|amygdala|aorta|artery|basal_ganglion|blood|blood_plasma|blood_platelet|bone|brain|colon|eye|forebrain|gastrointestinal_tract|heart|kidney|large_intestine|liver|lung|midbrain,16,2,2,26.4,27.5,30,20,528,1,1,45,0
27339,20,20,20,adipose_tissue|adrenal_gland|amygdala|aorta|artery|basal_ganglion|blood|blood_plasma|bone|brain|colon|eye|forebrain|gastrointestinal_tract|heart|kidney|large_intestine|liver|lung|midbrain,16,2,2,86.0,92.5,114,33,1720,2,1,51,0
27343,12,12,12,amygdala|basal_ganglion|brain|colon|forebrain|gastrointestinal_tract|heart|kidney|large_intestine|liver|lung|midbrain,8,2,2,15.666666666666666,15.5,17,15,188,2,1,17,0
27346,15,15,15,adipose_tissue|adrenal_cortex|adrenal_gland|artery|blood|blood_plasma|brain|colon|eye|gastrointestinal_tract|heart|kidney|large_intestine|liver|lung,12,2,1,5.066666666666666,5.0,6,3,76,0,1,16,0
27350,8,8,8,blood|colon|gastrointestinal_tract|heart|kidney|large_intestine|liver|lung,5,2,1,9.0,8.5,11,8,72,1,1,36,0
27352,21,21,21,adrenal_gland|amygdala|aorta|artery|astrocyte|basal_ganglion|blood|blood_plasma|blood_platelet|bone|brain|colon|eye|forebrain|gastrointestinal_tract|heart|kidney|large_intestine|liver|lung|midbrain,17,2,2,3.3333333333333335,3.0,6,2,70,1,1,22,0
27429,23,23,23,adipose_tissue|adrenal_cortex|adrenal_gland|amygdala|aorta|artery|astrocyte|basal_ganglion|blood|blood_plasma|blood_platelet|bone|brain|colon|eye|forebrain|gastrointestinal_tract|heart|kidney|large_intestine|liver|lung|midbrain,19,2,2,30.043478260869566,31.0,36,20,691,0,1,56,0
27430,3,3,3,blood|blood_plasma|liver,3,0,0,14.666666666666666,16.0,16,12,44,0,1,28,0
28514,4,4,4,brain|heart|kidney|lung,1,2,1,9.25,9.0,11,8,37,1,1,56,0
28962,23,23,23,adipose_tissue|adrenal_gland|amygdala|aorta|artery|astrocyte|basal_ganglion|basophil|blood|blood_plasma|blood_platelet|bone|brain|colon|eye|forebrain|gastrointestinal_tract|heart|kidney|large_intestine|liver|lung|midbrain,19,2,2,3.130434782608696,3.0,4,1,72,0,1,9,0
28982,6,6,6,blood|brain|heart|kidney|liver|lung,3,2,1,2.0,2.0,2,2,12,0,1,20,0
28988,21,21,21,adrenal_gland|amygdala|aorta|artery|astrocyte|basal_ganglion|blood|blood_plasma|blood_platelet|bone|brain|colon|eye|forebrain|gastrointestinal_tract|heart|kidney|large_intestine|liver|lung|midbrain,17,2,2,23.80952380952381,24.0,31,10,500,0,1,36,0
28989,17,17,17,adrenal_gland|amygdala|basal_ganglion|blood|blood_plasma|blood_platelet|bone|brain|colon|forebrain|gastrointestinal_tract|heart|kidney|large_intestine|liver|lung|midbrain,13,2,2,13.176470588235293,13.0,14,11,224,0,1,36,0
28996,24,24,24,adipose_tissue|adrenal_cortex|adrenal_gland|amygdala|aorta|artery|astrocyte|basal_ganglion|basophil|blood|blood_plasma|blood_platelet|bone|brain|colon|eye|forebrain|gastrointestinal_tract|heart|kidney|large_intestine|liver|lung|midbrain,20,2,2,41.166666666666664,43.0,51,18,988,0,1,83,0
28999,11,11,11,adrenal_gland|aorta|artery|brain|colon|gastrointestinal_tract|heart|kidney|large_intestine|liver|lung,8,2,1,8.909090909090908,9.0,10,6,98,1,1,57,0
29072,24,24,24,adipose_tissue|adrenal_cortex|adrenal_gland|amygdala|aorta|artery|astrocyte|basal_ganglion|basophil|blood|blood_plasma|blood_platelet|bone|brain|colon|eye|forebrain|gastrointestinal_tract|heart|kidney|large_intestine|liver|lung|midbrain,20,2,2,9.541666666666666,10.0,14,4,229,2,1,37,0
29079,13,13,13,adrenal_cortex|adrenal_gland|blood|brain|colon|eye|forebrain|gastrointestinal_tract|heart|kidney|large_intestine|liver|lung,10,2,1,89.0,94.0,103,48,1157,0,1,60,0
29102,8,8,8,blood|brain|colon|gastrointestinal_tract|heart|kidney|large_intestine|lung,5,2,1,32.875,33.0,34,32,263,0,1,30,0
29104,11,11,11,blood|blood_plasma|blood_platelet|brain|colon|gastrointestinal_tract|heart|kidney|large_intestine|liver|lung,8,2,1,2.0,2.0,2,2,22,0,1,13,0
29107,12,12,12,blood|blood_plasma|bone|brain|colon|eye|gastrointestinal_tract|heart|kidney|large_intestine|liver|lung,9,2,1,3.4166666666666665,3.0,5,3,41,0,1,8,0
29108,7,7,7,blood|brain|gastrointestinal_tract|heart|kidney|liver|lung,4,2,1,22.714285714285715,22.0,26,21,159,0,1,82,0
29109,19,19,19,adipose_tissue|adrenal_gland|amygdala|aorta|artery|basal_ganglion|blood|blood_plasma|blood_platelet|brain|colon|forebrain|gastrointestinal_tract|heart|kidney|large_intestine|liver|lung|midbrain,15,2,2,23.31578947368421,23.0,27,20,443,1,1,42,0
29110,23,23,23,adipose_tissue|adrenal_gland|amygdala|aorta|artery|astrocyte|basal_ganglion|basophil|blood|blood_plasma|blood_platelet|bone|brain|colon|eye|forebrain|gastrointestinal_tract|heart|kidney|large_intestine|liver|lung|midbrain,19,2,2,61.69565217391305,63.0,81,24,1419,1,1,56,0
29115,22,22,22,adipose_tissue|adrenal_cortex|adrenal_gland|amygdala|aorta|artery|astrocyte|basal_ganglion|blood|blood_plasma|blood_platelet|brain|colon|eye|forebrain|gastrointestinal_tract|heart|kidney|large_intestine|liver|lung|midbrain,18,2,2,14.590909090909092,13.5,22,5,321,1,1,20,0
29116,22,22,22,adipose_tissue|adrenal_cortex|adrenal_gland|amygdala|aorta|artery|basal_ganglion|blood|blood_plasma|blood_platelet|bone|brain|colon|eye|forebrain|gastrointestinal_tract|heart|kidney|large_intestine|liver|lung|midbrain,18,2,2,15.545454545454545,16.0,18,9,342,2,1,23,0
29117,22,22,22,adipose_tissue|adrenal_cortex|adrenal_gland|amygdala|artery|astrocyte|basal_ganglion|blood|blood_plasma|blood_platelet|bone|brain|colon|eye|forebrain|gastrointestinal_tract|heart|kidney|large_intestine|liver|lung|midbrain,18,2,2,27.454545454545453,31.0,35,8,604,0,1,55,0
29119,4,4,4,brain|heart|kidney|liver,2,2,0,14.5,14.0,17,13,58,1,1,12,0
29126,5,5,5,blood|heart|kidney|liver|lung,2,2,1,15.8,16.0,17,15,79,1,1,21,0
29127,21,21,21,adrenal_cortex|adrenal_gland|amygdala|aorta|artery|basal_ganglion|blood|blood_plasma|blood_platelet|bone|brain|colon|eye|forebrain|gastrointestinal_tract|heart|kidney|large_intestine|liver|lung|midbrain,17,2,2,40.095238095238095,44.0,49,25,842,1,1,47,0
29775,8,8,8,brain|colon|gastrointestinal_tract|heart|kidney|large_intestine|liver|lung,5,2,1,15.0,15.0,18,13,120,1,1,22,0
29789,16,16,16,amygdala|basal_ganglion|blood|blood_plasma|blood_platelet|brain|colon|eye|forebrain|gastrointestinal_tract|heart|kidney|large_intestine|liver|lung|midbrain,12,2,2,14.125,15.0,16,9,226,1,1,35,0
29800,4,4,4,brain|kidney|liver|lung,2,1,1,1.0,1.0,1,1,4,0,1,29,0
29843,22,22,22,adipose_tissue|adrenal_cortex|adrenal_gland|amygdala|aorta|artery|astrocyte|basal_ganglion|blood|blood_plasma|blood_platelet|brain|colon|eye|forebrain|gastrointestinal_tract|heart|kidney|large_intestine|liver|lung|midbrain,18,2,2,20.09090909090909,20.0,25,13,442,1,1,61,0
29844,22,22,22,adipose_tissue|adrenal_cortex|adrenal_gland|amygdala|aorta|artery|astrocyte|basal_ganglion|blood|blood_plasma|blood_platelet|brain|colon|eye|forebrain|gastrointestinal_tract|heart|kidney|large_intestine|liver|lung|midbrain,18,2,2,19.0,21.0,25,10,418,2,1,28,0
29882,19,19,19,adrenal_gland|amygdala|aorta|artery|basal_ganglion|blood|blood_plasma|bone|brain|colon|eye|forebrain|gastrointestinal_tract|heart|kidney|large_intestine|liver|lung|midbrain,15,2,2,25.105263157894736,25.0,28,20,477,2,1,32,0
29886,12,12,12,amygdala|basal_ganglion|blood|blood_plasma|blood_platelet|brain|forebrain|heart|kidney|liver|lung|midbrain,8,2,2,6.166666666666667,6.0,8,5,74,0,1,20,0
29890,15,15,15,adrenal_gland|amygdala|aorta|artery|basal_ganglion|blood|brain|colon|forebrain|gastrointestinal_tract|heart|kidney|large_intestine|liver|lung,12,2,1,11.866666666666667,12.0,17,7,178,1,1,26,0
29894,5,5,5,brain|heart|kidney|liver|lung,2,2,1,29.0,29.0,30,28,145,1,1,27,0
29896,15,15,15,adrenal_gland|amygdala|aorta|artery|basal_ganglion|blood|brain|colon|forebrain|gastrointestinal_tract|heart|kidney|large_intestine|liver|lung,12,2,1,40.13333333333333,43.0,50,24,602,0,1,31,0
29899,5,5,5,brain|forebrain|heart|kidney|lung,2,2,1,7.4,7.0,8,7,37,0,1,19,0
29901,15,15,15,adrenal_gland|amygdala|basal_ganglion|blood|bone|brain|colon|forebrain|gastrointestinal_tract|heart|kidney|large_intestine|liver|lung|midbrain,11,2,2,2.533333333333333,3.0,3,1,38,1,1,0,1
29911,15,15,15,adrenal_gland|amygdala|basal_ganglion|blood|brain|colon|eye|forebrain|gastrointestinal_tract|heart|kidney|large_intestine|liver|lung|midbrain,11,2,2,29.533333333333335,30.0,35,23,443,1,1,23,0
29929,5,5,5,brain|heart|kidney|liver|lung,2,2,1,2.4,2.0,3,2,12,1,1,21,0
29935,3,3,3,colon|gastrointestinal_tract|large_intestine,3,0,0,8.0,8.0,8,8,24,0,1,30,0
29937,23,23,23,adipose_tissue|adrenal_cortex|adrenal_gland|amygdala|aorta|artery|basal_ganglion|basophil|blood|blood_plasma|blood_platelet|bone|brain|colon|eye|forebrain|gastrointestinal_tract|heart|kidney|large_intestine|liver|lung|midbrain,19,2,2,6.782608695652174,7.0,10,3,156,0,1,18,0
29940,8,8,8,brain|colon|gastrointestinal_tract|heart|kidney|large_intestine|liver|lung,5,2,1,1.875,2.0,3,1,15,0,1,20,0
29945,19,19,19,adrenal_gland|amygdala|aorta|artery|basal_ganglion|blood|blood_plasma|bone|brain|colon|eye|forebrain|gastrointestinal_tract|heart|kidney|large_intestine|liver|lung|midbrain,15,2,2,27.105263157894736,27.0,30,24,515,0,1,26,0
29956,8,8,8,brain|colon|gastrointestinal_tract|heart|kidney|large_intestine|liver|lung,5,2,1,12.875,13.0,13,12,103,1,1,23,0
29959,9,9,9,blood|brain|colon|gastrointestinal_tract|heart|kidney|large_intestine|liver|lung,6,2,1,11.0,11.0,13,9,99,0,1,12,0
29965,23,23,23,adipose_tissue|adrenal_cortex|adrenal_gland|amygdala|aorta|artery|astrocyte|basal_ganglion|blood|blood_plasma|blood_platelet|bone|brain|colon|eye|forebrain|gastrointestinal_tract|heart|kidney|large_intestine|liver|lung|midbrain,19,2,2,4.217391304347826,4.0,6,2,97,1,1,19,0
29969,2,2,2,blood|gastrointestinal_tract,2,0,0,6.0,6.0,6,6,12,0,1,61,0
29970,1,1,1,kidney,0,1,0,4.0,4.0,4,4,4,0,1,0,1
29974,9,9,9,blood|brain|colon|gastrointestinal_tract|heart|kidney|large_intestine|liver|lung,6,2,1,5.777777777777778,6.0,7,4,52,0,1,19,0
29979,23,23,23,adipose_tissue|adrenal_cortex|adrenal_gland|amygdala|aorta|artery|astrocyte|basal_ganglion|blood|blood_plasma|blood_platelet|bone|brain|colon|eye|forebrain|gastrointestinal_tract|heart|kidney|large_intestine|liver|lung|midbrain,19,2,2,65.0,68.0,85,34,1495,0,1,63,0
29995,7,7,7,brain|colon|gastrointestinal_tract|heart|kidney|large_intestine|lung,4,2,1,4.142857142857143,4.0,5,4,29,2,1,24,0
30001,6,6,6,blood|blood_plasma|eye|gastrointestinal_tract|liver|lung,5,0,1,11.666666666666666,12.0,14,9,70,1,1,31,0
30009,23,23,23,adipose_tissue|adrenal_gland|amygdala|aorta|artery|astrocyte|basal_ganglion|basophil|blood|blood_plasma|blood_platelet|bone|brain|colon|eye|forebrain|gastrointestinal_tract|heart|kidney|large_intestine|liver|lung|midbrain,19,2,2,4.260869565217392,5.0,6,1,98,1,1,40,0
30812,5,5,5,brain|colon|gastrointestinal_tract|heart|large_intestine,4,1,0,4.8,4.0,7,4,24,1,1,59,0
30813,1,1,1,eye,1,0,0,2.0,2.0,2,2,2,0,1,0,1
30815,14,14,14,amygdala|basal_ganglion|blood|blood_plasma|brain|colon|forebrain|gastrointestinal_tract|heart|kidney|large_intestine|liver|lung|midbrain,10,2,2,2.0,2.0,2,2,28,1,1,21,0
30818,1,1,1,brain,1,0,0,18.0,18.0,18,18,18,0,1,20,0
30819,1,1,1,heart,0,1,0,3.0,3.0,3,3,3,2,1,24,0
30827,18,18,18,adrenal_cortex|adrenal_gland|amygdala|basal_ganglion|blood|blood_plasma|blood_platelet|bone|brain|colon|forebrain|gastrointestinal_tract|heart|kidney|large_intestine|liver|lung|midbrain,14,2,2,20.27777777777778,20.5,23,17,365,0,1,70,0
30835,4,4,4,blood|brain|liver|lung,3,0,1,6.0,6.0,6,6,24,1,1,13,0
30837,1,1,1,blood,1,0,0,13.0,13.0,13,13,13,1,1,4,0
30844,21,21,21,adipose_tissue|adrenal_gland|amygdala|aorta|artery|basal_ganglion|blood|blood_plasma|blood_platelet|bone|brain|colon|eye|forebrain|gastrointestinal_tract|heart|kidney|large_intestine|liver|lung|midbrain,17,2,2,10.333333333333334,11.0,13,6,217,1,1,26,0
30845,21,21,21,adipose_tissue|adrenal_gland|amygdala|aorta|artery|basal_ganglion|blood|blood_plasma|blood_platelet|bone|brain|colon|eye|forebrain|gastrointestinal_tract|heart|kidney|large_intestine|liver|lung|midbrain,17,2,2,3.9523809523809526,4.0,4,3,83,0,1,34,0
30846,4,4,4,brain|heart|kidney|lung,1,2,1,8.25,8.0,9,8,33,1,1,35,0
30851,23,23,23,adipose_tissue|adrenal_cortex|adrenal_gland|amygdala|aorta|artery|astrocyte|basal_ganglion|blood|blood_plasma|blood_platelet|bone|brain|colon|eye|forebrain|gastrointestinal_tract|heart|kidney|large_intestine|liver|lung|midbrain,19,2,2,6.6521739130434785,7.0,9,2,153,1,1,21,0
50485,12,12,12,blood|blood_plasma|blood_platelet|brain|colon|forebrain|gastrointestinal_tract|heart|kidney|large_intestine|liver|lung,9,2,1,3.1666666666666665,4.0,4,1,38,0,1,53,0
50487,4,4,4,blood|heart|kidney|liver,2,2,0,1.25,1.0,2,1,5,1,1,18,0
50488,20,20,20,adipose_tissue|amygdala|artery|basal_ganglion|basophil|blood|blood_plasma|blood_platelet|bone|brain|colon|eye|forebrain|gastrointestinal_tract|heart|kidney|large_intestine|liver|lung|midbrain,16,2,2,12.3,13.0,14,8,246,3,1,66,0
50489,1,1,1,lung,0,0,1,1.0,1.0,1,1,1,0,1,5,0
50509,2,2,2,brain|heart,1,1,0,2.0,2.0,2,2,4,2,1,8,0
50511,18,18,18,adrenal_cortex|adrenal_gland|amygdala|basal_ganglion|blood|blood_plasma|blood_platelet|bone|brain|colon|forebrain|gastrointestinal_tract|heart|kidney|large_intestine|liver|lung|midbrain,14,2,2,4.166666666666667,4.5,5,1,75,0,1,20,0
50512,4,4,4,brain|heart|kidney|liver,2,2,0,2.75,3.0,3,2,11,1,1,2,0
50515,17,17,17,adrenal_gland|amygdala|aorta|artery|basal_ganglion|blood|bone|brain|colon|forebrain|gastrointestinal_tract|heart|kidney|large_intestine|liver|lung|midbrain,13,2,2,4.117647058823529,4.0,5,2,70,1,1,15,0
50617,2,2,2,brain|kidney,1,1,0,1.0,1.0,1,1,2,0,1,27,0
50649,7,7,7,amygdala|basal_ganglion|brain|forebrain|kidney|lung|midbrain,4,1,2,26.571428571428573,25.0,30,24,186,1,1,7,0
50852,1,1,1,blood,1,0,0,12.0,12.0,12,12,12,0,1,27,0
50859,1,1,1,brain,1,0,0,2.0,2.0,2,2,2,0,1,0,1
50943,1,1,1,blood,1,0,0,42.0,42.0,42,42,42,2,1,63,0
50944,8,8,8,amygdala|basal_ganglion|brain|forebrain|heart|kidney|liver|midbrain,5,2,1,12.25,12.5,15,9,98,2,1,41,0
50964,11,11,11,adipose_tissue|adrenal_gland|bone|brain|colon|gastrointestinal_tract|heart|kidney|large_intestine|liver|lung,8,2,1,2.090909090909091,2.0,3,2,23,4,1,47,0
51009,20,20,20,adrenal_gland|amygdala|aorta|artery|basal_ganglion|blood|blood_plasma|blood_platelet|bone|brain|colon|eye|forebrain|gastrointestinal_tract|heart|kidney|large_intestine|liver|lung|midbrain,16,2,2,11.1,11.0,14,9,222,1,1,47,0
51010,9,9,9,blood|brain|colon|gastrointestinal_tract|heart|kidney|large_intestine|liver|lung,6,2,1,12.555555555555555,12.0,15,12,113,1,1,32,0
51022,18,18,18,adipose_tissue|adrenal_cortex|adrenal_gland|artery|basal_ganglion|blood|blood_plasma|blood_platelet|brain|colon|eye|forebrain|gastrointestinal_tract|heart|kidney|large_intestine|liver|lung,15,2,1,3.7222222222222223,4.0,5,1,67,0,1,17,0
51024,16,16,16,adrenal_gland|amygdala|basal_ganglion|blood|blood_plasma|brain|colon|eye|forebrain|gastrointestinal_tract|heart|kidney|large_intestine|liver|lung|midbrain,12,2,2,12.9375,13.0,15,11,207,0,1,57,0
51026,22,22,22,adipose_tissue|adrenal_gland|amygdala|aorta|artery|astrocyte|basal_ganglion|blood|blood_plasma|blood_platelet|bone|brain|colon|eye|forebrain|gastrointestinal_tract|heart|kidney|large_intestine|liver|lung|midbrain,18,2,2,49.31818181818182,52.0,61,30,1085,1,1,21,0
51065,23,23,23,adipose_tissue|adrenal_cortex|adrenal_gland|amygdala|aorta|artery|astrocyte|basal_ganglion|blood|blood_plasma|blood_platelet|bone|brain|colon|eye|forebrain|gastrointestinal_tract|heart|kidney|large_intestine|liver|lung|midbrain,19,2,2,33.21739130434783,34.0,43,21,764,0,1,40,0
51067,16,16,16,adrenal_gland|amygdala|basal_ganglion|blood|blood_plasma|brain|colon|eye|forebrain|gastrointestinal_tract|heart|kidney|large_intestine|liver|lung|midbrain,12,2,2,8.5625,8.0,10,6,137,0,1,22,0
51076,21,21,21,adipose_tissue|adrenal_gland|amygdala|aorta|artery|basal_ganglion|blood|blood_plasma|blood_platelet|bone|brain|colon|eye|forebrain|gastrointestinal_tract|heart|kidney|large_intestine|liver|lung|midbrain,17,2,2,7.571428571428571,8.0,10,6,159,0,1,16,0
51079,22,22,22,adipose_tissue|adrenal_cortex|adrenal_gland|amygdala|aorta|artery|astrocyte|basal_ganglion|blood|blood_plasma|blood_platelet|brain|colon|eye|forebrain|gastrointestinal_tract|heart|kidney|large_intestine|liver|lung|midbrain,18,2,2,21.818181818181817,24.0,28,11,480,1,1,79,0
51085,7,7,7,brain|colon|forebrain|gastrointestinal_tract|kidney|large_intestine|liver,6,1,0,3.4285714285714284,3.0,4,3,24,1,1,51,0
51094,5,5,5,adipose_tissue|blood|gastrointestinal_tract|kidney|liver,4,1,0,7.8,8.0,9,7,39,0,1,35,0
51099,19,19,19,adipose_tissue|adrenal_cortex|adrenal_gland|amygdala|basal_ganglion|blood|blood_plasma|blood_platelet|brain|colon|eye|forebrain|gastrointestinal_tract|heart|kidney|large_intestine|liver|lung|midbrain,15,2,2,1.2105263157894737,1.0,2,1,23,0,1,37,0
51100,22,22,22,adipose_tissue|adrenal_cortex|adrenal_gland|amygdala|aorta|artery|astrocyte|basal_ganglion|blood|blood_plasma|blood_platelet|brain|colon|eye|forebrain|gastrointestinal_tract|heart|kidney|large_intestine|liver|lung|midbrain,18,2,2,26.227272727272727,28.0,36,14,577,0,1,50,0
51107,11,11,11,basal_ganglion|brain|colon|forebrain|gastrointestinal_tract|heart|kidney|large_intestine|liver|lung|midbrain,7,2,2,11.272727272727273,11.0,14,8,124,4,1,22,0
51111,18,18,18,adrenal_cortex|adrenal_gland|amygdala|basal_ganglion|blood|blood_plasma|blood_platelet|bone|brain|colon|forebrain|gastrointestinal_tract|heart|kidney|large_intestine|liver|lung|midbrain,14,2,2,4.944444444444445,5.0,5,4,89,1,1,3,0
51118,1,1,1,blood,1,0,0,1.0,1.0,1,1,1,0,1,26,0
51119,24,24,24,adipose_tissue|adrenal_cortex|adrenal_gland|amygdala|aorta|artery|astrocyte|basal_ganglion|basophil|blood|blood_plasma|blood_platelet|bone|brain|colon|eye|forebrain|gastrointestinal_tract|heart|kidney|large_intestine|liver|lung|midbrain,20,2,2,19.708333333333332,21.0,26,2,473,1,1,42,0
51132,6,6,6,blood|brain|heart|kidney|liver|lung,3,2,1,25.0,25.0,26,24,150,1,1,30,0
51135,23,23,23,adipose_tissue|adrenal_gland|amygdala|aorta|artery|astrocyte|basal_ganglion|basophil|blood|blood_plasma|blood_platelet|bone|brain|colon|eye|forebrain|gastrointestinal_tract|heart|kidney|large_intestine|liver|lung|midbrain,19,2,2,10.608695652173912,10.0,16,5,244,0,1,17,0
51141,21,21,21,adipose_tissue|adrenal_cortex|adrenal_gland|amygdala|aorta|artery|basal_ganglion|blood|blood_plasma|bone|brain|colon|eye|forebrain|gastrointestinal_tract|heart|kidney|large_intestine|liver|lung|midbrain,17,2,2,21.428571428571427,23.0,24,9,450,3,1,45,0
51143,4,4,4,colon|gastrointestinal_tract|large_intestine|lung,3,0,1,16.25,16.0,17,16,65,0,1,36,0
51144,22,22,22,adipose_tissue|adrenal_gland|amygdala|aorta|artery|astrocyte|basal_ganglion|blood|blood_plasma|blood_platelet|bone|brain|colon|eye|forebrain|gastrointestinal_tract|heart|kidney|large_intestine|liver|lung|midbrain,18,2,2,15.318181818181818,17.0,20,7,337,1,1,2,0
51147,19,19,19,adrenal_cortex|adrenal_gland|amygdala|basal_ganglion|blood|blood_plasma|blood_platelet|bone|brain|colon|eye|forebrain|gastrointestinal_tract|heart|kidney|large_intestine|liver|lung|midbrain,15,2,2,22.94736842105263,23.0,26,18,436,4,1,69,0
51160,19,19,19,adrenal_gland|amygdala|aorta|artery|basal_ganglion|blood|blood_plasma|bone|brain|colon|eye|forebrain|gastrointestinal_tract|heart|kidney|large_intestine|liver|lung|midbrain,15,2,2,9.736842105263158,10.0,13,7,185,1,1,54,0
51162,16,16,16,adipose_tissue|amygdala|basal_ganglion|blood|blood_plasma|bone|brain|colon|forebrain|gastrointestinal_tract|heart|kidney|large_intestine|liver|lung|midbrain,12,2,2,7.25,7.5,9,5,116,3,1,18,0
51163,15,15,15,adrenal_gland|amygdala|aorta|artery|basal_ganglion|blood|brain|colon|forebrain|gastrointestinal_tract|heart|kidney|large_intestine|liver|lung,12,2,1,4.666666666666667,5.0,6,3,70,1,1,27,0
51167,5,5,5,brain|heart|kidney|liver|lung,2,2,1,1.0,1.0,1,1,5,0,1,28,0
51168,2,2,2,brain|kidney,1,1,0,3.0,3.0,3,3,6,0,1,8,0
51170,11,11,11,adrenal_gland|blood|brain|colon|eye|gastrointestinal_tract|heart|kidney|large_intestine|liver|lung,8,2,1,1.7272727272727273,2.0,3,1,19,0,1,24,0
51176,2,2,2,blood|brain,2,0,0,26.5,26.5,27,26,53,1,1,94,0
51181,21,21,21,adipose_tissue|adrenal_gland|amygdala|aorta|artery|basal_ganglion|blood|blood_plasma|blood_platelet|bone|brain|colon|eye|forebrain|gastrointestinal_tract|heart|kidney|large_intestine|liver|lung|midbrain,17,2,2,8.095238095238095,8.0,9,6,170,1,1,28,0
51185,20,20,20,adrenal_gland|amygdala|aorta|artery|basal_ganglion|blood|blood_plasma|blood_platelet|bone|brain|colon|eye|forebrain|gastrointestinal_tract|heart|kidney|large_intestine|liver|lung|midbrain,16,2,2,9.6,9.0,12,7,192,0,1,29,0
51193,2,2,2,blood|brain,2,0,0,4.5,4.5,5,4,9,0,1,55,0
51194,20,20,20,adipose_tissue|amygdala|artery|astrocyte|basal_ganglion|blood|blood_plasma|blood_platelet|bone|brain|colon|eye|forebrain|gastrointestinal_tract|heart|kidney|large_intestine|liver|lung|midbrain,16,2,2,19.0,20.0,24,6,380,2,1,0,1
51196,24,24,24,adipose_tissue|adrenal_cortex|adrenal_gland|amygdala|aorta|artery|astrocyte|basal_ganglion|basophil|blood|blood_plasma|blood_platelet|bone|brain|colon|eye|forebrain|gastrointestinal_tract|heart|kidney|large_intestine|liver|lung|midbrain,20,2,2,14.125,15.0,20,6,339,0,1,35,0
51199,12,12,12,amygdala|basal_ganglion|brain|colon|forebrain|gastrointestinal_tract|heart|kidney|large_intestine|liver|lung|midbrain,8,2,2,39.75,39.5,45,34,477,1,1,11,0
51201,9,9,9,blood|brain|colon|gastrointestinal_tract|heart|kidney|large_intestine|liver|lung,6,2,1,1.0,1.0,1,1,9,0,1,24,0
51231,23,23,23,adipose_tissue|adrenal_cortex|adrenal_gland|amygdala|aorta|artery|basal_ganglion|basophil|blood|blood_plasma|blood_platelet|bone|brain|colon|eye|forebrain|gastrointestinal_tract|heart|kidney|large_intestine|liver|lung|midbrain,19,2,2,3.8260869565217392,4.0,5,1,88,1,1,11,0
51246,21,21,21,adipose_tissue|adrenal_gland|amygdala|aorta|artery|basal_ganglion|blood|blood_plasma|blood_platelet|bone|brain|colon|eye|forebrain|gastrointestinal_tract|heart|kidney|large_intestine|liver|lung|midbrain,17,2,2,1.9523809523809523,2.0,2,1,41,1,1,20,0
51247,1,1,1,brain,1,0,0,8.0,8.0,8,8,8,0,1,26,0
51256,19,19,19,adrenal_gland|amygdala|aorta|artery|basal_ganglion|blood|blood_plasma|bone|brain|colon|eye|forebrain|gastrointestinal_tract|heart|kidney|large_intestine|liver|lung|midbrain,15,2,2,9.68421052631579,10.0,13,7,184,0,1,37,0
51257,19,19,19,adrenal_gland|amygdala|aorta|artery|basal_ganglion|blood|blood_plasma|bone|brain|colon|eye|forebrain|gastrointestinal_tract|heart|kidney|large_intestine|liver|lung|midbrain,15,2,2,6.421052631578948,6.0,9,5,122,1,1,25,0
51272,12,12,12,amygdala|basal_ganglion|blood|blood_plasma|blood_platelet|brain|forebrain|heart|kidney|liver|lung|midbrain,8,2,2,4.0,4.0,4,4,48,1,1,23,0
51283,20,20,20,adipose_tissue|adrenal_gland|amygdala|aorta|artery|basal_ganglion|blood|blood_plasma|blood_platelet|brain|colon|eye|forebrain|gastrointestinal_tract|heart|kidney|large_intestine|liver|lung|midbrain,16,2,2,9.95,10.0,12,4,199,1,1,36,0
51284,1,1,1,blood,1,0,0,1.0,1.0,1,1,1,1,1,62,0
51289,2,2,2,brain|forebrain,2,0,0,3.0,3.0,3,3,6,0,1,6,0
51291,9,9,9,blood|brain|colon|gastrointestinal_tract|heart|kidney|large_intestine|liver|lung,6,2,1,3.2222222222222223,3.0,4,3,29,1,1,18,0
51302,1,1,1,liver,1,0,0,2.0,2.0,2,2,2,1,1,12,0
51304,15,15,15,adrenal_gland|amygdala|aorta|artery|basal_ganglion|blood|brain|colon|forebrain|gastrointestinal_tract|heart|kidney|large_intestine|liver|lung,12,2,1,2.2666666666666666,2.0,3,2,34,1,1,25,0
51311,2,2,2,blood|lung,1,0,1,3.5,3.5,4,3,7,0,1,34,0
51319,15,15,15,adrenal_gland|amygdala|aorta|artery|basal_ganglion|blood|brain|colon|forebrain|gastrointestinal_tract|heart|kidney|large_intestine|liver|lung,12,2,1,10.933333333333334,12.0,13,7,164,0,1,26,0
51322,21,21,21,adrenal_cortex|adrenal_gland|amygdala|aorta|artery|basal_ganglion|blood|blood_plasma|blood_platelet|bone|brain|colon|eye|forebrain|gastrointestinal_tract|heart|kidney|large_intestine|liver|lung|midbrain,17,2,2,14.19047619047619,14.0,17,11,298,1,1,74,0
51330,23,23,23,adipose_tissue|adrenal_cortex|adrenal_gland|amygdala|aorta|artery|astrocyte|basal_ganglion|blood|blood_plasma|blood_platelet|bone|brain|colon|eye|forebrain|gastrointestinal_tract|heart|kidney|large_intestine|liver|lung|midbrain,19,2,2,4.869565217391305,5.0,5,2,112,2,1,11,0
51340,15,15,15,adrenal_gland|amygdala|aorta|artery|basal_ganglion|blood|brain|colon|forebrain|gastrointestinal_tract|heart|kidney|large_intestine|liver|lung,12,2,1,59.06666666666667,60.0,73,37,886,0,1,28,0
51343,21,21,21,adrenal_cortex|adrenal_gland|amygdala|aorta|artery|basal_ganglion|blood|blood_plasma|blood_platelet|bone|brain|colon|eye|forebrain|gastrointestinal_tract|heart|kidney|large_intestine|liver|lung|midbrain,17,2,2,54.04761904761905,55.0,64,33,1135,1,1,38,0
51347,23,23,23,adipose_tissue|adrenal_cortex|adrenal_gland|amygdala|aorta|artery|basal_ganglion|basophil|blood|blood_plasma|blood_platelet|bone|brain|colon|eye|forebrain|gastrointestinal_tract|heart|kidney|large_intestine|liver|lung|midbrain,19,2,2,6.913043478260869,7.0,8,4,159,1,1,49,0
51366,23,23,23,adipose_tissue|adrenal_cortex|adrenal_gland|amygdala|aorta|artery|astrocyte|basal_ganglion|blood|blood_plasma|blood_platelet|bone|brain|colon|eye|forebrain|gastrointestinal_tract|heart|kidney|large_intestine|liver|lung|midbrain,19,2,2,49.17391304347826,50.0,66,25,1131,2,1,60,0
51377,23,23,23,adipose_tissue|adrenal_cortex|adrenal_gland|amygdala|aorta|artery|astrocyte|basal_ganglion|blood|blood_plasma|blood_platelet|bone|brain|colon|eye|forebrain|gastrointestinal_tract|heart|kidney|large_intestine|liver|lung|midbrain,19,2,2,77.0,83.0,105,33,1771,0,1,45,0
51378,4,4,4,blood|blood_plasma|blood_platelet|kidney,3,1,0,3.25,3.0,4,3,13,0,1,31,0
51379,22,22,22,adipose_tissue|adrenal_cortex|adrenal_gland|amygdala|artery|astrocyte|basal_ganglion|blood|blood_plasma|blood_platelet|bone|brain|colon|eye|forebrain|gastrointestinal_tract|heart|kidney|large_intestine|liver|lung|midbrain,18,2,2,4.545454545454546,4.0,6,4,100,0,1,48,0
51384,6,6,6,blood|brain|gastrointestinal_tract|heart|kidney|lung,3,2,1,1.0,1.0,1,1,6,0,1,38,0
51386,1,1,1,brain,1,0,0,40.0,40.0,40,40,40,1,1,18,0
51393,23,23,23,adipose_tissue|adrenal_cortex|adrenal_gland|amygdala|aorta|artery|astrocyte|basal_ganglion|blood|blood_plasma|blood_platelet|bone|brain|colon|eye|forebrain|gastrointestinal_tract|heart|kidney|large_intestine|liver|lung|midbrain,19,2,2,3.0,3.0,3,3,69,0,1,7,0
51422,16,16,16,adipose_tissue|adrenal_cortex|adrenal_gland|blood|blood_plasma|bone|brain|colon|eye|forebrain|gastrointestinal_tract|heart|kidney|large_intestine|liver|lung,13,2,1,2.875,3.0,5,1,46,5,1,46,0
51426,12,12,12,amygdala|basal_ganglion|brain|colon|forebrain|gastrointestinal_tract|heart|kidney|large_intestine|liver|lung|midbrain,8,2,2,14.25,15.0,17,11,171,0,1,23,0
51429,21,21,21,adipose_tissue|adrenal_gland|amygdala|aorta|artery|basal_ganglion|blood|blood_plasma|blood_platelet|bone|brain|colon|eye|forebrain|gastrointestinal_tract|heart|kidney|large_intestine|liver|lung|midbrain,17,2,2,18.61904761904762,19.0,23,12,391,1,1,51,0
51433,19,19,19,adrenal_gland|amygdala|aorta|artery|basal_ganglion|blood|blood_plasma|bone|brain|colon|eye|forebrain|gastrointestinal_tract|heart|kidney|large_intestine|liver|lung|midbrain,15,2,2,27.736842105263158,28.0,30,20,527,1,1,26,0
51434,19,19,19,adrenal_gland|amygdala|aorta|artery|basal_ganglion|blood|blood_plasma|bone|brain|colon|eye|forebrain|gastrointestinal_tract|heart|kidney|large_intestine|liver|lung|midbrain,15,2,2,33.36842105263158,34.0,37,25,634,1,1,26,0
51450,2,2,2,brain|heart,1,1,0,1.0,1.0,1,1,2,2,1,0,1
51451,11,11,11,blood|blood_plasma|blood_platelet|brain|colon|gastrointestinal_tract|heart|kidney|large_intestine|liver|lung,8,2,1,5.636363636363637,6.0,6,4,62,1,1,28,0
51454,14,14,14,adipose_tissue|basophil|blood|blood_plasma|blood_platelet|brain|colon|eye|gastrointestinal_tract|heart|kidney|large_intestine|liver|lung,11,2,1,4.571428571428571,5.0,7,1,64,0,1,4,0
51455,20,20,20,adrenal_cortex|adrenal_gland|amygdala|astrocyte|basal_ganglion|blood|blood_plasma|blood_platelet|bone|brain|colon|eye|forebrain|gastrointestinal_tract|heart|kidney|large_intestine|liver|lung|midbrain,16,2,2,15.3,16.5,19,7,306,0,1,2,0
51466,20,20,20,adipose_tissue|adrenal_gland|amygdala|aorta|artery|basal_ganglion|blood|blood_plasma|blood_platelet|brain|colon|eye|forebrain|gastrointestinal_tract|heart|kidney|large_intestine|liver|lung|midbrain,16,2,2,15.0,15.0,20,11,300,1,1,23,0
51474,20,20,20,adipose_tissue|adrenal_gland|amygdala|aorta|artery|basal_ganglion|blood|blood_plasma|blood_platelet|brain|colon|eye|forebrain|gastrointestinal_tract|heart|kidney|large_intestine|liver|lung|midbrain,16,2,2,77.6,79.0,90,56,1552,1,1,29,0
51493,15,15,15,adrenal_gland|amygdala|aorta|artery|basal_ganglion|blood|brain|colon|forebrain|gastrointestinal_tract|heart|kidney|large_intestine|liver|lung,12,2,1,28.733333333333334,30.0,32,22,431,0,1,36,0
51499,21,21,21,adipose_tissue|adrenal_gland|amygdala|aorta|artery|basal_ganglion|blood|blood_plasma|blood_platelet|bone|brain|colon|eye|forebrain|gastrointestinal_tract|heart|kidney|large_intestine|liver|lung|midbrain,17,2,2,4.523809523809524,5.0,6,2,95,1,1,72,0
51504,11,11,11,blood|blood_plasma|blood_platelet|brain|colon|gastrointestinal_tract|heart|kidney|large_intestine|liver|lung,8,2,1,20.818181818181817,22.0,24,13,229,1,1,26,0
51510,14,14,14,adrenal_gland|amygdala|basal_ganglion|blood|blood_plasma|brain|eye|forebrain|gastrointestinal_tract|heart|kidney|liver|lung|midbrain,10,2,2,10.285714285714286,10.0,12,9,144,0,1,30,0
51514,2,2,2,blood|gastrointestinal_tract,2,0,0,31.0,31.0,31,31,62,0,1,42,0
51523,22,22,22,adipose_tissue|adrenal_gland|amygdala|aorta|artery|astrocyte|basal_ganglion|blood|blood_plasma|blood_platelet|bone|brain|colon|eye|forebrain|gastrointestinal_tract|heart|kidney|large_intestine|liver|lung|midbrain,18,2,2,6.318181818181818,6.0,7,6,139,3,1,45,0
51529,19,19,19,adrenal_gland|amygdala|aorta|artery|basal_ganglion|blood|blood_plasma|bone|brain|colon|eye|forebrain|gastrointestinal_tract|heart|kidney|large_intestine|liver|lung|midbrain,15,2,2,23.68421052631579,24.0,27,20,450,1,1,26,0
51542,5,5,5,blood|blood_plasma|brain|eye|forebrain,5,0,0,1.2,1.0,2,1,6,0,1,19,0
51547,4,4,4,colon|gastrointestinal_tract|large_intestine|lung,3,0,1,217.0,214.5,226,213,868,1,1,74,0
51548,18,18,18,adrenal_cortex|adrenal_gland|amygdala|basal_ganglion|blood|blood_plasma|blood_platelet|bone|brain|colon|forebrain|gastrointestinal_tract|heart|kidney|large_intestine|liver|lung|midbrain,14,2,2,56.333333333333336,59.0,64,37,1014,3,1,45,0
51552,21,21,21,adrenal_cortex|adrenal_gland|amygdala|aorta|artery|basal_ganglion|blood|blood_plasma|blood_platelet|bone|brain|colon|eye|forebrain|gastrointestinal_tract|heart|kidney|large_intestine|liver|lung|midbrain,17,2,2,19.238095238095237,20.0,25,10,404,0,1,36,0
51561,3,3,3,colon|gastrointestinal_tract|large_intestine,3,0,0,4.0,4.0,4,4,12,3,1,31,0
51562,18,18,18,adrenal_cortex|adrenal_gland|amygdala|basal_ganglion|blood|blood_plasma|blood_platelet|bone|brain|colon|forebrain|gastrointestinal_tract|heart|kidney|large_intestine|liver|lung|midbrain,14,2,2,30.666666666666668,32.5,34,22,552,1,1,37,0
51564,24,24,24,adipose_tissue|adrenal_cortex|adrenal_gland|amygdala|aorta|artery|astrocyte|basal_ganglion|basophil|blood|blood_plasma|blood_platelet|bone|brain|colon|eye|forebrain|gastrointestinal_tract|heart|kidney|large_intestine|liver|lung|midbrain,20,2,2,35.916666666666664,37.0,48,18,862,1,1,27,0
51567,2,2,2,blood|gastrointestinal_tract,2,0,0,21.5,21.5,24,19,43,0,1,36,0
51588,10,10,10,amygdala|basal_ganglion|blood|brain|forebrain|gastrointestinal_tract|heart|kidney|lung|midbrain,6,2,2,47.3,49.5,55,39,473,1,1,60,0
51592,23,23,23,adipose_tissue|adrenal_gland|amygdala|aorta|artery|astrocyte|basal_ganglion|basophil|blood|blood_plasma|blood_platelet|bone|brain|colon|eye|forebrain|gastrointestinal_tract|heart|kidney|large_intestine|liver|lung|midbrain,19,2,2,42.26086956521739,46.0,54,16,972,0,1,49,0
51593,8,8,8,blood|brain|colon|gastrointestinal_tract|heart|kidney|large_intestine|lung,5,2,1,87.5,90.5,93,81,700,0,1,47,0
51599,19,19,19,amygdala|aorta|artery|basal_ganglion|blood|blood_plasma|blood_platelet|bone|brain|colon|eye|forebrain|gastrointestinal_tract|heart|kidney|large_intestine|liver|lung|midbrain,15,2,2,8.578947368421053,9.0,10,6,163,2,1,15,0
51619,19,19,19,adrenal_gland|amygdala|aorta|artery|basal_ganglion|blood|blood_plasma|bone|brain|colon|eye|forebrain|gastrointestinal_tract|heart|kidney|large_intestine|liver|lung|midbrain,15,2,2,47.21052631578947,47.0,54,39,897,0,1,16,0
51621,11,11,11,blood|blood_plasma|blood_platelet|brain|colon|gastrointestinal_tract|heart|kidney|large_intestine|liver|lung,8,2,1,8.181818181818182,8.0,9,6,90,0,1,0,1
51665,15,15,15,adrenal_cortex|adrenal_gland|blood|blood_plasma|blood_platelet|bone|brain|colon|eye|gastrointestinal_tract|heart|kidney|large_intestine|liver|lung,12,2,1,4.6,5.0,6,2,69,0,1,0,1
51667,21,21,21,adipose_tissue|adrenal_gland|amygdala|aorta|artery|basal_ganglion|blood|blood_plasma|blood_platelet|bone|brain|colon|eye|forebrain|gastrointestinal_tract|heart|kidney|large_intestine|liver|lung|midbrain,17,2,2,7.666666666666667,8.0,10,3,161,0,1,29,0
51684,23,23,23,adipose_tissue|adrenal_cortex|adrenal_gland|amygdala|aorta|artery|astrocyte|basal_ganglion|blood|blood_plasma|blood_platelet|bone|brain|colon|eye|forebrain|gastrointestinal_tract|heart|kidney|large_intestine|liver|lung|midbrain,19,2,2,16.304347826086957,18.0,24,8,375,1,1,40,0
51692,5,5,5,brain|heart|kidney|liver|lung,2,2,1,23.6,23.0,25,23,118,1,1,26,0
51701,24,24,24,adipose_tissue|adrenal_cortex|adrenal_gland|amygdala|aorta|artery|astrocyte|basal_ganglion|basophil|blood|blood_plasma|blood_platelet|bone|brain|colon|eye|forebrain|gastrointestinal_tract|heart|kidney|large_intestine|liver|lung|midbrain,20,2,2,23.333333333333332,24.0,28,14,560,6,1,54,0
51715,21,21,21,adipose_tissue|adrenal_cortex|adrenal_gland|amygdala|artery|astrocyte|basal_ganglion|blood|blood_plasma|bone|brain|colon|eye|forebrain|gastrointestinal_tract|heart|kidney|large_intestine|liver|lung|midbrain,17,2,2,1.0,1.0,1,1,21,1,1,36,0
51720,19,19,19,adrenal_cortex|adrenal_gland|amygdala|basal_ganglion|blood|blood_plasma|blood_platelet|bone|brain|colon|eye|forebrain|gastrointestinal_tract|heart|kidney|large_intestine|liver|lung|midbrain,15,2,2,27.0,26.0,36,16,513,0,1,75,0
51735,5,5,5,brain|heart|kidney|liver|lung,2,2,1,11.6,12.0,12,11,58,1,1,25,0
51738,18,18,18,adipose_tissue|adrenal_gland|astrocyte|basal_ganglion|blood|blood_plasma|blood_platelet|bone|brain|colon|eye|forebrain|gastrointestinal_tract|heart|kidney|large_intestine|liver|lung,15,2,1,3.111111111111111,3.0,6,1,56,0,1,52,0
51741,20,20,20,adipose_tissue|adrenal_cortex|adrenal_gland|amygdala|artery|basal_ganglion|blood|blood_plasma|bone|brain|colon|eye|forebrain|gastrointestinal_tract|heart|kidney|large_intestine|liver|lung|midbrain,16,2,2,82.85,83.0,107,44,1657,0,1,60,0
51747,15,15,15,adrenal_gland|amygdala|aorta|artery|basal_ganglion|blood|brain|colon|forebrain|gastrointestinal_tract|heart|kidney|large_intestine|liver|lung,12,2,1,61.53333333333333,63.0,77,38,923,4,1,30,0
51750,16,16,16,amygdala|basal_ganglion|blood|blood_plasma|blood_platelet|brain|colon|eye|forebrain|gastrointestinal_tract|heart|kidney|large_intestine|liver|lung|midbrain,12,2,2,12.3125,13.0,15,8,197,1,1,58,0
51752,23,23,23,adipose_tissue|adrenal_cortex|adrenal_gland|amygdala|aorta|artery|astrocyte|basal_ganglion|blood|blood_plasma|blood_platelet|bone|brain|colon|eye|forebrain|gastrointestinal_tract|heart|kidney|large_intestine|liver|lung|midbrain,19,2,2,3.608695652173913,3.0,5,1,83,0,1,17,0
51755,18,18,18,adipose_tissue|adrenal_cortex|adrenal_gland|basal_ganglion|blood|blood_plasma|blood_platelet|bone|brain|colon|eye|forebrain|gastrointestinal_tract|heart|kidney|large_intestine|liver|lung,15,2,1,39.166666666666664,45.0,57,10,705,1,1,60,0
51763,19,19,19,adipose_tissue|adrenal_cortex|adrenal_gland|amygdala|basal_ganglion|blood|blood_plasma|bone|brain|colon|eye|forebrain|gastrointestinal_tract|heart|kidney|large_intestine|liver|lung|midbrain,15,2,2,15.052631578947368,15.0,19,9,286,1,1,84,0
51773,18,18,18,adrenal_cortex|adrenal_gland|amygdala|basal_ganglion|blood|blood_plasma|blood_platelet|bone|brain|colon|forebrain|gastrointestinal_tract|heart|kidney|large_intestine|liver|lung|midbrain,14,2,2,18.0,18.5,21,14,324,2,1,61,0
53335,9,9,9,amygdala|basal_ganglion|blood|brain|forebrain|heart|kidney|lung|midbrain,5,2,2,19.77777777777778,20.0,21,19,178,4,1,48,0
53340,8,8,8,amygdala|basal_ganglion|brain|forebrain|gastrointestinal_tract|liver|lung|midbrain,6,0,2,1.0,1.0,1,1,8,0,1,6,0
53347,4,4,4,blood|kidney|liver|lung,2,1,1,22.0,22.0,24,20,88,1,1,11,0
53358,5,5,5,amygdala|basal_ganglion|brain|forebrain|midbrain,4,0,1,13.0,12.0,17,12,65,4,1,0,1
53405,3,3,3,heart|kidney|lung,0,2,1,8.0,8.0,8,8,24,0,1,20,0
53615,18,18,18,adrenal_cortex|adrenal_gland|amygdala|basal_ganglion|blood|blood_plasma|blood_platelet|bone|brain|colon|forebrain|gastrointestinal_tract|heart|kidney|large_intestine|liver|lung|midbrain,14,2,2,52.111111111111114,53.0,63,36,938,1,1,18,0
53616,5,5,5,amygdala|basal_ganglion|brain|forebrain|midbrain,4,0,1,7.4,7.0,9,7,37,0,1,3,0
53834,9,9,9,blood|brain|colon|gastrointestinal_tract|heart|kidney|large_intestine|liver|lung,6,2,1,1.2222222222222223,1.0,2,1,11,0,1,20,0
53840,6,6,6,blood|colon|gastrointestinal_tract|heart|kidney|large_intestine,4,2,0,7.0,7.0,7,7,42,1,1,40,0
53904,1,1,1,eye,1,0,0,2.0,2.0,2,2,2,0,1,27,0
53905,6,6,6,colon|gastrointestinal_tract|heart|kidney|large_intestine|lung,3,2,1,1.0,1.0,1,1,6,0,1,10,0
53947,8,8,8,brain|colon|gastrointestinal_tract|heart|kidney|large_intestine|liver|lung,5,2,1,4.625,4.0,6,4,37,1,1,18,0
53981,5,5,5,brain|heart|kidney|liver|lung,2,2,1,43.6,44.0,44,43,218,0,1,20,0
54097,4,4,4,colon|gastrointestinal_tract|kidney|large_intestine,3,1,0,1.0,1.0,1,1,4,1,1,19,0
54106,24,24,24,adipose_tissue|adrenal_cortex|adrenal_gland|amygdala|aorta|artery|astrocyte|basal_ganglion|basophil|blood|blood_plasma|blood_platelet|bone|brain|colon|eye|forebrain|gastrointestinal_tract|heart|kidney|large_intestine|liver|lung|midbrain,20,2,2,15.75,16.5,18,9,378,1,1,82,0
54107,18,18,18,adrenal_cortex|adrenal_gland|amygdala|basal_ganglion|blood|blood_plasma|blood_platelet|bone|brain|colon|forebrain|gastrointestinal_tract|heart|kidney|large_intestine|liver|lung|midbrain,14,2,2,17.88888888888889,19.0,22,11,322,0,1,29,0
54205,19,19,19,adipose_tissue|adrenal_gland|amygdala|artery|basal_ganglion|blood|blood_plasma|blood_platelet|brain|colon|eye|forebrain|gastrointestinal_tract|heart|kidney|large_intestine|liver|lung|midbrain,15,2,2,22.210526315789473,22.0,26,16,422,0,1,10,0
54206,22,22,22,adipose_tissue|adrenal_cortex|adrenal_gland|amygdala|aorta|artery|basal_ganglion|blood|blood_plasma|blood_platelet|bone|brain|colon|eye|forebrain|gastrointestinal_tract|heart|kidney|large_intestine|liver|lung|midbrain,18,2,2,11.227272727272727,10.5,16,8,247,2,1,31,0
54332,17,17,17,adipose_tissue|adrenal_cortex|adrenal_gland|blood|blood_plasma|blood_platelet|bone|brain|colon|eye|forebrain|gastrointestinal_tract|heart|kidney|large_intestine|liver|lung,14,2,1,3.823529411764706,4.0,7,1,65,0,1,27,0
54344,21,21,21,adipose_tissue|adrenal_cortex|adrenal_gland|amygdala|aorta|artery|basal_ganglion|blood|blood_plasma|blood_platelet|brain|colon|eye|forebrain|gastrointestinal_tract|heart|kidney|large_intestine|liver|lung|midbrain,17,2,2,4.714285714285714,5.0,5,3,99,0,1,30,0
54345,7,7,7,blood|brain|gastrointestinal_tract|heart|kidney|liver|lung,4,2,1,2.5714285714285716,3.0,3,2,18,2,1,67,0
54361,1,1,1,kidney,0,1,0,12.0,12.0,12,12,12,4,1,69,0
54363,2,2,2,kidney|liver,1,1,0,1.0,1.0,1,1,2,2,1,22,0
54386,9,9,9,blood|brain|colon|gastrointestinal_tract|heart|kidney|large_intestine|liver|lung,6,2,1,61.77777777777778,61.0,65,59,556,0,1,86,0
54407,17,17,17,adrenal_cortex|adrenal_gland|amygdala|astrocyte|basal_ganglion|blood|brain|colon|eye|forebrain|gastrointestinal_tract|heart|kidney|large_intestine|liver|lung|midbrain,13,2,2,4.294117647058823,4.0,6,3,73,0,1,0,1
54413,4,4,4,basal_ganglion|brain|forebrain|heart,3,1,0,5.0,5.0,7,3,20,3,1,40,0
54431,20,20,20,adrenal_gland|amygdala|aorta|artery|basal_ganglion|blood|blood_plasma|blood_platelet|bone|brain|colon|eye|forebrain|gastrointestinal_tract|heart|kidney|large_intestine|liver|lung|midbrain,16,2,2,15.05,16.0,18,10,301,0,1,46,0
54434,14,14,14,amygdala|basal_ganglion|blood|blood_plasma|brain|colon|forebrain|gastrointestinal_tract|heart|kidney|large_intestine|liver|lung|midbrain,10,2,2,8.285714285714286,8.0,9,8,116,1,1,47,0
54440,2,2,2,blood|lung,1,0,1,6.0,6.0,6,6,12,1,1,0,1
54463,11,11,11,basal_ganglion|blood|brain|colon|eye|forebrain|gastrointestinal_tract|heart|kidney|large_intestine|lung,8,2,1,2.0,2.0,2,2,22,2,1,24,0
54464,9,9,9,blood|brain|colon|gastrointestinal_tract|heart|kidney|large_intestine|liver|lung,6,2,1,33.888888888888886,34.0,36,32,305,0,1,31,0
54471,16,16,16,adrenal_gland|amygdala|basal_ganglion|blood|blood_plasma|brain|colon|eye|forebrain|gastrointestinal_tract|heart|kidney|large_intestine|liver|lung|midbrain,12,2,2,8.5625,9.0,9,8,137,2,1,28,0
54476,23,23,23,adipose_tissue|adrenal_gland|amygdala|aorta|artery|astrocyte|basal_ganglion|basophil|blood|blood_plasma|blood_platelet|bone|brain|colon|eye|forebrain|gastrointestinal_tract|heart|kidney|large_intestine|liver|lung|midbrain,19,2,2,17.0,18.0,25,8,391,0,1,28,0
54487,8,8,8,blood|brain|colon|gastrointestinal_tract|heart|kidney|large_intestine|lung,5,2,1,26.5,27.0,28,25,212,1,1,35,0
54490,1,1,1,kidney,0,1,0,3.0,3.0,3,3,3,0,1,12,0
54496,18,18,18,adrenal_cortex|adrenal_gland|amygdala|basal_ganglion|blood|blood_plasma|blood_platelet|bone|brain|colon|forebrain|gastrointestinal_tract|heart|kidney|large_intestine|liver|lung|midbrain,14,2,2,3.4444444444444446,3.5,6,2,62,0,1,46,0
54512,9,9,9,blood|brain|colon|gastrointestinal_tract|heart|kidney|large_intestine|liver|lung,6,2,1,30.11111111111111,30.0,33,29,271,1,1,39,0
54538,6,6,6,brain|eye|forebrain|gastrointestinal_tract|heart|liver,5,1,0,5.166666666666667,5.0,6,5,31,1,1,12,0
54541,22,22,22,adipose_tissue|adrenal_cortex|adrenal_gland|amygdala|aorta|artery|astrocyte|basal_ganglion|blood|blood_plasma|blood_platelet|brain|colon|eye|forebrain|gastrointestinal_tract|heart|kidney|large_intestine|liver|lung|midbrain,18,2,2,10.181818181818182,11.0,12,5,224,1,1,35,0
54556,18,18,18,adrenal_cortex|adrenal_gland|amygdala|basal_ganglion|blood|blood_plasma|blood_platelet|bone|brain|colon|forebrain|gastrointestinal_tract|heart|kidney|large_intestine|liver|lung|midbrain,14,2,2,24.166666666666668,24.0,28,19,435,3,1,45,0
54567,6,6,6,adipose_tissue|adrenal_cortex|adrenal_gland|brain|kidney|lung,4,1,1,3.0,3.0,4,2,18,2,1,46,0
54576,3,3,3,colon|gastrointestinal_tract|large_intestine,3,0,0,5.0,4.0,7,4,15,0,1,23,0
54577,2,2,2,gastrointestinal_tract|lung,1,0,1,1.0,1.0,1,1,2,0,1,22,0
54583,22,22,22,adipose_tissue|adrenal_cortex|adrenal_gland|amygdala|aorta|artery|astrocyte|basal_ganglion|blood|blood_plasma|blood_platelet|brain|colon|eye|forebrain|gastrointestinal_tract|heart|kidney|large_intestine|liver|lung|midbrain,18,2,2,13.772727272727273,14.0,16,9,303,1,1,56,0
54584,7,7,7,amygdala|basal_ganglion|brain|forebrain|heart|liver|midbrain,5,1,1,2.857142857142857,3.0,4,2,20,1,1,0,1
54600,2,2,2,kidney|liver,1,1,0,1.0,1.0,1,1,2,0,1,27,0
54602,22,22,22,adipose_tissue|adrenal_gland|amygdala|aorta|artery|astrocyte|basal_ganglion|blood|blood_plasma|blood_platelet|bone|brain|colon|eye|forebrain|gastrointestinal_tract|heart|kidney|large_intestine|liver|lung|midbrain,18,2,2,11.227272727272727,11.0,13,10,247,0,1,37,0
54617,9,9,9,amygdala|basal_ganglion|brain|forebrain|heart|kidney|liver|lung|midbrain,5,2,2,14.0,14.0,14,14,126,0,1,73,0
54623,21,21,21,adrenal_cortex|adrenal_gland|amygdala|aorta|artery|basal_ganglion|blood|blood_plasma|blood_platelet|bone|brain|colon|eye|forebrain|gastrointestinal_tract|heart|kidney|large_intestine|liver|lung|midbrain,17,2,2,18.19047619047619,18.0,24,10,382,2,1,85,0
54658,2,2,2,gastrointestinal_tract|liver,2,0,0,3.5,3.5,4,3,7,0,1,23,0
54677,19,19,19,adipose_tissue|adrenal_cortex|adrenal_gland|basal_ganglion|blood|blood_plasma|blood_platelet|bone|brain|colon|eye|forebrain|gastrointestinal_tract|heart|kidney|large_intestine|liver|lung|midbrain,15,2,2,1.9473684210526316,2.0,3,1,37,0,1,23,0
54708,19,19,19,adrenal_gland|amygdala|aorta|artery|basal_ganglion|blood|blood_plasma|bone|brain|colon|eye|forebrain|gastrointestinal_tract|heart|kidney|large_intestine|liver|lung|midbrain,15,2,2,25.526315789473685,26.0,29,20,485,0,1,38,0
54764,22,22,22,adipose_tissue|adrenal_cortex|adrenal_gland|amygdala|aorta|artery|basal_ganglion|blood|blood_plasma|blood_platelet|bone|brain|colon|eye|forebrain|gastrointestinal_tract|heart|kidney|large_intestine|liver|lung|midbrain,18,2,2,26.636363636363637,27.0,36,12,586,1,1,47,0
54778,22,22,22,adrenal_gland|amygdala|aorta|artery|astrocyte|basal_ganglion|basophil|blood|blood_plasma|blood_platelet|bone|brain|colon|eye|forebrain|gastrointestinal_tract|heart|kidney|large_intestine|liver|lung|midbrain,18,2,2,41.54545454545455,45.0,50,14,914,0,1,62,0
54795,24,24,24,adipose_tissue|adrenal_cortex|adrenal_gland|amygdala|aorta|artery|astrocyte|basal_ganglion|basophil|blood|blood_plasma|blood_platelet|bone|brain|colon|eye|forebrain|gastrointestinal_tract|heart|kidney|large_intestine|liver|lung|midbrain,20,2,2,3.7916666666666665,4.0,4,3,91,2,1,46,0
54801,15,15,15,adrenal_gland|amygdala|basal_ganglion|blood|bone|brain|colon|forebrain|gastrointestinal_tract|heart|kidney|large_intestine|liver|lung|midbrain,11,2,2,11.4,12.0,15,8,171,0,1,23,0
54806,15,15,15,adrenal_gland|amygdala|basal_ganglion|blood|brain|colon|eye|forebrain|gastrointestinal_tract|heart|kidney|large_intestine|liver|lung|midbrain,11,2,2,12.4,12.0,14,9,186,2,1,63,0
54820,24,24,24,adipose_tissue|adrenal_cortex|adrenal_gland|amygdala|aorta|artery|astrocyte|basal_ganglion|basophil|blood|blood_plasma|blood_platelet|bone|brain|colon|eye|forebrain|gastrointestinal_tract|heart|kidney|large_intestine|liver|lung|midbrain,20,2,2,14.458333333333334,15.0,20,6,347,1,1,28,0
54822,23,23,23,adipose_tissue|adrenal_cortex|adrenal_gland|amygdala|aorta|artery|astrocyte|basal_ganglion|blood|blood_plasma|blood_platelet|bone|brain|colon|eye|forebrain|gastrointestinal_tract|heart|kidney|large_intestine|liver|lung|midbrain,19,2,2,11.521739130434783,12.0,13,8,265,1,1,4,0
54840,21,21,21,adipose_tissue|adrenal_cortex|adrenal_gland|amygdala|artery|astrocyte|basal_ganglion|blood|blood_plasma|blood_platelet|brain|colon|eye|forebrain|gastrointestinal_tract|heart|kidney|large_intestine|liver|lung|midbrain,17,2,2,8.666666666666666,8.0,15,3,182,0,1,42,0
54843,21,21,21,adipose_tissue|adrenal_gland|amygdala|aorta|artery|basal_ganglion|basophil|blood|blood_plasma|blood_platelet|brain|colon|eye|forebrain|gastrointestinal_tract|heart|kidney|large_intestine|liver|lung|midbrain,17,2,2,3.2857142857142856,3.0,6,1,69,1,1,41,0
54850,20,20,20,adrenal_gland|amygdala|aorta|artery|basal_ganglion|blood|blood_plasma|blood_platelet|bone|brain|colon|eye|forebrain|gastrointestinal_tract|heart|kidney|large_intestine|liver|lung|midbrain,16,2,2,18.1,18.0,21,15,362,1,1,0,1
54862,22,22,22,adipose_tissue|adrenal_gland|amygdala|aorta|artery|astrocyte|basal_ganglion|blood|blood_plasma|blood_platelet|bone|brain|colon|eye|forebrain|gastrointestinal_tract|heart|kidney|large_intestine|liver|lung|midbrain,18,2,2,7.363636363636363,7.5,11,3,162,1,1,23,0
54872,21,21,21,adipose_tissue|adrenal_cortex|adrenal_gland|amygdala|aorta|artery|basal_ganglion|blood|blood_plasma|blood_platelet|brain|colon|eye|forebrain|gastrointestinal_tract|heart|kidney|large_intestine|liver|lung|midbrain,17,2,2,2.238095238095238,2.0,3,2,47,0,1,28,0
54880,22,22,22,adrenal_cortex|adrenal_gland|amygdala|aorta|artery|astrocyte|basal_ganglion|blood|blood_plasma|blood_platelet|bone|brain|colon|eye|forebrain|gastrointestinal_tract|heart|kidney|large_intestine|liver|lung|midbrain,18,2,2,23.545454545454547,24.0,28,11,518,2,1,67,0
54892,15,15,15,adrenal_gland|amygdala|basal_ganglion|blood|brain|colon|eye|forebrain|gastrointestinal_tract|heart|kidney|large_intestine|liver|lung|midbrain,11,2,2,7.533333333333333,8.0,8,6,113,0,1,5,0
54899,23,23,23,adipose_tissue|adrenal_cortex|adrenal_gland|amygdala|aorta|artery|astrocyte|basal_ganglion|blood|blood_plasma|blood_platelet|bone|brain|colon|eye|forebrain|gastrointestinal_tract|heart|kidney|large_intestine|liver|lung|midbrain,19,2,2,4.0,4.0,5,2,92,1,1,16,0
54902,16,16,16,adrenal_gland|amygdala|basal_ganglion|blood|blood_plasma|brain|colon|eye|forebrain|gastrointestinal_tract|heart|kidney|large_intestine|liver|lung|midbrain,12,2,2,6.1875,6.0,8,4,99,0,1,16,0
54903,15,15,15,adrenal_gland|amygdala|basal_ganglion|blood|brain|colon|eye|forebrain|gastrointestinal_tract|heart|kidney|large_intestine|liver|lung|midbrain,11,2,2,14.6,15.0,17,11,219,1,1,22,0
54904,18,18,18,adrenal_cortex|adrenal_gland|amygdala|basal_ganglion|blood|blood_plasma|blood_platelet|bone|brain|colon|forebrain|gastrointestinal_tract|heart|kidney|large_intestine|liver|lung|midbrain,14,2,2,16.27777777777778,16.0,20,12,293,2,1,24,0
54910,23,23,23,adipose_tissue|adrenal_cortex|adrenal_gland|amygdala|aorta|artery|basal_ganglion|basophil|blood|blood_plasma|blood_platelet|bone|brain|colon|eye|forebrain|gastrointestinal_tract|heart|kidney|large_intestine|liver|lung|midbrain,19,2,2,6.173913043478261,6.0,9,3,142,6,1,39,0
54926,19,19,19,adrenal_gland|amygdala|aorta|artery|basal_ganglion|blood|blood_plasma|bone|brain|colon|eye|forebrain|gastrointestinal_tract|heart|kidney|large_intestine|liver|lung|midbrain,15,2,2,18.842105263157894,19.0,21,16,358,1,1,16,0
54927,16,16,16,adrenal_gland|amygdala|basal_ganglion|blood|blood_plasma|brain|colon|eye|forebrain|gastrointestinal_tract|heart|kidney|large_intestine|liver|lung|midbrain,12,2,2,18.125,19.0,21,15,290,1,1,55,0
54929,22,22,22,adipose_tissue|adrenal_cortex|adrenal_gland|amygdala|artery|astrocyte|basal_ganglion|blood|blood_plasma|blood_platelet|bone|brain|colon|eye|forebrain|gastrointestinal_tract|heart|kidney|large_intestine|liver|lung|midbrain,18,2,2,4.818181818181818,5.0,5,3,106,1,1,29,0
54949,15,15,15,adipose_tissue|amygdala|basal_ganglion|blood|blood_plasma|brain|colon|forebrain|gastrointestinal_tract|heart|kidney|large_intestine|liver|lung|midbrain,11,2,2,8.533333333333333,9.0,10,4,128,2,1,36,0
54960,15,15,15,adrenal_gland|amygdala|aorta|artery|basal_ganglion|blood|brain|colon|forebrain|gastrointestinal_tract|heart|kidney|large_intestine|liver|lung,12,2,1,5.0,5.0,5,5,75,1,1,17,0
54962,20,20,20,adrenal_cortex|adrenal_gland|amygdala|astrocyte|basal_ganglion|blood|blood_plasma|blood_platelet|bone|brain|colon|eye|forebrain|gastrointestinal_tract|heart|kidney|large_intestine|liver|lung|midbrain,16,2,2,6.05,7.0,8,2,121,0,1,29,0
54968,16,16,16,adrenal_gland|amygdala|basal_ganglion|blood|blood_plasma|brain|colon|eye|forebrain|gastrointestinal_tract|heart|kidney|large_intestine|liver|lung|midbrain,12,2,2,3.875,4.0,4,3,62,0,1,18,0
54974,21,21,21,adipose_tissue|adrenal_gland|amygdala|aorta|artery|basal_ganglion|blood|blood_plasma|blood_platelet|bone|brain|colon|eye|forebrain|gastrointestinal_tract|heart|kidney|large_intestine|liver|lung|midbrain,17,2,2,6.857142857142857,7.0,9,5,144,0,1,29,0
54982,16,16,16,adrenal_gland|amygdala|basal_ganglion|blood|blood_plasma|brain|colon|eye|forebrain|gastrointestinal_tract|heart|kidney|large_intestine|liver|lung|midbrain,12,2,2,5.375,5.0,6,5,86,0,1,42,0
54984,20,20,20,adrenal_cortex|adrenal_gland|amygdala|aorta|artery|basal_ganglion|blood|blood_plasma|bone|brain|colon|eye|forebrain|gastrointestinal_tract|heart|kidney|large_intestine|liver|lung|midbrain,16,2,2,29.4,29.0,35,17,588,1,1,57,0
54997,6,6,6,adrenal_gland|basal_ganglion|brain|forebrain|gastrointestinal_tract|heart,5,1,0,3.0,3.0,3,3,18,1,1,70,0
55004,1,1,1,blood,1,0,0,10.0,10.0,10,10,10,1,1,53,0
55011,9,9,9,blood|brain|colon|gastrointestinal_tract|heart|kidney|large_intestine|liver|lung,6,2,1,19.555555555555557,20.0,21,18,176,2,1,78,0
55023,23,23,23,adipose_tissue|adrenal_cortex|adrenal_gland|amygdala|aorta|artery|astrocyte|basal_ganglion|blood|blood_plasma|blood_platelet|bone|brain|colon|eye|forebrain|gastrointestinal_tract|heart|kidney|large_intestine|liver|lung|midbrain,19,2,2,10.217391304347826,11.0,13,4,235,0,1,63,0
55031,22,22,22,adipose_tissue|adrenal_cortex|adrenal_gland|amygdala|artery|astrocyte|basal_ganglion|blood|blood_plasma|blood_platelet|bone|brain|colon|eye|forebrain|gastrointestinal_tract|heart|kidney|large_intestine|liver|lung|midbrain,18,2,2,9.136363636363637,8.0,12,5,201,1,1,60,0
55036,7,7,7,amygdala|basal_ganglion|brain|forebrain|liver|lung|midbrain,5,0,2,2.0,2.0,2,2,14,1,1,22,0
55072,23,23,23,adipose_tissue|adrenal_gland|amygdala|aorta|artery|astrocyte|basal_ganglion|basophil|blood|blood_plasma|blood_platelet|bone|brain|colon|eye|forebrain|gastrointestinal_tract|heart|kidney|large_intestine|liver|lung|midbrain,19,2,2,25.91304347826087,26.0,34,12,596,2,1,63,0
55075,23,23,23,adipose_tissue|adrenal_cortex|adrenal_gland|amygdala|aorta|artery|astrocyte|basal_ganglion|blood|blood_plasma|blood_platelet|bone|brain|colon|eye|forebrain|gastrointestinal_tract|heart|kidney|large_intestine|liver|lung|midbrain,19,2,2,11.0,11.0,14,7,253,1,1,15,0
55081,19,19,19,adipose_tissue|adrenal_gland|amygdala|artery|basal_ganglion|blood|blood_plasma|blood_platelet|brain|colon|eye|forebrain|gastrointestinal_tract|heart|kidney|large_intestine|liver|lung|midbrain,15,2,2,11.736842105263158,12.0,14,10,223,1,1,31,0
55083,24,24,24,adipose_tissue|adrenal_cortex|adrenal_gland|amygdala|aorta|artery|astrocyte|basal_ganglion|basophil|blood|blood_plasma|blood_platelet|bone|brain|colon|eye|forebrain|gastrointestinal_tract|heart|kidney|large_intestine|liver|lung|midbrain,20,2,2,10.75,11.0,13,6,258,0,1,0,1
55109,24,24,24,adipose_tissue|adrenal_cortex|adrenal_gland|amygdala|aorta|artery|astrocyte|basal_ganglion|basophil|blood|blood_plasma|blood_platelet|bone|brain|colon|eye|forebrain|gastrointestinal_tract|heart|kidney|large_intestine|liver|lung|midbrain,20,2,2,5.333333333333333,5.5,8,2,128,1,1,13,0
55117,2,2,2,brain|gastrointestinal_tract,2,0,0,1.5,1.5,2,1,3,1,1,7,0
55125,8,8,8,amygdala|basal_ganglion|brain|forebrain|heart|kidney|liver|midbrain,5,2,1,23.375,23.0,26,21,187,0,1,38,0
55128,20,20,20,adrenal_cortex|adrenal_gland|amygdala|aorta|artery|basal_ganglion|blood|blood_plasma|bone|brain|colon|eye|forebrain|gastrointestinal_tract|heart|kidney|large_intestine|liver|lung|midbrain,16,2,2,12.1,11.5,16,8,242,2,1,38,0
55140,6,6,6,blood|brain|heart|kidney|liver|lung,3,2,1,12.666666666666666,12.0,15,12,76,0,1,59,0
55142,15,15,15,adrenal_gland|amygdala|basal_ganglion|blood|bone|brain|colon|forebrain|gastrointestinal_tract|heart|kidney|large_intestine|liver|lung|midbrain,11,2,2,27.133333333333333,27.0,34,20,407,0,1,26,0
55145,23,23,23,adipose_tissue|adrenal_cortex|adrenal_gland|amygdala|aorta|artery|basal_ganglion|basophil|blood|blood_plasma|blood_platelet|bone|brain|colon|eye|forebrain|gastrointestinal_tract|heart|kidney|large_intestine|liver|lung|midbrain,19,2,2,20.652173913043477,21.0,27,6,475,0,1,48,0
55149,5,5,5,brain|heart|kidney|liver|lung,2,2,1,8.6,9.0,9,8,43,0,1,28,0
55154,16,16,16,adrenal_gland|amygdala|basal_ganglion|blood|blood_plasma|brain|colon|eye|forebrain|gastrointestinal_tract|heart|kidney|large_intestine|liver|lung|midbrain,12,2,2,4.0625,4.0,5,4,65,0,1,18,0
55159,22,22,22,adipose_tissue|adrenal_cortex|adrenal_gland|amygdala|aorta|artery|astrocyte|basal_ganglion|blood|blood_plasma|bone|brain|colon|eye|forebrain|gastrointestinal_tract|heart|kidney|large_intestine|liver|lung|midbrain,18,2,2,23.59090909090909,26.0,28,12,519,0,1,44,0
55160,21,21,21,adipose_tissue|adrenal_gland|amygdala|aorta|artery|basal_ganglion|blood|blood_plasma|blood_platelet|bone|brain|colon|eye|forebrain|gastrointestinal_tract|heart|kidney|large_intestine|liver|lung|midbrain,17,2,2,1.380952380952381,1.0,3,1,29,1,1,0,1
55164,9,9,9,blood|brain|colon|gastrointestinal_tract|heart|kidney|large_intestine|liver|lung,6,2,1,5.333333333333333,5.0,6,5,48,0,1,32,0
55170,8,8,8,brain|colon|gastrointestinal_tract|heart|kidney|large_intestine|liver|lung,5,2,1,26.375,26.0,29,25,211,0,1,57,0
55174,7,7,7,amygdala|basal_ganglion|brain|forebrain|liver|lung|midbrain,5,0,2,13.857142857142858,14.0,15,13,97,0,1,19,0
55183,17,17,17,adrenal_gland|amygdala|artery|basal_ganglion|blood|bone|brain|colon|eye|forebrain|gastrointestinal_tract|heart|kidney|large_intestine|liver|lung|midbrain,13,2,2,54.35294117647059,60.0,65,35,924,0,1,10,0
55201,21,21,21,adipose_tissue|adrenal_cortex|adrenal_gland|amygdala|artery|basal_ganglion|blood|blood_plasma|blood_platelet|bone|brain|colon|eye|forebrain|gastrointestinal_tract|heart|kidney|large_intestine|liver|lung|midbrain,17,2,2,12.476190476190476,12.0,16,8,262,1,1,35,0
55233,8,8,8,brain|colon|gastrointestinal_tract|heart|kidney|large_intestine|liver|lung,5,2,1,21.125,22.0,23,19,169,0,1,13,0
55236,20,20,20,adrenal_gland|amygdala|aorta|artery|basal_ganglion|blood|blood_plasma|blood_platelet|bone|brain|colon|eye|forebrain|gastrointestinal_tract|heart|kidney|large_intestine|liver|lung|midbrain,16,2,2,19.55,18.5,24,15,391,1,1,19,0
55240,20,20,20,adipose_tissue|adrenal_cortex|adrenal_gland|aorta|artery|basal_ganglion|blood|blood_plasma|blood_platelet|brain|colon|eye|forebrain|gastrointestinal_tract|heart|kidney|large_intestine|liver|lung|midbrain,16,2,2,5.85,6.0,7,5,117,1,1,18,0
55250,17,17,17,adipose_tissue|adrenal_gland|astrocyte|basophil|blood|blood_plasma|blood_platelet|brain|colon|eye|forebrain|gastrointestinal_tract|heart|kidney|large_intestine|liver|lung,14,2,1,9.705882352941176,10.0,16,4,165,1,1,9,0
55256,2,2,2,kidney|liver,1,1,0,6.0,6.0,6,6,12,0,1,23,0
55284,19,19,19,adrenal_gland|amygdala|aorta|artery|basal_ganglion|blood|blood_plasma|bone|brain|colon|eye|forebrain|gastrointestinal_tract|heart|kidney|large_intestine|liver|lung|midbrain,15,2,2,33.473684210526315,33.0,39,28,636,1,1,20,0
55288,6,6,6,blood|brain|eye|forebrain|heart|kidney,4,2,0,6.833333333333333,7.0,8,5,41,0,1,23,0
55294,23,23,23,adipose_tissue|adrenal_cortex|adrenal_gland|amygdala|aorta|artery|basal_ganglion|basophil|blood|blood_plasma|blood_platelet|bone|brain|colon|eye|forebrain|gastrointestinal_tract|heart|kidney|large_intestine|liver|lung|midbrain,19,2,2,62.0,60.0,81,24,1426,2,1,72,0
55326,15,15,15,adipose_tissue|adrenal_gland|basal_ganglion|blood|blood_plasma|brain|colon|eye|forebrain|gastrointestinal_tract|heart|kidney|large_intestine|liver|lung,12,2,1,1.2666666666666666,1.0,2,1,19,1,1,8,0
55327,23,23,23,adipose_tissue|adrenal_cortex|adrenal_gland|amygdala|aorta|artery|astrocyte|basal_ganglion|blood|blood_plasma|blood_platelet|bone|brain|colon|eye|forebrain|gastrointestinal_tract|heart|kidney|large_intestine|liver|lung|midbrain,19,2,2,13.26086956521739,13.0,18,8,305,0,1,23,0
55331,13,13,13,amygdala|basal_ganglion|blood|brain|colon|forebrain|gastrointestinal_tract|heart|kidney|large_intestine|liver|lung|midbrain,9,2,2,1.3076923076923077,1.0,2,1,17,1,1,25,0
55342,16,16,16,adrenal_gland|astrocyte|basal_ganglion|blood|blood_plasma|blood_platelet|brain|colon|forebrain|gastrointestinal_tract|heart|kidney|large_intestine|liver|lung|midbrain,12,2,2,19.125,21.0,24,6,306,0,1,15,0
55352,18,18,18,adrenal_cortex|adrenal_gland|amygdala|basal_ganglion|blood|blood_plasma|blood_platelet|bone|brain|colon|forebrain|gastrointestinal_tract|heart|kidney|large_intestine|liver|lung|midbrain,14,2,2,18.444444444444443,19.5,22,4,332,0,1,37,0
55357,20,20,20,adrenal_gland|amygdala|aorta|artery|basal_ganglion|blood|blood_plasma|blood_platelet|bone|brain|colon|eye|forebrain|gastrointestinal_tract|heart|kidney|large_intestine|liver|lung|midbrain,16,2,2,3.35,4.0,5,1,67,0,1,11,0
55361,21,21,21,adipose_tissue|adrenal_cortex|adrenal_gland|amygdala|aorta|artery|basal_ganglion|blood|blood_plasma|blood_platelet|brain|colon|eye|forebrain|gastrointestinal_tract|heart|kidney|large_intestine|liver|lung|midbrain,17,2,2,4.9523809523809526,5.0,6,2,104,0,1,33,0
55364,1,1,1,brain,1,0,0,6.0,6.0,6,6,6,0,1,54,0
55366,24,24,24,adipose_tissue|adrenal_cortex|adrenal_gland|amygdala|aorta|artery|astrocyte|basal_ganglion|basophil|blood|blood_plasma|blood_platelet|bone|brain|colon|eye|forebrain|gastrointestinal_tract|heart|kidney|large_intestine|liver|lung|midbrain,20,2,2,47.666666666666664,47.5,67,11,1144,0,1,27,0
55432,20,20,20,adrenal_gland|amygdala|aorta|artery|basal_ganglion|blood|blood_plasma|blood_platelet|bone|brain|colon|eye|forebrain|gastrointestinal_tract|heart|kidney|large_intestine|liver|lung|midbrain,16,2,2,16.3,16.0,19,13,326,0,1,22,0
55437,8,8,8,brain|colon|gastrointestinal_tract|heart|kidney|large_intestine|liver|lung,5,2,1,5.375,5.0,6,5,43,1,1,32,0
55454,17,17,17,adrenal_gland|amygdala|aorta|artery|basal_ganglion|blood|bone|brain|colon|forebrain|gastrointestinal_tract|heart|kidney|large_intestine|liver|lung|midbrain,13,2,2,6.764705882352941,7.0,10,4,115,2,1,18,0
55500,11,11,11,adipose_tissue|basal_ganglion|blood|blood_plasma|blood_platelet|brain|eye|forebrain|heart|kidney|liver,9,2,0,1.0,1.0,1,1,11,0,1,22,0
55501,17,17,17,adrenal_gland|amygdala|aorta|artery|basal_ganglion|blood|bone|brain|colon|forebrain|gastrointestinal_tract|heart|kidney|large_intestine|liver|lung|midbrain,13,2,2,7.705882352941177,8.0,9,5,131,0,1,15,0
55503,10,10,10,basal_ganglion|blood|brain|colon|forebrain|gastrointestinal_tract|kidney|large_intestine|liver|midbrain,8,1,1,7.2,7.0,8,7,72,0,1,22,0
55521,4,4,4,brain|heart|kidney|lung,1,2,1,6.0,6.0,6,6,24,0,1,11,0
55534,17,17,17,adrenal_gland|amygdala|aorta|artery|basal_ganglion|blood|brain|colon|eye|forebrain|gastrointestinal_tract|heart|kidney|large_intestine|liver|lung|midbrain,13,2,2,5.882352941176471,5.0,9,4,100,3,1,45,0
55553,7,7,7,brain|colon|gastrointestinal_tract|heart|kidney|large_intestine|lung,4,2,1,11.571428571428571,12.0,13,10,81,3,1,26,0
55558,1,1,1,brain,1,0,0,12.0,12.0,12,12,12,0,1,10,0
55559,4,4,4,blood|colon|gastrointestinal_tract|large_intestine,4,0,0,12.5,12.0,14,12,50,0,1,27,0
55576,4,4,4,blood|heart|liver|lung,2,1,1,6.75,7.0,7,6,27,0,1,21,0
55589,20,20,20,adrenal_cortex|adrenal_gland|aorta|artery|basal_ganglion|blood|blood_plasma|blood_platelet|bone|brain|colon|eye|forebrain|gastrointestinal_tract|heart|kidney|large_intestine|liver|lung|midbrain,16,2,2,13.9,15.5,17,8,278,2,1,7,0
55600,20,20,20,adipose_tissue|adrenal_gland|amygdala|aorta|artery|astrocyte|basal_ganglion|blood|blood_plasma|blood_platelet|brain|colon|eye|forebrain|gastrointestinal_tract|heart|kidney|large_intestine|liver|lung,17,2,1,7.85,8.0,8,6,157,1,1,31,0
55604,16,16,16,amygdala|aorta|artery|basal_ganglion|blood|blood_plasma|brain|colon|forebrain|gastrointestinal_tract|heart|kidney|large_intestine|liver|lung|midbrain,12,2,2,1.0,1.0,1,1,16,0,1,52,0
55611,10,10,10,blood|brain|colon|eye|gastrointestinal_tract|heart|kidney|large_intestine|liver|lung,7,2,1,54.3,55.0,57,49,543,3,1,47,0
55612,19,19,19,adrenal_gland|amygdala|aorta|artery|basal_ganglion|blood|blood_plasma|bone|brain|colon|eye|forebrain|gastrointestinal_tract|heart|kidney|large_intestine|liver|lung|midbrain,15,2,2,1.8421052631578947,2.0,2,1,35,0,1,8,0
55614,22,22,22,adipose_tissue|adrenal_cortex|adrenal_gland|amygdala|aorta|artery|basal_ganglion|blood|blood_plasma|blood_platelet|bone|brain|colon|eye|forebrain|gastrointestinal_tract|heart|kidney|large_intestine|liver|lung|midbrain,18,2,2,3.090909090909091,3.0,4,1,68,0,1,34,0
55624,16,16,16,adrenal_gland|amygdala|basal_ganglion|blood|blood_plasma|brain|colon|eye|forebrain|gastrointestinal_tract|heart|kidney|large_intestine|liver|lung|midbrain,12,2,2,4.375,4.0,7,3,70,0,1,19,0
55625,15,15,15,adrenal_gland|amygdala|aorta|artery|basal_ganglion|blood|brain|colon|forebrain|gastrointestinal_tract|heart|kidney|large_intestine|liver|lung,12,2,1,3.8,4.0,6,3,57,0,1,31,0
55627,20,20,20,adipose_tissue|adrenal_cortex|adrenal_gland|amygdala|artery|basal_ganglion|blood|blood_plasma|blood_platelet|brain|colon|eye|forebrain|gastrointestinal_tract|heart|kidney|large_intestine|liver|lung|midbrain,16,2,2,4.25,3.0,7,1,85,0,1,26,0
55629,9,9,9,blood|brain|colon|gastrointestinal_tract|heart|kidney|large_intestine|liver|lung,6,2,1,9.666666666666666,10.0,10,8,87,2,1,23,0
55632,9,9,9,amygdala|basal_ganglion|brain|forebrain|heart|kidney|liver|lung|midbrain,5,2,2,1.0,1.0,1,1,9,1,1,0,1
55636,23,23,23,adipose_tissue|adrenal_cortex|adrenal_gland|amygdala|aorta|artery|astrocyte|basal_ganglion|blood|blood_plasma|blood_platelet|bone|brain|colon|eye|forebrain|gastrointestinal_tract|heart|kidney|large_intestine|liver|lung|midbrain,19,2,2,11.869565217391305,12.0,18,2,273,0,1,21,0
55650,20,20,20,adipose_tissue|adrenal_gland|amygdala|aorta|artery|basal_ganglion|blood|blood_plasma|blood_platelet|brain|colon|eye|forebrain|gastrointestinal_tract|heart|kidney|large_intestine|liver|lung|midbrain,16,2,2,1.0,1.0,1,1,20,2,1,27,0
55654,4,4,4,brain|forebrain|kidney|lung,2,1,1,1.0,1.0,1,1,4,1,1,24,0
55655,1,1,1,lung,0,0,1,27.0,27.0,27,27,27,1,1,27,0
55656,7,7,7,amygdala|basal_ganglion|brain|forebrain|liver|lung|midbrain,5,0,2,12.0,12.0,12,12,84,0,1,19,0
55669,16,16,16,adrenal_gland|amygdala|basal_ganglion|blood|blood_plasma|brain|colon|eye|forebrain|gastrointestinal_tract|heart|kidney|large_intestine|liver|lung|midbrain,12,2,2,6.75,7.0,7,6,108,1,1,16,0
55670,2,2,2,kidney|liver,1,1,0,5.5,5.5,6,5,11,1,1,24,0
55681,21,21,21,adipose_tissue|adrenal_cortex|adrenal_gland|amygdala|aorta|artery|basal_ganglion|blood|blood_plasma|bone|brain|colon|eye|forebrain|gastrointestinal_tract|heart|kidney|large_intestine|liver|lung|midbrain,17,2,2,23.523809523809526,24.0,34,7,494,0,1,34,0
55689,18,18,18,adrenal_cortex|adrenal_gland|amygdala|basal_ganglion|blood|blood_plasma|blood_platelet|bone|brain|colon|forebrain|gastrointestinal_tract|heart|kidney|large_intestine|liver|lung|midbrain,14,2,2,18.61111111111111,18.5,21,15,335,0,1,52,0
55690,3,3,3,blood|blood_plasma|eye,3,0,0,7.333333333333333,7.0,8,7,22,2,1,11,0
55696,20,20,20,adipose_tissue|amygdala|artery|astrocyte|basal_ganglion|blood|blood_plasma|blood_platelet|bone|brain|colon|eye|forebrain|gastrointestinal_tract|heart|kidney|large_intestine|liver|lung|midbrain,16,2,2,44.9,50.0,69,8,898,1,1,62,0
55703,23,23,23,adipose_tissue|adrenal_gland|amygdala|aorta|artery|astrocyte|basal_ganglion|basophil|blood|blood_plasma|blood_platelet|bone|brain|colon|eye|forebrain|gastrointestinal_tract|heart|kidney|large_intestine|liver|lung|midbrain,19,2,2,10.826086956521738,11.0,16,5,249,1,1,15,0
55704,5,5,5,brain|heart|kidney|liver|lung,2,2,1,33.6,34.0,34,33,168,2,1,46,0
55705,20,20,20,adipose_tissue|amygdala|artery|astrocyte|basal_ganglion|blood|blood_plasma|blood_platelet|bone|brain|colon|eye|forebrain|gastrointestinal_tract|heart|kidney|large_intestine|liver|lung|midbrain,16,2,2,40.35,41.0,47,23,807,0,1,8,0
55706,3,3,3,blood|heart|kidney,1,2,0,5.666666666666667,5.0,7,5,17,0,1,24,0
55715,23,23,23,adipose_tissue|adrenal_cortex|adrenal_gland|amygdala|aorta|artery|basal_ganglion|basophil|blood|blood_plasma|blood_platelet|bone|brain|colon|eye|forebrain|gastrointestinal_tract|heart|kidney|large_intestine|liver|lung|midbrain,19,2,2,14.0,14.0,21,6,322,0,1,0,1
55723,3,3,3,colon|gastrointestinal_tract|large_intestine,3,0,0,20.0,19.0,22,19,60,1,1,14,0
55729,9,9,9,blood|brain|colon|gastrointestinal_tract|heart|kidney|large_intestine|liver|lung,6,2,1,37.111111111111114,38.0,39,34,334,1,1,61,0
55740,23,23,23,adipose_tissue|adrenal_cortex|adrenal_gland|amygdala|aorta|artery|astrocyte|basal_ganglion|blood|blood_plasma|blood_platelet|bone|brain|colon|eye|forebrain|gastrointestinal_tract|heart|kidney|large_intestine|liver|lung|midbrain,19,2,2,15.782608695652174,15.0,21,8,363,1,1,6,0
55742,15,15,15,adrenal_gland|amygdala|basal_ganglion|blood|brain|colon|eye|forebrain|gastrointestinal_tract|heart|kidney|large_intestine|liver|lung|midbrain,11,2,2,11.6,12.0,13,10,174,1,1,12,0
55743,20,20,20,adrenal_gland|amygdala|aorta|artery|basal_ganglion|blood|blood_plasma|blood_platelet|bone|brain|colon|eye|forebrain|gastrointestinal_tract|heart|kidney|large_intestine|liver|lung|midbrain,16,2,2,32.3,34.0,37,23,646,1,1,37,0
55746,5,5,5,blood|bone|heart|kidney|liver,3,2,0,25.4,25.0,30,23,127,0,1,19,0
55750,13,13,13,amygdala|basal_ganglion|blood|brain|colon|forebrain|gastrointestinal_tract|heart|kidney|large_intestine|liver|lung|midbrain,9,2,2,8.384615384615385,8.0,10,7,109,0,1,8,0
55752,21,21,21,adipose_tissue|adrenal_gland|amygdala|aorta|artery|basal_ganglion|blood|blood_plasma|blood_platelet|bone|brain|colon|eye|forebrain|gastrointestinal_tract|heart|kidney|large_intestine|liver|lung|midbrain,17,2,2,10.952380952380953,11.0,15,7,230,0,1,17,0
55755,13,13,13,amygdala|basal_ganglion|blood|brain|colon|forebrain|gastrointestinal_tract|heart|kidney|large_intestine|liver|lung|midbrain,9,2,2,14.153846153846153,13.0,19,12,184,1,1,70,0
55756,7,7,7,amygdala|basal_ganglion|brain|forebrain|liver|lung|midbrain,5,0,2,16.428571428571427,16.0,18,16,115,2,1,21,0
55759,17,17,17,adrenal_gland|amygdala|aorta|artery|basal_ganglion|blood|brain|colon|eye|forebrain|gastrointestinal_tract|heart|kidney|large_intestine|liver|lung|midbrain,13,2,2,18.58823529411765,19.0,20,15,316,0,1,25,0
55790,15,15,15,adrenal_gland|amygdala|aorta|artery|basal_ganglion|blood|brain|colon|forebrain|gastrointestinal_tract|heart|kidney|large_intestine|liver|lung,12,2,1,9.4,10.0,11,7,141,0,1,18,0
55795,4,4,4,colon|gastrointestinal_tract|large_intestine|lung,3,0,1,11.0,11.0,11,11,44,0,1,44,0
55796,5,5,5,brain|heart|kidney|liver|lung,2,2,1,3.2,3.0,4,3,16,0,1,19,0
55816,4,4,4,blood|brain|heart|kidney,2,2,0,12.75,13.5,15,9,51,1,1,8,0
55818,5,5,5,brain|heart|kidney|liver|lung,2,2,1,11.0,11.0,11,11,55,2,1,68,0
55819,19,19,19,adrenal_gland|amygdala|aorta|artery|basal_ganglion|blood|blood_plasma|bone|brain|colon|eye|forebrain|gastrointestinal_tract|heart|kidney|large_intestine|liver|lung|midbrain,15,2,2,11.842105263157896,12.0,14,10,225,0,1,16,0
55832,19,19,19,adrenal_gland|amygdala|aorta|artery|basal_ganglion|blood|blood_plasma|bone|brain|colon|eye|forebrain|gastrointestinal_tract|heart|kidney|large_intestine|liver|lung|midbrain,15,2,2,166.0,169.0,209,98,3154,1,1,44,0
55835,5,5,5,blood|heart|kidney|liver|lung,2,2,1,43.6,44.0,46,41,218,0,1,26,0
55837,6,6,6,blood|brain|heart|kidney|liver|lung,3,2,1,4.5,4.5,5,4,27,0,1,46,0
55847,15,15,15,adipose_tissue|amygdala|basal_ganglion|blood|blood_plasma|brain|colon|forebrain|gastrointestinal_tract|heart|kidney|large_intestine|liver|lung|midbrain,11,2,2,11.466666666666667,12.0,13,8,172,0,1,13,0
55856,21,21,21,adipose_tissue|adrenal_gland|amygdala|aorta|artery|basal_ganglion|blood|blood_plasma|blood_platelet|bone|brain|colon|eye|forebrain|gastrointestinal_tract|heart|kidney|large_intestine|liver|lung|midbrain,17,2,2,12.714285714285714,13.0,15,9,267,0,1,15,0
55867,1,1,1,kidney,0,1,0,2.0,2.0,2,2,2,2,1,28,0
55904,24,24,24,adipose_tissue|adrenal_cortex|adrenal_gland|amygdala|aorta|artery|astrocyte|basal_ganglion|basophil|blood|blood_plasma|blood_platelet|bone|brain|colon|eye|forebrain|gastrointestinal_tract|heart|kidney|large_intestine|liver|lung|midbrain,20,2,2,3.125,3.0,4,1,75,1,1,79,0
55929,18,18,18,adrenal_cortex|adrenal_gland|amygdala|basal_ganglion|blood|blood_plasma|blood_platelet|bone|brain|colon|forebrain|gastrointestinal_tract|heart|kidney|large_intestine|liver|lung|midbrain,14,2,2,28.27777777777778,28.0,33,22,509,0,1,64,0
55958,19,19,19,adrenal_gland|amygdala|aorta|artery|basal_ganglion|blood|blood_plasma|bone|brain|colon|eye|forebrain|gastrointestinal_tract|heart|kidney|large_intestine|liver|lung|midbrain,15,2,2,6.578947368421052,7.0,8,5,125,0,1,20,0
55959,15,15,15,adrenal_cortex|adrenal_gland|artery|blood|bone|brain|colon|eye|forebrain|gastrointestinal_tract|heart|kidney|large_intestine|liver|lung,12,2,1,1.0,1.0,1,1,15,0,1,42,0
55967,19,19,19,adipose_tissue|adrenal_cortex|adrenal_gland|artery|astrocyte|basal_ganglion|blood|blood_plasma|blood_platelet|brain|colon|eye|forebrain|gastrointestinal_tract|heart|kidney|large_intestine|liver|lung,16,2,1,20.473684210526315,23.0,25,10,389,0,1,12,0
55971,23,23,23,adipose_tissue|adrenal_gland|amygdala|aorta|artery|astrocyte|basal_ganglion|basophil|blood|blood_plasma|blood_platelet|bone|brain|colon|eye|forebrain|gastrointestinal_tract|heart|kidney|large_intestine|liver|lung|midbrain,19,2,2,12.434782608695652,12.0,18,2,286,0,1,35,0
55998,2,2,2,blood|liver,2,0,0,2.0,2.0,2,2,4,0,1,22,0
56033,2,2,2,eye|heart,1,1,0,1.0,1.0,1,1,2,0,1,0,1
56034,9,9,9,brain|colon|eye|gastrointestinal_tract|heart|kidney|large_intestine|liver|lung,6,2,1,6.0,6.0,7,5,54,0,1,38,0
56172,1,1,1,brain,1,0,0,1.0,1.0,1,1,1,1,1,11,0
56243,19,19,19,adrenal_cortex|adrenal_gland|amygdala|artery|basal_ganglion|blood|blood_plasma|bone|brain|colon|eye|forebrain|gastrointestinal_tract|heart|kidney|large_intestine|liver|lung|midbrain,15,2,2,12.210526315789474,13.0,14,7,232,0,1,6,0
56246,22,22,22,adipose_tissue|adrenal_gland|amygdala|aorta|artery|basal_ganglion|basophil|blood|blood_plasma|blood_platelet|bone|brain|colon|eye|forebrain|gastrointestinal_tract|heart|kidney|large_intestine|liver|lung|midbrain,18,2,2,3.590909090909091,3.0,7,3,79,1,1,30,0
56253,1,1,1,blood,1,0,0,3.0,3.0,3,3,3,0,1,18,0
56254,21,21,21,adrenal_cortex|adrenal_gland|amygdala|aorta|artery|basal_ganglion|blood|blood_plasma|blood_platelet|bone|brain|colon|eye|forebrain|gastrointestinal_tract|heart|kidney|large_intestine|liver|lung|midbrain,17,2,2,27.714285714285715,26.0,32,23,582,0,1,87,0
56262,18,18,18,amygdala|astrocyte|basal_ganglion|blood|blood_plasma|blood_platelet|bone|brain|colon|eye|forebrain|gastrointestinal_tract|heart|kidney|large_intestine|liver|lung|midbrain,14,2,2,5.444444444444445,6.0,7,3,98,1,1,25,0
56301,4,4,4,brain|heart|kidney|liver,2,2,0,1.0,1.0,1,1,4,2,1,8,0
56302,6,6,6,blood|brain|colon|gastrointestinal_tract|kidney|large_intestine,5,1,0,9.333333333333334,9.0,10,9,56,0,1,15,0
56479,5,5,5,amygdala|basal_ganglion|brain|forebrain|midbrain,4,0,1,7.0,7.0,7,7,35,1,1,8,0
56548,12,12,12,basal_ganglion|blood|bone|brain|colon|forebrain|gastrointestinal_tract|heart|kidney|large_intestine|liver|lung,9,2,1,5.75,6.0,7,4,69,1,1,13,0
56603,4,4,4,basal_ganglion|brain|eye|forebrain,4,0,0,1.5,1.5,2,1,6,3,1,24,0
56652,21,21,21,adipose_tissue|adrenal_gland|amygdala|aorta|artery|basal_ganglion|blood|blood_plasma|blood_platelet|bone|brain|colon|eye|forebrain|gastrointestinal_tract|heart|kidney|large_intestine|liver|lung|midbrain,17,2,2,11.80952380952381,13.0,14,7,248,0,1,35,0
56655,18,18,18,adrenal_cortex|adrenal_gland|amygdala|basal_ganglion|blood|blood_plasma|blood_platelet|bone|brain|colon|forebrain|gastrointestinal_tract|heart|kidney|large_intestine|liver|lung|midbrain,14,2,2,13.444444444444445,14.5,16,8,242,1,1,29,0
56674,4,4,4,brain|forebrain|kidney|lung,2,1,1,1.0,1.0,1,1,4,2,1,12,0
56751,20,20,20,adipose_tissue|adrenal_cortex|adrenal_gland|amygdala|artery|basal_ganglion|blood|blood_plasma|bone|brain|colon|eye|forebrain|gastrointestinal_tract|heart|kidney|large_intestine|liver|lung|midbrain,16,2,2,1.0,1.0,1,1,20,2,1,0,1
56776,6,6,6,adrenal_gland|brain|eye|gastrointestinal_tract|kidney|large_intestine,5,1,0,3.0,3.0,3,3,18,0,1,46,0
56829,23,23,23,adipose_tissue|adrenal_gland|amygdala|aorta|artery|astrocyte|basal_ganglion|basophil|blood|blood_plasma|blood_platelet|bone|brain|colon|eye|forebrain|gastrointestinal_tract|heart|kidney|large_intestine|liver|lung|midbrain,19,2,2,16.391304347826086,17.0,24,3,377,0,1,39,0
56852,9,9,9,blood|brain|colon|gastrointestinal_tract|heart|kidney|large_intestine|liver|lung,6,2,1,29.333333333333332,30.0,31,27,264,0,1,43,0
56853,2,2,2,brain|heart,1,1,0,2.0,2.0,2,2,4,3,1,37,0
56897,16,16,16,amygdala|basal_ganglion|blood|blood_plasma|blood_platelet|brain|colon|eye|forebrain|gastrointestinal_tract|heart|kidney|large_intestine|liver|lung|midbrain,12,2,2,17.3125,18.0,22,12,277,0,1,36,0
56898,4,4,4,blood|brain|heart|kidney,2,2,0,3.0,3.0,3,3,12,0,1,32,0
56913,24,24,24,adipose_tissue|adrenal_cortex|adrenal_gland|amygdala|aorta|artery|astrocyte|basal_ganglion|basophil|blood|blood_plasma|blood_platelet|bone|brain|colon|eye|forebrain|gastrointestinal_tract|heart|kidney|large_intestine|liver|lung|midbrain,20,2,2,2.0416666666666665,2.0,3,1,49,0,1,9,0
56915,9,9,9,blood|brain|colon|gastrointestinal_tract|heart|kidney|large_intestine|liver|lung,6,2,1,28.444444444444443,29.0,31,26,256,1,1,29,0
56923,24,24,24,adipose_tissue|adrenal_cortex|adrenal_gland|amygdala|aorta|artery|astrocyte|basal_ganglion|basophil|blood|blood_plasma|blood_platelet|bone|brain|colon|eye|forebrain|gastrointestinal_tract|heart|kidney|large_intestine|liver|lung|midbrain,20,2,2,1.125,1.0,2,1,27,0,1,22,0
56940,24,24,24,adipose_tissue|adrenal_cortex|adrenal_gland|amygdala|aorta|artery|astrocyte|basal_ganglion|basophil|blood|blood_plasma|blood_platelet|bone|brain|colon|eye|forebrain|gastrointestinal_tract|heart|kidney|large_intestine|liver|lung|midbrain,20,2,2,4.916666666666667,5.0,5,3,118,0,1,24,0
56943,19,19,19,adrenal_cortex|adrenal_gland|amygdala|basal_ganglion|blood|blood_plasma|blood_platelet|bone|brain|colon|eye|forebrain|gastrointestinal_tract|heart|kidney|large_intestine|liver|lung|midbrain,15,2,2,8.68421052631579,9.0,9,7,165,0,1,60,0
56949,12,12,12,amygdala|basal_ganglion|brain|colon|forebrain|gastrointestinal_tract|heart|kidney|large_intestine|liver|lung|midbrain,8,2,2,57.75,59.5,70,26,693,2,1,25,0
56950,19,19,19,adrenal_cortex|adrenal_gland|amygdala|basal_ganglion|blood|blood_plasma|blood_platelet|bone|brain|colon|eye|forebrain|gastrointestinal_tract|heart|kidney|large_intestine|liver|lung|midbrain,15,2,2,13.421052631578947,14.0,18,7,255,1,1,55,0
56957,22,22,22,adipose_tissue|adrenal_gland|amygdala|aorta|artery|astrocyte|basal_ganglion|blood|blood_plasma|blood_platelet|bone|brain|colon|eye|forebrain|gastrointestinal_tract|heart|kidney|large_intestine|liver|lung|midbrain,18,2,2,13.409090909090908,13.0,16,8,295,3,1,54,0
56970,19,19,19,adrenal_cortex|adrenal_gland|amygdala|basal_ganglion|blood|blood_plasma|blood_platelet|bone|brain|colon|eye|forebrain|gastrointestinal_tract|heart|kidney|large_intestine|liver|lung|midbrain,15,2,2,16.210526315789473,16.0,18,11,308,1,1,60,0
56984,20,20,20,adrenal_cortex|adrenal_gland|amygdala|aorta|artery|basal_ganglion|blood|blood_plasma|bone|brain|colon|eye|forebrain|gastrointestinal_tract|heart|kidney|large_intestine|liver|lung|midbrain,16,2,2,8.05,8.0,11,2,161,0,1,13,0
56993,16,16,16,adrenal_gland|amygdala|basal_ganglion|blood|blood_plasma|brain|colon|eye|forebrain|gastrointestinal_tract|heart|kidney|large_intestine|liver|lung|midbrain,12,2,2,21.125,21.5,23,18,338,2,1,28,0
56998,24,24,24,adipose_tissue|adrenal_cortex|adrenal_gland|amygdala|aorta|artery|astrocyte|basal_ganglion|basophil|blood|blood_plasma|blood_platelet|bone|brain|colon|eye|forebrain|gastrointestinal_tract|heart|kidney|large_intestine|liver|lung|midbrain,20,2,2,6.291666666666667,7.0,8,4,151,1,1,42,0
57007,2,2,2,blood|brain,2,0,0,6.0,6.0,6,6,12,1,1,52,0
57010,1,1,1,eye,1,0,0,1.0,1.0,1,1,1,1,1,5,0
57026,22,22,22,adipose_tissue|adrenal_cortex|adrenal_gland|amygdala|aorta|artery|basal_ganglion|blood|blood_plasma|blood_platelet|bone|brain|colon|eye|forebrain|gastrointestinal_tract|heart|kidney|large_intestine|liver|lung|midbrain,18,2,2,4.545454545454546,4.0,7,4,100,1,1,47,0
57030,1,1,1,brain,1,0,0,1.0,1.0,1,1,1,1,1,3,0
57045,23,23,23,adipose_tissue|adrenal_cortex|adrenal_gland|amygdala|aorta|artery|astrocyte|basal_ganglion|blood|blood_plasma|blood_platelet|bone|brain|colon|eye|forebrain|gastrointestinal_tract|heart|kidney|large_intestine|liver|lung|midbrain,19,2,2,3.130434782608696,3.0,4,2,72,0,1,8,0
57048,20,20,20,adipose_tissue|adrenal_cortex|adrenal_gland|amygdala|artery|basal_ganglion|blood|blood_plasma|bone|brain|colon|eye|forebrain|gastrointestinal_tract|heart|kidney|large_intestine|liver|lung|midbrain,16,2,2,5.05,5.0,7,3,101,1,1,4,0
57060,23,23,23,adipose_tissue|adrenal_cortex|adrenal_gland|amygdala|aorta|artery|astrocyte|basal_ganglion|blood|blood_plasma|blood_platelet|bone|brain|colon|eye|forebrain|gastrointestinal_tract|heart|kidney|large_intestine|liver|lung|midbrain,19,2,2,3.652173913043478,4.0,4,1,84,3,1,14,0
57082,3,3,3,colon|gastrointestinal_tract|large_intestine,3,0,0,13.0,13.0,13,13,39,0,1,40,0
57084,6,6,6,adrenal_gland|amygdala|basal_ganglion|brain|forebrain|midbrain,5,0,1,1.0,1.0,1,1,6,0,1,0,1
57092,20,20,20,adrenal_gland|amygdala|aorta|artery|basal_ganglion|blood|blood_plasma|blood_platelet|bone|brain|colon|eye|forebrain|gastrointestinal_tract|heart|kidney|large_intestine|liver|lung|midbrain,16,2,2,7.45,7.0,10,4,149,0,1,21,0
57099,20,20,20,adipose_tissue|adrenal_gland|amygdala|aorta|artery|basal_ganglion|blood|blood_plasma|blood_platelet|brain|colon|eye|forebrain|gastrointestinal_tract|heart|kidney|large_intestine|liver|lung|midbrain,16,2,2,4.75,4.5,7,3,95,0,1,9,0
57104,19,19,19,adipose_tissue|adrenal_cortex|adrenal_gland|amygdala|basal_ganglion|blood|blood_plasma|blood_platelet|brain|colon|eye|forebrain|gastrointestinal_tract|heart|kidney|large_intestine|liver|lung|midbrain,15,2,2,5.105263157894737,5.0,6,3,97,1,1,23,0
57107,10,10,10,blood|brain|colon|eye|forebrain|heart|kidney|large_intestine|liver|lung,7,2,1,3.4,3.0,4,3,34,0,1,18,0
57113,7,7,7,amygdala|basal_ganglion|brain|forebrain|gastrointestinal_tract|kidney|midbrain,5,1,1,4.285714285714286,4.0,5,4,30,1,1,0,1
57117,7,7,7,amygdala|basal_ganglion|brain|forebrain|liver|lung|midbrain,5,0,2,14.0,14.0,14,14,98,0,1,19,0
57120,21,21,21,adipose_tissue|adrenal_gland|amygdala|aorta|artery|basal_ganglion|blood|blood_plasma|blood_platelet|bone|brain|colon|eye|forebrain|gastrointestinal_tract|heart|kidney|large_intestine|liver|lung|midbrain,17,2,2,26.047619047619047,24.0,36,17,547,0,1,15,0
57122,3,3,3,blood|bone|liver,3,0,0,34.333333333333336,34.0,42,27,103,0,1,24,0
57142,24,24,24,adipose_tissue|adrenal_cortex|adrenal_gland|amygdala|aorta|artery|astrocyte|basal_ganglion|basophil|blood|blood_plasma|blood_platelet|bone|brain|colon|eye|forebrain|gastrointestinal_tract|heart|kidney|large_intestine|liver|lung|midbrain,20,2,2,29.708333333333332,33.0,39,10,713,1,1,42,0
57144,3,3,3,brain|kidney|liver,2,1,0,15.666666666666666,15.0,17,15,47,1,1,0,1
57153,20,20,20,adrenal_gland|amygdala|aorta|artery|basal_ganglion|blood|blood_plasma|blood_platelet|bone|brain|colon|eye|forebrain|gastrointestinal_tract|heart|kidney|large_intestine|liver|lung|midbrain,16,2,2,1.0,1.0,1,1,20,1,1,26,0
57154,23,23,23,adipose_tissue|adrenal_gland|amygdala|aorta|artery|astrocyte|basal_ganglion|basophil|blood|blood_plasma|blood_platelet|bone|brain|colon|eye|forebrain|gastrointestinal_tract|heart|kidney|large_intestine|liver|lung|midbrain,19,2,2,116.43478260869566,117.0,152,43,2678,0,1,79,0
57159,8,8,8,blood|blood_plasma|brain|eye|heart|kidney|liver|lung,5,2,1,56.625,59.5,63,44,453,0,1,0,1
57178,20,20,20,adipose_tissue|adrenal_cortex|adrenal_gland|amygdala|basal_ganglion|blood|blood_plasma|blood_platelet|bone|brain|colon|eye|forebrain|gastrointestinal_tract|heart|kidney|large_intestine|liver|lung|midbrain,16,2,2,5.2,5.0,6,4,104,0,1,11,0
57187,7,7,7,blood|bone|brain|heart|kidney|liver|lung,4,2,1,74.71428571428571,80.0,81,43,523,0,1,19,0
57216,9,9,9,amygdala|basal_ganglion|brain|forebrain|heart|kidney|liver|lung|midbrain,5,2,2,4.333333333333333,4.0,5,4,39,0,1,15,0
57222,9,9,9,blood|brain|colon|gastrointestinal_tract|heart|kidney|large_intestine|liver|lung,6,2,1,8.444444444444445,8.0,10,8,76,1,1,16,0
57325,18,18,18,adrenal_cortex|adrenal_gland|amygdala|basal_ganglion|blood|blood_plasma|blood_platelet|bone|brain|colon|forebrain|gastrointestinal_tract|heart|kidney|large_intestine|liver|lung|midbrain,14,2,2,11.222222222222221,11.5,13,8,202,0,1,32,0
57332,21,21,21,adrenal_cortex|adrenal_gland|amygdala|aorta|artery|basal_ganglion|blood|blood_plasma|blood_platelet|bone|brain|colon|eye|forebrain|gastrointestinal_tract|heart|kidney|large_intestine|liver|lung|midbrain,17,2,2,64.57142857142857,61.0,82,44,1356,6,1,41,0
57379,1,1,1,blood,1,0,0,30.0,30.0,30,30,30,1,1,59,0
57396,18,18,18,adipose_tissue|adrenal_cortex|adrenal_gland|basal_ganglion|blood|blood_plasma|blood_platelet|bone|brain|colon|eye|forebrain|gastrointestinal_tract|heart|kidney|large_intestine|liver|lung,15,2,1,5.888888888888889,6.0,7,3,106,0,1,15,0
57402,9,9,9,blood|blood_plasma|colon|gastrointestinal_tract|heart|kidney|large_intestine|liver|lung,6,2,1,11.666666666666666,12.0,13,8,105,1,1,37,0
57403,20,20,20,adrenal_gland|amygdala|aorta|artery|basal_ganglion|blood|blood_plasma|blood_platelet|bone|brain|colon|eye|forebrain|gastrointestinal_tract|heart|kidney|large_intestine|liver|lung|midbrain,16,2,2,6.45,6.0,9,4,129,1,1,32,0
57447,23,23,23,adipose_tissue|adrenal_cortex|adrenal_gland|amygdala|aorta|artery|astrocyte|basal_ganglion|blood|blood_plasma|blood_platelet|bone|brain|colon|eye|forebrain|gastrointestinal_tract|heart|kidney|large_intestine|liver|lung|midbrain,19,2,2,3.739130434782609,4.0,5,2,86,2,1,24,0
57448,22,22,22,adipose_tissue|adrenal_cortex|adrenal_gland|amygdala|aorta|artery|basal_ganglion|blood|blood_plasma|blood_platelet|bone|brain|colon|eye|forebrain|gastrointestinal_tract|heart|kidney|large_intestine|liver|lung|midbrain,18,2,2,17.318181818181817,17.0,22,11,381,1,1,24,0
57449,2,2,2,brain|lung,1,0,1,2.5,2.5,3,2,5,1,1,25,0
57491,10,10,10,amygdala|basal_ganglion|blood|brain|forebrain|gastrointestinal_tract|heart|kidney|lung|midbrain,6,2,2,2.5,2.5,3,2,25,0,1,0,1
57493,7,7,7,basal_ganglion|brain|forebrain|heart|kidney|liver|lung,4,2,1,1.0,1.0,1,1,7,0,1,0,1
57496,9,9,9,amygdala|basal_ganglion|brain|forebrain|heart|kidney|liver|lung|midbrain,5,2,2,10.555555555555555,11.0,11,10,95,1,1,37,0
57502,2,2,2,brain|liver,2,0,0,1.0,1.0,1,1,2,0,1,26,0
57506,23,23,23,adipose_tissue|adrenal_gland|amygdala|aorta|artery|astrocyte|basal_ganglion|basophil|blood|blood_plasma|blood_platelet|bone|brain|colon|eye|forebrain|gastrointestinal_tract|heart|kidney|large_intestine|liver|lung|midbrain,19,2,2,40.56521739130435,41.0,48,21,933,0,1,63,0
57508,7,7,7,amygdala|basal_ganglion|brain|forebrain|liver|lung|midbrain,5,0,2,18.571428571428573,18.0,20,18,130,0,1,20,0
57514,9,9,9,amygdala|basal_ganglion|brain|forebrain|heart|kidney|liver|lung|midbrain,5,2,2,4.0,4.0,4,4,36,0,1,0,1
57521,8,8,8,blood|brain|colon|gastrointestinal_tract|kidney|large_intestine|liver|lung,6,1,1,46.125,46.0,50,43,369,1,1,72,0
57522,9,9,9,amygdala|basal_ganglion|brain|forebrain|heart|kidney|liver|lung|midbrain,5,2,2,3.6666666666666665,3.0,6,2,33,2,1,0,1
57534,19,19,19,adrenal_cortex|adrenal_gland|amygdala|aorta|artery|basal_ganglion|blood|bone|brain|colon|eye|forebrain|gastrointestinal_tract|heart|kidney|large_intestine|liver|lung|midbrain,15,2,2,22.94736842105263,24.0,27,13,436,0,1,9,0
57551,23,23,23,adipose_tissue|adrenal_cortex|adrenal_gland|amygdala|aorta|artery|basal_ganglion|basophil|blood|blood_plasma|blood_platelet|bone|brain|colon|eye|forebrain|gastrointestinal_tract|heart|kidney|large_intestine|liver|lung|midbrain,19,2,2,7.826086956521739,8.0,9,4,180,0,1,39,0
57555,1,1,1,brain,1,0,0,6.0,6.0,6,6,6,2,1,30,0
57574,6,6,6,amygdala|basal_ganglion|brain|forebrain|lung|midbrain,4,0,2,2.0,2.0,2,2,12,0,1,9,0
57575,8,8,8,amygdala|basal_ganglion|brain|forebrain|heart|kidney|lung|midbrain,4,2,2,2.5,2.5,3,2,20,2,1,0,1
57591,21,21,21,adipose_tissue|adrenal_cortex|adrenal_gland|amygdala|aorta|artery|basal_ganglion|blood|blood_plasma|blood_platelet|brain|colon|eye|forebrain|gastrointestinal_tract|heart|kidney|large_intestine|liver|lung|midbrain,17,2,2,13.714285714285714,14.0,16,10,288,2,1,52,0
57599,10,10,10,blood|brain|colon|eye|gastrointestinal_tract|heart|kidney|large_intestine|liver|lung,7,2,1,24.2,23.5,29,19,242,1,1,21,0
57610,20,20,20,adrenal_gland|amygdala|aorta|artery|basal_ganglion|blood|blood_plasma|blood_platelet|bone|brain|colon|eye|forebrain|gastrointestinal_tract|heart|kidney|large_intestine|liver|lung|midbrain,16,2,2,7.4,7.0,12,4,148,2,1,0,1
57616,9,9,9,amygdala|basal_ganglion|brain|forebrain|heart|kidney|liver|lung|midbrain,5,2,2,7.111111111111111,7.0,9,6,64,1,1,39,0
57617,15,15,15,adrenal_gland|amygdala|basal_ganglion|blood|brain|colon|eye|forebrain|gastrointestinal_tract|heart|kidney|large_intestine|liver|lung|midbrain,11,2,2,17.4,18.0,19,14,261,0,1,28,0
57620,23,23,23,adipose_tissue|adrenal_cortex|adrenal_gland|amygdala|aorta|artery|astrocyte|basal_ganglion|blood|blood_plasma|blood_platelet|bone|brain|colon|eye|forebrain|gastrointestinal_tract|heart|kidney|large_intestine|liver|lung|midbrain,19,2,2,3.8260869565217392,4.0,4,2,88,0,1,24,0
57626,4,4,4,basal_ganglion|brain|forebrain|midbrain,3,0,1,3.5,3.0,5,3,14,0,1,4,0
57630,23,23,23,adipose_tissue|adrenal_cortex|adrenal_gland|amygdala|aorta|artery|basal_ganglion|basophil|blood|blood_plasma|blood_platelet|bone|brain|colon|eye|forebrain|gastrointestinal_tract|heart|kidney|large_intestine|liver|lung|midbrain,19,2,2,23.47826086956522,25.0,29,8,540,0,1,24,0
57634,18,18,18,adrenal_cortex|adrenal_gland|amygdala|basal_ganglion|blood|blood_plasma|blood_platelet|bone|brain|colon|forebrain|gastrointestinal_tract|heart|kidney|large_intestine|liver|lung|midbrain,14,2,2,23.11111111111111,23.0,25,20,416,1,1,29,0
57646,23,23,23,adipose_tissue|adrenal_cortex|adrenal_gland|amygdala|aorta|artery|astrocyte|basal_ganglion|blood|blood_plasma|blood_platelet|bone|brain|colon|eye|forebrain|gastrointestinal_tract|heart|kidney|large_intestine|liver|lung|midbrain,19,2,2,19.347826086956523,19.0,26,10,445,0,1,41,0
57662,9,9,9,amygdala|basal_ganglion|brain|forebrain|heart|kidney|liver|lung|midbrain,5,2,2,2.888888888888889,3.0,5,2,26,1,1,32,0
57669,24,24,24,adipose_tissue|adrenal_cortex|adrenal_gland|amygdala|aorta|artery|astrocyte|basal_ganglion|basophil|blood|blood_plasma|blood_platelet|bone|brain|colon|eye|forebrain|gastrointestinal_tract|heart|kidney|large_intestine|liver|lung|midbrain,20,2,2,8.25,9.0,11,2,198,0,1,11,0
57679,21,21,21,adipose_tissue|adrenal_gland|amygdala|aorta|artery|basal_ganglion|blood|blood_plasma|blood_platelet|bone|brain|colon|eye|forebrain|gastrointestinal_tract|heart|kidney|large_intestine|liver|lung|midbrain,17,2,2,1.6666666666666667,2.0,2,1,35,2,1,44,0
57680,21,21,21,adipose_tissue|adrenal_cortex|adrenal_gland|amygdala|artery|basal_ganglion|blood|blood_plasma|blood_platelet|bone|brain|colon|eye|forebrain|gastrointestinal_tract|heart|kidney|large_intestine|liver|lung|midbrain,17,2,2,23.666666666666668,24.0,29,16,497,1,1,69,0
57689,4,4,4,amygdala|basal_ganglion|brain|forebrain,4,0,0,4.0,4.0,4,4,16,0,1,10,0
57704,8,8,8,adrenal_gland|brain|eye|gastrointestinal_tract|heart|kidney|liver|lung,5,2,1,3.0,3.0,3,3,24,0,1,16,0
57706,23,23,23,adipose_tissue|adrenal_cortex|adrenal_gland|amygdala|aorta|artery|astrocyte|basal_ganglion|blood|blood_plasma|blood_platelet|bone|brain|colon|eye|forebrain|gastrointestinal_tract|heart|kidney|large_intestine|liver|lung|midbrain,19,2,2,4.086956521739131,5.0,5,1,94,1,1,28,0
57708,22,22,22,adipose_tissue|adrenal_gland|amygdala|aorta|artery|astrocyte|basal_ganglion|blood|blood_plasma|blood_platelet|bone|brain|colon|eye|forebrain|gastrointestinal_tract|heart|kidney|large_intestine|liver|lung|midbrain,18,2,2,9.318181818181818,10.0,12,4,205,1,1,37,0
57731,2,2,2,brain|kidney,1,1,0,6.5,6.5,8,5,13,1,1,44,0
57732,9,9,9,amygdala|basal_ganglion|brain|forebrain|heart|kidney|liver|lung|midbrain,5,2,2,5.0,5.0,5,5,45,0,1,30,0
57761,8,8,8,blood|brain|colon|gastrointestinal_tract|heart|large_intestine|liver|lung,6,1,1,27.375,27.0,29,26,219,0,1,60,0
57787,2,2,2,brain|forebrain,2,0,0,31.5,31.5,34,29,63,1,1,23,0
57826,21,21,21,adipose_tissue|adrenal_gland|amygdala|aorta|artery|basal_ganglion|blood|blood_plasma|blood_platelet|bone|brain|colon|eye|forebrain|gastrointestinal_tract|heart|kidney|large_intestine|liver|lung|midbrain,17,2,2,2.0476190476190474,2.0,4,1,43,7,1,46,0
58155,15,15,15,adrenal_gland|amygdala|aorta|artery|basal_ganglion|blood|brain|colon|forebrain|gastrointestinal_tract|heart|kidney|large_intestine|liver|lung,12,2,1,8.466666666666667,9.0,10,6,127,2,1,24,0
58190,14,14,14,amygdala|basal_ganglion|blood|blood_plasma|brain|colon|forebrain|gastrointestinal_tract|heart|kidney|large_intestine|liver|lung|midbrain,10,2,2,11.857142857142858,12.0,14,11,166,2,1,50,0
58191,14,14,14,adipose_tissue|aorta|artery|blood|blood_plasma|brain|colon|eye|gastrointestinal_tract|heart|kidney|large_intestine|liver|lung,11,2,1,3.357142857142857,3.5,5,2,47,4,1,15,0
58478,2,2,2,kidney|liver,1,1,0,7.5,7.5,8,7,15,0,1,20,0
58480,10,10,10,blood|brain|colon|forebrain|gastrointestinal_tract|heart|kidney|large_intestine|liver|lung,7,2,1,8.0,8.0,8,8,80,0,1,14,0
58484,6,6,6,blood|brain|gastrointestinal_tract|kidney|liver|lung,4,1,1,9.666666666666666,9.0,12,9,58,0,1,65,0
58487,20,20,20,adipose_tissue|amygdala|aorta|artery|astrocyte|basal_ganglion|blood|blood_plasma|blood_platelet|brain|colon|eye|forebrain|gastrointestinal_tract|heart|kidney|large_intestine|liver|lung|midbrain,16,2,2,8.3,9.0,11,5,166,3,1,44,0
58488,14,14,14,adipose_tissue|adrenal_gland|blood|blood_plasma|brain|colon|eye|forebrain|gastrointestinal_tract|heart|kidney|large_intestine|liver|lung,11,2,1,1.2857142857142858,1.0,2,1,18,1,1,9,0
58493,15,15,15,amygdala|basal_ganglion|blood|bone|brain|colon|eye|forebrain|gastrointestinal_tract|heart|kidney|large_intestine|liver|lung|midbrain,11,2,2,6.933333333333334,7.0,7,6,104,0,1,31,0
58495,6,6,6,blood|colon|eye|gastrointestinal_tract|heart|large_intestine,5,1,0,1.0,1.0,1,1,6,2,1,17,0
58508,18,18,18,adrenal_cortex|adrenal_gland|amygdala|basal_ganglion|blood|blood_plasma|blood_platelet|bone|brain|colon|forebrain|gastrointestinal_tract|heart|kidney|large_intestine|liver|lung|midbrain,14,2,2,25.444444444444443,26.0,28,21,458,1,1,22,0
58517,15,15,15,adrenal_gland|amygdala|aorta|artery|basal_ganglion|blood|brain|colon|forebrain|gastrointestinal_tract|heart|kidney|large_intestine|liver|lung,12,2,1,66.6,68.0,80,42,999,0,1,26,0
58526,18,18,18,adrenal_gland|amygdala|aorta|artery|basal_ganglion|blood|blood_plasma|brain|colon|eye|forebrain|gastrointestinal_tract|heart|kidney|large_intestine|liver|lung|midbrain,14,2,2,3.3333333333333335,3.0,4,3,60,1,1,31,0
58533,22,22,22,adrenal_gland|amygdala|aorta|artery|astrocyte|basal_ganglion|basophil|blood|blood_plasma|blood_platelet|bone|brain|colon|eye|forebrain|gastrointestinal_tract|heart|kidney|large_intestine|liver|lung|midbrain,18,2,2,21.5,21.5,27,11,473,0,1,48,0
59272,13,13,13,adipose_tissue|adrenal_gland|blood|blood_plasma|blood_platelet|brain|colon|eye|gastrointestinal_tract|kidney|large_intestine|liver|lung,11,1,1,8.846153846153847,9.0,10,8,115,0,1,29,0
59277,18,18,18,adipose_tissue|amygdala|artery|basal_ganglion|blood|blood_plasma|bone|brain|colon|eye|forebrain|gastrointestinal_tract|heart|kidney|large_intestine|liver|lung|midbrain,14,2,2,2.2777777777777777,2.5,4,1,41,0,1,0,1
59307,23,23,23,adipose_tissue|adrenal_gland|amygdala|aorta|artery|astrocyte|basal_ganglion|basophil|blood|blood_plasma|blood_platelet|bone|brain|colon|eye|forebrain|gastrointestinal_tract|heart|kidney|large_intestine|liver|lung|midbrain,19,2,2,7.043478260869565,7.0,9,6,162,1,1,35,0
59338,19,19,19,adrenal_cortex|adrenal_gland|amygdala|artery|basal_ganglion|blood|blood_plasma|bone|brain|colon|eye|forebrain|gastrointestinal_tract|heart|kidney|large_intestine|liver|lung|midbrain,15,2,2,2.8421052631578947,3.0,4,1,54,0,1,44,0
59341,3,3,3,kidney|liver|lung,1,1,1,13.333333333333334,13.0,15,12,40,1,1,45,0
59350,4,4,4,adrenal_gland|brain|heart|kidney,2,2,0,3.0,3.0,3,3,12,1,1,1,0
60436,21,21,21,adrenal_cortex|adrenal_gland|amygdala|aorta|artery|basal_ganglion|blood|blood_plasma|blood_platelet|bone|brain|colon|eye|forebrain|gastrointestinal_tract|heart|kidney|large_intestine|liver|lung|midbrain,17,2,2,3.9047619047619047,4.0,5,3,82,4,1,31,0
60482,4,4,4,artery|basal_ganglion|brain|forebrain,4,0,0,2.0,2.0,2,2,8,1,1,17,0
60485,23,23,23,adipose_tissue|adrenal_cortex|adrenal_gland|amygdala|aorta|artery|basal_ganglion|basophil|blood|blood_plasma|blood_platelet|bone|brain|colon|eye|forebrain|gastrointestinal_tract|heart|kidney|large_intestine|liver|lung|midbrain,19,2,2,23.26086956521739,23.0,31,8,535,1,1,14,0
60489,1,1,1,blood,1,0,0,8.0,8.0,8,8,8,1,1,50,0
60529,1,1,1,bone,1,0,0,6.0,6.0,6,6,6,1,1,12,0
60561,14,14,14,amygdala|basal_ganglion|blood|bone|brain|colon|forebrain|gastrointestinal_tract|heart|kidney|large_intestine|liver|lung|midbrain,10,2,2,21.142857142857142,21.0,25,13,296,0,1,19,0
60626,16,16,16,adrenal_gland|amygdala|astrocyte|basal_ganglion|blood|brain|colon|eye|forebrain|gastrointestinal_tract|heart|kidney|large_intestine|liver|lung|midbrain,12,2,2,18.0,18.0,20,12,288,1,1,6,0
60673,13,13,13,adrenal_gland|amygdala|basal_ganglion|blood|brain|eye|forebrain|gastrointestinal_tract|heart|kidney|liver|lung|midbrain,9,2,2,9.76923076923077,10.0,12,7,127,1,1,9,0
60678,2,2,2,brain|heart,1,1,0,4.5,4.5,5,4,9,0,1,0,1
60682,11,11,11,blood|blood_plasma|blood_platelet|brain|colon|gastrointestinal_tract|heart|kidney|large_intestine|liver|lung,8,2,1,5.636363636363637,6.0,7,3,62,0,1,0,1
63826,20,20,20,adipose_tissue|adrenal_gland|aorta|artery|astrocyte|basophil|blood|blood_plasma|blood_platelet|bone|brain|colon|eye|forebrain|gastrointestinal_tract|heart|kidney|large_intestine|liver|lung,17,2,1,5.15,5.0,6,2,103,2,1,25,0
63827,1,1,1,brain,1,0,0,4.0,4.0,4,4,4,0,1,0,1
63916,22,22,22,adipose_tissue|adrenal_gland|aorta|artery|astrocyte|basal_ganglion|basophil|blood|blood_plasma|blood_platelet|bone|brain|colon|eye|forebrain|gastrointestinal_tract|heart|kidney|large_intestine|liver|lung|midbrain,18,2,2,6.7727272727272725,7.0,8,4,149,2,1,10,0
63924,20,20,20,adipose_tissue|adrenal_gland|amygdala|aorta|artery|basal_ganglion|blood|blood_plasma|blood_platelet|brain|colon|eye|forebrain|gastrointestinal_tract|heart|kidney|large_intestine|liver|lung|midbrain,16,2,2,1.95,2.0,2,1,39,1,1,11,0
63941,11,11,11,basal_ganglion|brain|colon|forebrain|gastrointestinal_tract|heart|kidney|large_intestine|liver|lung|midbrain,7,2,2,2.8181818181818183,3.0,4,2,31,1,1,27,0
63971,18,18,18,adipose_tissue|adrenal_gland|amygdala|basal_ganglion|blood|blood_plasma|blood_platelet|brain|colon|eye|forebrain|gastrointestinal_tract|heart|kidney|large_intestine|liver|lung|midbrain,14,2,2,8.944444444444445,9.5,10,5,161,0,1,26,0
63974,1,1,1,brain,1,0,0,1.0,1.0,1,1,1,5,1,0,1
63976,10,10,10,amygdala|basal_ganglion|blood|brain|forebrain|heart|kidney|liver|lung|midbrain,6,2,2,8.2,8.0,9,8,82,2,1,60,0
64067,5,5,5,amygdala|basal_ganglion|brain|forebrain|midbrain,4,0,1,1.2,1.0,2,1,6,1,1,39,0
64072,11,11,11,amygdala|basal_ganglion|blood|brain|eye|forebrain|heart|kidney|liver|lung|midbrain,7,2,2,2.3636363636363638,3.0,3,1,26,0,1,14,0
64083,16,16,16,adrenal_gland|amygdala|basal_ganglion|blood|blood_plasma|brain|colon|eye|forebrain|gastrointestinal_tract|heart|kidney|large_intestine|liver|lung|midbrain,12,2,2,5.0625,5.0,6,4,81,0,1,49,0
64089,13,13,13,adrenal_gland|amygdala|basal_ganglion|blood|brain|eye|forebrain|gastrointestinal_tract|heart|kidney|liver|lung|midbrain,9,2,2,2.1538461538461537,2.0,3,1,28,0,1,20,0
64112,19,19,19,adipose_tissue|adrenal_gland|amygdala|artery|basal_ganglion|blood|blood_plasma|blood_platelet|brain|colon|eye|forebrain|gastrointestinal_tract|heart|kidney|large_intestine|liver|lung|midbrain,15,2,2,9.31578947368421,9.0,12,6,177,4,1,38,0
64121,20,20,20,adrenal_gland|amygdala|aorta|artery|basal_ganglion|blood|blood_plasma|blood_platelet|bone|brain|colon|eye|forebrain|gastrointestinal_tract|heart|kidney|large_intestine|liver|lung|midbrain,16,2,2,11.4,11.0,15,7,228,0,1,31,0
64127,1,1,1,blood,1,0,0,22.0,22.0,22,22,22,0,1,77,0
64130,23,23,23,adipose_tissue|adrenal_cortex|adrenal_gland|amygdala|aorta|artery|astrocyte|basal_ganglion|blood|blood_plasma|blood_platelet|bone|brain|colon|eye|forebrain|gastrointestinal_tract|heart|kidney|large_intestine|liver|lung|midbrain,19,2,2,7.913043478260869,7.0,12,6,182,1,1,0,1
64131,2,2,2,brain|kidney,1,1,0,2.0,2.0,2,2,4,1,1,7,0
64137,11,11,11,basal_ganglion|blood|brain|colon|eye|forebrain|gastrointestinal_tract|heart|kidney|large_intestine|liver,9,2,0,4.0,4.0,4,4,44,0,1,3,0
64151,20,20,20,adrenal_cortex|adrenal_gland|amygdala|aorta|artery|basal_ganglion|blood|blood_plasma|bone|brain|colon|eye|forebrain|gastrointestinal_tract|heart|kidney|large_intestine|liver|lung|midbrain,16,2,2,15.85,15.5,20,10,317,0,1,21,0
64170,4,4,4,blood|brain|liver|lung,3,0,1,30.5,30.5,32,29,122,1,1,25,0
64215,20,20,20,adipose_tissue|adrenal_cortex|adrenal_gland|aorta|artery|basal_ganglion|blood|blood_plasma|blood_platelet|brain|colon|eye|forebrain|gastrointestinal_tract|heart|kidney|large_intestine|liver|lung|midbrain,16,2,2,4.25,5.0,5,3,85,1,1,14,0
64216,16,16,16,adrenal_gland|amygdala|basal_ganglion|blood|blood_plasma|brain|colon|eye|forebrain|gastrointestinal_tract|heart|kidney|large_intestine|liver|lung|midbrain,12,2,2,8.4375,9.0,9,7,135,1,1,67,0
64219,19,19,19,adrenal_gland|amygdala|aorta|artery|basal_ganglion|blood|blood_plasma|bone|brain|colon|eye|forebrain|gastrointestinal_tract|heart|kidney|large_intestine|liver|lung|midbrain,15,2,2,22.36842105263158,23.0,27,16,425,0,1,0,1
64240,4,4,4,colon|gastrointestinal_tract|large_intestine|liver,4,0,0,4.0,4.0,4,4,16,0,1,19,0
64241,4,4,4,colon|gastrointestinal_tract|large_intestine|liver,4,0,0,4.25,4.0,5,4,17,0,1,19,0
64282,9,9,9,blood|brain|colon|gastrointestinal_tract|heart|kidney|large_intestine|liver|lung,6,2,1,10.0,10.0,11,9,90,2,1,18,0
64285,21,21,21,adipose_tissue|adrenal_cortex|adrenal_gland|amygdala|aorta|artery|basal_ganglion|blood|blood_plasma|blood_platelet|brain|colon|eye|forebrain|gastrointestinal_tract|heart|kidney|large_intestine|liver|lung|midbrain,17,2,2,1.9523809523809523,2.0,3,1,41,1,1,28,0
64321,4,4,4,colon|heart|kidney|lung,1,2,1,1.25,1.0,2,1,5,0,1,70,0
64324,19,19,19,adrenal_cortex|adrenal_gland|amygdala|basal_ganglion|blood|blood_plasma|blood_platelet|bone|brain|colon|eye|forebrain|gastrointestinal_tract|heart|kidney|large_intestine|liver|lung|midbrain,15,2,2,14.052631578947368,14.0,17,9,267,2,1,69,0
64333,6,6,6,blood|brain|gastrointestinal_tract|heart|liver|lung,4,1,1,11.333333333333334,11.0,13,10,68,1,1,2,0
64344,4,4,4,heart|kidney|liver|lung,1,2,1,3.0,3.0,3,3,12,1,1,0,1
64377,6,6,6,amygdala|basal_ganglion|brain|forebrain|liver|midbrain,5,0,1,2.5,2.5,3,2,15,2,1,14,0
64397,14,14,14,adipose_tissue|adrenal_cortex|adrenal_gland|blood|blood_plasma|bone|brain|colon|gastrointestinal_tract|heart|kidney|large_intestine|liver|lung,11,2,1,9.0,9.5,12,4,126,0,1,7,0
64398,22,22,22,adipose_tissue|adrenal_cortex|adrenal_gland|amygdala|aorta|artery|basal_ganglion|blood|blood_plasma|blood_platelet|bone|brain|colon|eye|forebrain|gastrointestinal_tract|heart|kidney|large_intestine|liver|lung|midbrain,18,2,2,8.045454545454545,8.0,12,4,177,3,1,21,0
64399,21,21,21,adipose_tissue|adrenal_cortex|adrenal_gland|amygdala|artery|basal_ganglion|blood|blood_plasma|blood_platelet|bone|brain|colon|eye|forebrain|gastrointestinal_tract|heart|kidney|large_intestine|liver|lung|midbrain,17,2,2,3.0,3.0,4,2,63,4,1,18,0
64400,15,15,15,adrenal_gland|amygdala|basal_ganglion|blood|brain|colon|eye|forebrain|gastrointestinal_tract|heart|kidney|large_intestine|liver|lung|midbrain,11,2,2,17.733333333333334,18.0,19,15,266,2,1,45,0
64403,4,4,4,brain|kidney|liver|lung,2,1,1,3.0,3.0,3,3,12,1,1,5,0
64407,9,9,9,blood|blood_plasma|blood_platelet|colon|gastrointestinal_tract|heart|large_intestine|liver|lung,7,1,1,3.0,3.0,3,3,27,0,1,0,1
64412,21,21,21,adipose_tissue|adrenal_cortex|adrenal_gland|amygdala|artery|astrocyte|basal_ganglion|blood|blood_plasma|bone|brain|colon|eye|forebrain|gastrointestinal_tract|heart|kidney|large_intestine|liver|lung|midbrain,17,2,2,2.1904761904761907,2.0,3,1,46,0,1,44,0
64422,19,19,19,adrenal_gland|amygdala|aorta|artery|basal_ganglion|blood|blood_plasma|bone|brain|colon|eye|forebrain|gastrointestinal_tract|heart|kidney|large_intestine|liver|lung|midbrain,15,2,2,12.052631578947368,13.0,15,7,229,0,1,35,0
64428,22,22,22,adipose_tissue|adrenal_cortex|adrenal_gland|amygdala|aorta|artery|astrocyte|basal_ganglion|blood|blood_plasma|blood_platelet|brain|colon|eye|forebrain|gastrointestinal_tract|heart|kidney|large_intestine|liver|lung|midbrain,18,2,2,3.1363636363636362,3.0,4,2,69,1,1,20,0
64506,2,2,2,brain|heart,1,1,0,5.0,5.0,5,5,10,0,1,46,0
64577,13,13,13,adrenal_gland|amygdala|basal_ganglion|blood|brain|colon|forebrain|gastrointestinal_tract|kidney|large_intestine|liver|lung|midbrain,10,1,2,4.0,4.0,4,4,52,0,1,22,0
64581,3,3,3,blood|gastrointestinal_tract|large_intestine,3,0,0,12.666666666666666,12.0,14,12,38,1,1,17,0
64599,16,16,16,adipose_tissue|adrenal_cortex|adrenal_gland|astrocyte|blood|blood_plasma|bone|brain|colon|forebrain|gastrointestinal_tract|heart|kidney|large_intestine|liver|lung,13,2,1,11.5625,13.0,16,4,185,0,1,0,1
64651,2,2,2,blood|lung,1,0,1,4.5,4.5,5,4,9,1,1,40,0
64682,19,19,19,adrenal_gland|amygdala|aorta|artery|basal_ganglion|blood|blood_plasma|bone|brain|colon|eye|forebrain|gastrointestinal_tract|heart|kidney|large_intestine|liver|lung|midbrain,15,2,2,25.894736842105264,25.0,31,18,492,0,1,21,0
64699,13,13,13,amygdala|basal_ganglion|blood|brain|colon|forebrain|gastrointestinal_tract|heart|kidney|large_intestine|liver|lung|midbrain,9,2,2,2.0,2.0,2,2,26,1,1,19,0
64750,20,20,20,adrenal_gland|amygdala|aorta|artery|basal_ganglion|blood|blood_plasma|blood_platelet|bone|brain|colon|eye|forebrain|gastrointestinal_tract|heart|kidney|large_intestine|liver|lung|midbrain,16,2,2,68.75,68.0,81,57,1375,0,1,31,0
64754,18,18,18,adrenal_cortex|adrenal_gland|amygdala|basal_ganglion|blood|blood_plasma|blood_platelet|bone|brain|colon|forebrain|gastrointestinal_tract|heart|kidney|large_intestine|liver|lung|midbrain,14,2,2,7.277777777777778,7.0,10,4,131,0,1,3,0
64759,20,20,20,adrenal_cortex|adrenal_gland|amygdala|artery|basal_ganglion|blood|blood_plasma|blood_platelet|bone|brain|colon|eye|forebrain|gastrointestinal_tract|heart|kidney|large_intestine|liver|lung|midbrain,16,2,2,11.15,11.5,16,6,223,0,1,4,0
64764,9,9,9,blood|brain|colon|gastrointestinal_tract|heart|kidney|large_intestine|liver|lung,6,2,1,5.0,5.0,7,4,45,1,1,57,0
64782,1,1,1,eye,1,0,0,7.0,7.0,7,7,7,0,1,26,0
64783,24,24,24,adipose_tissue|adrenal_cortex|adrenal_gland|amygdala|aorta|artery|astrocyte|basal_ganglion|basophil|blood|blood_plasma|blood_platelet|bone|brain|colon|eye|forebrain|gastrointestinal_tract|heart|kidney|large_intestine|liver|lung|midbrain,20,2,2,43.083333333333336,45.0,68,8,1034,0,1,14,0
64786,20,20,20,adrenal_gland|amygdala|aorta|artery|basal_ganglion|blood|blood_plasma|blood_platelet|bone|brain|colon|eye|forebrain|gastrointestinal_tract|heart|kidney|large_intestine|liver|lung|midbrain,16,2,2,10.95,11.5,16,2,219,0,1,15,0
64798,13,13,13,amygdala|basal_ganglion|blood|brain|colon|forebrain|gastrointestinal_tract|heart|kidney|large_intestine|liver|lung|midbrain,9,2,2,9.153846153846153,8.0,11,8,119,1,1,29,0
64802,18,18,18,adipose_tissue|adrenal_cortex|adrenal_gland|amygdala|basal_ganglion|blood|blood_plasma|brain|colon|eye|forebrain|gastrointestinal_tract|heart|kidney|large_intestine|liver|lung|midbrain,14,2,2,13.944444444444445,14.0,17,7,251,2,1,11,0
64805,22,22,22,adipose_tissue|adrenal_gland|amygdala|aorta|artery|basal_ganglion|basophil|blood|blood_plasma|blood_platelet|bone|brain|colon|eye|forebrain|gastrointestinal_tract|heart|kidney|large_intestine|liver|lung|midbrain,18,2,2,13.045454545454545,14.0,17,4,287,0,1,22,0
64834,13,13,13,amygdala|basal_ganglion|blood|brain|colon|forebrain|gastrointestinal_tract|heart|kidney|large_intestine|liver|lung|midbrain,9,2,2,4.769230769230769,5.0,6,3,62,0,1,22,0
64837,6,6,6,blood|brain|eye|forebrain|heart|kidney,4,2,0,22.166666666666668,23.0,26,19,133,1,1,12,0
64852,9,9,9,amygdala|basal_ganglion|brain|forebrain|heart|kidney|liver|lung|midbrain,5,2,2,9.222222222222221,11.0,13,6,83,2,1,34,0
64854,23,23,23,adipose_tissue|adrenal_cortex|adrenal_gland|amygdala|aorta|artery|astrocyte|basal_ganglion|blood|blood_plasma|blood_platelet|bone|brain|colon|eye|forebrain|gastrointestinal_tract|heart|kidney|large_intestine|liver|lung|midbrain,19,2,2,10.956521739130435,11.0,15,5,252,1,1,20,0
64858,9,9,9,blood|brain|colon|gastrointestinal_tract|heart|kidney|large_intestine|liver|lung,6,2,1,12.222222222222221,13.0,13,11,110,0,1,35,0
64859,15,15,15,amygdala|basal_ganglion|blood|bone|brain|colon|eye|forebrain|gastrointestinal_tract|heart|kidney|large_intestine|liver|lung|midbrain,11,2,2,11.866666666666667,12.0,14,9,178,0,1,42,0
64924,19,19,19,adipose_tissue|adrenal_gland|amygdala|aorta|artery|basal_ganglion|blood|blood_plasma|brain|colon|eye|forebrain|gastrointestinal_tract|heart|kidney|large_intestine|liver|lung|midbrain,15,2,2,2.263157894736842,2.0,5,1,43,0,1,31,0
65018,23,23,23,adipose_tissue|adrenal_cortex|adrenal_gland|amygdala|aorta|artery|astrocyte|basal_ganglion|blood|blood_plasma|blood_platelet|bone|brain|colon|eye|forebrain|gastrointestinal_tract|heart|kidney|large_intestine|liver|lung|midbrain,19,2,2,28.869565217391305,32.0,39,13,664,1,1,84,0
65055,1,1,1,eye,1,0,0,2.0,2.0,2,2,2,0,1,20,0
65057,19,19,19,adrenal_cortex|adrenal_gland|amygdala|artery|astrocyte|basal_ganglion|blood|bone|brain|colon|eye|forebrain|gastrointestinal_tract|heart|kidney|large_intestine|liver|lung|midbrain,15,2,2,20.31578947368421,20.0,27,8,386,0,1,74,0
65078,2,2,2,brain|forebrain,2,0,0,2.5,2.5,3,2,5,1,1,26,0
65082,6,6,6,adrenal_gland|brain|eye|gastrointestinal_tract|kidney|liver,5,1,0,5.833333333333333,6.0,7,5,35,1,1,32,0
65109,9,9,9,blood|brain|colon|gastrointestinal_tract|heart|kidney|large_intestine|liver|lung,6,2,1,28.444444444444443,28.0,31,27,256,0,1,59,0
65123,15,15,15,amygdala|basal_ganglion|blood|bone|brain|colon|eye|forebrain|gastrointestinal_tract|heart|kidney|large_intestine|liver|lung|midbrain,11,2,2,18.733333333333334,16.0,26,9,281,1,1,35,0
65266,4,4,4,colon|gastrointestinal_tract|kidney|large_intestine,3,1,0,8.0,8.0,8,8,32,1,1,33,0
65267,5,5,5,brain|forebrain|heart|kidney|liver,3,2,0,3.0,3.0,3,3,15,1,1,45,0
65981,23,23,23,adipose_tissue|adrenal_cortex|adrenal_gland|amygdala|aorta|artery|astrocyte|basal_ganglion|blood|blood_plasma|blood_platelet|bone|brain|colon|eye|forebrain|gastrointestinal_tract|heart|kidney|large_intestine|liver|lung|midbrain,19,2,2,3.0434782608695654,3.0,4,3,70,0,1,61,0
78990,6,6,6,blood|brain|gastrointestinal_tract|kidney|liver|lung,4,1,1,18.5,19.0,19,17,111,1,1,23,0
79003,3,3,3,colon|gastrointestinal_tract|large_intestine,3,0,0,10.666666666666666,10.0,12,10,32,2,1,21,0
79035,15,15,15,amygdala|basal_ganglion|blood|bone|brain|colon|eye|forebrain|gastrointestinal_tract|heart|kidney|large_intestine|liver|lung|midbrain,11,2,2,19.333333333333332,20.0,22,14,290,1,1,59,0
79039,16,16,16,amygdala|basal_ganglion|blood|blood_plasma|blood_platelet|brain|colon|eye|forebrain|gastrointestinal_tract|heart|kidney|large_intestine|liver|lung|midbrain,12,2,2,16.1875,17.0,19,13,259,1,1,34,0
79053,15,15,15,adrenal_gland|amygdala|basal_ganglion|blood|blood_plasma|brain|colon|forebrain|gastrointestinal_tract|heart|kidney|large_intestine|liver|lung|midbrain,11,2,2,3.0,3.0,4,2,45,0,1,19,0
79058,22,22,22,adipose_tissue|adrenal_gland|amygdala|aorta|artery|astrocyte|basal_ganglion|blood|blood_plasma|blood_platelet|bone|brain|colon|eye|forebrain|gastrointestinal_tract|heart|kidney|large_intestine|liver|lung|midbrain,18,2,2,6.818181818181818,7.0,10,3,150,1,1,13,0
79065,13,13,13,adrenal_gland|amygdala|basal_ganglion|blood|brain|eye|forebrain|gastrointestinal_tract|heart|kidney|liver|lung|midbrain,9,2,2,8.538461538461538,8.0,10,8,111,0,1,16,0
79068,8,8,8,blood|colon|gastrointestinal_tract|heart|kidney|large_intestine|liver|lung,5,2,1,3.5,3.5,4,3,28,0,1,35,0
79077,21,21,21,adipose_tissue|adrenal_gland|amygdala|aorta|artery|basal_ganglion|blood|blood_plasma|blood_platelet|bone|brain|colon|eye|forebrain|gastrointestinal_tract|heart|kidney|large_intestine|liver|lung|midbrain,17,2,2,8.952380952380953,9.0,11,6,188,2,1,19,0
79084,23,23,23,adipose_tissue|adrenal_cortex|adrenal_gland|amygdala|aorta|artery|basal_ganglion|basophil|blood|blood_plasma|blood_platelet|bone|brain|colon|eye|forebrain|gastrointestinal_tract|heart|kidney|large_intestine|liver|lung|midbrain,19,2,2,67.3913043478261,71.0,90,15,1550,0,1,21,0
79133,16,16,16,adrenal_gland|amygdala|basal_ganglion|blood|blood_plasma|brain|colon|eye|forebrain|gastrointestinal_tract|heart|kidney|large_intestine|liver|lung|midbrain,12,2,2,4.125,4.0,5,4,66,0,1,12,0
79139,20,20,20,adrenal_gland|amygdala|aorta|artery|basal_ganglion|blood|blood_plasma|blood_platelet|bone|brain|colon|eye|forebrain|gastrointestinal_tract|heart|kidney|large_intestine|liver|lung|midbrain,16,2,2,21.15,21.0,28,17,423,1,1,59,0
79155,22,22,22,adipose_tissue|adrenal_gland|amygdala|aorta|artery|astrocyte|basal_ganglion|blood|blood_plasma|blood_platelet|bone|brain|colon|eye|forebrain|gastrointestinal_tract|heart|kidney|large_intestine|liver|lung|midbrain,18,2,2,18.318181818181817,18.0,23,13,403,0,1,60,0
79156,5,5,5,blood|colon|gastrointestinal_tract|heart|large_intestine,4,1,0,1.0,1.0,1,1,5,0,1,28,0
79158,20,20,20,adipose_tissue|adrenal_cortex|adrenal_gland|aorta|artery|basal_ganglion|blood|blood_plasma|blood_platelet|brain|colon|eye|forebrain|gastrointestinal_tract|heart|kidney|large_intestine|liver|lung|midbrain,16,2,2,4.05,4.0,6,2,81,0,1,25,0
79176,23,23,23,adipose_tissue|adrenal_cortex|adrenal_gland|amygdala|aorta|artery|astrocyte|basal_ganglion|blood|blood_plasma|blood_platelet|bone|brain|colon|eye|forebrain|gastrointestinal_tract|heart|kidney|large_intestine|liver|lung|midbrain,19,2,2,10.782608695652174,12.0,12,4,248,0,1,48,0
79184,19,19,19,adrenal_cortex|adrenal_gland|amygdala|basal_ganglion|blood|blood_plasma|blood_platelet|bone|brain|colon|eye|forebrain|gastrointestinal_tract|heart|kidney|large_intestine|liver|lung|midbrain,15,2,2,25.263157894736842,26.0,28,17,480,0,1,64,0
79228,7,7,7,blood|bone|brain|heart|kidney|liver|lung,4,2,1,57.285714285714285,62.0,63,29,401,3,1,25,0
79400,1,1,1,heart,0,1,0,4.0,4.0,4,4,4,0,1,8,0
79576,20,20,20,adipose_tissue|amygdala|artery|basal_ganglion|basophil|blood|blood_plasma|blood_platelet|bone|brain|colon|eye|forebrain|gastrointestinal_tract|heart|kidney|large_intestine|liver|lung|midbrain,16,2,2,9.0,8.5,11,4,180,0,1,45,0
79577,21,21,21,adrenal_cortex|adrenal_gland|amygdala|aorta|artery|basal_ganglion|blood|blood_plasma|blood_platelet|bone|brain|colon|eye|forebrain|gastrointestinal_tract|heart|kidney|large_intestine|liver|lung|midbrain,17,2,2,38.714285714285715,39.0,50,23,813,1,1,89,0
79582,6,6,6,adrenal_gland|brain|heart|kidney|liver|lung,3,2,1,2.0,2.0,2,2,12,0,1,15,0
79594,24,24,24,adipose_tissue|adrenal_cortex|adrenal_gland|amygdala|aorta|artery|astrocyte|basal_ganglion|basophil|blood|blood_plasma|blood_platelet|bone|brain|colon|eye|forebrain|gastrointestinal_tract|heart|kidney|large_intestine|liver|lung|midbrain,20,2,2,19.708333333333332,22.0,25,6,473,1,1,69,0
79595,18,18,18,adrenal_cortex|adrenal_gland|amygdala|basal_ganglion|blood|blood_plasma|blood_platelet|bone|brain|colon|forebrain|gastrointestinal_tract|heart|kidney|large_intestine|liver|lung|midbrain,14,2,2,23.72222222222222,24.0,27,18,427,1,1,54,0
79631,20,20,20,adrenal_gland|amygdala|aorta|artery|basal_ganglion|blood|blood_plasma|blood_platelet|bone|brain|colon|eye|forebrain|gastrointestinal_tract|heart|kidney|large_intestine|liver|lung|midbrain,16,2,2,3.3,3.0,4,2,66,0,1,9,0
79654,20,20,20,adrenal_gland|amygdala|aorta|artery|basal_ganglion|blood|blood_plasma|blood_platelet|bone|brain|colon|eye|forebrain|gastrointestinal_tract|heart|kidney|large_intestine|liver|lung|midbrain,16,2,2,9.1,9.0,12,7,182,0,1,16,0
79661,17,17,17,adipose_tissue|adrenal_gland|artery|basal_ganglion|blood|blood_plasma|blood_platelet|brain|colon|eye|forebrain|gastrointestinal_tract|heart|kidney|large_intestine|liver|lung,14,2,1,2.0,2.0,2,2,34,0,1,43,0
79718,22,22,22,adipose_tissue|adrenal_cortex|adrenal_gland|amygdala|aorta|artery|basal_ganglion|blood|blood_plasma|blood_platelet|bone|brain|colon|eye|forebrain|gastrointestinal_tract|heart|kidney|large_intestine|liver|lung|midbrain,18,2,2,33.22727272727273,34.0,42,20,731,1,1,63,0
79728,13,13,13,amygdala|basal_ganglion|blood|brain|colon|forebrain|gastrointestinal_tract|heart|kidney|large_intestine|liver|lung|midbrain,9,2,2,12.076923076923077,12.0,14,11,157,2,1,29,0
79736,16,16,16,adrenal_gland|amygdala|basal_ganglion|blood|blood_plasma|brain|colon|eye|forebrain|gastrointestinal_tract|heart|kidney|large_intestine|liver|lung|midbrain,12,2,2,1.875,2.0,2,1,30,0,1,38,0
79738,15,15,15,adrenal_gland|amygdala|basal_ganglion|blood|brain|colon|eye|forebrain|gastrointestinal_tract|heart|kidney|large_intestine|liver|lung|midbrain,11,2,2,7.866666666666666,8.0,10,6,118,0,1,16,0
79751,6,6,6,brain|gastrointestinal_tract|heart|kidney|liver|lung,3,2,1,11.833333333333334,12.0,13,11,71,1,1,21,0
79753,22,22,22,adipose_tissue|adrenal_gland|amygdala|aorta|artery|astrocyte|basal_ganglion|blood|blood_plasma|blood_platelet|bone|brain|colon|eye|forebrain|gastrointestinal_tract|heart|kidney|large_intestine|liver|lung|midbrain,18,2,2,34.36363636363637,34.0,48,14,756,1,1,36,0
79763,7,7,7,brain|colon|gastrointestinal_tract|heart|kidney|large_intestine|lung,4,2,1,6.0,6.0,6,6,42,1,1,12,0
79784,16,16,16,amygdala|basal_ganglion|blood|blood_plasma|blood_platelet|brain|colon|eye|forebrain|gastrointestinal_tract|heart|kidney|large_intestine|liver|lung|midbrain,12,2,2,16.875,17.0,18,15,270,1,1,27,0
79791,23,23,23,adipose_tissue|adrenal_cortex|adrenal_gland|amygdala|aorta|artery|astrocyte|basal_ganglion|blood|blood_plasma|blood_platelet|bone|brain|colon|eye|forebrain|gastrointestinal_tract|heart|kidney|large_intestine|liver|lung|midbrain,19,2,2,10.130434782608695,10.0,12,5,233,0,1,27,0
79813,18,18,18,adrenal_cortex|adrenal_gland|amygdala|basal_ganglion|blood|blood_plasma|blood_platelet|bone|brain|colon|forebrain|gastrointestinal_tract|heart|kidney|large_intestine|liver|lung|midbrain,14,2,2,30.11111111111111,30.0,34,26,542,1,1,64,0
79831,19,19,19,adipose_tissue|amygdala|artery|astrocyte|basal_ganglion|blood|blood_plasma|blood_platelet|brain|colon|eye|forebrain|gastrointestinal_tract|heart|kidney|large_intestine|liver|lung|midbrain,15,2,2,1.0526315789473684,1.0,2,1,20,0,1,62,0
79840,21,21,21,adipose_tissue|amygdala|artery|astrocyte|basal_ganglion|basophil|blood|blood_plasma|blood_platelet|bone|brain|colon|eye|forebrain|gastrointestinal_tract|heart|kidney|large_intestine|liver|lung|midbrain,17,2,2,7.857142857142857,9.0,9,3,165,0,1,29,0
79849,4,4,4,colon|gastrointestinal_tract|kidney|large_intestine,3,1,0,3.0,3.0,3,3,12,0,1,5,0
79866,4,4,4,adrenal_gland|bone|heart|kidney,2,2,0,7.5,7.5,9,6,30,1,1,6,0
79872,22,22,22,adipose_tissue|adrenal_gland|amygdala|aorta|artery|basal_ganglion|basophil|blood|blood_plasma|blood_platelet|bone|brain|colon|eye|forebrain|gastrointestinal_tract|heart|kidney|large_intestine|liver|lung|midbrain,18,2,2,5.090909090909091,5.0,7,3,112,0,1,14,0
79885,18,18,18,adrenal_cortex|adrenal_gland|amygdala|basal_ganglion|blood|blood_plasma|blood_platelet|bone|brain|colon|forebrain|gastrointestinal_tract|heart|kidney|large_intestine|liver|lung|midbrain,14,2,2,40.55555555555556,43.0,46,28,730,0,1,43,0
79888,21,21,21,adrenal_cortex|adrenal_gland|amygdala|aorta|artery|basal_ganglion|blood|blood_plasma|blood_platelet|bone|brain|colon|eye|forebrain|gastrointestinal_tract|heart|kidney|large_intestine|liver|lung|midbrain,17,2,2,4.0,4.0,6,1,84,0,1,25,0
79913,13,13,13,amygdala|basal_ganglion|blood|brain|colon|forebrain|gastrointestinal_tract|heart|kidney|large_intestine|liver|lung|midbrain,9,2,2,15.461538461538462,16.0,18,13,201,0,1,31,0
79918,11,11,11,blood|blood_plasma|blood_platelet|brain|colon|gastrointestinal_tract|heart|kidney|large_intestine|liver|lung,8,2,1,1.0,1.0,1,1,11,0,1,60,0
79930,1,1,1,blood,1,0,0,15.0,15.0,15,15,15,0,1,0,1
79960,18,18,18,adrenal_cortex|adrenal_gland|amygdala|basal_ganglion|blood|blood_plasma|blood_platelet|bone|brain|colon|forebrain|gastrointestinal_tract|heart|kidney|large_intestine|liver|lung|midbrain,14,2,2,16.444444444444443,16.0,19,15,296,3,1,47,0
79991,9,9,9,blood|brain|colon|gastrointestinal_tract|heart|kidney|large_intestine|liver|lung,6,2,1,23.0,23.0,23,23,207,0,1,69,0
80005,20,20,20,adrenal_gland|amygdala|aorta|artery|basal_ganglion|blood|blood_plasma|blood_platelet|bone|brain|colon|eye|forebrain|gastrointestinal_tract|heart|kidney|large_intestine|liver|lung|midbrain,16,2,2,4.65,5.0,6,2,93,0,1,19,0
80020,20,20,20,adrenal_gland|amygdala|aorta|artery|basal_ganglion|blood|blood_plasma|blood_platelet|bone|brain|colon|eye|forebrain|gastrointestinal_tract|heart|kidney|large_intestine|liver|lung|midbrain,16,2,2,12.55,13.0,15,9,251,0,1,19,0
80144,12,12,12,adrenal_gland|aorta|artery|brain|colon|forebrain|gastrointestinal_tract|heart|kidney|large_intestine|liver|lung,9,2,1,2.3333333333333335,2.0,3,2,28,1,1,2,0
80145,7,7,7,blood|bone|brain|heart|kidney|liver|lung,4,2,1,54.714285714285715,59.0,60,28,383,0,1,20,0
80155,10,10,10,blood|blood_plasma|brain|colon|gastrointestinal_tract|heart|kidney|large_intestine|liver|lung,7,2,1,12.8,13.0,17,9,128,1,1,66,0
80204,11,11,11,blood|blood_plasma|blood_platelet|brain|colon|gastrointestinal_tract|heart|kidney|large_intestine|liver|lung,8,2,1,19.363636363636363,20.0,22,15,213,1,1,30,0
80237,1,1,1,liver,1,0,0,4.0,4.0,4,4,4,0,1,69,0
80243,8,8,8,brain|colon|gastrointestinal_tract|heart|kidney|large_intestine|liver|lung,5,2,1,2.625,3.0,3,2,21,2,1,6,0
80267,20,20,20,adrenal_gland|amygdala|aorta|artery|basal_ganglion|blood|blood_plasma|blood_platelet|bone|brain|colon|eye|forebrain|gastrointestinal_tract|heart|kidney|large_intestine|liver|lung|midbrain,16,2,2,1.05,1.0,2,1,21,1,1,15,0
80274,8,8,8,brain|colon|gastrointestinal_tract|heart|kidney|large_intestine|liver|lung,5,2,1,2.375,2.0,3,2,19,1,1,7,0
80310,2,2,2,kidney|lung,0,1,1,1.0,1.0,1,1,2,0,1,8,0
80312,18,18,18,adrenal_cortex|adrenal_gland|amygdala|basal_ganglion|blood|blood_plasma|blood_platelet|bone|brain|colon|forebrain|gastrointestinal_tract|heart|kidney|large_intestine|liver|lung|midbrain,14,2,2,2.0,2.0,2,2,36,0,1,63,0
80314,18,18,18,adrenal_cortex|adrenal_gland|amygdala|basal_ganglion|blood|blood_plasma|blood_platelet|bone|brain|colon|forebrain|gastrointestinal_tract|heart|kidney|large_intestine|liver|lung|midbrain,14,2,2,17.166666666666668,17.0,20,13,309,3,1,71,0
80331,18,18,18,adipose_tissue|adrenal_cortex|adrenal_gland|amygdala|basal_ganglion|blood|blood_plasma|brain|colon|eye|forebrain|gastrointestinal_tract|heart|kidney|large_intestine|liver|lung|midbrain,14,2,2,5.944444444444445,6.0,7,2,107,1,1,17,0
80335,18,18,18,adrenal_cortex|adrenal_gland|amygdala|basal_ganglion|blood|blood_plasma|blood_platelet|bone|brain|colon|forebrain|gastrointestinal_tract|heart|kidney|large_intestine|liver|lung|midbrain,14,2,2,26.72222222222222,28.5,31,17,481,1,1,29,0
80339,1,1,1,adipose_tissue,1,0,0,2.0,2.0,2,2,2,1,1,14,0
80351,21,21,21,adipose_tissue|adrenal_cortex|adrenal_gland|amygdala|aorta|artery|basal_ganglion|blood|blood_plasma|bone|brain|colon|eye|forebrain|gastrointestinal_tract|heart|kidney|large_intestine|liver|lung|midbrain,17,2,2,6.0,6.0,6,6,126,2,1,61,0
80381,24,24,24,adipose_tissue|adrenal_cortex|adrenal_gland|amygdala|aorta|artery|astrocyte|basal_ganglion|basophil|blood|blood_plasma|blood_platelet|bone|brain|colon|eye|forebrain|gastrointestinal_tract|heart|kidney|large_intestine|liver|lung|midbrain,20,2,2,1.0416666666666667,1.0,2,1,25,0,1,32,0
80725,23,23,23,adipose_tissue|adrenal_cortex|adrenal_gland|amygdala|aorta|artery|astrocyte|basal_ganglion|blood|blood_plasma|blood_platelet|bone|brain|colon|eye|forebrain|gastrointestinal_tract|heart|kidney|large_intestine|liver|lung|midbrain,19,2,2,4.130434782608695,4.0,7,2,95,0,1,44,0
80727,16,16,16,adipose_tissue|amygdala|basal_ganglion|blood|bone|brain|colon|eye|forebrain|gastrointestinal_tract|heart|kidney|large_intestine|liver|lung|midbrain,12,2,2,4.75,5.0,7,4,76,0,1,19,0
80746,15,15,15,adrenal_gland|amygdala|aorta|artery|basal_ganglion|blood|brain|colon|forebrain|gastrointestinal_tract|heart|kidney|large_intestine|liver|lung,12,2,1,11.2,12.0,12,8,168,0,1,23,0
80755,2,2,2,brain|heart,1,1,0,13.0,13.0,13,13,26,1,1,8,0
80762,24,24,24,adipose_tissue|adrenal_cortex|adrenal_gland|amygdala|aorta|artery|astrocyte|basal_ganglion|basophil|blood|blood_plasma|blood_platelet|bone|brain|colon|eye|forebrain|gastrointestinal_tract|heart|kidney|large_intestine|liver|lung|midbrain,20,2,2,13.125,14.0,15,7,315,1,1,36,0
80781,24,24,24,adipose_tissue|adrenal_cortex|adrenal_gland|amygdala|aorta|artery|astrocyte|basal_ganglion|basophil|blood|blood_plasma|blood_platelet|bone|brain|colon|eye|forebrain|gastrointestinal_tract|heart|kidney|large_intestine|liver|lung|midbrain,20,2,2,7.0,7.0,11,2,168,2,1,8,0
80789,7,7,7,amygdala|basal_ganglion|brain|forebrain|liver|lung|midbrain,5,0,2,18.0,18.0,18,18,126,1,1,25,0
80824,23,23,23,adipose_tissue|adrenal_cortex|adrenal_gland|amygdala|aorta|artery|basal_ganglion|basophil|blood|blood_plasma|blood_platelet|bone|brain|colon|eye|forebrain|gastrointestinal_tract|heart|kidney|large_intestine|liver|lung|midbrain,19,2,2,6.260869565217392,6.0,8,6,144,1,1,13,0
80829,22,22,22,adipose_tissue|adrenal_gland|amygdala|aorta|artery|astrocyte|basal_ganglion|blood|blood_plasma|blood_platelet|bone|brain|colon|eye|forebrain|gastrointestinal_tract|heart|kidney|large_intestine|liver|lung|midbrain,18,2,2,19.90909090909091,21.0,24,8,438,2,1,37,0
80833,5,5,5,brain|colon|gastrointestinal_tract|large_intestine|lung,4,0,1,1.0,1.0,1,1,5,1,1,14,0
80854,18,18,18,adrenal_cortex|adrenal_gland|amygdala|basal_ganglion|blood|blood_plasma|blood_platelet|bone|brain|colon|forebrain|gastrointestinal_tract|heart|kidney|large_intestine|liver|lung|midbrain,14,2,2,29.555555555555557,31.0,34,23,532,0,1,32,0
80856,22,22,22,adipose_tissue|adrenal_cortex|adrenal_gland|amygdala|artery|astrocyte|basal_ganglion|blood|blood_plasma|blood_platelet|bone|brain|colon|eye|forebrain|gastrointestinal_tract|heart|kidney|large_intestine|liver|lung|midbrain,18,2,2,4.818181818181818,4.5,8,2,106,0,1,8,0
81035,8,8,8,brain|colon|gastrointestinal_tract|heart|kidney|large_intestine|liver|lung,5,2,1,3.125,3.0,4,3,25,1,1,25,0
81539,6,6,6,brain|eye|forebrain|gastrointestinal_tract|heart|lung,4,1,1,3.0,3.0,4,2,18,2,1,8,0
81542,20,20,20,adipose_tissue|adrenal_gland|amygdala|aorta|artery|basal_ganglion|blood|blood_plasma|blood_platelet|brain|colon|eye|forebrain|gastrointestinal_tract|heart|kidney|large_intestine|liver|lung|midbrain,16,2,2,8.0,8.0,11,5,160,0,1,22,0
81559,19,19,19,adrenal_gland|amygdala|aorta|artery|basal_ganglion|blood|blood_plasma|bone|brain|colon|eye|forebrain|gastrointestinal_tract|heart|kidney|large_intestine|liver|lung|midbrain,15,2,2,11.31578947368421,11.0,12,9,215,0,1,34,0
81565,24,24,24,adipose_tissue|adrenal_cortex|adrenal_gland|amygdala|aorta|artery|astrocyte|basal_ganglion|basophil|blood|blood_plasma|blood_platelet|bone|brain|colon|eye|forebrain|gastrointestinal_tract|heart|kidney|large_intestine|liver|lung|midbrain,20,2,2,26.208333333333332,27.0,34,15,629,2,1,20,0
81570,11,11,11,amygdala|basal_ganglion|blood|brain|forebrain|gastrointestinal_tract|heart|kidney|liver|lung|midbrain,7,2,2,7.090909090909091,8.0,8,5,78,1,1,5,0
81573,1,1,1,blood,1,0,0,2.0,2.0,2,2,2,0,1,23,0
81576,20,20,20,adipose_tissue|amygdala|aorta|artery|astrocyte|basal_ganglion|blood|blood_plasma|blood_platelet|brain|colon|eye|forebrain|gastrointestinal_tract|heart|kidney|large_intestine|liver|lung|midbrain,16,2,2,6.45,7.0,8,3,129,1,1,2,0
81620,20,20,20,adipose_tissue|adrenal_cortex|adrenal_gland|amygdala|artery|astrocyte|basal_ganglion|blood|bone|brain|colon|eye|forebrain|gastrointestinal_tract|heart|kidney|large_intestine|liver|lung|midbrain,16,2,2,37.8,40.5,45,21,756,0,1,30,0
81622,14,14,14,adipose_tissue|artery|blood|blood_plasma|blood_platelet|brain|colon|eye|gastrointestinal_tract|heart|kidney|large_intestine|liver|lung,11,2,1,6.785714285714286,7.0,9,4,95,1,1,20,0
81627,4,4,4,blood|colon|gastrointestinal_tract|large_intestine,4,0,0,13.25,13.0,14,13,53,0,1,7,0
81628,18,18,18,adipose_tissue|adrenal_cortex|adrenal_gland|amygdala|aorta|artery|basal_ganglion|blood|blood_plasma|brain|eye|forebrain|gastrointestinal_tract|heart|kidney|liver|lung|midbrain,14,2,2,29.77777777777778,29.0,36,20,536,1,1,0,1
81844,23,23,23,adipose_tissue|adrenal_gland|amygdala|aorta|artery|astrocyte|basal_ganglion|basophil|blood|blood_plasma|blood_platelet|bone|brain|colon|eye|forebrain|gastrointestinal_tract|heart|kidney|large_intestine|liver|lung|midbrain,19,2,2,7.608695652173913,8.0,10,4,175,1,1,30,0
81846,21,21,21,adipose_tissue|adrenal_gland|amygdala|aorta|artery|basal_ganglion|blood|blood_plasma|blood_platelet|bone|brain|colon|eye|forebrain|gastrointestinal_tract|heart|kidney|large_intestine|liver|lung|midbrain,17,2,2,5.9523809523809526,6.0,8,4,125,1,1,3,0
81847,22,22,22,adipose_tissue|adrenal_cortex|adrenal_gland|amygdala|aorta|artery|basal_ganglion|blood|blood_plasma|blood_platelet|bone|brain|colon|eye|forebrain|gastrointestinal_tract|heart|kidney|large_intestine|liver|lung|midbrain,18,2,2,25.5,27.0,31,14,561,1,1,31,0
81858,22,22,22,adipose_tissue|adrenal_gland|amygdala|aorta|artery|astrocyte|basal_ganglion|blood|blood_plasma|blood_platelet|bone|brain|colon|eye|forebrain|gastrointestinal_tract|heart|kidney|large_intestine|liver|lung|midbrain,18,2,2,12.045454545454545,11.0,21,10,265,1,1,39,0
81929,20,20,20,adrenal_cortex|adrenal_gland|amygdala|aorta|artery|basal_ganglion|blood|blood_plasma|bone|brain|colon|eye|forebrain|gastrointestinal_tract|heart|kidney|large_intestine|liver|lung|midbrain,16,2,2,10.55,11.5,17,2,211,0,1,32,0
81930,21,21,21,adrenal_cortex|adrenal_gland|amygdala|aorta|artery|basal_ganglion|blood|blood_plasma|blood_platelet|bone|brain|colon|eye|forebrain|gastrointestinal_tract|heart|kidney|large_intestine|liver|lung|midbrain,17,2,2,8.285714285714286,9.0,10,6,174,0,1,31,0
83439,20,20,20,adrenal_cortex|adrenal_gland|amygdala|aorta|artery|basal_ganglion|blood|blood_plasma|bone|brain|colon|eye|forebrain|gastrointestinal_tract|heart|kidney|large_intestine|liver|lung|midbrain,16,2,2,1.0,1.0,1,1,20,1,1,0,1
83547,20,20,20,adrenal_gland|amygdala|aorta|artery|basal_ganglion|blood|blood_plasma|blood_platelet|bone|brain|colon|eye|forebrain|gastrointestinal_tract|heart|kidney|large_intestine|liver|lung|midbrain,16,2,2,7.55,8.0,8,5,151,1,1,34,0
83548,17,17,17,adrenal_gland|amygdala|basal_ganglion|blood|blood_plasma|bone|brain|colon|eye|forebrain|gastrointestinal_tract|heart|kidney|large_intestine|liver|lung|midbrain,13,2,2,13.647058823529411,14.0,16,10,232,2,1,44,0
83595,20,20,20,adipose_tissue|adrenal_cortex|adrenal_gland|amygdala|artery|basal_ganglion|blood|blood_plasma|bone|brain|colon|eye|forebrain|gastrointestinal_tract|heart|kidney|large_intestine|liver|lung|midbrain,16,2,2,3.0,3.0,3,3,60,0,1,53,0
83605,19,19,19,adipose_tissue|adrenal_gland|amygdala|astrocyte|basal_ganglion|blood|blood_plasma|bone|brain|colon|eye|forebrain|gastrointestinal_tract|heart|kidney|large_intestine|liver|lung|midbrain,15,2,2,7.315789473684211,7.0,8,5,139,0,1,10,0
83695,20,20,20,adrenal_cortex|adrenal_gland|amygdala|astrocyte|basal_ganglion|blood|blood_plasma|blood_platelet|bone|brain|colon|eye|forebrain|gastrointestinal_tract|heart|kidney|large_intestine|liver|lung|midbrain,16,2,2,5.9,6.5,8,3,118,1,1,32,0
83700,12,12,12,adrenal_gland|basal_ganglion|blood|blood_plasma|blood_platelet|brain|forebrain|gastrointestinal_tract|heart|kidney|liver|lung,9,2,1,3.5,3.0,5,3,42,1,1,18,0
83706,23,23,23,adipose_tissue|adrenal_gland|amygdala|aorta|artery|astrocyte|basal_ganglion|basophil|blood|blood_plasma|blood_platelet|bone|brain|colon|eye|forebrain|gastrointestinal_tract|heart|kidney|large_intestine|liver|lung|midbrain,19,2,2,10.347826086956522,9.0,16,3,238,2,1,37,0
83737,24,24,24,adipose_tissue|adrenal_cortex|adrenal_gland|amygdala|aorta|artery|astrocyte|basal_ganglion|basophil|blood|blood_plasma|blood_platelet|bone|brain|colon|eye|forebrain|gastrointestinal_tract|heart|kidney|large_intestine|liver|lung|midbrain,20,2,2,77.625,81.0,93,34,1863,0,1,63,0
83752,7,7,7,adrenal_cortex|adrenal_gland|brain|gastrointestinal_tract|heart|kidney|lung,4,2,1,6.142857142857143,6.0,8,3,43,0,1,35,0
83852,19,19,19,adrenal_cortex|adrenal_gland|amygdala|basal_ganglion|blood|blood_plasma|blood_platelet|bone|brain|colon|eye|forebrain|gastrointestinal_tract|heart|kidney|large_intestine|liver|lung|midbrain,15,2,2,9.0,9.0,10,4,171,0,1,57,0
83855,5,5,5,brain|heart|kidney|liver|lung,2,2,1,13.6,14.0,14,13,68,2,1,0,1
83860,3,3,3,adrenal_cortex|adrenal_gland|brain,3,0,0,17.666666666666668,17.0,22,14,53,0,1,44,0
83871,20,20,20,adrenal_gland|amygdala|aorta|artery|basal_ganglion|blood|blood_plasma|blood_platelet|bone|brain|colon|eye|forebrain|gastrointestinal_tract|heart|kidney|large_intestine|liver|lung|midbrain,16,2,2,10.35,10.0,12,9,207,0,1,28,0
83933,18,18,18,adrenal_cortex|adrenal_gland|amygdala|basal_ganglion|blood|blood_plasma|blood_platelet|bone|brain|colon|forebrain|gastrointestinal_tract|heart|kidney|large_intestine|liver|lung|midbrain,14,2,2,9.777777777777779,10.0,12,5,176,1,1,63,0
83939,9,9,9,blood|brain|colon|gastrointestinal_tract|heart|kidney|large_intestine|liver|lung,6,2,1,36.333333333333336,36.0,40,35,327,0,1,36,0
84059,7,7,7,adrenal_gland|brain|colon|gastrointestinal_tract|kidney|large_intestine|lung,5,1,1,1.0,1.0,1,1,7,1,1,23,0
84067,15,15,15,adrenal_gland|amygdala|basal_ganglion|blood|brain|colon|eye|forebrain|gastrointestinal_tract|heart|kidney|large_intestine|liver|lung|midbrain,11,2,2,2.0,2.0,2,2,30,0,1,17,0
84079,20,20,20,adrenal_gland|amygdala|aorta|artery|basal_ganglion|blood|blood_plasma|blood_platelet|bone|brain|colon|eye|forebrain|gastrointestinal_tract|heart|kidney|large_intestine|liver|lung|midbrain,16,2,2,3.65,4.0,5,2,73,1,1,30,0
84081,15,15,15,adrenal_gland|amygdala|aorta|artery|basal_ganglion|blood|brain|colon|forebrain|gastrointestinal_tract|heart|kidney|large_intestine|liver|lung,12,2,1,6.466666666666667,7.0,8,5,97,0,1,35,0
84100,4,4,4,brain|eye|heart|kidney,2,2,0,4.0,4.0,4,4,16,0,1,40,0
84101,13,13,13,amygdala|basal_ganglion|blood|brain|colon|forebrain|gastrointestinal_tract|heart|kidney|large_intestine|liver|lung|midbrain,9,2,2,1.0,1.0,1,1,13,0,1,45,0
84132,10,10,10,blood|brain|colon|eye|gastrointestinal_tract|heart|kidney|large_intestine|liver|lung,7,2,1,5.3,5.5,7,4,53,0,1,15,0
84159,22,22,22,adipose_tissue|adrenal_cortex|adrenal_gland|amygdala|artery|astrocyte|basal_ganglion|blood|blood_plasma|blood_platelet|bone|brain|colon|eye|forebrain|gastrointestinal_tract|heart|kidney|large_intestine|liver|lung|midbrain,18,2,2,5.636363636363637,6.0,8,2,124,0,1,43,0
84168,22,22,22,adipose_tissue|adrenal_gland|amygdala|aorta|artery|astrocyte|basal_ganglion|blood|blood_plasma|blood_platelet|bone|brain|colon|eye|forebrain|gastrointestinal_tract|heart|kidney|large_intestine|liver|lung|midbrain,18,2,2,13.318181818181818,13.0,18,10,293,0,1,24,0
84174,2,2,2,blood|lung,1,0,1,4.5,4.5,6,3,9,0,1,31,0
84231,23,23,23,adipose_tissue|adrenal_cortex|adrenal_gland|amygdala|aorta|artery|basal_ganglion|basophil|blood|blood_plasma|blood_platelet|bone|brain|colon|eye|forebrain|gastrointestinal_tract|heart|kidney|large_intestine|liver|lung|midbrain,19,2,2,11.478260869565217,13.0,14,3,264,3,1,50,0
84233,20,20,20,adrenal_gland|amygdala|artery|astrocyte|basal_ganglion|blood|blood_plasma|blood_platelet|bone|brain|colon|eye|forebrain|gastrointestinal_tract|heart|kidney|large_intestine|liver|lung|midbrain,16,2,2,4.55,5.0,5,1,91,0,1,12,0
84248,3,3,3,blood|bone|liver,3,0,0,23.666666666666668,25.0,26,20,71,0,1,18,0
84268,15,15,15,adrenal_gland|amygdala|basal_ganglion|blood|blood_plasma|brain|colon|forebrain|gastrointestinal_tract|heart|kidney|large_intestine|liver|lung|midbrain,11,2,2,2.2666666666666666,2.0,4,1,34,1,1,20,0
84282,23,23,23,adipose_tissue|adrenal_gland|amygdala|aorta|artery|astrocyte|basal_ganglion|basophil|blood|blood_plasma|blood_platelet|bone|brain|colon|eye|forebrain|gastrointestinal_tract|heart|kidney|large_intestine|liver|lung|midbrain,19,2,2,5.739130434782608,6.0,7,3,132,0,1,25,0
84292,15,15,15,adrenal_gland|amygdala|aorta|artery|basal_ganglion|blood|brain|colon|forebrain|gastrointestinal_tract|heart|kidney|large_intestine|liver|lung,12,2,1,52.4,53.0,61,36,786,1,1,18,0
84305,9,9,9,blood|brain|colon|gastrointestinal_tract|heart|kidney|large_intestine|liver|lung,6,2,1,28.444444444444443,28.0,30,28,256,6,1,56,0
84321,7,7,7,blood|bone|brain|heart|kidney|liver|lung,4,2,1,48.714285714285715,53.0,53,25,341,0,1,13,0
84329,1,1,1,blood,1,0,0,3.0,3.0,3,3,3,1,1,15,0
84335,13,13,13,amygdala|basal_ganglion|blood|brain|colon|forebrain|gastrointestinal_tract|heart|kidney|large_intestine|liver|lung|midbrain,9,2,2,11.76923076923077,12.0,13,10,153,6,1,32,0
84336,5,5,5,blood|brain|forebrain|kidney|lung,3,1,1,1.0,1.0,1,1,5,1,1,12,0
84340,20,20,20,adrenal_gland|amygdala|aorta|artery|basal_ganglion|blood|blood_plasma|blood_platelet|bone|brain|colon|eye|forebrain|gastrointestinal_tract|heart|kidney|large_intestine|liver|lung|midbrain,16,2,2,1.8,1.0,4,1,36,0,1,22,0
84376,15,15,15,adrenal_gland|amygdala|basal_ganglion|blood|brain|colon|eye|forebrain|gastrointestinal_tract|heart|kidney|large_intestine|liver|lung|midbrain,11,2,2,8.466666666666667,8.0,10,8,127,0,1,39,0
84433,9,9,9,blood|brain|colon|gastrointestinal_tract|heart|kidney|large_intestine|liver|lung,6,2,1,19.333333333333332,19.0,22,18,174,0,1,47,0
84441,9,9,9,blood|brain|colon|gastrointestinal_tract|heart|kidney|large_intestine|liver|lung,6,2,1,6.444444444444445,6.0,7,6,58,1,1,42,0
84444,18,18,18,adrenal_cortex|adrenal_gland|amygdala|basal_ganglion|blood|blood_plasma|blood_platelet|bone|brain|colon|forebrain|gastrointestinal_tract|heart|kidney|large_intestine|liver|lung|midbrain,14,2,2,22.27777777777778,23.0,27,16,401,1,1,73,0
84446,12,12,12,amygdala|basal_ganglion|brain|colon|forebrain|gastrointestinal_tract|heart|kidney|large_intestine|liver|lung|midbrain,8,2,2,7.75,7.0,10,7,93,1,1,53,0
84447,21,21,21,adipose_tissue|adrenal_gland|amygdala|aorta|artery|basal_ganglion|blood|blood_plasma|blood_platelet|bone|brain|colon|eye|forebrain|gastrointestinal_tract|heart|kidney|large_intestine|liver|lung|midbrain,17,2,2,27.238095238095237,27.0,33,14,572,3,1,54,0
84464,9,9,9,amygdala|basal_ganglion|brain|forebrain|heart|kidney|liver|lung|midbrain,5,2,2,52.77777777777778,57.0,60,42,475,1,1,50,0
84466,5,5,5,amygdala|basal_ganglion|brain|forebrain|midbrain,4,0,1,9.2,9.0,10,9,46,0,1,11,0
84524,16,16,16,adipose_tissue|basal_ganglion|blood|blood_plasma|blood_platelet|bone|brain|colon|eye|forebrain|gastrointestinal_tract|heart|kidney|large_intestine|liver|lung,13,2,1,1.875,1.5,3,1,30,0,1,71,0
84525,4,4,4,brain|heart|kidney|lung,1,2,1,6.5,6.0,8,6,26,0,1,20,0
84619,19,19,19,adipose_tissue|adrenal_gland|amygdala|aorta|artery|basal_ganglion|blood|blood_plasma|brain|colon|eye|forebrain|gastrointestinal_tract|heart|kidney|large_intestine|liver|lung|midbrain,15,2,2,13.473684210526315,13.0,18,7,256,1,1,45,0
84631,1,1,1,brain,1,0,0,1.0,1.0,1,1,1,0,1,0,1
84632,9,9,9,amygdala|basal_ganglion|brain|forebrain|heart|kidney|liver|lung|midbrain,5,2,2,7.444444444444445,8.0,9,6,67,0,1,46,0
84634,8,8,8,amygdala|basal_ganglion|brain|forebrain|heart|kidney|liver|midbrain,5,2,1,3.0,3.0,3,3,24,1,1,11,0
84649,13,13,13,adipose_tissue|adrenal_gland|basal_ganglion|blood|brain|colon|forebrain|gastrointestinal_tract|heart|kidney|large_intestine|liver|lung,10,2,1,2.0,2.0,2,2,26,1,1,33,0
84661,18,18,18,adrenal_cortex|adrenal_gland|amygdala|basal_ganglion|blood|blood_plasma|blood_platelet|bone|brain|colon|forebrain|gastrointestinal_tract|heart|kidney|large_intestine|liver|lung|midbrain,14,2,2,34.44444444444444,35.0,39,29,620,1,1,41,0
84676,1,1,1,heart,0,1,0,45.0,45.0,45,45,45,0,1,9,0
84679,4,4,4,basal_ganglion|brain|forebrain|gastrointestinal_tract,4,0,0,2.25,2.0,3,2,9,2,1,12,0
84687,21,21,21,adrenal_cortex|adrenal_gland|amygdala|aorta|artery|astrocyte|basal_ganglion|blood|blood_plasma|bone|brain|colon|eye|forebrain|gastrointestinal_tract|heart|kidney|large_intestine|liver|lung|midbrain,17,2,2,25.523809523809526,26.0,34,15,536,4,1,30,0
84700,2,2,2,heart|lung,0,1,1,2.0,2.0,2,2,4,0,1,7,0
84701,5,5,5,brain|heart|kidney|liver|lung,2,2,1,6.8,7.0,7,6,34,0,1,2,0
84708,3,3,3,brain|heart|kidney,1,2,0,124.33333333333333,122.0,131,120,373,0,1,0,1
84722,9,9,9,blood|brain|colon|gastrointestinal_tract|heart|kidney|large_intestine|liver|lung,6,2,1,7.333333333333333,7.0,9,6,66,0,1,62,0
84759,21,21,21,adrenal_cortex|adrenal_gland|amygdala|aorta|artery|basal_ganglion|blood|blood_plasma|blood_platelet|bone|brain|colon|eye|forebrain|gastrointestinal_tract|heart|kidney|large_intestine|liver|lung|midbrain,17,2,2,14.238095238095237,15.0,17,9,299,0,1,34,0
84803,2,2,2,blood|kidney,1,1,0,1.5,1.5,2,1,3,0,1,31,0
84817,13,13,13,adipose_tissue|blood|blood_plasma|bone|brain|colon|eye|gastrointestinal_tract|heart|kidney|large_intestine|liver|lung,10,2,1,10.76923076923077,11.0,13,6,140,1,1,18,0
84844,15,15,15,adrenal_gland|amygdala|aorta|artery|basal_ganglion|blood|brain|colon|forebrain|gastrointestinal_tract|heart|kidney|large_intestine|liver|lung,12,2,1,34.0,35.0,41,25,510,2,1,56,0
84867,1,1,1,brain,1,0,0,7.0,7.0,7,7,7,1,1,3,0
84869,14,14,14,adipose_tissue|adrenal_gland|blood|blood_plasma|bone|brain|colon|eye|gastrointestinal_tract|heart|kidney|large_intestine|liver|lung,11,2,1,1.2142857142857142,1.0,2,1,17,0,1,20,0
84870,3,3,3,blood|colon|large_intestine,3,0,0,1.0,1.0,1,1,3,0,1,14,0
84876,23,23,23,adipose_tissue|adrenal_cortex|adrenal_gland|amygdala|aorta|artery|astrocyte|basal_ganglion|blood|blood_plasma|blood_platelet|bone|brain|colon|eye|forebrain|gastrointestinal_tract|heart|kidney|large_intestine|liver|lung|midbrain,19,2,2,6.0,6.0,7,5,138,3,1,16,0
84883,22,22,22,adipose_tissue|adrenal_cortex|adrenal_gland|amygdala|aorta|artery|astrocyte|basal_ganglion|blood|blood_plasma|blood_platelet|brain|colon|eye|forebrain|gastrointestinal_tract|heart|kidney|large_intestine|liver|lung|midbrain,18,2,2,1.3636363636363635,1.0,2,1,30,0,1,31,0
84894,5,5,5,amygdala|basal_ganglion|brain|forebrain|midbrain,4,0,1,4.4,4.0,5,4,22,0,1,0,1
84897,11,11,11,blood|blood_plasma|bone|brain|colon|gastrointestinal_tract|heart|kidney|large_intestine|liver|lung,8,2,1,3.8181818181818183,4.0,4,3,42,0,1,32,0
84901,23,23,23,adipose_tissue|adrenal_gland|amygdala|aorta|artery|astrocyte|basal_ganglion|basophil|blood|blood_plasma|blood_platelet|bone|brain|colon|eye|forebrain|gastrointestinal_tract|heart|kidney|large_intestine|liver|lung|midbrain,19,2,2,9.565217391304348,9.0,13,5,220,2,1,0,1
84919,19,19,19,adipose_tissue|adrenal_cortex|adrenal_gland|artery|astrocyte|basal_ganglion|blood|blood_plasma|blood_platelet|brain|colon|eye|forebrain|gastrointestinal_tract|heart|kidney|large_intestine|liver|lung,16,2,1,6.2631578947368425,7.0,8,3,119,0,1,41,0
84934,17,17,17,adrenal_gland|amygdala|aorta|artery|basal_ganglion|blood|brain|colon|eye|forebrain|gastrointestinal_tract|heart|kidney|large_intestine|liver|lung|midbrain,13,2,2,3.8823529411764706,4.0,4,3,66,0,1,34,0
84938,13,13,13,adrenal_gland|amygdala|basal_ganglion|blood|brain|eye|forebrain|gastrointestinal_tract|heart|kidney|liver|lung|midbrain,9,2,2,6.230769230769231,7.0,7,4,81,0,1,24,0
84958,11,11,11,amygdala|aorta|artery|basal_ganglion|brain|colon|forebrain|gastrointestinal_tract|heart|large_intestine|midbrain,9,1,1,3.5454545454545454,3.0,5,3,39,1,1,28,0
84967,20,20,20,adipose_tissue|adrenal_cortex|adrenal_gland|amygdala|artery|astrocyte|basal_ganglion|blood|bone|brain|colon|eye|forebrain|gastrointestinal_tract|heart|kidney|large_intestine|liver|lung|midbrain,16,2,2,4.1,4.0,6,1,82,0,1,24,0
85329,7,7,7,blood|colon|gastrointestinal_tract|heart|kidney|large_intestine|lung,4,2,1,1.0,1.0,1,1,7,1,1,7,0
85363,21,21,21,adipose_tissue|adrenal_gland|amygdala|aorta|artery|basal_ganglion|blood|blood_plasma|blood_platelet|bone|brain|colon|eye|forebrain|gastrointestinal_tract|heart|kidney|large_intestine|liver|lung|midbrain,17,2,2,30.142857142857142,30.0,37,14,633,1,1,70,0
85365,21,21,21,adipose_tissue|adrenal_cortex|adrenal_gland|amygdala|aorta|artery|basal_ganglion|blood|blood_plasma|blood_platelet|brain|colon|eye|forebrain|gastrointestinal_tract|heart|kidney|large_intestine|liver|lung|midbrain,17,2,2,13.857142857142858,15.0,15,10,291,0,1,34,0
85366,5,5,5,brain|heart|kidney|liver|lung,2,2,1,11.0,11.0,12,10,55,1,1,43,0
85413,2,2,2,blood|blood_plasma,2,0,0,1.0,1.0,1,1,2,0,1,12,0
85440,23,23,23,adipose_tissue|adrenal_cortex|adrenal_gland|amygdala|aorta|artery|astrocyte|basal_ganglion|blood|blood_plasma|blood_platelet|bone|brain|colon|eye|forebrain|gastrointestinal_tract|heart|kidney|large_intestine|liver|lung|midbrain,19,2,2,24.434782608695652,23.0,33,15,562,0,1,34,0
85442,8,8,8,amygdala|basal_ganglion|brain|forebrain|kidney|liver|lung|midbrain,5,1,2,3.0,3.0,3,3,24,0,1,0,1
85453,5,5,5,brain|heart|kidney|liver|lung,2,2,1,1.0,1.0,1,1,5,0,1,24,0
85458,23,23,23,adipose_tissue|adrenal_cortex|adrenal_gland|amygdala|aorta|artery|astrocyte|basal_ganglion|blood|blood_plasma|blood_platelet|bone|brain|colon|eye|forebrain|gastrointestinal_tract|heart|kidney|large_intestine|liver|lung|midbrain,19,2,2,8.956521739130435,9.0,10,7,206,0,1,19,0
85464,14,14,14,amygdala|basal_ganglion|blood|blood_plasma|brain|colon|forebrain|gastrointestinal_tract|heart|kidney|large_intestine|liver|lung|midbrain,10,2,2,8.285714285714286,8.0,9,8,116,1,1,25,0
85476,20,20,20,adrenal_gland|amygdala|aorta|artery|basal_ganglion|blood|blood_plasma|blood_platelet|bone|brain|colon|eye|forebrain|gastrointestinal_tract|heart|kidney|large_intestine|liver|lung|midbrain,16,2,2,2.8,2.5,6,2,56,0,1,15,0
85477,13,13,13,amygdala|basal_ganglion|blood|blood_plasma|blood_platelet|brain|forebrain|gastrointestinal_tract|heart|kidney|liver|lung|midbrain,9,2,2,6.923076923076923,7.0,9,5,90,0,1,39,0
87178,23,23,23,adipose_tissue|adrenal_cortex|adrenal_gland|amygdala|aorta|artery|astrocyte|basal_ganglion|blood|blood_plasma|blood_platelet|bone|brain|colon|eye|forebrain|gastrointestinal_tract|heart|kidney|large_intestine|liver|lung|midbrain,19,2,2,9.043478260869565,10.0,13,4,208,0,1,74,0
89122,21,21,21,adipose_tissue|adrenal_gland|amygdala|aorta|artery|basal_ganglion|blood|blood_plasma|blood_platelet|bone|brain|colon|eye|forebrain|gastrointestinal_tract|heart|kidney|large_intestine|liver|lung|midbrain,17,2,2,5.0,5.0,5,5,105,0,1,11,0
89780,1,1,1,lung,0,0,1,16.0,16.0,16,16,16,0,1,67,0
89781,17,17,17,adrenal_gland|amygdala|basal_ganglion|blood|blood_plasma|bone|brain|colon|eye|forebrain|gastrointestinal_tract|heart|kidney|large_intestine|liver|lung|midbrain,13,2,2,2.0,2.0,2,2,34,0,1,29,0
89846,2,2,2,blood|lung,1,0,1,2.0,2.0,2,2,4,0,1,27,0
89884,10,10,10,adrenal_gland|blood|brain|colon|gastrointestinal_tract|heart|kidney|large_intestine|liver|lung,7,2,1,14.7,15.0,16,12,147,0,1,0,1
89941,6,6,6,blood|brain|eye|forebrain|heart|kidney,4,2,0,17.166666666666668,18.0,18,13,103,1,1,30,0
90070,3,3,3,blood|blood_plasma|eye,3,0,0,7.0,7.0,7,7,21,1,1,59,0
90226,4,4,4,adrenal_gland|brain|heart|lung,2,1,1,1.0,1.0,1,1,4,1,1,12,0
90293,9,9,9,amygdala|basal_ganglion|brain|forebrain|heart|kidney|liver|lung|midbrain,5,2,2,10.222222222222221,11.0,12,9,92,2,1,20,0
90390,13,13,13,adrenal_cortex|adrenal_gland|blood|brain|colon|eye|forebrain|gastrointestinal_tract|heart|kidney|large_intestine|liver|lung,10,2,1,18.923076923076923,20.0,20,15,246,1,1,58,0
90678,19,19,19,adrenal_gland|amygdala|aorta|artery|basal_ganglion|blood|blood_plasma|bone|brain|colon|eye|forebrain|gastrointestinal_tract|heart|kidney|large_intestine|liver|lung|midbrain,15,2,2,32.473684210526315,33.0,35,27,617,1,1,46,0
90780,22,22,22,adipose_tissue|adrenal_cortex|adrenal_gland|amygdala|aorta|artery|basal_ganglion|blood|blood_plasma|blood_platelet|bone|brain|colon|eye|forebrain|gastrointestinal_tract|heart|kidney|large_intestine|liver|lung|midbrain,18,2,2,16.727272727272727,17.5,20,9,368,1,1,0,1
90952,2,2,2,artery|heart,1,1,0,2.0,2.0,2,2,4,1,1,8,0
91147,20,20,20,adrenal_gland|amygdala|aorta|artery|basal_ganglion|blood|blood_plasma|blood_platelet|bone|brain|colon|eye|forebrain|gastrointestinal_tract|heart|kidney|large_intestine|liver|lung|midbrain,16,2,2,14.05,16.0,17,7,281,0,1,37,0
91404,23,23,23,adipose_tissue|adrenal_cortex|adrenal_gland|amygdala|aorta|artery|astrocyte|basal_ganglion|blood|blood_plasma|blood_platelet|bone|brain|colon|eye|forebrain|gastrointestinal_tract|heart|kidney|large_intestine|liver|lung|midbrain,19,2,2,5.869565217391305,6.0,8,2,135,1,1,2,0
91653,7,7,7,brain|colon|gastrointestinal_tract|heart|kidney|large_intestine|lung,4,2,1,3.0,3.0,3,3,21,0,1,16,0
91662,1,1,1,blood,1,0,0,6.0,6.0,6,6,6,1,1,46,0
91949,17,17,17,adrenal_gland|amygdala|basal_ganglion|blood|blood_plasma|bone|brain|colon|eye|forebrain|gastrointestinal_tract|heart|kidney|large_intestine|liver|lung|midbrain,13,2,2,8.352941176470589,8.0,10,8,142,0,1,38,0
92105,7,7,7,amygdala|basal_ganglion|brain|forebrain|liver|lung|midbrain,5,0,2,17.571428571428573,18.0,18,17,123,0,1,19,0
92140,24,24,24,adipose_tissue|adrenal_cortex|adrenal_gland|amygdala|aorta|artery|astrocyte|basal_ganglion|basophil|blood|blood_plasma|blood_platelet|bone|brain|colon|eye|forebrain|gastrointestinal_tract|heart|kidney|large_intestine|liver|lung|midbrain,20,2,2,9.875,11.0,13,1,237,0,1,69,0
92359,8,8,8,brain|colon|eye|gastrointestinal_tract|kidney|large_intestine|liver|lung,6,1,1,1.875,2.0,2,1,15,4,1,16,0
92609,16,16,16,adrenal_gland|amygdala|basal_ganglion|blood|blood_plasma|brain|colon|eye|forebrain|gastrointestinal_tract|heart|kidney|large_intestine|liver|lung|midbrain,12,2,2,44.3125,45.0,49,39,709,2,1,36,0
92610,22,22,22,adipose_tissue|adrenal_gland|amygdala|aorta|artery|astrocyte|basal_ganglion|blood|blood_plasma|blood_platelet|bone|brain|colon|eye|forebrain|gastrointestinal_tract|heart|kidney|large_intestine|liver|lung|midbrain,18,2,2,9.409090909090908,9.0,11,7,207,0,1,0,1
92737,3,3,3,blood|brain|kidney,2,1,0,2.0,2.0,2,2,6,0,1,12,0
92797,3,3,3,brain|kidney|liver,2,1,0,3.3333333333333335,3.0,4,3,10,0,1,42,0
92906,15,15,15,adrenal_gland|amygdala|aorta|artery|basal_ganglion|blood|brain|colon|forebrain|gastrointestinal_tract|heart|kidney|large_intestine|liver|lung,12,2,1,15.266666666666667,15.0,18,11,229,1,1,30,0
92912,19,19,19,adrenal_gland|amygdala|aorta|artery|basal_ganglion|blood|blood_plasma|bone|brain|colon|eye|forebrain|gastrointestinal_tract|heart|kidney|large_intestine|liver|lung|midbrain,15,2,2,12.68421052631579,12.0,15,10,241,0,1,16,0
93100,19,19,19,adipose_tissue|adrenal_cortex|adrenal_gland|artery|astrocyte|basal_ganglion|blood|blood_plasma|blood_platelet|brain|colon|eye|forebrain|gastrointestinal_tract|heart|kidney|large_intestine|liver|lung,16,2,1,10.842105263157896,13.0,15,3,206,1,1,21,0
93210,11,11,11,adrenal_cortex|adrenal_gland|blood|brain|colon|gastrointestinal_tract|heart|kidney|large_intestine|liver|lung,8,2,1,1.0,1.0,1,1,11,1,1,18,0
93649,23,23,23,adipose_tissue|adrenal_cortex|adrenal_gland|amygdala|aorta|artery|astrocyte|basal_ganglion|blood|blood_plasma|blood_platelet|bone|brain|colon|eye|forebrain|gastrointestinal_tract|heart|kidney|large_intestine|liver|lung|midbrain,19,2,2,14.043478260869565,15.0,16,10,323,0,1,63,0
93664,9,9,9,amygdala|basal_ganglion|brain|forebrain|heart|kidney|liver|lung|midbrain,5,2,2,10.333333333333334,10.0,12,10,93,0,1,11,0
93974,23,23,23,adipose_tissue|adrenal_cortex|adrenal_gland|amygdala|aorta|artery|basal_ganglion|basophil|blood|blood_plasma|blood_platelet|bone|brain|colon|eye|forebrain|gastrointestinal_tract|heart|kidney|large_intestine|liver|lung|midbrain,19,2,2,17.08695652173913,20.0,22,4,393,1,1,51,0
93986,24,24,24,adipose_tissue|adrenal_cortex|adrenal_gland|amygdala|aorta|artery|astrocyte|basal_ganglion|basophil|blood|blood_plasma|blood_platelet|bone|brain|colon|eye|forebrain|gastrointestinal_tract|heart|kidney|large_intestine|liver|lung|midbrain,20,2,2,9.208333333333334,10.0,12,5,221,3,1,33,0
94122,4,4,4,brain|kidney|liver|lung,2,1,1,4.5,4.5,5,4,18,0,1,0,1
94233,2,2,2,brain|eye,2,0,0,2.0,2.0,2,2,4,0,1,8,0
94234,18,18,18,adrenal_cortex|adrenal_gland|amygdala|basal_ganglion|blood|blood_plasma|bone|brain|colon|eye|forebrain|gastrointestinal_tract|heart|kidney|large_intestine|liver|lung|midbrain,14,2,2,25.444444444444443,26.5,30,17,458,0,1,0,1
94241,1,1,1,blood,1,0,0,3.0,3.0,3,3,3,0,1,48,0
112398,22,22,22,adipose_tissue|adrenal_cortex|adrenal_gland|amygdala|aorta|artery|astrocyte|basal_ganglion|blood|blood_plasma|blood_platelet|brain|colon|eye|forebrain|gastrointestinal_tract|heart|kidney|large_intestine|liver|lung|midbrain,18,2,2,11.681818181818182,12.0,15,9,257,2,1,46,0
112574,20,20,20,adrenal_gland|amygdala|aorta|artery|basal_ganglion|blood|blood_plasma|blood_platelet|bone|brain|colon|eye|forebrain|gastrointestinal_tract|heart|kidney|large_intestine|liver|lung|midbrain,16,2,2,7.85,8.0,9,7,157,0,1,31,0
112770,9,9,9,blood|brain|colon|gastrointestinal_tract|heart|kidney|large_intestine|liver|lung,6,2,1,1.6666666666666667,2.0,2,1,15,0,1,46,0
112869,18,18,18,adrenal_cortex|adrenal_gland|amygdala|basal_ganglion|blood|blood_plasma|blood_platelet|bone|brain|colon|forebrain|gastrointestinal_tract|heart|kidney|large_intestine|liver|lung|midbrain,14,2,2,27.944444444444443,27.0,34,23,503,1,1,32,0
112939,21,21,21,adipose_tissue|adrenal_gland|amygdala|aorta|artery|basal_ganglion|blood|blood_plasma|blood_platelet|bone|brain|colon|eye|forebrain|gastrointestinal_tract|heart|kidney|large_intestine|liver|lung|midbrain,17,2,2,13.238095238095237,14.0,16,10,278,1,1,41,0
113026,2,2,2,brain|heart,1,1,0,14.0,14.0,15,13,28,3,1,0,1
113878,17,17,17,adrenal_gland|amygdala|aorta|artery|basal_ganglion|blood|brain|colon|eye|forebrain|gastrointestinal_tract|heart|kidney|large_intestine|liver|lung|midbrain,13,2,2,18.88235294117647,19.0,25,12,321,3,1,8,0
114088,5,5,5,amygdala|basal_ganglion|brain|forebrain|midbrain,4,0,1,16.4,16.0,18,16,82,0,1,16,0
114548,7,7,7,blood|brain|gastrointestinal_tract|heart|kidney|liver|lung,4,2,1,20.857142857142858,21.0,21,20,146,0,1,70,0
114609,24,24,24,adipose_tissue|adrenal_cortex|adrenal_gland|amygdala|aorta|artery|astrocyte|basal_ganglion|basophil|blood|blood_plasma|blood_platelet|bone|brain|colon|eye|forebrain|gastrointestinal_tract|heart|kidney|large_intestine|liver|lung|midbrain,20,2,2,25.25,24.5,37,12,606,0,1,75,0
114771,4,4,4,brain|colon|gastrointestinal_tract|large_intestine,4,0,0,2.0,2.0,2,2,8,1,1,5,0
114798,8,8,8,amygdala|basal_ganglion|brain|forebrain|heart|kidney|lung|midbrain,4,2,2,1.75,2.0,2,1,14,3,1,0,1
114799,10,10,10,blood|blood_plasma|brain|colon|gastrointestinal_tract|heart|kidney|large_intestine|liver|lung,7,2,1,6.9,7.0,7,6,69,0,1,32,0
114803,19,19,19,adrenal_cortex|adrenal_gland|amygdala|basal_ganglion|blood|blood_plasma|blood_platelet|bone|brain|colon|eye|forebrain|gastrointestinal_tract|heart|kidney|large_intestine|liver|lung|midbrain,15,2,2,6.0,6.0,8,4,114,0,1,63,0
114805,9,9,9,amygdala|basal_ganglion|brain|forebrain|heart|kidney|liver|lung|midbrain,5,2,2,1.0,1.0,1,1,9,0,1,0,1
114822,20,20,20,adrenal_gland|amygdala|aorta|artery|basal_ganglion|blood|blood_plasma|blood_platelet|bone|brain|colon|eye|forebrain|gastrointestinal_tract|heart|kidney|large_intestine|liver|lung|midbrain,16,2,2,1.65,2.0,2,1,33,1,1,0,1
115106,15,15,15,adrenal_gland|amygdala|basal_ganglion|blood|bone|brain|colon|forebrain|gastrointestinal_tract|heart|kidney|large_intestine|liver|lung|midbrain,11,2,2,37.4,39.0,44,26,561,0,1,21,0
115426,20,20,20,adrenal_gland|amygdala|aorta|artery|basal_ganglion|blood|blood_plasma|blood_platelet|bone|brain|colon|eye|forebrain|gastrointestinal_tract|heart|kidney|large_intestine|liver|lung|midbrain,16,2,2,35.95,35.0,45,28,719,0,1,40,0
115703,20,20,20,adrenal_gland|amygdala|aorta|artery|basal_ganglion|blood|blood_plasma|blood_platelet|bone|brain|colon|eye|forebrain|gastrointestinal_tract|heart|kidney|large_intestine|liver|lung|midbrain,16,2,2,3.0,3.0,3,3,60,1,1,0,1
115727,4,4,4,blood|heart|liver|lung,2,1,1,2.0,2.0,2,2,8,2,1,18,0
115827,2,2,2,brain|lung,1,0,1,1.5,1.5,2,1,3,2,1,10,0
116085,1,1,1,kidney,0,1,0,2.0,2.0,2,2,2,2,1,31,0
116113,19,19,19,adrenal_cortex|adrenal_gland|amygdala|artery|basal_ganglion|blood|blood_plasma|bone|brain|colon|eye|forebrain|gastrointestinal_tract|heart|kidney|large_intestine|liver|lung|midbrain,15,2,2,7.0,7.0,8,5,133,1,1,0,1
116143,18,18,18,adrenal_cortex|adrenal_gland|amygdala|basal_ganglion|blood|blood_plasma|blood_platelet|bone|brain|colon|forebrain|gastrointestinal_tract|heart|kidney|large_intestine|liver|lung|midbrain,14,2,2,11.166666666666666,12.5,15,3,201,0,1,0,1
116444,2,2,2,brain|forebrain,2,0,0,2.5,2.5,3,2,5,1,1,15,0
116448,2,2,2,brain|forebrain,2,0,0,11.0,11.0,12,10,22,1,1,0,1
116519,6,6,6,blood|blood_plasma|colon|gastrointestinal_tract|large_intestine|liver,6,0,0,1.8333333333333333,2.0,3,1,11,0,1,40,0
116840,13,13,13,amygdala|basal_ganglion|blood|brain|colon|forebrain|gastrointestinal_tract|heart|kidney|large_intestine|liver|lung|midbrain,9,2,2,34.46153846153846,36.0,40,28,448,5,1,19,0
116985,23,23,23,adipose_tissue|adrenal_cortex|adrenal_gland|amygdala|aorta|artery|astrocyte|basal_ganglion|blood|blood_plasma|blood_platelet|bone|brain|colon|eye|forebrain|gastrointestinal_tract|heart|kidney|large_intestine|liver|lung|midbrain,19,2,2,8.0,8.0,11,3,184,3,1,23,0
116986,1,1,1,brain,1,0,0,3.0,3.0,3,3,3,1,1,32,0
117143,3,3,3,brain|heart|kidney,1,2,0,16.666666666666668,17.0,17,16,50,0,1,32,0
117157,1,1,1,blood,1,0,0,7.0,7.0,7,7,7,0,1,11,0
117177,15,15,15,adrenal_gland|amygdala|basal_ganglion|blood|brain|colon|eye|forebrain|gastrointestinal_tract|heart|kidney|large_intestine|liver|lung|midbrain,11,2,2,11.533333333333333,11.0,14,9,173,0,1,21,0
117283,5,5,5,brain|forebrain|heart|kidney|liver,3,2,0,12.8,13.0,14,11,64,1,1,23,0
120892,7,7,7,basal_ganglion|brain|forebrain|heart|kidney|liver|lung,4,2,1,76.14285714285714,78.0,83,66,533,0,1,94,0
121457,3,3,3,heart|kidney|lung,0,2,1,9.333333333333334,10.0,10,8,28,0,1,9,0
121504,17,17,17,adrenal_cortex|adrenal_gland|amygdala|basal_ganglion|blood|blood_plasma|blood_platelet|brain|colon|forebrain|gastrointestinal_tract|heart|kidney|large_intestine|liver|lung|midbrain,13,2,2,65.05882352941177,70.0,74,48,1106,0,1,40,0
121642,8,8,8,blood|colon|gastrointestinal_tract|heart|kidney|large_intestine|liver|lung,5,2,1,1.5,1.5,2,1,12,1,1,32,0
123169,21,21,21,adrenal_cortex|adrenal_gland|amygdala|aorta|artery|basal_ganglion|blood|blood_plasma|blood_platelet|bone|brain|colon|eye|forebrain|gastrointestinal_tract|heart|kidney|large_intestine|liver|lung|midbrain,17,2,2,19.428571428571427,18.0,25,12,408,0,1,73,0
123803,21,21,21,adrenal_cortex|adrenal_gland|amygdala|aorta|artery|astrocyte|basal_ganglion|blood|blood_plasma|blood_platelet|brain|colon|eye|forebrain|gastrointestinal_tract|heart|kidney|large_intestine|liver|lung|midbrain,17,2,2,1.0952380952380953,1.0,2,1,23,1,1,0,1
123879,22,22,22,adipose_tissue|adrenal_cortex|adrenal_gland|amygdala|artery|astrocyte|basal_ganglion|blood|blood_plasma|blood_platelet|bone|brain|colon|eye|forebrain|gastrointestinal_tract|heart|kidney|large_intestine|liver|lung|midbrain,18,2,2,6.363636363636363,7.0,8,3,140,1,1,14,0
124220,1,1,1,eye,1,0,0,5.0,5.0,5,5,5,1,1,11,0
124583,22,22,22,adipose_tissue|adrenal_gland|amygdala|aorta|artery|astrocyte|basal_ganglion|blood|blood_plasma|blood_platelet|bone|brain|colon|eye|forebrain|gastrointestinal_tract|heart|kidney|large_intestine|liver|lung|midbrain,18,2,2,3.772727272727273,4.0,6,3,83,1,1,28,0
124590,2,2,2,eye|gastrointestinal_tract,2,0,0,5.5,5.5,6,5,11,1,1,12,0
124641,17,17,17,adipose_tissue|adrenal_cortex|adrenal_gland|blood|blood_plasma|blood_platelet|bone|brain|colon|eye|forebrain|gastrointestinal_tract|heart|kidney|large_intestine|liver|lung,14,2,1,2.9411764705882355,3.0,3,2,50,1,1,7,0
125111,10,10,10,adrenal_gland|brain|colon|forebrain|gastrointestinal_tract|heart|kidney|large_intestine|liver|lung,7,2,1,1.0,1.0,1,1,10,0,1,11,0
126119,10,10,10,blood|brain|colon|eye|gastrointestinal_tract|heart|kidney|large_intestine|liver|lung,7,2,1,1.5,1.0,3,1,15,1,1,15,0
126374,1,1,1,kidney,0,1,0,8.0,8.0,8,8,8,1,1,46,0
127281,18,18,18,adipose_tissue|adrenal_gland|astrocyte|basal_ganglion|basophil|blood|blood_plasma|bone|brain|colon|eye|forebrain|gastrointestinal_tract|heart|kidney|large_intestine|liver|lung,15,2,1,1.8888888888888888,2.0,3,1,34,1,1,25,0
127933,18,18,18,adipose_tissue|adrenal_cortex|adrenal_gland|basal_ganglion|blood|blood_plasma|blood_platelet|bone|brain|colon|eye|forebrain|gastrointestinal_tract|heart|kidney|large_intestine|liver|lung,15,2,1,2.5,2.0,4,2,45,1,1,62,0
128239,24,24,24,adipose_tissue|adrenal_cortex|adrenal_gland|amygdala|aorta|artery|astrocyte|basal_ganglion|basophil|blood|blood_plasma|blood_platelet|bone|brain|colon|eye|forebrain|gastrointestinal_tract|heart|kidney|large_intestine|liver|lung|midbrain,20,2,2,7.958333333333333,8.0,12,4,191,1,1,0,1
128869,21,21,21,adipose_tissue|adrenal_cortex|adrenal_gland|amygdala|aorta|artery|astrocyte|basal_ganglion|blood|blood_plasma|brain|colon|eye|forebrain|gastrointestinal_tract|heart|kidney|large_intestine|liver|lung|midbrain,17,2,2,2.6666666666666665,2.0,5,1,56,0,1,34,0
129138,11,11,11,blood|blood_plasma|blood_platelet|brain|colon|gastrointestinal_tract|heart|kidney|large_intestine|liver|lung,8,2,1,1.4545454545454546,1.0,3,1,16,1,1,22,0
129685,3,3,3,adrenal_cortex|adrenal_gland|brain,3,0,0,14.666666666666666,14.0,18,12,44,1,1,53,0
130399,11,11,11,amygdala|basal_ganglion|brain|colon|forebrain|gastrointestinal_tract|heart|kidney|large_intestine|liver|midbrain,8,2,1,3.272727272727273,3.0,5,3,36,2,1,39,0
130497,3,3,3,colon|gastrointestinal_tract|large_intestine,3,0,0,4.0,4.0,4,4,12,4,1,51,0
130507,20,20,20,adrenal_gland|amygdala|aorta|artery|basal_ganglion|blood|blood_plasma|blood_platelet|bone|brain|colon|eye|forebrain|gastrointestinal_tract|heart|kidney|large_intestine|liver|lung|midbrain,16,2,2,3.4,3.0,5,3,68,2,1,15,0
130557,19,19,19,adrenal_cortex|adrenal_gland|amygdala|basal_ganglion|blood|blood_plasma|blood_platelet|bone|brain|colon|eye|forebrain|gastrointestinal_tract|heart|kidney|large_intestine|liver|lung|midbrain,15,2,2,3.210526315789474,3.0,4,3,61,0,1,15,0
131177,2,2,2,gastrointestinal_tract|heart,1,1,0,1.0,1.0,1,1,2,1,1,10,0
131890,2,2,2,eye|heart,1,1,0,5.0,5.0,5,5,10,0,1,16,0
133396,9,9,9,blood|brain|colon|gastrointestinal_tract|heart|kidney|large_intestine|liver|lung,6,2,1,1.0,1.0,1,1,9,0,1,27,0
133746,22,22,22,adipose_tissue|adrenal_cortex|adrenal_gland|amygdala|aorta|artery|astrocyte|basal_ganglion|blood|blood_plasma|blood_platelet|brain|colon|eye|forebrain|gastrointestinal_tract|heart|kidney|large_intestine|liver|lung|midbrain,18,2,2,5.090909090909091,5.0,6,4,112,0,1,51,0
134549,17,17,17,adipose_tissue|adrenal_gland|amygdala|basal_ganglion|blood|blood_plasma|blood_platelet|brain|colon|forebrain|gastrointestinal_tract|heart|kidney|large_intestine|liver|lung|midbrain,13,2,2,1.8235294117647058,2.0,3,1,31,1,1,12,0
137964,1,1,1,blood,1,0,0,2.0,2.0,2,2,2,0,1,30,0
138429,2,2,2,brain|forebrain,2,0,0,2.0,2.0,3,1,4,1,1,4,0
139716,1,1,1,blood,1,0,0,7.0,7.0,7,7,7,0,1,0,1
139818,1,1,1,blood,1,0,0,2.0,2.0,2,2,2,1,1,0,1
140576,21,21,21,adipose_tissue|adrenal_cortex|adrenal_gland|amygdala|aorta|artery|basal_ganglion|blood|blood_plasma|blood_platelet|brain|colon|eye|forebrain|gastrointestinal_tract|heart|kidney|large_intestine|liver|lung|midbrain,17,2,2,7.761904761904762,7.0,11,5,163,2,1,27,0
140825,11,11,11,blood|blood_plasma|blood_platelet|bone|brain|eye|gastrointestinal_tract|heart|kidney|liver|lung,8,2,1,2.0,2.0,2,2,22,1,1,0,1
140885,23,23,23,adipose_tissue|adrenal_gland|amygdala|aorta|artery|astrocyte|basal_ganglion|basophil|blood|blood_plasma|blood_platelet|bone|brain|colon|eye|forebrain|gastrointestinal_tract|heart|kidney|large_intestine|liver|lung|midbrain,19,2,2,5.478260869565218,5.0,8,3,126,2,1,8,0
142678,22,22,22,adipose_tissue|adrenal_gland|amygdala|aorta|artery|astrocyte|basal_ganglion|blood|blood_plasma|blood_platelet|bone|brain|colon|eye|forebrain|gastrointestinal_tract|heart|kidney|large_intestine|liver|lung|midbrain,18,2,2,10.727272727272727,11.0,12,9,236,1,1,14,0
142679,3,3,3,heart|liver|lung,1,1,1,5.333333333333333,5.0,6,5,16,0,1,30,0
142680,1,1,1,kidney,0,1,0,2.0,2.0,2,2,2,1,1,16,0
143098,1,1,1,brain,1,0,0,8.0,8.0,8,8,8,0,1,21,0
143187,12,12,12,amygdala|basal_ganglion|blood|blood_plasma|blood_platelet|brain|forebrain|heart|kidney|liver|lung|midbrain,8,2,2,3.8333333333333335,4.0,4,3,46,0,1,28,0
143570,3,3,3,blood|bone|liver,3,0,0,1.0,1.0,1,1,3,1,1,11,0
144165,5,5,5,brain|heart|kidney|liver|lung,2,2,1,6.0,6.0,6,6,30,4,1,59,0
144717,15,15,15,amygdala|basal_ganglion|blood|blood_plasma|blood_platelet|brain|colon|forebrain|gastrointestinal_tract|heart|kidney|large_intestine|liver|lung|midbrain,11,2,2,3.933333333333333,4.0,4,3,59,1,1,27,0
145226,4,4,4,brain|eye|gastrointestinal_tract|kidney,3,1,0,6.0,6.0,7,5,24,0,1,15,0
145482,17,17,17,adipose_tissue|adrenal_gland|astrocyte|basal_ganglion|blood|blood_plasma|bone|brain|colon|eye|forebrain|gastrointestinal_tract|heart|kidney|large_intestine|liver|lung,14,2,1,3.0588235294117645,3.0,4,2,52,0,1,19,0
147372,9,9,9,amygdala|basal_ganglion|brain|forebrain|heart|kidney|liver|lung|midbrain,5,2,2,1.3333333333333333,1.0,2,1,12,0,1,31,0
147495,8,8,8,blood|colon|gastrointestinal_tract|heart|kidney|large_intestine|liver|lung,5,2,1,4.125,4.0,5,4,33,0,1,19,0
147912,21,21,21,adrenal_cortex|adrenal_gland|amygdala|aorta|artery|basal_ganglion|blood|blood_plasma|blood_platelet|bone|brain|colon|eye|forebrain|gastrointestinal_tract|heart|kidney|large_intestine|liver|lung|midbrain,17,2,2,4.666666666666667,5.0,5,4,98,3,1,13,0
148022,24,24,24,adipose_tissue|adrenal_cortex|adrenal_gland|amygdala|aorta|artery|astrocyte|basal_ganglion|basophil|blood|blood_plasma|blood_platelet|bone|brain|colon|eye|forebrain|gastrointestinal_tract|heart|kidney|large_intestine|liver|lung|midbrain,20,2,2,25.375,25.5,33,13,609,2,1,20,0
148281,21,21,21,adipose_tissue|adrenal_gland|amygdala|aorta|artery|basal_ganglion|basophil|blood|blood_plasma|blood_platelet|brain|colon|eye|forebrain|gastrointestinal_tract|heart|kidney|large_intestine|liver|lung|midbrain,17,2,2,10.523809523809524,11.0,12,6,221,1,1,21,0
149041,20,20,20,adipose_tissue|amygdala|artery|basal_ganglion|basophil|blood|blood_plasma|blood_platelet|bone|brain|colon|eye|forebrain|gastrointestinal_tract|heart|kidney|large_intestine|liver|lung|midbrain,16,2,2,9.95,11.0,13,2,199,0,1,71,0
149233,1,1,1,blood,1,0,0,2.0,2.0,2,2,2,0,1,18,0
149428,22,22,22,adipose_tissue|adrenal_cortex|adrenal_gland|amygdala|aorta|artery|astrocyte|basal_ganglion|blood|blood_plasma|blood_platelet|brain|colon|eye|forebrain|gastrointestinal_tract|heart|kidney|large_intestine|liver|lung|midbrain,18,2,2,11.0,11.0,12,9,242,1,1,18,0
149951,13,13,13,adipose_tissue|blood|blood_plasma|bone|brain|colon|eye|gastrointestinal_tract|heart|kidney|large_intestine|liver|lung,10,2,1,5.6923076923076925,6.0,6,4,74,0,1,41,0
150094,23,23,23,adipose_tissue|adrenal_cortex|adrenal_gland|amygdala|aorta|artery|astrocyte|basal_ganglion|blood|blood_plasma|blood_platelet|bone|brain|colon|eye|forebrain|gastrointestinal_tract|heart|kidney|large_intestine|liver|lung|midbrain,19,2,2,9.391304347826088,9.0,13,7,216,4,1,63,0
150209,9,9,9,blood|brain|colon|gastrointestinal_tract|heart|kidney|large_intestine|liver|lung,6,2,1,3.0,3.0,3,3,27,1,1,15,0
150465,17,17,17,adipose_tissue|adrenal_cortex|adrenal_gland|amygdala|artery|basal_ganglion|blood|blood_plasma|brain|eye|forebrain|gastrointestinal_tract|heart|kidney|liver|lung|midbrain,13,2,2,1.3529411764705883,1.0,2,1,23,0,1,0,1
150684,20,20,20,adrenal_gland|amygdala|aorta|artery|basal_ganglion|blood|blood_plasma|blood_platelet|bone|brain|colon|eye|forebrain|gastrointestinal_tract|heart|kidney|large_intestine|liver|lung|midbrain,16,2,2,28.6,28.0,33,23,572,0,1,64,0
151636,21,21,21,adrenal_cortex|adrenal_gland|amygdala|aorta|artery|basal_ganglion|blood|blood_plasma|blood_platelet|bone|brain|colon|eye|forebrain|gastrointestinal_tract|heart|kidney|large_intestine|liver|lung|midbrain,17,2,2,21.714285714285715,23.0,27,7,456,1,1,45,0
151648,13,13,13,amygdala|basal_ganglion|blood|brain|colon|forebrain|gastrointestinal_tract|heart|kidney|large_intestine|liver|lung|midbrain,9,2,2,18.923076923076923,20.0,22,15,246,0,1,24,0
151742,9,9,9,blood|brain|colon|gastrointestinal_tract|heart|kidney|large_intestine|liver|lung,6,2,1,1.0,1.0,1,1,9,0,1,8,0
151887,1,1,1,heart,0,1,0,1.0,1.0,1,1,1,1,1,0,1
151987,13,13,13,amygdala|basal_ganglion|blood|brain|colon|forebrain|gastrointestinal_tract|heart|kidney|large_intestine|liver|lung|midbrain,9,2,2,11.76923076923077,12.0,13,8,153,1,1,28,0
153090,24,24,24,adipose_tissue|adrenal_cortex|adrenal_gland|amygdala|aorta|artery|astrocyte|basal_ganglion|basophil|blood|blood_plasma|blood_platelet|bone|brain|colon|eye|forebrain|gastrointestinal_tract|heart|kidney|large_intestine|liver|lung|midbrain,20,2,2,18.291666666666668,19.0,21,10,439,0,1,94,0
153572,2,2,2,kidney|lung,0,1,1,2.0,2.0,2,2,4,0,1,0,1
154796,6,6,6,blood|brain|heart|kidney|liver|lung,3,2,1,55.5,55.0,60,51,333,0,1,25,0
157506,6,6,6,eye|gastrointestinal_tract|heart|kidney|liver|lung,3,2,1,2.5,2.5,3,2,15,1,1,22,0
157570,1,1,1,gastrointestinal_tract,1,0,0,14.0,14.0,14,14,14,0,1,38,0
159296,1,1,1,gastrointestinal_tract,1,0,0,1.0,1.0,1,1,1,0,1,0,1
160851,9,9,9,blood|brain|colon|gastrointestinal_tract|heart|kidney|large_intestine|liver|lung,6,2,1,10.555555555555555,10.0,12,10,95,1,1,26,0
161582,9,9,9,blood|brain|colon|gastrointestinal_tract|heart|kidney|large_intestine|liver|lung,6,2,1,5.0,5.0,5,5,45,0,1,36,0
161882,17,17,17,adrenal_cortex|adrenal_gland|amygdala|basal_ganglion|blood|blood_plasma|blood_platelet|brain|colon|forebrain|gastrointestinal_tract|heart|kidney|large_intestine|liver|lung|midbrain,13,2,2,5.0,5.0,6,4,85,1,1,56,0
162989,22,22,22,adipose_tissue|adrenal_cortex|adrenal_gland|amygdala|aorta|artery|astrocyte|basal_ganglion|blood|blood_plasma|blood_platelet|brain|colon|eye|forebrain|gastrointestinal_tract|heart|kidney|large_intestine|liver|lung|midbrain,18,2,2,5.954545454545454,6.0,8,4,131,1,1,28,0
163126,22,22,22,adrenal_gland|amygdala|aorta|artery|astrocyte|basal_ganglion|basophil|blood|blood_plasma|blood_platelet|bone|brain|colon|eye|forebrain|gastrointestinal_tract|heart|kidney|large_intestine|liver|lung|midbrain,18,2,2,6.590909090909091,7.0,7,3,145,1,1,42,0
163702,20,20,20,adipose_tissue|amygdala|aorta|artery|astrocyte|basal_ganglion|blood|blood_plasma|blood_platelet|brain|colon|eye|forebrain|gastrointestinal_tract|heart|kidney|large_intestine|liver|lung|midbrain,16,2,2,2.05,2.0,3,2,41,2,1,12,0
164656,1,1,1,liver,1,0,0,2.0,2.0,2,2,2,1,1,55,0
165140,22,22,22,adipose_tissue|adrenal_cortex|adrenal_gland|amygdala|aorta|artery|basal_ganglion|blood|blood_plasma|blood_platelet|bone|brain|colon|eye|forebrain|gastrointestinal_tract|heart|kidney|large_intestine|liver|lung|midbrain,18,2,2,5.590909090909091,5.5,10,1,123,0,1,11,0
165918,21,21,21,adrenal_cortex|adrenal_gland|amygdala|aorta|artery|basal_ganglion|blood|blood_plasma|blood_platelet|bone|brain|colon|eye|forebrain|gastrointestinal_tract|heart|kidney|large_intestine|liver|lung|midbrain,17,2,2,16.666666666666668,17.0,19,8,350,0,1,79,0
166012,6,6,6,brain|forebrain|gastrointestinal_tract|kidney|large_intestine|liver,5,1,0,4.5,4.5,5,4,27,0,1,13,0
166929,9,9,9,amygdala|basal_ganglion|blood|brain|forebrain|heart|kidney|liver|lung,6,2,1,1.6666666666666667,1.0,3,1,15,0,1,25,0
167153,9,9,9,blood|brain|colon|gastrointestinal_tract|heart|kidney|large_intestine|liver|lung,6,2,1,3.7777777777777777,4.0,5,3,34,1,1,14,0
168667,12,12,12,amygdala|basal_ganglion|brain|colon|forebrain|gastrointestinal_tract|heart|kidney|large_intestine|liver|lung|midbrain,8,2,2,1.25,1.0,2,1,15,0,1,28,0
170302,3,3,3,brain|heart|liver,2,1,0,6.0,6.0,6,6,18,1,1,1,0
171392,1,1,1,heart,0,1,0,1.0,1.0,1,1,1,0,1,44,0
192669,9,9,9,blood|brain|colon|gastrointestinal_tract|heart|kidney|large_intestine|liver|lung,6,2,1,27.333333333333332,27.0,29,25,246,1,1,51,0
192670,9,9,9,blood|brain|colon|gastrointestinal_tract|heart|kidney|large_intestine|liver|lung,6,2,1,31.555555555555557,31.0,36,29,284,0,1,50,0
192683,1,1,1,brain,1,0,0,5.0,5.0,5,5,5,2,1,24,0
195814,6,6,6,brain|colon|gastrointestinal_tract|heart|large_intestine|lung,4,1,1,1.8333333333333333,2.0,3,1,11,0,1,21,0
196403,17,17,17,adrenal_gland|amygdala|aorta|artery|basal_ganglion|blood|brain|colon|eye|forebrain|gastrointestinal_tract|heart|kidney|large_intestine|liver|lung|midbrain,13,2,2,31.529411764705884,32.0,34,28,536,1,1,0,1
197131,21,21,21,adrenal_gland|amygdala|aorta|artery|astrocyte|basal_ganglion|blood|blood_plasma|blood_platelet|bone|brain|colon|eye|forebrain|gastrointestinal_tract|heart|kidney|large_intestine|liver|lung|midbrain,17,2,2,26.19047619047619,27.0,32,17,550,2,1,16,0
197358,6,6,6,blood|brain|heart|kidney|liver|lung,3,2,1,1.3333333333333333,1.0,2,1,8,1,1,38,0
200316,5,5,5,blood|heart|kidney|liver|lung,2,2,1,6.2,6.0,7,6,31,1,1,51,0
200576,12,12,12,amygdala|basal_ganglion|blood|blood_plasma|blood_platelet|brain|forebrain|heart|kidney|liver|lung|midbrain,8,2,2,4.833333333333333,5.0,6,4,58,1,1,23,0
200894,17,17,17,adipose_tissue|adrenal_gland|amygdala|basal_ganglion|blood|bone|brain|colon|eye|forebrain|gastrointestinal_tract|heart|kidney|large_intestine|liver|lung|midbrain,13,2,2,3.5294117647058822,4.0,4,2,60,0,1,20,0
200958,2,2,2,kidney|liver,1,1,0,3.5,3.5,4,3,7,0,1,9,0
201161,18,18,18,adrenal_cortex|adrenal_gland|amygdala|basal_ganglion|blood|blood_plasma|blood_platelet|bone|brain|colon|forebrain|gastrointestinal_tract|heart|kidney|large_intestine|liver|lung|midbrain,14,2,2,4.888888888888889,4.5,8,2,88,0,1,31,0
201294,11,11,11,blood|blood_plasma|blood_platelet|brain|colon|gastrointestinal_tract|heart|kidney|large_intestine|liver|lung,8,2,1,5.0,5.0,5,5,55,1,1,20,0
201595,16,16,16,adrenal_gland|amygdala|basal_ganglion|blood|blood_plasma|brain|colon|eye|forebrain|gastrointestinal_tract|heart|kidney|large_intestine|liver|lung|midbrain,12,2,2,9.5,9.0,13,7,152,2,1,36,0
203068,15,15,15,adrenal_gland|amygdala|basal_ganglion|blood|bone|brain|colon|forebrain|gastrointestinal_tract|heart|kidney|large_intestine|liver|lung|midbrain,11,2,2,156.2,161.0,178,116,2343,1,1,25,0
203245,14,14,14,amygdala|basal_ganglion|blood|brain|colon|eye|forebrain|gastrointestinal_tract|heart|kidney|large_intestine|liver|lung|midbrain,10,2,2,3.2857142857142856,3.0,5,1,46,0,1,29,0
204851,23,23,23,adipose_tissue|adrenal_cortex|adrenal_gland|amygdala|aorta|artery|astrocyte|basal_ganglion|blood|blood_plasma|blood_platelet|bone|brain|colon|eye|forebrain|gastrointestinal_tract|heart|kidney|large_intestine|liver|lung|midbrain,19,2,2,8.956521739130435,10.0,12,5,206,1,1,26,0
219333,10,10,10,blood|brain|colon|eye|gastrointestinal_tract|heart|kidney|large_intestine|liver|lung,7,2,1,8.1,8.0,9,7,81,1,1,15,0
219771,21,21,21,adipose_tissue|adrenal_cortex|adrenal_gland|amygdala|artery|astrocyte|basal_ganglion|blood|blood_plasma|bone|brain|colon|eye|forebrain|gastrointestinal_tract|heart|kidney|large_intestine|liver|lung|midbrain,17,2,2,7.095238095238095,8.0,10,1,149,1,1,43,0
219988,9,9,9,blood|brain|colon|gastrointestinal_tract|heart|kidney|large_intestine|liver|lung,6,2,1,10.11111111111111,10.0,12,9,91,1,1,33,0
220972,21,21,21,adrenal_gland|amygdala|aorta|artery|basal_ganglion|basophil|blood|blood_plasma|blood_platelet|bone|brain|colon|eye|forebrain|gastrointestinal_tract|heart|kidney|large_intestine|liver|lung|midbrain,17,2,2,4.571428571428571,4.0,7,1,96,0,1,24,0
221178,3,3,3,blood|bone|liver,3,0,0,1.0,1.0,1,1,3,0,1,21,0
222068,21,21,21,adipose_tissue|adrenal_gland|amygdala|aorta|artery|basal_ganglion|blood|blood_plasma|blood_platelet|bone|brain|colon|eye|forebrain|gastrointestinal_tract|heart|kidney|large_intestine|liver|lung|midbrain,17,2,2,4.809523809523809,5.0,7,2,101,0,1,20,0
222229,20,20,20,adipose_tissue|adrenal_cortex|adrenal_gland|amygdala|artery|astrocyte|basal_ganglion|blood|bone|brain|colon|eye|forebrain|gastrointestinal_tract|heart|kidney|large_intestine|liver|lung|midbrain,16,2,2,12.55,12.0,17,5,251,0,1,28,0
222484,21,21,21,adipose_tissue|adrenal_gland|amygdala|aorta|artery|basal_ganglion|blood|blood_plasma|blood_platelet|bone|brain|colon|eye|forebrain|gastrointestinal_tract|heart|kidney|large_intestine|liver|lung|midbrain,17,2,2,16.523809523809526,16.0,24,10,347,1,1,0,1
222663,7,7,7,adrenal_gland|artery|blood|bone|brain|heart|kidney,5,2,0,2.4285714285714284,2.0,3,2,17,3,1,7,0
225689,8,8,8,brain|colon|gastrointestinal_tract|heart|kidney|large_intestine|liver|lung,5,2,1,11.625,11.0,13,11,93,1,1,42,0
245711,3,3,3,brain|heart|liver,2,1,0,4.0,4.0,4,4,12,0,1,24,0
246184,19,19,19,adrenal_gland|amygdala|aorta|artery|basal_ganglion|blood|blood_plasma|bone|brain|colon|eye|forebrain|gastrointestinal_tract|heart|kidney|large_intestine|liver|lung|midbrain,15,2,2,17.31578947368421,17.0,20,15,329,1,1,21,0
246243,10,10,10,blood|brain|colon|forebrain|gastrointestinal_tract|heart|kidney|large_intestine|liver|lung,7,2,1,2.4,2.0,3,2,24,0,1,2,0
246778,1,1,1,blood,1,0,0,1.0,1.0,1,1,1,2,1,28,0
252983,20,20,20,adrenal_cortex|adrenal_gland|amygdala|aorta|artery|basal_ganglion|blood|blood_plasma|blood_platelet|bone|brain|colon|eye|forebrain|gastrointestinal_tract|heart|kidney|large_intestine|liver|lung,17,2,1,3.25,4.0,4,1,65,0,1,33,0
253260,9,9,9,amygdala|basal_ganglion|brain|forebrain|heart|kidney|liver|lung|midbrain,5,2,2,37.22222222222222,39.0,41,34,335,0,1,37,0
253725,12,12,12,amygdala|basal_ganglion|blood|blood_plasma|blood_platelet|brain|forebrain|heart|kidney|liver|lung|midbrain,8,2,2,3.0,3.0,3,3,36,0,1,39,0
253980,22,22,22,adipose_tissue|adrenal_gland|amygdala|aorta|artery|astrocyte|basal_ganglion|blood|blood_plasma|blood_platelet|bone|brain|colon|eye|forebrain|gastrointestinal_tract|heart|kidney|large_intestine|liver|lung|midbrain,18,2,2,8.909090909090908,8.0,13,5,196,1,1,44,0
255488,21,21,21,adipose_tissue|adrenal_gland|amygdala|aorta|artery|basal_ganglion|blood|blood_plasma|blood_platelet|bone|brain|colon|eye|forebrain|gastrointestinal_tract|heart|kidney|large_intestine|liver|lung|midbrain,17,2,2,8.285714285714286,8.0,14,4,174,1,1,24,0
255738,1,1,1,liver,1,0,0,14.0,14.0,14,14,14,0,1,74,0
255743,1,1,1,kidney,0,1,0,1.0,1.0,1,1,1,0,1,44,0
259173,8,8,8,brain|colon|gastrointestinal_tract|heart|kidney|large_intestine|liver|lung,5,2,1,3.0,3.0,3,3,24,1,1,5,0
259197,5,5,5,blood|brain|gastrointestinal_tract|large_intestine|liver,5,0,0,4.2,4.0,5,4,21,1,1,6,0
259230,13,13,13,amygdala|basal_ganglion|blood|brain|colon|forebrain|gastrointestinal_tract|heart|kidney|large_intestine|liver|lung|midbrain,9,2,2,2.0,2.0,2,2,26,3,1,22,0
261726,14,14,14,amygdala|basal_ganglion|blood|bone|brain|colon|forebrain|gastrointestinal_tract|heart|kidney|large_intestine|liver|lung|midbrain,10,2,2,17.857142857142858,18.5,19,12,250,3,1,31,0
266727,3,3,3,brain|heart|kidney,1,2,0,1.0,1.0,1,1,3,2,1,18,0
282618,1,1,1,blood,1,0,0,1.0,1.0,1,1,1,1,1,56,0
283149,22,22,22,adrenal_gland|amygdala|aorta|artery|astrocyte|basal_ganglion|basophil|blood|blood_plasma|blood_platelet|bone|brain|colon|eye|forebrain|gastrointestinal_tract|heart|kidney|large_intestine|liver|lung|midbrain,18,2,2,3.772727272727273,4.0,4,2,83,4,1,57,0
283489,20,20,20,adrenal_cortex|adrenal_gland|amygdala|aorta|artery|basal_ganglion|blood|blood_plasma|bone|brain|colon|eye|forebrain|gastrointestinal_tract|heart|kidney|large_intestine|liver|lung|midbrain,16,2,2,10.0,10.0,12,6,200,0,1,21,0
283989,15,15,15,adrenal_gland|amygdala|aorta|artery|basal_ganglion|blood|brain|colon|forebrain|gastrointestinal_tract|heart|kidney|large_intestine|liver|lung,12,2,1,7.0,8.0,9,4,105,4,1,11,0
284110,20,20,20,adrenal_cortex|adrenal_gland|amygdala|aorta|artery|basal_ganglion|blood|blood_plasma|blood_platelet|brain|colon|eye|forebrain|gastrointestinal_tract|heart|kidney|large_intestine|liver|lung|midbrain,16,2,2,2.65,3.0,4,1,53,1,1,8,0
284217,22,22,22,adipose_tissue|adrenal_cortex|adrenal_gland|amygdala|aorta|artery|basal_ganglion|blood|blood_plasma|blood_platelet|bone|brain|colon|eye|forebrain|gastrointestinal_tract|heart|kidney|large_intestine|liver|lung|midbrain,18,2,2,15.5,15.5,23,7,341,1,1,10,0
285381,20,20,20,adipose_tissue|adrenal_cortex|adrenal_gland|aorta|artery|basal_ganglion|blood|blood_plasma|blood_platelet|brain|colon|eye|forebrain|gastrointestinal_tract|heart|kidney|large_intestine|liver|lung|midbrain,16,2,2,1.6,1.0,3,1,32,0,1,36,0
285440,5,5,5,adipose_tissue|blood|gastrointestinal_tract|kidney|liver,4,1,0,1.2,1.0,2,1,6,0,1,9,0
285464,15,15,15,adipose_tissue|basal_ganglion|blood|blood_plasma|bone|brain|colon|eye|forebrain|gastrointestinal_tract|heart|kidney|large_intestine|liver|lung,12,2,1,4.733333333333333,4.0,7,4,71,0,1,36,0
285590,9,9,9,amygdala|basal_ganglion|brain|forebrain|heart|kidney|liver|lung|midbrain,5,2,2,8.0,8.0,8,8,72,0,1,29,0
285671,1,1,1,brain,1,0,0,1.0,1.0,1,1,1,0,1,0,1
340061,23,23,23,adipose_tissue|adrenal_gland|amygdala|aorta|artery|astrocyte|basal_ganglion|basophil|blood|blood_plasma|blood_platelet|bone|brain|colon|eye|forebrain|gastrointestinal_tract|heart|kidney|large_intestine|liver|lung|midbrain,19,2,2,15.608695652173912,16.0,21,8,359,1,1,55,0
340205,3,3,3,blood|blood_plasma|blood_platelet,3,0,0,3.3333333333333335,3.0,4,3,10,2,1,0,1
347734,22,22,22,adipose_tissue|adrenal_gland|amygdala|aorta|artery|astrocyte|basal_ganglion|blood|blood_plasma|blood_platelet|bone|brain|colon|eye|forebrain|gastrointestinal_tract|heart|kidney|large_intestine|liver|lung|midbrain,18,2,2,3.5,4.0,5,1,77,0,1,27,0
348980,6,6,6,amygdala|basal_ganglion|brain|forebrain|heart|midbrain,4,1,1,3.0,3.0,3,3,18,1,1,23,0
349565,2,2,2,kidney|lung,0,1,1,3.0,3.0,3,3,6,0,1,11,0
353116,18,18,18,adipose_tissue|adrenal_cortex|adrenal_gland|amygdala|basal_ganglion|blood|blood_plasma|brain|colon|eye|forebrain|gastrointestinal_tract|heart|kidney|large_intestine|liver|lung|midbrain,14,2,2,1.4444444444444444,1.0,2,1,26,2,1,31,0
353174,21,21,21,adipose_tissue|adrenal_cortex|adrenal_gland|amygdala|aorta|artery|basal_ganglion|blood|blood_plasma|blood_platelet|brain|colon|eye|forebrain|gastrointestinal_tract|heart|kidney|large_intestine|liver|lung|midbrain,17,2,2,10.142857142857142,10.0,16,4,213,1,1,16,0
353376,22,22,22,adipose_tissue|adrenal_gland|amygdala|aorta|artery|astrocyte|basal_ganglion|blood|blood_plasma|blood_platelet|bone|brain|colon|eye|forebrain|gastrointestinal_tract|heart|kidney|large_intestine|liver|lung|midbrain,18,2,2,12.045454545454545,11.0,17,10,265,0,1,17,0
374291,16,16,16,adrenal_gland|amygdala|basal_ganglion|blood|blood_plasma|brain|colon|eye|forebrain|gastrointestinal_tract|heart|kidney|large_intestine|liver|lung|midbrain,12,2,2,22.0625,22.0,25,17,353,1,1,14,0
375033,9,9,9,blood|blood_plasma|blood_platelet|bone|brain|forebrain|heart|kidney|lung,6,2,1,2.111111111111111,2.0,3,2,19,0,1,0,1
375056,23,23,23,adipose_tissue|adrenal_gland|amygdala|aorta|artery|astrocyte|basal_ganglion|basophil|blood|blood_plasma|blood_platelet|bone|brain|colon|eye|forebrain|gastrointestinal_tract|heart|kidney|large_intestine|liver|lung|midbrain,19,2,2,7.782608695652174,9.0,11,2,179,1,1,35,0
375790,23,23,23,adipose_tissue|adrenal_cortex|adrenal_gland|amygdala|aorta|artery|astrocyte|basal_ganglion|blood|blood_plasma|blood_platelet|bone|brain|colon|eye|forebrain|gastrointestinal_tract|heart|kidney|large_intestine|liver|lung|midbrain,19,2,2,5.0,5.0,8,1,115,0,1,58,0
377630,8,8,8,blood|brain|colon|gastrointestinal_tract|heart|kidney|large_intestine|liver,6,2,0,4.0,4.0,4,4,32,1,1,57,0
378884,7,7,7,basal_ganglion|brain|forebrain|heart|kidney|liver|lung,4,2,1,11.714285714285714,12.0,12,11,82,0,1,24,0
387893,19,19,19,adrenal_cortex|adrenal_gland|amygdala|basal_ganglion|blood|blood_plasma|blood_platelet|bone|brain|colon|eye|forebrain|gastrointestinal_tract|heart|kidney|large_intestine|liver|lung|midbrain,15,2,2,33.68421052631579,35.0,40,13,640,6,1,52,0
400961,1,1,1,brain,1,0,0,2.0,2.0,2,2,2,0,1,26,0
440275,1,1,1,brain,1,0,0,9.0,9.0,9,9,9,0,1,84,0
497661,22,22,22,adipose_tissue|adrenal_gland|amygdala|aorta|artery|astrocyte|basal_ganglion|blood|blood_plasma|blood_platelet|bone|brain|colon|eye|forebrain|gastrointestinal_tract|heart|kidney|large_intestine|liver|lung|midbrain,18,2,2,13.863636363636363,14.0,23,4,305,0,1,12,0
541468,23,23,23,adipose_tissue|adrenal_gland|amygdala|aorta|artery|astrocyte|basal_ganglion|basophil|blood|blood_plasma|blood_platelet|bone|brain|colon|eye|forebrain|gastrointestinal_tract|heart|kidney|large_intestine|liver|lung|midbrain,19,2,2,5.6521739130434785,6.0,8,1,130,0,1,16,0
553115,21,21,21,adipose_tissue|adrenal_cortex|adrenal_gland|amygdala|aorta|artery|basal_ganglion|blood|blood_plasma|blood_platelet|brain|colon|eye|forebrain|gastrointestinal_tract|heart|kidney|large_intestine|liver|lung|midbrain,17,2,2,12.523809523809524,13.0,16,6,263,0,1,18,0
554313,17,17,17,adrenal_cortex|adrenal_gland|amygdala|basal_ganglion|blood|blood_plasma|blood_platelet|brain|colon|forebrain|gastrointestinal_tract|heart|kidney|large_intestine|liver|lung|midbrain,13,2,2,27.058823529411764,28.0,30,19,460,1,1,40,0
641371,9,9,9,adrenal_gland|blood|brain|colon|forebrain|gastrointestinal_tract|kidney|large_intestine|lung,7,1,1,1.2222222222222223,1.0,2,1,11,0,1,15,0
653519,22,22,22,adipose_tissue|adrenal_gland|amygdala|aorta|artery|astrocyte|basal_ganglion|blood|blood_plasma|blood_platelet|bone|brain|colon|eye|forebrain|gastrointestinal_tract|heart|kidney|large_intestine|liver|lung|midbrain,18,2,2,2.3636363636363638,2.0,3,1,52,2,1,23,0
728689,1,1,1,brain,1,0,0,22.0,22.0,22,22,22,1,1,0,1
100137049,21,21,21,adipose_tissue|adrenal_cortex|adrenal_gland|amygdala|aorta|artery|basal_ganglion|blood|blood_plasma|blood_platelet|brain|colon|eye|forebrain|gastrointestinal_tract|heart|kidney|large_intestine|liver|lung|midbrain,17,2,2,1.8571428571428572,1.0,4,1,39,1,1,15,0
100287171,12,12,12,amygdala|basal_ganglion|blood|blood_plasma|blood_platelet|brain|forebrain|heart|kidney|liver|lung|midbrain,8,2,2,3.25,3.0,4,2,39,0,1,33,0
